language,text,count,bpe_unique_signatures,fxt_unique_signatures,fxt_seed_signature_count,has_fxt_seed_variation,most_common_bpe,most_common_fxt,seed_signatures
hi,"1000 पाउंड से ज़्यादा वज़नी और करीब 17,500 मील प्रति घंटा की रफ़्तार से उड़ रहे दोनों सैटेलाइट धरती से 491 मील की ऊँचाई पर टकरा गए.",1,1,5,5,True,"100|0|Ġà¤ª|à¤¾à¤ī|à¤Ĥà¤¡|Ġà¤¸|à¥ĩ|Ġà¤ľ|à¤¼à¥į|à¤¯|à¤¾à¤¦|à¤¾|Ġà¤µà¤ľ|à¤¼à¤¨|à¥Ģ|Ġà¤Ķà¤°|Ġà¤ķà¤°|à¥Ģà¤¬|Ġ|17|,|500|Ġà¤®|à¥Ģà¤²|Ġà¤ª|à¥įà¤°à¤¤|à¤¿|Ġà¤ĺ|à¤Ĥà¤Ł|à¤¾|Ġà¤ķ|à¥Ģ|Ġà¤°à¤«|à¤¼à¥į|à¤¤|à¤¾à¤°|Ġà¤¸|à¥ĩ|Ġà¤īà¤¡|à¤¼|Ġà¤°à¤¹|à¥ĩ|Ġà¤¦|à¥ĭà¤¨|à¥ĭà¤Ĥ|Ġà¤¸|à¥Īà¤Ł|à¥ĩà¤²|à¤¾à¤ĩà¤Ł|Ġà¤§à¤°à¤¤|à¥Ģ|Ġà¤¸|à¥ĩ|Ġ|49|1|Ġà¤®|à¥Ģà¤²|Ġà¤ķ|à¥Ģ|Ġà¤Ĭ|à¤ģà¤ļ|à¤¾à¤Ī|Ġà¤ªà¤°|Ġà¤Łà¤ķà¤°|à¤¾|Ġà¤Ĺà¤ı|.","100|0|पा|ंड|से|ज़्या|ा|वज़न||और|कर|ब|17,500|मील|प्रति||घंटा|की|रफ़्ता||से|उड़|रहे|दोनों|सैट|ला|ट|धरत||से|491|मील|की|ऊँचा||पर|टकरा|गए.","{""42"": ""100|0|पा|ंड|से|ज़्या|ा|वज़न||और|कर|ब|17,500|मील|प्रति||घंटा|की|रफ़्ता||से|उड़|रहे|दोनों|सैट|ला|ट|धरत||से|491|मील|की|ऊँचा||पर|टकरा|गए."", ""43"": ""1000|पा|ंड|से|ज़्या|ा|वज़नी|और|करीब|17,500|मील|प्रति||घंटा|की|रफ़्ता||से|उड़|रहे|दोनों|सैट|ला|ट|धरत||से|491|मील|की|ऊँचा||पर|टकरा|गए."", ""44"": ""1|00|0|पा|ंड|से|ज़्या|ा|वज़न||और|करीब|17,500|मील|प्रति||घंटा|की|रफ़्ता||से|उड़|रहे|दोनों|सैटेला|ट|धरत||से|491|मील|की|ऊँच|ा||पर|टकरा|गए."", ""45"": ""1|000|पा|ंड|से|ज़्या|ा|वज़न||और|करीब|17,500|मील|प्रति||घंटा|की|रफ़्ता||से|उड़|रहे|दोनों|सैट|ला|ट|धरत||से|491|मील|की|ऊँचा||पर|टकरा|गए."", ""46"": ""1000|पा|ंड|से|ज़्या|ा|वज़न||और|करीब|17,500|मील|प्रति||घंटा|की|रफ़्ता||से|उड़|रहे|दोनों|सैटेला|ट|धरती|से|491|मील|की|ऊँचा||पर|टकरा|गए.""}"
hi,"10: 00-11: 00 बजे एमडीटी के बीच, यार्ड में कैदियों द्वारा आग लगा दी गई थी.",1,1,5,5,True,"10|:|Ġ|00|-|11|:|Ġ|00|Ġà¤¬à¤ľ|à¥ĩ|Ġà¤ıà¤®|à¤¡|à¥Ģà¤Ł|à¥Ģ|Ġà¤ķ|à¥ĩ|Ġà¤¬|à¥Ģà¤ļ|,|Ġà¤¯|à¤¾à¤°|à¥įà¤¡|Ġà¤®|à¥ĩà¤Ĥ|Ġà¤ķ|à¥Īà¤¦|à¤¿à¤¯|à¥ĭà¤Ĥ|Ġà¤¦|à¥įà¤µ|à¤¾à¤°|à¤¾|Ġà¤Ĩà¤Ĺ|Ġà¤²à¤Ĺ|à¤¾|Ġà¤¦|à¥Ģ|Ġà¤Ĺà¤Ī|Ġà¤¥|à¥Ģ.","1|0:|00-|11:|00|बजे|एमडीट||के|बीच,|या|्ड|में|कैदियों|द्वा|ा|आग|लगा|दी|गई|थी.","{""42"": ""1|0:|00-|11:|00|बजे|एमडीट||के|बीच,|या|्ड|में|कैदियों|द्वा|ा|आग|लगा|दी|गई|थी."", ""43"": ""10:|00-|11:|00|बजे|एमडीटी|के|बीच,|या|्ड|में|कैदियों|द्वा|ा|आग|लगा|दी|गई|थी."", ""44"": ""10|:|00-|11:|00|बजे|एमडीट||के|बीच,|या|्ड|में|कैदियों|द्वा|ा|आग|लगा|दी|गई|थी."", ""45"": ""1|0|:|00-|11:|00|बजे|एमडीटी|के|बीच,|या|्ड|में|कैदियों|द्वा|ा|आग|लगा|दी|गई|थी."", ""46"": ""10:|00-|11:|00|बजे|एमडीट|||के|बीच,|या|्ड|में|कैदियों|द्वा|ा|आग|लगा|दी|गई|थी.""}"
hi,"11:29 बजे के आस-पास, विरोध करने वाले लोग व्हाइटहॉल की ओर बढ़ गए. इसके बाद, वे किनारे-किनारे चलते हुए ट्राफ़ल्गर स्क्वायर, एल्डविच, किंग्सवे से गुजरते हुए होलबर्न की ओर बढ़ गए, जहाँ कंजरवेटिव पार्टी, ग्रैंड कनॉट रूम होटल में अपने स्प्रिंग फ़ोरम का आयोजन कर रही थी.",1,1,5,5,True,"11|:|29|Ġà¤¬à¤ľ|à¥ĩ|Ġà¤ķ|à¥ĩ|Ġà¤Ĩà¤¸|-à¤ª|à¤¾à¤¸|,|Ġà¤µ|à¤¿à¤°|à¥ĭà¤§|Ġà¤ķà¤°à¤¨|à¥ĩ|Ġà¤µ|à¤¾à¤²|à¥ĩ|Ġà¤²|à¥ĭà¤Ĺ|Ġà¤µ|à¥įà¤¹|à¤¾à¤ĩà¤Ł|à¤¹|à¥īà¤²|Ġà¤ķ|à¥Ģ|Ġà¤ĵà¤°|Ġà¤¬à¤¢|à¤¼|Ġà¤Ĺà¤ı|.|Ġà¤ĩà¤¸à¤ķ|à¥ĩ|Ġà¤¬|à¤¾à¤¦|,|Ġà¤µ|à¥ĩ|Ġà¤ķ|à¤¿à¤¨|à¤¾à¤°|à¥ĩ-|à¤ķ|à¤¿à¤¨|à¤¾à¤°|à¥ĩ|Ġà¤ļà¤²à¤¤|à¥ĩ|Ġà¤¹|à¥ģà¤ı|Ġà¤Ł|à¥įà¤°|à¤¾à¤«|à¤¼à¤²|à¥įà¤Ĺ|à¤°|Ġà¤¸|à¥įà¤ķ|à¥įà¤µ|à¤¾à¤¯à¤°|,|Ġà¤ıà¤²|à¥įà¤¡|à¤µ|à¤¿à¤ļ|,|Ġà¤ķ|à¤¿à¤Ĥ|à¤Ĺ|à¥įà¤¸à¤µ|à¥ĩ|Ġà¤¸|à¥ĩ|Ġà¤Ĺ|à¥ģà¤ľà¤°|à¤¤|à¥ĩ|Ġà¤¹|à¥ģà¤ı|Ġà¤¹|à¥ĭà¤²|à¤¬à¤°|à¥įà¤¨|Ġà¤ķ|à¥Ģ|Ġà¤ĵà¤°|Ġà¤¬à¤¢|à¤¼|Ġà¤Ĺà¤ı|,|Ġà¤ľà¤¹|à¤¾à¤ģ|Ġà¤ķ|à¤Ĥà¤ľ|à¤°à¤µ|à¥ĩà¤Ł|à¤¿à¤µ|Ġà¤ª|à¤¾à¤°|à¥įà¤Ł|à¥Ģ,|Ġà¤Ĺ|à¥įà¤°|à¥Īà¤Ĥ|à¤¡|Ġà¤ķà¤¨|à¥īà¤Ł|Ġà¤°|à¥Ĥà¤®|Ġà¤¹|à¥ĭà¤Łà¤²|Ġà¤®|à¥ĩà¤Ĥ|Ġà¤ħà¤ªà¤¨|à¥ĩ|Ġà¤¸|à¥įà¤ª|à¥įà¤°|à¤¿à¤Ĥ|à¤Ĺ|Ġà¤«|à¤¼à¥ĭ|à¤°|à¤®|Ġà¤ķ|à¤¾|Ġà¤Ĩà¤¯|à¥ĭà¤ľà¤¨|Ġà¤ķà¤°|Ġà¤°à¤¹|à¥Ģ|Ġà¤¥|à¥Ģ.","1|1:2|9|बजे|के|आस-|पा|,|विर|ध|करने|वा|े|लोग|व्हा|टह|ल|की|ओर|बढ़|गए.|इसके|बाद,|वे|किना|े-|किना|े|चलते|हुए|ट्रा|़ल्गर|स्क|वा|र,|एल|डवि|च,|किंग|सव||से|गुजरत||हुए|होलबर|न|की|ओर|बढ़|गए,|जहा||कंजरव|टि|व|पा|्टी,|ग्र|ंड|कनॉट|रूम|होटल|में|अपने|स्प|रिंग|फ़ोरम|का|आयोजन|कर|रही|थी.","{""42"": ""1|1:2|9|बजे|के|आस-|पा|,|विर|ध|करने|वा|े|लोग|व्हा|टह|ल|की|ओर|बढ़|गए.|इसके|बाद,|वे|किना|े-|किना|े|चलते|हुए|ट्रा|़ल्गर|स्क|वा|र,|एल|डवि|च,|किंग|सव||से|गुजरत||हुए|होलबर|न|की|ओर|बढ़|गए,|जहा||कंजरव|टि|व|पा|्टी,|ग्र|ंड|कनॉट|रूम|होटल|में|अपने|स्प|रिंग|फ़ोरम|का|आयोजन|कर|रही|थी."", ""43"": ""11:2|9|बजे|के|आस-|पा|,|विर|ध|करने|वा|े|लोग|व्हा|टह|ल|की|ओर|बढ़|गए.|इसके|बाद,|वे|किना|े-|किना|े|चलत||हुए|ट्रा|़ल|गर|स्क|वा|र,|एल|डवि|च,|किंग|सव||से|गुजरत||हुए|होलबर|न|की|ओर|बढ़|गए,|जहा||कंजरव|टि|व|पा|्टी,|ग्र|ंड|कनॉट|रूम|होटल|में|अपने|स्प|रि|ंग|फ़ो|म|का|आयोजन|कर|रही|थी."", ""44"": ""11:2|9|बजे|के|आस-|पा|,|विर|ध|करने|वा|े|लोग|व्हा|टह|ल|की|ओर|बढ़|गए.|इसके|बाद,|वे|किना|े-|किना|े|चलत||हुए|ट्रा|़ल|गर|स्क|वा|र,|एल्डवि|च,|किंग|सव||से|गुजरत||हुए|होलबर|न|की|ओर|बढ़|गए,|जहा||कंजरव|टि|व|पा|्टी,|ग्र|ंड|कनॉट|रूम|होटल|में|अपने|स्प|रि|ंग|फ़ोरम|का|आयोजन|कर|रही|थी."", ""45"": ""1|1:2|9|बजे|के|आस-|पा|,|विर|ध|करने|वा|े|लोग|व्हा|टह|ल|की|ओर|बढ़|गए.|इसके|बाद,|वे|किना|े-|किना|े|चलत||हुए|ट्रा|़ल|गर|स्क|वा|र,|एल|डवि|च,|किं||सव||से|गुजरते|हुए|होलबर|न|की|ओर|बढ़|गए,|जहा||कंजरव|टि|व|पा|्टी,|ग्र|ंड|कनॉट|रूम|होटल|में|अपने|स्प|रि|ंग|फ़ो|म|का|आयोजन|कर|रही|थी."", ""46"": ""11|:2|9|बजे|के|आस-|पा|,|विर|ध|करने|वा|े|लोग|व्हा|टह|ल|की|ओर|बढ़|गए.|इसके|बाद,|वे|किना|े-|किना|े|चलत||हुए|ट्रा|़ल|गर|स्क|वा|र,|एल्डवि|च,|किंग|सव||से|गुजरत||हुए|होलबर|न|की|ओर|बढ़|गए,|जहा||कंजरव|टि|व|पा|्टी,|ग्र|ंड|कनॉट|रूम|होटल|में|अपने|स्प|रि|ंग|फ़ोरम|का|आयोजन|कर|रही|थी.""}"
hi,"1480 में, जब लॉर्ड हेस्टिंग्स द्वारा इसका निर्माण शुरू किया गया था, तब देश अपेक्षाकृत रूप से शांत था. इसके साथ ही बचाव की ज़रूरत केवल घुमक्कड़ उपद्रवियों के छोटे समूहों के खिलाफ़ होती थी.",1,1,5,5,True,"148|0|Ġà¤®|à¥ĩà¤Ĥ,|Ġà¤ľà¤¬|Ġà¤²|à¥īà¤°|à¥įà¤¡|Ġà¤¹|à¥ĩà¤¸|à¥įà¤Ł|à¤¿à¤Ĥ|à¤Ĺ|à¥įà¤¸|Ġà¤¦|à¥įà¤µ|à¤¾à¤°|à¤¾|Ġà¤ĩà¤¸à¤ķ|à¤¾|Ġà¤¨|à¤¿à¤°|à¥įà¤®|à¤¾à¤£|Ġà¤¶|à¥ģà¤°|à¥Ĥ|Ġà¤ķ|à¤¿à¤¯|à¤¾|Ġà¤Ĺà¤¯|à¤¾|Ġà¤¥|à¤¾,|Ġà¤¤à¤¬|Ġà¤¦|à¥ĩà¤¶|Ġà¤ħà¤ª|à¥ĩà¤ķ|à¥įà¤·|à¤¾à¤ķ|à¥ĥà¤¤|Ġà¤°|à¥Ĥà¤ª|Ġà¤¸|à¥ĩ|Ġà¤¶|à¤¾à¤Ĥ|à¤¤|Ġà¤¥|à¤¾.|Ġà¤ĩà¤¸à¤ķ|à¥ĩ|Ġà¤¸|à¤¾à¤¥|Ġà¤¹|à¥Ģ|Ġà¤¬à¤ļ|à¤¾à¤µ|Ġà¤ķ|à¥Ģ|Ġà¤ľ|à¤¼à¤°|à¥Ĥà¤°à¤¤|Ġà¤ķ|à¥ĩà¤µà¤²|Ġà¤ĺ|à¥ģà¤®à¤ķ|à¥įà¤ķ|à¤¡|à¤¼|Ġà¤īà¤ª|à¤¦|à¥įà¤°à¤µ|à¤¿à¤¯|à¥ĭà¤Ĥ|Ġà¤ķ|à¥ĩ|Ġà¤Ľ|à¥ĭà¤Ł|à¥ĩ|Ġà¤¸à¤®|à¥Ĥà¤¹|à¥ĭà¤Ĥ|Ġà¤ķ|à¥ĩ|Ġà¤ĸ|à¤¿à¤²|à¤¾à¤«|à¤¼|Ġà¤¹|à¥ĭà¤¤|à¥Ģ|Ġà¤¥|à¥Ģ.","14|8|0||में,|जब लॉर|ड|हेस्टि|ंग|स|द्वा|ा|इसका|निर|मा||शुर||किया|गया|था,|तब|देश|अप|क|षा|ृत|रूप|से|शा|त|था.|इसके|साथ|ही|बचा||की|ज़र|रत|केवल|घुमक|कड़|उपद|रवि|यों|के|छोट||समूह|ं|के|खिला|़|होती|थी.","{""42"": ""14|8|0||में,|जब लॉर|ड|हेस्टि|ंग|स|द्वा|ा|इसका|निर|मा||शुर||किया|गया|था,|तब|देश|अप|क|षा|ृत|रूप|से|शा|त|था.|इसके|साथ|ही|बचा||की|ज़र|रत|केवल|घुमक|कड़|उपद|रवि|यों|के|छोट||समूह|ं|के|खिला|़|होती|थी."", ""43"": ""1|480||में,|जब लॉर|ड|हेस्टि|ंग|स|द्वा|ा|इसका|निर|मा||शुर||किया|गया|था,|तब|देश|अप|क|षा|ृत|रूप|से|शा|त|था.|इसके|साथ|ही|बचा||की|ज़र|रत|केवल|घुमक्कड़|उपद|रवि|यों|के|छोटे|समूह|ं|के|खिला|़|होती|थी."", ""44"": ""1480|में,|जब लॉर|ड|हेस्टि|ंग|स|द्वा|ा|इसका|निर|मा||शुर||किया|गया|था,|तब|देश|अप|क|षा|ृत|रूप|से|शा|त|था.|इसके|साथ|ही|बचा||की|ज़र|रत|केवल|घुमक|कड़|उपद|रवि|यों|के|छोटे|समूह|ं|के|खिला|़|होती|थी."", ""45"": ""14|80||में,|जब लॉर|ड|हेस्टि|ंग|स|द्वा|ा|इसका|निर|मा||शुर||किया|गया|था,|तब|देश|अप|क|षा|ृत|रूप|से|शा|त|था.|इसके|साथ|ही|बचा||की|ज़र|रत|केवल|घुमक्कड़|उपद|रवि|यों|के|छोटे|समूह|ं|के|खिला|़|होती|थी."", ""46"": ""148|0|में,|जब लॉर|ड|हेस|टि|ंग|स|द्वा|ा|इसका|निर|मा||शुर||किया|गया|था,|तब|देश|अप|क|षा|ृत|रूप|से|शा|त|था.|इसक||साथ|ही|बचा||की|ज़र|रत|केवल|घुमक|कड़|उपद|रवि|यों|के|छोट||समूह|ं|के|खिला|़|होती|थी.""}"
hi,"1492 और 1498 के बीच फ़्रे बार्टोलोमे डी लास कासेस (ट्राटैडो डे लास इंडियाज़) पर आधारित, स्पेनिश विजेता ने लगभग 100,000 टिएनोस को मार डाला था.",1,1,5,5,True,"149|2|Ġà¤Ķà¤°|Ġ|149|8|Ġà¤ķ|à¥ĩ|Ġà¤¬|à¥Ģà¤ļ|Ġà¤«|à¤¼à¥į|à¤°|à¥ĩ|Ġà¤¬|à¤¾à¤°|à¥įà¤Ł|à¥ĭà¤²|à¥ĭà¤®|à¥ĩ|Ġà¤¡|à¥Ģ|Ġà¤²|à¤¾à¤¸|Ġà¤ķ|à¤¾à¤¸|à¥ĩà¤¸|Ġ(|à¤Ł|à¥įà¤°|à¤¾à¤Ł|à¥Īà¤¡|à¥ĭ|Ġà¤¡|à¥ĩ|Ġà¤²|à¤¾à¤¸|Ġà¤ĩ|à¤Ĥà¤¡|à¤¿à¤¯|à¤¾à¤ľ|à¤¼|)|Ġà¤ªà¤°|Ġà¤Ĩà¤§|à¤¾à¤°|à¤¿à¤¤|,|Ġà¤¸|à¥įà¤ª|à¥ĩà¤¨|à¤¿à¤¶|Ġà¤µ|à¤¿à¤ľ|à¥ĩà¤¤|à¤¾|Ġà¤¨|à¥ĩ|Ġà¤²à¤Ĺà¤Ńà¤Ĺ|Ġ|100|,|000|Ġà¤Ł|à¤¿à¤ı|à¤¨|à¥ĭà¤¸|Ġà¤ķ|à¥ĭ|Ġà¤®|à¤¾à¤°|Ġà¤¡|à¤¾à¤²|à¤¾|Ġà¤¥|à¤¾.","14|9|2||और|1498|के|बीच|फ़्र||बार्टोल|म||डी|ला||का|ेस|(ट्रा|ैडो|डे|ला||इंडि|या|़)|पर|आधा|ित,|स्प|नि|श|विज|ता|ने|लगभग|100,000|टिए||स|को|मा||डा|ा|था.","{""42"": ""14|9|2||और|1498|के|बीच|फ़्र||बार्टोल|म||डी|ला||का|ेस|(ट्रा|ैडो|डे|ला||इंडि|या|़)|पर|आधा|ित,|स्प|नि|श|विज|ता|ने|लगभग|100,000|टिए||स|को|मा||डा|ा|था."", ""43"": ""1492|और|1498|के|बीच|फ़्र||बार्टोल|म||डी|ला||का|ेस|(ट्रा|ैड||डे|ला||इंडि|या|़)|पर|आधा|ि|त,|स्प|नि|श|विज|ता|ने|लगभग|100,000|टिएन|स|को|मा||डा|ा|था."", ""44"": ""1|4|92|और|1498|के|बीच|फ़्र||बार्टोल|म||डी|ला||का|ेस|(ट्रा|ैड||डे|ला||इंडि|या|़)|पर|आधा|ि|त,|स्प|निश|विज|ता|ने|लगभग|100,000|टिएन|स|को|मा||डा|ा|था."", ""45"": ""1492|और|1498|के|बीच|फ़्र||बार्टोल|म||डी|ला||का|ेस|(ट्रा|ैड||डे|ला||इंडि|या|़)|पर|आधा|ि|त,|स्प|नि|श|विज|ता|ने|लगभग|100,0|00|टिएनोस|को|मा||डा|ा|था."", ""46"": ""1492|और|1498|के|बीच|फ़्र||बार्टोल|म||डी|ला||कासेस|(ट्रा|ैड||डे|ला||इंडि|या|़)|पर|आधा|ि|त,|स्प|निश|विज|ता|ने|लगभग|100,000|टिएन|स|को|मा||डा|ा|था.""}"
hi,"15 अगस्त 1940 को, मित्र राष्ट्र ने दक्षिणी फ़्रांस पर आक्रमण किया, आक्रमण को “ऑपरेशन ड्रैगून” कहा गया था.",1,1,5,5,True,"15|Ġà¤ħà¤Ĺà¤¸|à¥įà¤¤|Ġ|194|0|Ġà¤ķ|à¥ĭ,|Ġà¤®|à¤¿à¤¤|à¥įà¤°|Ġà¤°|à¤¾à¤·|à¥įà¤Ł|à¥įà¤°|Ġà¤¨|à¥ĩ|Ġà¤¦à¤ķ|à¥įà¤·|à¤¿à¤£|à¥Ģ|Ġà¤«|à¤¼à¥į|à¤°|à¤¾à¤Ĥ|à¤¸|Ġà¤ªà¤°|Ġà¤Ĩà¤ķ|à¥įà¤°à¤®à¤£|Ġà¤ķ|à¤¿à¤¯|à¤¾,|Ġà¤Ĩà¤ķ|à¥įà¤°à¤®à¤£|Ġà¤ķ|à¥ĭ|ĠâĢľ|à¤ĳ|à¤ªà¤°|à¥ĩà¤¶à¤¨|Ġà¤¡|à¥įà¤°|à¥Īà¤Ĺ|à¥Ĥà¤¨|âĢĿ|Ġà¤ķà¤¹|à¤¾|Ġà¤Ĺà¤¯|à¤¾|Ġà¤¥|à¤¾.","15|अगस्त|1940|को,|मित|र|रा|्ट्र|ने|दक्षि|णी|फ़्रा|स|पर|आक|रमण|किया,|आक|रमण|को|“ऑपर|शन|ड्र|गून”|कहा|गया|था.","{""42"": ""15|अगस्त|1940|को,|मित|र|रा|्ट्र|ने|दक्षि|णी|फ़्रा|स|पर|आक|रमण|किया,|आक|रमण|को|“ऑपर|शन|ड्र|गून”|कहा|गया|था."", ""43"": ""15|अगस्त|1940|को,|मित|र|रा|्ट्र|ने|दक्षि|णी|फ़्रा|स|पर|आक्रमण|किया,|आक्रमण|को|“ऑपर|शन|ड्र|गून”|कहा|गया|था."", ""44"": ""15||अगस्त|1940|को,|मित|र|रा|्ट्र|ने|दक्षि|ण||फ़्रा|स|पर|आक|रमण|किया,|आक्रमण|को|“ऑपर|शन|ड्र|गून”|कहा|गया|था."", ""45"": ""1|5|अगस्त|1940|को,|मित|र|रा|्ट्र|ने|दक्षि|ण||फ़्रा|स|पर|आक्रमण|किया,|आक|रमण|को|“ऑपर|शन|ड्र|गून”|कहा|गया|था."", ""46"": ""1|5|अगस्त|1940|को,|मित|र|रा|्ट्र|ने|दक्षि|णी|फ़्रा|स|पर|आक्रमण|किया,|आक|रमण|को|“ऑपर|शन|ड्र|गून”|कहा|गया|था.""}"
hi,"15 वीं शताब्दी के आसपास, उत्तरी एस्टोनिया जर्मनी के महान सांस्कृतिक के प्रभाव में था।",1,1,5,5,True,"15|Ġà¤µ|à¥Ģà¤Ĥ|Ġà¤¶à¤¤|à¤¾à¤¬|à¥įà¤¦|à¥Ģ|Ġà¤ķ|à¥ĩ|Ġà¤Ĩà¤¸à¤ª|à¤¾à¤¸|,|Ġà¤īà¤¤|à¥įà¤¤à¤°|à¥Ģ|Ġà¤ıà¤¸|à¥įà¤Ł|à¥ĭà¤¨|à¤¿à¤¯|à¤¾|Ġà¤ľà¤°|à¥įà¤®à¤¨|à¥Ģ|Ġà¤ķ|à¥ĩ|Ġà¤®à¤¹|à¤¾à¤¨|Ġà¤¸|à¤¾à¤Ĥ|à¤¸|à¥įà¤ķ|à¥ĥà¤¤|à¤¿à¤ķ|Ġà¤ķ|à¥ĩ|Ġà¤ª|à¥įà¤°à¤Ń|à¤¾à¤µ|Ġà¤®|à¥ĩà¤Ĥ|Ġà¤¥|à¤¾à¥¤","15|वीं|शता|्द||के|आसपा|,|उत|तर||एस्ट|नि|या|जर|मन||के|महा||सा|स्क|तिक|के|प्रभा||में|था।","{""42"": ""15|वीं|शता|्द||के|आसपा|,|उत|तर||एस्ट|नि|या|जर|मन||के|महा||सा|स्क|तिक|के|प्रभा||में|था।"", ""43"": ""15|वीं|शता|्द||के|आसपा|,|उत|तर||एस्ट|न||या|जर्मनी|के|महा||सा|स्क|ति|क|के|प्रभा||में|था।"", ""44"": ""1|5||वीं|शता|्द||के|आसपा|,|उत|तर||एस्ट|नि|या|जर|मनी|के|महा||सा|स्क|ति|क|के|प्रभा||में|था।"", ""45"": ""1|5|वीं|शता||द||के|आसपा|,|उत|तर||एस्ट|नि|या|जर|मन||के|महा||सा|स्क|तिक|के|प्रभा||में|था।"", ""46"": ""15|वीं|शता|्द||के|आसपा|,|उत|तर||एस्ट|नि|या|जर|मनी|के|महा||सा|स्क|तिक|के|प्रभा||में|था।""}"
hi,"1537 में असूनचिओन की स्थापना के बाद से, पैराग्वे अपने स्वदेशी चरित्र और पहचान को बनाए रखने में कामयाब रहा है।",1,1,5,5,True,"153|7|Ġà¤®|à¥ĩà¤Ĥ|Ġà¤ħà¤¸|à¥Ĥà¤¨|à¤ļ|à¤¿à¤ĵ|à¤¨|Ġà¤ķ|à¥Ģ|Ġà¤¸|à¥įà¤¥|à¤¾à¤ªà¤¨|à¤¾|Ġà¤ķ|à¥ĩ|Ġà¤¬|à¤¾à¤¦|Ġà¤¸|à¥ĩ,|Ġà¤ª|à¥Īà¤°|à¤¾à¤Ĺ|à¥įà¤µ|à¥ĩ|Ġà¤ħà¤ªà¤¨|à¥ĩ|Ġà¤¸|à¥įà¤µà¤¦|à¥ĩà¤¶|à¥Ģ|Ġà¤ļà¤°|à¤¿à¤¤|à¥įà¤°|Ġà¤Ķà¤°|Ġà¤ªà¤¹à¤ļ|à¤¾à¤¨|Ġà¤ķ|à¥ĭ|Ġà¤¬à¤¨|à¤¾à¤ı|Ġà¤°à¤ĸà¤¨|à¥ĩ|Ġà¤®|à¥ĩà¤Ĥ|Ġà¤ķ|à¤¾à¤®à¤¯|à¤¾à¤¬|Ġà¤°à¤¹|à¤¾|Ġà¤¹|à¥Īà¥¤","15|37||में|असूनचि|ओन|की|स्था|ना|के|बाद|से,|पैरा|्व||अपने|स्वद|श||चरित|र|और|पहचा||को|बना||रखने|में|का|या||रहा|है।","{""42"": ""15|37||में|असूनचि|ओन|की|स्था|ना|के|बाद|से,|पैरा|्व||अपने|स्वद|श||चरित|र|और|पहचा||को|बना||रखने|में|का|या||रहा|है।"", ""43"": ""153|7||में|असूनच|ि|ओन|की|स्था|ना|के|बाद|से,|पैरा|्व||अपने|स्वद|शी|चरित|र|और|पहचा||को|बना||रखने|में|का|या||रहा|है।"", ""44"": ""153|7|में|असूनचि|ओन|की|स्था|ना|के|बाद|से,|पैरा|्वे|अपने|स्वद|श||चरित|र|और|पहचा||को|बना||रखने|में|का|या||रहा|है।"", ""45"": ""1537|में|असूनचि|ओन|की|स्था|ना|के|बाद|से,|पैरा|्व||अपने|स्वद|श||चरि|त|र|और|पहचा||को|बना||रखने|में|का|या||रहा|है।"", ""46"": ""153|7|में|असूनच|ि|ओन|की|स्था|ना|के|बाद|से,|पैरा|्व||अपने|स्वद|श||चरित|र|और|पहचा||को|बना||रखने|में|का|या||रहा|है।""}"
hi,"15वीं सदी में यूरोपीय प्रभाव और उपनिवेशवाद की शुरुआत हुई, क्योंकि पुर्तगाली खोजकर्ता वास्को डी गामा ने यूरोप से भारत तक का समुद्री मार्ग खोज निकाला था.",1,1,5,5,True,"15|à¤µ|à¥Ģà¤Ĥ|Ġà¤¸à¤¦|à¥Ģ|Ġà¤®|à¥ĩà¤Ĥ|Ġà¤¯|à¥Ĥà¤°|à¥ĭà¤ª|à¥Ģà¤¯|Ġà¤ª|à¥įà¤°à¤Ń|à¤¾à¤µ|Ġà¤Ķà¤°|Ġà¤īà¤ªà¤¨|à¤¿à¤µ|à¥ĩà¤¶à¤µ|à¤¾à¤¦|Ġà¤ķ|à¥Ģ|Ġà¤¶|à¥ģà¤°|à¥ģà¤Ĩà¤¤|Ġà¤¹|à¥ģà¤Ī|,|Ġà¤ķ|à¥įà¤¯|à¥ĭà¤Ĥ|à¤ķ|à¤¿|Ġà¤ª|à¥ģà¤°|à¥įà¤¤|à¤Ĺ|à¤¾à¤²|à¥Ģ|Ġà¤ĸ|à¥ĭà¤ľ|à¤ķà¤°|à¥įà¤¤|à¤¾|Ġà¤µ|à¤¾à¤¸|à¥įà¤ķ|à¥ĭ|Ġà¤¡|à¥Ģ|Ġà¤Ĺ|à¤¾à¤®|à¤¾|Ġà¤¨|à¥ĩ|Ġà¤¯|à¥Ĥà¤°|à¥ĭà¤ª|Ġà¤¸|à¥ĩ|Ġà¤Ń|à¤¾à¤°à¤¤|Ġà¤¤à¤ķ|Ġà¤ķ|à¤¾|Ġà¤¸à¤®|à¥ģà¤¦|à¥įà¤°|à¥Ģ|Ġà¤®|à¤¾à¤°|à¥įà¤Ĺ|Ġà¤ĸ|à¥ĭà¤ľ|Ġà¤¨|à¤¿à¤ķ|à¤¾à¤²|à¤¾|Ġà¤¥|à¤¾.","15||ं|सदी|में|यूर|प|य|प्रभा||और|उपनिव|शवा||की|शुर|आत|हुई,|क्योंकि|पुर|तगा|ी|खोजकर्ता|वा|्क||डी|गा|ा|ने|यूर|प|से|भारत|तक|का|समुद|र||मा|्ग|खोज|निका|ा|था.","{""42"": ""15||ं|सदी|में|यूर|प|य|प्रभा||और|उपनिव|शवा||की|शुर|आत|हुई,|क्योंकि|पुर|तगा|ी|खोजकर्ता|वा|्क||डी|गा|ा|ने|यूर|प|से|भारत|तक|का|समुद|र||मा|्ग|खोज|निका|ा|था."", ""43"": ""15वीं|सदी|में|यूर|प|य|प्रभा||और|उपनि|व|शवा||की|शुर|आत|हुई,|क्य|ंकि|पुर|तगा|ी|खोजकर|ता|वा|्क||डी|गा|ा|ने|यूर|प|से|भारत|तक|का|समुद|र||मा|्ग|खोज|निका|ा|था."", ""44"": ""15व|ं|सदी|में|यूर|पीय|प्रभा||और|उपनि|व|शवा||की|शुर|आत|हुई,|क्य|ंकि|पुर|तगा|ी|खोजकर|ता|वा|्क||डी|गा|ा|ने|यूर|प|से|भा|त|तक|का|समुद|र||मा|्ग|खोज|निका|ा|था."", ""45"": ""15व|ं|सदी|में|यूर|प|य|प्रभा||और|उपनि|व|शवा||की|शुर|आ||हुई,|क्य|ंकि||पुर|तगा|ी|खोजकर|ता|वा|्क||डी|गामा|ने|यूर|प|से|भा|त|तक|का|समुद|र||मा|्ग|खोज|निका|ा|था."", ""46"": ""15वीं|सदी|में|यूर|प|य|प्रभा||और|उपनि|व|श|ा||की|शुर|आ||हुई,|क्योंकि||पुर|तगा|ी|खोजकर|ता|वा|्क||डी|गा|ा|ने|यूर|प|से|भारत|तक|का|समुद|र||मा|्ग|खोज|निका|ा|था.""}"
hi,"16 वीं शताब्दी में स्पेनी लोगों के आने से पहले, उत्तरी चिली इंका के अधीन था, जबकि स्वदेशी अरुकेनियन (मापुचे) मध्य और दक्षिणी चिली में बसे हुए थे।",1,1,5,5,True,"16|Ġà¤µ|à¥Ģà¤Ĥ|Ġà¤¶à¤¤|à¤¾à¤¬|à¥įà¤¦|à¥Ģ|Ġà¤®|à¥ĩà¤Ĥ|Ġà¤¸|à¥įà¤ª|à¥ĩà¤¨|à¥Ģ|Ġà¤²|à¥ĭà¤Ĺ|à¥ĭà¤Ĥ|Ġà¤ķ|à¥ĩ|Ġà¤Ĩà¤¨|à¥ĩ|Ġà¤¸|à¥ĩ|Ġà¤ªà¤¹à¤²|à¥ĩ,|Ġà¤īà¤¤|à¥įà¤¤à¤°|à¥Ģ|Ġà¤ļ|à¤¿à¤²|à¥Ģ|Ġà¤ĩ|à¤Ĥà¤ķ|à¤¾|Ġà¤ķ|à¥ĩ|Ġà¤ħà¤§|à¥Ģà¤¨|Ġà¤¥|à¤¾,|Ġà¤ľà¤¬à¤ķ|à¤¿|Ġà¤¸|à¥įà¤µà¤¦|à¥ĩà¤¶|à¥Ģ|Ġà¤ħà¤°|à¥ģà¤ķ|à¥ĩà¤¨|à¤¿à¤¯à¤¨|Ġ(|à¤®|à¤¾à¤ª|à¥ģà¤ļ|à¥ĩ)|Ġà¤®à¤§|à¥įà¤¯|Ġà¤Ķà¤°|Ġà¤¦à¤ķ|à¥įà¤·|à¤¿à¤£|à¥Ģ|Ġà¤ļ|à¤¿à¤²|à¥Ģ|Ġà¤®|à¥ĩà¤Ĥ|Ġà¤¬à¤¸|à¥ĩ|Ġà¤¹|à¥ģà¤ı|Ġà¤¥|à¥ĩà¥¤","16|वीं|शता|्दी|में|स्प|न||लोगों|के|आने|से|पहल|,|उत|तर||चिल||इंका|के|अधीन|था,|जबकि|स्वद|श||अर|क|नि|यन|(मा|ुचे)|मध|य|और|दक्षि|ण||चिल||में|बसे|हुए|थे।","{""42"": ""16|वीं|शता|्दी|में|स्प|न||लोगों|के|आने|से|पहल|,|उत|तर||चिल||इंका|के|अधीन|था,|जबकि|स्वद|श||अर|क|नि|यन|(मा|ुचे)|मध|य|और|दक्षि|ण||चिल||में|बसे|हुए|थे।"", ""43"": ""16|वीं|शता|्द||में|स्प|न||लोगों|के|आने|से|पहले,|उत|तर||चिली|इंका|के|अधीन|था,|जबकि|स्वद|श||अर|क|नि|यन|(मा|ुच|े)|मध्य|और|दक्षि|ण||चिली|में|बसे|हुए|थे।"", ""44"": ""16||वीं|शता|्द||में|स्प|न||लोगों|के|आने|से|पहल|,|उत|तर||चिली|इंका|के|अधीन|था,|जबकि|स्वद|श||अर|क|नियन|(मा|ुचे)|मध|य|और|दक्षि|णी|चिली|में|बसे|हुए|थे।"", ""45"": ""16|वीं|शता|्द||में|स्प|न||लोगों|के|आने|से|पहले,|उत|तर||चिली|इंका|के|अधीन|था,|जबकि|स्वद|श||अर|क|नि|यन|(मा|ुचे)|मध्य|और|दक्षि|णी|चिली|में|बसे|हुए|थे।"", ""46"": ""16|वीं|शता|्द||में|स्प|नी|लोगों|के|आने|से|पहले,|उत|तर||चिली|इंका|के|अधीन|था,|जबकि|स्वद|श||अर|क|नि|यन|(मा|ुचे)|मध|य|और|दक्षि|ण||चिली|में|बसे|हुए|थे।""}"
hi,"1624 में, डच ईस्ट इंडिया कंपनी ने दक्षिण-पश्चिमी ताइवान में एक बेस की स्थापना की थी, जो आदिवासी अनाज उत्पादन के तरीको में परिवर्तन की शुरुआत कर रही थी और चीनी मजदूरों को अपने चावल और चीनी बागानों पर काम करने के लिए नियुक्त कर रही थी।",1,1,5,5,True,"162|4|Ġà¤®|à¥ĩà¤Ĥ,|Ġà¤¡|à¤ļ|Ġà¤Īà¤¸|à¥įà¤Ł|Ġà¤ĩ|à¤Ĥà¤¡|à¤¿à¤¯|à¤¾|Ġà¤ķ|à¤Ĥà¤ªà¤¨|à¥Ģ|Ġà¤¨|à¥ĩ|Ġà¤¦à¤ķ|à¥įà¤·|à¤¿à¤£|-à¤ª|à¤¶|à¥įà¤ļ|à¤¿à¤®|à¥Ģ|Ġà¤¤|à¤¾à¤ĩà¤µ|à¤¾à¤¨|Ġà¤®|à¥ĩà¤Ĥ|Ġà¤ıà¤ķ|Ġà¤¬|à¥ĩà¤¸|Ġà¤ķ|à¥Ģ|Ġà¤¸|à¥įà¤¥|à¤¾à¤ªà¤¨|à¤¾|Ġà¤ķ|à¥Ģ|Ġà¤¥|à¥Ģ,|Ġà¤ľ|à¥ĭ|Ġà¤Ĩà¤¦|à¤¿à¤µ|à¤¾à¤¸|à¥Ģ|Ġà¤ħà¤¨|à¤¾à¤ľ|Ġà¤īà¤¤|à¥įà¤ª|à¤¾à¤¦à¤¨|Ġà¤ķ|à¥ĩ|Ġà¤¤à¤°|à¥Ģà¤ķ|à¥ĭ|Ġà¤®|à¥ĩà¤Ĥ|Ġà¤ªà¤°|à¤¿à¤µà¤°|à¥įà¤¤à¤¨|Ġà¤ķ|à¥Ģ|Ġà¤¶|à¥ģà¤°|à¥ģà¤Ĩà¤¤|Ġà¤ķà¤°|Ġà¤°à¤¹|à¥Ģ|Ġà¤¥|à¥Ģ|Ġà¤Ķà¤°|Ġà¤ļ|à¥Ģà¤¨|à¥Ģ|Ġà¤®à¤ľà¤¦|à¥Ĥà¤°|à¥ĭà¤Ĥ|Ġà¤ķ|à¥ĭ|Ġà¤ħà¤ªà¤¨|à¥ĩ|Ġà¤ļ|à¤¾à¤µà¤²|Ġà¤Ķà¤°|Ġà¤ļ|à¥Ģà¤¨|à¥Ģ|Ġà¤¬|à¤¾à¤Ĺ|à¤¾à¤¨|à¥ĭà¤Ĥ|Ġà¤ªà¤°|Ġà¤ķ|à¤¾à¤®|Ġà¤ķà¤°à¤¨|à¥ĩ|Ġà¤ķ|à¥ĩ|Ġà¤²|à¤¿à¤ı|Ġà¤¨|à¤¿à¤¯|à¥ģà¤ķ|à¥įà¤¤|Ġà¤ķà¤°|Ġà¤°à¤¹|à¥Ģ|Ġà¤¥|à¥Ģà¥¤","1624|में,|डच|ईस्ट|इंडि|या|कंपन||ने|दक्षि|ण-|पश्चि|म||ता|वा||में|एक|बेस|की|स्था|ना|की|थी,|जो|आदिवा|ी|अना||उत|पा|न|के|तरीको|में|परिवर|तन|की|शुर|आत|कर|रही|थी|और|चीनी|मजद|रों|को|अपने|चा|ल|और|चीनी|बागा|ों|पर|का||करने|के|लिए|नियुक|त|कर|रही|थी।","{""42"": ""1624|में,|डच|ईस्ट|इंडि|या|कंपन||ने|दक्षि|ण-|पश्चि|म||ता|वा||में|एक|बेस|की|स्था|ना|की|थी,|जो|आदिवा|ी|अना||उत|पा|न|के|तरीको|में|परिवर|तन|की|शुर|आत|कर|रही|थी|और|चीनी|मजद|रों|को|अपने|चा|ल|और|चीनी|बागा|ों|पर|का||करने|के|लिए|नियुक|त|कर|रही|थी।"", ""43"": ""1624|में,|डच|ईस्ट|इंडि|या|कंपनी|ने|दक्षि|ण-|पश्चि|म||ता|वा||में|एक|बेस|की|स्था|ना|की|थी,|जो|आदिवा|ी|अना||उत|पा|न|के|तर|को|में|परिवर|तन|की|शुर|आत|कर|रही|थी|और|चीनी|मजद|र|ं|को|अपने|चा|ल|और|चीनी|बागा|ों|पर|का||करने|के|लिए|नियुक|त|कर|रही|थी।"", ""44"": ""1624|में,|डच|ईस्ट|इंडि|या|कंपन||ने|दक्षि|ण-|पश्चि|म||ता|वा||में|एक|बेस|की|स्था|ना|की|थी,|जो|आदिवा|ी|अना||उत|पा|न|के|तर|को|में|परिवर|तन|की|शुर|आत|कर|रही|थी|और|चीनी|मजद|र|ं|को|अपने|चा|ल|और|चीनी|बागा|ों|पर|का||करने|के|लिए|नियुक|त|कर|रही|थी।"", ""45"": ""1|62|4|में,|डच|ईस्ट|इंडि|या|कंपन||ने|दक्षि|ण-|पश्चि|म||ता|वा||में|एक|बेस|की|स्था|ना|की|थी,|जो|आदिवा|ी|अना||उत|पा|न|के|तर|को|में|परिवर|तन|की|शुर|आत|कर|रही|थी|और|चीनी|मजद|र|ं|को|अपने|चा|ल|और|चीनी|बागा|ों|पर|का||करने|के|लिए|नियुक|त|कर|रही|थी।"", ""46"": ""162|4|में,|डच|ईस्ट|इंडि|या|कंपनी|ने|दक्षि|ण-|पश्चि|म||ता|वा||में|एक|बेस|की|स्था|ना|की|थी,|जो|आदिवा|ी|अना||उत|पा|न|के|तर|को|में|परिवर|तन|की|शुर|आत|कर|रही|थी|और|चीनी|मजद|र|ं|को|अपने|चा|ल|और|चीनी|बागा|ों|पर|का||करने|के|लिए|नियुक|त|कर|रही|थी।""}"
hi,1683 में चिंग राजवंश (1644-1912) ने ताइवान के पश्चिमी और उत्तरी तटीय क्षेत्रों में जबरन कब्ज़ा कर लिया और 1885 में ताइवान को साम्राज्य का प्रांत घोषित किया.,1,1,5,5,True,168|3|Ġà¤®|à¥ĩà¤Ĥ|Ġà¤ļ|à¤¿à¤Ĥ|à¤Ĺ|Ġà¤°|à¤¾à¤ľà¤µ|à¤Ĥà¤¶|Ġ(|164|4|-|191|2|)|Ġà¤¨|à¥ĩ|Ġà¤¤|à¤¾à¤ĩà¤µ|à¤¾à¤¨|Ġà¤ķ|à¥ĩ|Ġà¤ªà¤¶|à¥įà¤ļ|à¤¿à¤®|à¥Ģ|Ġà¤Ķà¤°|Ġà¤īà¤¤|à¥įà¤¤à¤°|à¥Ģ|Ġà¤¤à¤Ł|à¥Ģà¤¯|Ġà¤ķ|à¥įà¤·|à¥ĩà¤¤|à¥įà¤°|à¥ĭà¤Ĥ|Ġà¤®|à¥ĩà¤Ĥ|Ġà¤ľà¤¬|à¤°à¤¨|Ġà¤ķà¤¬|à¥įà¤ľ|à¤¼à¤¾|Ġà¤ķà¤°|Ġà¤²|à¤¿à¤¯|à¤¾|Ġà¤Ķà¤°|Ġ|188|5|Ġà¤®|à¥ĩà¤Ĥ|Ġà¤¤|à¤¾à¤ĩà¤µ|à¤¾à¤¨|Ġà¤ķ|à¥ĭ|Ġà¤¸|à¤¾à¤®|à¥įà¤°|à¤¾à¤ľ|à¥įà¤¯|Ġà¤ķ|à¤¾|Ġà¤ª|à¥įà¤°|à¤¾à¤Ĥ|à¤¤|Ġà¤ĺ|à¥ĭà¤·|à¤¿à¤¤|Ġà¤ķ|à¤¿à¤¯|à¤¾.,16|83|में|चिंग|रा|वंश|(1644-1912)|ने|ता|वा||के|पश्चि|म||और|उत|तर||तटीय|क्ष|त्रों|में|जबरन|कब्ज़ा|कर|लिया|और|1885|में|ता|वा||को|सा|्रा|्य|का|प्रा|त|घोषित|किया.,"{""42"": ""16|83|में|चिंग|रा|वंश|(1644-1912)|ने|ता|वा||के|पश्चि|म||और|उत|तर||तटीय|क्ष|त्रों|में|जबरन|कब्ज़ा|कर|लिया|और|1885|में|ता|वा||को|सा|्रा|्य|का|प्रा|त|घोषित|किया."", ""43"": ""168|3|में|चिंग|रा|वंश|(1644-1912)|ने|ता|वा||के|पश्चि|म||और|उत|तर||तटीय|क्ष|त्रों|में|जबरन|कब्ज़ा|कर|लिया|और|1885|में|ता|वा||को|सा|्रा|्य|का|प्रा|त|घोषि|त|किया."", ""44"": ""1683|में|चिंग|रा|वंश|(1644-1912)|ने|ता|वा||के|पश्चि|म||और|उत|तर||तटीय|क्ष|त्रों|में|जबरन|कब्ज़ा|कर|लिया|और|1885|में|ता|वा||को|सा|्रा|्य|का|प्रा|त|घोषि|त|किया."", ""45"": ""16|8|3||में|चिंग|रा|वंश|(1644-1912)|ने|ता|वा||के|पश्चि|म||और|उत|तर||तटीय|क्ष|त्रों|में|जबरन|कब्ज़ा|कर|लिया|और|1885|में|ता|वा||को|सा|्रा|्य|का|प्रा|त|घोषि|त|किया."", ""46"": ""16|8|3|में|चिंग|रा|वंश|(1644-|1912)|ने|ता|वा||के|पश्चि|मी|और|उत|तर||तटीय|क्ष|त्र|ं|में|जबरन|कब्ज़ा|कर|लिया|और|1885|में|ता|वा||को|सा|्रा|्य|का|प्रा|त|घोषि|त|किया.""}"
hi,"17 सितंबर, 1939 तक, पोलिश रक्षापंक्ति लगभग टूट चुकी थी, और एक अकेली उम्मीद थी पीछे हटना और फिर रोमानियाई ब्रिजहेड के साथ एकजुट होना.",1,1,5,5,True,"17|Ġà¤¸|à¤¿à¤¤|à¤Ĥà¤¬à¤°|,|Ġ|193|9|Ġà¤¤à¤ķ|,|Ġà¤ª|à¥ĭà¤²|à¤¿à¤¶|Ġà¤°à¤ķ|à¥įà¤·|à¤¾à¤ª|à¤Ĥà¤ķ|à¥įà¤¤|à¤¿|Ġà¤²à¤Ĺà¤Ńà¤Ĺ|Ġà¤Ł|à¥Ĥà¤Ł|Ġà¤ļ|à¥ģà¤ķ|à¥Ģ|Ġà¤¥|à¥Ģ,|Ġà¤Ķà¤°|Ġà¤ıà¤ķ|Ġà¤ħà¤ķ|à¥ĩà¤²|à¥Ģ|Ġà¤īà¤®|à¥įà¤®|à¥Ģà¤¦|Ġà¤¥|à¥Ģ|Ġà¤ª|à¥Ģà¤Ľ|à¥ĩ|Ġà¤¹|à¤Łà¤¨|à¤¾|Ġà¤Ķà¤°|Ġà¤«|à¤¿à¤°|Ġà¤°|à¥ĭà¤®|à¤¾à¤¨|à¤¿à¤¯|à¤¾à¤Ī|Ġà¤¬|à¥įà¤°|à¤¿à¤ľ|à¤¹|à¥ĩà¤¡|Ġà¤ķ|à¥ĩ|Ġà¤¸|à¤¾à¤¥|Ġà¤ıà¤ķà¤ľ|à¥ģà¤Ł|Ġà¤¹|à¥ĭà¤¨|à¤¾.","1|7||सितंबर,|1939|तक,|पोलि|श|रक्षा|ंक|ति|लगभग|टूट|चुकी|थी,|और|एक|अक|ल||उम्म|द|थी|पीछे|हटना|और|फिर|रोमा|ि|या||ब्रि|जह|ड|के|साथ|एकजुट||होना.","{""42"": ""1|7||सितंबर,|1939|तक,|पोलि|श|रक्षा|ंक|ति|लगभग|टूट|चुकी|थी,|और|एक|अक|ल||उम्म|द|थी|पीछे|हटना|और|फिर|रोमा|ि|या||ब्रि|जह|ड|के|साथ|एकजुट||होना."", ""43"": ""17|सितं|र,|1939|तक,|पोलि|श|रक्षा|ंक|ति||लगभग|टूट|चुकी|थी,|और|एक|अकेल||उम्म|द|थी|पीछ||हटना|और|फिर|रोमा|ि|या||ब्रि|जह|ड|के|साथ|एकजुट|होना."", ""44"": ""17|सितं|र,|1939|तक,|पोलि|श|रक्षा|ंक|ति|लगभग|टूट|चुकी|थी,|और|एक|अकेल||उम|म|द|थी|पीछे|हटना|और|फिर|रोमा|ि|या||ब्रिजह|ड|के|साथ|एकज|ट|होना."", ""45"": ""17||सितंबर,|1939|तक,|पोलि|श|रक्षा|ंक|ति||लगभ||टूट|चुकी|थी,|और|एक|अकेली|उम|म|द|थी|पीछे|हटना|और|फिर|रोमा|ि|या||ब्रिजह|ड|के|साथ|एक||ट|होना."", ""46"": ""17|सितं|र,|1939|तक,|पोलि|श|रक्षा|ंक्ति|लगभग|टूट|चुकी|थी,|और|एक|अकेल||उम्म|द|थी|पीछे|हटना|और|फिर|रोमा|ि|या||ब्रि|जह|ड|के|साथ|एक|ुट|होना.""}"
hi,"17 सितंबर, 2007 को रूस के अलेइस्क के एक मैटरनिटी क्लिनिक में सिज़ेरियन सेक्शन में नाडिया का जन्म हुआ. जन्म के समय उसका वज़न बहुत ज़्यादा 17 पौंड 1 औंस था.",1,1,5,5,True,"17|Ġà¤¸|à¤¿à¤¤|à¤Ĥà¤¬à¤°|,|Ġ|200|7|Ġà¤ķ|à¥ĭ|Ġà¤°|à¥Ĥà¤¸|Ġà¤ķ|à¥ĩ|Ġà¤ħà¤²|à¥ĩà¤ĩ|à¤¸|à¥įà¤ķ|Ġà¤ķ|à¥ĩ|Ġà¤ıà¤ķ|Ġà¤®|à¥Īà¤Łà¤°|à¤¨|à¤¿à¤Ł|à¥Ģ|Ġà¤ķ|à¥įà¤²|à¤¿à¤¨|à¤¿à¤ķ|Ġà¤®|à¥ĩà¤Ĥ|Ġà¤¸|à¤¿à¤ľ|à¤¼à¥ĩ|à¤°|à¤¿à¤¯à¤¨|Ġà¤¸|à¥ĩà¤ķ|à¥įà¤¶à¤¨|Ġà¤®|à¥ĩà¤Ĥ|Ġà¤¨|à¤¾à¤¡|à¤¿à¤¯|à¤¾|Ġà¤ķ|à¤¾|Ġà¤ľà¤¨|à¥įà¤®|Ġà¤¹|à¥ģà¤Ĩ|.|Ġà¤ľà¤¨|à¥įà¤®|Ġà¤ķ|à¥ĩ|Ġà¤¸à¤®à¤¯|Ġà¤īà¤¸à¤ķ|à¤¾|Ġà¤µà¤ľ|à¤¼à¤¨|Ġà¤¬à¤¹|à¥ģà¤¤|Ġà¤ľ|à¤¼à¥į|à¤¯|à¤¾à¤¦|à¤¾|Ġ|17|Ġà¤ª|à¥Įà¤Ĥ|à¤¡|Ġ|1|Ġà¤Ķ|à¤Ĥà¤¸|Ġà¤¥|à¤¾.","1|7|सितं|र,|2007|को|रूस|के|अल|इस्क|के|एक|मैटरनि|ट||क्लि|नि|क|में|सिज़|रि|यन|सेक|शन|में|ना|िया|का|जन्म|हुआ.|जन्म|के|समय|उसका|वज़न|बहुत|ज़्या|ा|17|पौंड|1 औंस|था.","{""42"": ""1|7|सितं|र,|2007|को|रूस|के|अल|इस्क|के|एक|मैटरनि|ट||क्लि|नि|क|में|सिज़|रि|यन|सेक|शन|में|ना|िया|का|जन्म|हुआ.|जन्म|के|समय|उसका|वज़न|बहुत|ज़्या|ा|17|पौंड|1 औंस|था."", ""43"": ""17|सितं|र,|2007|को|रूस|के|अल|इस|क|के|एक|मैटरनि|ट||क्लि|नि|क|में|सिज़|रि|यन|सेक|शन|में|ना|िया|का|जन्म|हुआ.|जन्म|के|समय|उसका|वज़न|बहुत|ज़्या|ा|17|पौंड|1 औंस|था."", ""44"": ""17|सितं|र,|2007|को|रूस|के|अल|इ|स्क|के|एक|मैटरनि|ट||क्लि|निक|में|सिज़|रि|यन|सेक|शन|में|ना|िया|का|जन्म|हुआ.|जन्म|के|समय|उसका|वज़न|बहुत|ज़्या|ा|17|पौंड|1|औंस|था."", ""45"": ""1|7|सितं|र,|2007|को|रूस|के|अलेइस्क|के|एक|मैटरनि|ट||क्लि|नि|क|में|सिज़|रि|यन|सेक|शन|में|ना|िया|का|जन्म|हुआ.|जन्म|के|समय|उसका|वज़न|बहुत|ज़्या|ा|17|पौंड|1 औंस|था."", ""46"": ""17|सितं|र,|2007|को|रूस|के|अल|इस|क|के|एक|मैटरनि|ट||क्लि|निक|में|सिज़|रि|यन|सेक|शन|में|ना|िया|का|जन्म|हुआ.|जन्म|के|समय|उसका|वज़न|बह|त|ज़्या|ा|17|पौंड|1 औंस|था.""}"
hi,"1884 में, टेस्ला न्यूयॉर्क शहर में एडिसन कंपनी के साथ नौकरी स्वीकार करने के लिए यूनाइटेड स्टेट्स ऑफ़ अमेरिका चले गए।",1,1,5,5,True,"188|4|Ġà¤®|à¥ĩà¤Ĥ,|Ġà¤Ł|à¥ĩà¤¸|à¥įà¤²|à¤¾|Ġà¤¨|à¥įà¤¯|à¥Ĥà¤¯|à¥īà¤°|à¥įà¤ķ|Ġà¤¶à¤¹à¤°|Ġà¤®|à¥ĩà¤Ĥ|Ġà¤ıà¤¡|à¤¿à¤¸à¤¨|Ġà¤ķ|à¤Ĥà¤ªà¤¨|à¥Ģ|Ġà¤ķ|à¥ĩ|Ġà¤¸|à¤¾à¤¥|Ġà¤¨|à¥Įà¤ķà¤°|à¥Ģ|Ġà¤¸|à¥įà¤µ|à¥Ģà¤ķ|à¤¾à¤°|Ġà¤ķà¤°à¤¨|à¥ĩ|Ġà¤ķ|à¥ĩ|Ġà¤²|à¤¿à¤ı|Ġà¤¯|à¥Ĥà¤¨|à¤¾à¤ĩà¤Ł|à¥ĩà¤¡|Ġà¤¸|à¥įà¤Ł|à¥ĩà¤Ł|à¥įà¤¸|Ġà¤ĳà¤«|à¤¼|Ġà¤ħà¤®|à¥ĩà¤°|à¤¿à¤ķ|à¤¾|Ġà¤ļà¤²|à¥ĩ|Ġà¤Ĺà¤ı|à¥¤","1884|में,|टेस|ला|न्य|यॉर|क|शहर|में|एडिसन|कंपन||के|साथ|नौकर||स्व|का||करने|के|लिए|यूना|टेड|स्ट|ट|स|ऑफ़|अम|रि|का|चले|गए।","{""42"": ""1884|में,|टेस|ला|न्य|यॉर|क|शहर|में|एडिसन|कंपन||के|साथ|नौकर||स्व|का||करने|के|लिए|यूना|टेड|स्ट|ट|स|ऑफ़|अम|रि|का|चले|गए।"", ""43"": ""1884|में,|टेस|ला|न्य|यॉर|क|शहर|में|एडिसन|कंपन||के|साथ|नौकर||स्व|क|||करने|के|लिए|यूना|ट|ड|स्ट|ट|स|ऑफ़|अमेरि|का|चले|गए।"", ""44"": ""1|88|4||में,|टेस्ला|न्य|य||र|क|शहर|में|एडिसन|कंपन||के|साथ|नौकर||स्व|का||करने|के|लिए|यूना|टेड|स्ट|ट|स|ऑफ़|अमेरि|का|चले|गए।"", ""45"": ""18|84||में,|टेस|ला|न्य|य|र|क|शहर|में|एडिसन|कंपनी|के|साथ|नौकर||स्व|का||करने|के|लिए|यूना|टेड|स्टेट|स|ऑफ़|अमेरि|का|चले|गए।"", ""46"": ""18|84|में,|टेस्ला|न्य|य|र|क|शहर|में|एडिसन|कंपन||के|साथ|नौक|||स्व|का||करने|के|लिए|यूना|टेड|स्ट|ट|स|ऑफ़|अमेरिका|चले|गए।""}"
hi,"1889 में यह बंदरगाह कुख्यात नौसैनिक गतिरोध का ठिकाना था उस समय जर्मनी, अमेरिका और ब्रिटेन के सात जहाजों ने इस बंदरगाह से जाने से इनकार कर दिया था.",1,1,5,5,True,"188|9|Ġà¤®|à¥ĩà¤Ĥ|Ġà¤¯à¤¹|Ġà¤¬|à¤Ĥà¤¦à¤°|à¤Ĺ|à¤¾à¤¹|Ġà¤ķ|à¥ģà¤ĸ|à¥įà¤¯|à¤¾à¤¤|Ġà¤¨|à¥Įà¤¸|à¥Īà¤¨|à¤¿à¤ķ|Ġà¤Ĺà¤¤|à¤¿à¤°|à¥ĭà¤§|Ġà¤ķ|à¤¾|Ġà¤ł|à¤¿à¤ķ|à¤¾à¤¨|à¤¾|Ġà¤¥|à¤¾|Ġà¤īà¤¸|Ġà¤¸à¤®à¤¯|Ġà¤ľà¤°|à¥įà¤®à¤¨|à¥Ģ,|Ġà¤ħà¤®|à¥ĩà¤°|à¤¿à¤ķ|à¤¾|Ġà¤Ķà¤°|Ġà¤¬|à¥įà¤°|à¤¿à¤Ł|à¥ĩà¤¨|Ġà¤ķ|à¥ĩ|Ġà¤¸|à¤¾à¤¤|Ġà¤ľà¤¹|à¤¾à¤ľ|à¥ĭà¤Ĥ|Ġà¤¨|à¥ĩ|Ġà¤ĩà¤¸|Ġà¤¬|à¤Ĥà¤¦à¤°|à¤Ĺ|à¤¾à¤¹|Ġà¤¸|à¥ĩ|Ġà¤ľ|à¤¾à¤¨|à¥ĩ|Ġà¤¸|à¥ĩ|Ġà¤ĩà¤¨à¤ķ|à¤¾à¤°|Ġà¤ķà¤°|Ġà¤¦|à¤¿à¤¯|à¤¾|Ġà¤¥|à¤¾.","1889|में|यह|बंदरग|ा||कुख्या||नौस|नि|क|गतिर|ध|का|ठिका|ा|था|उस|समय|जर्मनी,|अमेरि|का|और|ब्रि|टेन|के|सात|जहा|ों|ने|इस|बंदरग|ा||से|जाने|से|इनका||कर|दिया|था.","{""42"": ""1889|में|यह|बंदरग|ा||कुख्या||नौस|नि|क|गतिर|ध|का|ठिका|ा|था|उस|समय|जर्मनी,|अमेरि|का|और|ब्रि|टेन|के|सात|जहा|ों|ने|इस|बंदरग|ा||से|जाने|से|इनका||कर|दिया|था."", ""43"": ""188|9|में|यह|बंदरग|ा||कुख्या||नौसैनि|क|गतिर|ध|का|ठिका|ा|था|उस|समय|जर|मनी,|अमेरि|का|और|ब्रि|ट|न|के|सात|जहा|ों|ने|इस|बंदरगा||से|जाने|से|इनका||कर|दिया|था."", ""44"": ""1889|में|यह|बंदरगा||कुख|या||नौस|न||क|गतिर|ध|का|ठिका|ा|था|उस|समय|जर|मनी,|अम|रि|का|और|ब्रिट|न|के|सात|जहा|ों|ने|इस|बंदरगा||से|जाने|से|इनका||कर|दिया|था."", ""45"": ""1|889|में|यह|बंदरगा||कुख|या||नौस|निक|गतिर|ध|का|ठिका|ा|था|उस|समय|जर|मन|,|अम|रि|का|और|ब्रिट|न|के|सात|जहा|ों|ने|इस|बंदरग|ा||से|जाने|से|इनका||कर|दिया|था."", ""46"": ""1889|में|यह|बंदरगा||कुख|या||नौसैन||क|गतिर|ध|का|ठिक||ा|था|उस|समय|जर|मन|,|अमेरि|का|और|ब्रिट|न|के|सात|जहा|ों|ने|इस|बंदरगा||से|जाने|से|इनका||कर|दिया|था.""}"
hi,"1895 में, प्रथम चीन-जापान युद्ध (1894-1895) में हार के बाद, चिंग सरकार शिमोनोसेकी की संधि पर हस्ताक्षर करती है, जिसके द्वारा वह ताइवान की संप्रभुता जापान को सौंप देती है, जो 1945 तक द्वीप पर राज करता है।",1,1,5,5,True,"189|5|Ġà¤®|à¥ĩà¤Ĥ,|Ġà¤ª|à¥įà¤°à¤¥à¤®|Ġà¤ļ|à¥Ģà¤¨|-à¤ľ|à¤¾à¤ª|à¤¾à¤¨|Ġà¤¯|à¥ģà¤¦|à¥įà¤§|Ġ(|189|4|-|189|5|)|Ġà¤®|à¥ĩà¤Ĥ|Ġà¤¹|à¤¾à¤°|Ġà¤ķ|à¥ĩ|Ġà¤¬|à¤¾à¤¦|,|Ġà¤ļ|à¤¿à¤Ĥ|à¤Ĺ|Ġà¤¸à¤°à¤ķ|à¤¾à¤°|Ġà¤¶|à¤¿à¤®|à¥ĭà¤¨|à¥ĭà¤¸|à¥ĩà¤ķ|à¥Ģ|Ġà¤ķ|à¥Ģ|Ġà¤¸|à¤Ĥà¤§|à¤¿|Ġà¤ªà¤°|Ġà¤¹à¤¸|à¥įà¤¤|à¤¾à¤ķ|à¥įà¤·à¤°|Ġà¤ķà¤°à¤¤|à¥Ģ|Ġà¤¹|à¥Ī,|Ġà¤ľ|à¤¿à¤¸à¤ķ|à¥ĩ|Ġà¤¦|à¥įà¤µ|à¤¾à¤°|à¤¾|Ġà¤µà¤¹|Ġà¤¤|à¤¾à¤ĩà¤µ|à¤¾à¤¨|Ġà¤ķ|à¥Ģ|Ġà¤¸|à¤Ĥà¤ª|à¥įà¤°à¤Ń|à¥ģà¤¤|à¤¾|Ġà¤ľ|à¤¾à¤ª|à¤¾à¤¨|Ġà¤ķ|à¥ĭ|Ġà¤¸|à¥Įà¤Ĥ|à¤ª|Ġà¤¦|à¥ĩà¤¤|à¥Ģ|Ġà¤¹|à¥Ī,|Ġà¤ľ|à¥ĭ|Ġ|194|5|Ġà¤¤à¤ķ|Ġà¤¦|à¥įà¤µ|à¥Ģà¤ª|Ġà¤ªà¤°|Ġà¤°|à¤¾à¤ľ|Ġà¤ķà¤°à¤¤|à¤¾|Ġà¤¹|à¥Īà¥¤","1895|में,|प्रथ|म|चीन-|जापा||युद|ध|(1894-1895)|में|हा||के|बाद,|चिंग|सरका||शिम|नोस|क||की|संधि||पर|हस्ता|्षर|करती|है,|जिसके|द्वा|ा|वह|ता|वा||की|संप|रभ|ता|जापा||को|सौंप|देती|है,|जो|1945|तक|द्व|प|पर|रा||करता|है।","{""42"": ""1895|में,|प्रथ|म|चीन-|जापा||युद|ध|(1894-1895)|में|हा||के|बाद,|चिंग|सरका||शिम|नोस|क||की|संधि||पर|हस्ता|्षर|करती|है,|जिसके|द्वा|ा|वह|ता|वा||की|संप|रभ|ता|जापा||को|सौंप|देती|है,|जो|1945|तक|द्व|प|पर|रा||करता|है।"", ""43"": ""18|95||में,|प्रथ|म|चीन-|जापा||युद|ध|(1894-1895)|में|हा||के|बाद,|चिंग|सरका||शिम|न|सेक||की|संधि||पर|हस्ता|्षर|करती|है,|जिसक||द्वा|ा|वह|ता|वा||की|संप|रभ|ता|जापा||को|सौंप|देती|है,|जो|1945|तक|द्व|प|पर|रा||करता|है।"", ""44"": ""1895|में,|प्रथ|म|चीन-|जापा||युद|ध|(1894-1895)|में|हा||के|बाद,|चिंग|सरका||शिम|नोस|क||की|संधि||पर|हस्ता|्षर|करती|है,|जिसक||द्वा|ा|वह|ता|वा||की|संप|रभ|ता|जापा||को|सौं||देती|है,|जो|1945|तक|द्व|प|पर|रा||करता|है।"", ""45"": ""1895|में,|प्रथ|म|चीन-|जापान|युद|ध|(1894-1895)|में|हा||के|बाद,|चिंग|सरका||शिम|न|सेक||की|संधि|पर|हस्ता|्षर|करती|है,|जिसक||द्वा|ा|वह|ता|वा||की|संप|रभ|ता|जापा||को|सौंप|देती|है,|जो|1945|तक|द्वीप|पर|रा||करता|है।"", ""46"": ""1895|में,|प्रथ|म|चीन-|जा|ा||युद्ध|(1894-|1895)|में|हा||के|बाद,|चिंग|सरका||शिम|न|स|क||की|संधि||पर|हस्ता|्षर|करती|है,|जिसक||द्वा|ा|वह|ता|वा||की|संप|रभ|ता|जापा||को|सौंप|देती|है,|जो|1945|तक|द्व|प|पर|रा||करता|है।""}"
hi,18वीं शताब्दी के अंतिम वर्षों में वियतनामियों ने कंबोडिया पर भी आक्रमण किया था।,1,1,5,5,True,18|à¤µ|à¥Ģà¤Ĥ|Ġà¤¶à¤¤|à¤¾à¤¬|à¥įà¤¦|à¥Ģ|Ġà¤ķ|à¥ĩ|Ġà¤ħ|à¤Ĥà¤¤|à¤¿à¤®|Ġà¤µà¤°|à¥įà¤·|à¥ĭà¤Ĥ|Ġà¤®|à¥ĩà¤Ĥ|Ġà¤µ|à¤¿à¤¯à¤¤|à¤¨|à¤¾à¤®|à¤¿à¤¯|à¥ĭà¤Ĥ|Ġà¤¨|à¥ĩ|Ġà¤ķ|à¤Ĥà¤¬|à¥ĭà¤¡|à¤¿à¤¯|à¤¾|Ġà¤ªà¤°|Ġà¤Ń|à¥Ģ|Ġà¤Ĩà¤ķ|à¥įà¤°à¤®à¤£|Ġà¤ķ|à¤¿à¤¯|à¤¾|Ġà¤¥|à¤¾à¥¤,18|ीं|शता|्द||के|अंति|म|वर|ष|ं|में|वियतना|िय|ं|ने|कंब|डि|या|पर|भी|आक|रमण|किया|था।,"{""42"": ""18|ीं|शता|्द||के|अंति|म|वर|ष|ं|में|वियतना|िय|ं|ने|कंब|डि|या|पर|भी|आक|रमण|किया|था।"", ""43"": ""18|ीं|शता|्द||के|अंतिम|वर|षों|में|वियतना|ियों|ने|कंब|डि|या|पर|भी|आक्रमण|किया|था।"", ""44"": ""18||ं|शता|्द||के|अंति|म|वर|षों|में|वियतना|ि|यों|ने|कंब|डि|या|पर|भी|आक्रमण|किया|था।"", ""45"": ""18व|ं|शता|्द||के|अंति|म|वर|ष|ं|में|वियतना|ि|य|ं|ने|कंब|डि|या|पर|भी|आक्रमण|किया|था।"", ""46"": ""18|ीं|शता|्द||के|अंति|म|वर|ष|ं|में|वियतना|ियों|ने|कंब|डिया|पर|भी|आक|रमण|किया|था।""}"
hi,"18वीं शताब्दी के दौरान कम्बोडिया ने खुद को दो शक्तिशाली पड़ोसियों, थाईलैंड और वियतनाम के बीच दबा हुआ पाया.",1,1,5,5,True,"18|à¤µ|à¥Ģà¤Ĥ|Ġà¤¶à¤¤|à¤¾à¤¬|à¥įà¤¦|à¥Ģ|Ġà¤ķ|à¥ĩ|Ġà¤¦|à¥Įà¤°|à¤¾à¤¨|Ġà¤ķà¤®|à¥įà¤¬|à¥ĭà¤¡|à¤¿à¤¯|à¤¾|Ġà¤¨|à¥ĩ|Ġà¤ĸ|à¥ģà¤¦|Ġà¤ķ|à¥ĭ|Ġà¤¦|à¥ĭ|Ġà¤¶à¤ķ|à¥įà¤¤|à¤¿à¤¶|à¤¾à¤²|à¥Ģ|Ġà¤ªà¤¡|à¤¼à¥ĭ|à¤¸|à¤¿à¤¯|à¥ĭà¤Ĥ,|Ġà¤¥|à¤¾à¤Īà¤²|à¥Īà¤Ĥ|à¤¡|Ġà¤Ķà¤°|Ġà¤µ|à¤¿à¤¯à¤¤|à¤¨|à¤¾à¤®|Ġà¤ķ|à¥ĩ|Ġà¤¬|à¥Ģà¤ļ|Ġà¤¦à¤¬|à¤¾|Ġà¤¹|à¥ģà¤Ĩ|Ġà¤ª|à¤¾à¤¯|à¤¾.","1|8वीं|शता|्द||के|दौरा||कम्ब|डि|या|ने|खुद|को|दो|शक्तिश||ी|पड़ोसि|यों,|थाईलैंड|और|वियतना||के|बीच|दबा|हुआ|पा|ा.","{""42"": ""1|8वीं|शता|्द||के|दौरा||कम्ब|डि|या|ने|खुद|को|दो|शक्तिश||ी|पड़ोसि|यों,|थाईलैंड|और|वियतना||के|बीच|दबा|हुआ|पा|ा."", ""43"": ""18व|ं|शता|्द||के|दौरा||कम्ब|डि|या|ने|खुद|को|दो|शक्ति|शा|ी|पड़ोसि|यों,|था|ल|ंड|और|वियतना||के|बीच|दबा|हुआ|पा|ा."", ""44"": ""18वीं|शता|्द||के|दौरा||कम्ब|डि|या|ने|खुद|को|दो|शक्तिशा|ी|पड़ोसि|यों,|था|ल|ंड|और|वियतना||के|बीच|दबा|हुआ|पा|ा."", ""45"": ""18|ीं|शता|्द||के|दौरा||कम्ब|डि|या|ने|खुद|को|दो|शक्तिशा|ी|पड़ोसि|यों,|था|ल|ंड|और|वियतना||के|बीच|दबा|हुआ|पा|ा."", ""46"": ""18|ीं|शता|्द||के|दौरा||कम्ब|डि|या|ने|खुद|को|दो|शक्तिशा|ी|पड़ोसि|यों,|था|लैंड|और|वियतना||के|बीच|दबा|हुआ|पा|ा.""}"
hi,1920 के दशक के दौरान ज़्यादातर नागरिकों और देशों में शांतिवाद और अलगाव का नज़रिया प्रचलित था.,1,1,5,5,True,192|0|Ġà¤ķ|à¥ĩ|Ġà¤¦à¤¶à¤ķ|Ġà¤ķ|à¥ĩ|Ġà¤¦|à¥Įà¤°|à¤¾à¤¨|Ġà¤ľ|à¤¼à¥į|à¤¯|à¤¾à¤¦|à¤¾à¤¤à¤°|Ġà¤¨|à¤¾à¤Ĺà¤°|à¤¿à¤ķ|à¥ĭà¤Ĥ|Ġà¤Ķà¤°|Ġà¤¦|à¥ĩà¤¶|à¥ĭà¤Ĥ|Ġà¤®|à¥ĩà¤Ĥ|Ġà¤¶|à¤¾à¤Ĥ|à¤¤|à¤¿à¤µ|à¤¾à¤¦|Ġà¤Ķà¤°|Ġà¤ħà¤²à¤Ĺ|à¤¾à¤µ|Ġà¤ķ|à¤¾|Ġà¤¨à¤ľ|à¤¼à¤°|à¤¿à¤¯|à¤¾|Ġà¤ª|à¥įà¤°à¤ļ|à¤²|à¤¿à¤¤|Ġà¤¥|à¤¾.,1920|के|दशक|के|दौरा||ज़्या|ा|र|ना|रिक|ं|और|देशों|में|शा|तिवा||और|अलगा||का|नज़रि|या|प्रच|लि|त|था.,"{""42"": ""1920|के|दशक|के|दौरा||ज़्या|ा|र|ना|रिक|ं|और|देशों|में|शा|तिवा||और|अलगा||का|नज़रि|या|प्रच|लि|त|था."", ""43"": ""1920|के|दशक|के|दौरा||ज़्या|ा|र|ना|रि|क|ं|और|देश|ं|में|शा|तिवा||और|अलगा||का|नज़रि|या|प्रच|लि|त|था."", ""44"": ""1920|के|दशक|के|दौरा||ज़्या|ा|र|ना|रिक|ं|और|देश|ं|में|शा|तिवा||और|अलगा||का|नज़रि|या|प्रच|लि|त|था."", ""45"": ""192|0|के|दशक|के|दौरा||ज़्या|ा|र|ना|रि|क|ं|और|देश|ं|में|शा|तिवा||और|अलगा||का|नज़रि|या|प्रचलि|त|था."", ""46"": ""192|0|के|दशक|के|दौरा||ज़्या|ा|र|ना|रिक|ं|और|देश|ं|में|शा|तिवा||और|अलगा||का|नज़रि|या|प्रच|लि|त|था.""}"
hi,1947 में ब्रिटिश राज से पाकिस्तान के आज़ादी पाने के समय से ही क्षेत्रों पर लगभग पूरा स्वशासी नियंत्रण करने वाले FATA पर शासन करने के लिए पाकिस्तानी राष्ट्रपति ने “राजनीतिक एजेंट्स” नियुक्त किए हैं.,1,1,5,5,True,194|7|Ġà¤®|à¥ĩà¤Ĥ|Ġà¤¬|à¥įà¤°|à¤¿à¤Ł|à¤¿à¤¶|Ġà¤°|à¤¾à¤ľ|Ġà¤¸|à¥ĩ|Ġà¤ª|à¤¾à¤ķ|à¤¿à¤¸|à¥įà¤¤|à¤¾à¤¨|Ġà¤ķ|à¥ĩ|Ġà¤Ĩà¤ľ|à¤¼à¤¾|à¤¦|à¥Ģ|Ġà¤ª|à¤¾à¤¨|à¥ĩ|Ġà¤ķ|à¥ĩ|Ġà¤¸à¤®à¤¯|Ġà¤¸|à¥ĩ|Ġà¤¹|à¥Ģ|Ġà¤ķ|à¥įà¤·|à¥ĩà¤¤|à¥įà¤°|à¥ĭà¤Ĥ|Ġà¤ªà¤°|Ġà¤²à¤Ĺà¤Ńà¤Ĺ|Ġà¤ª|à¥Ĥà¤°|à¤¾|Ġà¤¸|à¥įà¤µà¤¶|à¤¾à¤¸|à¥Ģ|Ġà¤¨|à¤¿à¤¯|à¤Ĥà¤¤|à¥įà¤°à¤£|Ġà¤ķà¤°à¤¨|à¥ĩ|Ġà¤µ|à¤¾à¤²|à¥ĩ|ĠF|ATA|Ġà¤ªà¤°|Ġà¤¶|à¤¾à¤¸à¤¨|Ġà¤ķà¤°à¤¨|à¥ĩ|Ġà¤ķ|à¥ĩ|Ġà¤²|à¤¿à¤ı|Ġà¤ª|à¤¾à¤ķ|à¤¿à¤¸|à¥įà¤¤|à¤¾à¤¨|à¥Ģ|Ġà¤°|à¤¾à¤·|à¥įà¤Ł|à¥įà¤°à¤ªà¤¤|à¤¿|Ġà¤¨|à¥ĩ|ĠâĢľ|à¤°|à¤¾à¤ľà¤¨|à¥Ģà¤¤|à¤¿à¤ķ|Ġà¤ıà¤ľ|à¥ĩà¤Ĥ|à¤Ł|à¥įà¤¸|âĢĿ|Ġà¤¨|à¤¿à¤¯|à¥ģà¤ķ|à¥įà¤¤|Ġà¤ķ|à¤¿à¤ı|Ġà¤¹|à¥Īà¤Ĥ.,1947|में|ब्रिटि|श|रा||से|पा|िस्ता||के|आज़ा|ी|पा|े|के|समय|से|ही|क्ष|त्रों|पर|लग|ग|पूरा|स्वशा|ी|नियंत|रण|करने|वा|े|FATA|पर|शा|न|करने|के|लिए|पा|िस्ता|ी|रा|्ट्रपति||ने|“रा|नीति|क|एजेंट|स”||नियुक|त|किए|हैं.,"{""42"": ""1947|में|ब्रिटि|श|रा||से|पा|िस्ता||के|आज़ा|ी|पा|े|के|समय|से|ही|क्ष|त्रों|पर|लग|ग|पूरा|स्वशा|ी|नियंत|रण|करने|वा|े|FATA|पर|शा|न|करने|के|लिए|पा|िस्ता|ी|रा|्ट्रपति||ने|“रा|नीति|क|एजेंट|स”||नियुक|त|किए|हैं."", ""43"": ""194|7|में|ब्रिटि|श|रा||से|पा|िस्ता||के|आज़ा|ी|पा|े|के|समय|से|ही|क्ष|त्र|ं|पर|लगभग|पूरा|स्वश||ी|नियंत|रण|करने|वा|े|FATA|पर|शा|न|करने|के|लिए|पा|िस्ता|ी|रा|्ट्रपति|ने|“रा|नीतिक|एजेंट|स”|नियुक|त|किए|हैं."", ""44"": ""194|7|में|ब्रि|टि|श|रा||से|पा|िस्ता||के|आज़ा|ी|पा|े|के|समय|से|ही|क्ष|त्रों|पर|लगभग|पूरा|स्वशा|ी|नियं||रण|करने|वा|े|FATA|पर|शा|न|करने|के|लिए|पा|िस्ता|ी|रा|्ट्रपति||ने|“रा|नीतिक|एजेंट|स”|नियुक|त|किए|हैं."", ""45"": ""1947||में|ब्रि|टि|श|रा||से|पा|िस्ता||के|आज़ा|ी|पा|े|के|समय|से|ही|क्षेत्रों|पर|लगभग|पूरा|स्वशा|ी|नियंत|रण|करने|वा|े|FATA|पर|शा|न|करने|के|लिए|पा|िस्ता|ी|रा|्ट्रपति|ने|“|रा|नीतिक|एजेंट|स”|नियुक|त|किए|हैं."", ""46"": ""1|947|में|ब्रि|टि|श|रा||से|पा|िस्ता||के|आज़ा|ी|पा|े|के|समय|से|ही|क्ष|त्रों|पर|लगभग|पूरा|स्वशा|ी|नियंत|रण|करने|वा|े|FATA|पर|शा|न|करने|के|लिए|पा|िस्ता|ी|रा|्ट्रपति||ने|“रा|नीत||क|एज|ंट|स”||नियुक|त|किए|हैं.""}"
hi,"1951 में, आग के कारण ड्रुकग्याल ज़ॉञ्ग के केवल कुछ ही अवशेष बचे, जैसे कि ज़्हाबद्रुंग गवांग नामग्याल का चित्र।",1,1,5,5,True,"195|1|Ġà¤®|à¥ĩà¤Ĥ,|Ġà¤Ĩà¤Ĺ|Ġà¤ķ|à¥ĩ|Ġà¤ķ|à¤¾à¤°à¤£|Ġà¤¡|à¥įà¤°|à¥ģà¤ķ|à¤Ĺ|à¥įà¤¯|à¤¾à¤²|Ġà¤ľ|à¤¼à¥ī|à|¤|ŀ|à¥įà¤Ĺ|Ġà¤ķ|à¥ĩ|Ġà¤ķ|à¥ĩà¤µà¤²|Ġà¤ķ|à¥ģà¤Ľ|Ġà¤¹|à¥Ģ|Ġà¤ħà¤µà¤¶|à¥ĩà¤·|Ġà¤¬à¤ļ|à¥ĩ,|Ġà¤ľ|à¥Īà¤¸|à¥ĩ|Ġà¤ķ|à¤¿|Ġà¤ľ|à¤¼à¥į|à¤¹|à¤¾à¤¬|à¤¦|à¥įà¤°|à¥ģà¤Ĥ|à¤Ĺ|Ġà¤Ĺà¤µ|à¤¾à¤Ĥ|à¤Ĺ|Ġà¤¨|à¤¾à¤®à¤Ĺ|à¥įà¤¯|à¤¾à¤²|Ġà¤ķ|à¤¾|Ġà¤ļ|à¤¿à¤¤|à¥įà¤°|à¥¤","195|1||में,|आग|के|कारण|ड्र|कग|या||ज़ॉञ्ग|के|केवल|कुछ|ही|अवश|ष|बचे,|जैस||कि|ज़्हा|द|र|ंग|गवा|ग|नामग|या||का|चित|र|","{""42"": ""195|1||में,|आग|के|कारण|ड्र|कग|या||ज़ॉञ्ग|के|केवल|कुछ|ही|अवश|ष|बचे,|जैस||कि|ज़्हा|द|र|ंग|गवा|ग|नामग|या||का|चित|र|"", ""43"": ""195|1|में,|आग|के|का|ण|ड्र|कग|या||ज़ॉञ्ग|के|केवल|कुछ|ही|अवश|ष|बचे,|जैसे|कि|ज़्हा|द|र|ंग|गवा|ग|ना|ग्या||का|चित|र|"", ""44"": ""1|95|1|में,|आग|के|कारण|ड्र|कग्या||ज़ॉञ्ग|के|केवल|कुछ|ही|अवश|ष|बचे,|जैसे|कि|ज़|हा|द|र|ंग|गवा|ग|ना|ग्या||का|चित|र|"", ""45"": ""1951|में,|आग|के|का|ण|ड्र|क|||या||ज़ॉञ्ग|के|केवल|कुछ|ही|अवश|ष|बचे,|जैसे|कि|ज़्हा|द्र|ंग|गवा|ग|नामग|या||का|चित|र|"", ""46"": ""1951|में,|आग|के|कारण|ड्र|कग|या||ज़ॉञ्ग|के|केवल|कुछ|ही|अवश|ष|बचे,|जैसे|कि|ज़्हा|द|र|ंग|गवा|ग|ना|ग|या||का|चित|र।""}"
hi,1957 में लक्जमबर्ग उस संगठन का संस्थापक सदस्य बन गया था जिसे आज यूरोपीय संघ के रूप में जाना जाता है.,1,1,5,5,True,195|7|Ġà¤®|à¥ĩà¤Ĥ|Ġà¤²à¤ķ|à¥įà¤ľ|à¤®|à¤¬à¤°|à¥įà¤Ĺ|Ġà¤īà¤¸|Ġà¤¸|à¤Ĥà¤Ĺà¤łà¤¨|Ġà¤ķ|à¤¾|Ġà¤¸|à¤Ĥà¤¸|à¥įà¤¥|à¤¾à¤ªà¤ķ|Ġà¤¸à¤¦à¤¸|à¥įà¤¯|Ġà¤¬à¤¨|Ġà¤Ĺà¤¯|à¤¾|Ġà¤¥|à¤¾|Ġà¤ľ|à¤¿à¤¸|à¥ĩ|Ġà¤Ĩà¤ľ|Ġà¤¯|à¥Ĥà¤°|à¥ĭà¤ª|à¥Ģà¤¯|Ġà¤¸|à¤Ĥà¤ĺ|Ġà¤ķ|à¥ĩ|Ġà¤°|à¥Ĥà¤ª|Ġà¤®|à¥ĩà¤Ĥ|Ġà¤ľ|à¤¾à¤¨|à¤¾|Ġà¤ľ|à¤¾à¤¤|à¤¾|Ġà¤¹|à¥Ī.,1|957|में|लक्जमबर|ग|उस|संगठ|न|का|संस्था|क|सदस|य|बन|गया|था|जिसे|आज|यूर|प|य|संघ|के|रूप|में|जाना|जाता|है.,"{""42"": ""1|957|में|लक्जमबर|ग|उस|संगठ|न|का|संस्था|क|सदस|य|बन|गया|था|जिसे|आज|यूर|प|य|संघ|के|रूप|में|जाना|जाता|है."", ""43"": ""195|7|में|लक्जमबर|ग|उस|संगठन|का|संस्था|क|सदस|य|बन|गया|था|जिसे|आज|यूर|प|य|संघ|के|रूप|में|जाना|जाता|है."", ""44"": ""195|7|में|लक्जमबर|ग|उस|संगठन|का|संस|था|क|सदस|य|बन|गया|था|जिसे|आज|यूर|प|य|संघ|के|रूप|में|जाना|जाता|है."", ""45"": ""195|7|में|लक्जमबर|ग|उस|संगठ|न|का|संस्था|क|सदस|य|बन|गया|था|जिसे|आज|यूर|पीय|संघ|के|रूप|में|जाना|जाता|है."", ""46"": ""195|7|में|लक्जमबर|ग|उस|संग|न|का|संस|था|क|सदस|य|बन|गया|था|जिसे|आज|यूर|प|य|संघ|के|रूप|में|जाना|जाता|है.""}"
hi,"1960 के दशक के दौरान, ब्रेझिन्स्की ने जॉन एफ कैनेडी के सलाहकार के तौर पर और उसके बाद लिंडन बी जॉनसन के प्रशासन के लिए काम किया.",1,1,5,5,True,"196|0|Ġà¤ķ|à¥ĩ|Ġà¤¦à¤¶à¤ķ|Ġà¤ķ|à¥ĩ|Ġà¤¦|à¥Įà¤°|à¤¾à¤¨|,|Ġà¤¬|à¥įà¤°|à¥ĩà¤|Ŀ|à¤¿à¤¨|à¥įà¤¸|à¥įà¤ķ|à¥Ģ|Ġà¤¨|à¥ĩ|Ġà¤ľ|à¥īà¤¨|Ġà¤ıà¤«|Ġà¤ķ|à¥Īà¤¨|à¥ĩà¤¡|à¥Ģ|Ġà¤ķ|à¥ĩ|Ġà¤¸à¤²|à¤¾à¤¹à¤ķ|à¤¾à¤°|Ġà¤ķ|à¥ĩ|Ġà¤¤|à¥Įà¤°|Ġà¤ªà¤°|Ġà¤Ķà¤°|Ġà¤īà¤¸à¤ķ|à¥ĩ|Ġà¤¬|à¤¾à¤¦|Ġà¤²|à¤¿à¤Ĥ|à¤¡|à¤¨|Ġà¤¬|à¥Ģ|Ġà¤ľ|à¥īà¤¨|à¤¸à¤¨|Ġà¤ķ|à¥ĩ|Ġà¤ª|à¥įà¤°à¤¶|à¤¾à¤¸à¤¨|Ġà¤ķ|à¥ĩ|Ġà¤²|à¤¿à¤ı|Ġà¤ķ|à¤¾à¤®|Ġà¤ķ|à¤¿à¤¯|à¤¾.","1960|के|दशक|के|दौरा|,|ब्र|झ|िन्स|क||ने|जॉन|एफ|कैन||||के|सला|का||के|तौर|पर|और|उसके|बाद|लिंडन|बी|जॉनसन|के|प्रशा|न|के|लिए|का||किया.","{""42"": ""1960|के|दशक|के|दौरा|,|ब्र|झ|िन्स|क||ने|जॉन|एफ|कैन||||के|सला|का||के|तौर|पर|और|उसके|बाद|लिंडन|बी|जॉनसन|के|प्रशा|न|के|लिए|का||किया."", ""43"": ""1960|के|दशक|के|दौरा|,|ब्र|झ|ि|न|स|क||ने|जॉन|एफ|कैन|ड||के|सला|का||के|तौर|पर|और|उसके|बाद|लिंडन|बी|जॉनसन|के|प्रशा|न|के|लिए|का||किया."", ""44"": ""19|60|के|दशक|के|दौरा|,|ब्र|झ|िन|स|क||ने|जॉन|एफ|कैनेड||के|सला|का||के|तौर|पर|और|उसके|बाद|लिंडन|बी|जॉनसन|के|प्रशा|न|के|लिए|का||किया."", ""45"": ""196|0||के|दशक|के|दौरा|,|ब्र|झ|िन्स|क||ने|जॉन|एफ|कैनेड||के|सला|का||के|तौर|पर|और|उसके|बाद|लिंडन|बी|जॉनसन|के|प्रशा|न|के|लिए|काम|किया."", ""46"": ""1960|के|दशक|के|दौरा|,|ब्र|झिन|स|क||ने|जॉन|एफ|कैने|||के|सला|का||के|तौर|पर|और|उसके|बाद|लिंडन|बी|जॉनसन|के|प्रशा|न|के|लिए|का||किया.""}"
hi,1960 के दशक में फिल्म निर्देशन सिखाने के लिए वह नए स्वतंत्र हुए अल्जीरिया वापस आ गए।,1,1,5,5,True,196|0|Ġà¤ķ|à¥ĩ|Ġà¤¦à¤¶à¤ķ|Ġà¤®|à¥ĩà¤Ĥ|Ġà¤«|à¤¿à¤²|à¥įà¤®|Ġà¤¨|à¤¿à¤°|à¥įà¤¦|à¥ĩà¤¶à¤¨|Ġà¤¸|à¤¿à¤ĸ|à¤¾à¤¨|à¥ĩ|Ġà¤ķ|à¥ĩ|Ġà¤²|à¤¿à¤ı|Ġà¤µà¤¹|Ġà¤¨à¤ı|Ġà¤¸|à¥įà¤µà¤¤|à¤Ĥà¤¤|à¥įà¤°|Ġà¤¹|à¥ģà¤ı|Ġà¤ħà¤²|à¥įà¤ľ|à¥Ģà¤°|à¤¿à¤¯|à¤¾|Ġà¤µ|à¤¾à¤ªà¤¸|Ġà¤Ĩ|Ġà¤Ĺà¤ı|à¥¤,1960|के|दशक|में|फिल|म|निर|द|शन|सिखा|े|के|लिए|वह|नए|स्वतंत|र|हुए|अल|ज|रि|या|वा|स|आ गए।,"{""42"": ""1960|के|दशक|में|फिल|म|निर|द|शन|सिखा|े|के|लिए|वह|नए|स्वतंत|र|हुए|अल|ज|रि|या|वा|स|आ गए।"", ""43"": ""1960|के|दशक|में|फिल|म|निर|द|शन|सिखा|े|के|लिए|वह|नए|स्वतं||र|हुए|अल|ज|रि|या|वा|स|आ गए।"", ""44"": ""1960||के|दशक|में|फिल्म|निर|द|शन|सिखा|े|के|लिए|वह|नए|स्वतंत|र|हुए|अल|ज|रि|या|वा|स|आ गए।"", ""45"": ""1960|के|दशक|में|फिल्म|निर|द|शन|सिखा|े|के|लिए|वह|नए|स्वतं||र|हुए|अल|ज|रिया|वा|स|आ गए।"", ""46"": ""1|96|0||के|दशक|में|फिल|म|निर|द|शन|सिखा|े|के|लिए|वह|नए|स्वतंत|र|हुए|अल|ज|रिया|वा|स|आ गए।""}"
hi,"1963 में बाँध बनने के बाद, मौसमी बाढ़ जो पूरे नदी में तलछट फैला देगी वह रुक गई थी.",1,1,5,5,True,"196|3|Ġà¤®|à¥ĩà¤Ĥ|Ġà¤¬|à¤¾à¤ģ|à¤§|Ġà¤¬à¤¨à¤¨|à¥ĩ|Ġà¤ķ|à¥ĩ|Ġà¤¬|à¤¾à¤¦|,|Ġà¤®|à¥Įà¤¸à¤®|à¥Ģ|Ġà¤¬|à¤¾à¤¢|à¤¼|Ġà¤ľ|à¥ĭ|Ġà¤ª|à¥Ĥà¤°|à¥ĩ|Ġà¤¨à¤¦|à¥Ģ|Ġà¤®|à¥ĩà¤Ĥ|Ġà¤¤à¤²|à¤Ľ|à¤Ł|Ġà¤«|à¥Īà¤²|à¤¾|Ġà¤¦|à¥ĩà¤Ĺ|à¥Ģ|Ġà¤µà¤¹|Ġà¤°|à¥ģà¤ķ|Ġà¤Ĺà¤Ī|Ġà¤¥|à¥Ģ.","196|3||में|बा|ध|बनने|के|बाद,|मौसम||बाढ़|जो|पूर||नदी|में|तलछट|फैल||देगी|वह|रुक|गई|थी.","{""42"": ""196|3||में|बा|ध|बनने|के|बाद,|मौसम||बाढ़|जो|पूर||नदी|में|तलछट|फैल||देगी|वह|रुक|गई|थी."", ""43"": ""1963|में|बाँध|बनने|के|बाद,|मौसम||बाढ़|जो|पूर||नदी|में|तलछट|फैला|देगी|वह|रुक|गई|थी."", ""44"": ""1963|में|बाँध|बनन||के|बाद,|मौसम||बाढ़|जो|पूर||नदी|में|तलछट|फैल||देगी|वह|रुक|गई|थी."", ""45"": ""196|3|में|बाँध|बनने|के|बाद,|मौसमी|बाढ़|जो|पूर||नदी|में|तलछट|फैला|देगी|वह|रुक|गई|थी."", ""46"": ""196|3|में|बाँध|बनने|के|बाद,|मौसम||बाढ़|जो|पूर||नदी|में|तलछट|फैला|देगी|वह|रुक|गई|थी.""}"
hi,"1966 से सुंदरबन वन्यजीव अभ्यारण बन गया है और एक आकलन के अनुसार इस इलाके में अब लगभग 400 रॉयल बंगाल टाइगर्स और लगभग 30,000 चीतल हैं.",1,1,5,5,True,"196|6|Ġà¤¸|à¥ĩ|Ġà¤¸|à¥ģà¤Ĥ|à¤¦à¤°|à¤¬à¤¨|Ġà¤µà¤¨|à¥įà¤¯|à¤ľ|à¥Ģà¤µ|Ġà¤ħà¤Ń|à¥įà¤¯|à¤¾à¤°à¤£|Ġà¤¬à¤¨|Ġà¤Ĺà¤¯|à¤¾|Ġà¤¹|à¥Ī|Ġà¤Ķà¤°|Ġà¤ıà¤ķ|Ġà¤Ĩà¤ķà¤²à¤¨|Ġà¤ķ|à¥ĩ|Ġà¤ħà¤¨|à¥ģà¤¸|à¤¾à¤°|Ġà¤ĩà¤¸|Ġà¤ĩà¤²|à¤¾à¤ķ|à¥ĩ|Ġà¤®|à¥ĩà¤Ĥ|Ġà¤ħà¤¬|Ġà¤²à¤Ĺà¤Ńà¤Ĺ|Ġ|400|Ġà¤°|à¥īà¤¯à¤²|Ġà¤¬|à¤Ĥà¤Ĺ|à¤¾à¤²|Ġà¤Ł|à¤¾à¤ĩà¤Ĺà¤°|à¥įà¤¸|Ġà¤Ķà¤°|Ġà¤²à¤Ĺà¤Ńà¤Ĺ|Ġ|30|,|000|Ġà¤ļ|à¥Ģà¤¤|à¤²|Ġà¤¹|à¥Īà¤Ĥ.","196|6|से|सुंदरबन|वन्यज|व|अभ्या|ण|बन|गया|है|और|एक|आकलन|के|अनुसा||इस|इला|े|में|अब|लगभग|400|रॉयल|बंगा||टा|गर|स|और|लगभग|30,000|चीतल|हैं.","{""42"": ""196|6|से|सुंदरबन|वन्यज|व|अभ्या|ण|बन|गया|है|और|एक|आकलन|के|अनुसा||इस|इला|े|में|अब|लगभग|400|रॉयल|बंगा||टा|गर|स|और|लगभग|30,000|चीतल|हैं."", ""43"": ""1966|से|सुंदरबन|वन्यज||व|अभ्या|ण|बन|गया|है|और|एक|आकलन|के|अनुसा||इस|इला|े|में|अब|लगभग|400|रॉयल|बंगा||टा|गर|स|और|लगभग|30,000|चीतल|हैं."", ""44"": ""196|6||से|सुंदरबन|वन्यज|व|अभ्या|ण|बन|गया|है|और|एक|आकलन|के|अन|सा||इस|इला|े|में|अब|लगभग|400|रॉयल|बंगा||टा|गर|स|और|लगभग|30,000|चीतल|हैं."", ""45"": ""1966|से|सुंदरबन|वन्यज|व|अभ्या|ण|बन|गया|है|और|एक|आकलन|के|अन|सा||इस|इला|े|में|अब|लगभग|400|रॉयल|बंगा||टा|गर|स|और|लगभग|30,000|चीतल|हैं."", ""46"": ""1966||से|सुंदरबन|वन्यज|व|अभ्या|ण|बन|गया|है|और|एक|आकलन|के|अनुसा||इस|इला|े|में|अब|लगभग|400|रॉयल|बंगा||टा|गर|स|और|लगभग|30,000|चीतल|हैं.""}"
hi,"1976 चयन के दौरान उन्होंने विदेश नीति पर कार्टर को सलाह दी, फिर 1977 से लेकर 1981 तक राष्ट्रीय सुरक्षा सलाहकार (एनएसए) के रूप में हेनरी किसिंजर को सेवा दी.",1,1,5,5,True,"197|6|Ġà¤ļà¤¯à¤¨|Ġà¤ķ|à¥ĩ|Ġà¤¦|à¥Įà¤°|à¤¾à¤¨|Ġà¤īà¤¨|à¥įà¤¹|à¥ĭà¤Ĥ|à¤¨|à¥ĩ|Ġà¤µ|à¤¿à¤¦|à¥ĩà¤¶|Ġà¤¨|à¥Ģà¤¤|à¤¿|Ġà¤ªà¤°|Ġà¤ķ|à¤¾à¤°|à¥įà¤Łà¤°|Ġà¤ķ|à¥ĭ|Ġà¤¸à¤²|à¤¾à¤¹|Ġà¤¦|à¥Ģ,|Ġà¤«|à¤¿à¤°|Ġ|197|7|Ġà¤¸|à¥ĩ|Ġà¤²|à¥ĩà¤ķà¤°|Ġ|198|1|Ġà¤¤à¤ķ|Ġà¤°|à¤¾à¤·|à¥įà¤Ł|à¥įà¤°|à¥Ģà¤¯|Ġà¤¸|à¥ģà¤°à¤ķ|à¥įà¤·|à¤¾|Ġà¤¸à¤²|à¤¾à¤¹à¤ķ|à¤¾à¤°|Ġ(|à¤ıà¤¨à¤ıà¤¸|à¤ı|)|Ġà¤ķ|à¥ĩ|Ġà¤°|à¥Ĥà¤ª|Ġà¤®|à¥ĩà¤Ĥ|Ġà¤¹|à¥ĩà¤¨à¤°|à¥Ģ|Ġà¤ķ|à¤¿à¤¸|à¤¿à¤Ĥ|à¤ľà¤°|Ġà¤ķ|à¥ĭ|Ġà¤¸|à¥ĩà¤µ|à¤¾|Ġà¤¦|à¥Ģ.","197|6||चयन|के|दौरा||उन्ह|ंने|विद|श|नीति|पर|का|्टर|को|सला||दी,|फिर|1977|से|लेकर|1981|तक|रा|्ट्र|य|सुरक|षा|सला|का||(एनए|ए)|के|रूप|में|हेनर||किसिंजर|को|सेवा|दी.","{""42"": ""197|6||चयन|के|दौरा||उन्ह|ंने|विद|श|नीति|पर|का|्टर|को|सला||दी,|फिर|1977|से|लेकर|1981|तक|रा|्ट्र|य|सुरक|षा|सला|का||(एनए|ए)|के|रूप|में|हेनर||किसिंजर|को|सेवा|दी."", ""43"": ""1976||चयन|के|दौरा||उन्ह|ंने|विद|श|नीति|पर|का|्टर|को|सला||दी,|फिर|1977|से|लेकर|1981|तक|रा|्ट्र|य|सुरक|षा|सला|का||(एनए|ए)|के|रूप|में|हेनर||किसिं|र|को|सेवा|दी."", ""44"": ""197|6||चयन|के|दौरा||उन्ह|ंन||विद|श|नीत||पर|का|्टर|को|सला||दी,|फिर|1977|से|लेकर|1981|तक|रा|्ट्र|य|सुरक|षा|सला|का||(एनए|ए)|के|रूप|में|हेनर||किसिंजर|को|सेवा|दी."", ""45"": ""1976|चयन|के|दौरा||उन्ह|ंने|विद|श|नीति|पर|का|्टर|को|सला||दी,|फिर|1977|से|लेकर|1981|तक|रा|्ट्र|य|सुरक|षा|सला|का||(एनए|ए)|के|रूप|में|हेनर||किसिंजर|को|सेवा|दी."", ""46"": ""1976|चयन|के|दौरा||उन्ह|ंने|विद|श|नीत||पर|का|्टर|को|सला||दी,|फिर|1977|से|लेकर|1981|तक|रा|्ट्र|य|सुरक|षा|सला|का||(एनए|ए)|के|रूप|में|हेनर||किसिं|र|को|सेवा|दी.""}"
hi,"1977 में, डॉ. डेमेडियन ने सबसे पहले “पूरे शरीर पर” एमआरआई स्कैनर की संरचना का निर्माण किया, जिसे उन्होंने “अदम्य” नाम दिया.",1,1,5,5,True,"197|7|Ġà¤®|à¥ĩà¤Ĥ,|Ġà¤¡|à¥ī.|Ġà¤¡|à¥ĩà¤®|à¥ĩà¤¡|à¤¿à¤¯à¤¨|Ġà¤¨|à¥ĩ|Ġà¤¸à¤¬à¤¸|à¥ĩ|Ġà¤ªà¤¹à¤²|à¥ĩ|ĠâĢľ|à¤ª|à¥Ĥà¤°|à¥ĩ|Ġà¤¶à¤°|à¥Ģà¤°|Ġà¤ªà¤°|âĢĿ|Ġà¤ıà¤®|à¤Ĩà¤°|à¤Ĩà¤Ī|Ġà¤¸|à¥įà¤ķ|à¥Īà¤¨à¤°|Ġà¤ķ|à¥Ģ|Ġà¤¸|à¤Ĥà¤°à¤ļà¤¨|à¤¾|Ġà¤ķ|à¤¾|Ġà¤¨|à¤¿à¤°|à¥įà¤®|à¤¾à¤£|Ġà¤ķ|à¤¿à¤¯|à¤¾,|Ġà¤ľ|à¤¿à¤¸|à¥ĩ|Ġà¤īà¤¨|à¥įà¤¹|à¥ĭà¤Ĥ|à¤¨|à¥ĩ|ĠâĢľ|à¤ħ|à¤¦à¤®|à¥įà¤¯|âĢĿ|Ġà¤¨|à¤¾à¤®|Ġà¤¦|à¤¿à¤¯|à¤¾.","197|7|में,|डॉ.|डेम|डि|यन|ने|सबसे|पहले|“|पूर||शर|र|पर”|एमआ|आई|स्क|नर|की|संरचना|का|निर|मा||किया,|जिसे|उन्ह|ंने|“|अदम|य”||ना||दिया.","{""42"": ""197|7|में,|डॉ.|डेम|डि|यन|ने|सबसे|पहले|“|पूर||शर|र|पर”|एमआ|आई|स्क|नर|की|संरचना|का|निर|मा||किया,|जिसे|उन्ह|ंने|“|अदम|य”||ना||दिया."", ""43"": ""1|977|में,|डॉ.|डेम|डि|यन|ने|सबसे|पहले|“|पूर||शरीर|पर”|एमआरआ||स्क|नर|की|संरचना|का|निर|मा||किया,|जिसे|उन्ह|ंने|“|अदम|य”|ना||दिया."", ""44"": ""197|7|में,|डॉ.|डेम|डि|यन|ने|सबसे|पहले|“पूर||शर|र|पर”|एमआ|आ||स्क|नर|की|संरचना|का|निर|मा||किया,|जिसे|उन्ह|ंने|“|अदम|य”|ना||दिया."", ""45"": ""1977|में,|डॉ.|डेम|डि|यन|ने|सबसे|पहले|“|पूर||शर|र|पर”|एमआरआई|स्कैनर|की|संरचना|का|निर|मा||किया,|जिसे|उन्ह|ंने|“अदम|य”||ना||दिया."", ""46"": ""1977|में,|डॉ.|डेम|डि|यन|ने|सबसे|पहल||“पूर||शर|र|पर”|एमआ|आ||स्क|नर|की|संरचना|का|निर|मा||किया,|जिसे|उन्ह|ंने|“|अदम|य”|ना||दिया.""}"
hi,"1980 के दशक के दौरान उन्होंने टैक्सी, चीयर्स, और द ट्रेसी उल्मैन शो जैसे शो में काम किया था.",1,1,5,5,True,"198|0|Ġà¤ķ|à¥ĩ|Ġà¤¦à¤¶à¤ķ|Ġà¤ķ|à¥ĩ|Ġà¤¦|à¥Įà¤°|à¤¾à¤¨|Ġà¤īà¤¨|à¥įà¤¹|à¥ĭà¤Ĥ|à¤¨|à¥ĩ|Ġà¤Ł|à¥Īà¤ķ|à¥įà¤¸|à¥Ģ,|Ġà¤ļ|à¥Ģà¤¯à¤°|à¥įà¤¸|,|Ġà¤Ķà¤°|Ġà¤¦|Ġà¤Ł|à¥įà¤°|à¥ĩà¤¸|à¥Ģ|Ġà¤īà¤²|à¥įà¤®|à¥Īà¤¨|Ġà¤¶|à¥ĭ|Ġà¤ľ|à¥Īà¤¸|à¥ĩ|Ġà¤¶|à¥ĭ|Ġà¤®|à¥ĩà¤Ĥ|Ġà¤ķ|à¤¾à¤®|Ġà¤ķ|à¤¿à¤¯|à¤¾|Ġà¤¥|à¤¾.","1|980|के|दशक|के|दौरा||उन्ह|ंने|टैक्स|,|चीयर|स,|और|द|ट्र|स||उल्म|न|शो|जैसे|शो|में|का||किया|था.","{""42"": ""1|980|के|दशक|के|दौरा||उन्ह|ंने|टैक्स|,|चीयर|स,|और|द|ट्र|स||उल्म|न|शो|जैसे|शो|में|का||किया|था."", ""43"": ""1|980||के|दशक|के|दौरा||उन्ह|ंन||टैक|स|,|चीय||स,|और|द|ट्र|सी|उल्म|न|शो|जैसे|शो|में|का||किया|था."", ""44"": ""1980|के|दशक|के|दौरा||उन्ह|ंन||टैक|स|,|चीयर|स,|और|द|ट्र|सी|उल्म|न|शो|जैसे|शो|में|का||किया|था."", ""45"": ""198|0|के|दशक|के|दौरा||उन्ह|ंने|टैक|स|,|चीयर|स,|और|द|ट्र|सी|उल|म|न|शो|जैसे|शो|में|का||किया|था."", ""46"": ""1980|के|दशक|के|दौरा||उन्ह|ंन||टैक्स|,|चीयर|स,|और|द|ट्र|सी|उल्म|न|शो|जैसे|शो|में|का||किया|था.""}"
hi,"1988 के बाद से, मतपेटियांपारदर्शी होनी चाहिए थीं ताकि मतदाता और पर्यवेक्षक यह देख सकें कि मत के शुरू होने से पहले मतपेटी में कोई लिफ़ाफ़ा तो मौजूद नहीं है और वैध मतों के अलवा कोई अन्य मत तो नहीं दिया गया है.",1,1,5,5,True,"198|8|Ġà¤ķ|à¥ĩ|Ġà¤¬|à¤¾à¤¦|Ġà¤¸|à¥ĩ,|Ġà¤®à¤¤|à¤ª|à¥ĩà¤Ł|à¤¿à¤¯|à¤¾à¤Ĥ|à¤ª|à¤¾à¤°à¤¦à¤°|à¥įà¤¶|à¥Ģ|Ġà¤¹|à¥ĭà¤¨|à¥Ģ|Ġà¤ļ|à¤¾à¤¹|à¤¿à¤ı|Ġà¤¥|à¥Ģà¤Ĥ|Ġà¤¤|à¤¾à¤ķ|à¤¿|Ġà¤®à¤¤à¤¦|à¤¾à¤¤|à¤¾|Ġà¤Ķà¤°|Ġà¤ªà¤°|à¥įà¤¯à¤µ|à¥ĩà¤ķ|à¥įà¤·à¤ķ|Ġà¤¯à¤¹|Ġà¤¦|à¥ĩà¤ĸ|Ġà¤¸à¤ķ|à¥ĩà¤Ĥ|Ġà¤ķ|à¤¿|Ġà¤®à¤¤|Ġà¤ķ|à¥ĩ|Ġà¤¶|à¥ģà¤°|à¥Ĥ|Ġà¤¹|à¥ĭà¤¨|à¥ĩ|Ġà¤¸|à¥ĩ|Ġà¤ªà¤¹à¤²|à¥ĩ|Ġà¤®à¤¤|à¤ª|à¥ĩà¤Ł|à¥Ģ|Ġà¤®|à¥ĩà¤Ĥ|Ġà¤ķ|à¥ĭà¤Ī|Ġà¤²|à¤¿à¤«|à¤¼à¤¾|à¤«|à¤¼à¤¾|Ġà¤¤|à¥ĭ|Ġà¤®|à¥Įà¤ľ|à¥Ĥà¤¦|Ġà¤¨à¤¹|à¥Ģà¤Ĥ|Ġà¤¹|à¥Ī|Ġà¤Ķà¤°|Ġà¤µ|à¥Īà¤§|Ġà¤®à¤¤|à¥ĭà¤Ĥ|Ġà¤ķ|à¥ĩ|Ġà¤ħà¤²|à¤µ|à¤¾|Ġà¤ķ|à¥ĭà¤Ī|Ġà¤ħà¤¨|à¥įà¤¯|Ġà¤®à¤¤|Ġà¤¤|à¥ĭ|Ġà¤¨à¤¹|à¥Ģà¤Ĥ|Ġà¤¦|à¤¿à¤¯|à¤¾|Ġà¤Ĺà¤¯|à¤¾|Ġà¤¹|à¥Ī.","1988|के|बाद|से,|मतप|टि|या|पा|दर|श||होनी|चा|िए|थीं|ता|ि|मतदा|ा|और|पर|यव|क|षक|यह|देख|सकें|कि|मत|के|शुर||होने|से|पहले|मतप|टी|में|कोई|लिफ़ा|़ा|तो|मौजूद|नहीं|है|और|वैध|मत|ं|के|अलवा|कोई|अन|य|मत|तो|नहीं|दिया|गया|है.","{""42"": ""1988|के|बाद|से,|मतप|टि|या|पा|दर|श||होनी|चा|िए|थीं|ता|ि|मतदा|ा|और|पर|यव|क|षक|यह|देख|सकें|कि|मत|के|शुर||होने|से|पहले|मतप|टी|में|कोई|लिफ़ा|़ा|तो|मौजूद|नहीं|है|और|वैध|मत|ं|के|अलवा|कोई|अन|य|मत|तो|नहीं|दिया|गया|है."", ""43"": ""1|988|के|बाद|से,|मतप|टि|या|पा|दर|शी|होनी|चा|िए|थीं|ता|ि|मतदा|ा|और|पर|यव|क|षक|यह|देख|सकें|कि|मत|के|शुर||होने|से|पहले|मतप|टी|में|कोई|लिफ़ा|़ा|तो|मौज|द|नहीं|है|और|वैध|मत|ं|के|अलवा|कोई|अन्य|मत|तो|नहीं|दिया|गया|है."", ""44"": ""1988|के|बाद|से,|मतप|टिया|पा|दर|श||होनी|चा|िए|थीं|ता|ि|मतदा|ा|और|पर|यव|क|षक|यह|देख|सकें|कि|मत|के|शुर||होने|से|पहले|मतप|ट||में|कोई|लिफ़ा|़ा|तो|मौज|द|नहीं|है|और|वैध|मत|ं|के|अलवा|कोई|अन्य|मत|तो|नहीं|दिया|गया|है."", ""45"": ""1988||के|बाद|से,|मतप|टि|या|पा|दर|शी|होनी|चा|िए|थीं|ता|ि|मतदा|ा|और|पर|यव|क|षक|यह|देख|सक|ं|कि|मत|के|शुर||होने|से|पहल||मतप|टी|में|कोई|लिफ़ा|़ा|तो|मौज|द|नहीं|है|और|वैध|मत|ं|के|अलवा|कोई|अन्य|मत|तो|नहीं|दिया|गया|है."", ""46"": ""1988||के|बाद|से,|मतप|टि|या|पा|दर|श||होनी|चा|िए|थीं|ता|ि|मतदा|ा|और|पर्यव|क|षक|यह|देख|सकें|कि|मत|के|शुर||होने|से|पहल||मतप|टी|में|कोई|लिफ़ा|़ा|तो|मौज|द|नहीं|है|और|वैध|मतों|के|अलवा|कोई|अन|य|मत|तो|नहीं|दिया|गया|है.""}"
hi,1989 में उसने ब्रुक्स और ग्रोएनिंग के साथ द सिम्पसन को रचने में मदद की और वह शो की पहली राइटिंग टीम को नियुक्त करने के लिए उत्तरदायी था.,1,1,5,5,True,198|9|Ġà¤®|à¥ĩà¤Ĥ|Ġà¤īà¤¸à¤¨|à¥ĩ|Ġà¤¬|à¥įà¤°|à¥ģà¤ķ|à¥įà¤¸|Ġà¤Ķà¤°|Ġà¤Ĺ|à¥įà¤°|à¥ĭ|à¤ıà¤¨|à¤¿à¤Ĥ|à¤Ĺ|Ġà¤ķ|à¥ĩ|Ġà¤¸|à¤¾à¤¥|Ġà¤¦|Ġà¤¸|à¤¿à¤®|à¥įà¤ª|à¤¸à¤¨|Ġà¤ķ|à¥ĭ|Ġà¤°à¤ļà¤¨|à¥ĩ|Ġà¤®|à¥ĩà¤Ĥ|Ġà¤®à¤¦à¤¦|Ġà¤ķ|à¥Ģ|Ġà¤Ķà¤°|Ġà¤µà¤¹|Ġà¤¶|à¥ĭ|Ġà¤ķ|à¥Ģ|Ġà¤ªà¤¹à¤²|à¥Ģ|Ġà¤°|à¤¾à¤ĩà¤Ł|à¤¿à¤Ĥ|à¤Ĺ|Ġà¤Ł|à¥Ģà¤®|Ġà¤ķ|à¥ĭ|Ġà¤¨|à¤¿à¤¯|à¥ģà¤ķ|à¥įà¤¤|Ġà¤ķà¤°à¤¨|à¥ĩ|Ġà¤ķ|à¥ĩ|Ġà¤²|à¤¿à¤ı|Ġà¤īà¤¤|à¥įà¤¤à¤°|à¤¦|à¤¾à¤¯|à¥Ģ|Ġà¤¥|à¤¾.,1989|में|उसने|ब्र|क|स|और|ग्र|ए|ि|ंग|के|साथ|द|सिम|पसन|को|रचने|में|मदद|की|और|वह|शो|की|पहली|रा|टि|ंग|टीम|को|नियुक|त|करने|के|लिए|उत|तरदा|ी|था.,"{""42"": ""1989|में|उसने|ब्र|क|स|और|ग्र|ए|ि|ंग|के|साथ|द|सिम|पसन|को|रचने|में|मदद|की|और|वह|शो|की|पहली|रा|टि|ंग|टीम|को|नियुक|त|करने|के|लिए|उत|तरदा|ी|था."", ""43"": ""1989|में|उसने|ब्र|क|स|और|ग्र|एनि|ंग|के|साथ|द|सिम|पसन|को|रचने|में|मदद|की|और|वह|शो|की|पहल||रा|टिंग|टीम|को|नियुक|त|करने|के|लिए|उत|तरदा|ी|था."", ""44"": ""1989|में|उसने|ब्र|क|स|और|ग्र|एनिंग|के|साथ|द|सिम|पसन|को|रचने|में|मदद|की|और|वह|शो|की|पहल||रा|टि|ंग|टीम|को|नियुक|त|करने|के|लिए|उत|तरदा|ी|था."", ""45"": ""1989||में|उसने|ब्र|क|स|और|ग्र|एनिंग|के|साथ|द|सिम्पसन|को|रचने|में|मदद|की|और|वह|शो|की|पहली|रा|टि|ंग|टीम|को|नियुक|त|करने|के|लिए|उत|तरदा|ी|था."", ""46"": ""1989|में|उसने|ब्र|क|स|और|ग्र|एनिं||के|साथ|द|सिम|पसन|को|रचने|में|मदद|की|और|वह|शो|की|पहली|रा|टिं||टीम|को|नियुक|त|करने|के|लिए|उत|तरदा|ी|था.""}"
hi,1993 में शो छोड़ने के बाद भी वे एग्जीक्यूटिव प्रोड्यूसर के पद पर बने रहे और हर सीज़न में लाखों-करोड़ों डॉलर की रॉयल्टी लेते रहे.,1,1,5,5,True,199|3|Ġà¤®|à¥ĩà¤Ĥ|Ġà¤¶|à¥ĭ|Ġà¤Ľ|à¥ĭà¤¡|à¤¼à¤¨|à¥ĩ|Ġà¤ķ|à¥ĩ|Ġà¤¬|à¤¾à¤¦|Ġà¤Ń|à¥Ģ|Ġà¤µ|à¥ĩ|Ġà¤ıà¤Ĺ|à¥įà¤ľ|à¥Ģà¤ķ|à¥įà¤¯|à¥Ĥà¤Ł|à¤¿à¤µ|Ġà¤ª|à¥įà¤°|à¥ĭà¤¡|à¥įà¤¯|à¥Ĥà¤¸à¤°|Ġà¤ķ|à¥ĩ|Ġà¤ªà¤¦|Ġà¤ªà¤°|Ġà¤¬à¤¨|à¥ĩ|Ġà¤°à¤¹|à¥ĩ|Ġà¤Ķà¤°|Ġà¤¹à¤°|Ġà¤¸|à¥Ģà¤ľ|à¤¼à¤¨|Ġà¤®|à¥ĩà¤Ĥ|Ġà¤²|à¤¾à¤ĸ|à¥ĭà¤Ĥ-|à¤ķà¤°|à¥ĭà¤¡|à¤¼à¥ĭà¤Ĥ|Ġà¤¡|à¥īà¤²à¤°|Ġà¤ķ|à¥Ģ|Ġà¤°|à¥īà¤¯à¤²|à¥įà¤Ł|à¥Ģ|Ġà¤²|à¥ĩà¤¤|à¥ĩ|Ġà¤°à¤¹|à¥ĩ.,1993|में|शो|छोड़न||के|बाद|भी|वे|एग्ज|क|य|टि|व|प्र|ड्य|सर|के|पद|पर|बने|रहे|और|हर|सीज़न|में|ला|ों-|करोड़ों|डॉल||की|रॉयल|ट||लेते|रहे.,"{""42"": ""1993|में|शो|छोड़न||के|बाद|भी|वे|एग्ज|क|य|टि|व|प्र|ड्य|सर|के|पद|पर|बने|रहे|और|हर|सीज़न|में|ला|ों-|करोड़ों|डॉल||की|रॉयल|ट||लेते|रहे."", ""43"": ""199|3|में|शो|छोड़न||के|बाद|भी|वे|एग्ज|क|य|टि|व|प्र|ड्य|सर|के|पद|पर|बने|रहे|और|हर|सीज़न|में|ला|ों-|कर|ड़|ं|डॉल||की|रॉयल|टी|लेते|रहे."", ""44"": ""1|993|में|शो|छोड़न||के|बाद|भी|वे|एग्ज|क|य|टि|व|प्र|ड|य|सर|के|पद|पर|बने|रहे|और|हर|सीज़न|में|ला|ों-|कर|ड़|ं|डॉलर|की|रॉयल्ट||लेते|रहे."", ""45"": ""1993|में|शो|छोड़|न||के|बाद|भी|वे|एग्ज|क|य|टि|व|प्र|ड|य|सर|के|पद|पर|बने|रहे|और|हर|सीज़न|में|ला|ों-|कर|ड़|ं|डॉल||की|रॉयल|ट||लेते|रहे."", ""46"": ""1993||में|शो|छोड़न||के|बाद|भी|वे|एग्ज|क|य|टि|व|प्र|ड्य|सर|के|पद|पर|बने|रहे|और|हर|सीज़न|में|ला|ों-|कर|ड़ों|डॉलर|की|रॉयल|ट||लेते|रहे.""}"
hi,"1994 में, अज़रबैजान के जातीय आधार पर अर्मेनियाई नागोर्नो-काराबाख़ क्षेत्र ने अज़ेरिस के ख़िलाफ़ युद्ध छेड़ दिया था.",1,1,5,5,True,"199|4|Ġà¤®|à¥ĩà¤Ĥ,|Ġà¤ħà¤ľ|à¤¼à¤°|à¤¬|à¥Īà¤ľ|à¤¾à¤¨|Ġà¤ķ|à¥ĩ|Ġà¤ľ|à¤¾à¤¤|à¥Ģà¤¯|Ġà¤Ĩà¤§|à¤¾à¤°|Ġà¤ªà¤°|Ġà¤ħà¤°|à¥įà¤®|à¥ĩà¤¨|à¤¿à¤¯|à¤¾à¤Ī|Ġà¤¨|à¤¾à¤Ĺ|à¥ĭà¤°|à¥įà¤¨|à¥ĭ-|à¤ķ|à¤¾à¤°|à¤¾à¤¬|à¤¾à¤ĸ|à¤¼|Ġà¤ķ|à¥įà¤·|à¥ĩà¤¤|à¥įà¤°|Ġà¤¨|à¥ĩ|Ġà¤ħà¤ľ|à¤¼à¥ĩ|à¤°|à¤¿à¤¸|Ġà¤ķ|à¥ĩ|Ġà¤ĸ|à¤¼à¤¿|à¤²|à¤¾à¤«|à¤¼|Ġà¤¯|à¥ģà¤¦|à¥įà¤§|Ġà¤Ľ|à¥ĩà¤¡|à¤¼|Ġà¤¦|à¤¿à¤¯|à¤¾|Ġà¤¥|à¤¾.","1994|में,|अज़रब|जा||के|जातीय|आधा||पर|अर|मेनि|या||ना|ोर|नो-|का|ा|ा|़|क्ष|त्र|ने|अज़|रि|स|के|ख़िला|़|युद|ध|छेड़||दिया|था.","{""42"": ""1994|में,|अज़रब|जा||के|जातीय|आधा||पर|अर|मेनि|या||ना|ोर|नो-|का|ा|ा|़|क्ष|त्र|ने|अज़|रि|स|के|ख़िला|़|युद|ध|छेड़||दिया|था."", ""43"": ""1|994|में,|अज़रब|जा||के|जातीय|आधा||पर|अर|म|नि|या||ना|ोर|न|-|का|ा|ाख़|क्षेत्र|ने|अज़|रि|स|के|ख़िला|़|युद|ध|छेड़|दिया|था."", ""44"": ""1|994||में,|अ|़रब|जा||के|जातीय|आधा||पर|अर|म|निया||ना|ोर्नो-|का|ा|ा|़|क्ष|त्र|ने|अज़|रि|स|के|ख़िला|़|युद|ध|छेड़|दिया|था."", ""45"": ""1994|में,|अज़रब|जा||के|जातीय|आधा||पर|अर|मेनि|या||ना|ोर|नो-|का|ा|ा|़|क्ष|त|र|ने|अज़|रि|स|के|ख़िला|़|युद|ध|छेड़|दिया|था."", ""46"": ""199|4||में,|अज़रब|जा||के|जातीय|आधा||पर|अर|मेनिया||ना|ोर|नो-|का|ा|ा|़|क्ष|त्र|ने|अज़|रि|स|के|ख़िला|़|युद|ध|छेड़|दिया|था.""}"
hi,"1994 में, इस संघर्ष की वजह से पूर्वी माल्डोवा में ट्रांसनिस्ट्रिया गणराज्य के निर्माण घोषणा हुई, जिसकी अपनी सरकार और मुद्रा है लेकिन इसे संयुक्त राष्ट्र के किसी भी सदस्य देश ने मान्यता नहीं दी.",1,1,5,5,True,"199|4|Ġà¤®|à¥ĩà¤Ĥ,|Ġà¤ĩà¤¸|Ġà¤¸|à¤Ĥà¤ĺà¤°|à¥įà¤·|Ġà¤ķ|à¥Ģ|Ġà¤µà¤ľà¤¹|Ġà¤¸|à¥ĩ|Ġà¤ª|à¥Ĥà¤°|à¥įà¤µ|à¥Ģ|Ġà¤®|à¤¾à¤²|à¥įà¤¡|à¥ĭà¤µ|à¤¾|Ġà¤®|à¥ĩà¤Ĥ|Ġà¤Ł|à¥įà¤°|à¤¾à¤Ĥ|à¤¸à¤¨|à¤¿à¤¸|à¥įà¤Ł|à¥įà¤°|à¤¿à¤¯|à¤¾|Ġà¤Ĺà¤£|à¤°|à¤¾à¤ľ|à¥įà¤¯|Ġà¤ķ|à¥ĩ|Ġà¤¨|à¤¿à¤°|à¥įà¤®|à¤¾à¤£|Ġà¤ĺ|à¥ĭà¤·à¤£|à¤¾|Ġà¤¹|à¥ģà¤Ī|,|Ġà¤ľ|à¤¿à¤¸à¤ķ|à¥Ģ|Ġà¤ħà¤ªà¤¨|à¥Ģ|Ġà¤¸à¤°à¤ķ|à¤¾à¤°|Ġà¤Ķà¤°|Ġà¤®|à¥ģà¤¦|à¥įà¤°|à¤¾|Ġà¤¹|à¥Ī|Ġà¤²|à¥ĩà¤ķ|à¤¿à¤¨|Ġà¤ĩà¤¸|à¥ĩ|Ġà¤¸|à¤Ĥà¤¯|à¥ģà¤ķ|à¥įà¤¤|Ġà¤°|à¤¾à¤·|à¥įà¤Ł|à¥įà¤°|Ġà¤ķ|à¥ĩ|Ġà¤ķ|à¤¿à¤¸|à¥Ģ|Ġà¤Ń|à¥Ģ|Ġà¤¸à¤¦à¤¸|à¥įà¤¯|Ġà¤¦|à¥ĩà¤¶|Ġà¤¨|à¥ĩ|Ġà¤®|à¤¾à¤¨|à¥įà¤¯à¤¤|à¤¾|Ġà¤¨à¤¹|à¥Ģà¤Ĥ|Ġà¤¦|à¥Ģ.","1994|में,|इस|संघर|ष|की|वजह|से|पूर|व||मा|्डोवा|में|ट्रा|सनि|स|ट्रि|या|गणरा|्य|के|निर|मा||घोषणा|हुई,|जिसक||अपनी|सरका||और|मुद|रा|है|लेकिन|इसे|संयुक|त|रा|्ट्र|के|किसी|भी|सदस्य|देश|ने|मा|्यता|नहीं|दी.","{""42"": ""1994|में,|इस|संघर|ष|की|वजह|से|पूर|व||मा|्डोवा|में|ट्रा|सनि|स|ट्रि|या|गणरा|्य|के|निर|मा||घोषणा|हुई,|जिसक||अपनी|सरका||और|मुद|रा|है|लेकिन|इसे|संयुक|त|रा|्ट्र|के|किसी|भी|सदस्य|देश|ने|मा|्यता|नहीं|दी."", ""43"": ""1994|में,|इस|संघर|ष|की|वजह|से|पूर|वी|मा|्डोवा|में|ट्रा|सनि|स|ट|रि|या|गणरा|्य|के|निर|मा||घोषणा|हुई,|जिसक||अपनी|सरका||और|मुद|रा|है|लेकिन|इसे|संयुक|त|रा|्ट्र|के|किसी|भी|सदस्य|देश|ने|मा|्यता|नहीं|दी."", ""44"": ""1|99|4|में,|इस|संघर|ष|की|वजह|से|पूर|व||मा|्ड|वा|में|ट्रा|सनिस|ट|रि|या|गणरा|्य|के|निर|मा||घोषणा|हुई,|जिसक||अपनी|सरका||और|मुद्रा|है|लेकिन|इसे|संयुक|त|रा|्ट्र|के|किसी|भी|सदस|य|देश|ने|मा|्यता|नहीं|दी."", ""45"": ""199|4|में,|इस|संघर|ष|की|वजह|से|पूर|व||मा|्डोवा|में|ट्रा|सनि|स|ट|रि|या|गणरा|्य|के|निर|मा||घोषण|ा|हुई,|जिसक||अपनी|सरका||और|मुद|रा|है|लेकिन|इसे|संय|क|त|रा|्ट्र|के|किसी|भी|सदस|य|देश|ने|मा|्यता|नहीं|दी."", ""46"": ""1994||में,|इस|संघर|ष|की|वजह|से|पूर|वी|मा|्डोवा|में|ट्रा|सनिस|ट|रिया|गणरा|्य|के|निर|मा||घोषणा|हुई,|जिसक||अपनी|सरका||और|मुद|रा|है|लेकिन|इसे|संयुक|त|रा|्ट्र|के|किसी|भी|सदस|य|देश|ने|मा|्यता|नहीं|दी.""}"
hi,"2 से ज़्यादा यात्री होने पर सरचार्ज लगेगा, इसलिए यह विकल्प ज़रूरत से ज़्यादा महंगा पड़ सकता है.",1,1,5,5,True,"2|Ġà¤¸|à¥ĩ|Ġà¤ľ|à¤¼à¥į|à¤¯|à¤¾à¤¦|à¤¾|Ġà¤¯|à¤¾à¤¤|à¥įà¤°|à¥Ģ|Ġà¤¹|à¥ĭà¤¨|à¥ĩ|Ġà¤ªà¤°|Ġà¤¸à¤°|à¤ļ|à¤¾à¤°|à¥įà¤ľ|Ġà¤²à¤Ĺ|à¥ĩà¤Ĺ|à¤¾,|Ġà¤ĩà¤¸à¤²|à¤¿à¤ı|Ġà¤¯à¤¹|Ġà¤µ|à¤¿à¤ķà¤²|à¥įà¤ª|Ġà¤ľ|à¤¼à¤°|à¥Ĥà¤°à¤¤|Ġà¤¸|à¥ĩ|Ġà¤ľ|à¤¼à¥į|à¤¯|à¤¾à¤¦|à¤¾|Ġà¤®à¤¹|à¤Ĥà¤Ĺ|à¤¾|Ġà¤ªà¤¡|à¤¼|Ġà¤¸à¤ķà¤¤|à¤¾|Ġà¤¹|à¥Ī.","2||से|ज़्या|ा|या|्री|होने|पर|सरचा|्ज|लगेगा,|इसलिए|यह|विकल|प|ज़र|रत|से|ज़्या|ा|महंगा|पड़|सकता|है.","{""42"": ""2||से|ज़्या|ा|या|्री|होने|पर|सरचा|्ज|लगेगा,|इसलिए|यह|विकल|प|ज़र|रत|से|ज़्या|ा|महंगा|पड़|सकता|है."", ""43"": ""2|से|ज़्या|ा|या|्री|होने|पर|सरचा|्ज|लगेगा,|इसलि|ए|यह|विकल|प|ज़र|रत|से|ज़्या|ा|महं|ा|पड़|सकता|है."", ""44"": ""2|से|ज़्या|ा|या|्री|होने|पर|सरचा|्ज|लगेगा,|इसलिए|यह|विकल|प|ज़र|रत|से|ज़्या|ा|महंगा|पड़|सकता|है."", ""45"": ""2|से|ज़्या|ा|या|्री|होने|पर|सरचा|्ज|लगेगा,|इसलि|ए|यह|विकल|प|ज़र|रत|से|ज़्या|ा|महंगा|पड़|सकता|है."", ""46"": ""2|से|ज़्या|ा|या|्र||होने|पर|सरचा|्ज|लगेगा,|इसलिए|यह|विकल|प|ज़र|रत|से|ज़्या|ा|महंगा|पड़|सकता|है.""}"
hi,"2,400 लोगों का मुख्य दल ट्रेंटन से नौ मील उत्तर की ओर नदी को पार करेगा और फिर दो समूहों में बंट जाएगा. इसके बाद, सुबह होने से पहले हमला करने के लिए एक समूह ग्रीन में और दूसरा सुलिवान में जाएगा.",1,1,5,5,True,"2|,|400|Ġà¤²|à¥ĭà¤Ĺ|à¥ĭà¤Ĥ|Ġà¤ķ|à¤¾|Ġà¤®|à¥ģà¤ĸ|à¥įà¤¯|Ġà¤¦à¤²|Ġà¤Ł|à¥įà¤°|à¥ĩà¤Ĥ|à¤Łà¤¨|Ġà¤¸|à¥ĩ|Ġà¤¨|à¥Į|Ġà¤®|à¥Ģà¤²|Ġà¤īà¤¤|à¥įà¤¤à¤°|Ġà¤ķ|à¥Ģ|Ġà¤ĵà¤°|Ġà¤¨à¤¦|à¥Ģ|Ġà¤ķ|à¥ĭ|Ġà¤ª|à¤¾à¤°|Ġà¤ķà¤°|à¥ĩà¤Ĺ|à¤¾|Ġà¤Ķà¤°|Ġà¤«|à¤¿à¤°|Ġà¤¦|à¥ĭ|Ġà¤¸à¤®|à¥Ĥà¤¹|à¥ĭà¤Ĥ|Ġà¤®|à¥ĩà¤Ĥ|Ġà¤¬|à¤Ĥà¤Ł|Ġà¤ľ|à¤¾à¤ıà¤Ĺ|à¤¾.|Ġà¤ĩà¤¸à¤ķ|à¥ĩ|Ġà¤¬|à¤¾à¤¦|,|Ġà¤¸|à¥ģà¤¬à¤¹|Ġà¤¹|à¥ĭà¤¨|à¥ĩ|Ġà¤¸|à¥ĩ|Ġà¤ªà¤¹à¤²|à¥ĩ|Ġà¤¹à¤®à¤²|à¤¾|Ġà¤ķà¤°à¤¨|à¥ĩ|Ġà¤ķ|à¥ĩ|Ġà¤²|à¤¿à¤ı|Ġà¤ıà¤ķ|Ġà¤¸à¤®|à¥Ĥà¤¹|Ġà¤Ĺ|à¥įà¤°|à¥Ģà¤¨|Ġà¤®|à¥ĩà¤Ĥ|Ġà¤Ķà¤°|Ġà¤¦|à¥Ĥà¤¸à¤°|à¤¾|Ġà¤¸|à¥ģà¤²|à¤¿à¤µ|à¤¾à¤¨|Ġà¤®|à¥ĩà¤Ĥ|Ġà¤ľ|à¤¾à¤ıà¤Ĺ|à¤¾.","2,4|00||लोगों|का|मुख्य|दल|ट्र|ंटन|से|नौ|मील|उत|तर|की|ओर|नदी|को|पा||कर|गा|और|फिर|दो|समूह|ं|में|बंट|जाएगा.|इसके|बाद,|सुबह|होने|से|पहले|हमला|करने|के|लिए|एक|समूह|ग्र|न|में|और|दूसरा||सुलि|वा||में|जाएगा.","{""42"": ""2,4|00||लोगों|का|मुख्य|दल|ट्र|ंटन|से|नौ|मील|उत|तर|की|ओर|नदी|को|पा||कर|गा|और|फिर|दो|समूह|ं|में|बंट|जाएगा.|इसके|बाद,|सुबह|होने|से|पहले|हमला|करने|के|लिए|एक|समूह|ग्र|न|में|और|दूसरा||सुलि|वा||में|जाएगा."", ""43"": ""2|,4|00|लोगों|का|मुख|य|दल|ट्र|ंटन|से|नौ|मील|उत|तर|की|ओर|नदी|को|पा||करेगा|और|फिर|दो|समूह|ं|में|बंट|जाएगा.|इसके|बाद,|सुबह|होने|से|पहले|हमला|करने|के|लिए|एक|समूह|ग्र|न|में|और|दूसरा|सुलिवा||में|जाएगा."", ""44"": ""2,4|0|0||लोगों|का|मुख|य|दल|ट्र|ंटन|से|नौ|मील|उत|तर|की|ओर|नदी|को|पा||करेगा|और|फिर|दो|समूह|ं|में|बंट|जाएगा.|इसके|बाद,|सुबह|होने|से|पहल||हमला|करने|के|लिए|एक|समूह|ग्र|न|में|और|दूसरा|सुलिवा||में|जाएगा."", ""45"": ""2,4|00||लोगों|का|मुख|य|दल|ट्र|ंटन|से|नौ|मील|उत|तर|की|ओर|नदी|को|पा||करेगा|और|फिर|दो|समूह|ं|में|बंट|जाएगा.|इसके|बाद,|सुबह|होने|से|पहले|हमला|करने|के|लिए|एक|समूह|ग्र|न|में|और|दूसरा|सुलि|वा||में|जाएगा."", ""46"": ""2|,4|00|लोगों|का|मुख|य|दल|ट्र|ंटन|से|नौ|मील|उत|तर|की|ओर|नदी|को|पा||करेगा|और|फिर|दो|समूह|ं|में|बंट|जाएगा.|इसके|बाद,|सुबह|होने|से|पहल||हमला|करने|के|लिए|एक|समूह|ग्र|न|में|और|दूसरा|सुलि|वा||में|जाएगा.""}"
hi,"2002 में गोमा को न्यिरगोंगो ज्वालामुखी ने लावा द्वारा नष्ट कर दिया गया था, जिसने शहर की अधिकांश सड़कों, विशेष रूप से शहर के बीच के भाग को दफन कर दिया था।",1,1,5,5,True,"200|2|Ġà¤®|à¥ĩà¤Ĥ|Ġà¤Ĺ|à¥ĭà¤®|à¤¾|Ġà¤ķ|à¥ĭ|Ġà¤¨|à¥įà¤¯|à¤¿à¤°|à¤Ĺ|à¥ĭà¤Ĥ|à¤Ĺ|à¥ĭ|Ġà¤ľ|à¥įà¤µ|à¤¾à¤²|à¤¾à¤®|à¥ģà¤ĸ|à¥Ģ|Ġà¤¨|à¥ĩ|Ġà¤²|à¤¾à¤µ|à¤¾|Ġà¤¦|à¥įà¤µ|à¤¾à¤°|à¤¾|Ġà¤¨à¤·|à¥įà¤Ł|Ġà¤ķà¤°|Ġà¤¦|à¤¿à¤¯|à¤¾|Ġà¤Ĺà¤¯|à¤¾|Ġà¤¥|à¤¾,|Ġà¤ľ|à¤¿à¤¸à¤¨|à¥ĩ|Ġà¤¶à¤¹à¤°|Ġà¤ķ|à¥Ģ|Ġà¤ħà¤§|à¤¿à¤ķ|à¤¾à¤Ĥ|à¤¶|Ġà¤¸à¤¡|à¤¼à¤ķ|à¥ĭà¤Ĥ,|Ġà¤µ|à¤¿à¤¶|à¥ĩà¤·|Ġà¤°|à¥Ĥà¤ª|Ġà¤¸|à¥ĩ|Ġà¤¶à¤¹à¤°|Ġà¤ķ|à¥ĩ|Ġà¤¬|à¥Ģà¤ļ|Ġà¤ķ|à¥ĩ|Ġà¤Ń|à¤¾à¤Ĺ|Ġà¤ķ|à¥ĭ|Ġà¤¦à¤«|à¤¨|Ġà¤ķà¤°|Ġà¤¦|à¤¿à¤¯|à¤¾|Ġà¤¥|à¤¾à¥¤","2002|में|गोमा|को|न्यि|रग|ंग||ज्वा|ा|ुख||ने|ला|ा|द्वा|ा|नष|ट|कर|दिया|गया|था,|जिसन||शहर|की|अधिका|श|सड़क|ं,|विश|ष|रूप|से|शहर|के|बीच|के|भाग|को|दफन|कर|दिया|था।","{""42"": ""2002|में|गोमा|को|न्यि|रग|ंग||ज्वा|ा|ुख||ने|ला|ा|द्वा|ा|नष|ट|कर|दिया|गया|था,|जिसन||शहर|की|अधिका|श|सड़क|ं,|विश|ष|रूप|से|शहर|के|बीच|के|भाग|को|दफन|कर|दिया|था।"", ""43"": ""200|2|में|गोमा|को|न्यिरग|ंग||ज्वा|ा|ुखी|ने|ला|ा|द्वा|ा|नष|ट|कर|दिया|गया|था,|जिसन||शहर|की|अधिका|श|सड़क|ं,|विश|ष|रूप|से|शहर|के|बीच|के|भाग|को|दफन|कर|दिया|था।"", ""44"": ""20|02|में|गोमा|को|न्यि|रगोंग||ज्वा|ा|ुख||ने|ला|ा|द्वा|ा|नष्ट|कर|दिया|गया|था,|जिसन||शहर|की|अधिका|श|सड़क|ं,|विश|ष|रूप|से|शहर|के|बीच|के|भाग|को|दफन|कर|दिया|था।"", ""45"": ""2|002|में|गोमा|को|न्यिरग|ंगो|ज्वा|ा|ुख||ने|ला|ा|द्वा|ा|नष्ट|कर|दिया|गया|था,|जिसन||शहर|की|अधिका|श|सड़क|ं,|विश|ष|रूप|से|शहर|के|बीच|के|भा||को|दफन|कर|दिया|था।"", ""46"": ""20|0|2|में|गोमा|को|न्यि|रग|ंग||ज्वा|ा|ुख||ने|ला|ा|द्वा|ा|नष्ट|कर|दिया|गया|था,|जिसन||शहर|की|अधिका|श|सड़क|ं,|विश|ष|रूप|से|शहर|के|बीच|के|भाग|को|दफन|कर|दिया|था।""}"
hi,2009 के हंगेरियन ग्रैंड प्री के दौरान दुर्घटना के बाद ब्राज़िली को सिर में गंभीर चोट लगी थी.,1,1,5,5,True,200|9|Ġà¤ķ|à¥ĩ|Ġà¤¹|à¤Ĥà¤Ĺ|à¥ĩà¤°|à¤¿à¤¯à¤¨|Ġà¤Ĺ|à¥įà¤°|à¥Īà¤Ĥ|à¤¡|Ġà¤ª|à¥įà¤°|à¥Ģ|Ġà¤ķ|à¥ĩ|Ġà¤¦|à¥Įà¤°|à¤¾à¤¨|Ġà¤¦|à¥ģà¤°|à¥įà¤ĺà¤Łà¤¨|à¤¾|Ġà¤ķ|à¥ĩ|Ġà¤¬|à¤¾à¤¦|Ġà¤¬|à¥įà¤°|à¤¾à¤ľ|à¤¼à¤¿|à¤²|à¥Ģ|Ġà¤ķ|à¥ĭ|Ġà¤¸|à¤¿à¤°|Ġà¤®|à¥ĩà¤Ĥ|Ġà¤Ĺ|à¤Ĥà¤Ń|à¥Ģà¤°|Ġà¤ļ|à¥ĭà¤Ł|Ġà¤²à¤Ĺ|à¥Ģ|Ġà¤¥|à¥Ģ.,2009|के|हंगेरियन|ग्रैंड|प्र||के|दौरा||दुर|घटना|के|बाद|ब्रा|़िल||को|सिर|में|गंभ|र|चोट|लगी|थी.,"{""42"": ""2009|के|हंगेरियन|ग्रैंड|प्र||के|दौरा||दुर|घटना|के|बाद|ब्रा|़िल||को|सिर|में|गंभ|र|चोट|लगी|थी."", ""43"": ""2|009|के|हंगेरियन|ग्र|ंड|प्र||के|दौरा||दुर|घटना|के|बाद|ब्रा|़िल||को|सिर|में|गंभीर|चोट|लगी|थी."", ""44"": ""200|9|के|हंगेरि|यन|ग्र|ंड|प्र||के|दौरा||दुर|घटना|के|बाद|ब्रा|़िल||को|सिर|में|गंभ|र|चोट|लगी|थी."", ""45"": ""2|0|09|के|हंगेरियन|ग्र|ंड|प्र||के|दौरा||दुर|घटन||के|बाद|ब्रा|़िल||को|सिर|में|गंभ|र|चोट|लगी|थी."", ""46"": ""2009|के|हंगेरि|यन|ग्र|ंड|प्र||के|दौरा||दुर|घटना|के|बाद|ब्रा|़ि|ल||को|सिर|में|गंभ|र|चोट|लगी|थी.""}"
hi,2009 में उन्हें (डॉ. बेवरली हॉल) राष्ट्रीय अधीक्षक की उपाधि से सम्मानित किया गया.,1,1,5,5,True,200|9|Ġà¤®|à¥ĩà¤Ĥ|Ġà¤īà¤¨|à¥įà¤¹|à¥ĩà¤Ĥ|Ġ(|à¤¡|à¥ī.|Ġà¤¬|à¥ĩà¤µà¤°|à¤²|à¥Ģ|Ġà¤¹|à¥īà¤²|)|Ġà¤°|à¤¾à¤·|à¥įà¤Ł|à¥įà¤°|à¥Ģà¤¯|Ġà¤ħà¤§|à¥Ģà¤ķ|à¥įà¤·à¤ķ|Ġà¤ķ|à¥Ģ|Ġà¤īà¤ª|à¤¾à¤§|à¤¿|Ġà¤¸|à¥ĩ|Ġà¤¸à¤®|à¥įà¤®|à¤¾à¤¨|à¤¿à¤¤|Ġà¤ķ|à¤¿à¤¯|à¤¾|Ġà¤Ĺà¤¯|à¤¾.,2|00|9|में|उन्ह|ं|(डॉ.|बेवरल||हॉल)|रा|्ट्र|य|अधीक|षक|की|उपा|ि||से|सम्मा|ि|त|किया|गया.,"{""42"": ""2|00|9|में|उन्ह|ं|(डॉ.|बेवरल||हॉल)|रा|्ट्र|य|अधीक|षक|की|उपा|ि||से|सम्मा|ि|त|किया|गया."", ""43"": ""2009|में|उन्ह|ं|(डॉ.|बेवरल||हॉल)|रा|्ट्र|य|अधीक|षक|की|उपा|ि|से|सम्मा|ि|त|किया|गया."", ""44"": ""200|9|में|उन्ह|ं|(डॉ.|बेवरल||हॉल)|रा|्ट्र|य|अधीक|षक|की|उपाधि||से|सम्मा|ि|त|किया|गया."", ""45"": ""200|9|में|उन्ह|ं|(डॉ.|बेवरल||हॉल)|रा|्ट्र|य|अध|क|षक|की|उपा|ि||से|सम्मा|ि|त|किया|गया."", ""46"": ""2009|में|उन्ह|ं|(डॉ.|बेवरल||हॉल)|रा|्ट्र|य|अध|क|षक|की|उपा|ि||से|सम्मा|ि|त|किया|गया.""}"
hi,2010 के भूकंप के बाद हैती में पहुँचे संयुक्त राष्ट्र के शांति सैनिकों को उस बीमारी को फैलाने के लिए दोषी ठहराया जा रहा है जो सेना के शिविर के पास शुरू हुई थी.,1,1,5,5,True,201|0|Ġà¤ķ|à¥ĩ|Ġà¤Ń|à¥Ĥà¤ķ|à¤Ĥà¤ª|Ġà¤ķ|à¥ĩ|Ġà¤¬|à¤¾à¤¦|Ġà¤¹|à¥Īà¤¤|à¥Ģ|Ġà¤®|à¥ĩà¤Ĥ|Ġà¤ªà¤¹|à¥ģà¤ģ|à¤ļ|à¥ĩ|Ġà¤¸|à¤Ĥà¤¯|à¥ģà¤ķ|à¥įà¤¤|Ġà¤°|à¤¾à¤·|à¥įà¤Ł|à¥įà¤°|Ġà¤ķ|à¥ĩ|Ġà¤¶|à¤¾à¤Ĥ|à¤¤|à¤¿|Ġà¤¸|à¥Īà¤¨|à¤¿à¤ķ|à¥ĭà¤Ĥ|Ġà¤ķ|à¥ĭ|Ġà¤īà¤¸|Ġà¤¬|à¥Ģà¤®|à¤¾à¤°|à¥Ģ|Ġà¤ķ|à¥ĭ|Ġà¤«|à¥Īà¤²|à¤¾à¤¨|à¥ĩ|Ġà¤ķ|à¥ĩ|Ġà¤²|à¤¿à¤ı|Ġà¤¦|à¥ĭà¤·|à¥Ģ|Ġà¤łà¤¹à¤°|à¤¾à¤¯|à¤¾|Ġà¤ľ|à¤¾|Ġà¤°à¤¹|à¤¾|Ġà¤¹|à¥Ī|Ġà¤ľ|à¥ĭ|Ġà¤¸|à¥ĩà¤¨|à¤¾|Ġà¤ķ|à¥ĩ|Ġà¤¶|à¤¿à¤µ|à¤¿à¤°|Ġà¤ķ|à¥ĩ|Ġà¤ª|à¤¾à¤¸|Ġà¤¶|à¥ģà¤°|à¥Ĥ|Ġà¤¹|à¥ģà¤Ī|Ġà¤¥|à¥Ģ.,2|010|के|भूकंप|के|बाद|हैत||में|पहुँच|े|संयुक|त|रा|्ट्र|के|शा|ति|सैनि|क|ं|को|उस|बीमा|ी|को|फैल||े|के|लिए|दोषी|ठहरा|ा|जा|रहा|है|जो|सेना|के|शिवि|र|के|पा||शुर||हुई|थी.,"{""42"": ""2|010|के|भूकंप|के|बाद|हैत||में|पहुँच|े|संयुक|त|रा|्ट्र|के|शा|ति|सैनि|क|ं|को|उस|बीमा|ी|को|फैल||े|के|लिए|दोषी|ठहरा|ा|जा|रहा|है|जो|सेना|के|शिवि|र|के|पा||शुर||हुई|थी."", ""43"": ""2010|के|भूकं||के|बाद|हैती|में|पहुँच|े|संयुक|त|रा|्ट्र|के|शा|ति|सैनिक|ं|को|उस|बीमा|ी|को|फैला|े|के|लिए|दोषी|ठहरा|ा|जा|रहा|है|जो|सेना|के|शिवि|र|के|पा||शुर||हुई|थी."", ""44"": ""2010|के|भूकं||के|बाद|हैती|में|पहुँच|े|संयुक्त|रा|्ट्र|के|शा|ति|सैनिक|ं|को|उस|बीमा|ी|को|फैला|े|के|लिए|दोषी|ठहरा|ा|जा|रहा|है|जो|सेना|के|शिवि|र|के|पा||शुर||हुई|थी."", ""45"": ""2010|के|भूकं||के|बाद|हैती|में|पहुँच|||संय|क|त|रा|्ट्र|के|शा|ति||सैनि|क|ं|को|उस|बीमा|ी|को|फैला|े|के|लिए|दोषी|ठहरा|ा|जा|रहा|है|जो|सेना|के|शिवि|र|के|पा||शुर||हुई|थी."", ""46"": ""2010|के|भूकंप|के|बाद|हैती|में|पहुँच|े|संयुक|त|रा|्ट्र|के|शा|ति|सैनिक|ं|को|उस|बीमा|ी|को|फैला|े|के|लिए|दोषी|ठहरा|ा|जा|रहा|है|जो|सेना|के|शिवि|र|के|पा||शुर||हुई|थी.""}"
hi,"2010 के संघीय चुनाव से पहले 1,400 लोगों ने मतदान किया, 2008 से जो लोग ऑस्ट्रेलिया के गणतंत्र बनने का विरोध करते हैं उनमें 8 प्रतिशत की वृद्धि हुई.",1,1,5,5,True,"201|0|Ġà¤ķ|à¥ĩ|Ġà¤¸|à¤Ĥà¤ĺ|à¥Ģà¤¯|Ġà¤ļ|à¥ģà¤¨|à¤¾à¤µ|Ġà¤¸|à¥ĩ|Ġà¤ªà¤¹à¤²|à¥ĩ|Ġ|1|,|400|Ġà¤²|à¥ĭà¤Ĺ|à¥ĭà¤Ĥ|Ġà¤¨|à¥ĩ|Ġà¤®à¤¤à¤¦|à¤¾à¤¨|Ġà¤ķ|à¤¿à¤¯|à¤¾,|Ġ|200|8|Ġà¤¸|à¥ĩ|Ġà¤ľ|à¥ĭ|Ġà¤²|à¥ĭà¤Ĺ|Ġà¤ĳà¤¸|à¥įà¤Ł|à¥įà¤°|à¥ĩà¤²|à¤¿à¤¯|à¤¾|Ġà¤ķ|à¥ĩ|Ġà¤Ĺà¤£|à¤¤|à¤Ĥà¤¤|à¥įà¤°|Ġà¤¬à¤¨à¤¨|à¥ĩ|Ġà¤ķ|à¤¾|Ġà¤µ|à¤¿à¤°|à¥ĭà¤§|Ġà¤ķà¤°à¤¤|à¥ĩ|Ġà¤¹|à¥Īà¤Ĥ|Ġà¤īà¤¨à¤®|à¥ĩà¤Ĥ|Ġ|8|Ġà¤ª|à¥įà¤°à¤¤|à¤¿à¤¶à¤¤|Ġà¤ķ|à¥Ģ|Ġà¤µ|à¥ĥà¤¦|à¥įà¤§|à¤¿|Ġà¤¹|à¥ģà¤Ī|.","2010|के|संघ|य|चुना||से|पहल||1,400|लोगों|ने|मतदा||किया,|2008|से|जो|लोग|ऑस्ट्र|लिया|के|गणतंत|र|बनन||का|विर|ध|करते|हैं|उनम|ं|8 प्रति|शत|की|वृद|धि|हुई.","{""42"": ""2010|के|संघ|य|चुना||से|पहल||1,400|लोगों|ने|मतदा||किया,|2008|से|जो|लोग|ऑस्ट्र|लिया|के|गणतंत|र|बनन||का|विर|ध|करते|हैं|उनम|ं|8 प्रति|शत|की|वृद|धि|हुई."", ""43"": ""2|010|के|संघीय|चुना||से|पहल||1,400|लोगों|ने|मतदा||किया,|2008|से|जो|लोग|ऑस्ट्र|लि|या|के|गणतंत|र|बनने|का|विर|ध|करते|हैं|उनम|ं|8 प्रति|शत|की|वृद|धि|हुई."", ""44"": ""2|0|1|0|के|संघ|य|चुना||से|पहले|1,400|लोगों|ने|मतदा||किया,|2008|से|जो|लोग|ऑस्ट्र|लिया|के|गणतंत|र|बनने|का|विर|ध|करते|हैं|उनम|ं|8 प्रति|शत|की|वृद|धि|हुई."", ""45"": ""2010|के|संघ|य|चुना||से|पहल||1,400|लोगों|ने|मतदा||किया,|2008|से|जो|लोग|ऑस्ट|र|लिया|के|गणतंत|र|बनन||का|विर|ध|करते|हैं|उनम|ं|8 प्रति|शत|की|वृद|धि|हुई."", ""46"": ""2010|के|संघ|य|चुना||से|पहले|1,400|लोगों|ने|मतदा||किया,|2008|से|जो|लोग|ऑस्ट्र|लि|या|के|गणतंत|र|बनने|का|विर|ध|करते|हैं|उनम|ं|8|प्रति|शत|की|वृद|धि|हुई.""}"
hi,"2010 में, राष्ट्रीयकरण करते समय, वर्तमान उच्च स्ट्रीट बैंक उत्तरी पहाड़ी को 'बैड बैंक', उत्तरी पहाड़ी (असिस्ट मैनेजमेंट) से अलग किया गया था।",1,1,5,5,True,"201|0|Ġà¤®|à¥ĩà¤Ĥ,|Ġà¤°|à¤¾à¤·|à¥įà¤Ł|à¥įà¤°|à¥Ģà¤¯|à¤ķà¤°à¤£|Ġà¤ķà¤°à¤¤|à¥ĩ|Ġà¤¸à¤®à¤¯|,|Ġà¤µà¤°|à¥įà¤¤à¤®|à¤¾à¤¨|Ġà¤īà¤ļ|à¥įà¤ļ|Ġà¤¸|à¥įà¤Ł|à¥įà¤°|à¥Ģà¤Ł|Ġà¤¬|à¥Īà¤Ĥ|à¤ķ|Ġà¤īà¤¤|à¥įà¤¤à¤°|à¥Ģ|Ġà¤ªà¤¹|à¤¾à¤¡|à¤¼à¥Ģ|Ġà¤ķ|à¥ĭ|Ġ'|à¤¬|à¥Īà¤¡|Ġà¤¬|à¥Īà¤Ĥ|à¤ķ|',|Ġà¤īà¤¤|à¥įà¤¤à¤°|à¥Ģ|Ġà¤ªà¤¹|à¤¾à¤¡|à¤¼à¥Ģ|Ġ(|à¤ħà¤¸|à¤¿à¤¸|à¥įà¤Ł|Ġà¤®|à¥Īà¤¨|à¥ĩà¤ľà¤®|à¥ĩà¤Ĥ|à¤Ł|)|Ġà¤¸|à¥ĩ|Ġà¤ħà¤²à¤Ĺ|Ġà¤ķ|à¤¿à¤¯|à¤¾|Ġà¤Ĺà¤¯|à¤¾|Ġà¤¥|à¤¾à¥¤","20|1|0|में,|रा|्ट्र|यकरण|करते|समय,|वर|तमा||उच्च|स्ट्र|ट|बैंक|उत|तर||पहा|़ी|को|'बैड|बैंक',|उत|तर||पहा|़ी|(असिस|ट|मैन|जम|ंट)|से|अलग|किया|गया|था।","{""42"": ""20|1|0|में,|रा|्ट्र|यकरण|करते|समय,|वर|तमा||उच्च|स्ट्र|ट|बैंक|उत|तर||पहा|़ी|को|'बैड|बैंक',|उत|तर||पहा|़ी|(असिस|ट|मैन|जम|ंट)|से|अलग|किया|गया|था।"", ""43"": ""2|010|में,|रा|्ट्र|यकरण|करते|समय,|वर|तमा||उच्च|स्ट|र|ट|बैंक|उत|तर||पहा|़ी|को|'बैड|बैंक',|उत|तर||पहा|़ी|(असिस|ट|मैन|जम|ंट)|से|अलग|किया|गया|था।"", ""44"": ""2|010|में,|रा|्ट्र|यकरण|करते|समय,|वर|तमा||उच्च|स्ट|र|ट|बैंक|उत|तर||पहा|़ी|को|'ब|ड|बैंक',|उत|तर||पहा|़ी|(असिस|ट|मैनेजम|ंट)|से|अलग|किया|गया|था।"", ""45"": ""20|10|में,|रा|्ट्र|यकरण|करते|समय,|वर|तमा||उच्च|स्ट|र|ट|बैंक|उत|तर||पहा|़ी|को|'बैड|बैंक',||त|तर||पहा|़ी|(असिस|ट|मैन|जम|ंट)|से|अलग|किया|गया|था।"", ""46"": ""20|10|में,|रा|्ट्र|यकरण|करते|समय,|वर|तमा||उच्च|स्ट|र|ट|बैंक|उत|तर||पहा|़ी|को|'बैड|बैंक',|उत|तर||पहा|़ी|(असिस|ट|मैन|जम|ंट)|से|अलग|किया|गया|था।""}"
hi,"2022 में चीन का बीजिंग शहर ओलंपिक शीतकालीन खेलों का मेज़बान शहर होगा, जो दोनों ग्रीष्मकालीन और शीतकालीन ओलंपिक की मेज़बानी करने वाला पहला शहर बन जाएगा.",1,1,5,5,True,"202|2|Ġà¤®|à¥ĩà¤Ĥ|Ġà¤ļ|à¥Ģà¤¨|Ġà¤ķ|à¤¾|Ġà¤¬|à¥Ģà¤ľ|à¤¿à¤Ĥ|à¤Ĺ|Ġà¤¶à¤¹à¤°|Ġà¤ĵà¤²|à¤Ĥà¤ª|à¤¿à¤ķ|Ġà¤¶|à¥Ģà¤¤à¤ķ|à¤¾à¤²|à¥Ģà¤¨|Ġà¤ĸ|à¥ĩà¤²|à¥ĭà¤Ĥ|Ġà¤ķ|à¤¾|Ġà¤®|à¥ĩà¤ľ|à¤¼à¤¬|à¤¾à¤¨|Ġà¤¶à¤¹à¤°|Ġà¤¹|à¥ĭà¤Ĺ|à¤¾,|Ġà¤ľ|à¥ĭ|Ġà¤¦|à¥ĭà¤¨|à¥ĭà¤Ĥ|Ġà¤Ĺ|à¥įà¤°|à¥Ģà¤·|à¥įà¤®à¤ķ|à¤¾à¤²|à¥Ģà¤¨|Ġà¤Ķà¤°|Ġà¤¶|à¥Ģà¤¤à¤ķ|à¤¾à¤²|à¥Ģà¤¨|Ġà¤ĵà¤²|à¤Ĥà¤ª|à¤¿à¤ķ|Ġà¤ķ|à¥Ģ|Ġà¤®|à¥ĩà¤ľ|à¤¼à¤¬|à¤¾à¤¨|à¥Ģ|Ġà¤ķà¤°à¤¨|à¥ĩ|Ġà¤µ|à¤¾à¤²|à¤¾|Ġà¤ªà¤¹à¤²|à¤¾|Ġà¤¶à¤¹à¤°|Ġà¤¬à¤¨|Ġà¤ľ|à¤¾à¤ıà¤Ĺ|à¤¾.","2|022|में|चीन|का|बीजि|ंग|शहर|ओलंपि|क|शीतका|ीन|खेलों|का|मेज़बा||शहर|होगा,|जो|दोनों|ग्र|ष|मका|ीन|और|शीतका|ीन|ओलंपि|क|की|मेज़बा|ी|करने|वा|ा|पहला|शहर|बन|जाएगा.","{""42"": ""2|022|में|चीन|का|बीजि|ंग|शहर|ओलंपि|क|शीतका|ीन|खेलों|का|मेज़बा||शहर|होगा,|जो|दोनों|ग्र|ष|मका|ीन|और|शीतका|ीन|ओलंपि|क|की|मेज़बा|ी|करने|वा|ा|पहला|शहर|बन|जाएगा."", ""43"": ""2|0|22|में|चीन|का|बीजि|ंग|शहर|ओलं|ि|क|शीतका|ीन|खेल|ं|का|मेज़बा||शहर|होगा,|जो|दोनों|ग्र|ष|मका|ीन|और|शीतका|ीन|ओलं|ि|क|की|मेज़बा|ी|करने|वा|ा|पहला|शहर|बन|जाएगा."", ""44"": ""2022|में|चीन|का|बीजि|ंग|शहर|ओलं|ि|क|शीतक||ीन|खेलों|का|मेज़बा||शहर|होगा,|जो|दोनों|ग्र|ष्मका|ीन|और|शीतका|ीन|ओलंपि|क|की|मेज़बा|ी|करने|वा|ा|पहला|शहर|बन|जाएगा."", ""45"": ""2022|में|चीन|का|बीजि|ंग|शहर|ओलं|ि|क|शीतका|ीन|खेल|ं|का|मेज़बा||शहर|होगा,|जो|दोनों|ग्र|ष्मक||ीन|और|शीत|ा|ीन|ओलं|ि|क|की|मेज़बा|ी|करने|वा|ा|पहला|शहर|बन|जाएगा."", ""46"": ""2022|में|चीन|का|बीजि|ंग|शहर|ओलं|ि|क|शीतका|ीन|खेल|ं|का|मेज़बा||शहर|होगा,|जो|दोनों|ग्र|ष|मका|ीन|और|शीतका|ीन|ओलं|ि|क|की|मेज़बा|ी|करने|वा|ा|पहला|शहर|बन|जाएगा.""}"
hi,21 वर्षीय जीसस पिछले साल जनवरी 2017 में ब्राज़ील के क्लब पालमीरास से £ 27 मिलियन की कथित फीस के लिए मैनचेस्टर सिटी में शामिल हुए थे.,1,1,5,5,True,21|Ġà¤µà¤°|à¥įà¤·|à¥Ģà¤¯|Ġà¤ľ|à¥Ģà¤¸|à¤¸|Ġà¤ª|à¤¿à¤Ľà¤²|à¥ĩ|Ġà¤¸|à¤¾à¤²|Ġà¤ľà¤¨à¤µà¤°|à¥Ģ|Ġ|201|7|Ġà¤®|à¥ĩà¤Ĥ|Ġà¤¬|à¥įà¤°|à¤¾à¤ľ|à¤¼à¥Ģ|à¤²|Ġà¤ķ|à¥ĩ|Ġà¤ķ|à¥įà¤²à¤¬|Ġà¤ª|à¤¾à¤²à¤®|à¥Ģà¤°|à¤¾à¤¸|Ġà¤¸|à¥ĩ|ĠÂ£|Ġ|27|Ġà¤®|à¤¿à¤²|à¤¿à¤¯à¤¨|Ġà¤ķ|à¥Ģ|Ġà¤ķà¤¥|à¤¿à¤¤|Ġà¤«|à¥Ģà¤¸|Ġà¤ķ|à¥ĩ|Ġà¤²|à¤¿à¤ı|Ġà¤®|à¥Īà¤¨|à¤ļ|à¥ĩà¤¸|à¥įà¤Łà¤°|Ġà¤¸|à¤¿à¤Ł|à¥Ģ|Ġà¤®|à¥ĩà¤Ĥ|Ġà¤¶|à¤¾à¤®|à¤¿à¤²|Ġà¤¹|à¥ģà¤ı|Ġà¤¥|à¥ĩ.,2|1||वर|षीय|जीसस|पिछल||साल|जनवर||2017|में|ब्रा|़ील|के|क्लब|पा|म|रा||से|£ 27|मिलियन|की|कथित|फीस|के|लिए|मैनच|स|टर|सिटी|में|शा|िल|हुए|थे.,"{""42"": ""2|1||वर|षीय|जीसस|पिछल||साल|जनवर||2017|में|ब्रा|़ील|के|क्लब|पा|म|रा||से|£ 27|मिलियन|की|कथित|फीस|के|लिए|मैनच|स|टर|सिटी|में|शा|िल|हुए|थे."", ""43"": ""21|वर|षीय|जीसस|पिछले|सा||जनवर||2017|में|ब्रा|़ील|के|क्लब|पा|म|रा||से|£ 27|मिलियन|की|कथित|फीस|के|लिए|मैनच|स|टर|सिट||में|शा|िल|हुए|थे."", ""44"": ""2|1|वर|षीय|जीसस|पिछल||साल|जनवर||2017|में|ब्रा|़ील|के|क्लब|पा|म|रा||से|£|27|मिलियन|की|कथित|फीस|के|लिए|मैनचेस|टर|सिट||में|शा|िल|हुए|थे."", ""45"": ""21|वर|षीय|जीसस|पिछले|साल|जनवर||2017|में|ब्रा|़ील|के|क्लब|पा|म|रा||से|£|27|मिलियन|की|कथित|फीस|के|लिए|मैनचेस|टर|सिट||में|शा|िल|हुए|थे."", ""46"": ""21|वर|ष|य|जीसस|पिछल||साल|जनवर||2017|में|ब्रा|़ील|के|क्लब|पा|म|रा||से|£ 27|मिलियन|की|कथित|फीस|के|लिए|मैनचेस|टर|सिट||में|शा|िल|हुए|थे.""}"
hi,"24 सितंबर, 1759 को, आर्थर गिनीज़ ने डबलिन, आयरलैंड में सेंट जेम्स गेट ब्रूअरी के लिए 9,000 साल की लीज़ पर हस्ताक्षर किए.",1,1,5,5,True,"24|Ġà¤¸|à¤¿à¤¤|à¤Ĥà¤¬à¤°|,|Ġ|175|9|Ġà¤ķ|à¥ĭ,|Ġà¤Ĩà¤°|à¥įà¤¥à¤°|Ġà¤Ĺ|à¤¿à¤¨|à¥Ģà¤ľ|à¤¼|Ġà¤¨|à¥ĩ|Ġà¤¡à¤¬à¤²|à¤¿à¤¨|,|Ġà¤Ĩà¤¯|à¤°à¤²|à¥Īà¤Ĥ|à¤¡|Ġà¤®|à¥ĩà¤Ĥ|Ġà¤¸|à¥ĩà¤Ĥ|à¤Ł|Ġà¤ľ|à¥ĩà¤®|à¥įà¤¸|Ġà¤Ĺ|à¥ĩà¤Ł|Ġà¤¬|à¥įà¤°|à¥Ĥ|à¤ħà¤°|à¥Ģ|Ġà¤ķ|à¥ĩ|Ġà¤²|à¤¿à¤ı|Ġ|9|,|000|Ġà¤¸|à¤¾à¤²|Ġà¤ķ|à¥Ģ|Ġà¤²|à¥Ģà¤ľ|à¤¼|Ġà¤ªà¤°|Ġà¤¹à¤¸|à¥įà¤¤|à¤¾à¤ķ|à¥įà¤·à¤°|Ġà¤ķ|à¤¿à¤ı|.","24||सितं|र,|1759|को,|आर|थर|गिनीज़|ने|डबलिन,|आयरल|ंड|में|सेंट|जेम्स|गेट|ब्र|अर||के|लिए|9,000|सा||की|लीज़|पर|हस्ता|्षर|किए.","{""42"": ""24||सितं|र,|1759|को,|आर|थर|गिनीज़|ने|डबलिन,|आयरल|ंड|में|सेंट|जेम्स|गेट|ब्र|अर||के|लिए|9,000|सा||की|लीज़|पर|हस्ता|्षर|किए."", ""43"": ""24|सितंबर,|1759|को,|आर|थर|गिनीज़|ने|डबलि|न,|आयरल|ं||में|सेंट|जेम्स|गेट|ब्र|अर||के|लिए|9,000|सा||की|लीज़|पर|हस्ता|्षर|किए."", ""44"": ""2|4|सितं|र,|1759|को,|आर|थर|गिनीज़|ने|डबलि|न,|आयरल|ंड|में|सेंट|जेम्स|गेट|ब्र|अर||के|लिए|9,000|साल|की|लीज़|पर|हस्ता|्षर|किए."", ""45"": ""24||सितं|र,|1759|को,|आर|थर|गिनीज़|ने|डबलि|न,|आयरल|ंड|में|सेंट|जेम्स|गेट|ब्र|अ|||के|लिए|9,000|सा||की|लीज़|पर|हस्ता|्षर|किए."", ""46"": ""24|सितं|र,|1759|को,|आर|थर|गिनीज़|ने|डबलि|न,|आयरल|ंड|में|सेंट|जेम्स|गेट|ब्र|अ|||के|लिए|9,000|साल|की|लीज़|पर|हस्ता|्षर|किए.""}"
hi,"250 साल बाद, गिनीज़ एक वैश्विक व्यवसाय बन चुका है जो हर साल 10 बिलियन यूरो (14.7 बिलियन अमेरिकी डॉलर) से ज़्यादा की कमाई करता है.",1,1,5,5,True,"250|Ġà¤¸|à¤¾à¤²|Ġà¤¬|à¤¾à¤¦|,|Ġà¤Ĺ|à¤¿à¤¨|à¥Ģà¤ľ|à¤¼|Ġà¤ıà¤ķ|Ġà¤µ|à¥Īà¤¶|à¥įà¤µ|à¤¿à¤ķ|Ġà¤µ|à¥įà¤¯à¤µà¤¸|à¤¾à¤¯|Ġà¤¬à¤¨|Ġà¤ļ|à¥ģà¤ķ|à¤¾|Ġà¤¹|à¥Ī|Ġà¤ľ|à¥ĭ|Ġà¤¹à¤°|Ġà¤¸|à¤¾à¤²|Ġ|10|Ġà¤¬|à¤¿à¤²|à¤¿à¤¯à¤¨|Ġà¤¯|à¥Ĥà¤°|à¥ĭ|Ġ(|14|.|7|Ġà¤¬|à¤¿à¤²|à¤¿à¤¯à¤¨|Ġà¤ħà¤®|à¥ĩà¤°|à¤¿à¤ķ|à¥Ģ|Ġà¤¡|à¥īà¤²à¤°|)|Ġà¤¸|à¥ĩ|Ġà¤ľ|à¤¼à¥į|à¤¯|à¤¾à¤¦|à¤¾|Ġà¤ķ|à¥Ģ|Ġà¤ķà¤®|à¤¾à¤Ī|Ġà¤ķà¤°à¤¤|à¤¾|Ġà¤¹|à¥Ī.","25|0|साल|बाद,|गिनीज़|एक|वैश्वि|क|व्यवसा||बन|चुका|है|जो|हर|सा||10|बिलि|यन|यूर||(14.7|बिलि|यन|अमेरि|क||डॉलर)|से|ज़्या|ा|की|कमा||करता|है.","{""42"": ""25|0|साल|बाद,|गिनीज़|एक|वैश्वि|क|व्यवसा||बन|चुका|है|जो|हर|सा||10|बिलि|यन|यूर||(14.7|बिलि|यन|अमेरि|क||डॉलर)|से|ज़्या|ा|की|कमा||करता|है."", ""43"": ""250||सा||बाद,|गिनीज़|एक|वैश|वि|क|व्यवसा||बन|चुका|है|जो|हर|साल|10|बिलियन|यूर||(14.7|बिलि|यन|अमेरि|क||डॉलर)|से|ज़्या|ा|की|कमा||करता|है."", ""44"": ""25|0|साल|बाद,|गिनीज़|एक|वैश्वि|क|व्यवसा||बन|चुका|है|जो|हर|सा||10|बिलि|यन|यूर||(14.7|बिलियन|अमेरि|क||डॉलर)|से|ज़्या|ा|की|कमा||करता|है."", ""45"": ""250|सा||बाद,|गिनीज़|एक|वैश|वि|क|व्यवसा||बन|चुका|है|जो|हर|सा||10|बिलि|यन|यूरो|(14.7|बिलि|यन|अमेरि|क||डॉलर)|से|ज़्या|ा|की|कमा||करता|है."", ""46"": ""2|50|सा||बाद,|गि|नीज़|एक|वैश्वि|क|व्यवसा||बन|चुका|है|जो|हर|सा||10|बिलि|यन|यूर||(14.7|बिलियन|अमेरि|क||डॉलर)|से|ज़्या|ा|की|कमा||करता|है.""}"
hi,"26 नवम्बर 2008 को मुंबई के हमलावर नाव के द्वारा पहुँचे और अपने साथ ग्रेनेड, स्वचालित हथियार लेकर आए और भीड़भाड़ वाले छत्रपति शिवाजी टर्मिनस रेलवे स्टेशन और प्रसिद्ध ताज महल होटल सहित कई ठिकानों पर हमला किया।",1,1,5,5,True,"26|Ġà¤¨à¤µà¤®|à¥įà¤¬à¤°|Ġ|200|8|Ġà¤ķ|à¥ĭ|Ġà¤®|à¥ģà¤Ĥ|à¤¬à¤Ī|Ġà¤ķ|à¥ĩ|Ġà¤¹à¤®à¤²|à¤¾à¤µà¤°|Ġà¤¨|à¤¾à¤µ|Ġà¤ķ|à¥ĩ|Ġà¤¦|à¥įà¤µ|à¤¾à¤°|à¤¾|Ġà¤ªà¤¹|à¥ģà¤ģ|à¤ļ|à¥ĩ|Ġà¤Ķà¤°|Ġà¤ħà¤ªà¤¨|à¥ĩ|Ġà¤¸|à¤¾à¤¥|Ġà¤Ĺ|à¥įà¤°|à¥ĩà¤¨|à¥ĩà¤¡|,|Ġà¤¸|à¥įà¤µà¤ļ|à¤¾à¤²|à¤¿à¤¤|Ġà¤¹à¤¥|à¤¿à¤¯|à¤¾à¤°|Ġà¤²|à¥ĩà¤ķà¤°|Ġà¤Ĩà¤ı|Ġà¤Ķà¤°|Ġà¤Ń|à¥Ģà¤¡|à¤¼|à¤Ń|à¤¾à¤¡|à¤¼|Ġà¤µ|à¤¾à¤²|à¥ĩ|Ġà¤Ľà¤¤|à¥įà¤°à¤ªà¤¤|à¤¿|Ġà¤¶|à¤¿à¤µ|à¤¾à¤ľ|à¥Ģ|Ġà¤Łà¤°|à¥įà¤®|à¤¿à¤¨à¤¸|Ġà¤°|à¥ĩà¤²à¤µ|à¥ĩ|Ġà¤¸|à¥įà¤Ł|à¥ĩà¤¶à¤¨|Ġà¤Ķà¤°|Ġà¤ª|à¥įà¤°à¤¸|à¤¿à¤¦|à¥įà¤§|Ġà¤¤|à¤¾à¤ľ|Ġà¤®à¤¹à¤²|Ġà¤¹|à¥ĭà¤Łà¤²|Ġà¤¸à¤¹|à¤¿à¤¤|Ġà¤ķà¤Ī|Ġà¤ł|à¤¿à¤ķ|à¤¾à¤¨|à¥ĭà¤Ĥ|Ġà¤ªà¤°|Ġà¤¹à¤®à¤²|à¤¾|Ġà¤ķ|à¤¿à¤¯|à¤¾à¥¤","26||नवम|बर|2008|को|मुंबई|के|हमला|र|ना||के|द्वा|ा|पहुँच|े|और|अपने|सा||ग्र|नेड,|स्वच|ा|ित|हथिया||लेकर|आए|और|भीड़भा|़|वा|े|छत|रपति|शिवा|ी|टर|मि|नस|रेलवे|स्ट|शन|और|प्रसि|द|ध|ता||महल|होटल|सहित|कई|ठिका|ों|पर|हमला|किया।","{""42"": ""26||नवम|बर|2008|को|मुंबई|के|हमला|र|ना||के|द्वा|ा|पहुँच|े|और|अपने|सा||ग्र|नेड,|स्वच|ा|ित|हथिया||लेकर|आए|और|भीड़भा|़|वा|े|छत|रपति|शिवा|ी|टर|मि|नस|रेलवे|स्ट|शन|और|प्रसि|द|ध|ता||महल|होटल|सहित|कई|ठिका|ों|पर|हमला|किया।"", ""43"": ""2|6||नवम|बर|2008|को|मुंबई|के|हमला|र|ना||के|द्वा|ा|पहुँच|े|और|अपने|सा||ग्र|न|ड,|स्वच|ा|ि|त|हथिया||लेकर|आए|और|भीड़भा|़|वा|े|छत|रपति|शिवा|ी|टर|मिनस|रेलव||स्ट|शन|और|प्रसि|द|ध|ता||महल|होटल|सहित|कई|ठिका|ों|पर|हमला|किया।"", ""44"": ""26|नवम|बर|2008|को|मुंबई|के|हमला|र|ना||के|द्वा|ा|पहुँच|े|और|अपने|सा||ग्र|नेड,|स्वच|ा|ि|त|हथिया||लेकर|आए|और|भीड़भा|़|वा|े|छत|रपति||शिवा|ी|टर|मि|नस|रेलव||स्ट|शन|और|प्रसि|द|ध|ता||महल|होटल|सहित|कई|ठिका|ों|पर|हमला|किया।"", ""45"": ""26|नवम|बर|2008|को|मुंबई|के|हमला|र|ना||के|द्वा|ा|पहुँच|े|और|अपने|सा||ग्र|नेड,|स्वच|ा|ित|हथिया||लेकर|आए|और|भीड़भा|़|वा|े|छत|रपति|शिवा|ी|टर|मि|नस|रेलवे|स्ट|शन|और|प्रसि|द|ध|ता||महल|होटल|सहित|कई|ठिका|ों|पर|हमला|किया।"", ""46"": ""26|नवम|बर|2008|को|मुंबई|के|हमला|र|ना||के|द्वा|ा|पहुँच|े|और|अपने|साथ|ग्र|न|ड,|स्वच|ा|ि|त|हथिया||लेकर|आए|और|भीड़भा|़|वा|े|छत|रपति||शिवा|ी|टर|मिनस|रेलवे|स्ट|शन|और|प्रसि|द|ध|ता||महल|होटल|सहित|कई|ठिका|ों|पर|हमला|किया।""}"
hi,"28 जून को, लीबिया के गवर्नर जनरल और मार्शल मुसोलिनी के स्पष्ट उत्तराधिकारी मार्शल इटालो बाल्बो, टोब्रुक में लैंड करते समय फ़्रेंडली फ़ायर में मारे गए.",1,1,5,5,True,"28|Ġà¤ľ|à¥Ĥà¤¨|Ġà¤ķ|à¥ĭ,|Ġà¤²|à¥Ģà¤¬|à¤¿à¤¯|à¤¾|Ġà¤ķ|à¥ĩ|Ġà¤Ĺà¤µà¤°|à¥įà¤¨à¤°|Ġà¤ľà¤¨à¤°à¤²|Ġà¤Ķà¤°|Ġà¤®|à¤¾à¤°|à¥įà¤¶|à¤²|Ġà¤®|à¥ģà¤¸|à¥ĭà¤²|à¤¿à¤¨|à¥Ģ|Ġà¤ķ|à¥ĩ|Ġà¤¸|à¥įà¤ªà¤·|à¥įà¤Ł|Ġà¤īà¤¤|à¥įà¤¤à¤°|à¤¾à¤§|à¤¿à¤ķ|à¤¾à¤°|à¥Ģ|Ġà¤®|à¤¾à¤°|à¥įà¤¶|à¤²|Ġà¤ĩ|à¤Ł|à¤¾à¤²|à¥ĭ|Ġà¤¬|à¤¾à¤²|à¥įà¤¬|à¥ĭ,|Ġà¤Ł|à¥ĭà¤¬|à¥įà¤°|à¥ģà¤ķ|Ġà¤®|à¥ĩà¤Ĥ|Ġà¤²|à¥Īà¤Ĥ|à¤¡|Ġà¤ķà¤°à¤¤|à¥ĩ|Ġà¤¸à¤®à¤¯|Ġà¤«|à¤¼à¥į|à¤°|à¥ĩà¤Ĥ|à¤¡à¤²|à¥Ģ|Ġà¤«|à¤¼à¤¾|à¤¯à¤°|Ġà¤®|à¥ĩà¤Ĥ|Ġà¤®|à¤¾à¤°|à¥ĩ|Ġà¤Ĺà¤ı|.","28||जून|को,|लीबि|या|के|गवर|नर|जनरल|और|मा|्शल|मुसोलि|न||के|स्पष|ट|उत|तरा|िका|ी|मा|्शल|इटा|ो|बाल्बो,|टोब|र|क|में|लैंड|करते|समय|फ़्र|ंडल||फ़ा|र|में|मा|े|गए.","{""42"": ""28||जून|को,|लीबि|या|के|गवर|नर|जनरल|और|मा|्शल|मुसोलि|न||के|स्पष|ट|उत|तरा|िका|ी|मा|्शल|इटा|ो|बाल्बो,|टोब|र|क|में|लैंड|करते|समय|फ़्र|ंडल||फ़ा|र|में|मा|े|गए."", ""43"": ""28|जून|को,|लीबि|या|के|गवर|नर|जनरल|और|मा|्शल|मुसोलि|न||के|स्पष|ट|उत|तरा|िका|ी|मा|्शल|इटा|ो|बाल्ब|,|टोब|र|क|में|लैंड|करते|समय|फ़्र|ंड|||फ़ा|र|में|मा|े|गए."", ""44"": ""28|जून|को,|लीबि|या|के|गवर|नर|जनरल|और|मा|्शल|मुस|लि|नी|के|स्पष|ट|उत|तरा|ि|का|ी|मा|्शल|इटा|ो|बाल्ब|,|टोब|र|क|में|लैंड|करते|समय|फ़्र|ंडल||फ़ा|र|में|मा|े|गए."", ""45"": ""28|जून|को,|लीबि|या|के|गवर|नर|जनरल|और|मा|्शल|मुसोलि|नी|के|स्पष|ट|उत|तरा|िका|ी|मा|्शल|इटा|ो|बाल्ब|,|टोब|र|क|में|लैंड|करते|समय|फ़्र|ंडल||फ़ा|र|में|मा|े|गए."", ""46"": ""28|जून|को,|लीबि|या|के|गवर|नर|जनरल|और|मा|्शल|मुस|लि|नी|के|स्पष|ट|उत|तरा|िका|ी|मा|्शल|इटा|ो|बाल्ब|,|टोब|रुक|में|लैंड|करते|समय|फ़्र|ंडल||फ़ा|र|में|मा|े|गए.""}"
hi,"29 वर्षीय डॉ. मलार बालासुब्रमण्यम सिनसिनाटी के उत्तर में लगभग 15 मील की दूरी पर एक उपनगर ब्लू ऐश, ओहियो में मिले, जो एक टी-शर्ट और अंडरवियर में सड़क के किनारे बहुत अधिक नशे की हालत में जमीन पर पड़े थे।",1,1,5,5,True,"29|Ġà¤µà¤°|à¥įà¤·|à¥Ģà¤¯|Ġà¤¡|à¥ī.|Ġà¤®à¤²|à¤¾à¤°|Ġà¤¬|à¤¾à¤²|à¤¾à¤¸|à¥ģà¤¬|à¥įà¤°à¤®à¤£|à¥įà¤¯à¤®|Ġà¤¸|à¤¿à¤¨à¤¸|à¤¿à¤¨|à¤¾à¤Ł|à¥Ģ|Ġà¤ķ|à¥ĩ|Ġà¤īà¤¤|à¥įà¤¤à¤°|Ġà¤®|à¥ĩà¤Ĥ|Ġà¤²à¤Ĺà¤Ńà¤Ĺ|Ġ|15|Ġà¤®|à¥Ģà¤²|Ġà¤ķ|à¥Ģ|Ġà¤¦|à¥Ĥà¤°|à¥Ģ|Ġà¤ªà¤°|Ġà¤ıà¤ķ|Ġà¤īà¤ªà¤¨|à¤Ĺà¤°|Ġà¤¬|à¥įà¤²|à¥Ĥ|Ġà¤Ĳà¤¶|,|Ġà¤ĵ|à¤¹|à¤¿à¤¯|à¥ĭ|Ġà¤®|à¥ĩà¤Ĥ|Ġà¤®|à¤¿à¤²|à¥ĩ,|Ġà¤ľ|à¥ĭ|Ġà¤ıà¤ķ|Ġà¤Ł|à¥Ģ-|à¤¶à¤°|à¥įà¤Ł|Ġà¤Ķà¤°|Ġà¤ħ|à¤Ĥà¤¡à¤°|à¤µ|à¤¿à¤¯à¤°|Ġà¤®|à¥ĩà¤Ĥ|Ġà¤¸à¤¡|à¤¼à¤ķ|Ġà¤ķ|à¥ĩ|Ġà¤ķ|à¤¿à¤¨|à¤¾à¤°|à¥ĩ|Ġà¤¬à¤¹|à¥ģà¤¤|Ġà¤ħà¤§|à¤¿à¤ķ|Ġà¤¨à¤¶|à¥ĩ|Ġà¤ķ|à¥Ģ|Ġà¤¹|à¤¾à¤²à¤¤|Ġà¤®|à¥ĩà¤Ĥ|Ġà¤ľà¤®|à¥Ģà¤¨|Ġà¤ªà¤°|Ġà¤ªà¤¡|à¤¼à¥ĩ|Ġà¤¥|à¥ĩà¥¤","29|वर्ष|य|डॉ.|मला||बाला|ुब|रमण|यम|सिनस||ना|ी|के|उत|तर|में|लगभग|15|मील|की|दूर||पर|एक|उपनगर|ब्ल||ऐश,|ओहियो|में|मिले,|जो|एक|टी-|शर|ट|और|अंड|वि|यर|में|सड़क|के|किना|े|बहुत|अधिक|नशे|की|हा|त|में|जमीन|पर|पड़||थे।","{""42"": ""29|वर्ष|य|डॉ.|मला||बाला|ुब|रमण|यम|सिनस||ना|ी|के|उत|तर|में|लगभग|15|मील|की|दूर||पर|एक|उपनगर|ब्ल||ऐश,|ओहियो|में|मिले,|जो|एक|टी-|शर|ट|और|अंड|वि|यर|में|सड़क|के|किना|े|बहुत|अधिक|नशे|की|हा|त|में|जमीन|पर|पड़||थे।"", ""43"": ""2|9|वर|ष|य|डॉ.|मला||बाला|ुब|रमण|यम|सिनसि|ना|ी|के|उत|तर|में|लगभग|15|मील|की|दूर||पर|एक|उपनग||ब्ल||ऐश,|ओहियो|में|मिल|,|जो|एक|टी-|शर|ट|और|अंडरवि|यर|में|सड़क|के|किना|े|बह|त|अधिक|नशे|की|हा|त|में|जम|न|पर|पड़े|थे।"", ""44"": ""29|वर|ष|य|डॉ.|मला||बाला|ुब|रमण|यम|सिनसि|ना|ी|के|उत|तर|में|लगभग|15|मील|की|दूर||पर|एक|उपनग||ब्लू|ऐश,|ओहियो|में|मिल|,|जो|एक|टी-|शर|ट|और|अंडरवि|यर|में|सड़क|के|किना|े|बहुत|अधिक|नशे|की|हा|त|में|जमीन|पर|पड़े|थे।"", ""45"": ""29|वर|षीय|डॉ.|मला||बाला|ुब|रमण|यम|सिनसि|ना|ी|के|उत|तर|में|लगभग|15|मील|की|दूर||पर|एक|उपनगर|ब्ल||ऐश,|ओहियो|में|मिल|,|जो|एक|टी-|शर|ट|और|अंडरवि|यर|में|सड़क|के|किना|े|बहुत|अधिक|नश||की|हा|त|में|जमीन|पर|पड़े|थे।"", ""46"": ""29|वर|षीय|डॉ.|मला||बाला|ुब|रमण|यम|सि|नसि|ना|ी|के|उत|तर|में|लगभग|15|मील|की|दूर||पर|एक|उपनगर|ब्लू|ऐश,|ओहियो|में|मिल|,|जो|एक|टी-|शर|ट|और|अंडरवियर|में|सड़क|के|किना|े|बहुत|अधिक|नश||की|हा|त|में|जमीन|पर|पड़े|थे।""}"
hi,"300 और गाड़ियों से संख्या बनती हैं , 1,300 गाडियाँ जो मंगवाई गई हैं ै ताकिें भीड़भाड़ से निजात मिल सके।",1,1,5,5,True,"300|Ġà¤Ķà¤°|Ġà¤Ĺ|à¤¾à¤¡|à¤¼à¤¿|à¤¯|à¥ĭà¤Ĥ|Ġà¤¸|à¥ĩ|Ġà¤¸|à¤Ĥà¤ĸ|à¥įà¤¯|à¤¾|Ġà¤¬à¤¨à¤¤|à¥Ģ|Ġà¤¹|à¥Īà¤Ĥ|Ġ,|Ġ|1|,|300|Ġà¤Ĺ|à¤¾à¤¡|à¤¿à¤¯|à¤¾à¤ģ|Ġà¤ľ|à¥ĭ|Ġà¤®|à¤Ĥà¤Ĺ|à¤µ|à¤¾à¤Ī|Ġà¤Ĺà¤Ī|Ġà¤¹|à¥Īà¤Ĥ|Ġà¥|Ī|Ġà¤¤|à¤¾à¤ķ|à¤¿|à¥ĩà¤Ĥ|Ġà¤Ń|à¥Ģà¤¡|à¤¼|à¤Ń|à¤¾à¤¡|à¤¼|Ġà¤¸|à¥ĩ|Ġà¤¨|à¤¿à¤ľ|à¤¾à¤¤|Ġà¤®|à¤¿à¤²|Ġà¤¸à¤ķ|à¥ĩà¥¤","300|और|गा|़ियों|से|संख|या|बनत||हैं|,|1,300|गा|िया||जो|मंगवा||गई|हैं|ै|ता|िें|भीड़भा|़|से|निजा||मिल|सके।","{""42"": ""300|और|गा|़ियों|से|संख|या|बनत||हैं|,|1,300|गा|िया||जो|मंगवा||गई|हैं|ै|ता|िें|भीड़भा|़|से|निजा||मिल|सके।"", ""43"": ""3|00|और|गाड़ि|यों|से|संख|या|बनती|हैं|,|1,300|गा|िया||जो|मंगवा||गई|हैं|ै|ता|िें|भीड़भा|़|से|निजा||मिल|सके।"", ""44"": ""300|और|गा|़ियों|से|संख्या|बनती|हैं|,|1,300|गा|ि|या||जो|मंगवा||गई|हैं|ै|ता|िें|भीड़भा|़|से|निजा||मिल|सके।"", ""45"": ""3|0|0||और|गा|़ि|यों|से|संख|या|बनती|हैं|,|1,300|गा|िया||जो|मंगवा||गई|हैं|ै|ता|िें|भीड़भा|़|से|निजा||मिल|सके।"", ""46"": ""3|00|और|गा|़ि|यों|से|संख|या|बनत||हैं|,|1,300|गा|िया||जो|मंगवा||गई|हैं|ै|ता|िें|भीड़भा|़|से|निजा||मिल|सके।""}"
hi,"35 मिमी प्रारूप वास्तव में, थोड़ा भ्रामक है, जो ऊँचाई में 24 मिमी गुना 36 मिमी चौड़ाई में है.",1,1,5,5,True,"35|Ġà¤®|à¤¿à¤®|à¥Ģ|Ġà¤ª|à¥įà¤°|à¤¾à¤°|à¥Ĥà¤ª|Ġà¤µ|à¤¾à¤¸|à¥įà¤¤à¤µ|Ġà¤®|à¥ĩà¤Ĥ,|Ġà¤¥|à¥ĭà¤¡|à¤¼à¤¾|Ġà¤Ń|à¥įà¤°|à¤¾à¤®à¤ķ|Ġà¤¹|à¥Ī,|Ġà¤ľ|à¥ĭ|Ġà¤Ĭ|à¤ģà¤ļ|à¤¾à¤Ī|Ġà¤®|à¥ĩà¤Ĥ|Ġ|24|Ġà¤®|à¤¿à¤®|à¥Ģ|Ġà¤Ĺ|à¥ģà¤¨|à¤¾|Ġ|36|Ġà¤®|à¤¿à¤®|à¥Ģ|Ġà¤ļ|à¥Įà¤¡|à¤¼à¤¾|à¤Ī|Ġà¤®|à¥ĩà¤Ĥ|Ġà¤¹|à¥Ī.","35||मिम||प्रा|ूप|वा|्तव|में,|थोड़ा|भ्रा|क|है,|जो|ऊँच|ा||में|24|मिम||गुना|36|मिमी|चौड़ा||में|है.","{""42"": ""35||मिम||प्रा|ूप|वा|्तव|में,|थोड़ा|भ्रा|क|है,|जो|ऊँच|ा||में|24|मिम||गुना|36|मिमी|चौड़ा||में|है."", ""43"": ""35||मिम||प्रा|ूप|वा|्तव|में,|थोड़ा|भ्रा|क|है,|जो|ऊँच|ा||में|24|मिमी|गुना|36|मिम||चौड़ा||में|है."", ""44"": ""35|मिम||प्रा|ूप|वा|्तव|में,|थोड़ा|भ्रा|क|है,|जो|ऊँचा||में|24|मिमी|गुना|36|मिम||चौड़ा||में|है."", ""45"": ""35||मिम||प्रा|ूप|वा|्तव|में,|थोड़ा|भ्रा|क|है,|जो|ऊँचा||में|24|मिमी|गुना|36|मिमी|चौड़ा||में|है."", ""46"": ""3|5|मिम||प्रा|ूप|वा|्तव|में,|थोड़ा|भ्रा|क|है,|जो|ऊँचा||में|24|मिमी|गुना|36|मिम||चौड़ा||में|है.""}"
hi,"4 जुलाई को कांग्रेस द्वारा अपनाए जाने के बाद, एक हाथ से लिखे गए मसौदे पर कांग्रेस के अध्यक्ष जॉन हैनकॉक और सचिव चार्ल्स थ्रॉन द्वारा हस्ताक्षर किये गए थे, फिर इसे कुछ ब्लॉक दूर जॉन डनलप की प्रिंटिंग की दुकान पर भेजा गया था.",1,1,5,5,True,"4|Ġà¤ľ|à¥ģà¤²|à¤¾à¤Ī|Ġà¤ķ|à¥ĭ|Ġà¤ķ|à¤¾à¤Ĥ|à¤Ĺ|à¥įà¤°|à¥ĩà¤¸|Ġà¤¦|à¥įà¤µ|à¤¾à¤°|à¤¾|Ġà¤ħà¤ªà¤¨|à¤¾à¤ı|Ġà¤ľ|à¤¾à¤¨|à¥ĩ|Ġà¤ķ|à¥ĩ|Ġà¤¬|à¤¾à¤¦|,|Ġà¤ıà¤ķ|Ġà¤¹|à¤¾à¤¥|Ġà¤¸|à¥ĩ|Ġà¤²|à¤¿à¤ĸ|à¥ĩ|Ġà¤Ĺà¤ı|Ġà¤®à¤¸|à¥Įà¤¦|à¥ĩ|Ġà¤ªà¤°|Ġà¤ķ|à¤¾à¤Ĥ|à¤Ĺ|à¥įà¤°|à¥ĩà¤¸|Ġà¤ķ|à¥ĩ|Ġà¤ħà¤§|à¥įà¤¯à¤ķ|à¥įà¤·|Ġà¤ľ|à¥īà¤¨|Ġà¤¹|à¥Īà¤¨|à¤ķ|à¥īà¤ķ|Ġà¤Ķà¤°|Ġà¤¸à¤ļ|à¤¿à¤µ|Ġà¤ļ|à¤¾à¤°|à¥įà¤²|à¥įà¤¸|Ġà¤¥|à¥įà¤°|à¥īà¤¨|Ġà¤¦|à¥įà¤µ|à¤¾à¤°|à¤¾|Ġà¤¹à¤¸|à¥įà¤¤|à¤¾à¤ķ|à¥įà¤·à¤°|Ġà¤ķ|à¤¿à¤¯|à¥ĩ|Ġà¤Ĺà¤ı|Ġà¤¥|à¥ĩ,|Ġà¤«|à¤¿à¤°|Ġà¤ĩà¤¸|à¥ĩ|Ġà¤ķ|à¥ģà¤Ľ|Ġà¤¬|à¥įà¤²|à¥īà¤ķ|Ġà¤¦|à¥Ĥà¤°|Ġà¤ľ|à¥īà¤¨|Ġà¤¡|à¤¨à¤²|à¤ª|Ġà¤ķ|à¥Ģ|Ġà¤ª|à¥įà¤°|à¤¿à¤Ĥ|à¤Ł|à¤¿à¤Ĥ|à¤Ĺ|Ġà¤ķ|à¥Ģ|Ġà¤¦|à¥ģà¤ķ|à¤¾à¤¨|Ġà¤ªà¤°|Ġà¤Ń|à¥ĩà¤ľ|à¤¾|Ġà¤Ĺà¤¯|à¤¾|Ġà¤¥|à¤¾.","4||जुला||को|का|ग्रेस|द्वा|ा|अपना||जाने|के|बाद,|एक|हा||से|लिख||गए|मसौद||पर|का|ग्र|स|के|अध|यक|ष|जॉन|हैनक|क|और|सचिव|चा|्ल|स|थ्र|न|द्वा|ा|हस्ता|्षर|किये|गए|थे,|फिर|इसे|कुछ|ब्लॉक|दूर|जॉन|डनलप|की|प्रि|ंटि|ं||की|दुका||पर|भेजा|गया|था.","{""42"": ""4||जुला||को|का|ग्रेस|द्वा|ा|अपना||जाने|के|बाद,|एक|हा||से|लिख||गए|मसौद||पर|का|ग्र|स|के|अध|यक|ष|जॉन|हैनक|क|और|सचिव|चा|्ल|स|थ्र|न|द्वा|ा|हस्ता|्षर|किये|गए|थे,|फिर|इसे|कुछ|ब्लॉक|दूर|जॉन|डनलप|की|प्रि|ंटि|ं||की|दुका||पर|भेजा|गया|था."", ""43"": ""4|जुला||को|का|ग्र|स|द्वा|ा|अपना||जाने|के|बाद,|एक|हा||से|लिख||गए|मसौद||पर|का|ग्र|स|के|अध्यक|ष|जॉन|हैनक|क|और|सचि|व|चा|्ल्स|थ्र|न|द्वा|ा|हस्ता|्षर|किये|गए|थे,|फिर|इसे|कुछ|ब्ल|क|दूर|जॉन|डनलप|की|प्रि|ंटि|ंग|की|दुका||पर|भेजा|गया|था."", ""44"": ""4|जुला||को|का|ग्रेस|द्वा|ा|अपना||जाने|के|बाद,|एक|हा||से|लिखे|गए|मसौद||पर|कांग्र|स|के|अध्यक|ष|जॉन|हैनक|क|और|सचि|व|चा|्ल|स|थ्र|न|द्वा|ा|हस्ता|्षर|किये|गए|थे,|फिर|इसे|कुछ|ब्लॉक|दूर|जॉन|डनल||की|प्रि|ंटि|ंग|की|दुका||पर|भेजा|गया|था."", ""45"": ""4||जुला||को|का|ग्र|स|द्वा|ा|अपना||जाने|के|बाद,|एक|हा||से|लिख||गए|मसौद||पर|का|ग्रेस|के|अध्यक|ष|जॉन|हैनक|क|और|सचि|व|चा|्ल|स|थ्र|न|द्वा|ा|हस्ता|्षर|किये|गए|थे,|फिर|इसे|कुछ|ब्ल|क|दूर|जॉन|डनल||की|प्रि|ंटि|ंग|की|दुका||पर|भेजा|गया|था."", ""46"": ""4|जुला||को|का|ग्र|स|द्वा|ा|अपना||जाने|के|बाद,|एक|हा||से|लिखे|गए|मसौद||पर|का|ग्र|स|के|अध्यक|ष|जॉन|हैनक|क|और|सचिव|चा|्ल्स|थ्र|न|द्वा|ा|हस्ता|्षर|किये|गए|थे,|फिर|इसे|कुछ|ब्ल|क|दूर|जॉन|डनल||की|प्रि|ंटि|ंग|की|दुका||पर|भेजा|गया|था.""}"
hi,4.2 से 3.9 मिलियन वर्ष पूर्व से आस्ट्रेलोपोपिथेकस जीवाश्मो में बाइपैडल विशेषज्ञत पाई जाती है हालांकि हो सकता है 7 मिलियन वर्ष पहले से सहेंथ्रोपस दो पैरों पर चल सकता था |,1,1,5,5,True,4|.|2|Ġà¤¸|à¥ĩ|Ġ|3|.|9|Ġà¤®|à¤¿à¤²|à¤¿à¤¯à¤¨|Ġà¤µà¤°|à¥įà¤·|Ġà¤ª|à¥Ĥà¤°|à¥įà¤µ|Ġà¤¸|à¥ĩ|Ġà¤Ĩà¤¸|à¥įà¤Ł|à¥įà¤°|à¥ĩà¤²|à¥ĭà¤ª|à¥ĭà¤ª|à¤¿à¤¥|à¥ĩà¤ķ|à¤¸|Ġà¤ľ|à¥Ģà¤µ|à¤¾à¤¶|à¥įà¤®|à¥ĭ|Ġà¤®|à¥ĩà¤Ĥ|Ġà¤¬|à¤¾à¤ĩà¤ª|à¥Īà¤¡|à¤²|Ġà¤µ|à¤¿à¤¶|à¥ĩà¤·à¤ľ|à¥įà¤ŀ|à¤¤|Ġà¤ª|à¤¾à¤Ī|Ġà¤ľ|à¤¾à¤¤|à¥Ģ|Ġà¤¹|à¥Ī|Ġà¤¹|à¤¾à¤²|à¤¾à¤Ĥ|à¤ķ|à¤¿|Ġà¤¹|à¥ĭ|Ġà¤¸à¤ķà¤¤|à¤¾|Ġà¤¹|à¥Ī|Ġ|7|Ġà¤®|à¤¿à¤²|à¤¿à¤¯à¤¨|Ġà¤µà¤°|à¥įà¤·|Ġà¤ªà¤¹à¤²|à¥ĩ|Ġà¤¸|à¥ĩ|Ġà¤¸à¤¹|à¥ĩà¤Ĥ|à¤¥|à¥įà¤°|à¥ĭà¤ª|à¤¸|Ġà¤¦|à¥ĭ|Ġà¤ª|à¥Īà¤°|à¥ĭà¤Ĥ|Ġà¤ªà¤°|Ġà¤ļà¤²|Ġà¤¸à¤ķà¤¤|à¤¾|Ġà¤¥|à¤¾|Ġ|,4.2||से|3.9|मिलियन|वर|ष|पूर|व|से|आस्ट्र|लोप|पि|थ|कस|जीवा|्म||में|बाइपैडल|विश|षज|ञत|पा||जाती|है|हा|ा|कि|हो|सकता|है|7 मिलि|यन|वर|ष|पहले|से|सहेंथ्र|पस|दो|पैर|ं|पर|चल|सकता|था||,"{""42"": ""4.2||से|3.9|मिलियन|वर|ष|पूर|व|से|आस्ट्र|लोप|पि|थ|कस|जीवा|्म||में|बाइपैडल|विश|षज|ञत|पा||जाती|है|हा|ा|कि|हो|सकता|है|7 मिलि|यन|वर|ष|पहले|से|सहेंथ्र|पस|दो|पैर|ं|पर|चल|सकता|था||"", ""43"": ""4.2||से|3.9|मिलियन|वर|ष|पूर|व|से|आस्ट्र|ल|प|पि|थेकस|जीवा|्मो|में|बाइपैडल|विश|षज|ञत|पा||जाती|है|हा|ा|कि|हो|सकता|है|7 मिलियन|वर|ष|पहले|से|सहेंथ|र|पस|दो|पैर|ं|पर|चल|सकता|था||"", ""44"": ""4.2|से|3.9|मिलियन|वर|ष|पूर|व|से|आस्ट|र|ल|प|पि|थ||कस|जीवा|्म||में|बाइपैडल|विश|षज|ञत|पा||जाती|है|हा|ा|कि|हो|सकता|है|7|मिलियन|वर|ष|पहले|से|सहेंथ्र|पस|दो|पैर|ं|पर|चल|सकता|था||"", ""45"": ""4.2||से|3.9|मिलियन|वर|ष|पूर|व|से|आस्ट्र|ल|प|पि|थ|कस|जीवा|्म||में|बाइपैडल|विश|षज|ञत|पा||जाती|है|हा|ा|कि|हो|सकता|है|7 मिलि|यन|वर|ष|पहले|से|सहेंथ्र|पस|दो|पैर|ं|पर|चल|सकता|था||"", ""46"": ""4.2||से|3.9 मिलियन|वर|ष|पूर|व|से|आस्ट्र|ल|प|पि|थेकस|जीवा|्मो|में|बाइपैडल|विश|षज|ञत|पा||जाती|है|हा|ा|कि|हो|सकता|है|7 मिलि|यन|वर|ष|पहल||से|सहेंथ्र|पस|दो|पैर|ं|पर|चल|सकता|था||""}"
hi,5 अगस्त को प्रदर्शन के दौरान प्रमुख गायक स्टीवन टायलर के मंच से गिर कर घायल होने के बाद उन्होंने दौरे को रद्द कर दिया है.,1,1,5,5,True,5|Ġà¤ħà¤Ĺà¤¸|à¥įà¤¤|Ġà¤ķ|à¥ĭ|Ġà¤ª|à¥įà¤°à¤¦à¤°|à¥įà¤¶à¤¨|Ġà¤ķ|à¥ĩ|Ġà¤¦|à¥Įà¤°|à¤¾à¤¨|Ġà¤ª|à¥įà¤°à¤®|à¥ģà¤ĸ|Ġà¤Ĺ|à¤¾à¤¯à¤ķ|Ġà¤¸|à¥įà¤Ł|à¥Ģà¤µà¤¨|Ġà¤Ł|à¤¾à¤¯à¤²|à¤°|Ġà¤ķ|à¥ĩ|Ġà¤®|à¤Ĥà¤ļ|Ġà¤¸|à¥ĩ|Ġà¤Ĺ|à¤¿à¤°|Ġà¤ķà¤°|Ġà¤ĺ|à¤¾à¤¯à¤²|Ġà¤¹|à¥ĭà¤¨|à¥ĩ|Ġà¤ķ|à¥ĩ|Ġà¤¬|à¤¾à¤¦|Ġà¤īà¤¨|à¥įà¤¹|à¥ĭà¤Ĥ|à¤¨|à¥ĩ|Ġà¤¦|à¥Įà¤°|à¥ĩ|Ġà¤ķ|à¥ĭ|Ġà¤°à¤¦|à¥įà¤¦|Ġà¤ķà¤°|Ġà¤¦|à¤¿à¤¯|à¤¾|Ġà¤¹|à¥Ī.,5|अगस्त|को|प्रदर|शन|के|दौरा||प्रम|ख|गा|क|स्ट|वन|टा|लर|के|मंच|से|गिर|कर|घा|ल|होने|के|बाद|उन्ह|ंने|दौर||को|रद्द|कर|दिया|है.,"{""42"": ""5|अगस्त|को|प्रदर|शन|के|दौरा||प्रम|ख|गा|क|स्ट|वन|टा|लर|के|मंच|से|गिर|कर|घा|ल|होने|के|बाद|उन्ह|ंने|दौर||को|रद्द|कर|दिया|है."", ""43"": ""5|अगस्त|को|प्रदर|शन|के|दौरा||प्रम|ख|गा|क|स्ट|वन|टा|लर|के|मंच|से|गिर|कर|घायल|होने|के|बाद|उन्ह|ंने|दौर||को|रद्द|कर|दिया|है."", ""44"": ""5||अगस|त|को|प्रदर|शन|के|दौरा||प्रम|ख|गा|क|स्ट|वन|टा|लर|के|मंच|से|गिर|कर|घायल|होने|के|बाद|उन्ह|ंने|दौर||को|रद्द|कर|दिया|है."", ""45"": ""5||अगस्त|को|प्रदर|शन|के|दौरा||प्रम|ख|गा|क|स्ट|वन|टा|लर|के|मंच|से|गिर|कर|घा|ल|होने|के|बाद|उन्ह|ंने|दौरे|को|रद्द|कर|दिया|है."", ""46"": ""5||अगस्त|को|प्रदर|शन|के|दौरा||प्रम|ख|गायक|स्ट|वन|टा|लर|के|मंच|से|गिर|कर|घा|ल|होने|के|बाद|उन्ह|ंने|दौर||को|रद्द|कर|दिया|है.""}"
hi,60 से अधिक क्रूज़ जहाज गैलापागोस के जल सीमा क्षेत्र में लगे रहे - जिनका आकार 8 से 100 यात्रियों था।,1,1,5,5,True,60|Ġà¤¸|à¥ĩ|Ġà¤ħà¤§|à¤¿à¤ķ|Ġà¤ķ|à¥įà¤°|à¥Ĥà¤ľ|à¤¼|Ġà¤ľà¤¹|à¤¾à¤ľ|Ġà¤Ĺ|à¥Īà¤²|à¤¾à¤ª|à¤¾à¤Ĺ|à¥ĭà¤¸|Ġà¤ķ|à¥ĩ|Ġà¤ľà¤²|Ġà¤¸|à¥Ģà¤®|à¤¾|Ġà¤ķ|à¥įà¤·|à¥ĩà¤¤|à¥įà¤°|Ġà¤®|à¥ĩà¤Ĥ|Ġà¤²à¤Ĺ|à¥ĩ|Ġà¤°à¤¹|à¥ĩ|Ġ-|Ġà¤ľ|à¤¿à¤¨à¤ķ|à¤¾|Ġà¤Ĩà¤ķ|à¤¾à¤°|Ġ|8|Ġà¤¸|à¥ĩ|Ġ|100|Ġà¤¯|à¤¾à¤¤|à¥įà¤°|à¤¿à¤¯|à¥ĭà¤Ĥ|Ġà¤¥|à¤¾à¥¤,6|0||से|अधिक|क्र|ज़|जहा||गैला|ा|ोस|के|जल|सीमा|क्ष|त्र|में|लगे|रहे|-|जिनका|आका||8 से|100|या|्रियों|था।,"{""42"": ""6|0||से|अधिक|क्र|ज़|जहा||गैला|ा|ोस|के|जल|सीमा|क्ष|त्र|में|लगे|रहे|-|जिनका|आका||8 से|100|या|्रियों|था।"", ""43"": ""60|से|अधिक|क्र|ज़|जहा||गैला|ा|ोस|के|जल|सीमा|क्ष|त्र|में|लगे|रहे|-|जिनक||आका||8 से|100|या|्रि|यों|था।"", ""44"": ""60|से|अधिक|क्र|ज़|जहा||गैला|ा|ोस|के|जल|सीमा|क्ष|त्र|में|लग||रहे|-|जिनका|आका||8 से|100|या|्रियों|था।"", ""45"": ""6|0|से|अधिक|क्र|ज़|जहा||गैला|ा|ोस|के|जल|सीमा|क्ष|त्र|में|लगे|रहे|-|जिनक||आका||8 से|100|या|्रि|यों|था।"", ""46"": ""60||से|अधिक|क्र|ज़|जहा||गैला|ा|ोस|के|जल|सीमा|क्षेत्र|में|लगे|रहे|-|जिनक||आका||8 से|100|या|्रि|यों|था।""}"
hi,600 मेगाबिट/सेकंड के अधिकतम थियोरिटीकल थ्रोपुट के साथ 802.11n की गति अपने पहले वाले चालकों से उल्लेखनीय रूप से बहुत तेज़ है.,1,1,5,5,True,600|Ġà¤®|à¥ĩà¤Ĺ|à¤¾à¤¬|à¤¿à¤Ł|/|à¤¸|à¥ĩà¤ķ|à¤Ĥà¤¡|Ġà¤ķ|à¥ĩ|Ġà¤ħà¤§|à¤¿à¤ķà¤¤à¤®|Ġà¤¥|à¤¿à¤¯|à¥ĭà¤°|à¤¿à¤Ł|à¥Ģà¤ķà¤²|Ġà¤¥|à¥įà¤°|à¥ĭà¤ª|à¥ģà¤Ł|Ġà¤ķ|à¥ĩ|Ġà¤¸|à¤¾à¤¥|Ġ|80|2|.|11|n|Ġà¤ķ|à¥Ģ|Ġà¤Ĺà¤¤|à¤¿|Ġà¤ħà¤ªà¤¨|à¥ĩ|Ġà¤ªà¤¹à¤²|à¥ĩ|Ġà¤µ|à¤¾à¤²|à¥ĩ|Ġà¤ļ|à¤¾à¤²à¤ķ|à¥ĭà¤Ĥ|Ġà¤¸|à¥ĩ|Ġà¤īà¤²|à¥įà¤²|à¥ĩà¤ĸà¤¨|à¥Ģà¤¯|Ġà¤°|à¥Ĥà¤ª|Ġà¤¸|à¥ĩ|Ġà¤¬à¤¹|à¥ģà¤¤|Ġà¤¤|à¥ĩà¤ľ|à¤¼|Ġà¤¹|à¥Ī.,6|00|मेगा|ि|ट/|सेकंड|के|अधिकतम|थियोरि|ट|क||थ्र|प|ट|के|साथ|802.11n|की|गति|अपने|पहले|वा|े|चा|कों|से|उल्ल|खनी||रूप|से|बहुत|तेज़|है.,"{""42"": ""6|00|मेगा|ि|ट/|सेकंड|के|अधिकतम|थियोरि|ट|क||थ्र|प|ट|के|साथ|802.11n|की|गति|अपने|पहले|वा|े|चा|कों|से|उल्ल|खनी||रूप|से|बहुत|तेज़|है."", ""43"": ""600|मेगा|िट/|सेकंड|के|अधिकतम|थियोरि|टीक||थ्र|प|ट|के|साथ|802.11n|की|गति|अपने|पहले|वा|े|चा|कों|से|उल्ल|खनीय|रूप|से|बहुत|तेज़|है."", ""44"": ""600|मेगा|िट/|सेकं||के|अधिकतम|थियोरि|ट||ल|थ्र|प|ट|के|साथ|802.11n|की|गति|अपने|पहले|वा|े|चा|कों|से|उल्ल|खनी||रूप|से|बहुत|तेज़|है."", ""45"": ""600|मेगा|िट/||ेकंड|के|अधिकतम|थियोरि|ट|क||थ्र|प|ट|के|साथ|802.11n|की|गति|अपने|पहले|वा|े|चा|कों|से|उल्ल|खनीय|रूप|से|बहुत|तेज़|है."", ""46"": ""60|0|मेगा|िट/|सेकंड|के|अधिकतम|थियोरि|टीकल|थ्र|प|ट|के|साथ|802.11n|की|गति||अपने|पहले|वा|े|चा|कों|से|उल्ल|खनी||रूप|से|बहुत|तेज़|है.""}"
hi,"78 सुझावों में से सबसे पहला सुझाव यह है कि शत्रुतापूर्ण हस्तक्षेपों के खिलाफ इराक की सीमाओं को सुरक्षित करने और अपने पड़ोसियों के साथ कूटनीतिक संबंधों को फिर से बनाने के लिए, ये साल खत्म होने से पहले कोई नई राजनयिक पहल की जानी चाहिए.",1,1,5,5,True,"78|Ġà¤¸|à¥ģà¤Ŀ|à¤¾à¤µ|à¥ĭà¤Ĥ|Ġà¤®|à¥ĩà¤Ĥ|Ġà¤¸|à¥ĩ|Ġà¤¸à¤¬à¤¸|à¥ĩ|Ġà¤ªà¤¹à¤²|à¤¾|Ġà¤¸|à¥ģà¤Ŀ|à¤¾à¤µ|Ġà¤¯à¤¹|Ġà¤¹|à¥Ī|Ġà¤ķ|à¤¿|Ġà¤¶à¤¤|à¥įà¤°|à¥ģà¤¤|à¤¾à¤ª|à¥Ĥà¤°|à¥įà¤£|Ġà¤¹à¤¸|à¥įà¤¤à¤ķ|à¥įà¤·|à¥ĩà¤ª|à¥ĭà¤Ĥ|Ġà¤ķ|à¥ĩ|Ġà¤ĸ|à¤¿à¤²|à¤¾à¤«|Ġà¤ĩà¤°|à¤¾à¤ķ|Ġà¤ķ|à¥Ģ|Ġà¤¸|à¥Ģà¤®|à¤¾à¤ĵ|à¤Ĥ|Ġà¤ķ|à¥ĭ|Ġà¤¸|à¥ģà¤°à¤ķ|à¥įà¤·|à¤¿à¤¤|Ġà¤ķà¤°à¤¨|à¥ĩ|Ġà¤Ķà¤°|Ġà¤ħà¤ªà¤¨|à¥ĩ|Ġà¤ªà¤¡|à¤¼à¥ĭ|à¤¸|à¤¿à¤¯|à¥ĭà¤Ĥ|Ġà¤ķ|à¥ĩ|Ġà¤¸|à¤¾à¤¥|Ġà¤ķ|à¥Ĥà¤Łà¤¨|à¥Ģà¤¤|à¤¿à¤ķ|Ġà¤¸|à¤Ĥà¤¬|à¤Ĥà¤§|à¥ĭà¤Ĥ|Ġà¤ķ|à¥ĭ|Ġà¤«|à¤¿à¤°|Ġà¤¸|à¥ĩ|Ġà¤¬à¤¨|à¤¾à¤¨|à¥ĩ|Ġà¤ķ|à¥ĩ|Ġà¤²|à¤¿à¤ı|,|Ġà¤¯|à¥ĩ|Ġà¤¸|à¤¾à¤²|Ġà¤ĸà¤¤|à¥įà¤®|Ġà¤¹|à¥ĭà¤¨|à¥ĩ|Ġà¤¸|à¥ĩ|Ġà¤ªà¤¹à¤²|à¥ĩ|Ġà¤ķ|à¥ĭà¤Ī|Ġà¤¨à¤Ī|Ġà¤°|à¤¾à¤ľà¤¨|à¤¯|à¤¿à¤ķ|Ġà¤ªà¤¹à¤²|Ġà¤ķ|à¥Ģ|Ġà¤ľ|à¤¾à¤¨|à¥Ģ|Ġà¤ļ|à¤¾à¤¹|à¤¿à¤ı|.","78|सुझा|ों|में|से|सबसे|पहला|सुझा||यह|है|कि|शत्र|ता|ूर|ण|हस्तक|ष|प|ं|के|खिला||इरा||की|सीमा|ं|को|सुरक|षि|त|करने|और|अपने|पड़ोसि|यों|के|साथ|कूटनीत||क|संबंध|ं|को|फिर|से|बना|े|के|लिए,|ये|सा||खत|म|होने|से|पहले|कोई|नई|रा|नयि|क|पहल|की|जानी|चा|िए.","{""42"": ""78|सुझा|ों|में|से|सबसे|पहला|सुझा||यह|है|कि|शत्र|ता|ूर|ण|हस्तक|ष|प|ं|के|खिला||इरा||की|सीमा|ं|को|सुरक|षि|त|करने|और|अपने|पड़ोसि|यों|के|साथ|कूटनीत||क|संबंध|ं|को|फिर|से|बना|े|के|लिए,|ये|सा||खत|म|होने|से|पहले|कोई|नई|रा|नयि|क|पहल|की|जानी|चा|िए."", ""43"": ""7|8|सुझा|ों|में|से|सबसे|पहला|सुझा||यह|है|कि|शत्र|ता|ूर|ण|हस्तक|ष|पों|के|खिला||इरा||की|सीमा|ं|को|सुरक|षि|त|करने|और|अपने|पड़ोस||य|ं|के|साथ|कूटन|ति|क|संबंध|ं|को|फिर|से|बना|े|के|लिए,|ये|सा||खत|म|होने|से|पहले|कोई|नई|रा|नयि|क|पहल|की|जानी|चा|िए."", ""44"": ""78|सुझा|ों|में|से|सबसे|पहला|सुझ|ा||यह|है|कि|शत्र|ता|ूर|ण|हस्तक|ष|प|ं|के|खिला||इरा||की|सीमा|ं|को|सुरक|षि|त|करने|और|अपने|पड़ोसि|यों|के|सा||कूटनीति|क|संबंध|ं|को|फिर|से|बना|े|के|लिए,|ये|सा||खत|म|होने|से|पहल||कोई|नई|रा|नयि|क|पहल|की|जानी|चा|िए."", ""45"": ""78|सुझा|ों|में|से|सबसे|पहला|सुझ|ा||यह|है|कि|शत्र|ता|ूर|ण|हस्तक|ष|प|ं|के|खिला||इरा||की|सीमा|ं|को|सुरक|षि|त|करने|और|अपने|पड़ोसि|यों|के|साथ|कूटन|ति|क|संबंध|ं|को|फिर|से|बना|े|के|लिए,|ये|साल|खत|म|होने|से|पहले|कोई|नई|रा|नयि|क|पहल|की|जानी|चा|िए."", ""46"": ""78||सुझा|ों|में|से|सबसे|पहला|सुझा||यह|है|कि|शत्र|ता|ूर|ण|हस्तक|ष|प|ं|के|खिला||इरा||की|सीमा|ं|को|सुरक|षि|त|करने|और|अपने|पड़ोसि|यों|के|सा||कूटनी|िक|संबंध|ं|को|फिर|से|बना|े|के|लिए,|ये|साल|खत|म|होने|से|पहले|कोई|नई|रा|नयि|क|पहल|की|जानी|चा|िए.""}"
hi,Apple के सीईओ स्टीव जॉब्स ने मंच पर चढ़ कर और अपनी जींस की जेब से आईफ़ोन निकालकर डिवाइस का अनावरण किया.,1,1,5,5,True,Apple|Ġà¤ķ|à¥ĩ|Ġà¤¸|à¥Ģà¤Īà¤ĵ|Ġà¤¸|à¥įà¤Ł|à¥Ģà¤µ|Ġà¤ľ|à¥īà¤¬|à¥įà¤¸|Ġà¤¨|à¥ĩ|Ġà¤®|à¤Ĥà¤ļ|Ġà¤ªà¤°|Ġà¤ļà¤¢|à¤¼|Ġà¤ķà¤°|Ġà¤Ķà¤°|Ġà¤ħà¤ªà¤¨|à¥Ģ|Ġà¤ľ|à¥Ģà¤Ĥ|à¤¸|Ġà¤ķ|à¥Ģ|Ġà¤ľ|à¥ĩà¤¬|Ġà¤¸|à¥ĩ|Ġà¤Ĩà¤Ī|à¤«|à¤¼à¥ĭ|à¤¨|Ġà¤¨|à¤¿à¤ķ|à¤¾à¤²à¤ķà¤°|Ġà¤¡|à¤¿à¤µ|à¤¾à¤ĩà¤¸|Ġà¤ķ|à¤¾|Ġà¤ħà¤¨|à¤¾à¤µà¤°à¤£|Ġà¤ķ|à¤¿à¤¯|à¤¾.,Ap|p|l|e|के|सीईओ|स्टीव|जॉब|स|ने|मंच|पर|चढ़|कर|और|अपनी|जींस|की|जेब|से|आईफ़ोन|निका|कर|डिवा|स|का|अना|रण|किया.,"{""42"": ""Ap|p|l|e|के|सीईओ|स्टीव|जॉब|स|ने|मंच|पर|चढ़|कर|और|अपनी|जींस|की|जेब|से|आईफ़ोन|निका|कर|डिवा|स|का|अना|रण|किया."", ""43"": ""Ap|p|l|e|के|सीईओ|स्ट|व|जॉब|स|ने|मंच|पर|चढ़|कर|और|अपनी|जींस|की|जेब|से|आईफ़|न|निका|कर|डिवा|स|का|अना|रण|किया."", ""44"": ""Ap|p|l|e|के|सीईओ|स्ट|व|जॉब्स|ने|मंच|पर|चढ़|कर|और|अपनी|जींस|की|जेब|से|आईफ़ोन|निका|कर|डिवा|स|का|अना|रण|किया."", ""45"": ""Ap|p|l|e|के|सीईओ|स्टीव|जॉब|स|ने|मंच|पर|चढ़|कर|और|अपनी|जींस|की|जेब|से|आईफ़|न|निका|कर|डिवा|स|का|अना|रण|किया."", ""46"": ""Ap|p|l|e|के|सीईओ|स्ट|व|जॉब्स|ने|मंच|पर|चढ़|कर|और|अपनी|जींस|की|जेब|से|आईफ़ोन|निका|कर|डिव||स|का|अना|रण|किया.""}"
hi,Il-76. 1970 के दशक से ही रूसी और सोवियत सेनाओं का मुख्य घटक रहा है. पिछले ही महीने रूस में इसकी एक गंभीर दुर्घटना देखी गई थी.,1,1,5,5,True,I|l|-|76|.|Ġ|197|0|Ġà¤ķ|à¥ĩ|Ġà¤¦à¤¶à¤ķ|Ġà¤¸|à¥ĩ|Ġà¤¹|à¥Ģ|Ġà¤°|à¥Ĥà¤¸|à¥Ģ|Ġà¤Ķà¤°|Ġà¤¸|à¥ĭà¤µ|à¤¿à¤¯à¤¤|Ġà¤¸|à¥ĩà¤¨|à¤¾à¤ĵ|à¤Ĥ|Ġà¤ķ|à¤¾|Ġà¤®|à¥ģà¤ĸ|à¥įà¤¯|Ġà¤ĺà¤Łà¤ķ|Ġà¤°à¤¹|à¤¾|Ġà¤¹|à¥Ī.|Ġà¤ª|à¤¿à¤Ľà¤²|à¥ĩ|Ġà¤¹|à¥Ģ|Ġà¤®à¤¹|à¥Ģà¤¨|à¥ĩ|Ġà¤°|à¥Ĥà¤¸|Ġà¤®|à¥ĩà¤Ĥ|Ġà¤ĩà¤¸à¤ķ|à¥Ģ|Ġà¤ıà¤ķ|Ġà¤Ĺ|à¤Ĥà¤Ń|à¥Ģà¤°|Ġà¤¦|à¥ģà¤°|à¥įà¤ĺà¤Łà¤¨|à¤¾|Ġà¤¦|à¥ĩà¤ĸ|à¥Ģ|Ġà¤Ĺà¤Ī|Ġà¤¥|à¥Ģ.,Il|-|76.|1970|के|दशक|से|ही|रूसी|और|सोवि|यत|सेना|ं|का|मुख|य|घटक|रहा|है.|पिछले|ही|महीने|रूस|में|इसकी|एक|गंभ|र|दुर|घटना|देखी|गई|थी.,"{""42"": ""Il|-|76.|1970|के|दशक|से|ही|रूसी|और|सोवि|यत|सेना|ं|का|मुख|य|घटक|रहा|है.|पिछले|ही|महीने|रूस|में|इसकी|एक|गंभ|र|दुर|घटना|देखी|गई|थी."", ""43"": ""Il|-|76.|1970|के|दशक|से|ही|रूसी|और|सोवि|यत|सेना|ं|का|मुख|य|घटक|रहा|है.|पिछले|ही|महीन||रूस|में|इसकी|एक|गंभ|र|दुर|घटना|देखी|गई|थी."", ""44"": ""Il|-|76.|1970|के|दशक|से|ही|रूसी|और|सोवियत|सेना|ं|का|मुख|य|घटक|रहा|है.|पिछले|ही|महीने|रूस|में|इसकी|एक|गंभीर|दुर|घटना|देखी|गई|थी."", ""45"": ""Il|-|76.|197|0|के|दशक|से|ही|रूसी|और|सोवियत|सेना|ं|का|मुख्य|घटक|रहा|है.|पिछले|ही|महीने|रूस|में|इसकी|एक|गंभ|र|दुर|घटना|देखी|गई|थी."", ""46"": ""I|l|-|76.|1970|के|दशक|से|ही|रूसी|और|सोवि|यत|सेन||ं|का|मुख|य|घटक|रहा|है.|पिछले|ही|महीन||रूस|में|इसकी|एक|गंभ|र|दुर|घटना|देखी|गई|थी.""}"
hi,"NPWS के उद्यान संरक्षण और विरासत के कार्यवाहक निदेशक, मिक ओफ्लिन के अनुसार, शूटिंग ऑपरेशन के लिए चुने गए पहले चार निशानेबाजों को सुरक्षा और प्रशिक्षण से जुड़े व्यापक निर्देश मिले हैं.",1,1,5,5,True,"N|P|WS|Ġà¤ķ|à¥ĩ|Ġà¤īà¤¦|à¥įà¤¯|à¤¾à¤¨|Ġà¤¸|à¤Ĥà¤°à¤ķ|à¥įà¤·à¤£|Ġà¤Ķà¤°|Ġà¤µ|à¤¿à¤°|à¤¾à¤¸à¤¤|Ġà¤ķ|à¥ĩ|Ġà¤ķ|à¤¾à¤°|à¥įà¤¯à¤µ|à¤¾à¤¹à¤ķ|Ġà¤¨|à¤¿à¤¦|à¥ĩà¤¶à¤ķ|,|Ġà¤®|à¤¿à¤ķ|Ġà¤ĵ|à¤«|à¥įà¤²|à¤¿à¤¨|Ġà¤ķ|à¥ĩ|Ġà¤ħà¤¨|à¥ģà¤¸|à¤¾à¤°|,|Ġà¤¶|à¥Ĥà¤Ł|à¤¿à¤Ĥ|à¤Ĺ|Ġà¤ĳà¤ªà¤°|à¥ĩà¤¶à¤¨|Ġà¤ķ|à¥ĩ|Ġà¤²|à¤¿à¤ı|Ġà¤ļ|à¥ģà¤¨|à¥ĩ|Ġà¤Ĺà¤ı|Ġà¤ªà¤¹à¤²|à¥ĩ|Ġà¤ļ|à¤¾à¤°|Ġà¤¨|à¤¿à¤¶|à¤¾à¤¨|à¥ĩà¤¬|à¤¾à¤ľ|à¥ĭà¤Ĥ|Ġà¤ķ|à¥ĭ|Ġà¤¸|à¥ģà¤°à¤ķ|à¥įà¤·|à¤¾|Ġà¤Ķà¤°|Ġà¤ª|à¥įà¤°à¤¶|à¤¿à¤ķ|à¥įà¤·à¤£|Ġà¤¸|à¥ĩ|Ġà¤ľ|à¥ģà¤¡|à¤¼à¥ĩ|Ġà¤µ|à¥įà¤¯|à¤¾à¤ªà¤ķ|Ġà¤¨|à¤¿à¤°|à¥įà¤¦|à¥ĩà¤¶|Ġà¤®|à¤¿à¤²|à¥ĩ|Ġà¤¹|à¥Īà¤Ĥ.","N|P|W|S|के|उद|या||संरक|षण|और|विरा|त|के|का|्यवा|क|निद|शक,|मिक|ओफ्लि|न|के|अनुसा|,|शूटिंग|ऑपर|शन|के|लिए|चुने|गए|पहले|चा||निशा|े|ा|ों|को|सुरक|षा|और|प्रशि|क|षण|से|जुड़||व्या|क|निर|द|श|मिल||हैं.","{""42"": ""N|P|W|S|के|उद|या||संरक|षण|और|विरा|त|के|का|्यवा|क|निद|शक,|मिक|ओफ्लि|न|के|अनुसा|,|शूटिंग|ऑपर|शन|के|लिए|चुने|गए|पहले|चा||निशा|े|ा|ों|को|सुरक|षा|और|प्रशि|क|षण|से|जुड़||व्या|क|निर|द|श|मिल||हैं."", ""43"": ""N|P|W|S|के|उद्या||संरक|षण|और|विरा|त|के|का|्यवा|क|निद|शक,|मिक|ओफ्लि|न|के|अनुसा|,|शूटि|ं||ऑपर|शन|के|लिए|चुने|गए|पहले|चा||निशा|ेबा|ों|को|सुरक|षा|और|प्रशि|क|षण|से|जुड़||व्या|क|निर|द|श|मिल||हैं."", ""44"": ""N|P|W|S|के|उद्या||संरक|षण|और|विरा|त|के|का|्यवा|क|निद|शक,|मिक|ओफ्लि|न|के|अन|स|ा|,|शूटि|ंग|ऑपर|शन|के|लिए|चुने|गए|पहल||चा||निशा|े|ा|ों|को|सुरक|षा|और|प्रशि|क|षण|से|जुड़||व्या|क|निर|द|श|मिले|हैं."", ""45"": ""N|P|W|S|के|उद्या||संरक|षण|और|विरा|त|के|का|्यवा|क|निद|शक,|मिक|ओफ्लि|न|के|अन|सा|,|शूटिंग|ऑपर|शन|के|लिए|चुन||गए|पहले|चा||निशा|ेबा|ों|को|सुरक|षा|और|प्रशि|क|षण|से|जुड़||व्या|क|निर|द|श|मिल||हैं."", ""46"": ""N|P|W|S|के|उद्या||संरक|षण|और|विरा|त|के|कार्यवा|क|निद|शक,|मिक|ओफ्लि|न|के|अन|सा|,|शूटि|ंग|ऑपर|शन|के|लिए|चुन||गए|पहल||चा||निशा|े|ा|ों|को|सुरक|षा|और|प्रशि|क|षण|से|जुड़||व्या|क|निर|द|श|मिल||हैं.""}"
hi,"PALM परीक्षण में, ZMapp ने एक नियंत्रण के रूप में कार्य किया, जिसका अर्थ है कि वैज्ञानिकों ने इसे बेसलाइन के रूप में इस्तेमाल किया और इसके साथ तीन अन्य उपचारों की तुलना की.",1,1,5,5,True,"P|AL|M|Ġà¤ªà¤°|à¥Ģà¤ķ|à¥įà¤·à¤£|Ġà¤®|à¥ĩà¤Ĥ,|ĠZ|M|app|Ġà¤¨|à¥ĩ|Ġà¤ıà¤ķ|Ġà¤¨|à¤¿à¤¯|à¤Ĥà¤¤|à¥įà¤°à¤£|Ġà¤ķ|à¥ĩ|Ġà¤°|à¥Ĥà¤ª|Ġà¤®|à¥ĩà¤Ĥ|Ġà¤ķ|à¤¾à¤°|à¥įà¤¯|Ġà¤ķ|à¤¿à¤¯|à¤¾,|Ġà¤ľ|à¤¿à¤¸à¤ķ|à¤¾|Ġà¤ħà¤°|à¥įà¤¥|Ġà¤¹|à¥Ī|Ġà¤ķ|à¤¿|Ġà¤µ|à¥Īà¤ľ|à¥įà¤ŀ|à¤¾à¤¨|à¤¿à¤ķ|à¥ĭà¤Ĥ|Ġà¤¨|à¥ĩ|Ġà¤ĩà¤¸|à¥ĩ|Ġà¤¬|à¥ĩà¤¸|à¤²|à¤¾à¤ĩà¤¨|Ġà¤ķ|à¥ĩ|Ġà¤°|à¥Ĥà¤ª|Ġà¤®|à¥ĩà¤Ĥ|Ġà¤ĩà¤¸|à¥įà¤¤|à¥ĩà¤®|à¤¾à¤²|Ġà¤ķ|à¤¿à¤¯|à¤¾|Ġà¤Ķà¤°|Ġà¤ĩà¤¸à¤ķ|à¥ĩ|Ġà¤¸|à¤¾à¤¥|Ġà¤¤|à¥Ģà¤¨|Ġà¤ħà¤¨|à¥įà¤¯|Ġà¤īà¤ªà¤ļ|à¤¾à¤°|à¥ĭà¤Ĥ|Ġà¤ķ|à¥Ģ|Ġà¤¤|à¥ģà¤²à¤¨|à¤¾|Ġà¤ķ|à¥Ģ.","P|AL|M|पर|क|षण|में,|ZMapp|ने|एक|नियंत|रण|के|रूप|में|का|्य|किया,|जिसका|अर|थ|है|कि|वैज्ञा|ि|क|ं|ने|इसे|बेसला|न|के|रूप|में|इस्त|मा||किया|और|इसके|सा||तीन|अन्य|उपचा|ों|की|तुलना|की.","{""42"": ""P|AL|M|पर|क|षण|में,|ZMapp|ने|एक|नियंत|रण|के|रूप|में|का|्य|किया,|जिसका|अर|थ|है|कि|वैज्ञा|ि|क|ं|ने|इसे|बेसला|न|के|रूप|में|इस्त|मा||किया|और|इसके|सा||तीन|अन्य|उपचा|ों|की|तुलना|की."", ""43"": ""P|ALM|पर|क|षण|में,|ZMapp|ने|एक|नियंत|रण|के|रूप|में|का|्य|किया,|जिसका|अर|थ|है|कि|वैज्ञा|ि|क|ं|ने|इसे|बेसला|न|के|रूप|में|इस्त|मा||किया|और|इसके|साथ|तीन|अन|य|उपचा|ों|की|तुलना|की."", ""44"": ""P|ALM||पर|क्षण|में,|ZMapp|ने|एक|नियंत|रण|के|रूप|में|का|्य|किया,|जिसका|अर|थ|है|कि|वैज|ञा|ि|क|ं|ने|इसे|बेसला|न|के|रूप|में|इस्त|मा||किया|और|इसके|साथ|तीन|अन|य|उपचा|ों|की|तुलना|की."", ""45"": ""P|ALM|पर|क|षण|में,|ZMapp|ने|एक|नियं||रण|के|रूप|में|का|्य|किया,|जिसका|अर|थ|है|कि|वैज्ञा|ि|क|ं|ने|इसे|बेसला|न|के|रूप|में|इस्तेमा||किया|और|इसके|साथ|तीन|अन्य|उपचा|ों|की|तुलना|की."", ""46"": ""P|AL|M|पर|क|षण|में,|ZMapp|ने|एक|नियं||रण|के|रूप|में|का|्य|किया,|जिसका|अर|थ|है|कि|वैज्ञा|ि|क|ं|ने|इसे|बेसला|न|के|रूप|में|इस्त|मा||किया|और|इसके|साथ|तीन|अन्य|उपचा|ों|की|तुलना|की.""}"
hi,RSPCA न्यू साउथ वेल्स के चीफ़ इंस्पेक्टर डेविड ओ’शॉनेसी ने ABC को कहा था कि ऑस्ट्रेलिया में बूचड़खानों की नियमित निगरानी और निरीक्षण होना चाहिए.,1,1,5,5,True,R|SP|CA|Ġà¤¨|à¥įà¤¯|à¥Ĥ|Ġà¤¸|à¤¾à¤īà¤¥|Ġà¤µ|à¥ĩà¤²|à¥įà¤¸|Ġà¤ķ|à¥ĩ|Ġà¤ļ|à¥Ģà¤«|à¤¼|Ġà¤ĩ|à¤Ĥà¤¸|à¥įà¤ª|à¥ĩà¤ķ|à¥įà¤Łà¤°|Ġà¤¡|à¥ĩà¤µ|à¤¿à¤¡|Ġà¤ĵ|âĢĻ|à¤¶|à¥īà¤¨|à¥ĩà¤¸|à¥Ģ|Ġà¤¨|à¥ĩ|ĠABC|Ġà¤ķ|à¥ĭ|Ġà¤ķà¤¹|à¤¾|Ġà¤¥|à¤¾|Ġà¤ķ|à¤¿|Ġà¤ĳà¤¸|à¥įà¤Ł|à¥įà¤°|à¥ĩà¤²|à¤¿à¤¯|à¤¾|Ġà¤®|à¥ĩà¤Ĥ|Ġà¤¬|à¥Ĥà¤ļ|à¤¡|à¤¼|à¤ĸ|à¤¾à¤¨|à¥ĭà¤Ĥ|Ġà¤ķ|à¥Ģ|Ġà¤¨|à¤¿à¤¯à¤®|à¤¿à¤¤|Ġà¤¨|à¤¿à¤Ĺà¤°|à¤¾à¤¨|à¥Ģ|Ġà¤Ķà¤°|Ġà¤¨|à¤¿à¤°|à¥Ģà¤ķ|à¥įà¤·à¤£|Ġà¤¹|à¥ĭà¤¨|à¤¾|Ġà¤ļ|à¤¾à¤¹|à¤¿à¤ı|.,R|SP|CA|न्य||सा|थ|वेल|स|के|चीफ़|इंस्प|क|टर|डेविड|ओ’शॉनेस||ने|ABC|को|कहा|था|कि|ऑस्ट|र|लि|या|में|बूचड़खा|ों|की|नियमि|त|निगरा|ी|और|निर|क|षण|होना|चा|िए.,"{""42"": ""R|SP|CA|न्य||सा|थ|वेल|स|के|चीफ़|इंस्प|क|टर|डेविड|ओ’शॉनेस||ने|ABC|को|कहा|था|कि|ऑस्ट|र|लि|या|में|बूचड़खा|ों|की|नियमि|त|निगरा|ी|और|निर|क|षण|होना|चा|िए."", ""43"": ""R|SP|CA|न्य||सा|थ|वेल|स|के|चीफ़|इंस्प|क|टर|डेविड|ओ’शॉन|स||ने|ABC|को|कहा|था|कि|ऑस्ट|र|लि|या|में|बूचड़ख||ों|की|नियमि|त|निगरा|ी|और|निर|क|षण|होना|चा|िए."", ""44"": ""R|SP|CA|न्य||सा|थ|वेल|स|के|चीफ़|इंस्प|क|टर|डेविड|ओ’श|न|स||ने|ABC|को|कहा|था|कि|ऑस्ट्र|लि|या|में|बूचड़खा|ों|की|नियमि|त|निगरा|ी|और|निर|क|षण|होना|चा|िए."", ""45"": ""R|SPCA|न्य||सा|थ|वेल|स|के|चीफ़|इंस्प|क|टर|डेविड|ओ’श|न|स||ने|ABC|को|कहा|था|कि|ऑस्ट्र|लि|या|में|बूचड़खा|ों|की|नियमि|त|निगरा|ी|और|निर|क|षण|होना|चा|िए."", ""46"": ""R|SP|CA|न्य||सा|थ|वेल|स|के|चीफ़|इंस्प|क|टर|डेविड|ओ’श|नेस||ने|ABC|को|कहा|था|कि|ऑस्ट्र|लि|या|में|बूचड़खा|ों|की|नियमि|त|निगरा|ी|और|निर|क|षण|होना|चा|िए.""}"
hi,Yahoo!और Microsoft सेवाओं के उपयोगकर्ताओं की संख्या एकसाथ AOL के ग्राहकों की संख्या का सामना करेगी.,1,1,5,5,True,Y|ahoo|!|à¤Ķà¤°|ĠMicrosoft|Ġà¤¸|à¥ĩà¤µ|à¤¾à¤ĵ|à¤Ĥ|Ġà¤ķ|à¥ĩ|Ġà¤īà¤ªà¤¯|à¥ĭà¤Ĺà¤ķà¤°|à¥įà¤¤|à¤¾à¤ĵ|à¤Ĥ|Ġà¤ķ|à¥Ģ|Ġà¤¸|à¤Ĥà¤ĸ|à¥įà¤¯|à¤¾|Ġà¤ıà¤ķ|à¤¸|à¤¾à¤¥|ĠA|OL|Ġà¤ķ|à¥ĩ|Ġà¤Ĺ|à¥įà¤°|à¤¾à¤¹à¤ķ|à¥ĭà¤Ĥ|Ġà¤ķ|à¥Ģ|Ġà¤¸|à¤Ĥà¤ĸ|à¥įà¤¯|à¤¾|Ġà¤ķ|à¤¾|Ġà¤¸|à¤¾à¤®à¤¨|à¤¾|Ġà¤ķà¤°|à¥ĩà¤Ĺ|à¥Ģ.,Y|ahoo!||र|Microsoft|सेवा|ं|के|उपयोगक||ता|ं|की|संख|या|एकसा||AOL|के|ग्रा|कों|की|संख|या|का|सा|ना|कर|गी.,"{""42"": ""Y|ahoo!||र|Microsoft|सेवा|ं|के|उपयोगक||ता|ं|की|संख|या|एकसा||AOL|के|ग्रा|कों|की|संख|या|का|सा|ना|कर|गी."", ""43"": ""Y|ahoo!|र|Microsoft|सेवा|ं|के|उपय|गक||ता|ं|की|संख|या|एकस|||AOL|के|ग्रा|कों|की|संख|या|का|सा|ना|करेगी."", ""44"": ""Y|ahoo!||र|Microsoft|सेवा|ं|के|उपय|गक||ता|ं|की|संख|या|एकसा||AOL|के|ग्रा|कों|की|संख|या|का|सा|ना|करेगी."", ""45"": ""Yah|oo!||र|Microsoft|सेवा|ं|के|उपय|गक||ता|ं|की|संख्या|एकसा||AOL|के|ग्रा|कों|की|संख|या|का|सा|ना|करेगी."", ""46"": ""Y|ahoo!|र|Microsoft|सेवा|ं|के|उपय|गक||ता|ं|की|संख|या|एकसा||AOL|के|ग्रा|कों|की|संख|या|का|सा|ना|कर|गी.""}"
hi,अंडरवॉटर टोपोलॉजी के कारण कुछ गहरे सेक्शन्स में रिटर्न फ़्लो सांद्र होता है और यहां से गहरे पानी में तेज़ प्रवाह हो सकता है.,1,1,5,5,True,à¤ħ|à¤Ĥà¤¡à¤°|à¤µ|à¥īà¤Łà¤°|Ġà¤Ł|à¥ĭà¤ª|à¥ĭà¤²|à¥īà¤ľ|à¥Ģ|Ġà¤ķ|à¥ĩ|Ġà¤ķ|à¤¾à¤°à¤£|Ġà¤ķ|à¥ģà¤Ľ|Ġà¤Ĺà¤¹à¤°|à¥ĩ|Ġà¤¸|à¥ĩà¤ķ|à¥įà¤¶à¤¨|à¥įà¤¸|Ġà¤®|à¥ĩà¤Ĥ|Ġà¤°|à¤¿à¤Łà¤°|à¥įà¤¨|Ġà¤«|à¤¼à¥į|à¤²|à¥ĭ|Ġà¤¸|à¤¾à¤Ĥ|à¤¦|à¥įà¤°|Ġà¤¹|à¥ĭà¤¤|à¤¾|Ġà¤¹|à¥Ī|Ġà¤Ķà¤°|Ġà¤¯à¤¹|à¤¾à¤Ĥ|Ġà¤¸|à¥ĩ|Ġà¤Ĺà¤¹à¤°|à¥ĩ|Ġà¤ª|à¤¾à¤¨|à¥Ģ|Ġà¤®|à¥ĩà¤Ĥ|Ġà¤¤|à¥ĩà¤ľ|à¤¼|Ġà¤ª|à¥įà¤°à¤µ|à¤¾à¤¹|Ġà¤¹|à¥ĭ|Ġà¤¸à¤ķà¤¤|à¤¾|Ġà¤¹|à¥Ī.,अ||रव||टर|टोप|ल|ज||के|का|ण|कुछ|गहर||सेक|शन|स|में|रिटर|न|फ़्ल||सा|द|र|होता|है|और|यहा||से|गहर||पा|ी|में|तेज़|प्रवा||हो|सकता|है.,"{""42"": ""अ||रव||टर|टोप|ल|ज||के|का|ण|कुछ|गहर||सेक|शन|स|में|रिटर|न|फ़्ल||सा|द|र|होता|है|और|यहा||से|गहर||पा|ी|में|तेज़|प्रवा||हो|सकता|है."", ""43"": ""अ||रव|टर|टोप|ल|ज||के|का|ण|कुछ|गहर||सेक|शन|स|में|रिटर|न|फ़्ल||सा|द|र|होता|है|और|यहा||से|गहर||पा|ी|में|तेज़|प्रवा||हो|सकता|है."", ""44"": ""अ||रव||र|टोप|ल|ज||के|का|ण|कुछ|गहर||सेक|शन|स|में|रिटर|न|फ़्ल||सा|द|र|होता|है|और|यहा||से|गहर||पा|ी|में|तेज़|प्रवा||हो|सकता|है."", ""45"": ""अ|||व||टर|टोप|ल|ज||के|का|ण|कुछ|गहर||सेक|शन|स|में|रिटर|न|फ़्ल||सांद|र|होता|है|और|यहा||से|गहर||पा|ी|में|तेज़|प्रवा||हो|सकता|है."", ""46"": ""अ|||व||टर|टोप|ल|ज||के|का|ण|कुछ|गहर||सेक|शन|स|में|रिटर|न|फ़्ल||सा|द्र|होता|है|और|यहा||से|गहरे|पा|ी|में|तेज़|प्रवा||हो|सकता|है.""}"
hi,"अंत में, कई ऐसी छोटी बिल्लियाँ (लूज़ पेट कैट्स सहित) हैं जो कीट, रोडंट्स, छिपकलियों और पक्षियों जैसे कई छोटे जीवों को खाती हैं.",1,1,5,5,True,"à¤ħ|à¤Ĥà¤¤|Ġà¤®|à¥ĩà¤Ĥ,|Ġà¤ķà¤Ī|Ġà¤Ĳà¤¸|à¥Ģ|Ġà¤Ľ|à¥ĭà¤Ł|à¥Ģ|Ġà¤¬|à¤¿à¤²|à¥įà¤²|à¤¿à¤¯|à¤¾à¤ģ|Ġ(|à¤²|à¥Ĥà¤ľ|à¤¼|Ġà¤ª|à¥ĩà¤Ł|Ġà¤ķ|à¥Īà¤Ł|à¥įà¤¸|Ġà¤¸à¤¹|à¤¿à¤¤|)|Ġà¤¹|à¥Īà¤Ĥ|Ġà¤ľ|à¥ĭ|Ġà¤ķ|à¥Ģà¤Ł|,|Ġà¤°|à¥ĭà¤¡|à¤Ĥà¤Ł|à¥įà¤¸|,|Ġà¤Ľ|à¤¿à¤ªà¤ķ|à¤²|à¤¿à¤¯|à¥ĭà¤Ĥ|Ġà¤Ķà¤°|Ġà¤ªà¤ķ|à¥įà¤·|à¤¿à¤¯|à¥ĭà¤Ĥ|Ġà¤ľ|à¥Īà¤¸|à¥ĩ|Ġà¤ķà¤Ī|Ġà¤Ľ|à¥ĭà¤Ł|à¥ĩ|Ġà¤ľ|à¥Ģà¤µ|à¥ĭà¤Ĥ|Ġà¤ķ|à¥ĭ|Ġà¤ĸ|à¤¾à¤¤|à¥Ģ|Ġà¤¹|à¥Īà¤Ĥ.","अ|||में,|कई|ऐसी|छोटी|बिल्लि|या||(लूज़|पेट|कैट्स|सहित)|हैं|जो|कीट,|रोडंट|स,|छिपकलि|यों|और|पक्षि|यों|जैसे|कई|छोट||जीवों|को|खा|ी|हैं.","{""42"": ""अ|||में,|कई|ऐसी|छोटी|बिल्लि|या||(लूज़|पेट|कैट्स|सहित)|हैं|जो|कीट,|रोडंट|स,|छिपकलि|यों|और|पक्षि|यों|जैसे|कई|छोट||जीवों|को|खा|ी|हैं."", ""43"": ""अ|||में,|कई|ऐसी|छोटी|बिल|लि|या||(लूज़|पेट|कैट|स|सहित)|हैं|जो|कीट,|रोडंट|स,|छिपकलि|यों|और|पक्षि|यों|जैसे|कई|छोट||जीवों|को|खा|ी|हैं."", ""44"": ""अ|||में,|कई|ऐसी|छोटी|बिल|लि|या||(लू|़|पेट|कैट्स|सहित)|हैं|जो|कीट,|रोडंट|स,|छिपकलि|यों|और|पक्षि|यों|जैसे|कई|छोटे|जीवों|को|खा|ी|हैं."", ""45"": ""अं||में,|कई|ऐसी|छोट||बिल|लि|या||(लूज़|पेट|कैट्स|सहित)|हैं|जो|कीट,|रोडंट्स,|छिपकलि|यों|और|पक्षि|यों|जैसे|कई|छोटे|जीव|ं|को|खा|ी|हैं."", ""46"": ""अ|||में,|कई|ऐसी|छोटी|बिल्लि|या||(लू|़|पेट|कैट्स|सहित)|हैं|जो|कीट,|रोडंट|स,|छिपकलि|यों|और|पक्षि|यों|जैसे|कई|छोटे|जीव|ं|को|खा|ी|हैं.""}"
hi,अंतर्देशीय जलमार्ग आनेवाली छुट्टियों के लिए एक अच्छा विषय हो सकता है।,1,1,5,5,True,à¤ħ|à¤Ĥà¤¤à¤°|à¥įà¤¦|à¥ĩà¤¶|à¥Ģà¤¯|Ġà¤ľà¤²|à¤®|à¤¾à¤°|à¥įà¤Ĺ|Ġà¤Ĩà¤¨|à¥ĩà¤µ|à¤¾à¤²|à¥Ģ|Ġà¤Ľ|à¥ģà¤Ł|à¥įà¤Ł|à¤¿à¤¯|à¥ĭà¤Ĥ|Ġà¤ķ|à¥ĩ|Ġà¤²|à¤¿à¤ı|Ġà¤ıà¤ķ|Ġà¤ħà¤ļ|à¥įà¤Ľ|à¤¾|Ġà¤µ|à¤¿à¤·à¤¯|Ġà¤¹|à¥ĭ|Ġà¤¸à¤ķà¤¤|à¤¾|Ġà¤¹|à¥Īà¥¤,अ||||द|श|य|जलमा|्ग|आनेवा|ी|छुट्टि|य|ं|के|लिए|एक|अच्छा|विषय|हो|सकता|है।,"{""42"": ""अ||||द|श|य|जलमा|्ग|आनेवा|ी|छुट्टि|य|ं|के|लिए|एक|अच्छा|विषय|हो|सकता|है।"", ""43"": ""अ||||द|श|य|जलमा|्ग|आनेवा|ी|छुट|टि|यों|के|लिए|एक|अच्छा|विषय|हो|सकता|है।"", ""44"": ""अ||र|द|श|य|जलमा|्ग|आने|ा|||छुट्टि|यों|के|लिए|एक|अच्छा|विषय|हो|सकता|है।"", ""45"": ""अं|||द|श|य|जलमा|्ग|आनेवा|ी|छुट्टि|यों|के|लिए|एक|अच्छा|विष||हो|सकता|है।"", ""46"": ""अ||र|द|श|य|जलमा|्ग|आनेवा|ी|छुट|टि|य|ं|के|लिए|एक|अच्छा|विषय|हो|सकता|है।""}"
hi,अंतर्राष्ट्रीय ओलंपिक कमेटी ने आज बर्लिन में कार्यकारी बोर्ड की बैठक में खेलों को शामिल करने के लिए मतदान किया. रग्बी खास तौर पर रग्बी यूनियन और गोल्फ़ को ओलंपिक में भाग लेने के लिए पाँच खेलों में से चुना गया.,1,1,5,5,True,à¤ħ|à¤Ĥà¤¤à¤°|à¥įà¤°|à¤¾à¤·|à¥įà¤Ł|à¥įà¤°|à¥Ģà¤¯|Ġà¤ĵà¤²|à¤Ĥà¤ª|à¤¿à¤ķ|Ġà¤ķà¤®|à¥ĩà¤Ł|à¥Ģ|Ġà¤¨|à¥ĩ|Ġà¤Ĩà¤ľ|Ġà¤¬à¤°|à¥įà¤²|à¤¿à¤¨|Ġà¤®|à¥ĩà¤Ĥ|Ġà¤ķ|à¤¾à¤°|à¥įà¤¯à¤ķ|à¤¾à¤°|à¥Ģ|Ġà¤¬|à¥ĭà¤°|à¥įà¤¡|Ġà¤ķ|à¥Ģ|Ġà¤¬|à¥Īà¤łà¤ķ|Ġà¤®|à¥ĩà¤Ĥ|Ġà¤ĸ|à¥ĩà¤²|à¥ĭà¤Ĥ|Ġà¤ķ|à¥ĭ|Ġà¤¶|à¤¾à¤®|à¤¿à¤²|Ġà¤ķà¤°à¤¨|à¥ĩ|Ġà¤ķ|à¥ĩ|Ġà¤²|à¤¿à¤ı|Ġà¤®à¤¤à¤¦|à¤¾à¤¨|Ġà¤ķ|à¤¿à¤¯|à¤¾.|Ġà¤°|à¤Ĺ|à¥įà¤¬|à¥Ģ|Ġà¤ĸ|à¤¾à¤¸|Ġà¤¤|à¥Įà¤°|Ġà¤ªà¤°|Ġà¤°|à¤Ĺ|à¥įà¤¬|à¥Ģ|Ġà¤¯|à¥Ĥà¤¨|à¤¿à¤¯à¤¨|Ġà¤Ķà¤°|Ġà¤Ĺ|à¥ĭà¤²|à¥įà¤«|à¤¼|Ġà¤ķ|à¥ĭ|Ġà¤ĵà¤²|à¤Ĥà¤ª|à¤¿à¤ķ|Ġà¤®|à¥ĩà¤Ĥ|Ġà¤Ń|à¤¾à¤Ĺ|Ġà¤²|à¥ĩà¤¨|à¥ĩ|Ġà¤ķ|à¥ĩ|Ġà¤²|à¤¿à¤ı|Ġà¤ª|à¤¾à¤ģ|à¤ļ|Ġà¤ĸ|à¥ĩà¤²|à¥ĭà¤Ĥ|Ġà¤®|à¥ĩà¤Ĥ|Ġà¤¸|à¥ĩ|Ġà¤ļ|à¥ģà¤¨|à¤¾|Ġà¤Ĺà¤¯|à¤¾.,अं|||रा|्ट्र|य|ओलं|ि|क|कम|टी|ने|आज|बर|लि|न|में|का|्यका|ी|बोर्ड|की|बैठक|में|खेल|ं|को|शा|िल|करने|के|लिए|मतदा||किया.|रग्ब||खा||तौर|पर|रग्ब||यूनि|यन|और|गोल्फ़|को|ओलंपि|क|में|भाग|लेने|के|लिए|पा|च|खेल|ं|में|से|चुना|गया.,"{""42"": ""अं|||रा|्ट्र|य|ओलं|ि|क|कम|टी|ने|आज|बर|लि|न|में|का|्यका|ी|बोर्ड|की|बैठक|में|खेल|ं|को|शा|िल|करने|के|लिए|मतदा||किया.|रग्ब||खा||तौर|पर|रग्ब||यूनि|यन|और|गोल्फ़|को|ओलंपि|क|में|भाग|लेने|के|लिए|पा|च|खेल|ं|में|से|चुना|गया."", ""43"": ""अ||र|रा|्ट्र|य|ओलं|ि|क|कम|ट||ने|आज|बर|लि|न|में|का|्यका|ी|बोर|ड|की|बैठक|में|खेलों|को|शा|िल|करने|के|लिए|मतदा||किया.|रग्ब||खा||तौर|पर|रग्ब||यूनि|यन|और|गोल्फ़|को|ओलं|ि|क|में|भा||लेने|के|लिए|पा|च|खेलों|में|से|चुना|गया."", ""44"": ""अ||र|रा|्ट्र|य|ओलं|ि|क|कम|ट||ने|आज|बर|लि|न|में|का|्यका|ी|बोर|ड|की|बैठक|में|खेल|ं|को|शा|िल|करने|के|लिए|मतदा||किया.|रग्ब||खा||तौर|पर|रग्ब||यूनियन|और|गोल|फ़|को|ओलं|ि|क|में|भाग|लेने|के|लिए|पा|च|खेल|ं|में|से|चुना|गया."", ""45"": ""अ|तर|रा|्ट|र|य|ओलं|ि|क|कमेट||ने|आज|बर|लि|न|में|का||यका|ी|बोर|ड|की|बैठक|में|खेल|ं|को|शा|िल|करने|के|लिए|मतदा||किया.|रग्ब||खा||तौर|पर|रग्ब||यूनि|यन|और|गोल|फ़|को|ओलं|ि|क|में|भाग|लेने|के|लिए|पा|च|खेल|ं|में|से|चुना|गया."", ""46"": ""अ||र|रा|्ट्र|य|ओलंपि|क|कमेट||ने|आज|बर्लि|न|में|का|्यका|ी|बोर|ड|की|बैठक|में|खेल|ं|को|शा|िल|करने|के|लिए|मतदा||किया.|रग्ब||खा||तौर|पर|रग्ब||यूनि|यन|और|गोल्फ़|को|ओलं|ि|क|में|भा||लेने|के|लिए|पा|च|खेल|ं|में|से|चुना|गया.""}"
hi,"अंतर्राष्ट्रीय खेलों और ओलंपिक स्पर्धाओं में प्रतिस्पर्धा करने वाले इटालियंस के साथ, शीतकालीन खेल उत्तरी क्षेत्रों में सबसे लोकप्रिय हैं.",1,1,5,5,True,"à¤ħ|à¤Ĥà¤¤à¤°|à¥įà¤°|à¤¾à¤·|à¥įà¤Ł|à¥įà¤°|à¥Ģà¤¯|Ġà¤ĸ|à¥ĩà¤²|à¥ĭà¤Ĥ|Ġà¤Ķà¤°|Ġà¤ĵà¤²|à¤Ĥà¤ª|à¤¿à¤ķ|Ġà¤¸|à¥įà¤ªà¤°|à¥įà¤§|à¤¾à¤ĵ|à¤Ĥ|Ġà¤®|à¥ĩà¤Ĥ|Ġà¤ª|à¥įà¤°à¤¤|à¤¿à¤¸|à¥įà¤ªà¤°|à¥įà¤§|à¤¾|Ġà¤ķà¤°à¤¨|à¥ĩ|Ġà¤µ|à¤¾à¤²|à¥ĩ|Ġà¤ĩ|à¤Ł|à¤¾à¤²|à¤¿à¤¯|à¤Ĥà¤¸|Ġà¤ķ|à¥ĩ|Ġà¤¸|à¤¾à¤¥|,|Ġà¤¶|à¥Ģà¤¤à¤ķ|à¤¾à¤²|à¥Ģà¤¨|Ġà¤ĸ|à¥ĩà¤²|Ġà¤īà¤¤|à¥įà¤¤à¤°|à¥Ģ|Ġà¤ķ|à¥įà¤·|à¥ĩà¤¤|à¥įà¤°|à¥ĭà¤Ĥ|Ġà¤®|à¥ĩà¤Ĥ|Ġà¤¸à¤¬à¤¸|à¥ĩ|Ġà¤²|à¥ĭà¤ķà¤ª|à¥įà¤°|à¤¿à¤¯|Ġà¤¹|à¥Īà¤Ĥ.","अ||र|रा|्ट्र|य|खेलों|और|ओलंपि|क|स्पर|धा|ं|में|प्रति|स|पर|धा|करने|वा|े|इटा|ि|यंस|के|साथ,|शीतका|ीन|खेल|उत|तर||क्ष|त्रों|में|सबसे|लोकप|रि|य|हैं.","{""42"": ""अ||र|रा|्ट्र|य|खेलों|और|ओलंपि|क|स्पर|धा|ं|में|प्रति|स|पर|धा|करने|वा|े|इटा|ि|यंस|के|साथ,|शीतका|ीन|खेल|उत|तर||क्ष|त्रों|में|सबसे|लोकप|रि|य|हैं."", ""43"": ""अ||र|रा|्ट्र|य|खेल|ं|और|ओलंप||क|स्पर|धा|ं|में|प्रति|स|पर|धा|करने|वा|े|इटा|ियंस|के|साथ,|शीतका|ीन|खेल|उत|तर||क्ष|त्र|ं|में|सबसे|लोक||रि|य|हैं."", ""44"": ""अ||||रा|्ट्र|य|खेल|ं|और|ओलं|ि|क|स्पर|धा|ं|में|प्रति|स|पर|धा|करने|वा|े|इटा|ियं||के|साथ,|शीतक||ीन|खेल|उत|तर||क्ष|त्र|ं|में|सबसे|लोकप|रि|य|हैं."", ""45"": ""अं|र|रा|्ट्र|य|खेल|ं|और|ओलं|ि|क|स्पर|धा|ं|में|प्रति|स्पर|धा|करने|वा|े|इटा|ि|यं||के|साथ,|शीतका|ीन|खेल|उत|तर||क्ष|त्र|ं|में|सबसे|लोकप|रि|य|हैं."", ""46"": ""अ||र|रा|्ट|र|य|खेल|ं|और|ओलंपि|क|स्पर|धा|ं|में|प्रति|स|पर|धा|करने|वा|े|इटा|ियंस|के|साथ,|शीतका|ीन|खेल|उत|तर||क्ष|त्र|ं|में|सबस||लोकप|रि|य|हैं.""}"
hi,"अंतर्राष्ट्रीय बाग़वानी प्रदर्शनी ख़ास कार्यक्रम है, जिसमें फूलों का प्रदर्शन, वनस्पति उद्यान और पौधों के साथ कुछ और करने की प्रदशर्नी होती है.",1,1,5,5,True,"à¤ħ|à¤Ĥà¤¤à¤°|à¥įà¤°|à¤¾à¤·|à¥įà¤Ł|à¥įà¤°|à¥Ģà¤¯|Ġà¤¬|à¤¾à¤Ĺ|à¤¼à¤µ|à¤¾à¤¨|à¥Ģ|Ġà¤ª|à¥įà¤°à¤¦à¤°|à¥įà¤¶à¤¨|à¥Ģ|Ġà¤ĸ|à¤¼à¤¾|à¤¸|Ġà¤ķ|à¤¾à¤°|à¥įà¤¯à¤ķ|à¥įà¤°à¤®|Ġà¤¹|à¥Ī,|Ġà¤ľ|à¤¿à¤¸à¤®|à¥ĩà¤Ĥ|Ġà¤«|à¥Ĥà¤²|à¥ĭà¤Ĥ|Ġà¤ķ|à¤¾|Ġà¤ª|à¥įà¤°à¤¦à¤°|à¥įà¤¶à¤¨|,|Ġà¤µà¤¨|à¤¸|à¥įà¤ªà¤¤|à¤¿|Ġà¤īà¤¦|à¥įà¤¯|à¤¾à¤¨|Ġà¤Ķà¤°|Ġà¤ª|à¥Įà¤§|à¥ĭà¤Ĥ|Ġà¤ķ|à¥ĩ|Ġà¤¸|à¤¾à¤¥|Ġà¤ķ|à¥ģà¤Ľ|Ġà¤Ķà¤°|Ġà¤ķà¤°à¤¨|à¥ĩ|Ġà¤ķ|à¥Ģ|Ġà¤ª|à¥įà¤°à¤¦|à¤¶à¤°|à¥įà¤¨|à¥Ģ|Ġà¤¹|à¥ĭà¤¤|à¥Ģ|Ġà¤¹|à¥Ī.","अं|||रा|्ट्र|य|बा|़वा|ी|प्रदर|शन||ख़ा||का|्यक|रम|है,|जिसम|ं|फूल|ं|का|प्रदर|शन,|वनस|पति||उद्या||और|पौधों|के|साथ|कुछ|और|करने|की|प्रदशर|नी|होती|है.","{""42"": ""अं|||रा|्ट्र|य|बा|़वा|ी|प्रदर|शन||ख़ा||का|्यक|रम|है,|जिसम|ं|फूल|ं|का|प्रदर|शन,|वनस|पति||उद्या||और|पौधों|के|साथ|कुछ|और|करने|की|प्रदशर|नी|होती|है."", ""43"": ""अ||||रा|्ट्र|य|बाग़वा|ी|प्रदर|शन||ख़ा||का|्यक|रम|है,|जिसम|ं|फूल|ं|का|प्रदर|शन,|वनस|पति||उद्या||और|पौधों|के|साथ|कुछ|और|करने|की|प्रदशर|नी|होती|है."", ""44"": ""अ||र|रा|्ट्र|य|बाग़वा|ी|प्रदर|शन||ख़ा||का|्यक|रम|है,|जिसम|ं|फूल|ं|का|प्रदर|शन,|वनस|पति||उद्या||और|पौध|ं|के|साथ|कुछ|और|करने|की|प्रदशर|नी|होती|है."", ""45"": ""अ||र|रा|्ट्र|य|बाग़वा|ी|प्रदर|शन||ख़ा||का|्यक|रम|है,|जिसम|ं|फूल|ं|का|प्रदर|शन,|वनस|पति||उद्या||और|पौधों|के|साथ|कुछ|और|करने|की|प्रदशर|नी|होती|है."", ""46"": ""अं|र|रा|्ट्र|य|बाग़वा|ी|प्रदर|शन||ख़ा||कार्यक|रम|है,|जिसम|ं|फूल|ं|का|प्रदर|शन,|वनस्पत|||उद्या||और|पौध|ं|के|साथ|कुछ|और|करन||की|प्रदश||नी|होती|है.""}"
hi,"अंतिम स्कोर एक अंक की जीत थी, 21 और 20, ऑल ब्लैक्स का 15 गेम लगातार जीतने का सिलसिला समाप्त हुआ ।",1,1,5,5,True,"à¤ħ|à¤Ĥà¤¤|à¤¿à¤®|Ġà¤¸|à¥įà¤ķ|à¥ĭà¤°|Ġà¤ıà¤ķ|Ġà¤ħ|à¤Ĥà¤ķ|Ġà¤ķ|à¥Ģ|Ġà¤ľ|à¥Ģà¤¤|Ġà¤¥|à¥Ģ,|Ġ|21|Ġà¤Ķà¤°|Ġ|20|,|Ġà¤ĳà¤²|Ġà¤¬|à¥įà¤²|à¥Īà¤ķ|à¥įà¤¸|Ġà¤ķ|à¤¾|Ġ|15|Ġà¤Ĺ|à¥ĩà¤®|Ġà¤²à¤Ĺ|à¤¾à¤¤|à¤¾à¤°|Ġà¤ľ|à¥Ģà¤¤à¤¨|à¥ĩ|Ġà¤ķ|à¤¾|Ġà¤¸|à¤¿à¤²à¤¸|à¤¿à¤²|à¤¾|Ġà¤¸à¤®|à¤¾à¤ª|à¥įà¤¤|Ġà¤¹|à¥ģà¤Ĩ|Ġà¥¤","अ||ि|म|स्क|र|एक|अंक|की|जीत|थी,|21|और|20,|ऑल|ब्ल|क|स|का|15|गेम|लगा|ा||जीतने|का|सिलसिला|समा|्त|हुआ|।","{""42"": ""अ||ि|म|स्क|र|एक|अंक|की|जीत|थी,|21|और|20,|ऑल|ब्ल|क|स|का|15|गेम|लगा|ा||जीतने|का|सिलसिला|समा|्त|हुआ|।"", ""43"": ""अ||ि|म|स्क|र|एक|अंक|की|जीत|थी,|21|और|20,|ऑल|ब्ल|क|स|का|15|गेम|लगा|ा||जीतन||का|सिलसि|ला|समा|्त|हुआ|।"", ""44"": ""अ||||म|स्क|र|एक|अंक|की|जीत|थी,|21|और|20,|ऑल|ब्ल|क|स|का|15|गेम|लगा|ा||जीतन||का|सिलसि|ला|समा|्त|हुआ|।"", ""45"": ""अं|||म|स्क|र|एक|अंक|की|जीत|थी,|21|और|20,|ऑल|ब्ल|क्स|का|15|गेम|लगा|ा||जीतने|का|सिलसि|ला|समा|्त|हुआ|।"", ""46"": ""अ||||म|स्क|र|एक|अंक|की|जीत|थी,|21 और|20,|ऑल|ब्ल|क|स|का|15|गेम|लगा|ा||जीतन||का|सिलसि|ला|समा|्त|हुआ|।""}"
hi,"अंदरूनी विषाक्तता का तुरंत पता नहीं चलता है. इसके लक्षण सामान्य होते हैं जैसे कि उल्टी आना, इसलिए इसका तुरंत निदान नहीं किया जा सकता है.",1,1,5,5,True,"à¤ħ|à¤Ĥà¤¦à¤°|à¥Ĥà¤¨|à¥Ģ|Ġà¤µ|à¤¿à¤·|à¤¾à¤ķ|à¥įà¤¤à¤¤|à¤¾|Ġà¤ķ|à¤¾|Ġà¤¤|à¥ģà¤°|à¤Ĥà¤¤|Ġà¤ªà¤¤|à¤¾|Ġà¤¨à¤¹|à¥Ģà¤Ĥ|Ġà¤ļà¤²à¤¤|à¤¾|Ġà¤¹|à¥Ī.|Ġà¤ĩà¤¸à¤ķ|à¥ĩ|Ġà¤²à¤ķ|à¥įà¤·à¤£|Ġà¤¸|à¤¾à¤®|à¤¾à¤¨|à¥įà¤¯|Ġà¤¹|à¥ĭà¤¤|à¥ĩ|Ġà¤¹|à¥Īà¤Ĥ|Ġà¤ľ|à¥Īà¤¸|à¥ĩ|Ġà¤ķ|à¤¿|Ġà¤īà¤²|à¥įà¤Ł|à¥Ģ|Ġà¤Ĩà¤¨|à¤¾,|Ġà¤ĩà¤¸à¤²|à¤¿à¤ı|Ġà¤ĩà¤¸à¤ķ|à¤¾|Ġà¤¤|à¥ģà¤°|à¤Ĥà¤¤|Ġà¤¨|à¤¿à¤¦|à¤¾à¤¨|Ġà¤¨à¤¹|à¥Ģà¤Ĥ|Ġà¤ķ|à¤¿à¤¯|à¤¾|Ġà¤ľ|à¤¾|Ġà¤¸à¤ķà¤¤|à¤¾|Ġà¤¹|à¥Ī.","अ||र|नी|विषा|्तता|का|तुरं||पता|नहीं|चलता|है.|इसके|लक्षण|सा|ा|्य|होते|हैं|जैसे|कि|उल्ट||आना,|इसलिए|इसका|तुरं||निदा||नहीं|किया|जा|सकता|है.","{""42"": ""अ||र|नी|विषा|्तता|का|तुरं||पता|नहीं|चलता|है.|इसके|लक्षण|सा|ा|्य|होते|हैं|जैसे|कि|उल्ट||आना,|इसलिए|इसका|तुरं||निदा||नहीं|किया|जा|सकता|है."", ""43"": ""अ||र|नी|विषा|्तता|का|तुरंत|पता|नहीं|चलता|है.|इसके|लक्षण|सा|ा|्य|होते|हैं|जैसे|कि|उल्ट||आना,|इसलिए|इसका|तुरं||निदा||नहीं|किया|जा|सकता|है."", ""44"": ""अ||||नी|विषा|्तता|का|तुरं||पता|नहीं|चलता|है.|इसके|लक|षण|सामा|्य|होते|हैं|जैसे|कि|उल्ट||आना,|इसलि|ए|इसका|तुरंत|निदा||नहीं|किया|जा|सकता|है."", ""45"": ""अ||||नी|विषा|्तता|का|तुरंत|पता|नहीं|चलता|है.|इसके|लक्षण|सामा|्य|होते|हैं|जैसे|कि|उल्ट||आना,|इसलिए|इसका|तुरं||निदा||नहीं|किया|जा|सकता|है."", ""46"": ""अं|र|नी|विषा|्तता|का|तुरंत|पता|नहीं|चलता|है.|इसके|लक्षण|सा|ा|्य|होते|हैं|जैस||कि|उल्टी|आना,|इसलि|ए|इसका|तुरं||निदा||नहीं|किया|जा|सकता|है.""}"
hi,"अकॉर्डियन पर, अतिरिक्त वॉल्यूम प्राप्त करने के लिए, आप कुहनी का उपयोग अधिक दबाव या गति के साथ करते हैं।",1,1,5,5,True,"à¤ħà¤ķ|à¥īà¤°|à¥įà¤¡|à¤¿à¤¯à¤¨|Ġà¤ªà¤°|,|Ġà¤ħà¤¤|à¤¿à¤°|à¤¿à¤ķ|à¥įà¤¤|Ġà¤µ|à¥īà¤²|à¥įà¤¯|à¥Ĥà¤®|Ġà¤ª|à¥įà¤°|à¤¾à¤ª|à¥įà¤¤|Ġà¤ķà¤°à¤¨|à¥ĩ|Ġà¤ķ|à¥ĩ|Ġà¤²|à¤¿à¤ı|,|Ġà¤Ĩà¤ª|Ġà¤ķ|à¥ģà¤¹|à¤¨|à¥Ģ|Ġà¤ķ|à¤¾|Ġà¤īà¤ªà¤¯|à¥ĭà¤Ĺ|Ġà¤ħà¤§|à¤¿à¤ķ|Ġà¤¦à¤¬|à¤¾à¤µ|Ġà¤¯|à¤¾|Ġà¤Ĺà¤¤|à¤¿|Ġà¤ķ|à¥ĩ|Ġà¤¸|à¤¾à¤¥|Ġà¤ķà¤°à¤¤|à¥ĩ|Ġà¤¹|à¥Īà¤Ĥà¥¤","अ||||डि|यन|पर,|अतिरि|क|त|वॉल|य|म|प्रा|्त|करने|के|लिए,|आप|कुहनी|का|उपय|ग|अधिक|दबा||या|गति|के|साथ|करते|हैं।","{""42"": ""अ||||डि|यन|पर,|अतिरि|क|त|वॉल|य|म|प्रा|्त|करने|के|लिए,|आप|कुहनी|का|उपय|ग|अधिक|दबा||या|गति|के|साथ|करते|हैं।"", ""43"": ""अ||र|डि|यन|पर,|अतिरिक|त|वॉल|य|म|प्रा|्त|करने|के|लिए,|आप|कुहन||का|उपय|ग|अधिक|दबा||या|गति|के|साथ|करते|हैं।"", ""44"": ""अ||र|डि|यन|पर,|अतिरिक|त|वॉल|य|म|प्रा|्त|करने|के|लिए,|आप|कुहनी|का|उपय|ग|अधिक|दबा||या|गति|के|साथ|करते|हैं।"", ""45"": ""अ||र|डि|यन|पर,|अतिरिक|त|वॉल|य|म|प्रा||त|करने|के|लिए,|आप|कुहनी|का|उपय|ग|अधिक|दबा||या|गति|के|साथ|करते|हैं।"", ""46"": ""अक|||डि|यन|पर,|अतिरिक|त|वॉल|य|म|प्रा||त|करने|के|लिए,|आप|कुहनी|का|उपय|ग|अधिक|दबा||या|गति|के|साथ|करते|हैं।""}"
hi,"अक्सर, आपको अलग से एक वैश्विक नंबर खरीदना होगा जो PSTN फ़ोन को आपको कॉल करने की अनुमति देता है. यह नंबर जहाँ का होता है वहाँ के लोगों का कॉल करने की दर अलग होती है.",1,1,5,5,True,"à¤ħà¤ķ|à¥įà¤¸à¤°|,|Ġà¤Ĩà¤ªà¤ķ|à¥ĭ|Ġà¤ħà¤²à¤Ĺ|Ġà¤¸|à¥ĩ|Ġà¤ıà¤ķ|Ġà¤µ|à¥Īà¤¶|à¥įà¤µ|à¤¿à¤ķ|Ġà¤¨|à¤Ĥà¤¬à¤°|Ġà¤ĸà¤°|à¥Ģà¤¦à¤¨|à¤¾|Ġà¤¹|à¥ĭà¤Ĺ|à¤¾|Ġà¤ľ|à¥ĭ|ĠP|ST|N|Ġà¤«|à¤¼à¥ĭ|à¤¨|Ġà¤ķ|à¥ĭ|Ġà¤Ĩà¤ªà¤ķ|à¥ĭ|Ġà¤ķ|à¥īà¤²|Ġà¤ķà¤°à¤¨|à¥ĩ|Ġà¤ķ|à¥Ģ|Ġà¤ħà¤¨|à¥ģà¤®à¤¤|à¤¿|Ġà¤¦|à¥ĩà¤¤|à¤¾|Ġà¤¹|à¥Ī.|Ġà¤¯à¤¹|Ġà¤¨|à¤Ĥà¤¬à¤°|Ġà¤ľà¤¹|à¤¾à¤ģ|Ġà¤ķ|à¤¾|Ġà¤¹|à¥ĭà¤¤|à¤¾|Ġà¤¹|à¥Ī|Ġà¤µà¤¹|à¤¾à¤ģ|Ġà¤ķ|à¥ĩ|Ġà¤²|à¥ĭà¤Ĺ|à¥ĭà¤Ĥ|Ġà¤ķ|à¤¾|Ġà¤ķ|à¥īà¤²|Ġà¤ķà¤°à¤¨|à¥ĩ|Ġà¤ķ|à¥Ģ|Ġà¤¦à¤°|Ġà¤ħà¤²à¤Ĺ|Ġà¤¹|à¥ĭà¤¤|à¥Ģ|Ġà¤¹|à¥Ī.","अ||सर,|आपक||अलग|से|एक|वैश|वि|क|नंबर|खर|दना|होगा|जो|PSTN|फ़ो||को|आपको|कॉल|करने|की|अनुमति||देता|है.|यह|नंबर|जहा||का|होता|है|वहा||के|लोगों|का|कॉल|करने|की|दर|अलग|होती|है.","{""42"": ""अ||सर,|आपक||अलग|से|एक|वैश|वि|क|नंबर|खर|दना|होगा|जो|PSTN|फ़ो||को|आपको|कॉल|करने|की|अनुमति||देता|है.|यह|नंबर|जहा||का|होता|है|वहा||के|लोगों|का|कॉल|करने|की|दर|अलग|होती|है."", ""43"": ""अक|सर,|आपको|अलग|से|एक|वैश|वि|क|नंबर|खर|दना|होगा|जो|PSTN|फ़ो||को|आपको|कॉल|करने|की|अनुमति||देता|है.|यह|नंबर|जहा||का|होता|है|वहा||के|लोगों|का|कॉल|करने|की|दर|अलग|होती|है."", ""44"": ""अ||सर,|आपक||अलग|से|एक|वैश|वि|क|नंबर|खर|दना|होगा|जो|PSTN|फ़ोन|को|आपको|क|ल|करने|की|अनुमति|देता|है.|यह|नंबर|जहा||का|होता|है|वहा||के|लोगों|का|कॉल|करने|की|दर|अलग|होती|है."", ""45"": ""अक|सर,|आपक||अलग|से|एक|वैश|वि|क|नंबर|खर|दना|होगा|जो|PSTN|फ़ो||को|आपको|कॉल|करने|की|अनुमति||देता|है.|यह|नंबर|जहा||का|होता|है|वहा||के|लोगों|का|कॉल|करने|की|दर|अलग|होती|है."", ""46"": ""अ||सर,|आपको|अलग|से|एक|वैश|वि|क|नंबर|खर|दना|होगा|जो|PSTN|फ़ोन|को|आपक||कॉल|करने|की|अनुमति||देता|है.|यह|नंबर|जहा||का|होता|है|वहा||के|लोगों|का|कॉल|करने|की|दर|अलग|होती|है.""}"
hi,"अगर आप अपनी यात्रा के साथियों और रिश्तेदारों या दोस्तों को घर पहुँचाने में मदद करना चाहते हैं, तो उन्हें नीति/संपर्क की कॉपी भी दें.",1,1,5,5,True,"à¤ħà¤Ĺà¤°|Ġà¤Ĩà¤ª|Ġà¤ħà¤ªà¤¨|à¥Ģ|Ġà¤¯|à¤¾à¤¤|à¥įà¤°|à¤¾|Ġà¤ķ|à¥ĩ|Ġà¤¸|à¤¾à¤¥|à¤¿à¤¯|à¥ĭà¤Ĥ|Ġà¤Ķà¤°|Ġà¤°|à¤¿à¤¶|à¥įà¤¤|à¥ĩà¤¦|à¤¾à¤°|à¥ĭà¤Ĥ|Ġà¤¯|à¤¾|Ġà¤¦|à¥ĭà¤¸|à¥įà¤¤|à¥ĭà¤Ĥ|Ġà¤ķ|à¥ĭ|Ġà¤ĺà¤°|Ġà¤ªà¤¹|à¥ģà¤ģ|à¤ļ|à¤¾à¤¨|à¥ĩ|Ġà¤®|à¥ĩà¤Ĥ|Ġà¤®à¤¦à¤¦|Ġà¤ķà¤°à¤¨|à¤¾|Ġà¤ļ|à¤¾à¤¹à¤¤|à¥ĩ|Ġà¤¹|à¥Īà¤Ĥ,|Ġà¤¤|à¥ĭ|Ġà¤īà¤¨|à¥įà¤¹|à¥ĩà¤Ĥ|Ġà¤¨|à¥Ģà¤¤|à¤¿|/|à¤¸|à¤Ĥà¤ªà¤°|à¥įà¤ķ|Ġà¤ķ|à¥Ģ|Ġà¤ķ|à¥īà¤ª|à¥Ģ|Ġà¤Ń|à¥Ģ|Ġà¤¦|à¥ĩà¤Ĥ.","अ|र|आप|अपनी|या|्रा|के|साथि|यों|और|रिश|त|दा|ों|या|दोस्त|ं|को|घर|पहुँच|ा|े|में|मदद|करना|चा|ते|हैं,|तो|उन्ह|ं|नीत|/|संपर|क|की|कॉप||भी|दें.","{""42"": ""अ|र|आप|अपनी|या|्रा|के|साथि|यों|और|रिश|त|दा|ों|या|दोस्त|ं|को|घर|पहुँच|ा|े|में|मदद|करना|चा|ते|हैं,|तो|उन्ह|ं|नीत|/|संपर|क|की|कॉप||भी|दें."", ""43"": ""अगर|आप|अपनी|या|्रा|के|साथि|यों|और|रिश|त|दा|ों|या|दोस्त|ं|को|घर|पहुँच|ा|े|में|मदद|करना|चा|ते|हैं,|तो|उन्ह|ं|नीति/|संपर|क|की|कॉपी|भी|दें."", ""44"": ""अ|||आप|अपनी|या|्रा|के|सा|ि|यों|और|रिश|त|दा|ों|या|दोस्त|ं|को|घर|पहुँच|ा|े|में|मदद|करना|चा|ते|हैं,|तो|उन्ह|ं|नीति/|संपर|क|की|कॉपी|भी|दें."", ""45"": ""अ|र|आप|अपनी|या|्रा|के|साथि|यों|और|रिश|त|दा|ों|या|दोस्त|ं|को|घर|पहुँच|ा|े|में|मदद|करना|चा|ते|हैं,|तो|उन्ह|ं|नीति/|संपर|क|की|कॉपी|भी|दें."", ""46"": ""अ|||आप|अपनी|या|्रा|के|साथि|यों|और|रिश|त|दा|ों|या|दोस्त|ं|को|घर|पहुँच|ा|े|में|मदद|करना|चा|ते|हैं,|तो|उन्ह|ं|नीति/|संपर|क|की|कॉपी|भी|दें.""}"
hi,अगर आप ऐक्शन के नज़दीक रहना चाहते हैं तो आपको म्यूज़िक के नज़दीक वाली कैंपिंग साइट पर जल्दी से जल्दी पहुँचना होगा.,1,1,5,5,True,à¤ħà¤Ĺà¤°|Ġà¤Ĩà¤ª|Ġà¤Ĳ|à¤ķ|à¥įà¤¶à¤¨|Ġà¤ķ|à¥ĩ|Ġà¤¨à¤ľ|à¤¼à¤¦|à¥Ģà¤ķ|Ġà¤°à¤¹à¤¨|à¤¾|Ġà¤ļ|à¤¾à¤¹à¤¤|à¥ĩ|Ġà¤¹|à¥Īà¤Ĥ|Ġà¤¤|à¥ĭ|Ġà¤Ĩà¤ªà¤ķ|à¥ĭ|Ġà¤®|à¥įà¤¯|à¥Ĥà¤ľ|à¤¼à¤¿|à¤ķ|Ġà¤ķ|à¥ĩ|Ġà¤¨à¤ľ|à¤¼à¤¦|à¥Ģà¤ķ|Ġà¤µ|à¤¾à¤²|à¥Ģ|Ġà¤ķ|à¥Īà¤Ĥ|à¤ª|à¤¿à¤Ĥ|à¤Ĺ|Ġà¤¸|à¤¾à¤ĩà¤Ł|Ġà¤ªà¤°|Ġà¤ľà¤²|à¥įà¤¦|à¥Ģ|Ġà¤¸|à¥ĩ|Ġà¤ľà¤²|à¥įà¤¦|à¥Ģ|Ġà¤ªà¤¹|à¥ģà¤ģ|à¤ļà¤¨|à¤¾|Ġà¤¹|à¥ĭà¤Ĺ|à¤¾.,अ|र|आप|ऐक्शन|के|नज़द|क|रहना|चा|ते|हैं|तो|आपक||म्यूज़ि|क|के|नज़द|क|वा|ी|कैंपि|ंग|सा|ट|पर|जल्द||से|जल्द||पहुँच|ना|होगा.,"{""42"": ""अ|र|आप|ऐक्शन|के|नज़द|क|रहना|चा|ते|हैं|तो|आपक||म्यूज़ि|क|के|नज़द|क|वा|ी|कैंपि|ंग|सा|ट|पर|जल्द||से|जल्द||पहुँच|ना|होगा."", ""43"": ""अ|र|आप|ऐक्शन|के|नज़द|क|रहना|चा|ते|हैं|तो|आपक||म्यूज़ि|क|के|नज़द|क|वा|ी|कैंपि|ंग|सा|ट|पर|जल|द||से|जल्द||पहुँच|ना|होगा."", ""44"": ""अग||आप|ऐक्शन|के|नज़द|क|रहना|चा|ते|हैं|तो|आपक||म्य|ज़ि|क|के|नज़द|क|वा|ी|कैं|ि|ंग|सा|ट|पर|जल्द||से|जल्द||पहुँच|ना|होगा."", ""45"": ""अ|||आप|ऐक्शन|के|नज़द|क|रहना|चा|ते|हैं|तो|आपक||म्य|ज़ि|क|के|नज़द|क|वा|ी|कैंपि|ंग|सा|ट|पर|जल्द||से|जल्द||पहुँच|ना|होगा."", ""46"": ""अ|||आप|ऐक्शन|के|नज़द|क|रहना|चा|ते|हैं|तो|आपक||म्यूज़ि|क|के|नज़द|क|वा|ी|कैंपि|ंग|सा|ट|पर|जल्द||से|जल्द||पहुँच|ना|होगा.""}"
hi,"अगर आप ऑफ़र के बारे में सोचने या डेस्टिनेशन के लिए डॉक्युमेंट (जैसे वीज़ा) पाने के लिए समय चाहते हैं, तो वे आपको रिज़र्वेशन की सुविधा भी दे सकते हैं.",1,1,5,5,True,"à¤ħà¤Ĺà¤°|Ġà¤Ĩà¤ª|Ġà¤ĳà¤«|à¤¼à¤°|Ġà¤ķ|à¥ĩ|Ġà¤¬|à¤¾à¤°|à¥ĩ|Ġà¤®|à¥ĩà¤Ĥ|Ġà¤¸|à¥ĭà¤ļà¤¨|à¥ĩ|Ġà¤¯|à¤¾|Ġà¤¡|à¥ĩà¤¸|à¥įà¤Ł|à¤¿à¤¨|à¥ĩà¤¶à¤¨|Ġà¤ķ|à¥ĩ|Ġà¤²|à¤¿à¤ı|Ġà¤¡|à¥īà¤ķ|à¥įà¤¯|à¥ģà¤®|à¥ĩà¤Ĥ|à¤Ł|Ġ(|à¤ľ|à¥Īà¤¸|à¥ĩ|Ġà¤µ|à¥Ģà¤ľ|à¤¼à¤¾|)|Ġà¤ª|à¤¾à¤¨|à¥ĩ|Ġà¤ķ|à¥ĩ|Ġà¤²|à¤¿à¤ı|Ġà¤¸à¤®à¤¯|Ġà¤ļ|à¤¾à¤¹à¤¤|à¥ĩ|Ġà¤¹|à¥Īà¤Ĥ,|Ġà¤¤|à¥ĭ|Ġà¤µ|à¥ĩ|Ġà¤Ĩà¤ªà¤ķ|à¥ĭ|Ġà¤°|à¤¿à¤ľ|à¤¼à¤°|à¥įà¤µ|à¥ĩà¤¶à¤¨|Ġà¤ķ|à¥Ģ|Ġà¤¸|à¥ģà¤µ|à¤¿à¤§|à¤¾|Ġà¤Ń|à¥Ģ|Ġà¤¦|à¥ĩ|Ġà¤¸à¤ķà¤¤|à¥ĩ|Ġà¤¹|à¥Īà¤Ĥ.","अ|र|आप|ऑफ़र|के|बारे|में|सोचन||या|डेस्टि|नेश||के|लिए|डॉक|य|मेंट|(जैसे|वीज़ा)|पा|े|के|लिए|समय|चा|ते|हैं,|तो|वे|आपक||रिज़र|वेशन|की|सुविधा|भी|दे|सकते|हैं.","{""42"": ""अ|र|आप|ऑफ़र|के|बारे|में|सोचन||या|डेस्टि|नेश||के|लिए|डॉक|य|मेंट|(जैसे|वीज़ा)|पा|े|के|लिए|समय|चा|ते|हैं,|तो|वे|आपक||रिज़र|वेशन|की|सुविधा|भी|दे|सकते|हैं."", ""43"": ""अगर|आप|ऑफ़र|के|बारे|में|सोचन||या|डेस|टि|न|शन|के|लिए|डॉक|य|म|ंट|(जैसे|वीज़ा)|पा|े|के|लिए|समय|चा|ते|हैं,|तो|वे|आपक||रिज़र|वेशन|की|सुवि|धा|भी|दे|सकते|हैं."", ""44"": ""अग||आप|ऑफ़र|के|बारे|में|सोचन||या|डेस|टि|न|शन|के|लिए|डॉक्य|म|ंट|(जैस||वीज़ा)|पा|े|के|लिए|समय|चा|ते|हैं,|तो|वे|आपको|रिज़र|वेश||की|सुविधा|भी|दे|सकते|हैं."", ""45"": ""अ|र|आप|ऑफ़र|के|बारे|में|सोचने|या|डेस|टि|न|शन|के|लिए|डॉक|य|म|ंट|(जैसे|वीज़ा)|पा|े|के|लिए|समय|चा|ते|हैं,|तो|वे|आपको|रिज़र|व|शन|की|सुवि|धा|भी|दे|सकते|हैं."", ""46"": ""अग||आप|ऑफ़र|के|बारे|में|सोचने|या|डेस|टि|न||न|के|लिए|डॉक|य|म|ंट|(जैसे|वीज़ा)|पा|े|के|लिए|समय|चा|ते|हैं,|तो|वे|आपको|रिज़र|व|शन|की|सुवि|धा|भी|दे|सकते|हैं.""}"
hi,"अगर आप किसी औपचारिक रूप से व्यवस्थित बगीचे में जाते हैं, तो वहां से “नमूने” इकट्ठे करने पर भी आपको बिना किसी चर्चा के बाहर निकाल दिया जाता है.",1,1,5,5,True,"à¤ħà¤Ĺà¤°|Ġà¤Ĩà¤ª|Ġà¤ķ|à¤¿à¤¸|à¥Ģ|Ġà¤Ķà¤ªà¤ļ|à¤¾à¤°|à¤¿à¤ķ|Ġà¤°|à¥Ĥà¤ª|Ġà¤¸|à¥ĩ|Ġà¤µ|à¥įà¤¯à¤µà¤¸|à¥įà¤¥|à¤¿à¤¤|Ġà¤¬à¤Ĺ|à¥Ģà¤ļ|à¥ĩ|Ġà¤®|à¥ĩà¤Ĥ|Ġà¤ľ|à¤¾à¤¤|à¥ĩ|Ġà¤¹|à¥Īà¤Ĥ,|Ġà¤¤|à¥ĭ|Ġà¤µà¤¹|à¤¾à¤Ĥ|Ġà¤¸|à¥ĩ|ĠâĢľ|à¤¨|à¤®|à¥Ĥà¤¨|à¥ĩ|âĢĿ|Ġà¤ĩà¤ķà¤Ł|à¥įà¤ł|à¥ĩ|Ġà¤ķà¤°à¤¨|à¥ĩ|Ġà¤ªà¤°|Ġà¤Ń|à¥Ģ|Ġà¤Ĩà¤ªà¤ķ|à¥ĭ|Ġà¤¬|à¤¿à¤¨|à¤¾|Ġà¤ķ|à¤¿à¤¸|à¥Ģ|Ġà¤ļà¤°|à¥įà¤ļ|à¤¾|Ġà¤ķ|à¥ĩ|Ġà¤¬|à¤¾à¤¹à¤°|Ġà¤¨|à¤¿à¤ķ|à¤¾à¤²|Ġà¤¦|à¤¿à¤¯|à¤¾|Ġà¤ľ|à¤¾à¤¤|à¤¾|Ġà¤¹|à¥Ī.","अ|र|आप|किसी|औपचा|ि|क|रूप|से|व्यवस|थि|त|बगीचे|में|जाते|हैं,|तो|वहा||से|“नमूने”|इकट्ठ||करने|पर|भी|आपक||बिना|किसी|चर|चा|के|बाहर|निका||दिया|जाता|है.","{""42"": ""अ|र|आप|किसी|औपचा|ि|क|रूप|से|व्यवस|थि|त|बगीचे|में|जाते|हैं,|तो|वहा||से|“नमूने”|इकट्ठ||करने|पर|भी|आपक||बिना|किसी|चर|चा|के|बाहर|निका||दिया|जाता|है."", ""43"": ""अग||आप|किस||औपचा|ि|क|रूप|से|व्यवस|थि|त|बगीच||में|जाते|हैं,|तो|वहा||से|“नमून|”|इकट|ठे|करने|पर|भी|आपको|बिना|किसी|चर|चा|के|बाहर|निका||दिया|जाता|है."", ""44"": ""अ|र|आप|किसी|औपचा|ि|क|रूप|से|व्यवस|थि|त|बगीचे|में|जाते|हैं,|तो|वहा||से|“नम|न|”|इकट्ठ||करने|पर|भी|आपको|बिना|किसी|चर|चा|के|बाहर|निका||दिया|जाता|है."", ""45"": ""अ|र|आप|किसी|औपचा|ि|क|रूप|से|व्यवस|थि|त|बगीचे|में|जाते|हैं,|तो|वहा||से|“नमून|”|इकट्ठे|करने|पर|भी|आपको|बिना|किसी|चर|चा|के|बाहर|निका||दिया|जाता|है."", ""46"": ""अ|र|आप|किस||औपचा|िक|रूप|से|व्यवस|थि|त|बगीचे|में|जाते|हैं,|तो|वहा||से|“|नमून|”|इकट|ठ||करने|पर|भी|आपको|बिना|किसी|चर|चा|के|बाहर|निका||दिया|जाता|है.""}"
hi,"अगर आप कुछ छोटी लेकिन पौष्टिक पेस्ट्रीज़ चाहते हैं, तो आप क्षेत्र के आधार पर बर्लिनर, पेनकेक्स या कैफ़्रेन आज़मा सकते हैं",1,1,5,5,True,"à¤ħà¤Ĺà¤°|Ġà¤Ĩà¤ª|Ġà¤ķ|à¥ģà¤Ľ|Ġà¤Ľ|à¥ĭà¤Ł|à¥Ģ|Ġà¤²|à¥ĩà¤ķ|à¤¿à¤¨|Ġà¤ª|à¥Į|à¤·|à¥įà¤Ł|à¤¿à¤ķ|Ġà¤ª|à¥ĩà¤¸|à¥įà¤Ł|à¥įà¤°|à¥Ģà¤ľ|à¤¼|Ġà¤ļ|à¤¾à¤¹à¤¤|à¥ĩ|Ġà¤¹|à¥Īà¤Ĥ,|Ġà¤¤|à¥ĭ|Ġà¤Ĩà¤ª|Ġà¤ķ|à¥įà¤·|à¥ĩà¤¤|à¥įà¤°|Ġà¤ķ|à¥ĩ|Ġà¤Ĩà¤§|à¤¾à¤°|Ġà¤ªà¤°|Ġà¤¬à¤°|à¥įà¤²|à¤¿à¤¨à¤°|,|Ġà¤ª|à¥ĩà¤¨|à¤ķ|à¥ĩà¤ķ|à¥įà¤¸|Ġà¤¯|à¤¾|Ġà¤ķ|à¥Īà¤«|à¤¼à¥į|à¤°|à¥ĩà¤¨|Ġà¤Ĩà¤ľ|à¤¼à¤®|à¤¾|Ġà¤¸à¤ķà¤¤|à¥ĩ|Ġà¤¹|à¥Īà¤Ĥ","अ|र|आप|कुछ|छोटी|लेकिन|पौष|टि|क|पेस|ट|र|ज़|चा|ते|हैं,|तो|आप|क्ष|त्र|के|आधा||पर|बर|लिनर,|पेनक|क|स|या|कैफ़|र|न|आज़मा|सकते|हैं","{""42"": ""अ|र|आप|कुछ|छोटी|लेकिन|पौष|टि|क|पेस|ट|र|ज़|चा|ते|हैं,|तो|आप|क्ष|त्र|के|आधा||पर|बर|लिनर,|पेनक|क|स|या|कैफ़|र|न|आज़मा|सकते|हैं"", ""43"": ""अ|र|आप|कुछ|छोटी|लेकिन|पौष्टि|क|पेस्ट|र|ज़|चा|ते|हैं,|तो|आप|क्ष|त्र|के|आधा||पर|बर|लि|नर,|पेनक|क|स|या|कैफ़|र|न|आज़मा|सकते|हैं"", ""44"": ""अ|र|आप|कुछ|छोटी|लेकिन|पौष|टि|क|पेस्ट|र|ज़|चा|ते|हैं,|तो|आप|क्ष|त्र|के|आधा||पर|बर|लि|नर,|पेनक|क|स|या|कैफ़|र|न|आज़मा|सकते|हैं"", ""45"": ""अ|र|आप|कुछ|छोटी|लेकि|न|पौष|टि|क|पेस्ट|र|ज़|चा|ते|हैं,|तो|आप|क्ष|त्र|के|आधा||पर|बर|लिनर,|पेनक|क|स|या|कैफ़|र|न|आज़मा|सकते|हैं"", ""46"": ""अ|र|आप|कुछ|छोटी|लेकिन|पौष|टि|क|पेस्ट|र|ज़|चा|ते|हैं,|तो|आप|क्ष|त|र|के|आधा||पर|बर्लिनर,|पेनक|क|स|या|कैफ़|र|न|आज़मा|सकते|हैं""}"
hi,"अगर आप ज़्यादा उत्साही महसूस कर रहे हैं, तो कूछ स्मूदी का जूस बनाने या ब्लेंड करने का अवसर उठाएँ:",1,1,5,5,True,"à¤ħà¤Ĺà¤°|Ġà¤Ĩà¤ª|Ġà¤ľ|à¤¼à¥į|à¤¯|à¤¾à¤¦|à¤¾|Ġà¤īà¤¤|à¥įà¤¸|à¤¾à¤¹|à¥Ģ|Ġà¤®à¤¹à¤¸|à¥Ĥà¤¸|Ġà¤ķà¤°|Ġà¤°à¤¹|à¥ĩ|Ġà¤¹|à¥Īà¤Ĥ,|Ġà¤¤|à¥ĭ|Ġà¤ķ|à¥Ĥà¤Ľ|Ġà¤¸|à¥įà¤®|à¥Ĥà¤¦|à¥Ģ|Ġà¤ķ|à¤¾|Ġà¤ľ|à¥Ĥà¤¸|Ġà¤¬à¤¨|à¤¾à¤¨|à¥ĩ|Ġà¤¯|à¤¾|Ġà¤¬|à¥įà¤²|à¥ĩà¤Ĥ|à¤¡|Ġà¤ķà¤°à¤¨|à¥ĩ|Ġà¤ķ|à¤¾|Ġà¤ħà¤µà¤¸à¤°|Ġà¤īà¤ł|à¤¾à¤ı|à¤ģ|:","अ|||आप|ज़्या|ा|उत|सा|ी|महस|स|कर|रहे|हैं,|तो|कूछ|स्म|द||का|जूस|बना|े|या|ब्ल|ंड|करने|का|अवसर|उठा|ँ:","{""42"": ""अ|||आप|ज़्या|ा|उत|सा|ी|महस|स|कर|रहे|हैं,|तो|कूछ|स्म|द||का|जूस|बना|े|या|ब्ल|ंड|करने|का|अवसर|उठा|ँ:"", ""43"": ""अग||आप|ज़्या|ा|उत|सा|ी|महस|स|कर|रहे|हैं,|तो|कूछ|स्म|द||का|जूस|बना|े|या|ब्ल|ंड|करने|का|अवसर|उठा|ँ:"", ""44"": ""अ|र|आप|ज़्या|ा|उत|स||ी|महस|स|कर|रहे|हैं,|तो|कूछ|स्म|द||का|जूस|बना|े|या|ब्ल|ंड|करने|का|अवसर|उठा|ँ:"", ""45"": ""अ|र|आप|ज़्या|ा|उत|सा|ी|महस|स|कर|रहे|हैं,|तो|कूछ|स्म|द||का|जूस|बना|े|या|ब्ल|ंड|करने|का|अवसर|उठा|ँ:"", ""46"": ""अ|||आप|ज़्या|ा|उत|सा|ी|महसूस|कर|रहे|हैं,|तो|कूछ|स्म|द||का|जूस|बना|े|या|ब्ल|ंड|करने|का|अवसर|उठा|ँ:""}"
hi,"अगर आप दुनिया को अपनी ज़रूरतों, लाइफ़ स्टाइल या चैलेंज के हिसाब से किफ़ायती कीमत पर देखना चाहते हैं, तो इसके कुछ तरीके हैं.",1,1,5,5,True,"à¤ħà¤Ĺà¤°|Ġà¤Ĩà¤ª|Ġà¤¦|à¥ģà¤¨|à¤¿à¤¯|à¤¾|Ġà¤ķ|à¥ĭ|Ġà¤ħà¤ªà¤¨|à¥Ģ|Ġà¤ľ|à¤¼à¤°|à¥Ĥà¤°à¤¤|à¥ĭà¤Ĥ,|Ġà¤²|à¤¾à¤ĩà¤«|à¤¼|Ġà¤¸|à¥įà¤Ł|à¤¾à¤ĩà¤²|Ġà¤¯|à¤¾|Ġà¤ļ|à¥Īà¤²|à¥ĩà¤Ĥ|à¤ľ|Ġà¤ķ|à¥ĩ|Ġà¤¹|à¤¿à¤¸|à¤¾à¤¬|Ġà¤¸|à¥ĩ|Ġà¤ķ|à¤¿à¤«|à¤¼à¤¾|à¤¯|à¤¤|à¥Ģ|Ġà¤ķ|à¥Ģà¤®à¤¤|Ġà¤ªà¤°|Ġà¤¦|à¥ĩà¤ĸà¤¨|à¤¾|Ġà¤ļ|à¤¾à¤¹à¤¤|à¥ĩ|Ġà¤¹|à¥Īà¤Ĥ,|Ġà¤¤|à¥ĭ|Ġà¤ĩà¤¸à¤ķ|à¥ĩ|Ġà¤ķ|à¥ģà¤Ľ|Ġà¤¤à¤°|à¥Ģà¤ķ|à¥ĩ|Ġà¤¹|à¥Īà¤Ĥ.","अ|र|आप|दुनिया|को|अपनी|ज़र|रत|ं,|ला|फ़|स्टा|ल|या|चैल|ंज|के|हिसा||से|किफ़ा|त||कीमत|पर|देखना|चा|ते|हैं,|तो|इसके|कुछ|तर|के|हैं.","{""42"": ""अ|र|आप|दुनिया|को|अपनी|ज़र|रत|ं,|ला|फ़|स्टा|ल|या|चैल|ंज|के|हिसा||से|किफ़ा|त||कीमत|पर|देखना|चा|ते|हैं,|तो|इसके|कुछ|तर|के|हैं."", ""43"": ""अ|||आप|दुनिया|को|अपन||ज़र|रत|ं,|ला|फ़|स्टा|ल|या|चैल|ंज|के|हिसा||से|किफ़ा|ती|कीमत|पर|देखना|चा|ते|हैं,|तो|इसक||कुछ|तर|के|हैं."", ""44"": ""अगर|आप|दुनिया|को|अपनी|ज़र|रत|ं,|ला|फ़|स्टा|ल|या|चैल|ंज|के|हिसा||से|किफ़ा|त||कीमत|पर|देखना|चा|ते|हैं,|तो|इसके|कुछ|तर|के|हैं."", ""45"": ""अ|र|आप|दुनिया|को|अपनी|ज़र|रत|ं,|ला|फ़|स्टा|ल|या|चैलेंज|के|हिसा||से|किफ़ा|त||कीमत|पर|देखना|चा|ते|हैं,|तो|इसक||कुछ|तर|क||हैं."", ""46"": ""अ|र|आप|दुनिया|को|अपनी|ज़र|रत|ं,|ला|फ़|स्टा|ल|या|चैल|ंज|के|हिसा||से|किफ़ा|त||कीमत|पर|देखना|चा|ते|हैं,|तो|इसके|कुछ|तर|क||हैं.""}"
hi,"अगर आप पूरी तरह से दक्षिणी गोलार्ध में दुनिया भर में उड़ना चाहते हैं, तो ट्रांसओशनिक रूट की कमी के वजह से उड़ानों और डेस्टिनेशन के विकल्प सीमित हैं.",1,1,5,5,True,"à¤ħà¤Ĺà¤°|Ġà¤Ĩà¤ª|Ġà¤ª|à¥Ĥà¤°|à¥Ģ|Ġà¤¤à¤°à¤¹|Ġà¤¸|à¥ĩ|Ġà¤¦à¤ķ|à¥įà¤·|à¤¿à¤£|à¥Ģ|Ġà¤Ĺ|à¥ĭà¤²|à¤¾à¤°|à¥įà¤§|Ġà¤®|à¥ĩà¤Ĥ|Ġà¤¦|à¥ģà¤¨|à¤¿à¤¯|à¤¾|Ġà¤Ńà¤°|Ġà¤®|à¥ĩà¤Ĥ|Ġà¤īà¤¡|à¤¼à¤¨|à¤¾|Ġà¤ļ|à¤¾à¤¹à¤¤|à¥ĩ|Ġà¤¹|à¥Īà¤Ĥ,|Ġà¤¤|à¥ĭ|Ġà¤Ł|à¥įà¤°|à¤¾à¤Ĥ|à¤¸|à¤ĵ|à¤¶à¤¨|à¤¿à¤ķ|Ġà¤°|à¥Ĥà¤Ł|Ġà¤ķ|à¥Ģ|Ġà¤ķà¤®|à¥Ģ|Ġà¤ķ|à¥ĩ|Ġà¤µà¤ľà¤¹|Ġà¤¸|à¥ĩ|Ġà¤īà¤¡|à¤¼à¤¾|à¤¨|à¥ĭà¤Ĥ|Ġà¤Ķà¤°|Ġà¤¡|à¥ĩà¤¸|à¥įà¤Ł|à¤¿à¤¨|à¥ĩà¤¶à¤¨|Ġà¤ķ|à¥ĩ|Ġà¤µ|à¤¿à¤ķà¤²|à¥įà¤ª|Ġà¤¸|à¥Ģà¤®|à¤¿à¤¤|Ġà¤¹|à¥Īà¤Ĥ.","अ|||आप|पूर||तरह|से|दक्षि|णी|गोला|्ध|में|दुनिया|भर|में|उड़ना|चा|ते|हैं,|तो|ट्रा|सओशनि|क|रूट|की|कमी|के|वजह|से|उड़ा|ों|और|डेस|टि|न||न|के|विकल|प|सीमि|त|हैं.","{""42"": ""अ|||आप|पूर||तरह|से|दक्षि|णी|गोला|्ध|में|दुनिया|भर|में|उड़ना|चा|ते|हैं,|तो|ट्रा|सओशनि|क|रूट|की|कमी|के|वजह|से|उड़ा|ों|और|डेस|टि|न||न|के|विकल|प|सीमि|त|हैं."", ""43"": ""अगर|आप|पूर||तरह|से|दक्षि|णी|गोला|्ध|में|दुनिया|भर|में|उड़ना|चा|ते|है|,|तो|ट्रा|सओशन|क|रूट|की|कमी|के|वजह|से|उड़ा|ों|और|डेस|टि|न||न|के|विकल|प|सीमि|त|हैं."", ""44"": ""अ|र|आप|पूर||तरह|से|दक्षि|ण||गोला|्ध|में|दुनिया|भर|में|उड़ना|चा|ते|हैं,|तो|ट्रा|सओशनि|क|रूट|की|कमी|के|वजह|से|उड़ा|ों|और|डेस्टि|न|श||के|विकल|प|सीमि|त|हैं."", ""45"": ""अ|र|आप|पूर||तरह|से|दक्षि|ण||गोला|्ध|में|दुनिया|भर|में|उड़ना|चा|ते|हैं,|तो|ट्रा|सओशनि|क|रूट|की|कमी|के|वजह|से|उड़ा|ो||और|डेस|टि|न||||के|विकल|प|सीमि|त|हैं."", ""46"": ""अ|र|आप|पूर||तरह|से|दक्षि|णी|गोला|्ध|में|दुनिया|भर|में|उड़ना|चा|ते|हैं,|तो|ट्रा|सओशनि|क|रूट|की|कमी|के|वजह|से|उड़ा|ों|और|डेस|टि|ने|न|के|विकल|प|सीमि|त|हैं.""}"
hi,"अगर आप यह सीखना चाहते हैं कि बूमरैंग कैसे फेंका जाता है, तो आपके पास वापस आने वाला सही बूमरैंग होना चाहिए.",1,1,5,5,True,"à¤ħà¤Ĺà¤°|Ġà¤Ĩà¤ª|Ġà¤¯à¤¹|Ġà¤¸|à¥Ģà¤ĸà¤¨|à¤¾|Ġà¤ļ|à¤¾à¤¹à¤¤|à¥ĩ|Ġà¤¹|à¥Īà¤Ĥ|Ġà¤ķ|à¤¿|Ġà¤¬|à¥Ĥà¤®|à¤°|à¥Īà¤Ĥ|à¤Ĺ|Ġà¤ķ|à¥Īà¤¸|à¥ĩ|Ġà¤«|à¥ĩà¤Ĥ|à¤ķ|à¤¾|Ġà¤ľ|à¤¾à¤¤|à¤¾|Ġà¤¹|à¥Ī,|Ġà¤¤|à¥ĭ|Ġà¤Ĩà¤ªà¤ķ|à¥ĩ|Ġà¤ª|à¤¾à¤¸|Ġà¤µ|à¤¾à¤ªà¤¸|Ġà¤Ĩà¤¨|à¥ĩ|Ġà¤µ|à¤¾à¤²|à¤¾|Ġà¤¸à¤¹|à¥Ģ|Ġà¤¬|à¥Ĥà¤®|à¤°|à¥Īà¤Ĥ|à¤Ĺ|Ġà¤¹|à¥ĭà¤¨|à¤¾|Ġà¤ļ|à¤¾à¤¹|à¤¿à¤ı|.","अ|र|आप|यह|सीखना|चा|ते|हैं|कि|बूमर|ंग|कैसे|फें|ा|जाता|है,|तो|आपक||पा||वा|स|आने|वा|ा|सही|बूमर|ंग|होना|चा|िए.","{""42"": ""अ|र|आप|यह|सीखना|चा|ते|हैं|कि|बूमर|ंग|कैसे|फें|ा|जाता|है,|तो|आपक||पा||वा|स|आने|वा|ा|सही|बूमर|ंग|होना|चा|िए."", ""43"": ""अगर|आप|यह|सीखना|चा|ते|हैं|कि|बूमर||ग|कैसे|फें|ा|जाता|है,|तो|आपक||पा||वा|स|आने|वा|ा|सही|बूमर|ंग|होना|चा|िए."", ""44"": ""अ|र|आप|यह|सीखना|चा|ते|हैं|कि|बूमर|ंग|कैसे|फें|ा|जाता|है,|तो|आपके|पा||वा|स|आने|वा|ा|सही|बूमर|ंग|होना|चा|िए."", ""45"": ""अ|र|आप|यह|सीखना|चा|ते|हैं|कि|बूमर|ंग|कैस||फें|ा|जाता|है,|तो|आपके|पा||वा|स|आने|वा|ा|सही|बूमर|ंग|होना|चा|िए."", ""46"": ""अ|||आप|यह|सीखना|चा|ते|हैं|कि|बूमर|ंग|कैसे|फें|ा|जाता|है,|तो|आपके|पा||वा|स|आने|वा|ा|सही|बूमर|ंग|होना|चा|िए.""}"
hi,"अगर आप सर्दियों में उत्तरी बाटलिक को पार करते हैं, तो आपको केबिन स्थान की जांच करनी होगी , क्योंकि क्योंकि जो लोग ज्यादा प्रभावित है उन्हें बर्फ से गुजरने पर काफी भयानक शोर महसूस होगा ।",1,1,5,5,True,"à¤ħà¤Ĺà¤°|Ġà¤Ĩà¤ª|Ġà¤¸à¤°|à¥įà¤¦|à¤¿à¤¯|à¥ĭà¤Ĥ|Ġà¤®|à¥ĩà¤Ĥ|Ġà¤īà¤¤|à¥įà¤¤à¤°|à¥Ģ|Ġà¤¬|à¤¾à¤Ł|à¤²|à¤¿à¤ķ|Ġà¤ķ|à¥ĭ|Ġà¤ª|à¤¾à¤°|Ġà¤ķà¤°à¤¤|à¥ĩ|Ġà¤¹|à¥Īà¤Ĥ,|Ġà¤¤|à¥ĭ|Ġà¤Ĩà¤ªà¤ķ|à¥ĭ|Ġà¤ķ|à¥ĩà¤¬|à¤¿à¤¨|Ġà¤¸|à¥įà¤¥|à¤¾à¤¨|Ġà¤ķ|à¥Ģ|Ġà¤ľ|à¤¾à¤Ĥ|à¤ļ|Ġà¤ķà¤°à¤¨|à¥Ģ|Ġà¤¹|à¥ĭà¤Ĺ|à¥Ģ|Ġ,|Ġà¤ķ|à¥įà¤¯|à¥ĭà¤Ĥ|à¤ķ|à¤¿|Ġà¤ķ|à¥įà¤¯|à¥ĭà¤Ĥ|à¤ķ|à¤¿|Ġà¤ľ|à¥ĭ|Ġà¤²|à¥ĭà¤Ĺ|Ġà¤ľ|à¥įà¤¯|à¤¾à¤¦|à¤¾|Ġà¤ª|à¥įà¤°à¤Ń|à¤¾à¤µ|à¤¿à¤¤|Ġà¤¹|à¥Ī|Ġà¤īà¤¨|à¥įà¤¹|à¥ĩà¤Ĥ|Ġà¤¬à¤°|à¥įà¤«|Ġà¤¸|à¥ĩ|Ġà¤Ĺ|à¥ģà¤ľà¤°à¤¨|à¥ĩ|Ġà¤ªà¤°|Ġà¤ķ|à¤¾à¤«|à¥Ģ|Ġà¤Ńà¤¯|à¤¾à¤¨à¤ķ|Ġà¤¶|à¥ĭà¤°|Ġà¤®à¤¹à¤¸|à¥Ĥà¤¸|Ġà¤¹|à¥ĭà¤Ĺ|à¤¾|Ġà¥¤","अ|र|आप|सर|दियों|में|उत|तर||बाटलि|क|को|पा||करते|हैं,|तो|आपक||केबिन|स्था||की|जांच|करनी|होगी|,|क्योंकि||क्योंकि|जो|लोग|ज्या|ा|प्रभा|ि|त|है|उन्ह|ं|बर|फ|से|गुजरन||पर|का|ी|भया|क|शोर|महस|स|होगा|।","{""42"": ""अ|र|आप|सर|दियों|में|उत|तर||बाटलि|क|को|पा||करते|हैं,|तो|आपक||केबिन|स्था||की|जांच|करनी|होगी|,|क्योंकि||क्योंकि|जो|लोग|ज्या|ा|प्रभा|ि|त|है|उन्ह|ं|बर|फ|से|गुजरन||पर|का|ी|भया|क|शोर|महस|स|होगा|।"", ""43"": ""अ|र|आप|सर|दि|यों|में|उत|तर||बाटलि|क|को|पा||करते|हैं,|तो|आपको|केबिन|स्था||की|जांच|करनी|होगी|,|क्योंकि||क्य|ंकि|जो|लोग|ज्या|ा|प्रभा|ि|त|है|उन्ह|ं|बर|फ|से|गुजरने|पर|का|ी|भया|क|शोर|महस|स|होगा|।"", ""44"": ""अ|र|आप|सर|दि|यों|में|उत|तर||बा|लि|क|को|पा||करते|हैं,|तो|आपक||केबिन|स्था||की|जांच|करनी|होगी|,|क्योंकि|क्योंकि|जो|लोग|ज्या|ा|प्रभा|ि|त|है|उन्ह|ं|बर्फ|से|गुजरने|पर|का|ी|भया|क|शोर|महस|स|होगा|।"", ""45"": ""अगर|आप|सर|दियों|में|उत|तर||बा|लि|क|को|पा||करते|हैं,|तो|आपको|केबिन|स्था||की|जांच|करनी|होगी|,|क्योंकि||क्योंकि|जो|लोग|ज्या|ा|प्रभा|ि|त|है|उन्ह|ं|बर|फ|से|गुजरने|पर|का|ी|भया|क|शोर|महसूस|होगा|।"", ""46"": ""अग||आप|सर|दि|यों|में|उत|तर||बा|लि|क|को|पा||करते|हैं,|तो|आपको|केबि|न|स्था||की|जांच|करनी|होगी|,|क्योंकि|क्योंकि||जो|लोग|ज्या|ा|प्रभा|ि|त|है|उन्ह|ं|बर|फ|से|गुजरन||पर|का|ी|भया|क|शोर|महस|स|होगा|।""}"
hi,"अगर आपके पास एक बड़ी मिनीवैन, एसयूवी, सेडान या स्टेशन वैगन है, जिसमें सीटें नीचे की जा सकती हैं, तो कार कैंपिंग संभव है.",1,1,5,5,True,"à¤ħà¤Ĺà¤°|Ġà¤Ĩà¤ªà¤ķ|à¥ĩ|Ġà¤ª|à¤¾à¤¸|Ġà¤ıà¤ķ|Ġà¤¬à¤¡|à¤¼à¥Ģ|Ġà¤®|à¤¿à¤¨|à¥Ģà¤µ|à¥Īà¤¨|,|Ġà¤ıà¤¸|à¤¯|à¥Ĥà¤µ|à¥Ģ,|Ġà¤¸|à¥ĩà¤¡|à¤¾à¤¨|Ġà¤¯|à¤¾|Ġà¤¸|à¥įà¤Ł|à¥ĩà¤¶à¤¨|Ġà¤µ|à¥Īà¤Ĺ|à¤¨|Ġà¤¹|à¥Ī,|Ġà¤ľ|à¤¿à¤¸à¤®|à¥ĩà¤Ĥ|Ġà¤¸|à¥Ģà¤Ł|à¥ĩà¤Ĥ|Ġà¤¨|à¥Ģà¤ļ|à¥ĩ|Ġà¤ķ|à¥Ģ|Ġà¤ľ|à¤¾|Ġà¤¸à¤ķà¤¤|à¥Ģ|Ġà¤¹|à¥Īà¤Ĥ,|Ġà¤¤|à¥ĭ|Ġà¤ķ|à¤¾à¤°|Ġà¤ķ|à¥Īà¤Ĥ|à¤ª|à¤¿à¤Ĥ|à¤Ĺ|Ġà¤¸|à¤Ĥà¤Ńà¤µ|Ġà¤¹|à¥Ī.","अ|||आपके|पा||एक|बड़ी|मिनीव|न,|एसयूव|,|सेडा||या|स्ट|श||वैगन|है,|जिसम|ं|सीट|ं|नीच||की|जा|सकती|हैं,|तो|का||कैंपि|ंग|संभव|है.","{""42"": ""अ|||आपके|पा||एक|बड़ी|मिनीव|न,|एसयूव|,|सेडा||या|स्ट|श||वैगन|है,|जिसम|ं|सीट|ं|नीच||की|जा|सकती|हैं,|तो|का||कैंपि|ंग|संभव|है."", ""43"": ""अग||आपके|पा||एक|बड़ी|मिनीव|न,|एसयूव|,|सेडा||या|स्ट|श||वैगन|है,|जिसम|ं|सीट|ं|नीचे|की|जा|सकती|हैं,|तो|का||कैंपि|ंग|संभव|है."", ""44"": ""अ|र|आपके|पा||एक|बड़||मिनीव|न,|एसय|व|,|सेडा||या|स्ट|शन|वैगन|है,|जिसम|ं|सीट|ं|नीच||की|जा|सकती|हैं,|तो|का||कैंपि|ंग|संभव|है."", ""45"": ""अ|र|आपके|पा||एक|बड़ी|मिनीव|न,|एसयूव|,|सेडा||या|स्ट|शन|वैगन|है,|जिसम|ं|सीट|ं|नीच||की|जा|सकती|हैं,|तो|का||कैं|ि|ंग|संभव|है."", ""46"": ""अ|र|आपक||पा||एक|बड़ी|मिनीव|न,|एसय|व|,|सेडा||या|स्ट|शन|वैगन|है,|जिसम|ं|सीट|ं|नीच||की|जा|सकती|हैं,|तो|का||कैंपि|ंग|संभव|है.""}"
hi,"अगर आपके पास यात्रा करने के लिए ज़्यादा समय है, तो यह तुलना करके देखें कि अफ्रीका की यात्रा के किराए और वर्ल्ड-टूर के किराए में कितना अंतर है.",1,1,5,5,True,"à¤ħà¤Ĺà¤°|Ġà¤Ĩà¤ªà¤ķ|à¥ĩ|Ġà¤ª|à¤¾à¤¸|Ġà¤¯|à¤¾à¤¤|à¥įà¤°|à¤¾|Ġà¤ķà¤°à¤¨|à¥ĩ|Ġà¤ķ|à¥ĩ|Ġà¤²|à¤¿à¤ı|Ġà¤ľ|à¤¼à¥į|à¤¯|à¤¾à¤¦|à¤¾|Ġà¤¸à¤®à¤¯|Ġà¤¹|à¥Ī,|Ġà¤¤|à¥ĭ|Ġà¤¯à¤¹|Ġà¤¤|à¥ģà¤²à¤¨|à¤¾|Ġà¤ķà¤°à¤ķ|à¥ĩ|Ġà¤¦|à¥ĩà¤ĸ|à¥ĩà¤Ĥ|Ġà¤ķ|à¤¿|Ġà¤ħà¤«|à¥įà¤°|à¥Ģà¤ķ|à¤¾|Ġà¤ķ|à¥Ģ|Ġà¤¯|à¤¾à¤¤|à¥įà¤°|à¤¾|Ġà¤ķ|à¥ĩ|Ġà¤ķ|à¤¿à¤°|à¤¾à¤ı|Ġà¤Ķà¤°|Ġà¤µà¤°|à¥įà¤²|à¥įà¤¡|-à¤Ł|à¥Ĥà¤°|Ġà¤ķ|à¥ĩ|Ġà¤ķ|à¤¿à¤°|à¤¾à¤ı|Ġà¤®|à¥ĩà¤Ĥ|Ġà¤ķ|à¤¿à¤¤à¤¨|à¤¾|Ġà¤ħ|à¤Ĥà¤¤à¤°|Ġà¤¹|à¥Ī.","अ|र|आपके|पा||या|्रा|करन||के|लिए|ज़्या|ा|समय|है,|तो|यह|तुलना|करके|देखें|कि|अफ|र|का|की|या|्रा|के|किरा||और|वर|ल्ड-|टूर|के|किरा||में|कितना|अंतर|है.","{""42"": ""अ|र|आपके|पा||या|्रा|करन||के|लिए|ज़्या|ा|समय|है,|तो|यह|तुलना|करके|देखें|कि|अफ|र|का|की|या|्रा|के|किरा||और|वर|ल्ड-|टूर|के|किरा||में|कितना|अंतर|है."", ""43"": ""अगर|आपके|पा||या|्रा|करने|के|लिए|ज़्या|ा|समय|है,|तो|यह|तुलना|करक||देखें|कि|अफ्र|का|की|या|्रा|के|किरा||और|वर|ल्ड-|टूर|के|किरा||में|कितना|अंतर|है."", ""44"": ""अ|र|आपके|पा||या|्रा|करने|के|लिए|ज़्या|ा|समय|है,|तो|यह|तुलना|करके|देखें|कि|अफ्र|का|की|या|्रा|के|किरा||और|वर|ल|ड-|टूर|के|किरा||में|कितना|अंतर|है."", ""45"": ""अ|र|आपके|पा||या|्रा|करने|के|लिए|ज़्या|ा|समय|है,|तो|यह|तुलना|करके|देखें|कि|अफ्र|क||की|या|्रा|के|किरा||और|वर|ल|ड-|टूर|के|किरा||में|कितना|अंतर|है."", ""46"": ""अ|र|आपके|पा||या|्रा|करने|के|लिए|ज़्या|ा|समय|है,|तो|यह|तुलना|करके|देखें|कि|अफ्र|का|की|या|्रा|के|किरा||और|वर|ल्ड-|टूर|के|किरा||में|कितना|अंतर|है.""}"
hi,"अगर आपके फ़ोन में डेटा कनेक्शन नहीं है या जब वह आउट ऑफ़ रेंज होता है, तो उनका परफ़ॉर्मेंस सीमित या अनुपलब्ध हो सकता है.",1,1,5,5,True,"à¤ħà¤Ĺà¤°|Ġà¤Ĩà¤ªà¤ķ|à¥ĩ|Ġà¤«|à¤¼à¥ĭ|à¤¨|Ġà¤®|à¥ĩà¤Ĥ|Ġà¤¡|à¥ĩà¤Ł|à¤¾|Ġà¤ķà¤¨|à¥ĩà¤ķ|à¥įà¤¶à¤¨|Ġà¤¨à¤¹|à¥Ģà¤Ĥ|Ġà¤¹|à¥Ī|Ġà¤¯|à¤¾|Ġà¤ľà¤¬|Ġà¤µà¤¹|Ġà¤Ĩà¤īà¤Ł|Ġà¤ĳà¤«|à¤¼|Ġà¤°|à¥ĩà¤Ĥ|à¤ľ|Ġà¤¹|à¥ĭà¤¤|à¤¾|Ġà¤¹|à¥Ī,|Ġà¤¤|à¥ĭ|Ġà¤īà¤¨à¤ķ|à¤¾|Ġà¤ªà¤°à¤«|à¤¼à¥ī|à¤°|à¥įà¤®|à¥ĩà¤Ĥ|à¤¸|Ġà¤¸|à¥Ģà¤®|à¤¿à¤¤|Ġà¤¯|à¤¾|Ġà¤ħà¤¨|à¥ģà¤ª|à¤²à¤¬|à¥įà¤§|Ġà¤¹|à¥ĭ|Ġà¤¸à¤ķà¤¤|à¤¾|Ġà¤¹|à¥Ī.","अ|र|आपके|फ़ोन|में|डेटा|कनेक|शन|नहीं|है|या|जब वह|आउ|ट|ऑफ़|रेंज|होता|है,|तो|उनका|परफ़ॉर|मेंस|सीमि|त|या|अन|पलब|ध|हो|सकता|है.","{""42"": ""अ|र|आपके|फ़ोन|में|डेटा|कनेक|शन|नहीं|है|या|जब वह|आउ|ट|ऑफ़|रेंज|होता|है,|तो|उनका|परफ़ॉर|मेंस|सीमि|त|या|अन|पलब|ध|हो|सकता|है."", ""43"": ""अ|र|आपके|फ़ोन|में|डेटा|कनेक|शन|नहीं|है|या|जब वह|आउट|ऑफ़|रेंज|होता|है,|तो|उनका|परफ़|र|म|ंस|सीमि|त|या|अन|पलब|ध|हो|सकता|है."", ""44"": ""अ|र|आपक||फ़ो||में|डेटा|कनेक|शन|नहीं|है|या|जब वह|आउट|ऑफ़|रेंज|होता|है,|तो|उनका|परफ़ॉर|मेंस|सीमि|त|या|अनुपलब|ध|हो|सकता|है."", ""45"": ""अ|र|आपके|फ़ोन|में|डेटा|कनेक|शन|नहीं|है|या|जब वह|आउट|ऑफ़|रेंज|होता|है,|तो|उनका|परफ़ॉर|मेंस|सीमि|त|या|अनुपलब|ध|हो|सकता|है."", ""46"": ""अ|||आपके|फ़ोन|में|डेटा|कनेक|शन|नहीं|है|या|जब वह|आउट|ऑफ़|रेंज|होता|है,|तो|उनका|परफ़ॉ||मेंस|सीमि|त|या|अन|पलब|ध|हो|सकता|है.""}"
hi,"अगर आपने फ़िल्म नेशनल ट्रेज़र देखी है, तो आपको लगेगा कि स्वतंत्रता के घोषणा-पत्र के पीछे एक ख़ज़ाने का नक्शा लिखा गया था.",1,1,5,5,True,"à¤ħà¤Ĺà¤°|Ġà¤Ĩà¤ªà¤¨|à¥ĩ|Ġà¤«|à¤¼à¤¿|à¤²|à¥įà¤®|Ġà¤¨|à¥ĩà¤¶à¤¨à¤²|Ġà¤Ł|à¥įà¤°|à¥ĩà¤ľ|à¤¼à¤°|Ġà¤¦|à¥ĩà¤ĸ|à¥Ģ|Ġà¤¹|à¥Ī,|Ġà¤¤|à¥ĭ|Ġà¤Ĩà¤ªà¤ķ|à¥ĭ|Ġà¤²à¤Ĺ|à¥ĩà¤Ĺ|à¤¾|Ġà¤ķ|à¤¿|Ġà¤¸|à¥įà¤µà¤¤|à¤Ĥà¤¤|à¥įà¤°à¤¤|à¤¾|Ġà¤ķ|à¥ĩ|Ġà¤ĺ|à¥ĭà¤·à¤£|à¤¾-|à¤ªà¤¤|à¥įà¤°|Ġà¤ķ|à¥ĩ|Ġà¤ª|à¥Ģà¤Ľ|à¥ĩ|Ġà¤ıà¤ķ|Ġà¤ĸ|à¤¼à¤ľ|à¤¼à¤¾|à¤¨|à¥ĩ|Ġà¤ķ|à¤¾|Ġà¤¨à¤ķ|à¥įà¤¶|à¤¾|Ġà¤²|à¤¿à¤ĸ|à¤¾|Ġà¤Ĺà¤¯|à¤¾|Ġà¤¥|à¤¾.","अ|र|आपन||फ़िल|म|नेशनल|ट्र|ज़र|देखी|है,|तो|आपको|लगेगा|कि|स्वतंत|रता|के|घोषणा-|पत|र|के|पीछ||एक|ख़ज़ा|े|का|नक्शा|लिखा|गया|था.","{""42"": ""अ|र|आपन||फ़िल|म|नेशनल|ट्र|ज़र|देखी|है,|तो|आपको|लगेगा|कि|स्वतंत|रता|के|घोषणा-|पत|र|के|पीछ||एक|ख़ज़ा|े|का|नक्शा|लिखा|गया|था."", ""43"": ""अ|||आपने|फ़िल|म|नेशनल|ट्र|ज़र|देखी|है,|तो|आपक||लगेगा|कि|स्वतंत|रता|के|घोषणा-|पत|र|के|पीछे|एक|ख़ज़ा|े|का|नक्शा|लिखा|गया|था."", ""44"": ""अ|||आपने|फ़िल|म|नेशनल|ट्र|ज़र|देखी|है,|तो|आपको|लगेगा|कि|स्वतंत|रता|के|घोषणा-|पत|र|के|पीछ||एक|ख़ज़ा|े|का|नक्शा|लिखा|गया|था."", ""45"": ""अ|र|आपन||फ़ि||म|नेशनल|ट्र|ज़र|देखी|है,|तो|आपको|लगेगा|कि|स्वतं||रता|के|घोषणा-|पत|र|के|पीछे|एक|ख़ज़ा|े|का|नक्शा|लिखा|गया|था."", ""46"": ""अ|र|आपने|फ़िल|म|नेशनल|ट्र|ज़र|देख||है,|तो|आपको|लगेगा|कि|स्वतंत|रता|के|घोषणा-|पत|र|के|पीछे|एक|ख़ज़ा|े|का|नक्शा|लिखा|गया|था.""}"
hi,"अगर किसी चीज़ की फ़ोटो लेने की अनुमति नहीं है, तो आपको इसका वीडियो रिकॉर्ड करने के बारे में सोचना भी नहीं चाहिए.",1,1,5,5,True,"à¤ħà¤Ĺà¤°|Ġà¤ķ|à¤¿à¤¸|à¥Ģ|Ġà¤ļ|à¥Ģà¤ľ|à¤¼|Ġà¤ķ|à¥Ģ|Ġà¤«|à¤¼à¥ĭ|à¤Ł|à¥ĭ|Ġà¤²|à¥ĩà¤¨|à¥ĩ|Ġà¤ķ|à¥Ģ|Ġà¤ħà¤¨|à¥ģà¤®à¤¤|à¤¿|Ġà¤¨à¤¹|à¥Ģà¤Ĥ|Ġà¤¹|à¥Ī,|Ġà¤¤|à¥ĭ|Ġà¤Ĩà¤ªà¤ķ|à¥ĭ|Ġà¤ĩà¤¸à¤ķ|à¤¾|Ġà¤µ|à¥Ģà¤¡|à¤¿à¤¯|à¥ĭ|Ġà¤°|à¤¿à¤ķ|à¥īà¤°|à¥įà¤¡|Ġà¤ķà¤°à¤¨|à¥ĩ|Ġà¤ķ|à¥ĩ|Ġà¤¬|à¤¾à¤°|à¥ĩ|Ġà¤®|à¥ĩà¤Ĥ|Ġà¤¸|à¥ĭà¤ļà¤¨|à¤¾|Ġà¤Ń|à¥Ģ|Ġà¤¨à¤¹|à¥Ģà¤Ĥ|Ġà¤ļ|à¤¾à¤¹|à¤¿à¤ı|.","अ|र|किसी|चीज़|की|फ़ोट||लेने|की|अनुमति||नहीं|है,|तो|आपक||इसका|वीडि|यो|रिक|र|ड|करने|के|बारे|में|सोचन||भी|नहीं|चा|िए.","{""42"": ""अ|र|किसी|चीज़|की|फ़ोट||लेने|की|अनुमति||नहीं|है,|तो|आपक||इसका|वीडि|यो|रिक|र|ड|करने|के|बारे|में|सोचन||भी|नहीं|चा|िए."", ""43"": ""अ|र|किस||चीज़|की|फ़ोटो|लेने|की|अनुमति||नहीं|है,|तो|आपको|इसका|वीडियो|रिक|र|ड|करने|के|बारे|में|सोचना|भी|नहीं|चा|िए."", ""44"": ""अगर|किसी|चीज़|की|फ़ोटो|लेने|की|अनुमति||नहीं|है,|तो|आपको|इसका|वीडि|यो|रिक|र|ड|करने|के|बारे|में|सोचना|भी|नहीं|चा|िए."", ""45"": ""||||किसी|चीज़|की|फ़ोटो|लेने|की|अनुमति|नहीं|है,|तो|आपक||इसका|वीडि|यो|रिक|र|ड|करने|के|बारे|में|सोचना|भी|नहीं|चा|िए."", ""46"": ""अग||किसी|चीज़|की|फ़ो|||लेने|की|अन|मति||नहीं|है,|तो|आपको|इसका|वीडियो|रिक|र|ड|करने|के|बारे|में|सोचना|भी|नहीं|चा|िए.""}"
hi,"अगर कोई सवार घोड़े से फ़िंका जाता है लेकिन उसका पैर रकाब में फँस जाता है, तो घोड़े के भागने पर सवार खींचा जा सकता है. इस जोखिम को कम करने के लिए, कई सुरक्षा उपाय किए जा सकते हैं.",1,1,5,5,True,"à¤ħà¤Ĺà¤°|Ġà¤ķ|à¥ĭà¤Ī|Ġà¤¸à¤µ|à¤¾à¤°|Ġà¤ĺ|à¥ĭà¤¡|à¤¼à¥ĩ|Ġà¤¸|à¥ĩ|Ġà¤«|à¤¼à¤¿à¤Ĥ|à¤ķ|à¤¾|Ġà¤ľ|à¤¾à¤¤|à¤¾|Ġà¤¹|à¥Ī|Ġà¤²|à¥ĩà¤ķ|à¤¿à¤¨|Ġà¤īà¤¸à¤ķ|à¤¾|Ġà¤ª|à¥Īà¤°|Ġà¤°à¤ķ|à¤¾à¤¬|Ġà¤®|à¥ĩà¤Ĥ|Ġà¤«|à¤ģà¤¸|Ġà¤ľ|à¤¾à¤¤|à¤¾|Ġà¤¹|à¥Ī,|Ġà¤¤|à¥ĭ|Ġà¤ĺ|à¥ĭà¤¡|à¤¼à¥ĩ|Ġà¤ķ|à¥ĩ|Ġà¤Ń|à¤¾à¤Ĺà¤¨|à¥ĩ|Ġà¤ªà¤°|Ġà¤¸à¤µ|à¤¾à¤°|Ġà¤ĸ|à¥Ģà¤Ĥ|à¤ļ|à¤¾|Ġà¤ľ|à¤¾|Ġà¤¸à¤ķà¤¤|à¤¾|Ġà¤¹|à¥Ī.|Ġà¤ĩà¤¸|Ġà¤ľ|à¥ĭà¤ĸ|à¤¿à¤®|Ġà¤ķ|à¥ĭ|Ġà¤ķà¤®|Ġà¤ķà¤°à¤¨|à¥ĩ|Ġà¤ķ|à¥ĩ|Ġà¤²|à¤¿à¤ı|,|Ġà¤ķà¤Ī|Ġà¤¸|à¥ģà¤°à¤ķ|à¥įà¤·|à¤¾|Ġà¤īà¤ª|à¤¾à¤¯|Ġà¤ķ|à¤¿à¤ı|Ġà¤ľ|à¤¾|Ġà¤¸à¤ķà¤¤|à¥ĩ|Ġà¤¹|à¥Īà¤Ĥ.","अ|||कोई|सवा||घोड़||से|फ़िं|ा|जाता|है|लेकिन|उसका|पैर|रका||में|फँस|जाता|है,|तो|घोड़े|के|भागने|पर|सवा||खीं|ा|जा|सकता|है.|इस|जोखिम|को|कम|करने|के|लिए,|कई|सुरक|षा|उपा||किए|जा|सकते|हैं.","{""42"": ""अ|||कोई|सवा||घोड़||से|फ़िं|ा|जाता|है|लेकिन|उसका|पैर|रका||में|फँस|जाता|है,|तो|घोड़े|के|भागने|पर|सवा||खीं|ा|जा|सकता|है.|इस|जोखिम|को|कम|करने|के|लिए,|कई|सुरक|षा|उपा||किए|जा|सकते|हैं."", ""43"": ""अ|||कोई|सवा||घोड़े|से|फ़िंका|जाता|है|लेकिन|उसका|पैर|रका||में|फँस|जाता|है,|तो|घोड़||के|भा|ने|पर|सवा||खीं||ा|जा|सकता|है.|इस|जोखिम|को|कम|करने|के|लिए,|कई|सुरक|षा|उपा||किए|जा|सकते|हैं."", ""44"": ""अ|र|कोई|सवा||घोड़े|से|फ़िंका|जाता|है|लेकिन|उसका|पैर|रका||में|फँस|जाता|है,|तो|घोड़||के|भागने|पर|सवा||खींच|ा|जा|सकता|है.|इस|जोखि|म|को|कम|करने|के|लिए,|कई|सुरक|षा|उपा||किए|जा|सकते|हैं."", ""45"": ""अ|||कोई|सवा||घोड़े|से|फ़िं|ा|जाता|है|लेकिन|उसका|पैर|रका||में|फँस|जाता|है,|तो|घोड़|||के|भागने|पर|सवा||खीं||ा|जा|सकता|है.|इस|जोखि|म|को|कम|करने|के|लिए,|कई|सुरक|षा|उपा||किए|जा|सकते|हैं."", ""46"": ""अ|||कोई|सवा||घोड़े|से|फ़ि|का|जाता|है|लेकिन|उसका|पैर|रका||में|फँस|जाता|है,|तो|घोड़े|के|भागने|पर|सवा||खीं||ा|जा|सकता|है.|इस|जोखि|म|को|कम|करने|के|लिए,|कई|सुरक|षा|उपा||किए|जा|सकते|हैं.""}"
hi,"अगर गिरफ़्‍तार करने वाले अधिकारी द्वारा दर्ज किए गए आरोपों को औपचारिक रूप और अनुमति दी जाती है, तब आयुक्त जमानत प्रदान करता है. फिर आरोपों को राज्य की कंप्यूटर प्रणाली में दर्ज किया जाता है जहाँ मामले को ट्रैक किया जाता है.",1,1,5,5,True,"à¤ħà¤Ĺà¤°|Ġà¤Ĺ|à¤¿à¤°à¤«|à¤¼à¥į|âĢ|į|à¤¤|à¤¾à¤°|Ġà¤ķà¤°à¤¨|à¥ĩ|Ġà¤µ|à¤¾à¤²|à¥ĩ|Ġà¤ħà¤§|à¤¿à¤ķ|à¤¾à¤°|à¥Ģ|Ġà¤¦|à¥įà¤µ|à¤¾à¤°|à¤¾|Ġà¤¦à¤°|à¥įà¤ľ|Ġà¤ķ|à¤¿à¤ı|Ġà¤Ĺà¤ı|Ġà¤Ĩà¤°|à¥ĭà¤ª|à¥ĭà¤Ĥ|Ġà¤ķ|à¥ĭ|Ġà¤Ķà¤ªà¤ļ|à¤¾à¤°|à¤¿à¤ķ|Ġà¤°|à¥Ĥà¤ª|Ġà¤Ķà¤°|Ġà¤ħà¤¨|à¥ģà¤®à¤¤|à¤¿|Ġà¤¦|à¥Ģ|Ġà¤ľ|à¤¾à¤¤|à¥Ģ|Ġà¤¹|à¥Ī,|Ġà¤¤à¤¬|Ġà¤Ĩà¤¯|à¥ģà¤ķ|à¥įà¤¤|Ġà¤ľà¤®|à¤¾à¤¨à¤¤|Ġà¤ª|à¥įà¤°à¤¦|à¤¾à¤¨|Ġà¤ķà¤°à¤¤|à¤¾|Ġà¤¹|à¥Ī.|Ġà¤«|à¤¿à¤°|Ġà¤Ĩà¤°|à¥ĭà¤ª|à¥ĭà¤Ĥ|Ġà¤ķ|à¥ĭ|Ġà¤°|à¤¾à¤ľ|à¥įà¤¯|Ġà¤ķ|à¥Ģ|Ġà¤ķ|à¤Ĥà¤ª|à¥įà¤¯|à¥Ĥà¤Łà¤°|Ġà¤ª|à¥įà¤°à¤£|à¤¾à¤²|à¥Ģ|Ġà¤®|à¥ĩà¤Ĥ|Ġà¤¦à¤°|à¥įà¤ľ|Ġà¤ķ|à¤¿à¤¯|à¤¾|Ġà¤ľ|à¤¾à¤¤|à¤¾|Ġà¤¹|à¥Ī|Ġà¤ľà¤¹|à¤¾à¤ģ|Ġà¤®|à¤¾à¤®à¤²|à¥ĩ|Ġà¤ķ|à¥ĭ|Ġà¤Ł|à¥įà¤°|à¥Īà¤ķ|Ġà¤ķ|à¤¿à¤¯|à¤¾|Ġà¤ľ|à¤¾à¤¤|à¤¾|Ġà¤¹|à¥Ī.","अ|र|गिरफ़|‍ता||करने|वा|े|अधिक||ी|द्वा|ा|दर|ज|किए|गए|आर|पों|को|औपचा|ि|क|रूप|और|अनुमति||दी|जाती|है,|तब|आयुक|त|जमा|त|प्रदा||करता|है.|फिर|आर|पों|को|रा|्य|की|कंप|य|टर|प्रणा|ी|में|दर|ज|किया|जाता|है|जहा||मा|ले|को|ट्र|क|किया|जाता|है.","{""42"": ""अ|र|गिरफ़|‍ता||करने|वा|े|अधिक||ी|द्वा|ा|दर|ज|किए|गए|आर|पों|को|औपचा|ि|क|रूप|और|अनुमति||दी|जाती|है,|तब|आयुक|त|जमा|त|प्रदा||करता|है.|फिर|आर|पों|को|रा|्य|की|कंप|य|टर|प्रणा|ी|में|दर|ज|किया|जाता|है|जहा||मा|ले|को|ट्र|क|किया|जाता|है."", ""43"": ""अ|र|गिरफ़|‍ता||करने|वा|े|अधिका|ी|द्वा|ा|दर|ज|किए|गए|आर|प|ं|को|औपचा|िक|रूप|और|अन|मति||दी|जाती|है,|तब|आयुक|त|जमा|त|प्रदा||करता|है.|फिर|आर|पों|को|रा|्य|की|कंप|य|टर|प्रणा|ी|में|दर|ज|किया|जाता|है|जहा||मा|ले|को|ट्र|क|किया|जाता|है."", ""44"": ""अ|र|गिरफ़|‍ता||करने|वा|े|अधिका|ी|द्वा|ा|दर|ज|किए|गए|आर|प|ं|को|औपचा|ि|क|रूप|और|अनुमति||दी|जाती|है,|तब|आयुक|त|जमा|त|प्रदा||करता|है.|फिर|आर|पों|को|रा|्य|की|कंप|य|टर|प्रणा|ी|में|दर|ज|किया|जाता|है|जहा||मा|ले|को|ट्र|क|किया|जाता|है."", ""45"": ""अ|र|गिरफ़्‍ता||करने|वा|े|अधिका|ी|द्वा|ा|दर|ज|किए|गए|आर|पों|को|औपचा|ि|क|रूप|और|अन|मति||दी|जाती|है,|तब|आयुक|त|जमा|त|प्रदा||करता|है.|फिर|आर|पों|को|रा|्य|की|कंप|य|टर|प्रणा|ी|में|दर|ज|किया|जाता|है|जहा||मा|ले|को|ट्र|क|किया|जाता|है."", ""46"": ""अग||गिरफ़|‍ता||करने|वा|े|अधिका|ी|द्वा|ा|दर|ज|किए|गए|आर|पों|को|औपचा|ि|क|रूप|और|अन|मति||दी|जाती|है,|तब|आयुक्त|जमा|त|प्रदा||करता|है.|फिर|आर|पों|को|रा|्य|की|कंप|य|टर|प्रणा|ी|में|दर|ज|किया|जाता|है|जहा||मा|ले|को|ट्र|क|किया|जाता|है.""}"
hi,"अगर ड्रोन का इस्तेमाल कर रहे हैं, तो पहले ही अच्छी तरह जाँच लें कि आपको क्या फ़िल्म बनाने की अनुमति है और किस परमिट या अतिरिक्त लाइसेंस की ज़रूरत है.",1,1,5,5,True,"à¤ħà¤Ĺà¤°|Ġà¤¡|à¥įà¤°|à¥ĭà¤¨|Ġà¤ķ|à¤¾|Ġà¤ĩà¤¸|à¥įà¤¤|à¥ĩà¤®|à¤¾à¤²|Ġà¤ķà¤°|Ġà¤°à¤¹|à¥ĩ|Ġà¤¹|à¥Īà¤Ĥ,|Ġà¤¤|à¥ĭ|Ġà¤ªà¤¹à¤²|à¥ĩ|Ġà¤¹|à¥Ģ|Ġà¤ħà¤ļ|à¥įà¤Ľ|à¥Ģ|Ġà¤¤à¤°à¤¹|Ġà¤ľ|à¤¾à¤ģ|à¤ļ|Ġà¤²|à¥ĩà¤Ĥ|Ġà¤ķ|à¤¿|Ġà¤Ĩà¤ªà¤ķ|à¥ĭ|Ġà¤ķ|à¥įà¤¯|à¤¾|Ġà¤«|à¤¼à¤¿|à¤²|à¥įà¤®|Ġà¤¬à¤¨|à¤¾à¤¨|à¥ĩ|Ġà¤ķ|à¥Ģ|Ġà¤ħà¤¨|à¥ģà¤®à¤¤|à¤¿|Ġà¤¹|à¥Ī|Ġà¤Ķà¤°|Ġà¤ķ|à¤¿à¤¸|Ġà¤ªà¤°à¤®|à¤¿à¤Ł|Ġà¤¯|à¤¾|Ġà¤ħà¤¤|à¤¿à¤°|à¤¿à¤ķ|à¥įà¤¤|Ġà¤²|à¤¾à¤ĩà¤¸|à¥ĩà¤Ĥ|à¤¸|Ġà¤ķ|à¥Ģ|Ġà¤ľ|à¤¼à¤°|à¥Ĥà¤°à¤¤|Ġà¤¹|à¥Ī.","अग||ड्र|न|का|इस्त|मा||कर|रहे|हैं,|तो|पहल||ही|अच्छ||तरह|जाँच|लें|कि|आपको|क्या|फ़िल|म|बना|े|की|अनुमति|है|और|किस|परमि|ट|या|अतिरि|क|त|ला|सेंस|की|ज़र|रत|है.","{""42"": ""अग||ड्र|न|का|इस्त|मा||कर|रहे|हैं,|तो|पहल||ही|अच्छ||तरह|जाँच|लें|कि|आपको|क्या|फ़िल|म|बना|े|की|अनुमति|है|और|किस|परमि|ट|या|अतिरि|क|त|ला|सेंस|की|ज़र|रत|है."", ""43"": ""अ|र|ड्र|न|का|इस्त|मा||कर|रहे|हैं,|तो|पहले|ही|अच्छ||तरह|जाँच|लें|कि|आपको|क्या|फ़िल|म|बना|े|की|अन|मति||है|और|किस|परमि|ट|या|अतिरिक|त|ला|सेंस|की|ज़र|रत|है."", ""44"": ""अ|र|ड्र|न|का|इस्त|मा||कर|रहे|हैं,|तो|पहले|ही|अच्छ||तरह|जाँच|लें|कि|आपको|क्या|फ़िल|म|बना|े|की|अनुमति|है|और|किस|परमि|ट|या|अतिरिक|त|ला|सेंस|की|ज़र|रत|है."", ""45"": ""अ|र|ड्र|न|का|इस्त|मा||कर|रहे|हैं,|तो|पहले|ही|अच्छ||तरह|जाँच|लें|कि|आपको|क्या|फ़िल|म|बना|े|की|अनुमति||है|और|किस|परमि|ट|या|अतिरिक|त|ला|सेंस|की|ज़र|रत|है."", ""46"": ""अ|||ड्र|न|का|इस्त|मा||कर|रहे|हैं,|तो|पहल||ही|अच्छ||तरह|जाँच|लें|कि|आपको|क्या|फ़िल|म|बना|े|की|अनुमति|है|और|किस|परमि|ट|या|अतिरिक|त|ला|सेंस|की|ज़र|रत|है.""}"
hi,अगर पहली बार विकासशील देश में यात्रा कर रहे हैं - या दुनिया के एक नए हिस्से में - संभावित संस्कृति भिन्नता को कमतर कर के न आँकें।,1,1,5,5,True,à¤ħà¤Ĺà¤°|Ġà¤ªà¤¹à¤²|à¥Ģ|Ġà¤¬|à¤¾à¤°|Ġà¤µ|à¤¿à¤ķ|à¤¾à¤¸|à¤¶|à¥Ģà¤²|Ġà¤¦|à¥ĩà¤¶|Ġà¤®|à¥ĩà¤Ĥ|Ġà¤¯|à¤¾à¤¤|à¥įà¤°|à¤¾|Ġà¤ķà¤°|Ġà¤°à¤¹|à¥ĩ|Ġà¤¹|à¥Īà¤Ĥ|Ġ-|Ġà¤¯|à¤¾|Ġà¤¦|à¥ģà¤¨|à¤¿à¤¯|à¤¾|Ġà¤ķ|à¥ĩ|Ġà¤ıà¤ķ|Ġà¤¨à¤ı|Ġà¤¹|à¤¿à¤¸|à¥įà¤¸|à¥ĩ|Ġà¤®|à¥ĩà¤Ĥ|Ġ-|Ġà¤¸|à¤Ĥà¤Ń|à¤¾à¤µ|à¤¿à¤¤|Ġà¤¸|à¤Ĥà¤¸|à¥įà¤ķ|à¥ĥà¤¤|à¤¿|Ġà¤Ń|à¤¿à¤¨|à¥įà¤¨à¤¤|à¤¾|Ġà¤ķ|à¥ĭ|Ġà¤ķà¤®|à¤¤à¤°|Ġà¤ķà¤°|Ġà¤ķ|à¥ĩ|Ġà¤¨|Ġà¤Ĩ|à¤ģ|à¤ķ|à¥ĩà¤Ĥà¥¤,अ|र|पहली|बार|विका|शील|देश|में|या|्रा|कर|रहे|हैं|-|या|दुनिया|के|एक|नए|हिस्स||में|-|संभा|ि|त|संस्क|ति||भिन्नता|को|कमतर|कर|के|न आँक|ं।,"{""42"": ""अ|र|पहली|बार|विका|शील|देश|में|या|्रा|कर|रहे|हैं|-|या|दुनिया|के|एक|नए|हिस्स||में|-|संभा|ि|त|संस्क|ति||भिन्नता|को|कमतर|कर|के|न आँक|ं।"", ""43"": ""अ|||पहल||बार|विका|शील|देश|में|या|्रा|कर|रहे|हैं|-|या|दुनिया|के|एक|नए|हिस्स||में|-|संभा|ि|त|संस्क|ति|भिन|नता|को|कमतर|कर|के|न आँक|ं।"", ""44"": ""अ|||पहल||बार|विका|शील|देश|में|या|्रा|कर|रहे|हैं|-|या|दुनिया|के|एक|नए|हिस्स||में|-|संभा|ि|त|संस्क|ति||भिन्नता|को|कमतर|कर|के|न आँक|ं।"", ""45"": ""अ|र|पहल||बार|विका|शील|देश|में|या|्रा|कर|रहे|हैं|-|या|दुनिया|के|एक|नए|हिस्स||में|-|संभा|ि|त|संस्क|ति||भिन्नता|को|कमतर|कर|के|न आँक|ं|"", ""46"": ""अग||पहली|बार|विका|शील|देश|में|या|्रा|कर|रहे|हैं|-|या|दुनिया|के|एक|नए|हिस्स||में|-|संभा|ि|त|संस्क|ति|भिन्नता|को|कमतर|कर|के|न आँकें।""}"
hi,"अगर फ़्लैश न हो, तो यह कम रोशनी में सस्ते ज़ूम लेंस का इस्तेमाल करना कठिन बनाता है.",1,1,5,5,True,"à¤ħà¤Ĺà¤°|Ġà¤«|à¤¼à¥į|à¤²|à¥Īà¤¶|Ġà¤¨|Ġà¤¹|à¥ĭ,|Ġà¤¤|à¥ĭ|Ġà¤¯à¤¹|Ġà¤ķà¤®|Ġà¤°|à¥ĭà¤¶à¤¨|à¥Ģ|Ġà¤®|à¥ĩà¤Ĥ|Ġà¤¸à¤¸|à¥įà¤¤|à¥ĩ|Ġà¤ľ|à¤¼à¥Ĥ|à¤®|Ġà¤²|à¥ĩà¤Ĥ|à¤¸|Ġà¤ķ|à¤¾|Ġà¤ĩà¤¸|à¥įà¤¤|à¥ĩà¤®|à¤¾à¤²|Ġà¤ķà¤°à¤¨|à¤¾|Ġà¤ķà¤ł|à¤¿à¤¨|Ġà¤¬à¤¨|à¤¾à¤¤|à¤¾|Ġà¤¹|à¥Ī.","अगर|फ़्ल|श|न हो,|तो|यह|कम|रोशन||में|सस्त||ज़ूम|लेंस|का|इस्त|मा||करना|कठिन|बना|ा|है.","{""42"": ""अगर|फ़्ल|श|न हो,|तो|यह|कम|रोशन||में|सस्त||ज़ूम|लेंस|का|इस्त|मा||करना|कठिन|बना|ा|है."", ""43"": ""अगर|फ़्ल|||न हो,|तो|यह|कम|रोशन||में|सस्त||ज़ूम|लेंस|का|इस्त|मा||करना|कठि|न|बना|ा|है."", ""44"": ""अगर|फ़्ल|श|न हो,|तो|यह|कम|रोशन||में|सस्त||ज़ूम|लेंस|का|इस्त|मा||करना|कठि|न|बना|ा|है."", ""45"": ""अ|र|फ़्ल|श|न हो,|तो|यह|कम|रोशन||में|सस्त||ज़ूम|लेंस|का|इस्त|मा||करना|कठिन|बना|ा|है."", ""46"": ""अगर|फ़्ल|श|न हो,|तो|यह|कम|रोशनी|में|सस्त||ज़ूम|लेंस|का|इस्त|मा||करना|कठिन|बना|ा|है.""}"
hi,"अगर मित्र राष्ट्र विफल हो जाते, तो जर्मनी शायद ब्रिटेन को पराजित कर देता क्योंकि उसके पास शेष यूरोप था.",1,1,5,5,True,"à¤ħà¤Ĺà¤°|Ġà¤®|à¤¿à¤¤|à¥įà¤°|Ġà¤°|à¤¾à¤·|à¥įà¤Ł|à¥įà¤°|Ġà¤µ|à¤¿à¤«à¤²|Ġà¤¹|à¥ĭ|Ġà¤ľ|à¤¾à¤¤|à¥ĩ,|Ġà¤¤|à¥ĭ|Ġà¤ľà¤°|à¥įà¤®à¤¨|à¥Ģ|Ġà¤¶|à¤¾à¤¯à¤¦|Ġà¤¬|à¥įà¤°|à¤¿à¤Ł|à¥ĩà¤¨|Ġà¤ķ|à¥ĭ|Ġà¤ªà¤°|à¤¾à¤ľ|à¤¿à¤¤|Ġà¤ķà¤°|Ġà¤¦|à¥ĩà¤¤|à¤¾|Ġà¤ķ|à¥įà¤¯|à¥ĭà¤Ĥ|à¤ķ|à¤¿|Ġà¤īà¤¸à¤ķ|à¥ĩ|Ġà¤ª|à¤¾à¤¸|Ġà¤¶|à¥ĩà¤·|Ġà¤¯|à¥Ĥà¤°|à¥ĭà¤ª|Ġà¤¥|à¤¾.","अग||मित|र|रा|्ट्र|विफल|हो|जाते,|तो|जर|मन||शा|द|ब्रि|टेन|को|परा|ित|कर|देता|क्य|ंक|||उसके|पा||शेष|यूर|प|था.","{""42"": ""अग||मित|र|रा|्ट्र|विफल|हो|जाते,|तो|जर|मन||शा|द|ब्रि|टेन|को|परा|ित|कर|देता|क्य|ंक|||उसके|पा||शेष|यूर|प|था."", ""43"": ""अ|र|मित्र|रा|्ट्र|विफल|हो|जाते,|तो|जर|मन||शा|द|ब्रिट|न|को|परा|ित|कर|देता|क्य|ंक||उसके|पा||शेष|यूर|प|था."", ""44"": ""अ|र|मित|र|रा|्ट्र|विफल|हो|जाते,|तो|जर|मनी|शा|द|ब्रि|ट|न|को|परा|ित|कर|देता|क्य|ंकि|उसके|पा||शेष|यूर|प|था."", ""45"": ""अ|||मित|र|रा|्ट|र|विफल|हो|जाते,|तो|जर|मन||शा|द|ब्रि|ट|न|को|परा|ि|त|कर|देता|क्योंक||उसके|पा||शेष|यूर|प|था."", ""46"": ""अगर|मित|र|रा|्ट्र|विफल|हो|जाते,|तो|जर|मन||शा|द|ब्रि|ट|न|को|परा|ि|त|कर|देता|क्य|ं|||उसके|पा||शेष|यूर|प|था.""}"
hi,"अगर हमारे अपने पूर्वजों ने अपनी “प्रोटीन की समस्या” को कुछ हद तक उसी तरह सुलझाया, तो हमें आश्चर्यचकित नहीं होना चाहिए, जैसे कि आज के समय में चिंपाजी करते हैं।",1,1,5,5,True,"à¤ħà¤Ĺà¤°|Ġà¤¹à¤®|à¤¾à¤°|à¥ĩ|Ġà¤ħà¤ªà¤¨|à¥ĩ|Ġà¤ª|à¥Ĥà¤°|à¥įà¤µà¤ľ|à¥ĭà¤Ĥ|Ġà¤¨|à¥ĩ|Ġà¤ħà¤ªà¤¨|à¥Ģ|ĠâĢľ|à¤ª|à¥įà¤°|à¥ĭà¤Ł|à¥Ģà¤¨|Ġà¤ķ|à¥Ģ|Ġà¤¸à¤®à¤¸|à¥įà¤¯|à¤¾âĢĿ|Ġà¤ķ|à¥ĭ|Ġà¤ķ|à¥ģà¤Ľ|Ġà¤¹à¤¦|Ġà¤¤à¤ķ|Ġà¤īà¤¸|à¥Ģ|Ġà¤¤à¤°à¤¹|Ġà¤¸|à¥ģà¤²à¤Ŀ|à¤¾à¤¯|à¤¾,|Ġà¤¤|à¥ĭ|Ġà¤¹à¤®|à¥ĩà¤Ĥ|Ġà¤Ĩà¤¶|à¥įà¤ļà¤°|à¥įà¤¯|à¤ļà¤ķ|à¤¿à¤¤|Ġà¤¨à¤¹|à¥Ģà¤Ĥ|Ġà¤¹|à¥ĭà¤¨|à¤¾|Ġà¤ļ|à¤¾à¤¹|à¤¿à¤ı|,|Ġà¤ľ|à¥Īà¤¸|à¥ĩ|Ġà¤ķ|à¤¿|Ġà¤Ĩà¤ľ|Ġà¤ķ|à¥ĩ|Ġà¤¸à¤®à¤¯|Ġà¤®|à¥ĩà¤Ĥ|Ġà¤ļ|à¤¿à¤Ĥ|à¤ª|à¤¾à¤ľ|à¥Ģ|Ġà¤ķà¤°à¤¤|à¥ĩ|Ġà¤¹|à¥Īà¤Ĥà¥¤","अ|र|हमा|े|अपने|पूर|वज|ं|ने|अपनी|“प्र|टीन|की|समस|या”|को|कुछ|हद|तक|उसी|तरह|सुलझ|ा|ा,|तो|हमें|आश्चर|यचकित|नहीं|होना|चा|िए,|जैसे|कि|आज|के|समय|में|चिंपा|ी|करते|हैं।","{""42"": ""अ|र|हमा|े|अपने|पूर|वज|ं|ने|अपनी|“प्र|टीन|की|समस|या”|को|कुछ|हद|तक|उसी|तरह|सुलझ|ा|ा,|तो|हमें|आश्चर|यचकित|नहीं|होना|चा|िए,|जैसे|कि|आज|के|समय|में|चिंपा|ी|करते|हैं।"", ""43"": ""अ|||हमा|े|अपने|पूर|वज|ं|ने|अपनी|“प्र|टीन|की|समस|या”|को|कुछ|हद|तक|उसी|तरह|सुलझ|ा|ा,|तो|हमें|आश|चर|यचक||त|नहीं|होना|चा|िए,|जैसे|कि|आज|के|समय|में|चिंपा|ी|करते|हैं।"", ""44"": ""अगर|हमा|े|अपने|पूर|वज|ं|ने|अपनी|“प्र|टीन|की|समस|या”|को|कुछ|हद|तक|उसी|तरह|सुलझ|ा|ा,|तो|हमें|आश्चर|यचकि|त|नहीं|होना|चा|िए,|जैसे|कि|आज|के|समय|में|चिंपा|ी|करते|हैं।"", ""45"": ""अगर|हमा|े|अपने|पूर|वज|ं|ने|अपनी|“प्र|टीन|की|समस|या”|को|कुछ|हद|तक|उसी|तरह|सुलझ|ा|ा,|तो|हमें|आश्चर|यचकित|नहीं|होना|चा|िए,|जैसे|कि|आज|के|समय|में|चिंपा|ी|करते|हैं।"", ""46"": ""अ|र|हमा|े|अपने|पूर|वज|ं|ने|अपनी|“|प्र|टीन|की|समस|या”|को|कुछ|हद|तक|उसी|तरह|सुलझ|ा|ा,|तो|हमें|आश|चर|यचकि|त|नहीं|होना|चा|िए,|जैसे|कि|आज|के|समय|में|चिंपा|ी|करते|हैं।""}"
hi,"अगली फ़ोटो में फोटॉन निकलने वाले परमाणुओं को दिखाया गया है. बेशक, असल में फोटॉन, फ़ोटो की तुलना में बहुत छोटे होते हैं.",1,1,5,5,True,"à¤ħà¤Ĺà¤²|à¥Ģ|Ġà¤«|à¤¼à¥ĭ|à¤Ł|à¥ĭ|Ġà¤®|à¥ĩà¤Ĥ|Ġà¤«|à¥ĭà¤Ł|à¥īà¤¨|Ġà¤¨|à¤¿à¤ķà¤²à¤¨|à¥ĩ|Ġà¤µ|à¤¾à¤²|à¥ĩ|Ġà¤ªà¤°à¤®|à¤¾à¤£|à¥ģà¤ĵ|à¤Ĥ|Ġà¤ķ|à¥ĭ|Ġà¤¦|à¤¿à¤ĸ|à¤¾à¤¯|à¤¾|Ġà¤Ĺà¤¯|à¤¾|Ġà¤¹|à¥Ī.|Ġà¤¬|à¥ĩà¤¶à¤ķ|,|Ġà¤ħà¤¸à¤²|Ġà¤®|à¥ĩà¤Ĥ|Ġà¤«|à¥ĭà¤Ł|à¥īà¤¨|,|Ġà¤«|à¤¼à¥ĭ|à¤Ł|à¥ĭ|Ġà¤ķ|à¥Ģ|Ġà¤¤|à¥ģà¤²à¤¨|à¤¾|Ġà¤®|à¥ĩà¤Ĥ|Ġà¤¬à¤¹|à¥ģà¤¤|Ġà¤Ľ|à¥ĭà¤Ł|à¥ĩ|Ġà¤¹|à¥ĭà¤¤|à¥ĩ|Ġà¤¹|à¥Īà¤Ĥ.","अगल||फ़ोट||में|फोट|न|निकलन||वा|े|परमा|ुओं|को|दिखा|ा|गया|है.|बेशक,|अ|ल|में|फोटॉन,|फ़ो|ो|की|तुलना|में|बह|त|छोटे|होते|हैं.","{""42"": ""अगल||फ़ोट||में|फोट|न|निकलन||वा|े|परमा|ुओं|को|दिखा|ा|गया|है.|बेशक,|अ|ल|में|फोटॉन,|फ़ो|ो|की|तुलना|में|बह|त|छोटे|होते|हैं."", ""43"": ""अ|ल||फ़ोटो|में|फोटॉन|निकलन||वा|े|परमा|ुओ|ं|को|दिखा|ा|गया|है.|बेशक,|असल|में|फोटॉन,|फ़ोटो|की|तुलना|में|बहुत|छोटे|होते|हैं."", ""44"": ""अ||||फ़ोट||में|फोट|न|निकलन||वा|े|परमा|ुओं|को|दिखा|ा|गया|है.|बेशक,|असल|में|फोटॉन,|फ़ोट||की|तुलना|में|बहुत|छोटे|होते|हैं."", ""45"": ""अ|ल||फ़ोट||में|फोटॉन|निकलन||वा|े|परमा|ुओं|को|दिखा|ा|गया|है.|बेशक,|असल|में|फोटॉन,|फ़ो|ो|की|तुलना|में|बहुत|छोट||होते|हैं."", ""46"": ""अ|ल||फ़ोट||में|फोट|न|निकलने|वा|े|परमा|ुओं|को|दिखा|ा|गया|है.|बेशक,|असल|में|फोटॉन,|फ़ोटो|की|तुलना|में|बहुत|छोटे|होते|हैं.""}"
hi,अगस्त में ऐम्स स्ट्रॉ पोल को जीतने वाली बेकमन ने अपना कैंपेन खत्म करने का फ़ैसला लिया.,1,1,5,5,True,à¤ħ|à¤Ĺ|à¤¸|à¥įà¤¤|Ġà¤®|à¥ĩà¤Ĥ|Ġà¤Ĳ|à¤®|à¥įà¤¸|Ġà¤¸|à¥įà¤Ł|à¥įà¤°|à¥ī|Ġà¤ª|à¥ĭà¤²|Ġà¤ķ|à¥ĭ|Ġà¤ľ|à¥Ģà¤¤à¤¨|à¥ĩ|Ġà¤µ|à¤¾à¤²|à¥Ģ|Ġà¤¬|à¥ĩà¤ķ|à¤®à¤¨|Ġà¤¨|à¥ĩ|Ġà¤ħà¤ªà¤¨|à¤¾|Ġà¤ķ|à¥Īà¤Ĥ|à¤ª|à¥ĩà¤¨|Ġà¤ĸà¤¤|à¥įà¤®|Ġà¤ķà¤°à¤¨|à¥ĩ|Ġà¤ķ|à¤¾|Ġà¤«|à¤¼à¥Ī|à¤¸à¤²|à¤¾|Ġà¤²|à¤¿à¤¯|à¤¾.,अ|स|त|में|ऐम्स|स्ट|र||पोल|को|जीत|||वा|ी|बेकमन|ने|अपना|कैं||न|खत्म|करने|का|फ़ैसल||लिया.,"{""42"": ""अ|स|त|में|ऐम्स|स्ट|र||पोल|को|जीत|||वा|ी|बेकमन|ने|अपना|कैं||न|खत्म|करने|का|फ़ैसल||लिया."", ""43"": ""अ|स|त|में|ऐम्स|स्ट|र||पोल|को|जीतन||वा|ी|बेकमन|ने|अपना|कैंप|न|खत्म|करने|का|फ़ैसला|लिया."", ""44"": ""अ|||त|में|ऐम्स|स्ट|र||पोल|को|जीतन||वा|ी|बेकमन|ने|अपना|कैंप|न|खत|म|करने|का|फ़ैसला|लिया."", ""45"": ""अ|स|त|में|ऐम्स|स्ट|र||पोल|को|जीतन||वा|ी|बेकमन|ने|अपना|कैंप|न|खत|म|करने|का|फ़ै|ला|लिया."", ""46"": ""अ|स्त|में|ऐम्स|स्ट|र||पोल|को|जीतन||वा|ी|बेकमन|ने|अपना|कैंप|न|खत|म|करने|का|फ़ै|ला|लिया.""}"
hi,अग्रिम मोर्चे को मजबूत करने वाले सैनिकों में कर्नल जॉन स्टार्क और जेम्स रीड (दोनों बाद में सेनापति बने) के नेतृत्व में 200 सैनिकों की पहली और तीसरी न्यू हैम्पशायर रेजिमेंट शामिल थीे।,1,1,5,5,True,à¤ħ|à¤Ĺ|à¥įà¤°|à¤¿à¤®|Ġà¤®|à¥ĭà¤°|à¥įà¤ļ|à¥ĩ|Ġà¤ķ|à¥ĭ|Ġà¤®à¤ľà¤¬|à¥Ĥà¤¤|Ġà¤ķà¤°à¤¨|à¥ĩ|Ġà¤µ|à¤¾à¤²|à¥ĩ|Ġà¤¸|à¥Īà¤¨|à¤¿à¤ķ|à¥ĭà¤Ĥ|Ġà¤®|à¥ĩà¤Ĥ|Ġà¤ķà¤°|à¥įà¤¨à¤²|Ġà¤ľ|à¥īà¤¨|Ġà¤¸|à¥įà¤Ł|à¤¾à¤°|à¥įà¤ķ|Ġà¤Ķà¤°|Ġà¤ľ|à¥ĩà¤®|à¥įà¤¸|Ġà¤°|à¥Ģà¤¡|Ġ(|à¤¦|à¥ĭà¤¨|à¥ĭà¤Ĥ|Ġà¤¬|à¤¾à¤¦|Ġà¤®|à¥ĩà¤Ĥ|Ġà¤¸|à¥ĩà¤¨|à¤¾à¤ªà¤¤|à¤¿|Ġà¤¬à¤¨|à¥ĩ)|Ġà¤ķ|à¥ĩ|Ġà¤¨|à¥ĩà¤¤|à¥ĥà¤¤|à¥įà¤µ|Ġà¤®|à¥ĩà¤Ĥ|Ġ|200|Ġà¤¸|à¥Īà¤¨|à¤¿à¤ķ|à¥ĭà¤Ĥ|Ġà¤ķ|à¥Ģ|Ġà¤ªà¤¹à¤²|à¥Ģ|Ġà¤Ķà¤°|Ġà¤¤|à¥Ģà¤¸à¤°|à¥Ģ|Ġà¤¨|à¥įà¤¯|à¥Ĥ|Ġà¤¹|à¥Īà¤®|à¥įà¤ª|à¤¶|à¤¾à¤¯à¤°|Ġà¤°|à¥ĩà¤ľ|à¤¿à¤®|à¥ĩà¤Ĥ|à¤Ł|Ġà¤¶|à¤¾à¤®|à¤¿à¤²|Ġà¤¥|à¥Ģ|à¥ĩà¥¤,अग|रि|म|मोर|चे|को|मजब|त|करने|वा|े|सैनिक|ं|में|कर्नल|जॉन|स्टा|्क|और|जेम्स|रीड|(दोनों|बाद|में|सेना|ति||बने)|के|नेतृत्व|में|200|सैनिक|ं|की|पहली|और|तीसर||न्य||हैम|पशा|र|रेजिम|ंट|शा|िल|थीे।,"{""42"": ""अग|रि|म|मोर|चे|को|मजब|त|करने|वा|े|सैनिक|ं|में|कर्नल|जॉन|स्टा|्क|और|जेम्स|रीड|(दोनों|बाद|में|सेना|ति||बने)|के|नेतृत्व|में|200|सैनिक|ं|की|पहली|और|तीसर||न्य||हैम|पशा|र|रेजिम|ंट|शा|िल|थीे।"", ""43"": ""अ||रि|म|मोर|च||को|मजब|त|करने|वा|े|सैनिक|ं|में|कर्नल|जॉन|स्टा|्क|और|जेम्स|रीड|(दोनों|बाद|में|सेना|ति||बने)|के|नेतृत|व|में|200|सैनिक|ं|की|पहली|और|तीसर||न्य||हैम्पशा|र|रेजिम|ंट|शा|िल|थीे।"", ""44"": ""अग्रि|म|मोर|चे|को|मजब|त|करने|वा|े|सैनिक|ं|में|कर|नल|जॉन|स्टा|्क|और|जेम्स|रीड|(दोनो||बाद|में|सेना|ति||बने)|के|नेतृत|व|में|200|सैनिक|ं|की|पहल||और|तीसर||न्य||हैम|पशा|र|रेजिम|ंट|शा|िल|थीे।"", ""45"": ""अग|रि|म|मोर|चे|को|मजब|त|करने|वा|े|सैनिक|ं|में|कर|नल|जॉन|स्टा|्क|और|जेम|स|रीड|(दोनों|बाद|में|सेना|ति||बने)|के|नेतृत|व|में|200|सैनिक|ं|की|पहली|और|तीसर||न्य||हैम्पशा|र|रेजिम|ंट|शा|िल|थीे।"", ""46"": ""अ||रिम|मोर|चे|को|मजब|त|करने|वा|े|सैनिक|ं|में|कर्नल|जॉन|स्टा|्क|और|जेम्स|रीड|(दोनों|बाद|में|सेना|ति||बने)|के|नेतृत|व|में|200|सैनिक|ं|की|पहली|और|तीसर||न्य||हैम|पशा|र|रेजि|म|ंट|शा|िल|थीे।""}"
hi,अच्छी परिस्थितियों में आप चलने से कुछ हद तकअधिक दूरी तय कर पाएंगे - लेकिन केवल बहुत कम ही आपको तैयार पटरियों में भारी बैग के बिना क्रॉस कंट्री स्कीइंग की गति मिलेगी।,1,1,5,5,True,à¤ħà¤ļ|à¥įà¤Ľ|à¥Ģ|Ġà¤ªà¤°|à¤¿à¤¸|à¥įà¤¥|à¤¿à¤¤|à¤¿à¤¯|à¥ĭà¤Ĥ|Ġà¤®|à¥ĩà¤Ĥ|Ġà¤Ĩà¤ª|Ġà¤ļà¤²à¤¨|à¥ĩ|Ġà¤¸|à¥ĩ|Ġà¤ķ|à¥ģà¤Ľ|Ġà¤¹à¤¦|Ġà¤¤à¤ķ|à¤ħà¤§|à¤¿à¤ķ|Ġà¤¦|à¥Ĥà¤°|à¥Ģ|Ġà¤¤à¤¯|Ġà¤ķà¤°|Ġà¤ª|à¤¾à¤ı|à¤Ĥà¤Ĺ|à¥ĩ|Ġ-|Ġà¤²|à¥ĩà¤ķ|à¤¿à¤¨|Ġà¤ķ|à¥ĩà¤µà¤²|Ġà¤¬à¤¹|à¥ģà¤¤|Ġà¤ķà¤®|Ġà¤¹|à¥Ģ|Ġà¤Ĩà¤ªà¤ķ|à¥ĭ|Ġà¤¤|à¥Īà¤¯|à¤¾à¤°|Ġà¤ª|à¤Łà¤°|à¤¿à¤¯|à¥ĭà¤Ĥ|Ġà¤®|à¥ĩà¤Ĥ|Ġà¤Ń|à¤¾à¤°|à¥Ģ|Ġà¤¬|à¥Īà¤Ĺ|Ġà¤ķ|à¥ĩ|Ġà¤¬|à¤¿à¤¨|à¤¾|Ġà¤ķ|à¥įà¤°|à¥īà¤¸|Ġà¤ķ|à¤Ĥà¤Ł|à¥įà¤°|à¥Ģ|Ġà¤¸|à¥įà¤ķ|à¥Ģ|à¤ĩ|à¤Ĥà¤Ĺ|Ġà¤ķ|à¥Ģ|Ġà¤Ĺà¤¤|à¤¿|Ġà¤®|à¤¿à¤²|à¥ĩà¤Ĺ|à¥Ģà¥¤,अ||छ||परिस|थि|तियों|में|आप|चलन||से|कुछ|हद|तकअधि|क|दूर||तय|कर|पा|ंगे|-|लेकिन|केवल|बहुत|कम|ही|आपको|तैया||पटरि|यों|में|भारी|बैग|के|बिना|क्र|स|कं|्र||स्क|इंग|की|गति|मिल|गी।,"{""42"": ""अ||छ||परिस|थि|तियों|में|आप|चलन||से|कुछ|हद|तकअधि|क|दूर||तय|कर|पा|ंगे|-|लेकिन|केवल|बहुत|कम|ही|आपको|तैया||पटरि|यों|में|भारी|बैग|के|बिना|क्र|स|कं|्र||स्क|इंग|की|गति|मिल|गी।"", ""43"": ""अ||छ||परिस्थि|तियों|में|आप|चलन||से|कुछ|हद|तकअधि|क|दूर||तय|कर|पा|ंग||-|लेकिन|केवल|बहुत|कम|ही|आपको|तैया||पटरि|यों|में|भा|ी|बैग|के|बिना|क्र|स|कंट्र||स्क|इंग|की|गति|मिल|गी।"", ""44"": ""अ||्छ||परिस|थि|तियों|में|आप|चलन||से|कुछ|हद|तकअधि|क|दूर||तय|कर|पा|ंगे|-|लेकिन|केवल|बहुत|कम|ही|आपको|तैया||पटरि|यों|में|भा|ी|बैग|के|बिना|क्र|स|कंट्र||स्क|इंग|की|गति|मिल|गी।"", ""45"": ""अच|छ||परिस्थि|तिय|ं|में|आप|चलने|से|कुछ|हद|तकअधि|क|दूर||तय|कर|पा|ंगे|-|लेकिन|केवल|बहुत|कम|ही|आपको|तैया||पटरियों|में|भारी|बैग|के|बिना|क्र|स|कंट|र||स्क|इंग|की|गति|मिल|ग|।"", ""46"": ""अ||छ||परिस|थि|तिय|ं|में|आप|चलन||से|कुछ|हद|तकअधिक|दूर||तय|कर|पा|ंग||-|लेकिन|केवल|बहुत|कम|ही|आपको|तैया||पटरि|यों|में|भा|ी|बैग|के|बिना|क्र|स|कंट|र||स्क|इंग|की|गति|मिल|गी।""}"
hi,"अटलांटिक तूफ़ान मौसम का दसवाँ तूफ़ान, उपोष्णकटिबंधीय तूफ़ान जेरी, आज अटलांटिक महासागर में बना है.",1,1,5,5,True,"à¤ħ|à¤Łà¤²|à¤¾à¤Ĥ|à¤Ł|à¤¿à¤ķ|Ġà¤¤|à¥Ĥà¤«|à¤¼à¤¾|à¤¨|Ġà¤®|à¥Įà¤¸à¤®|Ġà¤ķ|à¤¾|Ġà¤¦à¤¸|à¤µ|à¤¾à¤ģ|Ġà¤¤|à¥Ĥà¤«|à¤¼à¤¾|à¤¨|,|Ġà¤īà¤ª|à¥ĭà¤·|à¥įà¤£|à¤ķà¤Ł|à¤¿à¤¬|à¤Ĥà¤§|à¥Ģà¤¯|Ġà¤¤|à¥Ĥà¤«|à¤¼à¤¾|à¤¨|Ġà¤ľ|à¥ĩà¤°|à¥Ģ,|Ġà¤Ĩà¤ľ|Ġà¤ħà¤Łà¤²|à¤¾à¤Ĥ|à¤Ł|à¤¿à¤ķ|Ġà¤®à¤¹|à¤¾à¤¸|à¤¾à¤Ĺà¤°|Ġà¤®|à¥ĩà¤Ĥ|Ġà¤¬à¤¨|à¤¾|Ġà¤¹|à¥Ī.","अटला|टि|क|तूफ़ा||मौसम|का|दसवा||तूफ़ा|,|उपोष्णक|ि|बंध||य|तूफ़ा||जेर|,|आज|अटला|टि|क|महा|ा|र|में|बना|है.","{""42"": ""अटला|टि|क|तूफ़ा||मौसम|का|दसवा||तूफ़ा|,|उपोष्णक|ि|बंध||य|तूफ़ा||जेर|,|आज|अटला|टि|क|महा|ा|र|में|बना|है."", ""43"": ""अ|ल||टि|क|तूफ़ा||मौस||का|दसवा||तूफ़ा|,|उपोष|णक|ि|बंध||य|तूफ़ा||जेर|,|आज|अटला|टि|क|महा|ा|र|में|बना|है."", ""44"": ""अटला|टि|क|तूफ़ा||मौसम|का|दसवा||तूफ़ा|,|उपोष|णक|ि|बंध||य|तूफ़ा||जेर|,|आज|अटला|टि|क|महा|ा|र|में|बना|है."", ""45"": ""अ|ल|||ि|क|तूफ़ा||मौसम|का|दसवा||तूफ़ा|,|उप|ष|णक|ि|बंध||य|तूफ़ा||जेर|,|आज|अटला|टि|क|महा|ा|र|में|बना|है."", ""46"": ""अ|ल|||ि|क|तूफ|ा||मौसम|का|दसवा||तूफ़ा|,|उप|ष|णक|ि|बंध||य|तूफ़ा||जेर|,|आज|अटला|टि|क|महा|ा|र|में|बना|है.""}"
hi,"अटेंशन डिफ़िसिट डिसऑर्डर “एक न्यूरोलॉजिकल सिंड्रोम है, जिसके तीन क्लासिक लक्षणों में आवेगशीलता, ध्यान भंग होना और हाइपरएक्टिविटी या अधिक ऊर्जा शामिल है.",1,1,5,5,True,"à¤ħ|à¤Ł|à¥ĩà¤Ĥ|à¤¶à¤¨|Ġà¤¡|à¤¿à¤«|à¤¼à¤¿|à¤¸|à¤¿à¤Ł|Ġà¤¡|à¤¿à¤¸|à¤ĳ|à¤°|à¥įà¤¡à¤°|ĠâĢľ|à¤ıà¤ķ|Ġà¤¨|à¥įà¤¯|à¥Ĥà¤°|à¥ĭà¤²|à¥īà¤ľ|à¤¿à¤ķà¤²|Ġà¤¸|à¤¿à¤Ĥ|à¤¡|à¥įà¤°|à¥ĭà¤®|Ġà¤¹|à¥Ī,|Ġà¤ľ|à¤¿à¤¸à¤ķ|à¥ĩ|Ġà¤¤|à¥Ģà¤¨|Ġà¤ķ|à¥įà¤²|à¤¾à¤¸|à¤¿à¤ķ|Ġà¤²à¤ķ|à¥įà¤·à¤£|à¥ĭà¤Ĥ|Ġà¤®|à¥ĩà¤Ĥ|Ġà¤Ĩà¤µ|à¥ĩà¤Ĺ|à¤¶|à¥Ģà¤²à¤¤|à¤¾,|Ġà¤§|à¥įà¤¯|à¤¾à¤¨|Ġà¤Ń|à¤Ĥà¤Ĺ|Ġà¤¹|à¥ĭà¤¨|à¤¾|Ġà¤Ķà¤°|Ġà¤¹|à¤¾à¤ĩ|à¤ªà¤°|à¤ıà¤ķ|à¥įà¤Ł|à¤¿à¤µ|à¤¿à¤Ł|à¥Ģ|Ġà¤¯|à¤¾|Ġà¤ħà¤§|à¤¿à¤ķ|Ġà¤Ĭà¤°|à¥įà¤ľ|à¤¾|Ġà¤¶|à¤¾à¤®|à¤¿à¤²|Ġà¤¹|à¥Ī.","अ||ंशन|डिफ़ि||ि|ट|डिस|र|डर|“|एक|न्य|र|ल|जि|कल|सिंड|र|म|है,|जिसक||तीन|क्ला|ि|क|लक|षण|ं|में|आव|गश|लता,|ध्या||भंग|होना|और|हा|परएक|टि|वि|ट||या|अधिक|ऊर|जा|शा|िल|है.","{""42"": ""अ||ंशन|डिफ़ि||ि|ट|डिस|र|डर|“|एक|न्य|र|ल|जि|कल|सिंड|र|म|है,|जिसक||तीन|क्ला|ि|क|लक|षण|ं|में|आव|गश|लता,|ध्या||भंग|होना|और|हा|परएक|टि|वि|ट||या|अधिक|ऊर|जा|शा|िल|है."", ""43"": ""अ||ं|न|डिफ़ि|सि|ट|डिसऑ|र|डर|“एक|न्य|र|ल|जि|कल|सिंड|र|म|है,|जिसक||तीन|क्ला|ि|क|लक्षण|ं|में|आव|गश|लता,|ध्या||भंग|होना|और|हा|परएक|टि|वि|ट||या|अधिक|ऊर|जा|शा|िल|है."", ""44"": ""अट|ंश||डिफ़ि||ि|ट|डिस|र|डर|“एक|न्य|र|ल|जि|कल|सिं||र|म|है,|जिसक||तीन|क्ला|िक|लक्षण|ं|में|आव|गश|लता,|ध्या||भंग|होना|और|हा|परएक|टि|वि|ट||या|अधिक|ऊर|जा|शा|िल|है."", ""45"": ""अ||ंशन|डिफ़ि||ि|ट|डिस|र|डर|“एक|न्य|र|ल|जि|कल|सिंड|र|म|है,|जिसक||तीन|क्ला|ि|क|लक्षण|ं|में|आव|गश|लत|,|ध्या||भंग|होना|और|हा|परएक|टि|वि|ट||या|अधिक|ऊर|जा|शा|िल|है."", ""46"": ""अ|ेंश||डिफ़ि|सि|ट|डिसऑ|र|डर|“एक|न्य|र|लॉजि|कल|सिंड|र|म|है,|जिसक||तीन|क्ला|िक|लक्षण|ं|में|आवेगश|लता,|ध्या||भंग|होना|और|हा|परएक|टि|वि|ट||या|अधिक|ऊर|जा|शा|िल|है.""}"
hi,"अठारह छेद एक नियमित दौर के दौरान खेले जाते हैं, खिलाड़ी आमतौर पर मैदान के पहले छेद से शुरू करते हैं और अठारहवें पर समाप्त करते हैं.",1,1,5,5,True,"à¤ħ|à¤ł|à¤¾à¤°à¤¹|Ġà¤Ľ|à¥ĩà¤¦|Ġà¤ıà¤ķ|Ġà¤¨|à¤¿à¤¯à¤®|à¤¿à¤¤|Ġà¤¦|à¥Įà¤°|Ġà¤ķ|à¥ĩ|Ġà¤¦|à¥Įà¤°|à¤¾à¤¨|Ġà¤ĸ|à¥ĩà¤²|à¥ĩ|Ġà¤ľ|à¤¾à¤¤|à¥ĩ|Ġà¤¹|à¥Īà¤Ĥ,|Ġà¤ĸ|à¤¿à¤²|à¤¾à¤¡|à¤¼à¥Ģ|Ġà¤Ĩà¤®à¤¤|à¥Įà¤°|Ġà¤ªà¤°|Ġà¤®|à¥Īà¤¦|à¤¾à¤¨|Ġà¤ķ|à¥ĩ|Ġà¤ªà¤¹à¤²|à¥ĩ|Ġà¤Ľ|à¥ĩà¤¦|Ġà¤¸|à¥ĩ|Ġà¤¶|à¥ģà¤°|à¥Ĥ|Ġà¤ķà¤°à¤¤|à¥ĩ|Ġà¤¹|à¥Īà¤Ĥ|Ġà¤Ķà¤°|Ġà¤ħ|à¤ł|à¤¾à¤°à¤¹|à¤µ|à¥ĩà¤Ĥ|Ġà¤ªà¤°|Ġà¤¸à¤®|à¤¾à¤ª|à¥įà¤¤|Ġà¤ķà¤°à¤¤|à¥ĩ|Ġà¤¹|à¥Īà¤Ĥ.","अ|ा|ह|छेद|एक|नियमि|त|दौर|के|दौरा||खेल||जाते|हैं,|खिला|़ी|आमत|र|पर|मैदा||के|पहले|छेद|से|शुर||करते|हैं|और|अठा|हवें|पर|समा|्त|करते|हैं.","{""42"": ""अ|ा|ह|छेद|एक|नियमि|त|दौर|के|दौरा||खेल||जाते|हैं,|खिला|़ी|आमत|र|पर|मैदा||के|पहले|छेद|से|शुर||करते|हैं|और|अठा|हवें|पर|समा|्त|करते|हैं."", ""43"": ""अ||ा|ह|छेद|एक|नियमि|त|दौर|के|दौरा||खेल||जाते|हैं,|खिला|़ी|आमत|र|पर|मैदा||के|पहले|छेद|से|शुर||करते|हैं|और|अठा|हव|ं|पर|समा|्त|करते|हैं."", ""44"": ""अ||ा|ह|छेद|एक|नियमि|त|दौर|के|दौरा||खेले|जाते|हैं,|खिला|़ी|आमतौर|पर|मैदा||के|पहले|छेद|से|शुर||करते|हैं|और|अठा|हव|ं|पर|समा|्त|करते|हैं."", ""45"": ""अ|ा|ह|छेद|एक|नियमि|त|दौर|के|दौरा||खेल||जाते|हैं,|खिला|़ी|आमत|र|पर|मैदा||के|पहले|छेद|से|शुर||करते|हैं|और|अठा|हव|ं|पर|समा|्त|करते|हैं."", ""46"": ""अ|ा|ह|छेद|एक|नियमि|त|दौर|के|दौरा||खेले|जाते|हैं,|खिला|़ी|आमत|र|पर|मैदा||के|पहले|छेद|से|शुर||करते|हैं|और|अठा|हव|ं|पर|समा||त|करते|हैं.""}"
hi,अधिकांश आधुनिक अनुसंधान दूरबीनों में अनुकूल वायुमंडलीय परिस्थितियों के साथ दूरदराज के क्षेत्रों में काम करने के लिए बहुत सुविधाएँ हैं.,1,1,5,5,True,à¤ħà¤§|à¤¿à¤ķ|à¤¾à¤Ĥ|à¤¶|Ġà¤Ĩà¤§|à¥ģà¤¨|à¤¿à¤ķ|Ġà¤ħà¤¨|à¥ģà¤¸|à¤Ĥà¤§|à¤¾à¤¨|Ġà¤¦|à¥Ĥà¤°|à¤¬|à¥Ģà¤¨|à¥ĭà¤Ĥ|Ġà¤®|à¥ĩà¤Ĥ|Ġà¤ħà¤¨|à¥ģà¤ķ|à¥Ĥà¤²|Ġà¤µ|à¤¾à¤¯|à¥ģà¤®|à¤Ĥà¤¡à¤²|à¥Ģà¤¯|Ġà¤ªà¤°|à¤¿à¤¸|à¥įà¤¥|à¤¿à¤¤|à¤¿à¤¯|à¥ĭà¤Ĥ|Ġà¤ķ|à¥ĩ|Ġà¤¸|à¤¾à¤¥|Ġà¤¦|à¥Ĥà¤°|à¤¦à¤°|à¤¾à¤ľ|Ġà¤ķ|à¥ĩ|Ġà¤ķ|à¥įà¤·|à¥ĩà¤¤|à¥įà¤°|à¥ĭà¤Ĥ|Ġà¤®|à¥ĩà¤Ĥ|Ġà¤ķ|à¤¾à¤®|Ġà¤ķà¤°à¤¨|à¥ĩ|Ġà¤ķ|à¥ĩ|Ġà¤²|à¤¿à¤ı|Ġà¤¬à¤¹|à¥ģà¤¤|Ġà¤¸|à¥ģà¤µ|à¤¿à¤§|à¤¾à¤ı|à¤ģ|Ġà¤¹|à¥Īà¤Ĥ.,अ|िका|श|आध|नि|क|अनुसं|ा||दूरब|नों|में|अन|क|ल|वा|ुमंडल|य|परिस|थि|ति|य|ं|के|साथ|दूरदरा||के|क्ष|त्र|ं|में|का||करने|के|लिए|बहुत|सुवि|धा|ँ|हैं.,"{""42"": ""अ|िका|श|आध|नि|क|अनुसं|ा||दूरब|नों|में|अन|क|ल|वा|ुमंडल|य|परिस|थि|ति|य|ं|के|साथ|दूरदरा||के|क्ष|त्र|ं|में|का||करने|के|लिए|बहुत|सुवि|धा|ँ|हैं."", ""43"": ""अ|िका|श|आधुनिक|अनुसंधा||दूरब|नों|में|अन|क|ल|वा|ुमंडल|य|परिस्थि|ति|य|ं|के|साथ|दूरदरा||के|क्ष|त्रों|में|का||करने|के|लिए|बहुत|सुविधा|ँ|हैं."", ""44"": ""अ|ि|का|श|आधुनि|क|अन|सं|ा||दूरब|नों|में|अन|क|ल|वा|ुमंड||य|परिस|थि|तियों|के|साथ|दूरदरा||के|क्ष|त्रों|में|का||करने|के|लिए|बहुत|सुवि|धा|ँ|हैं."", ""45"": ""अ|ि|का|श|आधुनिक|अन|सं|ा||दूरब|नों|में|अनुक|ल|वा|ुमंडल|य|परिस|थि|ति|यों|के|साथ|दूरदरा||के|क्ष|त्रों|में|का||करने|के|लिए|बहुत|सुविधा|ँ|हैं."", ""46"": ""अधि|का|श|आधुनि|क|अनुसं|ा||दूरब|नो||में|अन|क|ल|वा|ुमंडल|य|परिस|थि|ति|यों|के|साथ|दूरदरा||के|क्ष|त्र|ं|में|का||करने|के|लिए|बहुत|सुवि|धा|ँ|हैं.""}"
hi,"अधिकांश देशों के लिए, आपको उस संस्थान से एक प्रस्ताव पत्र की आवश्यकता होगी, जहाँ पर आप अध्ययन करना चाहते है और कोर्स के पहले वर्ष में खुद क खर्चे के लिए धन का सबूत भी।",1,1,5,5,True,"à¤ħà¤§|à¤¿à¤ķ|à¤¾à¤Ĥ|à¤¶|Ġà¤¦|à¥ĩà¤¶|à¥ĭà¤Ĥ|Ġà¤ķ|à¥ĩ|Ġà¤²|à¤¿à¤ı|,|Ġà¤Ĩà¤ªà¤ķ|à¥ĭ|Ġà¤īà¤¸|Ġà¤¸|à¤Ĥà¤¸|à¥įà¤¥|à¤¾à¤¨|Ġà¤¸|à¥ĩ|Ġà¤ıà¤ķ|Ġà¤ª|à¥įà¤°à¤¸|à¥įà¤¤|à¤¾à¤µ|Ġà¤ªà¤¤|à¥įà¤°|Ġà¤ķ|à¥Ģ|Ġà¤Ĩà¤µà¤¶|à¥įà¤¯à¤ķà¤¤|à¤¾|Ġà¤¹|à¥ĭà¤Ĺ|à¥Ģ,|Ġà¤ľà¤¹|à¤¾à¤ģ|Ġà¤ªà¤°|Ġà¤Ĩà¤ª|Ġà¤ħà¤§|à¥įà¤¯à¤¯à¤¨|Ġà¤ķà¤°à¤¨|à¤¾|Ġà¤ļ|à¤¾à¤¹à¤¤|à¥ĩ|Ġà¤¹|à¥Ī|Ġà¤Ķà¤°|Ġà¤ķ|à¥ĭà¤°|à¥įà¤¸|Ġà¤ķ|à¥ĩ|Ġà¤ªà¤¹à¤²|à¥ĩ|Ġà¤µà¤°|à¥įà¤·|Ġà¤®|à¥ĩà¤Ĥ|Ġà¤ĸ|à¥ģà¤¦|Ġà¤ķ|Ġà¤ĸà¤°|à¥įà¤ļ|à¥ĩ|Ġà¤ķ|à¥ĩ|Ġà¤²|à¤¿à¤ı|Ġà¤§à¤¨|Ġà¤ķ|à¤¾|Ġà¤¸à¤¬|à¥Ĥà¤¤|Ġà¤Ń|à¥Ģà¥¤","अ|ि|का|श|देशों|के|लिए,|आपको|उस|संस|था||से|एक|प्रस|ता||पत|र|की|आवश|यकता|होगी,|जहा||पर|आप|अध्ययन|करना|चा|ते|है|और|कोर्स|के|पहले|वर|ष|में|खुद|क|खर|चे|के|लिए|धन|का|सबूत|भी।","{""42"": ""अ|ि|का|श|देशों|के|लिए,|आपको|उस|संस|था||से|एक|प्रस|ता||पत|र|की|आवश|यकता|होगी,|जहा||पर|आप|अध्ययन|करना|चा|ते|है|और|कोर्स|के|पहले|वर|ष|में|खुद|क|खर|चे|के|लिए|धन|का|सबूत|भी।"", ""43"": ""अ|ि|का|श|देशों|के|लिए,|आपक||उस|संस|था||से|एक|प्रस|ता||पत|र|की|आवश|यकता|होगी,|जहा||पर|आप|अध्ययन|करना|चा|ते|है|और|कोर्स|के|पहले|वर|ष|में|खुद|क|खर|चे|के|लिए|धन|का|सबूत|भी।"", ""44"": ""अ|िका|श|देश|ं|के|लिए,|आपक||उस|संस्था||से|एक|प्रस|ता||पत|र|की|आवश|यकता|होगी,|जहा||पर|आप|अध्ययन|करना|चा|ते|है|और|कोर्स|के|पहले|वर|ष|में|खुद|क|खर|चे|के|लिए|धन|का|सब|त|भी।"", ""45"": ""अ|ि|का|श|देश|ं|के|लिए,|आपक||उस|संस्था||से|एक|प्रस|ता||पत|र|की|आवश|यकता|होगी,|जहा||पर|आप|अध्ययन|करना|चा|ते|है|और|कोर|स|के|पहले|वर|ष|में|खुद|क|खर|चे|के|लिए|धन|का|सबूत|भी।"", ""46"": ""अ|ि|का|श|देशों|के|लिए,|आपको|उस|संस्था||से|एक|प्रस|ता||पत|र|की|आवश|यकता|होगी,|जहा||पर|आप|अध्ययन|करना|चा|ते|है|और|कोर्स|के|पहल||वर|ष|में|खुद|क|खर|चे|के|लिए|धन|का|सबूत|भी।""}"
hi,"अधिकांश मठों में बिना तैयारी के आने वाली महिलाओं के लिए सिर पर लपेटने का कपडा उपलब्ध कराया जाता है, लेकिन अगर आप अपना, विशेष रूप से चमकीले रंग का कपड़ा लाते हैं, तो आपको प्रवेश द्वार पर साधु या नन से एक प्यारी सी मुस्कान मिलेगी।",1,1,5,5,True,"à¤ħà¤§|à¤¿à¤ķ|à¤¾à¤Ĥ|à¤¶|Ġà¤®|à¤ł|à¥ĭà¤Ĥ|Ġà¤®|à¥ĩà¤Ĥ|Ġà¤¬|à¤¿à¤¨|à¤¾|Ġà¤¤|à¥Īà¤¯|à¤¾à¤°|à¥Ģ|Ġà¤ķ|à¥ĩ|Ġà¤Ĩà¤¨|à¥ĩ|Ġà¤µ|à¤¾à¤²|à¥Ģ|Ġà¤®à¤¹|à¤¿à¤²|à¤¾à¤ĵ|à¤Ĥ|Ġà¤ķ|à¥ĩ|Ġà¤²|à¤¿à¤ı|Ġà¤¸|à¤¿à¤°|Ġà¤ªà¤°|Ġà¤²|à¤ª|à¥ĩà¤Ł|à¤¨|à¥ĩ|Ġà¤ķ|à¤¾|Ġà¤ķà¤ªà¤¡|à¤¾|Ġà¤īà¤ªà¤²à¤¬|à¥įà¤§|Ġà¤ķà¤°|à¤¾à¤¯|à¤¾|Ġà¤ľ|à¤¾à¤¤|à¤¾|Ġà¤¹|à¥Ī,|Ġà¤²|à¥ĩà¤ķ|à¤¿à¤¨|Ġà¤ħà¤Ĺà¤°|Ġà¤Ĩà¤ª|Ġà¤ħà¤ªà¤¨|à¤¾,|Ġà¤µ|à¤¿à¤¶|à¥ĩà¤·|Ġà¤°|à¥Ĥà¤ª|Ġà¤¸|à¥ĩ|Ġà¤ļà¤®à¤ķ|à¥Ģà¤²|à¥ĩ|Ġà¤°|à¤Ĥà¤Ĺ|Ġà¤ķ|à¤¾|Ġà¤ķà¤ªà¤¡|à¤¼à¤¾|Ġà¤²|à¤¾à¤¤|à¥ĩ|Ġà¤¹|à¥Īà¤Ĥ,|Ġà¤¤|à¥ĭ|Ġà¤Ĩà¤ªà¤ķ|à¥ĭ|Ġà¤ª|à¥įà¤°à¤µ|à¥ĩà¤¶|Ġà¤¦|à¥įà¤µ|à¤¾à¤°|Ġà¤ªà¤°|Ġà¤¸|à¤¾à¤§|à¥ģ|Ġà¤¯|à¤¾|Ġà¤¨à¤¨|Ġà¤¸|à¥ĩ|Ġà¤ıà¤ķ|Ġà¤ª|à¥įà¤¯|à¤¾à¤°|à¥Ģ|Ġà¤¸|à¥Ģ|Ġà¤®|à¥ģà¤¸|à¥įà¤ķ|à¤¾à¤¨|Ġà¤®|à¤¿à¤²|à¥ĩà¤Ĺ|à¥Ģà¥¤","अ|ि|का|श|मठों|में|बिना|तैया|ी|के|आने|वा|ी|महिला|ं|के|लिए|सिर|पर|लपेटने|का|कपडा|उपलब|ध|करा|ा|जाता|है,|लेकिन|अगर|आप|अपना,|विश|ष|रूप|से|चमक|ले|रंग|का|कपड़ा|ला|े|हैं,|तो|आपको|प्रव|श|द्वा||पर|सा|ु|या|नन|से|एक|प्या|ी|सी|मुस्का||मिल|गी।","{""42"": ""अ|ि|का|श|मठों|में|बिना|तैया|ी|के|आने|वा|ी|महिला|ं|के|लिए|सिर|पर|लपेटने|का|कपडा|उपलब|ध|करा|ा|जाता|है,|लेकिन|अगर|आप|अपना,|विश|ष|रूप|से|चमक|ले|रंग|का|कपड़ा|ला|े|हैं,|तो|आपको|प्रव|श|द्वा||पर|सा|ु|या|नन|से|एक|प्या|ी|सी|मुस्का||मिल|गी।"", ""43"": ""अ|िका|श|मठों|में|बिन||तैया|ी|के|आने|वा|ी|महिला|ं|के|लिए|सिर|पर|लपेटन||का|कपडा|उपलब|ध|करा|ा|जाता|है,|लेकिन|अगर|आप|अपना,|विश|ष|रूप|से|चमक|ले|रं||का|कपड़ा|ला|े|हैं,|तो|आपको|प्रव|श|द्वा||पर|सा|ु|या|नन|से|एक|प्या|ी|सी|मुस|का||मिल|गी।"", ""44"": ""अ|िका|श|मठों|में|बिना|तैया|ी|के|आने|वा|ी|महिला|ं|के|लिए|सिर|पर|लपेटने|का|कपडा|उपलब|ध|करा|ा|जाता|है,|लेकिन|अगर|आप|अपना,|विश|ष|रूप|से|चमक|ले|रंग|का|कपड़ा|ला|े|हैं,|तो|आपक||प्रव|श|द्वा||पर|साधु|या|नन|से|एक|प्या|ी|सी|मुस्का||मिल|गी।"", ""45"": ""अधि|का|श|मठों|में|बिना|तैया|ी|के|आने|वा|ी|महिला|ं|के|लिए|सिर|पर|लपेटने|का|कपडा|उपलब|ध|करा|ा|जाता|है,|लेकिन|अगर|आप|अपना,|विश|ष|रूप|से|चमक|ले|रंग|का|कपड़ा|ला|े|हैं,|तो|आपक||प्रव|श|द्वा||पर|सा|ु|या|नन|से|एक|प्या|ी|सी|मुस्का||मिल|ग|।"", ""46"": ""अ|िका|श|मठों|में|बिना|तैया|ी|के|आने|वा|ी|महिला|ं|के|लिए|सिर|पर|लपेटने|का|कपडा|उपलब|ध|करा|ा|जाता|है,|लेकिन|अगर|आप|अपना,|विश|||रूप|से|चमक|ले|रंग|का|कपड़ा|ला|े|हैं,|तो|आपको|प्रव|श|द्वा||पर|सा|ु|या|नन|से|एक|प्या|ी|सी|मुस्का||मिल|गी।""}"
hi,"अधिकांश लोग मुर्गी पालन करते हैं, लेकिन पक्षी पालन में कुछ जोखिम भी है।",1,1,5,5,True,"à¤ħà¤§|à¤¿à¤ķ|à¤¾à¤Ĥ|à¤¶|Ġà¤²|à¥ĭà¤Ĺ|Ġà¤®|à¥ģà¤°|à¥įà¤Ĺ|à¥Ģ|Ġà¤ª|à¤¾à¤²à¤¨|Ġà¤ķà¤°à¤¤|à¥ĩ|Ġà¤¹|à¥Īà¤Ĥ,|Ġà¤²|à¥ĩà¤ķ|à¤¿à¤¨|Ġà¤ªà¤ķ|à¥įà¤·|à¥Ģ|Ġà¤ª|à¤¾à¤²à¤¨|Ġà¤®|à¥ĩà¤Ĥ|Ġà¤ķ|à¥ģà¤Ľ|Ġà¤ľ|à¥ĭà¤ĸ|à¤¿à¤®|Ġà¤Ń|à¥Ģ|Ġà¤¹|à¥Īà¥¤","अधि|का|श|लोग|मुर|ग||पा|न|करते|हैं,|लेकिन|पक्ष||पा|न|में|कुछ|जोखि|म|भी|है।","{""42"": ""अधि|का|श|लोग|मुर|ग||पा|न|करते|हैं,|लेकिन|पक्ष||पा|न|में|कुछ|जोखि|म|भी|है।"", ""43"": ""अ|िका|श|लोग|मुर|ग||पा|न|करते|हैं,|लेकिन|पक्ष||पा|न|में|कुछ|जोखि|म|भी|है।"", ""44"": ""अ|ि|का|श|लोग|मुर|ग||पा|न|करते|हैं,|लेकिन|पक|ष||पा|न|में|कुछ|जोखि|म|भी|है।"", ""45"": ""अधि|का|श|लोग|मुर|गी|पा|न|करते|हैं,|लेकि|न|पक्ष||पा|न|में|कुछ|जोखि|म|भी|है।"", ""46"": ""अ|ि|का|श|लोग|मुर|गी|पा|न|करते|हैं,|लेकिन|पक्ष||पा|न|में|कुछ|जोखि|म|भी|है।""}"
hi,अधिकारियों के अनुमान के अनुसार साइट पर यूरेनियम ईंधन रखने वाले कंटेनर टूट गए होंगे और लीक हो रहे होंगे.,1,1,5,5,True,à¤ħà¤§|à¤¿à¤ķ|à¤¾à¤°|à¤¿à¤¯|à¥ĭà¤Ĥ|Ġà¤ķ|à¥ĩ|Ġà¤ħà¤¨|à¥ģà¤®|à¤¾à¤¨|Ġà¤ķ|à¥ĩ|Ġà¤ħà¤¨|à¥ģà¤¸|à¤¾à¤°|Ġà¤¸|à¤¾à¤ĩà¤Ł|Ġà¤ªà¤°|Ġà¤¯|à¥Ĥà¤°|à¥ĩà¤¨|à¤¿à¤¯à¤®|Ġà¤Ī|à¤Ĥà¤§à¤¨|Ġà¤°à¤ĸà¤¨|à¥ĩ|Ġà¤µ|à¤¾à¤²|à¥ĩ|Ġà¤ķ|à¤Ĥà¤Ł|à¥ĩà¤¨à¤°|Ġà¤Ł|à¥Ĥà¤Ł|Ġà¤Ĺà¤ı|Ġà¤¹|à¥ĭà¤Ĥ|à¤Ĺ|à¥ĩ|Ġà¤Ķà¤°|Ġà¤²|à¥Ģà¤ķ|Ġà¤¹|à¥ĭ|Ġà¤°à¤¹|à¥ĩ|Ġà¤¹|à¥ĭà¤Ĥ|à¤Ĺ|à¥ĩ.,अ|ि|का|ि|यों|के|अनुमा||के|अनुसा||सा|ट|पर|यूर|नियम|ईंधन|रखने|वा|े|कंट|नर|टूट|गए|होंगे|और|लीक|हो|रहे|होंग|.,"{""42"": ""अ|ि|का|ि|यों|के|अनुमा||के|अनुसा||सा|ट|पर|यूर|नियम|ईंधन|रखने|वा|े|कंट|नर|टूट|गए|होंगे|और|लीक|हो|रहे|होंग|."", ""43"": ""अ|ि|का|ि|यों|के|अनुमा||के|अन|सा||साइट|पर|यूर|नि|यम|ईंधन|रखन||वा|े|कंट|नर|टूट|गए|होंग||और|लीक|हो|रहे|होंगे."", ""44"": ""अ|ि|का|ि|यों|के|अन|मा||के|अनुसा||साइट|पर|यूर|नियम|ईंधन|रखने|वा|े|कंट|नर|टूट|गए|होंगे|और|लीक|हो|रहे|होंगे."", ""45"": ""अ|ि|का|ि|यों|के|अन|मा||के|अनुसा||साइट|पर|यूर|नियम|ईंधन|रखन||वा|े|कंट|नर|टूट|गए|होंग||और|लीक|हो|रहे|होंग|."", ""46"": ""अ|ि|का|ि|यों|के|अनुमा||के|अनुसा||सा|ट|पर|यूर|नियम|ईंधन|रखने|वा|े|कंट|नर|टूट|गए|होंगे|और|लीक|हो|रहे|होंगे.""}"
hi,"अधिकारियों को खतरे की सच्चाई के बारे में पता नहीं है, इसलिए मैरीलैंड परिवहन प्राधिकरण ने एफबीआई के कहने पर इसकी छानबीन बंद कर दी है.",1,1,5,5,True,"à¤ħà¤§|à¤¿à¤ķ|à¤¾à¤°|à¤¿à¤¯|à¥ĭà¤Ĥ|Ġà¤ķ|à¥ĭ|Ġà¤ĸà¤¤à¤°|à¥ĩ|Ġà¤ķ|à¥Ģ|Ġà¤¸à¤ļ|à¥įà¤ļ|à¤¾à¤Ī|Ġà¤ķ|à¥ĩ|Ġà¤¬|à¤¾à¤°|à¥ĩ|Ġà¤®|à¥ĩà¤Ĥ|Ġà¤ªà¤¤|à¤¾|Ġà¤¨à¤¹|à¥Ģà¤Ĥ|Ġà¤¹|à¥Ī,|Ġà¤ĩà¤¸à¤²|à¤¿à¤ı|Ġà¤®|à¥Īà¤°|à¥Ģà¤²|à¥Īà¤Ĥ|à¤¡|Ġà¤ªà¤°|à¤¿à¤µà¤¹à¤¨|Ġà¤ª|à¥įà¤°|à¤¾à¤§|à¤¿à¤ķà¤°à¤£|Ġà¤¨|à¥ĩ|Ġà¤ıà¤«|à¤¬|à¥Ģà¤Ĩà¤Ī|Ġà¤ķ|à¥ĩ|Ġà¤ķà¤¹à¤¨|à¥ĩ|Ġà¤ªà¤°|Ġà¤ĩà¤¸à¤ķ|à¥Ģ|Ġà¤Ľ|à¤¾à¤¨à¤¬|à¥Ģà¤¨|Ġà¤¬|à¤Ĥà¤¦|Ġà¤ķà¤°|Ġà¤¦|à¥Ģ|Ġà¤¹|à¥Ī.","अ|ि|का|ि|यों|को|खतर||की|सच्चा||के|बारे|में|पता|नहीं|है,|इसलिए|मैर|ल|ंड|परिवहन|प्रा|ि|करण|ने|एफब|आ||के|कहने|पर|इसकी|छा|ब|न|बंद|कर|दी|है.","{""42"": ""अ|ि|का|ि|यों|को|खतर||की|सच्चा||के|बारे|में|पता|नहीं|है,|इसलिए|मैर|ल|ंड|परिवहन|प्रा|ि|करण|ने|एफब|आ||के|कहने|पर|इसकी|छा|ब|न|बंद|कर|दी|है."", ""43"": ""अ|ि|का|ि|यों|को|खतर||की|सच्चा||के|बारे|में|पता|नहीं|है,|इसलिए|मैर|ल|ंड|परिवहन|प्रा|िकरण|ने|एफब|आई|के|कहने|पर|इसकी|छा|ब|न|बंद|कर|दी|है."", ""44"": ""अ|ि|का|ि|यों|को|खतर||की|सच्चा||के|बारे|में|पता|नहीं|है,|इसलिए|मैर|ल|ंड|परिवह||प्रा|ि|करण|ने|एफब|आई|के|कहने|पर|इसकी|छा|ब|न|बंद|कर|दी|है."", ""45"": ""अ|िका|ि|यों|को|खतर||की|सच्चा||के|बारे|में|पता|नहीं|है,|इसलिए|मैर|ल|ंड|परिवहन|प्रा|ि|करण|ने|एफब|आई|के|कहने|पर|इसकी|छा|ब|न|बंद|कर|दी|है."", ""46"": ""अ|ि|का|ि|यों|को|खतर||की|सच्चा||के|बारे|में|पता|नहीं|है,|इसलिए|मैर|लैंड|परिवह||प्रा|िकरण|ने|एफबीआई|के|कहने|पर|इसकी|छा|ब|न|बंद|कर|दी|है.""}"
hi,"अनुवाद इंजनों में काफी सुधार हुआ है, और अब अक्सर लगभग सही अनुवाद किये जाते हैं (बकवास काफी हद तक कम हुआ है), लेकिन कुछ देखभाल की आवश्यकता है, क्योंकि अब भी मुमकिन है कि सब कुछ गलत हो रहा हो।",1,1,5,5,True,"à¤ħà¤¨|à¥ģà¤µ|à¤¾à¤¦|Ġà¤ĩ|à¤Ĥà¤ľà¤¨|à¥ĭà¤Ĥ|Ġà¤®|à¥ĩà¤Ĥ|Ġà¤ķ|à¤¾à¤«|à¥Ģ|Ġà¤¸|à¥ģà¤§|à¤¾à¤°|Ġà¤¹|à¥ģà¤Ĩ|Ġà¤¹|à¥Ī,|Ġà¤Ķà¤°|Ġà¤ħà¤¬|Ġà¤ħà¤ķ|à¥įà¤¸à¤°|Ġà¤²à¤Ĺà¤Ńà¤Ĺ|Ġà¤¸à¤¹|à¥Ģ|Ġà¤ħà¤¨|à¥ģà¤µ|à¤¾à¤¦|Ġà¤ķ|à¤¿à¤¯|à¥ĩ|Ġà¤ľ|à¤¾à¤¤|à¥ĩ|Ġà¤¹|à¥Īà¤Ĥ|Ġ(|à¤¬|à¤ķ|à¤µ|à¤¾à¤¸|Ġà¤ķ|à¤¾à¤«|à¥Ģ|Ġà¤¹à¤¦|Ġà¤¤à¤ķ|Ġà¤ķà¤®|Ġà¤¹|à¥ģà¤Ĩ|Ġà¤¹|à¥Ī|),|Ġà¤²|à¥ĩà¤ķ|à¤¿à¤¨|Ġà¤ķ|à¥ģà¤Ľ|Ġà¤¦|à¥ĩà¤ĸà¤Ń|à¤¾à¤²|Ġà¤ķ|à¥Ģ|Ġà¤Ĩà¤µà¤¶|à¥įà¤¯à¤ķà¤¤|à¤¾|Ġà¤¹|à¥Ī,|Ġà¤ķ|à¥įà¤¯|à¥ĭà¤Ĥ|à¤ķ|à¤¿|Ġà¤ħà¤¬|Ġà¤Ń|à¥Ģ|Ġà¤®|à¥ģà¤®à¤ķ|à¤¿à¤¨|Ġà¤¹|à¥Ī|Ġà¤ķ|à¤¿|Ġà¤¸à¤¬|Ġà¤ķ|à¥ģà¤Ľ|Ġà¤Ĺà¤²à¤¤|Ġà¤¹|à¥ĭ|Ġà¤°à¤¹|à¤¾|Ġà¤¹|à¥ĭà¥¤","अ||वा||इंजन|||में|का|ी|सुधा||हुआ|है,|और|अब|अक|सर|लगभग|सही|अनुवा||किये|जाते|हैं|(बकवा||का|ी|हद|तक|कम|हुआ|है),|लेकिन|कुछ|देख|ा||की|आवश|यकता|है,|क्य|ंकि|अब|भी|मुमकिन|है|कि|सब|कुछ|गलत|हो|रहा|हो।","{""42"": ""अ||वा||इंजन|||में|का|ी|सुधा||हुआ|है,|और|अब|अक|सर|लगभग|सही|अनुवा||किये|जाते|हैं|(बकवा||का|ी|हद|तक|कम|हुआ|है),|लेकिन|कुछ|देख|ा||की|आवश|यकता|है,|क्य|ंकि|अब|भी|मुमकिन|है|कि|सब|कुछ|गलत|हो|रहा|हो।"", ""43"": ""अ||वा||इंजन|ं|में|का|ी|सुधा||हुआ|है,|और|अब|अक|सर|लगभग|सही|अन|वा||किये|जाते|हैं|(बकवा||का|ी|हद|तक|कम|हुआ|है),|लेकिन|कुछ|देखभा||की|आवश|यक|ा|है,|क्य|ंक||अब|भी|मुमकिन|है|कि|सब|कुछ|गलत|हो|रहा|हो।"", ""44"": ""अ||वा||इंजन|ं|में|का|ी|सुधा||हुआ|है,|और|अब|अक|सर|लगभग|सही|अन|वा||किये|जाते|हैं|(बकवा||का|ी|हद|तक|कम|हुआ|है),|लेकिन|कुछ|देखभा||की|आवश|यक|ा|है,|क्य|ंकि|अब|भी|मुमकिन|है|कि|सब|कुछ|गलत|हो|रहा|हो।"", ""45"": ""अ||वा||इंजन|ं|में|का|ी|सुधा||हुआ|है,|और|अब|अक|सर|लगभग|सही|अनुवा||किये|जाते|हैं|(बकवा||का|ी|हद|तक|कम|हुआ|है),|लेकि|न|कुछ|देखभा||की|आवश|यकता|है,|क्योंकि|अब|भी|मुमकिन|है|कि|सब|कुछ|गलत|हो|रहा|हो।"", ""46"": ""अ||वा||इंजन|ं|में|का|ी|सुधा||हुआ|है,|और|अब|अक|सर|लगभग|सही|अन|वा||किये|जाते|हैं|(बकवा||का|ी|हद|तक|कम|हुआ|है),|लेकिन|कुछ|देखभा||की|आवश|यकता|है,|क्योंकि|अब|भी|मुमकिन|है|कि|सब|कुछ|गलत|हो|रहा|हो।""}"
hi,"अन्तर्राष्ट्रीय स्तर पर, लगभग 200 टूर संगठन चलते हैं। उनमें से अधिकतर स्वतंत्र रूप से काम करते हैं।",1,1,5,5,True,"à¤ħà¤¨|à¥įà¤¤à¤°|à¥įà¤°|à¤¾à¤·|à¥įà¤Ł|à¥įà¤°|à¥Ģà¤¯|Ġà¤¸|à¥įà¤¤à¤°|Ġà¤ªà¤°|,|Ġà¤²à¤Ĺà¤Ńà¤Ĺ|Ġ|200|Ġà¤Ł|à¥Ĥà¤°|Ġà¤¸|à¤Ĥà¤Ĺà¤łà¤¨|Ġà¤ļà¤²à¤¤|à¥ĩ|Ġà¤¹|à¥Īà¤Ĥà¥¤|Ġà¤īà¤¨à¤®|à¥ĩà¤Ĥ|Ġà¤¸|à¥ĩ|Ġà¤ħà¤§|à¤¿à¤ķà¤¤à¤°|Ġà¤¸|à¥įà¤µà¤¤|à¤Ĥà¤¤|à¥įà¤°|Ġà¤°|à¥Ĥà¤ª|Ġà¤¸|à¥ĩ|Ġà¤ķ|à¤¾à¤®|Ġà¤ķà¤°à¤¤|à¥ĩ|Ġà¤¹|à¥Īà¤Ĥà¥¤","अन|तर|रा|्ट्र|य|स्तर|पर,|लगभग|200|टूर|संगठन|चलते|हैं।|उनम|ं|से|अधिकतर|स्वतंत|र|रूप|से|का||करते|हैं।","{""42"": ""अन|तर|रा|्ट्र|य|स्तर|पर,|लगभग|200|टूर|संगठन|चलते|हैं।|उनम|ं|से|अधिकतर|स्वतंत|र|रूप|से|का||करते|हैं।"", ""43"": ""अ||तर|रा|्ट्र|य|स्तर|पर,|लगभग|200|टूर|संगठन|चलत||हैं।|उनम|ं|से|अधिकतर|स्वतंत|र|रूप|से|का||करते|हैं।"", ""44"": ""अ||तर|रा|्ट्र|य|स्तर|पर,|लगभग|200|टूर|संगठन|चलत||हैं।|उनमें|से|अधिकतर|स्वतं||र|रूप|से|का||करते|हैं।"", ""45"": ""अ||तर|रा|्ट्र|य|स्तर|पर,|लगभग|200|टूर|संगठ|न|चलत||हैं।|उनम|ं|से|अधिकतर|स्वतंत|र|रूप|से|का||करते|हैं।"", ""46"": ""अ||तर|रा|्ट्र|य|स्तर|पर,|लगभ||200|टूर|संगठन|चलत||हैं।|उनम|ं|से|अधिकतर|स्वतं||र|रूप|से|का||करते|हैं।""}"
hi,"अन्य नरवानर गण के विपरीत, वनमानुष अब अपने हाथों का इस्तेमाल चलने में या वज़न उठाने या पेड़ों से झूलने में नहीं करते हैं.",1,1,5,5,True,"à¤ħà¤¨|à¥įà¤¯|Ġà¤¨à¤°|à¤µ|à¤¾à¤¨|à¤°|Ġà¤Ĺà¤£|Ġà¤ķ|à¥ĩ|Ġà¤µ|à¤¿à¤ªà¤°|à¥Ģà¤¤|,|Ġà¤µà¤¨|à¤®|à¤¾à¤¨|à¥ģà¤·|Ġà¤ħà¤¬|Ġà¤ħà¤ªà¤¨|à¥ĩ|Ġà¤¹|à¤¾à¤¥|à¥ĭà¤Ĥ|Ġà¤ķ|à¤¾|Ġà¤ĩà¤¸|à¥įà¤¤|à¥ĩà¤®|à¤¾à¤²|Ġà¤ļà¤²à¤¨|à¥ĩ|Ġà¤®|à¥ĩà¤Ĥ|Ġà¤¯|à¤¾|Ġà¤µà¤ľ|à¤¼à¤¨|Ġà¤īà¤ł|à¤¾à¤¨|à¥ĩ|Ġà¤¯|à¤¾|Ġà¤ª|à¥ĩà¤¡|à¤¼à¥ĭà¤Ĥ|Ġà¤¸|à¥ĩ|Ġà¤Ŀ|à¥Ĥà¤²à¤¨|à¥ĩ|Ġà¤®|à¥ĩà¤Ĥ|Ġà¤¨à¤¹|à¥Ģà¤Ĥ|Ġà¤ķà¤°à¤¤|à¥ĩ|Ġà¤¹|à¥Īà¤Ĥ.","अ||य|नरवा|र|गण|के|विपर|त,|वनमा|ुष|अब|अपने|हा|ों|का|इस्त|मा||चलने|में|या|वज़न|उठा|े|या|पेड़|ं|से|झूलन||में|नहीं|करते|हैं.","{""42"": ""अ||य|नरवा|र|गण|के|विपर|त,|वनमा|ुष|अब|अपने|हा|ों|का|इस्त|मा||चलने|में|या|वज़न|उठा|े|या|पेड़|ं|से|झूलन||में|नहीं|करते|हैं."", ""43"": ""अ||य|नरवा|र|गण|के|विपर|त,|वनमा|ुष|अब|अपने|हा|ों|का|इस्त|मा||चलन||में|या|वज़न|उठा|े|या|पेड़ों|से|झूलने|में|नहीं|करते|हैं."", ""44"": ""अन|य|नरवा|र|गण|के|विपर|त,|वनमा|ुष|अब|अपने|हा|ों|का|इस्त|मा||चलने|में|या|वज़न|उठा|े|या|पेड़|ं|से|झूलन||में|नहीं|करते|हैं."", ""45"": ""अन|य|नरवा|र|गण|के|विपर|त,|वनमा|ुष|अब|अपने|हा|ों|का|इस्त|मा||चलन||में|या|वज़न|उठा|े|या|पेड़ों|से|झूलन||में|नहीं|करत||हैं."", ""46"": ""अ|्य|नरवा|र|गण|के|विपर|त,|वनमा|ुष|अब|अपने|हा|ों|का|इस्त|मा||चलन||में|या|वज़न|उठा|े|या|पेड़|ं|से|झूलन||में|नहीं|करते|हैं.""}"
hi,"अन्य नामांकनों में बेस्ट पिक्चर, डायरेक्टर, सिनेमेटोग्राफ़ी, कॉस्ट्यूम डिज़ाइन, फ़िल्म-संपादन, मूल स्कोर, प्रोडक्शन डिज़ाइन, ध्वनि संपादन, ध्वनि मिश्रण और ओरिजनल स्क्रीनप्ले शामिल हैं.",1,1,5,5,True,"à¤ħà¤¨|à¥įà¤¯|Ġà¤¨|à¤¾à¤®|à¤¾à¤Ĥ|à¤ķà¤¨|à¥ĭà¤Ĥ|Ġà¤®|à¥ĩà¤Ĥ|Ġà¤¬|à¥ĩà¤¸|à¥įà¤Ł|Ġà¤ª|à¤¿à¤ķ|à¥įà¤ļà¤°|,|Ġà¤¡|à¤¾à¤¯à¤°|à¥ĩà¤ķ|à¥įà¤Łà¤°|,|Ġà¤¸|à¤¿à¤¨|à¥ĩà¤®|à¥ĩà¤Ł|à¥ĭà¤Ĺ|à¥įà¤°|à¤¾à¤«|à¤¼à¥Ģ,|Ġà¤ķ|à¥īà¤¸|à¥įà¤Ł|à¥įà¤¯|à¥Ĥà¤®|Ġà¤¡|à¤¿à¤ľ|à¤¼à¤¾|à¤ĩà¤¨|,|Ġà¤«|à¤¼à¤¿|à¤²|à¥įà¤®|-à¤¸|à¤Ĥà¤ª|à¤¾à¤¦à¤¨|,|Ġà¤®|à¥Ĥà¤²|Ġà¤¸|à¥įà¤ķ|à¥ĭà¤°|,|Ġà¤ª|à¥įà¤°|à¥ĭà¤¡à¤ķ|à¥įà¤¶à¤¨|Ġà¤¡|à¤¿à¤ľ|à¤¼à¤¾|à¤ĩà¤¨|,|Ġà¤§|à¥įà¤µà¤¨|à¤¿|Ġà¤¸|à¤Ĥà¤ª|à¤¾à¤¦à¤¨|,|Ġà¤§|à¥įà¤µà¤¨|à¤¿|Ġà¤®|à¤¿à¤¶|à¥įà¤°à¤£|Ġà¤Ķà¤°|Ġà¤ĵà¤°|à¤¿à¤ľ|à¤¨à¤²|Ġà¤¸|à¥įà¤ķ|à¥įà¤°|à¥Ģà¤¨|à¤ª|à¥įà¤²|à¥ĩ|Ġà¤¶|à¤¾à¤®|à¤¿à¤²|Ġà¤¹|à¥Īà¤Ĥ.","अन|य|ना|ा|कन|ं|में|बेस|ट|पिक|चर,|डा|र|क|टर,|सिने||टोग्रा|़ी,|कॉस्ट|य|म|डि|़ा|न,|फ़िल|म-|संपा|न,|मूल|स्क|र,|प्र|डक|शन|डिज़ा|न,|ध्वनि||संपा|न,|ध्वनि||मिश|रण|और|ओरिजनल|स्क|र|नप|ल||शा|िल|हैं.","{""42"": ""अन|य|ना|ा|कन|ं|में|बेस|ट|पिक|चर,|डा|र|क|टर,|सिने||टोग्रा|़ी,|कॉस्ट|य|म|डि|़ा|न,|फ़िल|म-|संपा|न,|मूल|स्क|र,|प्र|डक|शन|डिज़ा|न,|ध्वनि||संपा|न,|ध्वनि||मिश|रण|और|ओरिजनल|स्क|र|नप|ल||शा|िल|हैं."", ""43"": ""अ||य|ना|ा|कन|ं|में|बेस्ट|पिक|चर,|डा|रेक|टर,|सिनेम|टोग|रा|़ी,|कॉस्ट|य|म|डिज़ा|न,|फ़िल|म-|संपा|न,|मूल|स्क|र,|प्र|डक|शन|डिज़ा|न,|ध्वनि||संपा|न,|ध्वनि||मिश|रण|और|ओरिजनल|स्क|र|नप|ल||शा|िल|हैं."", ""44"": ""अ||य|ना|ा|कन|ं|में|बेस्ट|पिक|चर,|डा|र|क|टर,|सिन|म|टोग|रा|़ी,|कॉस|ट|य|म|डिज़ा|न,|फ़िल|म-|संपा|न,|मूल|स्क|र,|प्र|डक|शन|डिज़ा|न,|ध्वनि||संपा|न,|ध्वनि||मिश|रण|और|ओरिजनल|स्क|र|नप|ल||शा|िल|हैं."", ""45"": ""अ||य|ना|ा|कन|ं|में|बेस्ट|पिक|चर,|डा|र|क|टर,|सिनेम|ट|ग|रा|़ी,|कॉस्ट|य|म|डिज़ा|न,|फ़िल|म-|संपा|न,|मूल|स्क|र,|प्र|डक|शन|डिज़ा|न,|ध्वनि||संपा|न,|ध्वनि||मिश|रण|और|ओरिजनल|स्क|र|नप|ल||शा|िल|हैं."", ""46"": ""अ||य|ना|ा|कन|ं|में|बेस|ट|पिक|चर,|डा|र|क|टर,|सिनेम|ट|ग|रा|़ी,|कॉस्ट|य|म|डिज़ा|न,|फ़िल|म-|संपा|न,|मूल|स्क|र,|प्र|डक|शन|डिज़ा|न,|ध्वनि||संपा|न,|ध्वनि||मिश|रण|और|ओरि|जनल|स्क|र|नप|ल||शा|िल|हैं.""}"
hi,"अन्य बायोरैड-आधारित विकल्पों में सोने से पहले बहुत सारे तरल पदार्थ पीना (विशेष रूप से पानी या चाय, एक प्रचलित मूत्रवर्धक) शामिल है, जिससे व्यक्ति को मूत्र करने के लिए मजबूर होना पड़ता है”.",1,1,5,5,True,"à¤ħà¤¨|à¥įà¤¯|Ġà¤¬|à¤¾à¤¯|à¥ĭà¤°|à¥Īà¤¡|-|à¤Ĩà¤§|à¤¾à¤°|à¤¿à¤¤|Ġà¤µ|à¤¿à¤ķà¤²|à¥įà¤ª|à¥ĭà¤Ĥ|Ġà¤®|à¥ĩà¤Ĥ|Ġà¤¸|à¥ĭà¤¨|à¥ĩ|Ġà¤¸|à¥ĩ|Ġà¤ªà¤¹à¤²|à¥ĩ|Ġà¤¬à¤¹|à¥ģà¤¤|Ġà¤¸|à¤¾à¤°|à¥ĩ|Ġà¤¤à¤°|à¤²|Ġà¤ªà¤¦|à¤¾à¤°|à¥įà¤¥|Ġà¤ª|à¥Ģà¤¨|à¤¾|Ġ(|à¤µ|à¤¿à¤¶|à¥ĩà¤·|Ġà¤°|à¥Ĥà¤ª|Ġà¤¸|à¥ĩ|Ġà¤ª|à¤¾à¤¨|à¥Ģ|Ġà¤¯|à¤¾|Ġà¤ļ|à¤¾à¤¯|,|Ġà¤ıà¤ķ|Ġà¤ª|à¥įà¤°à¤ļ|à¤²|à¤¿à¤¤|Ġà¤®|à¥Ĥà¤¤|à¥įà¤°à¤µà¤°|à¥įà¤§|à¤ķ|)|Ġà¤¶|à¤¾à¤®|à¤¿à¤²|Ġà¤¹|à¥Ī,|Ġà¤ľ|à¤¿à¤¸à¤¸|à¥ĩ|Ġà¤µ|à¥įà¤¯à¤ķ|à¥įà¤¤|à¤¿|Ġà¤ķ|à¥ĭ|Ġà¤®|à¥Ĥà¤¤|à¥įà¤°|Ġà¤ķà¤°à¤¨|à¥ĩ|Ġà¤ķ|à¥ĩ|Ġà¤²|à¤¿à¤ı|Ġà¤®à¤ľà¤¬|à¥Ĥà¤°|Ġà¤¹|à¥ĭà¤¨|à¤¾|Ġà¤ªà¤¡|à¤¼à¤¤|à¤¾|Ġà¤¹|à¥Ī|âĢĿ.","अ||य|बायोर|ड-|आधा|ि|त|विकल|प|ं|में|सोन||से|पहल||बहुत|सा|े|तरल|पदा|्थ|पीना|(विश|ष|रूप|से|पा|ी|या|चा|,|एक|प्रचलि|त|मूत|रवर|धक)|शा|िल|है,|जिससे|व्यक|ति|को|मूत्र|करने|के|लिए|मजब|र|होना|पड़ता|है”.","{""42"": ""अ||य|बायोर|ड-|आधा|ि|त|विकल|प|ं|में|सोन||से|पहल||बहुत|सा|े|तरल|पदा|्थ|पीना|(विश|ष|रूप|से|पा|ी|या|चा|,|एक|प्रचलि|त|मूत|रवर|धक)|शा|िल|है,|जिससे|व्यक|ति|को|मूत्र|करने|के|लिए|मजब|र|होना|पड़ता|है”."", ""43"": ""अ||य|बायोर|ड-|आधा|ि|त|विकल|प|ं|में|सोने|से|पहल||बहुत|सारे|तरल|पदा|्थ|पीना|(विश|ष|रूप|से|पा|ी|या|चा|,|एक|प्रच|लि|त|मूत|रवर|धक)|शा|िल|है,|जिसस||व्यक|ति|को|मूत|र|करने|के|लिए|मजब|र|होना|पड़ता|है”."", ""44"": ""अ||य|बा|ोर|ड-|आधा|ि|त|विकल|प|ं|में|सोने|से|पहल||बहुत|सा|े|तरल|पदा|्थ|पीना|(विश|ष|रूप|से|पा|ी|या|चा|,|एक|प्रच|लि|त|मूत|रवर|धक)|शा|िल|है,|जिससे|व्यक|ति|को|मूत|र|करने|के|लिए|मजब|र|होना|पड़ता|है”."", ""45"": ""अन|य|बायोर|ड-|आधा|ि|त|विकल|प|ं|में|सोने|से|पहले|बहुत|सा|े|तरल|पदा|्थ|पीना|(विश|ष|रूप|से|पा|ी|या|चा|,|एक|प्रच|लि|त|मूत|रवर|धक)|शा|िल|है,|जिसस||व्यक|ति|को|मूत्र|करने|के|लिए|मजब|र|होना|पड़ता|है”."", ""46"": ""अ||य|बायोर|ड-|आधा|ि|त|विकल|प|ं|में|सोने|से|पहले|बहुत|सा|े|तरल|पदा|्थ|पीना|(विश|ष|रूप|से|पा|ी|या|चा|,|एक|प्रच|लि|त|मूत|रवर|धक)|शा|िल|है,|जिसस||व्यक|ति|को|मूत|र|करने|के|लिए|मजब|र|होना|पड़ता|है”.""}"
hi,"अन्सा के अनुसार, “पुलिस शीर्ष स्तर के कुछ हिट्स से चिंतित थी उन्हें डर था कि वे उत्तराधिकार के लिए एक जंग छेड़ सकते हैं.",1,1,5,5,True,"à¤ħà¤¨|à¥įà¤¸|à¤¾|Ġà¤ķ|à¥ĩ|Ġà¤ħà¤¨|à¥ģà¤¸|à¤¾à¤°|,|ĠâĢľ|à¤ª|à¥ģà¤²|à¤¿à¤¸|Ġà¤¶|à¥Ģà¤°|à¥įà¤·|Ġà¤¸|à¥įà¤¤à¤°|Ġà¤ķ|à¥ĩ|Ġà¤ķ|à¥ģà¤Ľ|Ġà¤¹|à¤¿à¤Ł|à¥įà¤¸|Ġà¤¸|à¥ĩ|Ġà¤ļ|à¤¿à¤Ĥ|à¤¤|à¤¿à¤¤|Ġà¤¥|à¥Ģ|Ġà¤īà¤¨|à¥įà¤¹|à¥ĩà¤Ĥ|Ġà¤¡à¤°|Ġà¤¥|à¤¾|Ġà¤ķ|à¤¿|Ġà¤µ|à¥ĩ|Ġà¤īà¤¤|à¥įà¤¤à¤°|à¤¾à¤§|à¤¿à¤ķ|à¤¾à¤°|Ġà¤ķ|à¥ĩ|Ġà¤²|à¤¿à¤ı|Ġà¤ıà¤ķ|Ġà¤ľ|à¤Ĥà¤Ĺ|Ġà¤Ľ|à¥ĩà¤¡|à¤¼|Ġà¤¸à¤ķà¤¤|à¥ĩ|Ġà¤¹|à¥Īà¤Ĥ.","अ||स||के|अनुसा|,|“|पुलि|स|शीर|ष|स्तर|के|कुछ|हिट्स|से|चिंति|त|थी|उन्ह|ं|डर|था|कि|वे|उत|तरा|िका||के|लिए|एक|जंग|छेड़||सकते|हैं.","{""42"": ""अ||स||के|अनुसा|,|“|पुलि|स|शीर|ष|स्तर|के|कुछ|हिट्स|से|चिंति|त|थी|उन्ह|ं|डर|था|कि|वे|उत|तरा|िका||के|लिए|एक|जंग|छेड़||सकते|हैं."", ""43"": ""अन|सा|के|अनुसा|,|“|पुलि|स|शीर|ष|स्तर|के|कुछ|हिट्स|से|चिंति|त|थी|उन्ह|ं|डर|था|कि|वे|उत|तरा|िका||के|लिए|एक|जंग|छेड़|सकते|हैं."", ""44"": ""अ||सा|के|अनुसा|,|“|पुलि|स|शीर|ष|स्तर|के|कुछ|हिट्स|से|चिंति|त|थी|उन्ह|ं|डर|था|कि|वे|उत|तरा|ि|का||के|लिए|एक|जंग|छेड़|सकते|हैं."", ""45"": ""अ||सा|के|अनुसा|,|“|पुलि|स|शीर|ष|स्तर|के|कुछ|हिट्स|से|चिंति|त|थी|उन्ह|ं|डर|था|कि|वे|उत|तरा|िका||के|लिए|एक|जंग|छेड़|सकते|हैं."", ""46"": ""अ||स||के|अनुसा|,|“|पुलि|स|शीर|ष|स्तर|के|कुछ|हिट्स|से|चिंतित|थी|उन्ह|ं|डर|था|कि|वे|उत|तरा|िका||के|लिए|एक|जंग|छेड़|सकते|हैं.""}"
hi,"अपनी जेब में 4 सेंट्स, कविता की एक पुस्तक और उनके थॉमस एडिसन को संबोधित सिफारिशी चिट्ठी (पिछली नौकरी के मैनेजर द्वारा लिखी) लेकर वे अमरीका पहुंचे.",1,1,5,5,True,"à¤ħà¤ªà¤¨|à¥Ģ|Ġà¤ľ|à¥ĩà¤¬|Ġà¤®|à¥ĩà¤Ĥ|Ġ|4|Ġà¤¸|à¥ĩà¤Ĥ|à¤Ł|à¥įà¤¸|,|Ġà¤ķà¤µ|à¤¿à¤¤|à¤¾|Ġà¤ķ|à¥Ģ|Ġà¤ıà¤ķ|Ġà¤ª|à¥ģà¤¸|à¥įà¤¤à¤ķ|Ġà¤Ķà¤°|Ġà¤īà¤¨à¤ķ|à¥ĩ|Ġà¤¥|à¥īà¤®|à¤¸|Ġà¤ıà¤¡|à¤¿à¤¸à¤¨|Ġà¤ķ|à¥ĭ|Ġà¤¸|à¤Ĥà¤¬|à¥ĭà¤§|à¤¿à¤¤|Ġà¤¸|à¤¿à¤«|à¤¾à¤°|à¤¿à¤¶|à¥Ģ|Ġà¤ļ|à¤¿à¤Ł|à¥įà¤ł|à¥Ģ|Ġ(|à¤ª|à¤¿à¤Ľà¤²|à¥Ģ|Ġà¤¨|à¥Įà¤ķà¤°|à¥Ģ|Ġà¤ķ|à¥ĩ|Ġà¤®|à¥Īà¤¨|à¥ĩà¤ľà¤°|Ġà¤¦|à¥įà¤µ|à¤¾à¤°|à¤¾|Ġà¤²|à¤¿à¤ĸ|à¥Ģ)|Ġà¤²|à¥ĩà¤ķà¤°|Ġà¤µ|à¥ĩ|Ġà¤ħà¤®à¤°|à¥Ģà¤ķ|à¤¾|Ġà¤ªà¤¹|à¥ģà¤Ĥ|à¤ļ|à¥ĩ.","अपनी|जेब|में|4 सेंट|स,|कविता|की|एक|पुस|तक|और|उनके|थॉमस|एडिस||को|संब|धि|त|सिफा|िश||चिट|ठ||(पिछली|नौकर||के|मैन|जर|द्वा|ा|लिख|)|लेकर|वे|अमर|क||पहुंच|े.","{""42"": ""अपनी|जेब|में|4 सेंट|स,|कविता|की|एक|पुस|तक|और|उनके|थॉमस|एडिस||को|संब|धि|त|सिफा|िश||चिट|ठ||(पिछली|नौकर||के|मैन|जर|द्वा|ा|लिख|)|लेकर|वे|अमर|क||पहुंच|े."", ""43"": ""अ|नी|जेब|में|4 सेंट|स,|कविता|की|एक|पुस्तक|और|उनके|थॉमस|एडिसन|को|संब|धि|त|सिफा|ि|श||चिट|ठ||(पिछल||नौकर||के|मैन|जर|द्वा|ा|लिख|)|लेकर|वे|अमर|का|पहुंच|े."", ""44"": ""अपन||जेब|में|4 सेंट|स,|कविता|की|एक|पुस्तक|और|उनके|थॉमस|एडिसन|को|संब|धि|त|सिफा|ि|श||चिट|ठ||(पिछली|नौकर||के|मैने|र|द्वा|ा|लिखी)|लेकर|वे|अमर|का|पहुंच|े."", ""45"": ""अ|नी|जेब|में|4 सेंट|स,|कविता|की|एक|पुस|तक|और|उनके|थॉमस|एडिसन|को|संब|धि|त|सिफा|ि|श||चिट|ठ||(पिछल||नौकर||के|मैन|जर|द्वा|ा|लिख|)|लेकर|वे|अमर|का|पहुंच|े."", ""46"": ""अ|न||जेब|में|4 सेंट|स,|कविता|की|एक|पुस्तक|और|उनके|थॉमस|एडिसन|को|संब|धि|त|सिफा|िश||चिट|ठ||(पिछली|नौकर||के|मैन|जर|द्वा|ा|लिखी)|लेकर|वे|अमर|का|पहुंच|े.""}"
hi,अपनी टिप्पणियों के बावजूद उसने कहा कि वह लंदन में आयोजित 2012 ओलिम्पिक्स में ब्रिटिश प्रतिस्पर्धियों का समर्थन करेगा.,1,1,5,5,True,à¤ħà¤ªà¤¨|à¥Ģ|Ġà¤Ł|à¤¿à¤ª|à¥įà¤ªà¤£|à¤¿à¤¯|à¥ĭà¤Ĥ|Ġà¤ķ|à¥ĩ|Ġà¤¬|à¤¾à¤µà¤ľ|à¥Ĥà¤¦|Ġà¤īà¤¸à¤¨|à¥ĩ|Ġà¤ķà¤¹|à¤¾|Ġà¤ķ|à¤¿|Ġà¤µà¤¹|Ġà¤²|à¤Ĥà¤¦à¤¨|Ġà¤®|à¥ĩà¤Ĥ|Ġà¤Ĩà¤¯|à¥ĭà¤ľ|à¤¿à¤¤|Ġ|201|2|Ġà¤ĵà¤²|à¤¿à¤®|à¥įà¤ª|à¤¿à¤ķ|à¥įà¤¸|Ġà¤®|à¥ĩà¤Ĥ|Ġà¤¬|à¥įà¤°|à¤¿à¤Ł|à¤¿à¤¶|Ġà¤ª|à¥įà¤°à¤¤|à¤¿à¤¸|à¥įà¤ªà¤°|à¥įà¤§|à¤¿à¤¯|à¥ĭà¤Ĥ|Ġà¤ķ|à¤¾|Ġà¤¸à¤®à¤°|à¥įà¤¥à¤¨|Ġà¤ķà¤°|à¥ĩà¤Ĺ|à¤¾.,अ|नी|टिप|पणि|यों|के|बावज|द|उसने|कहा|कि|वह|लंदन|में|आयोजि|त|2012|ओलिम|पि|क|स|में|ब्रिटि|श|प्रति|स|पर|धियों|का|समर|थन|करेगा.,"{""42"": ""अ|नी|टिप|पणि|यों|के|बावज|द|उसने|कहा|कि|वह|लंदन|में|आयोजि|त|2012|ओलिम|पि|क|स|में|ब्रिटि|श|प्रति|स|पर|धियों|का|समर|थन|करेगा."", ""43"": ""अप|ी|टिप|पणि|यों|के|बावज|द|उसने|कहा|कि|वह|लंदन|में|आयोजि|त|2012|ओलिम|पि|क|स|में|ब्रि|टि|श|प्रति|स्पर|धि|यों|का|समर|थन|करेगा."", ""44"": ""अ|नी|टिप|पणि|यों|के|बावजूद|उसने|कहा|कि|वह|लंदन|में|आयोजि|त|2012|ओलिम|पि|क|स|में|ब्रि|टि|श|प्रति|स|पर|धि|यों|का|समर|थन|करेगा."", ""45"": ""अ|नी|टिप|पणि|यों|के|बावज|द|उसने|कहा|कि|वह|लंदन|में|आयोजि|त|2012|ओलि|म्पि|क|स|में|ब्रिटि|श|प्रति|स|पर|धियों|का|समर|थन|करेगा."", ""46"": ""अ|नी|टिप|पणि|यों|के|बावजूद|उसने|कहा|कि|वह|लंदन|में|आय|जि|त|2012|ओलि|म|पि|क|स|में|ब्रिटि|श|प्रति|स|पर|धि|यों|का|समर|थन|करेगा.""}"
hi,"अपनी भाषा में और ऑनलाइन अपने पास एक कॉपी रखें (अटैचमेंट के साथ खुद को ई-मेल करें, या “क्लाउड” में सेव करें).",1,1,5,5,True,"à¤ħà¤ªà¤¨|à¥Ģ|Ġà¤Ń|à¤¾à¤·|à¤¾|Ġà¤®|à¥ĩà¤Ĥ|Ġà¤Ķà¤°|Ġà¤ĳà¤¨à¤²|à¤¾à¤ĩà¤¨|Ġà¤ħà¤ªà¤¨|à¥ĩ|Ġà¤ª|à¤¾à¤¸|Ġà¤ıà¤ķ|Ġà¤ķ|à¥īà¤ª|à¥Ģ|Ġà¤°à¤ĸ|à¥ĩà¤Ĥ|Ġ(|à¤ħ|à¤Ł|à¥Īà¤ļ|à¤®|à¥ĩà¤Ĥ|à¤Ł|Ġà¤ķ|à¥ĩ|Ġà¤¸|à¤¾à¤¥|Ġà¤ĸ|à¥ģà¤¦|Ġà¤ķ|à¥ĭ|Ġà¤Ī|-à¤®|à¥ĩà¤²|Ġà¤ķà¤°|à¥ĩà¤Ĥ,|Ġà¤¯|à¤¾|ĠâĢľ|à¤ķ|à¥įà¤²|à¤¾à¤īà¤¡|âĢĿ|Ġà¤®|à¥ĩà¤Ĥ|Ġà¤¸|à¥ĩà¤µ|Ġà¤ķà¤°|à¥ĩà¤Ĥ|).","अ|नी|भाषा|में|और|ऑनला|न|अपने|पा||एक|कॉप||रखें|(अट|चम|ंट|के|साथ|खुद|को|ई-|मेल|करें,|या|“क्ला|ड”|में|सेव|करें).","{""42"": ""अ|नी|भाषा|में|और|ऑनला|न|अपने|पा||एक|कॉप||रखें|(अट|चम|ंट|के|साथ|खुद|को|ई-|मेल|करें,|या|“क्ला|ड”|में|सेव|करें)."", ""43"": ""अपन||भा|ा|में|और|ऑनला|न|अपने|पा||एक|कॉप||रखें|(अट|चम|ंट|के|साथ|खुद|को|ई-|मेल|करें,|या|“|क्ला|ड”||में|सेव|करें)."", ""44"": ""अ||||भा|ा|में|और|ऑनला|न|अपने|पा||एक|कॉप||रखें|(अटैचम|ंट|के|साथ|खुद|को|ई-|मेल|करें,|या|“क्ला|ड”|में|सेव|करें)."", ""45"": ""अ|न||भा|ा|में|और|ऑनला|न|अपने|पा||एक|कॉप||रखें|(अटैचम|ंट|के|साथ|खुद|को|ई-|मेल|कर|ं,|या|“|क्ला|ड”|में|सेव|कर|ं)."", ""46"": ""अपनी|भाषा|में|और|ऑनला|न|अपने|पा||एक|कॉप||रखें|(अटैचम|ंट|के|साथ|खुद|को|ई-|मेल|कर|ं,|या|“क्ला|ड”|में|सेव|कर|ं).""}"
hi,"अपनी सदर्न सिस्टर्स के खिलाफ़ खेल में निर्णायक रूप से कमज़ोर दिखाई दे रही, फिर भी लगातार दक्षिण अफ़्रीका ने टूर्नामेंट के आगे बढ़ने पर सुधार किया है.",1,1,5,5,True,"à¤ħà¤ªà¤¨|à¥Ģ|Ġà¤¸à¤¦à¤°|à¥įà¤¨|Ġà¤¸|à¤¿à¤¸|à¥įà¤Łà¤°|à¥įà¤¸|Ġà¤ķ|à¥ĩ|Ġà¤ĸ|à¤¿à¤²|à¤¾à¤«|à¤¼|Ġà¤ĸ|à¥ĩà¤²|Ġà¤®|à¥ĩà¤Ĥ|Ġà¤¨|à¤¿à¤°|à¥įà¤£|à¤¾à¤¯à¤ķ|Ġà¤°|à¥Ĥà¤ª|Ġà¤¸|à¥ĩ|Ġà¤ķà¤®à¤ľ|à¤¼à¥ĭ|à¤°|Ġà¤¦|à¤¿à¤ĸ|à¤¾à¤Ī|Ġà¤¦|à¥ĩ|Ġà¤°à¤¹|à¥Ģ,|Ġà¤«|à¤¿à¤°|Ġà¤Ń|à¥Ģ|Ġà¤²à¤Ĺ|à¤¾à¤¤|à¤¾à¤°|Ġà¤¦à¤ķ|à¥įà¤·|à¤¿à¤£|Ġà¤ħà¤«|à¤¼à¥į|à¤°|à¥Ģà¤ķ|à¤¾|Ġà¤¨|à¥ĩ|Ġà¤Ł|à¥Ĥà¤°|à¥įà¤¨|à¤¾à¤®|à¥ĩà¤Ĥ|à¤Ł|Ġà¤ķ|à¥ĩ|Ġà¤Ĩà¤Ĺ|à¥ĩ|Ġà¤¬à¤¢|à¤¼à¤¨|à¥ĩ|Ġà¤ªà¤°|Ġà¤¸|à¥ģà¤§|à¤¾à¤°|Ġà¤ķ|à¤¿à¤¯|à¤¾|Ġà¤¹|à¥Ī.","अ|न||सदर|न|सिस|टर|स|के|खिला|़|खेल|में|निर|णा|क|रूप|से|कमज़|र|दिखा||दे|रही,|फिर|भी|लगा|ा||दक्षि|ण|अफ़्र|का|ने|टूर|ना|ेंट|के|आगे|बढ़ने|पर|सुधा||किया|है.","{""42"": ""अ|न||सदर|न|सिस|टर|स|के|खिला|़|खेल|में|निर|णा|क|रूप|से|कमज़|र|दिखा||दे|रही,|फिर|भी|लगा|ा||दक्षि|ण|अफ़्र|का|ने|टूर|ना|ेंट|के|आगे|बढ़ने|पर|सुधा||किया|है."", ""43"": ""अ|नी|सदर|न|सिस्टर|स|के|खिला|़|खेल|में|निर|णा|क|रूप|से|कमज़|र|दिखा||दे|रही,|फिर|भी|लगा|ा||दक्षि|ण|अफ़|र|का|ने|टूर|ना|ेंट|के|आगे|बढ़न||पर|सुधा||किया|है."", ""44"": ""अपन||सदर|न|सिस|टर|स|के|खिला|़|खेल|में|निर|णा|क|रूप|से|कमज़|र|दिखा||दे|रही,|फिर|भी|लगा|ा||दक्ष||ण|अफ़्र|का|ने|टूर|ना|ेंट|के|आगे|बढ़न||पर|सुधा||किया|है."", ""45"": ""अ|नी|सदर|न|सिस|टर|स|के|खिला|़|खेल|में|निर|णा|क|रूप|से|कमज़|र|दिखा||दे|रही,|फिर|भी|लगा|ा||दक्षि|ण|अफ़्र|का|ने|टूर|ना|ेंट|के|आग||बढ़न||पर|सुधा||किया|है."", ""46"": ""अ|नी|सदर|न|सिस्टर|स|के|खिला|़|खेल|में|निर|णा|क|रूप|से|कमज़|र|दिखा||दे|रही,|फिर|भी|लगा|ा||दक्षि|ण|अफ़्र|का|ने|टूर|ना|ेंट|के|आगे|बढ़ने|पर|सुधा||किया|है.""}"
hi,"अपनी सबसे हालिया मासिक रिपोर्ट में, ओपेक ने कहा कि कच्चे तेल का निर्यात दो दशकों के लिए 2.8 मिलियन बैरल प्रति दिन के निचले स्तर तक गिर गया था.",1,1,5,5,True,"à¤ħà¤ªà¤¨|à¥Ģ|Ġà¤¸à¤¬à¤¸|à¥ĩ|Ġà¤¹|à¤¾à¤²|à¤¿à¤¯|à¤¾|Ġà¤®|à¤¾à¤¸|à¤¿à¤ķ|Ġà¤°|à¤¿à¤ª|à¥ĭà¤°|à¥įà¤Ł|Ġà¤®|à¥ĩà¤Ĥ,|Ġà¤ĵà¤ª|à¥ĩà¤ķ|Ġà¤¨|à¥ĩ|Ġà¤ķà¤¹|à¤¾|Ġà¤ķ|à¤¿|Ġà¤ķà¤ļ|à¥įà¤ļ|à¥ĩ|Ġà¤¤|à¥ĩà¤²|Ġà¤ķ|à¤¾|Ġà¤¨|à¤¿à¤°|à¥įà¤¯|à¤¾à¤¤|Ġà¤¦|à¥ĭ|Ġà¤¦à¤¶à¤ķ|à¥ĭà¤Ĥ|Ġà¤ķ|à¥ĩ|Ġà¤²|à¤¿à¤ı|Ġ|2|.|8|Ġà¤®|à¤¿à¤²|à¤¿à¤¯à¤¨|Ġà¤¬|à¥Īà¤°|à¤²|Ġà¤ª|à¥įà¤°à¤¤|à¤¿|Ġà¤¦|à¤¿à¤¨|Ġà¤ķ|à¥ĩ|Ġà¤¨|à¤¿à¤ļà¤²|à¥ĩ|Ġà¤¸|à¥įà¤¤à¤°|Ġà¤¤à¤ķ|Ġà¤Ĺ|à¤¿à¤°|Ġà¤Ĺà¤¯|à¤¾|Ġà¤¥|à¤¾.","अ|नी|सबसे|हा|िया|मा|िक|रिपोर|ट|में,|ओपेक|ने|कहा|कि|कच्च||तेल|का|निर|या||दो|दशक|ं|के|लिए|2.8|मिलि|यन|बैरल|प्रति||दिन|के|निचल||स्तर|तक|गिर|गया|था.","{""42"": ""अ|नी|सबसे|हा|िया|मा|िक|रिपोर|ट|में,|ओपेक|ने|कहा|कि|कच्च||तेल|का|निर|या||दो|दशक|ं|के|लिए|2.8|मिलि|यन|बैरल|प्रति||दिन|के|निचल||स्तर|तक|गिर|गया|था."", ""43"": ""अ|नी|सबसे|हा|िया|मा|िक|रिपोर|ट|में,|ओपेक|ने|कहा|कि|कच्च||तेल|का|निर|या||दो|दशकों|के|लिए|2.8|मिलियन|बैरल|प्रति||दिन|के|निचल||स्तर|तक|गिर|गया|था."", ""44"": ""अपनी|सबसे|हा|िया|मा|िक|रिपोर|ट|में,|ओप|क|ने|कहा|कि|कच्च||तेल|का|निर|या||दो|दशक|ं|के|लिए|2.8|मिलियन|बैरल|प्रति||दिन|के|निचले|स्तर|तक|गिर|गया|था."", ""45"": ""अ|नी|सबसे|हा|िया|मा|िक|रिप|र|ट|में,|ओपेक|ने|कहा|कि|कच्च||तेल|का|निर|या||दो|दशकों|के|लिए|2.8|मिलियन|बैरल|प्रति||दिन|के|निचल||स्तर|तक|गिर|गया|था."", ""46"": ""अपन||सबसे|हा|िया|मा|िक|रिप|र|ट|में,|ओपेक|ने|कहा|कि|कच्च||तेल|का|निर|या||दो|दशकों|के|लिए|2.8|मिलियन|बैरल|प्रति||दिन|के|निचले|स्तर|तक|गिर|गया|था.""}"
hi,"अपनी सरकार के अलावा आप अन्य देशों की सरकारों की सलाह ले सकते हैं. हालाँकि, उनकी सलाह उनके नागरिकों को ध्यान में रखकर दी जाती हैं.",1,1,5,5,True,"à¤ħà¤ªà¤¨|à¥Ģ|Ġà¤¸à¤°à¤ķ|à¤¾à¤°|Ġà¤ķ|à¥ĩ|Ġà¤ħà¤²|à¤¾à¤µ|à¤¾|Ġà¤Ĩà¤ª|Ġà¤ħà¤¨|à¥įà¤¯|Ġà¤¦|à¥ĩà¤¶|à¥ĭà¤Ĥ|Ġà¤ķ|à¥Ģ|Ġà¤¸à¤°à¤ķ|à¤¾à¤°|à¥ĭà¤Ĥ|Ġà¤ķ|à¥Ģ|Ġà¤¸à¤²|à¤¾à¤¹|Ġà¤²|à¥ĩ|Ġà¤¸à¤ķà¤¤|à¥ĩ|Ġà¤¹|à¥Īà¤Ĥ.|Ġà¤¹|à¤¾à¤²|à¤¾à¤ģ|à¤ķ|à¤¿,|Ġà¤īà¤¨à¤ķ|à¥Ģ|Ġà¤¸à¤²|à¤¾à¤¹|Ġà¤īà¤¨à¤ķ|à¥ĩ|Ġà¤¨|à¤¾à¤Ĺà¤°|à¤¿à¤ķ|à¥ĭà¤Ĥ|Ġà¤ķ|à¥ĭ|Ġà¤§|à¥įà¤¯|à¤¾à¤¨|Ġà¤®|à¥ĩà¤Ĥ|Ġà¤°à¤ĸà¤ķà¤°|Ġà¤¦|à¥Ģ|Ġà¤ľ|à¤¾à¤¤|à¥Ģ|Ġà¤¹|à¥Īà¤Ĥ.","अ|नी|सरका||के|अला|ा|आप|अन्य|देश|ं|की|सरका|ों|की|सला||ले|सकते|हैं.|हा|ा|कि,|उनकी|सला||उनके|ना|रिक|ं|को|ध्या||में|रखकर|दी|जा|ी|हैं.","{""42"": ""अ|नी|सरका||के|अला|ा|आप|अन्य|देश|ं|की|सरका|ों|की|सला||ले|सकते|हैं.|हा|ा|कि,|उनकी|सला||उनके|ना|रिक|ं|को|ध्या||में|रखकर|दी|जा|ी|हैं."", ""43"": ""अ|नी|सरका||के|अला|ा|आप|अन्य|देश|ं|की|सरका|ों|की|सला||ले|सकते|हैं.|हा|ा|कि,|उनकी|सला||उनके|ना|रिक|ं|को|ध्या||में|रखकर|दी|जाती|हैं."", ""44"": ""अपनी|सरका||के|अला|ा|आप|अन|य|देशों|की|सरका|ों|की|सला||ले|सकते|हैं.|हा|ा|कि,|उनकी|सला||उनके|ना|रिक|ं|को|ध्या||में|रखकर|दी|जाती|हैं."", ""45"": ""अ|नी|सरका||के|अला|ा|आप|अन्य|देशों|की|सरका|ों|की|सला||ले|सकते|हैं.|हा|ा|कि,|उनकी|सला||उनके|नागरिक|ं|को|ध्या||में|रखकर|दी|जाती|हैं."", ""46"": ""अपनी|सरका||के|अला|ा|आप|अन्य|देश|ं|की|सरका|ों|की|सला||ले|सकते|हैं.|हा|ा|कि,|उनकी|सला||उनक||ना|रिक|ं|को|ध्या||में|रखकर|दी|जाती|हैं.""}"
hi,"अपनी स्थापना के बाद से, द अनियन प्रिंट संस्करण के साथ एक सत्य समाचार पैरोडी साम्राज्य बन गया है, उनका एक वेबसाइट जिससे अक्टूबर के महीने में 5,000,000 अद्वितीय आगंतुक आकर्षित हुए, व्यक्तिगत विज्ञापन हैं, 24 घंटे का समाचार नेटवर्क है, पॉडकास्ट हैं, और हाल ही में हमारी मूर्ख दुनिया नामक विश्व एटलस भी लौंच हुआ है।",1,1,5,5,True,"à¤ħà¤ªà¤¨|à¥Ģ|Ġà¤¸|à¥įà¤¥|à¤¾à¤ªà¤¨|à¤¾|Ġà¤ķ|à¥ĩ|Ġà¤¬|à¤¾à¤¦|Ġà¤¸|à¥ĩ,|Ġà¤¦|Ġà¤ħà¤¨|à¤¿à¤¯à¤¨|Ġà¤ª|à¥įà¤°|à¤¿à¤Ĥ|à¤Ł|Ġà¤¸|à¤Ĥà¤¸|à¥įà¤ķà¤°à¤£|Ġà¤ķ|à¥ĩ|Ġà¤¸|à¤¾à¤¥|Ġà¤ıà¤ķ|Ġà¤¸à¤¤|à¥įà¤¯|Ġà¤¸à¤®|à¤¾à¤ļ|à¤¾à¤°|Ġà¤ª|à¥Īà¤°|à¥ĭà¤¡|à¥Ģ|Ġà¤¸|à¤¾à¤®|à¥įà¤°|à¤¾à¤ľ|à¥įà¤¯|Ġà¤¬à¤¨|Ġà¤Ĺà¤¯|à¤¾|Ġà¤¹|à¥Ī,|Ġà¤īà¤¨à¤ķ|à¤¾|Ġà¤ıà¤ķ|Ġà¤µ|à¥ĩà¤¬à¤¸|à¤¾à¤ĩà¤Ł|Ġà¤ľ|à¤¿à¤¸à¤¸|à¥ĩ|Ġà¤ħà¤ķ|à¥įà¤Ł|à¥Ĥà¤¬à¤°|Ġà¤ķ|à¥ĩ|Ġà¤®à¤¹|à¥Ģà¤¨|à¥ĩ|Ġà¤®|à¥ĩà¤Ĥ|Ġ|5|,|000|,|000|Ġà¤ħà¤¦|à¥įà¤µ|à¤¿à¤¤|à¥Ģà¤¯|Ġà¤Ĩà¤Ĺ|à¤Ĥà¤¤|à¥ģà¤ķ|Ġà¤Ĩà¤ķà¤°|à¥įà¤·|à¤¿à¤¤|Ġà¤¹|à¥ģà¤ı|,|Ġà¤µ|à¥įà¤¯à¤ķ|à¥įà¤¤|à¤¿à¤Ĺà¤¤|Ġà¤µ|à¤¿à¤ľ|à¥įà¤ŀ|à¤¾à¤ªà¤¨|Ġà¤¹|à¥Īà¤Ĥ,|Ġ|24|Ġà¤ĺ|à¤Ĥà¤Ł|à¥ĩ|Ġà¤ķ|à¤¾|Ġà¤¸à¤®|à¤¾à¤ļ|à¤¾à¤°|Ġà¤¨|à¥ĩà¤Łà¤µà¤°|à¥įà¤ķ|Ġà¤¹|à¥Ī,|Ġà¤ª|à¥īà¤¡|à¤ķ|à¤¾à¤¸|à¥įà¤Ł|Ġà¤¹|à¥Īà¤Ĥ,|Ġà¤Ķà¤°|Ġà¤¹|à¤¾à¤²|Ġà¤¹|à¥Ģ|Ġà¤®|à¥ĩà¤Ĥ|Ġà¤¹à¤®|à¤¾à¤°|à¥Ģ|Ġà¤®|à¥Ĥà¤°|à¥įà¤ĸ|Ġà¤¦|à¥ģà¤¨|à¤¿à¤¯|à¤¾|Ġà¤¨|à¤¾à¤®à¤ķ|Ġà¤µ|à¤¿à¤¶|à¥įà¤µ|Ġà¤ı|à¤Łà¤²|à¤¸|Ġà¤Ń|à¥Ģ|Ġà¤²|à¥Įà¤Ĥ|à¤ļ|Ġà¤¹|à¥ģà¤Ĩ|Ġà¤¹|à¥Īà¥¤","अ|न||स्था|ना|के|बाद|से,|द|अनियन|प्रि|ंट|संस्करण|के|साथ|एक|सत|य|समा|ा||पैर|ड||साम्रा|्य|बन|गया|है,|उनका|एक|वेबसा|ट|जिससे|अक|ट|बर|के|महीने|में|5,000,000|अद्वि|त|य|आगंत|क|आकर|षि|त|हुए,|व्यक|ति|गत|विज|ञा|न|हैं,|24|घंट||का|समा|ा||नेटवर|क|है,|पॉडका|्ट|हैं,|और|हा||ही|में|हमा|ी|मूर|ख|दुनिया|ना|क|विश|व|एटल||भी|लौंच|हुआ|है।","{""42"": ""अ|न||स्था|ना|के|बाद|से,|द|अनियन|प्रि|ंट|संस्करण|के|साथ|एक|सत|य|समा|ा||पैर|ड||साम्रा|्य|बन|गया|है,|उनका|एक|वेबसा|ट|जिससे|अक|ट|बर|के|महीने|में|5,000,000|अद्वि|त|य|आगंत|क|आकर|षि|त|हुए,|व्यक|ति|गत|विज|ञा|न|हैं,|24|घंट||का|समा|ा||नेटवर|क|है,|पॉडका|्ट|हैं,|और|हा||ही|में|हमा|ी|मूर|ख|दुनिया|ना|क|विश|व|एटल||भी|लौंच|हुआ|है।"", ""43"": ""अ|नी|स्था|ना|के|बाद|से,|द अनियन|प्रि|ंट|संस्करण|के|साथ|एक|सत|य|समा|ा||पैरोडी|सा|्रा|्य|बन|गया|है,|उनका|एक|वेबसा|ट|जिससे|अक|ट|बर|के|महीने|में|5,000,0|00|अद्वि|त|य|आगंत|क|आकर|षि|त|हुए,|व्यक|ति|गत|विज|ञा|न|हैं,|24|घंटे|का|समा|ा||नेटवर|क|है,|पॉडका|्ट|हैं,|और|हा||ही|में|हमा|ी|मूर|ख|दुनिया|ना|क|विश|व|एटलस|भी|लौं|||हुआ|है।"", ""44"": ""अ|नी|स्था|ना|के|बाद|से,|द|अनियन|प्रि|ंट|संस|करण|के|साथ|एक|सत|य|समा|ा||पैर|ड||सा|्रा|्य|बन|गया|है,|उनका|एक|वेबसा|ट|जिसस||अक|ट|बर|के|महीने|में|5,000,000|अद्वि|त|य|आगंत|क|आकर|षि|त|हुए,|व्यक|ति|गत|विज|ञा|न|हैं,|24|घंटे|का|समा|ा||नेटवर|क|है,|पॉडका|्ट|हैं,|और|हा||ही|में|हमा|ी|मूर|ख|दुनिया|ना|क|विश|व|एटलस|भी|लौंच||हुआ|है।"", ""45"": ""अपन||स्था|ना|के|बाद|से,|द|अनियन|प्रि|ंट|संस्करण|के|सा||एक|सत|य|समा|ा||पैर|डी|सा|्रा|्य|बन|गया|है,|उनक||एक|वेबसा|ट|जिससे|अक्टूबर|के|महीने|में|5,000,000|अद्वि|त|य|आगंत|क|आकर|षि|त|हुए,|व्यक|तिगत|विज्ञा|न|हैं,|24|घंटे|का|समा|ा||नेटवर|क|है,|पॉडका|्ट|हैं,|और|हा||ही|में|हमा|ी|मूर|ख|दुनिया|ना|क|विश|व|एटलस|भी|लौंच||हुआ|है।"", ""46"": ""अ|न||स्था|ना|के|बाद|से,|द|अनियन|प्रि|ंट|संस्करण|के|साथ|एक|सत|य|समा|ा||पैरोड||साम्रा|्य|बन|गया|है,|उनका|एक|वेबसा|ट|जिसस||अक्ट|बर|के|महीने|में|5,000,000|अद्वि|त|य|आगंत|क|आकर|षि|त|हुए,|व्यक|तिगत|विज|ञा|न|हैं,|24|घंटे|का|समा|ा||नेटवर|क|है,|पॉडका|्ट|हैं,|और|हा||ही|में|हमा|ी|मूर|ख|दुनिया|ना|क|विश|व|एटलस|भी|लौंच||हुआ|है।""}"
hi,"अपने 2 घंटे के भाषण के दौरान, उन्होंने कहा कि “आज ऐपल अपने फ़ोन का फिर आविष्कार करने जा रहा है, आज हम इतिहास बनाने जा रहे हैं.",1,1,5,5,True,"à¤ħà¤ªà¤¨|à¥ĩ|Ġ|2|Ġà¤ĺ|à¤Ĥà¤Ł|à¥ĩ|Ġà¤ķ|à¥ĩ|Ġà¤Ń|à¤¾à¤·à¤£|Ġà¤ķ|à¥ĩ|Ġà¤¦|à¥Įà¤°|à¤¾à¤¨|,|Ġà¤īà¤¨|à¥įà¤¹|à¥ĭà¤Ĥ|à¤¨|à¥ĩ|Ġà¤ķà¤¹|à¤¾|Ġà¤ķ|à¤¿|ĠâĢľ|à¤Ĩà¤ľ|Ġà¤Ĳà¤ª|à¤²|Ġà¤ħà¤ªà¤¨|à¥ĩ|Ġà¤«|à¤¼à¥ĭ|à¤¨|Ġà¤ķ|à¤¾|Ġà¤«|à¤¿à¤°|Ġà¤Ĩà¤µ|à¤¿à¤·|à¥įà¤ķ|à¤¾à¤°|Ġà¤ķà¤°à¤¨|à¥ĩ|Ġà¤ľ|à¤¾|Ġà¤°à¤¹|à¤¾|Ġà¤¹|à¥Ī,|Ġà¤Ĩà¤ľ|Ġà¤¹à¤®|Ġà¤ĩà¤¤|à¤¿à¤¹|à¤¾à¤¸|Ġà¤¬à¤¨|à¤¾à¤¨|à¥ĩ|Ġà¤ľ|à¤¾|Ġà¤°à¤¹|à¥ĩ|Ġà¤¹|à¥Īà¤Ĥ.","अ|ने|2 घंटे|के|भाषण|के|दौरा|,|उन्ह|ंने|कहा|कि|“आज|ऐपल|अपने|फ़ोन|का|फिर|आविष|का||करने|जा|रहा|है,|आज|हम|इतिहा||बना|े|जा|रहे|हैं.","{""42"": ""अ|ने|2 घंटे|के|भाषण|के|दौरा|,|उन्ह|ंने|कहा|कि|“आज|ऐपल|अपने|फ़ोन|का|फिर|आविष|का||करने|जा|रहा|है,|आज|हम|इतिहा||बना|े|जा|रहे|हैं."", ""43"": ""अ|न||2 घंटे|के|भाषण|के|दौरा|,|उन्ह|ंने|कहा|कि|“आज|ऐपल|अपने|फ़ोन|का|फिर|आविष|का||करने|जा|रहा|है,|आज|हम|इतिहा||बना|े|जा|रहे|हैं."", ""44"": ""अ|ने|2 घंटे|के|भाषण|के|दौरा|,|उन्ह|ंने|कहा|कि|“आज|ऐपल|अपने|फ़ोन|का|फिर|आविष|का||करने|जा|रहा|है,|आज|हम|इति|हा||बना|े|जा|रहे|हैं."", ""45"": ""अपने|2 घंटे|के|भा|ण|के|दौरा|,|उन्ह|ंने|कहा|कि|“|आज|ऐपल|अपने|फ़ोन|का|फिर|आविष|का||करने|जा|रहा|है,|आज|हम|इतिहा||बना|े|जा|रहे|हैं."", ""46"": ""अ||||2 घंटे|के|भाषण|के|दौरा|,|उन्ह|ंने|कहा|कि|“आज|ऐपल|अपने|फ़ोन|का|फिर|आविष|का||करने|जा|रहा|है,|आज|हम|इतिहा||बना|े|जा|रहे|हैं.""}"
hi,"अपने खुद के मार्क्स पर लिखने के लिए स्वतंत्र महसूस करें, लेकिन याद रखें कि म्यूज़िकल कारणों से प्रिंटेड बोइंग मार्क्स भी होते हैं, इसलिए आमतौर पर उनका सम्मान करना चाहिए.",1,1,5,5,True,"à¤ħà¤ªà¤¨|à¥ĩ|Ġà¤ĸ|à¥ģà¤¦|Ġà¤ķ|à¥ĩ|Ġà¤®|à¤¾à¤°|à¥įà¤ķ|à¥įà¤¸|Ġà¤ªà¤°|Ġà¤²|à¤¿à¤ĸà¤¨|à¥ĩ|Ġà¤ķ|à¥ĩ|Ġà¤²|à¤¿à¤ı|Ġà¤¸|à¥įà¤µà¤¤|à¤Ĥà¤¤|à¥įà¤°|Ġà¤®à¤¹à¤¸|à¥Ĥà¤¸|Ġà¤ķà¤°|à¥ĩà¤Ĥ,|Ġà¤²|à¥ĩà¤ķ|à¤¿à¤¨|Ġà¤¯|à¤¾à¤¦|Ġà¤°à¤ĸ|à¥ĩà¤Ĥ|Ġà¤ķ|à¤¿|Ġà¤®|à¥įà¤¯|à¥Ĥà¤ľ|à¤¼à¤¿|à¤ķà¤²|Ġà¤ķ|à¤¾à¤°à¤£|à¥ĭà¤Ĥ|Ġà¤¸|à¥ĩ|Ġà¤ª|à¥įà¤°|à¤¿à¤Ĥ|à¤Ł|à¥ĩà¤¡|Ġà¤¬|à¥ĭà¤ĩ|à¤Ĥà¤Ĺ|Ġà¤®|à¤¾à¤°|à¥įà¤ķ|à¥įà¤¸|Ġà¤Ń|à¥Ģ|Ġà¤¹|à¥ĭà¤¤|à¥ĩ|Ġà¤¹|à¥Īà¤Ĥ,|Ġà¤ĩà¤¸à¤²|à¤¿à¤ı|Ġà¤Ĩà¤®à¤¤|à¥Įà¤°|Ġà¤ªà¤°|Ġà¤īà¤¨à¤ķ|à¤¾|Ġà¤¸à¤®|à¥įà¤®|à¤¾à¤¨|Ġà¤ķà¤°à¤¨|à¤¾|Ġà¤ļ|à¤¾à¤¹|à¤¿à¤ı|.","अ|न||खुद|के|मा|्क्स|पर|लिखन||के|लिए|स्वतंत|र|महस|स|करें,|लेकिन|या||रखें|कि|म्य|ज़ि|कल|का|ण|ं|से|प्रि|ंट|ड|बोइंग|मा|्क|स|भी|होते|हैं,|इसलिए|आमत|र|पर|उनका|सम्मा||करना|चा|िए.","{""42"": ""अ|न||खुद|के|मा|्क्स|पर|लिखन||के|लिए|स्वतंत|र|महस|स|करें,|लेकिन|या||रखें|कि|म्य|ज़ि|कल|का|ण|ं|से|प्रि|ंट|ड|बोइंग|मा|्क|स|भी|होते|हैं,|इसलिए|आमत|र|पर|उनका|सम्मा||करना|चा|िए."", ""43"": ""अ|ने|खुद|के|मा|्क्स|पर|लिखन||के|लिए|स्वतंत|र|महस|स|करें,|लेकिन|या||रखें|कि|म्य|ज़िकल|का|णों|से|प्रि|ंट|ड|बोइंग|मा|्क|स|भी|होते|हैं,|इसलिए|आमत|र|पर|उनका|सम्मा||करना|चा|िए."", ""44"": ""अ|ने|खुद|के|मा|्क्स|पर|लिखन||के|लिए|स्वतंत|र|महस|स|करें,|लेकिन|या||रखें|कि|म्य|ज़ि|कल|का|ण|ं|से|प्रि|ंट|ड|बोइंग|मा|्क|स|भी|होते|हैं,|इसलिए|आमत|र|पर|उनका|सम्मा||करना|चा|िए."", ""45"": ""अ|ने|खुद|के|मा|्क्स|पर|लिखन||के|लिए|स्वतंत|र|महस|स|करें,|लेकि|न|या||रखें|कि|म्य|ज़िकल|का|णों|से|प्रि|ंट|ड|बोइंग|मा|्क्स|भी|होते|हैं,|इसलिए|आमत|र|पर|उनका|सम्मा||करना|चा|िए."", ""46"": ""अ|ने|खुद|के|मा|्क|स|पर|लिखने|के|लिए|स्वतं||र|महस|स|करें,|लेकिन|या||रखें|कि|म्य|ज़ि|कल|का|णों|से|प्रि|ंट|ड|बोइंग|मा|्क्स|भी|होते|हैं,|इसलि|ए|आमत|र|पर|उनका|सम्मा||करना|चा|िए.""}"
hi,अपने घर में सुबह एक बढ़िया कॉफी के साथ और रात में कुछ आरामदायक कैमोमाइल चाय के साथ करें।,1,1,5,5,True,à¤ħà¤ªà¤¨|à¥ĩ|Ġà¤ĺà¤°|Ġà¤®|à¥ĩà¤Ĥ|Ġà¤¸|à¥ģà¤¬à¤¹|Ġà¤ıà¤ķ|Ġà¤¬à¤¢|à¤¼à¤¿|à¤¯|à¤¾|Ġà¤ķ|à¥īà¤«|à¥Ģ|Ġà¤ķ|à¥ĩ|Ġà¤¸|à¤¾à¤¥|Ġà¤Ķà¤°|Ġà¤°|à¤¾à¤¤|Ġà¤®|à¥ĩà¤Ĥ|Ġà¤ķ|à¥ģà¤Ľ|Ġà¤Ĩà¤°|à¤¾à¤®à¤¦|à¤¾à¤¯à¤ķ|Ġà¤ķ|à¥Īà¤®|à¥ĭà¤®|à¤¾à¤ĩà¤²|Ġà¤ļ|à¤¾à¤¯|Ġà¤ķ|à¥ĩ|Ġà¤¸|à¤¾à¤¥|Ġà¤ķà¤°|à¥ĩà¤Ĥà¥¤,अ|ने|घर|में|सुबह|एक|बढ़िया|कॉफ||के|साथ|और|रा||में|कुछ|आरा|दा|क|कैम|मा|ल|चा||के|साथ|करें।,"{""42"": ""अ|ने|घर|में|सुबह|एक|बढ़िया|कॉफ||के|साथ|और|रा||में|कुछ|आरा|दा|क|कैम|मा|ल|चा||के|साथ|करें।"", ""43"": ""अ|न||घर|में|सुबह|एक|बढ़िया|कॉफ||के|साथ|और|रा||में|कुछ|आरा|दा|क|कैमोमा|ल|चा||के|साथ|करें।"", ""44"": ""अ|ने|घर|में|सुबह|एक|बढ़िया|कॉफ||के|साथ|और|रा||में|कुछ|आरा|दा|क|कैमोमा|ल|चा||के|साथ|करें।"", ""45"": ""अपने|घर|में|सुबह|एक|बढ़िया|कॉफ||के|साथ|और|रा||में|कुछ|आरा|दा|क|कैमोमा|ल|चा||के|साथ|करें।"", ""46"": ""अ||े|घर|में|सुबह|एक|बढ़िया|कॉफ||के|साथ|और|रा||में|कुछ|आरा|दा|क|कैमोमा|ल|चा||के|साथ|करें।""}"
hi,"अपने चरम पर, ट्रॉपिकल साइक्लोन गोनू, मालदीव की भाषा में ताड़ के पत्तों के एक बैग के नाम पर प्रति घंटे 240 किलोमीटर (149 मील प्रति घंटे) की लगातार हवाओं तक पहुंच गया.",1,1,5,5,True,"à¤ħà¤ªà¤¨|à¥ĩ|Ġà¤ļà¤°à¤®|Ġà¤ªà¤°|,|Ġà¤Ł|à¥įà¤°|à¥īà¤ª|à¤¿à¤ķà¤²|Ġà¤¸|à¤¾à¤ĩà¤ķ|à¥įà¤²|à¥ĭà¤¨|Ġà¤Ĺ|à¥ĭà¤¨|à¥Ĥ,|Ġà¤®|à¤¾à¤²|à¤¦|à¥Ģà¤µ|Ġà¤ķ|à¥Ģ|Ġà¤Ń|à¤¾à¤·|à¤¾|Ġà¤®|à¥ĩà¤Ĥ|Ġà¤¤|à¤¾à¤¡|à¤¼|Ġà¤ķ|à¥ĩ|Ġà¤ªà¤¤|à¥įà¤¤|à¥ĭà¤Ĥ|Ġà¤ķ|à¥ĩ|Ġà¤ıà¤ķ|Ġà¤¬|à¥Īà¤Ĺ|Ġà¤ķ|à¥ĩ|Ġà¤¨|à¤¾à¤®|Ġà¤ªà¤°|Ġà¤ª|à¥įà¤°à¤¤|à¤¿|Ġà¤ĺ|à¤Ĥà¤Ł|à¥ĩ|Ġ|240|Ġà¤ķ|à¤¿à¤²|à¥ĭà¤®|à¥Ģà¤Łà¤°|Ġ(|149|Ġà¤®|à¥Ģà¤²|Ġà¤ª|à¥įà¤°à¤¤|à¤¿|Ġà¤ĺ|à¤Ĥà¤Ł|à¥ĩ)|Ġà¤ķ|à¥Ģ|Ġà¤²à¤Ĺ|à¤¾à¤¤|à¤¾à¤°|Ġà¤¹à¤µ|à¤¾à¤ĵ|à¤Ĥ|Ġà¤¤à¤ķ|Ġà¤ªà¤¹|à¥ģà¤Ĥ|à¤ļ|Ġà¤Ĺà¤¯|à¤¾.","अ|ने|चरम|पर,|ट्र|पि|कल|सा|क|ल|न|गोनू,|मा|द|व|की|भाषा|में|ता|़|के|पत|त|ं|के|एक|बैग|के|नाम|पर|प्रति||घंटे|240|किलोमीटर|(149|मील|प्रति||घंटे)|की|लगा|ा||हवा|ं|तक|पहुंच||गया.","{""42"": ""अ|ने|चरम|पर,|ट्र|पि|कल|सा|क|ल|न|गोनू,|मा|द|व|की|भाषा|में|ता|़|के|पत|त|ं|के|एक|बैग|के|नाम|पर|प्रति||घंटे|240|किलोमीटर|(149|मील|प्रति||घंटे)|की|लगा|ा||हवा|ं|तक|पहुंच||गया."", ""43"": ""अ||े|चरम|पर,|ट्र|पि|कल|साइक|ल|न|गोनू,|मा|द|व|की|भाषा|में|ता|़|के|पत|त|ं|के|एक|बैग|के|नाम|पर|प्रति||घंटे|240|किलोमीटर|(149|मील|प्रति||घंटे)|की|लगा|ा||हवा|ं|तक|पहुंच||गया."", ""44"": ""अ|ने|चरम|पर,|ट्र|पि|कल|सा|क्ल|न|गोनू,|मा|दीव|की|भा|ा|में|ता|़|के|पत|त|ं|के|एक|बैग|के|ना||पर|प्रति||घंटे|240|किलोमीटर|(149|मील|प्रति||घंटे)|की|लगा|ा||हवा|ं|तक|पहुंच||गया."", ""45"": ""अ|न||चरम|पर,|ट्र|पि|कल|साइक|ल|न|गोनू,||ा|द|व|की|भा|ा|में|ता|़|के|पत|त|ं|के|एक|बैग|के|ना||पर|प्रति||घंट||240|किलोम|टर|(149|मील|प्रति||घंटे)|की|लगा|ा||हवा|ं|तक|पहुंच||गया."", ""46"": ""अ|न||चरम|पर,|ट्र|पि|कल|साइक्ल|न|गोन|,|मा|दीव|की|भा|ा|में|ता|़|के|पत्त|ं|के|एक|बैग|के|नाम|पर|प्रति||घंटे|240|किलोम|टर|(149|मील|प्रति||घंटे)|की|लगा|ा||हवा|ं|तक|पहुंच||गया.""}"
hi,अपने दर्द को दूर करने के लिए वे ज़रूरी दवाओं को लेने में असमर्थ हो गए क्योंकि वे दवाइयाँ खेलों में प्रतिबंधित थीं.,1,1,5,5,True,à¤ħà¤ªà¤¨|à¥ĩ|Ġà¤¦à¤°|à¥įà¤¦|Ġà¤ķ|à¥ĭ|Ġà¤¦|à¥Ĥà¤°|Ġà¤ķà¤°à¤¨|à¥ĩ|Ġà¤ķ|à¥ĩ|Ġà¤²|à¤¿à¤ı|Ġà¤µ|à¥ĩ|Ġà¤ľ|à¤¼à¤°|à¥Ĥà¤°|à¥Ģ|Ġà¤¦à¤µ|à¤¾à¤ĵ|à¤Ĥ|Ġà¤ķ|à¥ĭ|Ġà¤²|à¥ĩà¤¨|à¥ĩ|Ġà¤®|à¥ĩà¤Ĥ|Ġà¤ħà¤¸|à¤®à¤°|à¥įà¤¥|Ġà¤¹|à¥ĭ|Ġà¤Ĺà¤ı|Ġà¤ķ|à¥įà¤¯|à¥ĭà¤Ĥ|à¤ķ|à¤¿|Ġà¤µ|à¥ĩ|Ġà¤¦à¤µ|à¤¾à¤ĩà¤¯|à¤¾à¤ģ|Ġà¤ĸ|à¥ĩà¤²|à¥ĭà¤Ĥ|Ġà¤®|à¥ĩà¤Ĥ|Ġà¤ª|à¥įà¤°à¤¤|à¤¿à¤¬|à¤Ĥà¤§|à¤¿à¤¤|Ġà¤¥|à¥Ģà¤Ĥ.,अपने|दर|द|को|दूर|करने|के|लिए|वे|ज़र|री|दवा|ं|को|लेने|में|असमर|थ|हो|गए|क्योंकि||वे|दवा|या||खेलों|में|प्रति|बंध|ि|त|थीं.,"{""42"": ""अपने|दर|द|को|दूर|करने|के|लिए|वे|ज़र|री|दवा|ं|को|लेने|में|असमर|थ|हो|गए|क्योंकि||वे|दवा|या||खेलों|में|प्रति|बंध|ि|त|थीं."", ""43"": ""अ|ने|दर|द|को|दूर|करने|के|लिए|वे|ज़र|र||दवा|ं|को|लेन||में|असमर|थ|हो|गए|क्योंकि|वे|दवा|या||खेल|ं|में|प्रति|बंध|ि|त|थीं."", ""44"": ""अ|न||दर|द|को|दूर|करने|के|लिए|वे|ज़र|र||दवा|ं|को|लेने|में|असमर|थ|हो|गए|क्योंकि|वे|दवा|या||खेल|ं|में|प्रति|बंध|ि|त|थीं."", ""45"": ""अ|ने|दर|द|को|दूर|करने|के|लिए|वे|ज़र|र||दवा|ं|को|लेने|में|असमर|थ|हो|गए|क्योंकि||वे|दवा|या||खेल|ं|में|प्रति|बंध|ि|त|थीं."", ""46"": ""अ|ने|दर|द|को|दूर|करने|के|लिए|वे|ज़र|र||दवा|ं|को|लेने|में|असमर|थ|हो|गए|क्य|ंकि||वे|दवा|या||खेलों|में|प्रति|बंध|ि|त|थीं.""}"
hi,"अपने समय के हिसाब से, किर्बी मक्सलो किला एक वास्तविक किले की तुलना में एक मज़बूत घर अधिक है।",1,1,5,5,True,"à¤ħà¤ªà¤¨|à¥ĩ|Ġà¤¸à¤®à¤¯|Ġà¤ķ|à¥ĩ|Ġà¤¹|à¤¿à¤¸|à¤¾à¤¬|Ġà¤¸|à¥ĩ,|Ġà¤ķ|à¤¿à¤°|à¥įà¤¬|à¥Ģ|Ġà¤®à¤ķ|à¥įà¤¸à¤²|à¥ĭ|Ġà¤ķ|à¤¿à¤²|à¤¾|Ġà¤ıà¤ķ|Ġà¤µ|à¤¾à¤¸|à¥įà¤¤à¤µ|à¤¿à¤ķ|Ġà¤ķ|à¤¿à¤²|à¥ĩ|Ġà¤ķ|à¥Ģ|Ġà¤¤|à¥ģà¤²à¤¨|à¤¾|Ġà¤®|à¥ĩà¤Ĥ|Ġà¤ıà¤ķ|Ġà¤®à¤ľ|à¤¼à¤¬|à¥Ĥà¤¤|Ġà¤ĺà¤°|Ġà¤ħà¤§|à¤¿à¤ķ|Ġà¤¹|à¥Īà¥¤","अपने|समय|के|हिसा||से,|किर|ब||मक्सल||किला|एक|वा|्तवि|क|किल||की|तुलना|में|एक|मज़ब|त|घर|अधिक|है।","{""42"": ""अपने|समय|के|हिसा||से,|किर|ब||मक्सल||किला|एक|वा|्तवि|क|किल||की|तुलना|में|एक|मज़ब|त|घर|अधिक|है।"", ""43"": ""अपने|समय|के|हिसा||से,|किर|ब||मक्सल||किला|एक|वा|्तवि|क|किल||की|तुलन||में|एक|मज़ब|त|घर|अधिक|है।"", ""44"": ""अ||े|समय|के|हिसा||से,|किर|ब||मक्सल||किला|एक|वा|्तवि|क|किल||की|तुलन||में|एक|मज़ब|त|घर|अधिक|है।"", ""45"": ""अ|न||समय|के|हिसा||से,|किर|ब||मक्सल||किला|एक|वा|्तवि|क|किले|की|तुलना|में|एक|मज़ब|त|घर|अधिक|है।"", ""46"": ""अ|ने|समय|के|हिसा||से,|किर|ब||मक्सल||किला|एक|वा|्तवि|क|किल||की|तुलना|में|एक|मज़ब|त|घर|अधिक|है।""}"
hi,"अपने स्मार्टफोन में नेविगेशन ऐप का उपयोग रास्ता खोजने के लिए सबसे आसान और सरल तरीका है, जब आप अपने शहर से बाहर हों.",1,1,5,5,True,"à¤ħà¤ªà¤¨|à¥ĩ|Ġà¤¸|à¥įà¤®|à¤¾à¤°|à¥įà¤Łà¤«|à¥ĭà¤¨|Ġà¤®|à¥ĩà¤Ĥ|Ġà¤¨|à¥ĩà¤µ|à¤¿à¤Ĺ|à¥ĩà¤¶à¤¨|Ġà¤Ĳà¤ª|Ġà¤ķ|à¤¾|Ġà¤īà¤ªà¤¯|à¥ĭà¤Ĺ|Ġà¤°|à¤¾à¤¸|à¥įà¤¤|à¤¾|Ġà¤ĸ|à¥ĭà¤ľà¤¨|à¥ĩ|Ġà¤ķ|à¥ĩ|Ġà¤²|à¤¿à¤ı|Ġà¤¸à¤¬à¤¸|à¥ĩ|Ġà¤Ĩà¤¸|à¤¾à¤¨|Ġà¤Ķà¤°|Ġà¤¸à¤°à¤²|Ġà¤¤à¤°|à¥Ģà¤ķ|à¤¾|Ġà¤¹|à¥Ī,|Ġà¤ľà¤¬|Ġà¤Ĩà¤ª|Ġà¤ħà¤ªà¤¨|à¥ĩ|Ġà¤¶à¤¹à¤°|Ġà¤¸|à¥ĩ|Ġà¤¬|à¤¾à¤¹à¤°|Ġà¤¹|à¥ĭà¤Ĥ|.","अ|ने|स्मा|्टफ|||में|नेविग|शन|ऐप|का|उपय|ग|रा|्ता|खोजन||के|लिए|सबसे|आसा||और|सरल|तर|का|है,|जब आप|अपने|शहर|से|बाहर|हों.","{""42"": ""अ|ने|स्मा|्टफ|||में|नेविग|शन|ऐप|का|उपय|ग|रा|्ता|खोजन||के|लिए|सबसे|आसा||और|सरल|तर|का|है,|जब आप|अपने|शहर|से|बाहर|हों."", ""43"": ""अ|ने|स्मा|्टफ|न|में|नेविग|शन|ऐप|का|उपय|ग|रा|्ता|खोजन||के|लिए|सबसे|आसा||और|सरल|तर|का|है,||ब आप|अपने|शहर|से|बाहर|हों."", ""44"": ""अ|ने|स्मा|्टफ|न|में|नेविग|शन|ऐप|का|उपय|ग|रा|्ता|खोजने|के|लिए|सबसे|आसा||और|सरल|तर|का|है,|जब आप|अपने|शहर|से|बाहर|हों."", ""45"": ""अ|ने|स्मा|्टफोन|में|नेविग|शन|ऐप|का|उपय|ग|रा|्ता|खोजने|के|लिए|सबसे|आसा||और|सरल|तर|का|है,|जब आप|अपने|शहर|से|बाहर|हों."", ""46"": ""अ|न||स्मा|्टफ|न|में|नेविग|शन|ऐप|का|उपय|ग|रा|्ता|खोजन||के|लिए|सबसे|आसा||और|सरल|तर|का|है,|जब आप|अपने|शहर|से|बाहर|हों.""}"
hi,"अपराध, और सामान्य तौर पर विदेशियों के प्रति दुर्भावना, ग्रीनलैंड में वस्तुतः अज्ञात है। यहाँ तक कि कस्बों में भी इस तरह के क्षेत्र नहीं हैं।”",1,1,5,5,True,"à¤ħ|à¤ªà¤°|à¤¾à¤§|,|Ġà¤Ķà¤°|Ġà¤¸|à¤¾à¤®|à¤¾à¤¨|à¥įà¤¯|Ġà¤¤|à¥Įà¤°|Ġà¤ªà¤°|Ġà¤µ|à¤¿à¤¦|à¥ĩà¤¶|à¤¿à¤¯|à¥ĭà¤Ĥ|Ġà¤ķ|à¥ĩ|Ġà¤ª|à¥įà¤°à¤¤|à¤¿|Ġà¤¦|à¥ģà¤°|à¥įà¤Ń|à¤¾à¤µà¤¨|à¤¾,|Ġà¤Ĺ|à¥įà¤°|à¥Ģà¤¨|à¤²|à¥Īà¤Ĥ|à¤¡|Ġà¤®|à¥ĩà¤Ĥ|Ġà¤µà¤¸|à¥įà¤¤|à¥ģà¤¤|à¤ĥ|Ġà¤ħà¤ľ|à¥įà¤ŀ|à¤¾à¤¤|Ġà¤¹|à¥Īà¥¤|Ġà¤¯à¤¹|à¤¾à¤ģ|Ġà¤¤à¤ķ|Ġà¤ķ|à¤¿|Ġà¤ķà¤¸|à¥įà¤¬|à¥ĭà¤Ĥ|Ġà¤®|à¥ĩà¤Ĥ|Ġà¤Ń|à¥Ģ|Ġà¤ĩà¤¸|Ġà¤¤à¤°à¤¹|Ġà¤ķ|à¥ĩ|Ġà¤ķ|à¥įà¤·|à¥ĩà¤¤|à¥įà¤°|Ġà¤¨à¤¹|à¥Ģà¤Ĥ|Ġà¤¹|à¥Īà¤Ĥà¥¤|âĢĿ","अ||ा|,|और|सा|ा|्य|तौर|पर|विद|श||यों|के|प्रति||दुर|भा|ना,|ग्र|नल|ंड|में|वस|त|तः|अज्ञा||है।|यहा||तक|कि|कस्ब|ं|में|भी|इस|तरह|के|क्ष|त्र|नहीं|हैं।|","{""42"": ""अ||ा|,|और|सा|ा|्य|तौर|पर|विद|श||यों|के|प्रति||दुर|भा|ना,|ग्र|नल|ंड|में|वस|त|तः|अज्ञा||है।|यहा||तक|कि|कस्ब|ं|में|भी|इस|तरह|के|क्ष|त्र|नहीं|हैं।|"", ""43"": ""अपरा|,|और|सामा|्य|तौर|पर|विद|शि|य|ं|के|प्रति||दुर|भा|ना,|ग्र|नल|ंड|में|वस्त|तः|अज|ञा||है।|यहा||तक|कि|कस्ब|ं|में|भी|इस|तरह|के|क्ष|त्र|नहीं|हैं।|"", ""44"": ""अपरा|,|और|सा|ा|्य|तौर|पर|विद|शि|यों|के|प्रति||दुर|भा|ना,|ग्र|नल|ंड|में|वस|त|तः|अज|ञा||है।|यहा||तक|कि|कस्ब|ं|में|भी|इस|तरह|के|क्ष|त्र|नहीं|हैं।|"", ""45"": ""अ|रा|,|और|सामा|्य|तौर|पर|विद|शि|यों|के|प्रति||दुर|भा|ना,|ग्र|नल|ंड|में|वस्त|तः|अज्ञा||है।|यहा||तक|कि|कस्ब|ं|में|भी|इस|तरह|के|क्ष|त्र|नहीं|हैं।|"", ""46"": ""अ|रा|,|और|सा|ा|्य|तौर|पर|विद|शि|यों|के|प्रति||दुर|भा|ना,|ग्र|नल|ंड|में|वस्त|तः|अज|ञा||है।|यहा||तक|कि|कस्ब|ं|में|भी|इस|तरह|के|क्ष|त्र|नहीं|हैं।|""}"
hi,"अफ़सोस की बात यह है कि जैसे-जैसे लिखने के नए-नए तरीके विकसित हुए हैं, वैसे-वैसे पेंसिल की स्थिति और इस्तेमाल कमतर होते गए हैं.",1,1,5,5,True,"à¤ħ|à¤«|à¤¼à¤¸|à¥ĭà¤¸|Ġà¤ķ|à¥Ģ|Ġà¤¬|à¤¾à¤¤|Ġà¤¯à¤¹|Ġà¤¹|à¥Ī|Ġà¤ķ|à¤¿|Ġà¤ľ|à¥Īà¤¸|à¥ĩ-|à¤ľ|à¥Īà¤¸|à¥ĩ|Ġà¤²|à¤¿à¤ĸà¤¨|à¥ĩ|Ġà¤ķ|à¥ĩ|Ġà¤¨à¤ı|-à¤¨|à¤ı|Ġà¤¤à¤°|à¥Ģà¤ķ|à¥ĩ|Ġà¤µ|à¤¿à¤ķà¤¸|à¤¿à¤¤|Ġà¤¹|à¥ģà¤ı|Ġà¤¹|à¥Īà¤Ĥ,|Ġà¤µ|à¥Īà¤¸|à¥ĩ-|à¤µ|à¥Īà¤¸|à¥ĩ|Ġà¤ª|à¥ĩà¤Ĥ|à¤¸|à¤¿à¤²|Ġà¤ķ|à¥Ģ|Ġà¤¸|à¥įà¤¥|à¤¿à¤¤|à¤¿|Ġà¤Ķà¤°|Ġà¤ĩà¤¸|à¥įà¤¤|à¥ĩà¤®|à¤¾à¤²|Ġà¤ķà¤®|à¤¤à¤°|Ġà¤¹|à¥ĭà¤¤|à¥ĩ|Ġà¤Ĺà¤ı|Ġà¤¹|à¥Īà¤Ĥ.","अफ|स|स|की|बात|यह|है|कि|जैसे-|जैसे|लिखन||के|नए-|नए|तर|क||विकसि|त|हुए|हैं,|वैस|-|वैस||पेंसि|ल|की|स्थि|ति||और|इस्त|मा||कमतर|होते|गए|हैं.","{""42"": ""अफ|स|स|की|बात|यह|है|कि|जैसे-|जैसे|लिखन||के|नए-|नए|तर|क||विकसि|त|हुए|हैं,|वैस|-|वैस||पेंसि|ल|की|स्थि|ति||और|इस्त|मा||कमतर|होते|गए|हैं."", ""43"": ""अ|़स|स|की|बा||यह|है|कि|जैसे-|जैस||लिखने|के|नए-|नए|तर|के|विकसि|त|हुए|हैं,|वैस|-|वैस||पेंसि|ल|की|स्थि|ति||और|इस्त|मा||कमतर|होते|गए|हैं."", ""44"": ""अ|़स|स|की|बात|यह|है|कि|जैसे-|जैसे|लिखन||के|नए-|नए|तर|के|विकसि|त|हुए|हैं,|वैसे-|वैस||पेंसि|ल|की|स्थि|ति||और|इस्त|मा||कमतर|होते|गए|हैं."", ""45"": ""अ|़स|||की|बात|यह|है|कि|जैसे-|जैसे|लिखन||के|नए-|नए|तर|क||विकसि|त|हुए|हैं,|वैस|-|वैस||पेंसि|ल|की|स्थि|ति|और|इस्त|मा||कमतर|होते|गए|हैं."", ""46"": ""अ||स|स|की|बा||यह|है|कि|जैसे-|जैसे|लिखने|के|नए-|नए|तरीक||विकसि|त|हुए|हैं,|वैसे-|वैस||पेंसि|ल|की|स्थि|ति|और|इस्त|मा||कमतर|होते|गए|हैं.""}"
hi,"अफ्रीका के बाहर उन सभी स्थानों के लिए अतिरिक्त वीज़ा, प्रस्थान कर, भूमि परिवहन, आदि की अतिरिक्त लागत जोड़ना न भूलें।",1,1,5,5,True,"à¤ħ|à¤«|à¥įà¤°|à¥Ģà¤ķ|à¤¾|Ġà¤ķ|à¥ĩ|Ġà¤¬|à¤¾à¤¹à¤°|Ġà¤īà¤¨|Ġà¤¸à¤Ń|à¥Ģ|Ġà¤¸|à¥įà¤¥|à¤¾à¤¨|à¥ĭà¤Ĥ|Ġà¤ķ|à¥ĩ|Ġà¤²|à¤¿à¤ı|Ġà¤ħà¤¤|à¤¿à¤°|à¤¿à¤ķ|à¥įà¤¤|Ġà¤µ|à¥Ģà¤ľ|à¤¼à¤¾,|Ġà¤ª|à¥įà¤°à¤¸|à¥įà¤¥|à¤¾à¤¨|Ġà¤ķà¤°|,|Ġà¤Ń|à¥Ĥà¤®|à¤¿|Ġà¤ªà¤°|à¤¿à¤µà¤¹à¤¨|,|Ġà¤Ĩà¤¦|à¤¿|Ġà¤ķ|à¥Ģ|Ġà¤ħà¤¤|à¤¿à¤°|à¤¿à¤ķ|à¥įà¤¤|Ġà¤²|à¤¾à¤Ĺà¤¤|Ġà¤ľ|à¥ĭà¤¡|à¤¼à¤¨|à¤¾|Ġà¤¨|Ġà¤Ń|à¥Ĥà¤²|à¥ĩà¤Ĥà¥¤","अफ|र|का|के|बाहर|उन|सभी|स्था|ों|के|लिए|अतिरिक|त|वीज़ा,|प्रस|था||कर,|भूमि||परिवहन,|आदि|की|अतिरिक|त|ला|त|जोड़ना|न भूल|ं।","{""42"": ""अफ|र|का|के|बाहर|उन|सभी|स्था|ों|के|लिए|अतिरिक|त|वीज़ा,|प्रस|था||कर,|भूमि||परिवहन,|आदि|की|अतिरिक|त|ला|त|जोड़ना|न भूल|ं।"", ""43"": ""अ||र|का|के|बाहर|उन|सभी|स्था|ों|के|लिए|अतिरिक|त|वीज़ा,|प्रस|था||कर,|भूमि||परिवहन,|आदि|की|अतिरिक|त|ला|त|जोड़ना|न भूल|ं।"", ""44"": ""अ||र|का|के|बाहर|उन|सभी|स्था|ों|के|लिए|अतिरि|क|त|वीज़ा,|प्रस|था||कर,|भूमि||परिवहन,|आदि|की|अतिरिक|त|ला|त|जोड़ना|न भूल|ं।"", ""45"": ""अ||र|का|के|बाहर|उन|सभी|स्था|ो||के|लिए|अतिरि|क|त|वीज़ा,|प्रस|था||कर,|भूमि||परिवहन,|आदि|की|अतिरिक|त|ला|त|जोड़ना|न भूलें।"", ""46"": ""अ|्र|का|के|बाहर|उन|सभी|स्था|ों|के|लिए|अतिरिक|त|वीज़ा,|प्रस|था||कर,|भूमि||परिवह|,|आदि||की|अतिरि|क|त|ला|त|जोड़न||न भूल|ं।""}"
hi,अभी दो हफ़्ते पहले ही इस ट्रॉफ़ी को अपने नाम कर चुकी 'ऑल ब्लैक्स' टीम का यह फ़ाइनल मैच था.,1,1,5,5,True,à¤ħà¤Ń|à¥Ģ|Ġà¤¦|à¥ĭ|Ġà¤¹à¤«|à¤¼à¥į|à¤¤|à¥ĩ|Ġà¤ªà¤¹à¤²|à¥ĩ|Ġà¤¹|à¥Ģ|Ġà¤ĩà¤¸|Ġà¤Ł|à¥įà¤°|à¥īà¤«|à¤¼à¥Ģ|Ġà¤ķ|à¥ĭ|Ġà¤ħà¤ªà¤¨|à¥ĩ|Ġà¤¨|à¤¾à¤®|Ġà¤ķà¤°|Ġà¤ļ|à¥ģà¤ķ|à¥Ģ|Ġ'|à¤ĳ|à¤²|Ġà¤¬|à¥įà¤²|à¥Īà¤ķ|à¥įà¤¸|'|Ġà¤Ł|à¥Ģà¤®|Ġà¤ķ|à¤¾|Ġà¤¯à¤¹|Ġà¤«|à¤¼à¤¾|à¤ĩ|à¤¨à¤²|Ġà¤®|à¥Īà¤ļ|Ġà¤¥|à¤¾.,अभ||दो|हफ़्त||पहल||ही|इस|ट्र|फ़||को|अपने|नाम|कर|चुकी|'ऑल|ब्ल|क|स'||टीम|का|यह|फ़ा|नल|मैच|था.,"{""42"": ""अभ||दो|हफ़्त||पहल||ही|इस|ट्र|फ़||को|अपने|नाम|कर|चुकी|'ऑल|ब्ल|क|स'||टीम|का|यह|फ़ा|नल|मैच|था."", ""43"": ""अ|||दो|हफ़्त||पहले|ही|इस|ट्र|फ़||को|अपने|ना||कर|चुकी|'ऑल|ब्लैक|स'|टीम|का|यह|फ़ा|नल|मैच|था."", ""44"": ""अ|||दो|हफ़्त||पहले|ही|इस|ट्र|फ़||को|अपने|ना||कर|चुकी|'|ल|ब्ल|क|स'||टीम|का|यह|फ़ा|नल|मैच|था."", ""45"": ""अ|||दो|हफ़्त||पहले|ही|इस|ट्र|फ़||को|अपने|ना||कर|चुकी|'|ल|ब्ल|क|स'|टीम|का|यह|फ़ा|नल|मैच|था."", ""46"": ""अ|||दो|हफ़्त||पहले|ही|इस|ट्र|फ़||को|अपने|ना||कर|चुकी|'ऑल|ब्ल|क|स'|टीम|का|यह|फ़ा|नल|मैच|था.""}"
hi,"अभी भी प्राधिकारियों से सलाह लें, सभी संकेतों का पालन करें और सुरक्षा चेतावनियों पर पूरा ध्यान दें.",1,1,5,5,True,"à¤ħà¤Ń|à¥Ģ|Ġà¤Ń|à¥Ģ|Ġà¤ª|à¥įà¤°|à¤¾à¤§|à¤¿à¤ķ|à¤¾à¤°|à¤¿à¤¯|à¥ĭà¤Ĥ|Ġà¤¸|à¥ĩ|Ġà¤¸à¤²|à¤¾à¤¹|Ġà¤²|à¥ĩà¤Ĥ,|Ġà¤¸à¤Ń|à¥Ģ|Ġà¤¸|à¤Ĥà¤ķ|à¥ĩà¤¤|à¥ĭà¤Ĥ|Ġà¤ķ|à¤¾|Ġà¤ª|à¤¾à¤²à¤¨|Ġà¤ķà¤°|à¥ĩà¤Ĥ|Ġà¤Ķà¤°|Ġà¤¸|à¥ģà¤°à¤ķ|à¥įà¤·|à¤¾|Ġà¤ļ|à¥ĩà¤¤|à¤¾à¤µà¤¨|à¤¿à¤¯|à¥ĭà¤Ĥ|Ġà¤ªà¤°|Ġà¤ª|à¥Ĥà¤°|à¤¾|Ġà¤§|à¥įà¤¯|à¤¾à¤¨|Ġà¤¦|à¥ĩà¤Ĥ.","अभ||भी|प्रा|िका|ि|यों|से|सला||लें,|सभी|संक|तों|का|पा|न|कर|ं|और|सुरक|षा|चेता|नि|य|ं|पर|पूरा|ध्या||दें.","{""42"": ""अभ||भी|प्रा|िका|ि|यों|से|सला||लें,|सभी|संक|तों|का|पा|न|कर|ं|और|सुरक|षा|चेता|नि|य|ं|पर|पूरा|ध्या||दें."", ""43"": ""अ|||भी|प्रा|िका|ि|यों|से|सला||लें,|सभी|संक|तों|का|पा|न|करें|और|सुरक|षा|चेता|नियों|पर|पूरा|ध्या||दें."", ""44"": ""अभ||भी|प्रा|िका|ि|यों|से|सला||लें,|सभी|संक|तों|का|पा|न|करें|और|सुरक|षा|चेता|नि|य|ं|पर|पूरा|ध्या||दें."", ""45"": ""अ|||भी|प्रा|िका|ि|यों|से|सला||लें,|सभी|संक|तों|का|पा|न|कर|ं|और|सुरक|षा|चेता|नि|यों|पर|पूरा|ध्या||दें."", ""46"": ""अ|||भी|प्रा|िका|ि|यों|से|सला||लें,|सभी|संक|तों|का|पा|न|करें|और|सुरक|षा|चेता|नि|यों|पर|पूरा|ध्या||दें.""}"
hi,"अमीरात, इतिहाद एयरवेज, कतर एयरवेज और टर्किश एयरलाइंस जैसी एयरलाइंस ने अपनी सेवाओं को अफ़्रीका में काफ़ी बढ़ाया है. साथ ही, दूसरी यूरोपीय एयरलाइंस की तुलना में अफ़्रीका के कई मुख्य शहरों के बीच सस्ती दरों पर फ्लाइट चलाई हैं.",1,1,5,5,True,"à¤ħà¤®|à¥Ģà¤°|à¤¾à¤¤|,|Ġà¤ĩà¤¤|à¤¿à¤¹|à¤¾à¤¦|Ġà¤ıà¤¯à¤°|à¤µ|à¥ĩà¤ľ|,|Ġà¤ķ|à¤¤à¤°|Ġà¤ıà¤¯à¤°|à¤µ|à¥ĩà¤ľ|Ġà¤Ķà¤°|Ġà¤Łà¤°|à¥įà¤ķ|à¤¿à¤¶|Ġà¤ıà¤¯à¤°|à¤²|à¤¾à¤ĩ|à¤Ĥà¤¸|Ġà¤ľ|à¥Īà¤¸|à¥Ģ|Ġà¤ıà¤¯à¤°|à¤²|à¤¾à¤ĩ|à¤Ĥà¤¸|Ġà¤¨|à¥ĩ|Ġà¤ħà¤ªà¤¨|à¥Ģ|Ġà¤¸|à¥ĩà¤µ|à¤¾à¤ĵ|à¤Ĥ|Ġà¤ķ|à¥ĭ|Ġà¤ħà¤«|à¤¼à¥į|à¤°|à¥Ģà¤ķ|à¤¾|Ġà¤®|à¥ĩà¤Ĥ|Ġà¤ķ|à¤¾à¤«|à¤¼à¥Ģ|Ġà¤¬à¤¢|à¤¼à¤¾|à¤¯|à¤¾|Ġà¤¹|à¥Ī.|Ġà¤¸|à¤¾à¤¥|Ġà¤¹|à¥Ģ,|Ġà¤¦|à¥Ĥà¤¸à¤°|à¥Ģ|Ġà¤¯|à¥Ĥà¤°|à¥ĭà¤ª|à¥Ģà¤¯|Ġà¤ıà¤¯à¤°|à¤²|à¤¾à¤ĩ|à¤Ĥà¤¸|Ġà¤ķ|à¥Ģ|Ġà¤¤|à¥ģà¤²à¤¨|à¤¾|Ġà¤®|à¥ĩà¤Ĥ|Ġà¤ħà¤«|à¤¼à¥į|à¤°|à¥Ģà¤ķ|à¤¾|Ġà¤ķ|à¥ĩ|Ġà¤ķà¤Ī|Ġà¤®|à¥ģà¤ĸ|à¥įà¤¯|Ġà¤¶à¤¹à¤°|à¥ĭà¤Ĥ|Ġà¤ķ|à¥ĩ|Ġà¤¬|à¥Ģà¤ļ|Ġà¤¸à¤¸|à¥įà¤¤|à¥Ģ|Ġà¤¦à¤°|à¥ĭà¤Ĥ|Ġà¤ªà¤°|Ġà¤«|à¥įà¤²|à¤¾à¤ĩà¤Ł|Ġà¤ļà¤²|à¤¾à¤Ī|Ġà¤¹|à¥Īà¤Ĥ.","अ||रा|,|इतिहा||एयरव|ज,|कतर|एयरव|ज|और|टर|किश|एयरला|ंस|जैसी|एयरला|ंस|ने|अपनी|सेवा|ं|को|अफ़्र|का|में|का|़ी|बढ़ा|ा|है.|सा||ही,|दूसर||यूर|प|य|एयरला|ंस|की|तुलना|में|अफ़्र|का|के|कई|मुख्य|शहर|ं|के|बीच|सस्त||दर|ं|पर|फ्ला|ट|चला||हैं.","{""42"": ""अ||रा|,|इतिहा||एयरव|ज,|कतर|एयरव|ज|और|टर|किश|एयरला|ंस|जैसी|एयरला|ंस|ने|अपनी|सेवा|ं|को|अफ़्र|का|में|का|़ी|बढ़ा|ा|है.|सा||ही,|दूसर||यूर|प|य|एयरला|ंस|की|तुलना|में|अफ़्र|का|के|कई|मुख्य|शहर|ं|के|बीच|सस्त||दर|ं|पर|फ्ला|ट|चला||हैं."", ""43"": ""अ||रा|,|इतिहा||एयरव|ज,|कतर|एयरव|ज|और|टर|किश|एयरला|ंस|जैसी|एयरला|ंस|ने|अपनी|सेवा|ं|को|अफ़|र|का|में|का|़ी|बढ़ा|ा|है.|सा||ही,|दूसरी|यूर|प|य|एयरला|ंस|क||तुलना|में|अफ़्र|का|के|कई|मुख|य|शहरों|के|बीच|सस्त||दर|ं|पर|फ्ला|ट|चला||हैं."", ""44"": ""अम|रा|,|इतिहा||एयरव|ज,|कतर|एयरव|ज|और|टर|कि|श|एयरला|ंस|जैसी|एयरला|ंस|ने|अपनी|सेवा|ं|को|अफ़्र|का|में|का|़ी|बढ़ा|ा|है.|सा||ही,|दूसर||यूर|प|य|एयरला|ंस|की|तुलना|में|अफ़्र|का|के|कई|मुख|य|शहर|ं|के|बीच|सस्त||दर|ं|पर|फ्ला|ट|चला||हैं."", ""45"": ""अ||रा|,|इतिहा||एयरव|ज,|कतर|एयरव|ज|और|टर|कि|श|एयरला|ंस|जैसी|एयरल||ंस|ने|अपनी|सेवा|ं|को|अफ़्र|का|में|का|़ी|बढ़ा|ा|है.|सा||ही,|दूसर||यूर|प|य|एयरला|ंस|की|तुलना|में|अफ़्र|का|के|कई|मुख्य|शहर|ं|के|बीच|सस्त||दर|ं|पर|फ्ला|ट|चला||हैं."", ""46"": ""अ||रा|,|इतिहा||एयरव|ज,|कतर|एयरव|ज|और|टर|कि|श|एयरला|ंस|जैसी|एयरला|ंस|ने|अपनी|सेवा|ं|को|अफ़्र|का|में|का|़ी|बढ़ा|ा|है.|सा||ही,|दूसर||यूर|प|य|एयरला|ंस|की|तुलना|में|अफ़|र|का|के|कई|मुख|य|शहर|ं|के|बीच|सस्त||दर|ं|पर|फ्ला|ट|चला||हैं.""}"
hi,"अमेज़न धरती की सबसे चौड़ी नदी भी है, जो कभी-कभी छह मील जितनी चौड़ी हो जाती है.",1,1,5,5,True,"à¤ħà¤®|à¥ĩà¤ľ|à¤¼à¤¨|Ġà¤§à¤°à¤¤|à¥Ģ|Ġà¤ķ|à¥Ģ|Ġà¤¸à¤¬à¤¸|à¥ĩ|Ġà¤ļ|à¥Įà¤¡|à¤¼à¥Ģ|Ġà¤¨à¤¦|à¥Ģ|Ġà¤Ń|à¥Ģ|Ġà¤¹|à¥Ī,|Ġà¤ľ|à¥ĭ|Ġà¤ķà¤Ń|à¥Ģ-|à¤ķà¤Ń|à¥Ģ|Ġà¤Ľà¤¹|Ġà¤®|à¥Ģà¤²|Ġà¤ľ|à¤¿à¤¤à¤¨|à¥Ģ|Ġà¤ļ|à¥Įà¤¡|à¤¼à¥Ģ|Ġà¤¹|à¥ĭ|Ġà¤ľ|à¤¾à¤¤|à¥Ģ|Ġà¤¹|à¥Ī.","अ||ज़न|धरती|की|सबसे|चौड़ी|नदी|भी|है,|जो|कभी-|कभी|छह|मील|जितनी|चौड़||हो|जाती|है.","{""42"": ""अ||ज़न|धरती|की|सबसे|चौड़ी|नदी|भी|है,|जो|कभी-|कभी|छह|मील|जितनी|चौड़||हो|जाती|है."", ""43"": ""अम|ज़न|धरती|की|सबसे|चौड़||नदी|भी|है,|जो|कभी-|कभी|छह|मील|जितन||चौड़ी|हो|जाती|है."", ""44"": ""अम|ज़न|धरत||की|सबसे|चौड़||नदी|भी|है,|जो|कभी-|कभी|छह|मील|जितनी|चौड़ी|हो|जाती|है."", ""45"": ""अ||ज़न|धरती|की|सबसे|चौड़||नदी|भी|है,|जो|कभी-|कभी|छह|मील|जितन||चौड़||हो|जाती|है."", ""46"": ""अ||ज़न|धरत||की|सबसे|चौड़||नदी|भी|है,|जो|कभी-|कभी|छह|मील|जितन||चौड़ी|हो|जाती|है.""}"
hi,अमेरिका का कहना है कि उसे एक अज्ञात स्रोत से जानकारी मिली है जो विशेष रूप से कहता है कि आत्मघाती हमलावरों के उपयोग से इथियोपिया और केन्या में “प्रमुख स्थलों” को उड़ा दिया जायेगा।,1,1,5,5,True,à¤ħà¤®|à¥ĩà¤°|à¤¿à¤ķ|à¤¾|Ġà¤ķ|à¤¾|Ġà¤ķà¤¹à¤¨|à¤¾|Ġà¤¹|à¥Ī|Ġà¤ķ|à¤¿|Ġà¤īà¤¸|à¥ĩ|Ġà¤ıà¤ķ|Ġà¤ħà¤ľ|à¥įà¤ŀ|à¤¾à¤¤|Ġà¤¸|à¥įà¤°|à¥ĭà¤¤|Ġà¤¸|à¥ĩ|Ġà¤ľ|à¤¾à¤¨à¤ķ|à¤¾à¤°|à¥Ģ|Ġà¤®|à¤¿à¤²|à¥Ģ|Ġà¤¹|à¥Ī|Ġà¤ľ|à¥ĭ|Ġà¤µ|à¤¿à¤¶|à¥ĩà¤·|Ġà¤°|à¥Ĥà¤ª|Ġà¤¸|à¥ĩ|Ġà¤ķà¤¹à¤¤|à¤¾|Ġà¤¹|à¥Ī|Ġà¤ķ|à¤¿|Ġà¤Ĩà¤¤|à¥įà¤®|à¤ĺ|à¤¾à¤¤|à¥Ģ|Ġà¤¹à¤®à¤²|à¤¾à¤µà¤°|à¥ĭà¤Ĥ|Ġà¤ķ|à¥ĩ|Ġà¤īà¤ªà¤¯|à¥ĭà¤Ĺ|Ġà¤¸|à¥ĩ|Ġà¤ĩ|à¤¥|à¤¿à¤¯|à¥ĭà¤ª|à¤¿à¤¯|à¤¾|Ġà¤Ķà¤°|Ġà¤ķ|à¥ĩà¤¨|à¥įà¤¯|à¤¾|Ġà¤®|à¥ĩà¤Ĥ|ĠâĢľ|à¤ª|à¥įà¤°à¤®|à¥ģà¤ĸ|Ġà¤¸|à¥įà¤¥à¤²|à¥ĭà¤Ĥ|âĢĿ|Ġà¤ķ|à¥ĭ|Ġà¤īà¤¡|à¤¼à¤¾|Ġà¤¦|à¤¿à¤¯|à¤¾|Ġà¤ľ|à¤¾à¤¯|à¥ĩà¤Ĺ|à¤¾à¥¤,अ||रि|का|का|कहना|है|कि|उसे|एक|अज्ञा||स्र|त|से|जानका|ी|मिली|है|जो|विश|ष|रूप|से|कहता|है|कि|आत्मघ|ा|ी|हमला|र|ं|के|उपय|ग|से|इथि|योपि|या|और|केन्या|में|“प्रम|ख|स्थल|ं”|को|उड़ा|दिया|जायेगा।,"{""42"": ""अ||रि|का|का|कहना|है|कि|उसे|एक|अज्ञा||स्र|त|से|जानका|ी|मिली|है|जो|विश|ष|रूप|से|कहता|है|कि|आत्मघ|ा|ी|हमला|र|ं|के|उपय|ग|से|इथि|योपि|या|और|केन्या|में|“प्रम|ख|स्थल|ं”|को|उड़ा|दिया|जायेगा।"", ""43"": ""अम|रिका|का|कहना|है|कि|उसे|एक|अज्ञा||स्र|त|से|जानका|ी|मिल||है|जो|विश|ष|रूप|से|कहता|है|कि|आत्मघ|ा|ी|हमला|र|ं|के|उपय|ग|से|इथियोपि|या|और|केन्या|में|“|प्रम|ख|स्थल|ं”|को|उड़ा|दिया|जायेगा।"", ""44"": ""अ||रि|का|का|कहना|है|कि|उसे|एक|अज|ञा||स्र|त|से|जानका|ी|मिली|है|जो|विश|ष|रूप|से|कहता|है|कि|आत्मघ|ा|ी|हमला|र|ं|के|उपय|ग|से|इथियोपि|या|और|केन्या|में|“प्रम|ख|स्थल|ं”|को|उड़ा|दिया|जायेगा|"", ""45"": ""अ||रि|का|का|कहना|है|कि|उसे|एक|अज्ञा||स्र|त|से|जानका|ी|मिली|है|जो|विश|ष|रूप|से|कहता|है|कि|आत्मघ|ा|ी|हमला|र|ं|के|उपय|ग|से|इथियोपि|या|और|केन्या|में|“|प्रम|ख|स्थल|ं”|को|उड़ा|दिया|जायेगा।"", ""46"": ""अ||रि|का|का|कहना|है|कि|उसे|एक|अज्ञा||स्र|त|से|जानका|ी|मिली|है|जो|विश|ष|रूप|से|कहता|है|कि|आत्मघ|ा|ी|हमला|र|ं|के|उपय|ग|से|इथियोपि|या|और|केन्या|में|“प्रम|ख|स्थल|ं”|को|उड़ा|दिया|जायेगा।""}"
hi,अमेरिका की योजना तीन अलग जगहों से साझा हमले करने पर टिकी थी.,1,1,5,5,True,à¤ħà¤®|à¥ĩà¤°|à¤¿à¤ķ|à¤¾|Ġà¤ķ|à¥Ģ|Ġà¤¯|à¥ĭà¤ľà¤¨|à¤¾|Ġà¤¤|à¥Ģà¤¨|Ġà¤ħà¤²à¤Ĺ|Ġà¤ľà¤Ĺà¤¹|à¥ĭà¤Ĥ|Ġà¤¸|à¥ĩ|Ġà¤¸|à¤¾à¤Ŀ|à¤¾|Ġà¤¹à¤®à¤²|à¥ĩ|Ġà¤ķà¤°à¤¨|à¥ĩ|Ġà¤ªà¤°|Ġà¤Ł|à¤¿à¤ķ|à¥Ģ|Ġà¤¥|à¥Ģ.,अ||रि|का|की|योजना|तीन|अलग|जगहों|से|सा|ा|हमल||करने|पर|टिक||थी.,"{""42"": ""अ||रि|का|की|योजना|तीन|अलग|जगहों|से|सा|ा|हमल||करने|पर|टिक||थी."", ""43"": ""अ||रि|का|की|योजना|तीन|अलग|जगहों|से|सा|ा|हमले|करने|पर|टिक||थी."", ""44"": ""अ||रि|का|की|योजना|तीन|अलग|जगह|ं|से|साझा|हमल||करने|पर|टिक||थी."", ""45"": ""अ||रिका|की|योजना|तीन|अलग|जगह|ं|से|सा|ा|हमल||करने|पर|टिक||थी."", ""46"": ""अम|रि|का|की|योजना|तीन|अलग|जगह|ं|से|साझा|हमल||करने|पर|टिक||थी.""}"
hi,"अमेरिकी जिमनास्टिक्स, संयुक्त राज्य ओलंपिक समिति के पत्र का समर्थन करता है. साथ ही, सभी एथलीटों को एक सुरक्षित माहौल देने के लिए, ओलंपिक परिवार के होने की अहमियत स्वीकार करता है.",1,1,5,5,True,"à¤ħà¤®|à¥ĩà¤°|à¤¿à¤ķ|à¥Ģ|Ġà¤ľ|à¤¿à¤®|à¤¨|à¤¾à¤¸|à¥įà¤Ł|à¤¿à¤ķ|à¥įà¤¸|,|Ġà¤¸|à¤Ĥà¤¯|à¥ģà¤ķ|à¥įà¤¤|Ġà¤°|à¤¾à¤ľ|à¥įà¤¯|Ġà¤ĵà¤²|à¤Ĥà¤ª|à¤¿à¤ķ|Ġà¤¸à¤®|à¤¿à¤¤|à¤¿|Ġà¤ķ|à¥ĩ|Ġà¤ªà¤¤|à¥įà¤°|Ġà¤ķ|à¤¾|Ġà¤¸à¤®à¤°|à¥įà¤¥à¤¨|Ġà¤ķà¤°à¤¤|à¤¾|Ġà¤¹|à¥Ī.|Ġà¤¸|à¤¾à¤¥|Ġà¤¹|à¥Ģ,|Ġà¤¸à¤Ń|à¥Ģ|Ġà¤ı|à¤¥à¤²|à¥Ģà¤Ł|à¥ĭà¤Ĥ|Ġà¤ķ|à¥ĭ|Ġà¤ıà¤ķ|Ġà¤¸|à¥ģà¤°à¤ķ|à¥įà¤·|à¤¿à¤¤|Ġà¤®|à¤¾à¤¹|à¥Įà¤²|Ġà¤¦|à¥ĩà¤¨|à¥ĩ|Ġà¤ķ|à¥ĩ|Ġà¤²|à¤¿à¤ı|,|Ġà¤ĵà¤²|à¤Ĥà¤ª|à¤¿à¤ķ|Ġà¤ªà¤°|à¤¿à¤µ|à¤¾à¤°|Ġà¤ķ|à¥ĩ|Ġà¤¹|à¥ĭà¤¨|à¥ĩ|Ġà¤ķ|à¥Ģ|Ġà¤ħà¤¹à¤®|à¤¿à¤¯à¤¤|Ġà¤¸|à¥įà¤µ|à¥Ģà¤ķ|à¤¾à¤°|Ġà¤ķà¤°à¤¤|à¤¾|Ġà¤¹|à¥Ī.","अ||रि|क||जिमना|्टि|क|स,|संय|क|त|रा|्य|ओलंपि|क|समिति|के|पत्र|का|समर|थन|करता|है.|सा||ही,|सभी|एथल|ट|ं|को|एक|सुरक|षि|त|मा|ौल|देने|के|लिए,|ओलं|ि|क|परिवा||के|होने|की|अहमि||त|स्व|का||करता|है.","{""42"": ""अ||रि|क||जिमना|्टि|क|स,|संय|क|त|रा|्य|ओलंपि|क|समिति|के|पत्र|का|समर|थन|करता|है.|सा||ही,|सभी|एथल|ट|ं|को|एक|सुरक|षि|त|मा|ौल|देने|के|लिए,|ओलं|ि|क|परिवा||के|होने|की|अहमि||त|स्व|का||करता|है."", ""43"": ""अ||रि|क||जिमना|्टि|क|स,|संय|क|त|रा|्य|ओलं|ि|क|समिति|के|पत|र|का|समर|थन|करता|है.|सा||ही,|सभी|एथलीट|ं|को|एक|सुरक|षि|त|मा|ौल|देने|के|लिए,|ओलं|ि|क|परिवा||के|होने|की|अहमि|यत|स्व|क|||करता|है."", ""44"": ""अ||रि|क||जिमना|्टि|क|स,|संय|क|त|रा|्य|ओलं|ि|क|समिति|के|पत|र|का|समर|थन|करता|है.|सा||ही,|सभी|एथल|ट|ं|को|एक|सुरक|षि|त|मा|ौल|देने|के|लिए,|ओलं|ि|क|परिवा||के|होने|की|अहमि|यत|स्व|का||करता|है."", ""45"": ""अम|रि|क||जिमना|्टि|क|स,|संयुक|त|रा|्य|ओलं|ि|क|समिति|के|पत्र|का|समर|थन|करता|है.|सा||ही,|सभी|एथल|ट|ं|को|एक|सुरक|षि|त|मा|ौल|देने|के|लिए,|ओलं|ि|क|परिवा||के|होने|की|अहमि|यत|स्व|क|||करता|है."", ""46"": ""अ||रि|क||जिमना|्टि|क|स,|संय|क|त|रा|्य|ओलं|ि|क|समिति|के|पत|र|का|समर|थन|करता|है.|सा||ही,|सभी|एथलीट|ं|को|एक|सुरक|षि|त|मा|ौल|देने|के|लिए,|ओलंपि|क|परिवा||के|होने|की|अहमि|यत|स्व|क|||करता|है.""}"
hi,अमेरिकी रक्षा विभाग की संयुक्त राज्य सामरिक रणनीति मलबे पर नज़र रख रही है।,1,1,5,5,True,à¤ħà¤®|à¥ĩà¤°|à¤¿à¤ķ|à¥Ģ|Ġà¤°à¤ķ|à¥įà¤·|à¤¾|Ġà¤µ|à¤¿à¤Ń|à¤¾à¤Ĺ|Ġà¤ķ|à¥Ģ|Ġà¤¸|à¤Ĥà¤¯|à¥ģà¤ķ|à¥įà¤¤|Ġà¤°|à¤¾à¤ľ|à¥įà¤¯|Ġà¤¸|à¤¾à¤®à¤°|à¤¿à¤ķ|Ġà¤°à¤£à¤¨|à¥Ģà¤¤|à¤¿|Ġà¤®|à¤²à¤¬|à¥ĩ|Ġà¤ªà¤°|Ġà¤¨à¤ľ|à¤¼à¤°|Ġà¤°à¤ĸ|Ġà¤°à¤¹|à¥Ģ|Ġà¤¹|à¥Īà¥¤,अ||रि|क||रक्षा|विभा||की|संयुक|त|रा|्य|सा|रि|क|रणन|त||मलब||पर|नज़र|रख|रही|है।,"{""42"": ""अ||रि|क||रक्षा|विभा||की|संयुक|त|रा|्य|सा|रि|क|रणन|त||मलब||पर|नज़र|रख|रही|है।"", ""43"": ""अ||रि|क||रक्षा|विभा||की|संय|क|त|रा|्य|सामरिक|रणन|त|||मलब||पर|नज़र|रख|रही|है।"", ""44"": ""अ||रि|क||रक्षा|विभा||की|संयुक|त|रा|्य|सा|रि|क|रणन|ति|मलब||पर|नज़र|रख|रही|है।"", ""45"": ""अ||रि|क||रक्षा|विभा||की|संय|क|त|रा|्य|सा|रि|क|रणनीति||मलब||पर|नज़र|रख|रही|है।"", ""46"": ""अम|रि|क||रक्षा|विभा||की|संय|क|त|रा|्य|सा|रि|क|रणन|त||मलब||पर|नज़र|रख|रही|है।""}"
hi,अमेरिकी राष्ट्रपति जॉर्ज डब्ल्यू बुश एशिया के एक हफ़्ते के दौरे की शुरुआत करते हुए 16 नवंबर की सुबह सिंगापुर पहुँचे.,1,1,5,5,True,à¤ħà¤®|à¥ĩà¤°|à¤¿à¤ķ|à¥Ģ|Ġà¤°|à¤¾à¤·|à¥įà¤Ł|à¥įà¤°à¤ªà¤¤|à¤¿|Ġà¤ľ|à¥īà¤°|à¥įà¤ľ|Ġà¤¡à¤¬|à¥įà¤²|à¥įà¤¯|à¥Ĥ|Ġà¤¬|à¥ģà¤¶|Ġà¤ıà¤¶|à¤¿à¤¯|à¤¾|Ġà¤ķ|à¥ĩ|Ġà¤ıà¤ķ|Ġà¤¹à¤«|à¤¼à¥į|à¤¤|à¥ĩ|Ġà¤ķ|à¥ĩ|Ġà¤¦|à¥Įà¤°|à¥ĩ|Ġà¤ķ|à¥Ģ|Ġà¤¶|à¥ģà¤°|à¥ģà¤Ĩà¤¤|Ġà¤ķà¤°à¤¤|à¥ĩ|Ġà¤¹|à¥ģà¤ı|Ġ|16|Ġà¤¨à¤µ|à¤Ĥà¤¬à¤°|Ġà¤ķ|à¥Ģ|Ġà¤¸|à¥ģà¤¬à¤¹|Ġà¤¸|à¤¿à¤Ĥ|à¤Ĺ|à¤¾à¤ª|à¥ģà¤°|Ġà¤ªà¤¹|à¥ģà¤ģ|à¤ļ|à¥ĩ.,अ||रि|क||रा|्ट्रपति||जॉर|ज|डब|ल|यू|बुश|एशि|या|के|एक|हफ़्त||के|दौर||की|शुर|आत|करत||हुए|16|नवंबर|की|सुबह|सिंगा|ुर|पहुँच||.,"{""42"": ""अ||रि|क||रा|्ट्रपति||जॉर|ज|डब|ल|यू|बुश|एशि|या|के|एक|हफ़्त||के|दौर||की|शुर|आत|करत||हुए|16|नवंबर|की|सुबह|सिंगा|ुर|पहुँच||."", ""43"": ""अम|रि|क||रा|्ट्रपति||जॉर|ज|डब|ल|य||बुश|एशिया|के|एक|हफ़्त||के|दौर||की|शुर|आत|करते|हुए|16|नवंबर|की|सुबह|सिंगा|ुर|पहुँच||."", ""44"": ""अ||रि|क||रा|्ट्रपति|जॉर|ज|डब्ल|य||बुश|एशिया|के|एक|हफ़्त||के|दौर||की|शुर|आत|करते|हुए|16|नवंबर|की|सुबह|सिं|ा|ुर|पहुँच||."", ""45"": ""अ||रि|क||रा|्ट्रपति||जॉर|ज|डब्ल|य||बुश|एशिया|के|एक|हफ़्त||के|दौर||की|शुर|आत|करते|हुए|16|नवंबर|की|सुबह|सिंगा|ुर|पहुँच||."", ""46"": ""अ||रि|क||रा|्ट्रपति||जॉर|ज|डब्ल|य||बुश|एशिया|के|एक|हफ़्त||के|दौर||की|शुर|आत|करते|हुए|16|नवंबर|की|सुबह|सिंगा|ुर|पहुँच|े.""}"
hi,"अरब के लोग इस धरती पर इस्लाम भी लेकर आए, और उसे कोमोरोस और मेयोटे में बड़े पैमाने पर फैलाया.",1,1,5,5,True,"à¤ħà¤°|à¤¬|Ġà¤ķ|à¥ĩ|Ġà¤²|à¥ĭà¤Ĺ|Ġà¤ĩà¤¸|Ġà¤§à¤°à¤¤|à¥Ģ|Ġà¤ªà¤°|Ġà¤ĩà¤¸|à¥įà¤²|à¤¾à¤®|Ġà¤Ń|à¥Ģ|Ġà¤²|à¥ĩà¤ķà¤°|Ġà¤Ĩà¤ı|,|Ġà¤Ķà¤°|Ġà¤īà¤¸|à¥ĩ|Ġà¤ķ|à¥ĭà¤®|à¥ĭà¤°|à¥ĭà¤¸|Ġà¤Ķà¤°|Ġà¤®|à¥ĩà¤¯|à¥ĭà¤Ł|à¥ĩ|Ġà¤®|à¥ĩà¤Ĥ|Ġà¤¬à¤¡|à¤¼à¥ĩ|Ġà¤ª|à¥Īà¤®|à¤¾à¤¨|à¥ĩ|Ġà¤ªà¤°|Ġà¤«|à¥Īà¤²|à¤¾à¤¯|à¤¾.","अ|ब|के|लोग|इस|धरत||पर|इस्ला||भी|लेकर|आए,|और|उसे|कोमोर|स|और|मेयोटे|में|बड़||पैमा|े|पर|फैल||ा.","{""42"": ""अ|ब|के|लोग|इस|धरत||पर|इस्ला||भी|लेकर|आए,|और|उसे|कोमोर|स|और|मेयोटे|में|बड़||पैमा|े|पर|फैल||ा."", ""43"": ""अ|ब|के|लोग|इस|धरती|पर|इस्ला||भी|लेकर|आए,|और|उसे|कोम|रोस|और|मेयोट||में|बड़े|पैमा|े|पर|फैला|ा."", ""44"": ""अरब|के|लोग|इस|धरती|पर|इस्ला||भी|लेकर|आए,|और|उसे|कोम|र|स|और|मेयोट||में|बड़े|पैमा|े|पर|फैला|ा."", ""45"": ""अ|ब|के|लोग|इस|धरती|पर|इस्ला||भी|लेकर|आए,|और|उसे|कोमोरोस|और|मेयोटे|में|बड़े|पैमा|े|पर|फैला|ा."", ""46"": ""अ|ब|के|लोग|इस|धरती|पर|इस्ला||भी|लेकर|आए,|और|उसे|कोमोर|स|और|मेयोट||में|बड़े|पैमा|े|पर|फैला|ा.""}"
hi,अर्जेंटीना दुनिया में सबसे अच्छी पोलो टीम और खिलाड़ियों के लिए जाना जाता है.,1,1,5,5,True,à¤ħà¤°|à¥įà¤ľ|à¥ĩà¤Ĥ|à¤Ł|à¥Ģà¤¨|à¤¾|Ġà¤¦|à¥ģà¤¨|à¤¿à¤¯|à¤¾|Ġà¤®|à¥ĩà¤Ĥ|Ġà¤¸à¤¬à¤¸|à¥ĩ|Ġà¤ħà¤ļ|à¥įà¤Ľ|à¥Ģ|Ġà¤ª|à¥ĭà¤²|à¥ĭ|Ġà¤Ł|à¥Ģà¤®|Ġà¤Ķà¤°|Ġà¤ĸ|à¤¿à¤²|à¤¾à¤¡|à¤¼à¤¿|à¤¯|à¥ĭà¤Ĥ|Ġà¤ķ|à¥ĩ|Ġà¤²|à¤¿à¤ı|Ġà¤ľ|à¤¾à¤¨|à¤¾|Ġà¤ľ|à¤¾à¤¤|à¤¾|Ġà¤¹|à¥Ī.,अर|जेंट|ना|दुनिया|में|सबसे|अच्छ||पोल||टीम|और|खिला|़ि|यों|के|लिए|जाना|जाता|है.,"{""42"": ""अर|जेंट|ना|दुनिया|में|सबसे|अच्छ||पोल||टीम|और|खिला|़ि|यों|के|लिए|जाना|जाता|है."", ""43"": ""अ||ज|ंट|न||दुनिया|में|सबसे|अच्छ||पोल||टीम|और|खिला|़ि|यों|के|लिए|जाना|जाता|है."", ""44"": ""अ||ज|ंट|ना|दुनि|या|में|सबसे|अच्छ||पोल||टीम|और|खिला|़ि|यों|के|लिए|जाना|जाता|है."", ""45"": ""अ||जेंट|न||दुनिया|में|सबसे|अच्छ||पोल||टीम|और|खिला|़ि|यों|के|लिए|जाना|जाता|है."", ""46"": ""अ||जेंट|ना|दुनिया|में|सबस||अच्छ||पोल||टीम|और|खिला|़ि|यों|के|लिए|जाना|जाता|है.""}"
hi,"अर्मेनियाई सहारे के साथ, एक नया गणराज्य बनाया गया था. हालाँकि, कोई भी स्थापित राष्ट्र - यहाँ तक ​​कि आर्मेनिया भी - इसे सरकारी तौर पर मान्यता नहीं देता है.",1,1,5,5,True,"à¤ħà¤°|à¥įà¤®|à¥ĩà¤¨|à¤¿à¤¯|à¤¾à¤Ī|Ġà¤¸à¤¹|à¤¾à¤°|à¥ĩ|Ġà¤ķ|à¥ĩ|Ġà¤¸|à¤¾à¤¥|,|Ġà¤ıà¤ķ|Ġà¤¨à¤¯|à¤¾|Ġà¤Ĺà¤£|à¤°|à¤¾à¤ľ|à¥įà¤¯|Ġà¤¬à¤¨|à¤¾à¤¯|à¤¾|Ġà¤Ĺà¤¯|à¤¾|Ġà¤¥|à¤¾.|Ġà¤¹|à¤¾à¤²|à¤¾à¤ģ|à¤ķ|à¤¿,|Ġà¤ķ|à¥ĭà¤Ī|Ġà¤Ń|à¥Ģ|Ġà¤¸|à¥įà¤¥|à¤¾à¤ª|à¤¿à¤¤|Ġà¤°|à¤¾à¤·|à¥įà¤Ł|à¥įà¤°|Ġ-|Ġà¤¯à¤¹|à¤¾à¤ģ|Ġà¤¤à¤ķ|ĠâĢ|ĭ|âĢ|ĭ|à¤ķ|à¤¿|Ġà¤Ĩà¤°|à¥įà¤®|à¥ĩà¤¨|à¤¿à¤¯|à¤¾|Ġà¤Ń|à¥Ģ|Ġ-|Ġà¤ĩà¤¸|à¥ĩ|Ġà¤¸à¤°à¤ķ|à¤¾à¤°|à¥Ģ|Ġà¤¤|à¥Įà¤°|Ġà¤ªà¤°|Ġà¤®|à¤¾à¤¨|à¥įà¤¯à¤¤|à¤¾|Ġà¤¨à¤¹|à¥Ģà¤Ĥ|Ġà¤¦|à¥ĩà¤¤|à¤¾|Ġà¤¹|à¥Ī.","अ||मेनि|या||सहा|े|के|साथ,|एक|नया|गणरा|्य|बना|ा|गया|था.|हा|ा|कि,|कोई|भी|स्था|ि|त|रा|्ट्र|-|यहा||तक|​​क||आर|मेनि|या|भी|-|इसे|सरका|ी|तौर|पर|मा|्यत||नहीं|देता|है.","{""42"": ""अ||मेनि|या||सहा|े|के|साथ,|एक|नया|गणरा|्य|बना|ा|गया|था.|हा|ा|कि,|कोई|भी|स्था|ि|त|रा|्ट्र|-|यहा||तक|​​क||आर|मेनि|या|भी|-|इसे|सरका|ी|तौर|पर|मा|्यत||नहीं|देता|है."", ""43"": ""अर|मेनि|या||सहा|े|के|साथ,|एक|नया|गणरा|्य|बना|ा|गया|था.|हा|ा|कि,|कोई|भी|स्था|ि|त|रा|्ट्र|-|यहा||तक|​​कि|आर|मेनिया|भी|-|इसे|सरका|ी|तौर|पर|मा|्यत||नहीं|देता|है."", ""44"": ""अ||मेनि|या||सहा|े|के|साथ,|एक|नया|गणरा|्य|बना|ा|गया|था.|हा|ा|कि,|कोई|भी|स्था|ि|त|रा|्ट्र|-|यहा||तक|​​कि|आर|मेनि|या|भी|-|इसे|सरका|ी|तौर|पर|मा|्यता|नहीं|देता|है."", ""45"": ""अ||म|नि|या||सहा|े|के|साथ,|एक|नया|गणरा|्य|बना|ा|गया|था.|हा|ा|कि,|कोई|भी|स्था|ि|त|रा|्ट्र|-|यहा||तक|​​कि|आर|मेनि|या|भी|-|इसे|सरका|ी|तौर|पर|मा|्यता|नहीं|देता|है."", ""46"": ""अ||मेनि|या||सहा|े|के|साथ,|एक|नया|गणरा|्य|बना|ा|गया|था.|हा|ा|कि,|कोई|भी|स्थापि|त|रा|्ट्र|-|यहा||तक|​​कि|आर|मेनि|या|भी|-|इसे|सरका|ी|तौर|पर|मा|्यता|नहीं|देता|है.""}"
hi,"अल गोर और जनरल टॉमी फ्रैंक्स ने फटाफट बोलकर, अपनी पसंदीदा सुर्खियों को चुरा लिया (गोर ने बताया कि जब 2000 के इलेक्टोरल कॉलेज की हार के बाद, वह टिप्पर के साथ अपनी ज़िंदगी के सबसे अच्छे पल बिता रहे थे, तब द अनियन ने उसकी रिपोर्ट की).",1,1,5,5,True,"à¤ħà¤²|Ġà¤Ĺ|à¥ĭà¤°|Ġà¤Ķà¤°|Ġà¤ľà¤¨à¤°à¤²|Ġà¤Ł|à¥īà¤®|à¥Ģ|Ġà¤«|à¥įà¤°|à¥Īà¤Ĥ|à¤ķ|à¥įà¤¸|Ġà¤¨|à¥ĩ|Ġà¤«à¤Ł|à¤¾à¤«|à¤Ł|Ġà¤¬|à¥ĭà¤²à¤ķà¤°|,|Ġà¤ħà¤ªà¤¨|à¥Ģ|Ġà¤ªà¤¸|à¤Ĥà¤¦|à¥Ģà¤¦|à¤¾|Ġà¤¸|à¥ģà¤°|à¥įà¤ĸ|à¤¿à¤¯|à¥ĭà¤Ĥ|Ġà¤ķ|à¥ĭ|Ġà¤ļ|à¥ģà¤°|à¤¾|Ġà¤²|à¤¿à¤¯|à¤¾|Ġ(|à¤Ĺ|à¥ĭà¤°|Ġà¤¨|à¥ĩ|Ġà¤¬à¤¤|à¤¾à¤¯|à¤¾|Ġà¤ķ|à¤¿|Ġà¤ľà¤¬|Ġ|200|0|Ġà¤ķ|à¥ĩ|Ġà¤ĩà¤²|à¥ĩà¤ķ|à¥įà¤Ł|à¥ĭà¤°|à¤²|Ġà¤ķ|à¥īà¤²|à¥ĩà¤ľ|Ġà¤ķ|à¥Ģ|Ġà¤¹|à¤¾à¤°|Ġà¤ķ|à¥ĩ|Ġà¤¬|à¤¾à¤¦|,|Ġà¤µà¤¹|Ġà¤Ł|à¤¿à¤ª|à¥įà¤ªà¤°|Ġà¤ķ|à¥ĩ|Ġà¤¸|à¤¾à¤¥|Ġà¤ħà¤ªà¤¨|à¥Ģ|Ġà¤ľ|à¤¼à¤¿à¤Ĥ|à¤¦à¤Ĺ|à¥Ģ|Ġà¤ķ|à¥ĩ|Ġà¤¸à¤¬à¤¸|à¥ĩ|Ġà¤ħà¤ļ|à¥įà¤Ľ|à¥ĩ|Ġà¤ªà¤²|Ġà¤¬|à¤¿à¤¤|à¤¾|Ġà¤°à¤¹|à¥ĩ|Ġà¤¥|à¥ĩ,|Ġà¤¤à¤¬|Ġà¤¦|Ġà¤ħà¤¨|à¤¿à¤¯à¤¨|Ġà¤¨|à¥ĩ|Ġà¤īà¤¸à¤ķ|à¥Ģ|Ġà¤°|à¤¿à¤ª|à¥ĭà¤°|à¥įà¤Ł|Ġà¤ķ|à¥Ģ|).","अल|गोर|और|जनरल|टॉम||फ्र|ंक|स|ने|फटा|ट|बोलकर,|अपनी|पसंद|दा|सुर|खि|यों|को|चुरा|लिया|(गोर|ने|बता|ा|कि|जब 2000|के|इल|क|टोरल|कॉल|ज|की|हा||के|बाद,|वह|टिप|पर|के|साथ|अपनी|ज़िंदग||के|सबसे|अच|छ||पल|बिता|रहे|थे,|तब|द|अनियन|ने|उसकी|रिपोर|ट|की).","{""42"": ""अल|गोर|और|जनरल|टॉम||फ्र|ंक|स|ने|फटा|ट|बोलकर,|अपनी|पसंद|दा|सुर|खि|यों|को|चुरा|लिया|(गोर|ने|बता|ा|कि|जब 2000|के|इल|क|टोरल|कॉल|ज|की|हा||के|बाद,|वह|टिप|पर|के|साथ|अपनी|ज़िंदग||के|सबसे|अच|छ||पल|बिता|रहे|थे,|तब|द|अनियन|ने|उसकी|रिपोर|ट|की)."", ""43"": ""अ||गोर|और|जनरल|टॉम||फ्र|ंक|स|ने|फटा|ट|बोलकर,|अपनी|पसंद|दा|सुर|खि|यों|को|चुरा|लिया|(गोर|ने|बता|ा|कि|जब 2000|के|इल|क|ट|रल|कॉल|ज|की|हा||के|बाद,|वह|टिप|पर|के|साथ|अपनी|ज़िंदगी|के|सबसे|अच|छ||पल|बिता|रहे|थे,|तब|द|अनियन|ने|उसकी|रिप|र|ट|की)."", ""44"": ""अ||गोर|और|जनरल|टॉम||फ्र|ंक|स|ने|फटा|ट|बोलकर,|अपनी|पसंद|दा|सुर|खियों|को|चुरा|लिया|(गोर|ने|बता|ा|कि|जब 2000|के|इलेक|ट|रल|कॉल|ज|की|हा||के|बाद,|वह|टिप|पर|के|साथ|अपनी|ज़िंदग||के|सबसे|अच्छ||पल|बिता|रहे|थे,|तब|द|अनियन|ने|उसकी|रिप|र|ट|की)."", ""45"": ""अ||गोर|और|जनरल|टॉम||फ्र|ंक|स|ने|फटा|ट|बोलकर,|अपनी|पसंद|दा|सुर|खि|यों|को|चुरा|लिया|(गोर|ने|बता|ा|कि|जब 2000|के|इलेक|टोरल|कॉल|ज|की|हा||के|बाद,|वह|टिप|पर|के|साथ|अपनी|ज़िंदग||के|सबसे|अच्छ||पल|बिता|रहे|थे,|तब|द|अनियन|ने|उसकी|रिप|र|ट|की)."", ""46"": ""अ||गोर|और|जनरल|टॉम||फ्र|ंक|स|ने|फटा|ट|बोलकर,|अपनी|पसंद|दा|सुर|खियों|को|चुरा|लिया|(गोर|ने|बता|ा|कि|जब 2000|के|इलेक|टोरल|कॉल|ज|की|हा||के|बाद,|वह|टिप|पर|के|साथ|अपनी|ज़िंदग||के|सबसे|अच्छ||पल|बिता|रहे|थे,|तब|द|अनियन|ने|उसकी|रिपोर|ट|की).""}"
hi,अलगाव और पुनर्संयोजन भिन्नता प्रत्येक पीढ़ी के साथ दो पूलों के बीच आगे-पीछे होती रहती है।,1,1,5,5,True,à¤ħ|à¤²à¤Ĺ|à¤¾à¤µ|Ġà¤Ķà¤°|Ġà¤ª|à¥ģà¤¨à¤°|à¥įà¤¸|à¤Ĥà¤¯|à¥ĭà¤ľà¤¨|Ġà¤Ń|à¤¿à¤¨|à¥įà¤¨à¤¤|à¤¾|Ġà¤ª|à¥įà¤°à¤¤|à¥įà¤¯|à¥ĩà¤ķ|Ġà¤ª|à¥Ģà¤¢|à¤¼à¥Ģ|Ġà¤ķ|à¥ĩ|Ġà¤¸|à¤¾à¤¥|Ġà¤¦|à¥ĭ|Ġà¤ª|à¥Ĥà¤²|à¥ĭà¤Ĥ|Ġà¤ķ|à¥ĩ|Ġà¤¬|à¥Ģà¤ļ|Ġà¤Ĩà¤Ĺ|à¥ĩ-|à¤ª|à¥Ģà¤Ľ|à¥ĩ|Ġà¤¹|à¥ĭà¤¤|à¥Ģ|Ġà¤°à¤¹à¤¤|à¥Ģ|Ġà¤¹|à¥Īà¥¤,अ|गा||और|पुनर|संय|जन|भिन|नता|प्रत|य|क|पीढ़||के|साथ|दो|पूल|ं|के|बीच|आगे-|पीछ||होती|रहती|है।,"{""42"": ""अ|गा||और|पुनर|संय|जन|भिन|नता|प्रत|य|क|पीढ़||के|साथ|दो|पूल|ं|के|बीच|आगे-|पीछ||होती|रहती|है।"", ""43"": ""अ||ा||और|पुनर|सं||जन|भिन्नता|प्रत|य|क|पीढ़ी|के|साथ|दो|पूल|ं|के|बीच|आगे-|पीछे|होती|रहती|है।"", ""44"": ""अ|गा||और|पुनर|संय|जन|भिन|नत||प्रत|य|क|पीढ़||के|साथ|दो|पूल|ं|के|बीच|आगे-|पीछ||होती|रहती|है।"", ""45"": ""अ|ग|||और|पुनर|संय|जन|भिन्नता|प्रत|य|क|पीढ़||के|साथ|दो|पूल|ं|के|बीच|आगे-|पीछे|होती|रहती|है।"", ""46"": ""अल|ा||और|पुनर|सं||जन|भिन|नता|प्रत|य|क|पीढ़ी|के|साथ|दो|पूल|ं|के|बीच|आगे-|पीछ||होती|रहती|है।""}"
hi,"अवैध शराबों में मेथनॉल सहित विभिन्न ख़तरनाक अशुद्धियाँ हो सकती हैं, जिनकी कम मात्रा भी अंधेपन या मृत्यु का कारण बन सकती हैं।",1,1,5,5,True,"à¤ħ|à¤µ|à¥Īà¤§|Ġà¤¶à¤°|à¤¾à¤¬|à¥ĭà¤Ĥ|Ġà¤®|à¥ĩà¤Ĥ|Ġà¤®|à¥ĩà¤¥|à¤¨|à¥īà¤²|Ġà¤¸à¤¹|à¤¿à¤¤|Ġà¤µ|à¤¿à¤Ń|à¤¿à¤¨|à¥įà¤¨|Ġà¤ĸ|à¤¼|à¤¤à¤°|à¤¨|à¤¾à¤ķ|Ġà¤ħà¤¶|à¥ģà¤¦|à¥įà¤§|à¤¿à¤¯|à¤¾à¤ģ|Ġà¤¹|à¥ĭ|Ġà¤¸à¤ķà¤¤|à¥Ģ|Ġà¤¹|à¥Īà¤Ĥ,|Ġà¤ľ|à¤¿à¤¨à¤ķ|à¥Ģ|Ġà¤ķà¤®|Ġà¤®|à¤¾à¤¤|à¥įà¤°|à¤¾|Ġà¤Ń|à¥Ģ|Ġà¤ħ|à¤Ĥà¤§|à¥ĩà¤ªà¤¨|Ġà¤¯|à¤¾|Ġà¤®|à¥ĥà¤¤|à¥įà¤¯|à¥ģ|Ġà¤ķ|à¤¾|Ġà¤ķ|à¤¾à¤°à¤£|Ġà¤¬à¤¨|Ġà¤¸à¤ķà¤¤|à¥Ģ|Ġà¤¹|à¥Īà¤Ĥà¥¤","अ||ध|शरा|ों|में|मेथन|ल|सहित|विभि|न्न|ख़तरना||अशुद|धि|या||हो|सकती|हैं,|जिनक||कम|मा|्रा|भी|अंधेपन|या|मृत|य||का|का|ण|बन|सकती|हैं।","{""42"": ""अ||ध|शरा|ों|में|मेथन|ल|सहित|विभि|न्न|ख़तरना||अशुद|धि|या||हो|सकती|हैं,|जिनक||कम|मा|्रा|भी|अंधेपन|या|मृत|य||का|का|ण|बन|सकती|हैं।"", ""43"": ""अ||ध|शरा|ों|में|मेथन|ल|सहित|विभि|न्न|ख़तरना||अश|द|धिया||हो|सकती|हैं,|जिनक||कम|मा|्रा|भी|अंध|पन|या|मृत|य||का|का|ण|बन|सकती|हैं।"", ""44"": ""अ||ध|शरा|ों|में|मेथन|ल|सहित|विभि|न|न|ख़तरना||अशुद|धिया||हो|सकती|हैं,|जिनक||कम|मा|्रा|भी|अंध|पन|या|मृत्य||का|का|ण|बन|सकती|हैं।"", ""45"": ""अ||ध|शरा|ों|में|मेथन|ल|सहित|विभि|न्न|ख़तरना||अशुद|धि|या||हो|सकती|हैं,|जिनक||कम|मा|्रा|भी|अंधेपन|या|मृत्यु|का|का|ण|बन|सकती|हैं।"", ""46"": ""अ||ध|शरा|ों|में|मेथन|ल|सहित|विभि|न|न|ख़तरना||अश|द|धिया||हो|सकत||हैं,|जिनक||कम|मा|्रा|भी|अंधेपन|या|मृत|य||का|का|ण|बन|सकती|हैं।""}"
hi,"असल में, किसी को इसकी मौजूदगी का पता होने पर भी इसे ढूँढना बिल्कुल भी आसान नहीं है. एक बार गुफ़ा में पहुँच जाने पर, वहाँ आप एकदम अकेले हो जाते हैं.",1,1,5,5,True,"à¤ħà¤¸à¤²|Ġà¤®|à¥ĩà¤Ĥ,|Ġà¤ķ|à¤¿à¤¸|à¥Ģ|Ġà¤ķ|à¥ĭ|Ġà¤ĩà¤¸à¤ķ|à¥Ģ|Ġà¤®|à¥Įà¤ľ|à¥Ĥà¤¦à¤Ĺ|à¥Ģ|Ġà¤ķ|à¤¾|Ġà¤ªà¤¤|à¤¾|Ġà¤¹|à¥ĭà¤¨|à¥ĩ|Ġà¤ªà¤°|Ġà¤Ń|à¥Ģ|Ġà¤ĩà¤¸|à¥ĩ|Ġà¤¢|à¥Ĥà¤ģ|à¤¢à¤¨|à¤¾|Ġà¤¬|à¤¿à¤²|à¥įà¤ķ|à¥ģà¤²|Ġà¤Ń|à¥Ģ|Ġà¤Ĩà¤¸|à¤¾à¤¨|Ġà¤¨à¤¹|à¥Ģà¤Ĥ|Ġà¤¹|à¥Ī.|Ġà¤ıà¤ķ|Ġà¤¬|à¤¾à¤°|Ġà¤Ĺ|à¥ģà¤«|à¤¼à¤¾|Ġà¤®|à¥ĩà¤Ĥ|Ġà¤ªà¤¹|à¥ģà¤ģ|à¤ļ|Ġà¤ľ|à¤¾à¤¨|à¥ĩ|Ġà¤ªà¤°|,|Ġà¤µà¤¹|à¤¾à¤ģ|Ġà¤Ĩà¤ª|Ġà¤ıà¤ķà¤¦à¤®|Ġà¤ħà¤ķ|à¥ĩà¤²|à¥ĩ|Ġà¤¹|à¥ĭ|Ġà¤ľ|à¤¾à¤¤|à¥ĩ|Ġà¤¹|à¥Īà¤Ĥ.","अ|ल|में,|किसी|को|इसकी|मौज|दग||का|पता|होने|पर|भी|इसे|ढूँढ|ा|बिल|क|ल|भी|आसा||नहीं|है.|एक|बार|गुफ़ा|में|पहुँच||जाने|पर,|वहा||आप|एकदम|अक|ल||हो|जाते|हैं.","{""42"": ""अ|ल|में,|किसी|को|इसकी|मौज|दग||का|पता|होने|पर|भी|इसे|ढूँढ|ा|बिल|क|ल|भी|आसा||नहीं|है.|एक|बार|गुफ़ा|में|पहुँच||जाने|पर,|वहा||आप|एकदम|अक|ल||हो|जाते|हैं."", ""43"": ""अ|ल|में,|किसी|को|इसकी|मौज|दग||का|पता|होने|पर|भी|इसे|ढूँढना|बिल्क|ल|भी|आसा||नहीं|है.|एक|बार|गुफ़ा|में|पहुँच||जाने|पर,|वहा||आप|एकदम|अक|ल||हो|जाते|हैं."", ""44"": ""अ|||में,|किसी|को|इसकी|मौज|दग||का|पता|होने|पर|भी|इसे|ढूँढ|ना|बिल|क|ल|भी|आसा||नहीं|है.|एक|बार|गुफ़ा|में|पहुँच||जाने|पर,|वहा||आप|एकदम|अक|ल||हो|जाते|हैं."", ""45"": ""अ|||में,|किस||को|इसकी|मौज|दग||का|पता|होने|पर|भी|इसे|ढूँढना|बिल|क|ल|भी|आसा||नहीं|है.|एक|बार|गुफ़ा|में|पहुँच||जाने|पर,|वहा||आप|एकदम|अकेल||हो|जाते|हैं."", ""46"": ""अ|ल|में,|किसी|को|इसकी|मौज|दग||का|पता|होने|पर|भी|इसे|ढूँढ||ा|बिल|क|ल|भी|आसा||नहीं|है.|एक|बार|गुफ़ा|में|पहुँच||जाने|पर,|वहा||आप|एकदम|अक|ल||हो|जाते|हैं.""}"
hi,आइसलैंडिक मौसम विज्ञान कार्यालय ने भी पिछले 48 घंटों में हेक्ला क्षेत्र में भूकंप की कोई गतिविधि न होने की सूचना दी है.,1,1,5,5,True,à¤Ĩ|à¤ĩà¤¸à¤²|à¥Īà¤Ĥ|à¤¡|à¤¿à¤ķ|Ġà¤®|à¥Įà¤¸à¤®|Ġà¤µ|à¤¿à¤ľ|à¥įà¤ŀ|à¤¾à¤¨|Ġà¤ķ|à¤¾à¤°|à¥įà¤¯|à¤¾à¤²à¤¯|Ġà¤¨|à¥ĩ|Ġà¤Ń|à¥Ģ|Ġà¤ª|à¤¿à¤Ľà¤²|à¥ĩ|Ġ|48|Ġà¤ĺ|à¤Ĥà¤Ł|à¥ĭà¤Ĥ|Ġà¤®|à¥ĩà¤Ĥ|Ġà¤¹|à¥ĩà¤ķ|à¥įà¤²|à¤¾|Ġà¤ķ|à¥įà¤·|à¥ĩà¤¤|à¥įà¤°|Ġà¤®|à¥ĩà¤Ĥ|Ġà¤Ń|à¥Ĥà¤ķ|à¤Ĥà¤ª|Ġà¤ķ|à¥Ģ|Ġà¤ķ|à¥ĭà¤Ī|Ġà¤Ĺà¤¤|à¤¿à¤µ|à¤¿à¤§|à¤¿|Ġà¤¨|Ġà¤¹|à¥ĭà¤¨|à¥ĩ|Ġà¤ķ|à¥Ģ|Ġà¤¸|à¥Ĥà¤ļà¤¨|à¤¾|Ġà¤¦|à¥Ģ|Ġà¤¹|à¥Ī.,आ||सल|ं|ि|क|मौसम|विज|ञा||का|्या|य|ने|भी|पिछले|48|घंटों|में|हेक|ला|क्ष|त्र|में|भूकं||की|कोई|गतिवि|धि||न होने|की|सूचना|दी|है.,"{""42"": ""आ||सल|ं|ि|क|मौसम|विज|ञा||का|्या|य|ने|भी|पिछले|48|घंटों|में|हेक|ला|क्ष|त्र|में|भूकं||की|कोई|गतिवि|धि||न होने|की|सूचना|दी|है."", ""43"": ""आ||सल|ंडि|क|मौसम|विज्ञा||का|्या|य|ने|भी|पिछले|48|घंटों|में|हेक|ला|क्ष|त्र|में|भूकं||की|कोई|गतिवि|धि||न होने|की|सूचना|दी|है."", ""44"": ""आ||सल|ंडि|क|मौसम|विज|ञा||का|्या|य|ने|भी|पिछले|48|घंटों|में|हेक्ला|क्ष|त्र|में|भूकं||की|कोई|गतिवि|धि||न होने|की|सूचना|दी|है."", ""45"": ""आ||सलैंडि|क|मौसम|विज|ञा||का|्या|य|ने|भी|पिछल||48|घंटों|में|हेक|ला|क्ष|त्र|में|भूकं||की|कोई|गतिवि|धि||न होने|की|सूचना|दी|है."", ""46"": ""|||सल|ंडि|क|मौस||विज|ञा||का|्या|य|ने|भी|पिछल||48|घंटों|में|हेक|ला|क्ष|त्र|में|भूकं||की|कोई|गतिवि|धि||न होने|की|सूचना|दी|है.""}"
hi,"आईपॉड ओवरहीटिंग में खराबी के लगभग 60 मामले सामने आए हैं, जिससे कुल छह बार आग लगी और चार लोग मामूली रूप से जल गए।",1,1,5,5,True,"à¤Ĩà¤Īà¤ª|à¥īà¤¡|Ġà¤ĵà¤µà¤°|à¤¹|à¥Ģà¤Ł|à¤¿à¤Ĥ|à¤Ĺ|Ġà¤®|à¥ĩà¤Ĥ|Ġà¤ĸà¤°|à¤¾à¤¬|à¥Ģ|Ġà¤ķ|à¥ĩ|Ġà¤²à¤Ĺà¤Ńà¤Ĺ|Ġ|60|Ġà¤®|à¤¾à¤®à¤²|à¥ĩ|Ġà¤¸|à¤¾à¤®à¤¨|à¥ĩ|Ġà¤Ĩà¤ı|Ġà¤¹|à¥Īà¤Ĥ,|Ġà¤ľ|à¤¿à¤¸à¤¸|à¥ĩ|Ġà¤ķ|à¥ģà¤²|Ġà¤Ľà¤¹|Ġà¤¬|à¤¾à¤°|Ġà¤Ĩà¤Ĺ|Ġà¤²à¤Ĺ|à¥Ģ|Ġà¤Ķà¤°|Ġà¤ļ|à¤¾à¤°|Ġà¤²|à¥ĭà¤Ĺ|Ġà¤®|à¤¾à¤®|à¥Ĥà¤²|à¥Ģ|Ġà¤°|à¥Ĥà¤ª|Ġà¤¸|à¥ĩ|Ġà¤ľà¤²|Ġà¤Ĺà¤ı|à¥¤","आ|प||ड|ओवरह|टि|ंग|में|खरा|ी|के|लगभग|60|मा|ले|सामने|आए|हैं,|जिससे|कुल|छह|बार|आग|लगी|और|चा||लोग|मा|ूल||रूप|से|जल|गए।","{""42"": ""आ|प||ड|ओवरह|टि|ंग|में|खरा|ी|के|लगभग|60|मा|ले|सामने|आए|हैं,|जिससे|कुल|छह|बार|आग|लगी|और|चा||लोग|मा|ूल||रूप|से|जल|गए।"", ""43"": ""आ|प|ड|ओवरह|टि|ं||में|खरा|ी|के|लगभग|60|मा|ले|सा|ने|आए|हैं,|जिससे|कुल|छह|बार|आग|लगी|और|चा||लोग|मा|ूल||रूप|से|जल|गए।"", ""44"": ""आ|प|ड|ओवरह|टि|ं||में|खरा|ी|के|लगभग|60|मा|ले|सा|ने|आए|हैं,|जिसस||कुल|छह|बार|आग|लगी|और|चा||लोग|मा|ूल||रूप|से|जल|गए।"", ""45"": ""आ|प|ड|ओवरह|टि|ं||में|खरा|ी|के|लगभग|60|मा|ले|सामने|आए|हैं,|जिसस||कुल|छह|बार|आग|लगी|और|चा||लोग|मा|ूल||रूप|से|जल|गए।"", ""46"": ""आईप|ड|ओवरह|टि|ंग|में|खरा|ी|के|लगभग|60|मा|ले|सामने|आए|हैं,|जिससे|कुल|छह|बार|आग|लगी|और|चा||लोग|मा|ूल||रूप|से|जल|गए।""}"
hi,"आख़िरकार, लोहे के पहियों ने लकड़ी के पहियों की जगह ले ली. 1767 में, पूरी तरह लोहे से बनी रेल की शुरुआत हो गई.",1,1,5,5,True,"à¤Ĩ|à¤ĸ|à¤¼à¤¿|à¤°à¤ķ|à¤¾à¤°|,|Ġà¤²|à¥ĭà¤¹|à¥ĩ|Ġà¤ķ|à¥ĩ|Ġà¤ªà¤¹|à¤¿à¤¯|à¥ĭà¤Ĥ|Ġà¤¨|à¥ĩ|Ġà¤²à¤ķà¤¡|à¤¼à¥Ģ|Ġà¤ķ|à¥ĩ|Ġà¤ªà¤¹|à¤¿à¤¯|à¥ĭà¤Ĥ|Ġà¤ķ|à¥Ģ|Ġà¤ľà¤Ĺà¤¹|Ġà¤²|à¥ĩ|Ġà¤²|à¥Ģ.|Ġ|176|7|Ġà¤®|à¥ĩà¤Ĥ,|Ġà¤ª|à¥Ĥà¤°|à¥Ģ|Ġà¤¤à¤°à¤¹|Ġà¤²|à¥ĭà¤¹|à¥ĩ|Ġà¤¸|à¥ĩ|Ġà¤¬à¤¨|à¥Ģ|Ġà¤°|à¥ĩà¤²|Ġà¤ķ|à¥Ģ|Ġà¤¶|à¥ģà¤°|à¥ģà¤Ĩà¤¤|Ġà¤¹|à¥ĭ|Ġà¤Ĺà¤Ī|.","आ|़िरका|,|लोह||के|पहियों|ने|लकड़||के|पहियों|की|जगह|ले|ली.|1767|में,|पूर||तरह|लोहे|से|बनी|रेल|की|शुर|आत|हो|गई.","{""42"": ""आ|़िरका|,|लोह||के|पहियों|ने|लकड़||के|पहियों|की|जगह|ले|ली.|1767|में,|पूर||तरह|लोहे|से|बनी|रेल|की|शुर|आत|हो|गई."", ""43"": ""आ||ि|रका|,|लोह||के|पहियों|ने|लकड़ी|के|पहियों|की|जगह|ले|ली.|1767|में,|पूर||तरह|लोह||से|बनी|रेल|की|शुर|आ||हो|गई."", ""44"": ""आख़ि|रका|,|लोह||के|पहियों|ने|लकड़||के|पहियों|की|जगह|ले|ली.|1767|में,|पूर||तरह|लोह||से|बनी|रेल|की|शुर|आत|हो|गई."", ""45"": ""आ|़ि|रका|,|लोहे|के|पहियों|ने|लकड़ी|के|पहियों|की|जगह|ले|ली.|1767|में,|पूर||तरह|लोह||से|बनी|रेल|की|शुर|आत|हो|गई."", ""46"": ""आख़ि|रका|,|लोह||के|पहियों|ने|लकड़||के|पहियों|की|जगह|ले|ली.|1767|में,|पूर||तरह|लोहे|से|बनी|रेल|की|शुर|आत|हो|गई.""}"
hi,"आग लगने के बाद किले को संरक्षित और सुरक्षित रखा गया, भूटान का सबसे शानदार आकर्षक जगहों में से एक बना हुआ है.",1,1,5,5,True,"à¤Ĩà¤Ĺ|Ġà¤²à¤Ĺà¤¨|à¥ĩ|Ġà¤ķ|à¥ĩ|Ġà¤¬|à¤¾à¤¦|Ġà¤ķ|à¤¿à¤²|à¥ĩ|Ġà¤ķ|à¥ĭ|Ġà¤¸|à¤Ĥà¤°à¤ķ|à¥įà¤·|à¤¿à¤¤|Ġà¤Ķà¤°|Ġà¤¸|à¥ģà¤°à¤ķ|à¥įà¤·|à¤¿à¤¤|Ġà¤°à¤ĸ|à¤¾|Ġà¤Ĺà¤¯|à¤¾,|Ġà¤Ń|à¥Ĥà¤Ł|à¤¾à¤¨|Ġà¤ķ|à¤¾|Ġà¤¸à¤¬à¤¸|à¥ĩ|Ġà¤¶|à¤¾à¤¨à¤¦|à¤¾à¤°|Ġà¤Ĩà¤ķà¤°|à¥įà¤·à¤ķ|Ġà¤ľà¤Ĺà¤¹|à¥ĭà¤Ĥ|Ġà¤®|à¥ĩà¤Ĥ|Ġà¤¸|à¥ĩ|Ġà¤ıà¤ķ|Ġà¤¬à¤¨|à¤¾|Ġà¤¹|à¥ģà¤Ĩ|Ġà¤¹|à¥Ī.","आ||लगने|के|बाद|किल||को|संरक|षि|त|और|सुरक|षि|त|रखा|गया,|भूटा||का|सबस||शा|दा||आकर्षक|जगह|ं|में|से|एक|बना|हुआ|है.","{""42"": ""आ||लगने|के|बाद|किल||को|संरक|षि|त|और|सुरक|षि|त|रखा|गया,|भूटा||का|सबस||शा|दा||आकर्षक|जगह|ं|में|से|एक|बना|हुआ|है."", ""43"": ""आ||लगने|के|बाद|किल||को|संरक|षि|त|और|सुरक|षि|त|रखा|गया,|भूटा||का|सबसे|शा|द|||आकर|षक|जगहों|में|से|एक|बना|हुआ|है."", ""44"": ""आ||लगने|के|बाद|किल||को|सं|क|षि|त|और|सुरक|षि|त|रखा|गया,|भूटा||का|सबसे|शा|दा||आकर|षक|जगहों|में|से|एक|बना|हुआ|है."", ""45"": ""आग||लगने|के|बाद|किल||को|संरक|षि|त|और|सुरक|षि|त|रखा|गया,|भूटा||का|सबसे|शा|दा||आकर|षक|जगह|ं|में|से|एक|बना|हुआ|है."", ""46"": ""आ||लगने|के|बाद|किल||को|संरक|षि|त|और|सुरक|षि|त|रखा|गया,|भूटा||का|सबसे|शा|दा||आकर|षक|जगहों|में|से|एक|बना|हुआ|है.""}"
hi,आज 12.00 GMT पर इराक स्टडी ग्रुप ने अपनी रिपोर्ट प्रस्तुत की.,1,1,5,5,True,à¤Ĩà¤ľ|Ġ|12|.|00|ĠGMT|Ġà¤ªà¤°|Ġà¤ĩà¤°|à¤¾à¤ķ|Ġà¤¸|à¥įà¤Łà¤¡|à¥Ģ|Ġà¤Ĺ|à¥įà¤°|à¥ģà¤ª|Ġà¤¨|à¥ĩ|Ġà¤ħà¤ªà¤¨|à¥Ģ|Ġà¤°|à¤¿à¤ª|à¥ĭà¤°|à¥įà¤Ł|Ġà¤ª|à¥įà¤°à¤¸|à¥įà¤¤|à¥ģà¤¤|Ġà¤ķ|à¥Ģ.,आ|||12.00|GMT|पर|इरा||स्टड||ग्र|प|ने|अपनी|रिपोर|ट|प्रस|त|त|की.,"{""42"": ""आ|||12.00|GMT|पर|इरा||स्टड||ग्र|प|ने|अपनी|रिपोर|ट|प्रस|त|त|की."", ""43"": ""आ||12.00|GMT|पर|इरा||स्टड||ग्र|प|ने|अपनी|रिप|र्ट|प्रस|त|त|की."", ""44"": ""आ||12.00|GMT|पर|इरा||स्टड||ग्र|प|ने|अपनी|रिपोर्ट|प्रस|त|त|की."", ""45"": ""आज|12.00|GMT|पर|इरा||स्टड||ग्र|प|ने|अपनी|रिपोर|ट|प्रस|त|त|की."", ""46"": ""आ||12.00|GMT|पर|इरा||स्टड||ग्र|प|ने|अपनी|रिप|र|ट|प्रस|त|त|की.""}"
hi,आज A1GP न्यूज़ीलैंड टीम के को-ड्राइवर जॉनी रेड ने न्यूज़ीलैंड के 48 साल से अधिक पुराने ऑकलैंड हार्बर ब्रिज पर वैधानिक रूप से सबसे तेज़ गाड़ी चलाकर इतिहास बनाया.,1,1,5,5,True,à¤Ĩà¤ľ|ĠA|1|GP|Ġà¤¨|à¥įà¤¯|à¥Ĥà¤ľ|à¤¼à¥Ģ|à¤²|à¥Īà¤Ĥ|à¤¡|Ġà¤Ł|à¥Ģà¤®|Ġà¤ķ|à¥ĩ|Ġà¤ķ|à¥ĭ-|à¤¡|à¥įà¤°|à¤¾à¤ĩà¤µà¤°|Ġà¤ľ|à¥īà¤¨|à¥Ģ|Ġà¤°|à¥ĩà¤¡|Ġà¤¨|à¥ĩ|Ġà¤¨|à¥įà¤¯|à¥Ĥà¤ľ|à¤¼à¥Ģ|à¤²|à¥Īà¤Ĥ|à¤¡|Ġà¤ķ|à¥ĩ|Ġ|48|Ġà¤¸|à¤¾à¤²|Ġà¤¸|à¥ĩ|Ġà¤ħà¤§|à¤¿à¤ķ|Ġà¤ª|à¥ģà¤°|à¤¾à¤¨|à¥ĩ|Ġà¤ĳ|à¤ķà¤²|à¥Īà¤Ĥ|à¤¡|Ġà¤¹|à¤¾à¤°|à¥įà¤¬à¤°|Ġà¤¬|à¥įà¤°|à¤¿à¤ľ|Ġà¤ªà¤°|Ġà¤µ|à¥Īà¤§|à¤¾à¤¨|à¤¿à¤ķ|Ġà¤°|à¥Ĥà¤ª|Ġà¤¸|à¥ĩ|Ġà¤¸à¤¬à¤¸|à¥ĩ|Ġà¤¤|à¥ĩà¤ľ|à¤¼|Ġà¤Ĺ|à¤¾à¤¡|à¤¼à¥Ģ|Ġà¤ļà¤²|à¤¾à¤ķà¤°|Ġà¤ĩà¤¤|à¤¿à¤¹|à¤¾à¤¸|Ġà¤¬à¤¨|à¤¾à¤¯|à¤¾.,आ||A1GP|न्य|ज़|ल|ंड|टीम|के|को-|ड्रा|वर|जॉनी|रेड|ने|न्य|ज़|ल|ंड|के|48|साल|से|अधिक|पुरा|े|ऑकल|ं||हा|्बर|ब्रि|ज|पर|वैधा|ि|क|रूप|से|सबसे|तेज़|गा|़ी|चला|र|इतिहा||बना|ा.,"{""42"": ""आ||A1GP|न्य|ज़|ल|ंड|टीम|के|को-|ड्रा|वर|जॉनी|रेड|ने|न्य|ज़|ल|ंड|के|48|साल|से|अधिक|पुरा|े|ऑकल|ं||हा|्बर|ब्रि|ज|पर|वैधा|ि|क|रूप|से|सबसे|तेज़|गा|़ी|चला|र|इतिहा||बना|ा."", ""43"": ""आज|A1GP|न्य|ज़|ल|ंड|टीम|के|को-|ड्रा|वर|जॉनी|रेड|ने|न्य|ज़|ल|ंड|के|48|साल|से|अधिक|पुरा|े|ऑकलैंड|हा|्बर|ब्रि|ज|पर|वैधा|ि|क|रूप|से|सबसे|तेज़|गा|़ी|चला|र|इतिहा||बना|ा."", ""44"": ""आ||A1GP|न्य|ज़|ल|ंड|टीम|के|को-|ड्रा|वर|जॉनी|रेड|ने|न्य|ज़|ल|ंड|के|48|साल|से|अधिक|पुरा|े|ऑकलैंड|हा|्बर|ब्रि|ज|पर|वैधा|ि|क|रूप|से|सबसे|तेज़|गाड़ी|चला|र|इतिहा||बना|ा."", ""45"": ""आ||A1GP|न्यूज़|ल||ंड|टीम|के|को-|ड्रा|वर|जॉन||रेड|ने|न्य|ज़|लैंड|के|48|सा||से|अधिक|पुरा|े|ऑकल|ंड|हा|्बर|ब्रि|ज|पर|वैधा|ि|क|रूप|से|सबसे|तेज़|गा|़ी|चला|र|इतिहा||बना|ा."", ""46"": ""आ||A1GP|न्य|ज़|ल|ंड|टीम|के|को-|ड्रा|वर|जॉनी|रेड|ने|न्य|ज़|ल|ंड|के|48|साल|से|अधिक|पुरा|े|ऑकल|ं||हा|्बर|ब्रि|ज|पर|वैधा|िक|रूप|से|सबसे|तेज़|गाड़ी|चला|र|इतिहा||बना|ा.""}"
hi,आज के खिलाड़ी वॉशिगंटन कैपिटल्स के एलेक्स ओवेचकिन हैं.,1,1,5,5,True,à¤Ĩà¤ľ|Ġà¤ķ|à¥ĩ|Ġà¤ĸ|à¤¿à¤²|à¤¾à¤¡|à¤¼à¥Ģ|Ġà¤µ|à¥ī|à¤¶|à¤¿à¤Ĺ|à¤Ĥà¤Łà¤¨|Ġà¤ķ|à¥Īà¤ª|à¤¿à¤Łà¤²|à¥įà¤¸|Ġà¤ķ|à¥ĩ|Ġà¤ıà¤²|à¥ĩà¤ķ|à¥įà¤¸|Ġà¤ĵ|à¤µ|à¥ĩà¤ļ|à¤ķ|à¤¿à¤¨|Ġà¤¹|à¥Īà¤Ĥ.,आज|के|खिला|़ी|वॉशि|गंटन|कैपि|टल|स|के|एल|क|स|ओवेचकि|न|हैं.,"{""42"": ""आज|के|खिला|़ी|वॉशि|गंटन|कैपि|टल|स|के|एल|क|स|ओवेचकि|न|हैं."", ""43"": ""आ||के|खिला|़ी|वॉशि|गं|न|कैपि|टल|स|के|एल|क|स|ओवेचक|न|हैं."", ""44"": ""आ||के|खिला|़ी|वॉशि|गंटन|कैपि|टल|स|के|एले||स|ओवेचकि|न|हैं."", ""45"": ""आ||के|खिला|़ी|वॉशि|गं|||कैपि|टल|स|के|एलेक|स|ओवेचकि|न|हैं."", ""46"": ""आ||के|खिला|़ी|वॉशि|गंटन|कैपि|टल|स|के|एलेक|स|ओवेचकिन|हैं.""}"
hi,"आजकल एआई सिस्टम का इस्तेमाल अक्सर अर्थशास्त्र, दवाइयों, इंजीनियरिंग और सैन्य क्षेत्रों में किया जाता है, जैसा कि कई होम कंप्यूटर और वीडियो गेम सॉफ़्टवेयर ऐप्लिकेशन में बनाया गया है.",1,1,5,5,True,"à¤Ĩà¤ľ|à¤ķà¤²|Ġà¤ı|à¤Ĩà¤Ī|Ġà¤¸|à¤¿à¤¸|à¥įà¤Łà¤®|Ġà¤ķ|à¤¾|Ġà¤ĩà¤¸|à¥įà¤¤|à¥ĩà¤®|à¤¾à¤²|Ġà¤ħà¤ķ|à¥įà¤¸à¤°|Ġà¤ħà¤°|à¥įà¤¥|à¤¶|à¤¾à¤¸|à¥įà¤¤|à¥įà¤°|,|Ġà¤¦à¤µ|à¤¾à¤ĩà¤¯|à¥ĭà¤Ĥ,|Ġà¤ĩ|à¤Ĥà¤ľ|à¥Ģà¤¨|à¤¿à¤¯à¤°|à¤¿à¤Ĥ|à¤Ĺ|Ġà¤Ķà¤°|Ġà¤¸|à¥Īà¤¨|à¥įà¤¯|Ġà¤ķ|à¥įà¤·|à¥ĩà¤¤|à¥įà¤°|à¥ĭà¤Ĥ|Ġà¤®|à¥ĩà¤Ĥ|Ġà¤ķ|à¤¿à¤¯|à¤¾|Ġà¤ľ|à¤¾à¤¤|à¤¾|Ġà¤¹|à¥Ī,|Ġà¤ľ|à¥Īà¤¸|à¤¾|Ġà¤ķ|à¤¿|Ġà¤ķà¤Ī|Ġà¤¹|à¥ĭà¤®|Ġà¤ķ|à¤Ĥà¤ª|à¥įà¤¯|à¥Ĥà¤Łà¤°|Ġà¤Ķà¤°|Ġà¤µ|à¥Ģà¤¡|à¤¿à¤¯|à¥ĭ|Ġà¤Ĺ|à¥ĩà¤®|Ġà¤¸|à¥īà¤«|à¤¼à¥į|à¤Ł|à¤µ|à¥ĩà¤¯à¤°|Ġà¤Ĳà¤ª|à¥įà¤²|à¤¿à¤ķ|à¥ĩà¤¶à¤¨|Ġà¤®|à¥ĩà¤Ĥ|Ġà¤¬à¤¨|à¤¾à¤¯|à¤¾|Ġà¤Ĺà¤¯|à¤¾|Ġà¤¹|à¥Ī.","आ|कल|एआ||सिस|टम|का|इस्त|मा||अक|सर|अर|थश||्त|र,|दवा|यों,|इंज|नि|यरि|ं||और|सैन|य|क्ष|त्रों|में|किया|जाता|है,|जैसा|कि|कई|होम|कंप|य|टर|और|वीडियो|गेम|सॉफ़|टव|यर|ऐप्लि|क|शन|में|बना|ा|गया|है.","{""42"": ""आ|कल|एआ||सिस|टम|का|इस्त|मा||अक|सर|अर|थश||्त|र,|दवा|यों,|इंज|नि|यरि|ं||और|सैन|य|क्ष|त्रों|में|किया|जाता|है,|जैसा|कि|कई|होम|कंप|य|टर|और|वीडियो|गेम|सॉफ़|टव|यर|ऐप्लि|क|शन|में|बना|ा|गया|है."", ""43"": ""आजकल|एआ||सिस|टम|का|इस्तेमा||अक|सर|अर|थशा|्त|र,|दवा|यों,|इंज|नि|यरि|ंग|और|सैन|य|क्ष|त्र|ं|में|किया|जाता|है,|जैसा|कि|कई|होम|कंप|य|टर|और|वीडियो|गेम|सॉफ़|टव|यर|ऐप्लि|क|शन|में|बना|ा|गया|है."", ""44"": ""आ||कल|एआई|सिस|टम|का|इस्त|मा||अक|सर|अर|थशा|्त|र,|दवा|यों,|इंज|नि|यरि|ंग|और|सैन|य|क्षेत्र|ं|में|किया|जाता|है,|जैसा|कि|कई|होम|कं||य|टर|और|वीडि|यो|गेम|सॉफ़|टव|यर|ऐप्लि|क|शन|में|बना|ा|गया|है."", ""45"": ""आ|कल|एआई|सिस|टम|का|इस्त|मा||अक|सर|अर|थशा|्त|र,|दवा|यों,|इंजीन||यरि|ंग|और|सैन|य|क्ष|त्र|ं|में|किया|जाता|है,|जैसा|कि|कई|होम|कंप्यूटर|और|वीडि|यो|गेम|सॉफ़|टव|यर|ऐप्लि|क|शन|में|बना|ा|गया|है."", ""46"": ""आ|कल|एआई|सिस|टम|का|इस्त|मा||अक्सर|अर|थशा|्त|र,|दवा|यों,|इंज|नि|यरि|ंग|और|सैन|य|क्ष|त्र|ं|में|किया|जाता|है,|जैसा|कि|कई|होम|कंप|य|टर|और|वीडि|यो|गेम|सॉफ़|टव|यर|ऐप्लि|क|शन|में|बना|ा|गया|है.""}"
hi,"आजकल कई Sámi आधुनिक व्यापार में काम करते हैं, Sápmi, जो कि Sámi लोगों से बसा हुआ है, में पर्यटन एक बहुत ही अहम् आमदनी का हिस्सा है।",1,1,5,5,True,"à¤Ĩà¤ľ|à¤ķà¤²|Ġà¤ķà¤Ī|ĠS|Ã¡m|i|Ġà¤Ĩà¤§|à¥ģà¤¨|à¤¿à¤ķ|Ġà¤µ|à¥įà¤¯|à¤¾à¤ª|à¤¾à¤°|Ġà¤®|à¥ĩà¤Ĥ|Ġà¤ķ|à¤¾à¤®|Ġà¤ķà¤°à¤¤|à¥ĩ|Ġà¤¹|à¥Īà¤Ĥ,|ĠS|Ã¡p|mi|,|Ġà¤ľ|à¥ĭ|Ġà¤ķ|à¤¿|ĠS|Ã¡m|i|Ġà¤²|à¥ĭà¤Ĺ|à¥ĭà¤Ĥ|Ġà¤¸|à¥ĩ|Ġà¤¬à¤¸|à¤¾|Ġà¤¹|à¥ģà¤Ĩ|Ġà¤¹|à¥Ī,|Ġà¤®|à¥ĩà¤Ĥ|Ġà¤ªà¤°|à¥įà¤¯à¤Łà¤¨|Ġà¤ıà¤ķ|Ġà¤¬à¤¹|à¥ģà¤¤|Ġà¤¹|à¥Ģ|Ġà¤ħà¤¹à¤®|à¥į|Ġà¤Ĩà¤®|à¤¦à¤¨|à¥Ģ|Ġà¤ķ|à¤¾|Ġà¤¹|à¤¿à¤¸|à¥įà¤¸|à¤¾|Ġà¤¹|à¥Īà¥¤","आ|कल|कई|Sámi आधुनि|क|व्या|ा||में|का||करते|हैं,|Sápmi,|जो|कि|Sámi लोगों|से|बसा|हुआ|है,|में|पर|यटन|एक|बहुत|ही|अहम||आमदन||का|हिस|स||है।","{""42"": ""आ|कल|कई|Sámi आधुनि|क|व्या|ा||में|का||करते|हैं,|Sápmi,|जो|कि|Sámi लोगों|से|बसा|हुआ|है,|में|पर|यटन|एक|बहुत|ही|अहम||आमदन||का|हिस|स||है।"", ""43"": ""आ|कल|कई|Sámi आधुनिक|व्या|ा||में|का||करते|हैं,|Sápmi,|जो|कि|Sámi लोगों|से|बसा|हुआ|है,|में|पर|यटन|एक|बहुत|ही|अहम्|आमदन||का|हिस्सा|है।"", ""44"": ""आ|कल|कई|Sámi आधुनिक|व्या|ा||में|का||करते|हैं,|Sápmi,|जो|कि|Sámi|लोगों|से|बसा|हुआ|है,|में|पर|यटन|एक|बहुत|ही|अहम||आमदन||का|हिस्सा|है।"", ""45"": ""आ||कल|कई|Sámi आधुनिक|व्या|ा||में|का||करते|हैं,|Sápmi,|जो|कि|Sámi|लोगों|से|बसा|हुआ|है,|में|पर|यटन|एक|बहुत|ही|अहम||आमदन||का|हिस्सा|है।"", ""46"": ""आ|कल|कई|Sámi आधुनिक|व्या|ा||में|का||करते|हैं,|Sápmi,|जो|कि|Sámi|लोगों|से|बसा|हुआ|है,|में|पर्यटन|एक|बहुत|ही|अहम||आमदन||का|हिस्सा|है।""}"
hi,आजकल तस्वीरों और वीडियो में हेराफेरी करने के लिए कंप्यूटर का उपयोग किया जाता है.,1,1,5,5,True,à¤Ĩà¤ľ|à¤ķà¤²|Ġà¤¤à¤¸|à¥įà¤µ|à¥Ģà¤°|à¥ĭà¤Ĥ|Ġà¤Ķà¤°|Ġà¤µ|à¥Ģà¤¡|à¤¿à¤¯|à¥ĭ|Ġà¤®|à¥ĩà¤Ĥ|Ġà¤¹|à¥ĩà¤°|à¤¾à¤«|à¥ĩà¤°|à¥Ģ|Ġà¤ķà¤°à¤¨|à¥ĩ|Ġà¤ķ|à¥ĩ|Ġà¤²|à¤¿à¤ı|Ġà¤ķ|à¤Ĥà¤ª|à¥įà¤¯|à¥Ĥà¤Łà¤°|Ġà¤ķ|à¤¾|Ġà¤īà¤ªà¤¯|à¥ĭà¤Ĺ|Ġà¤ķ|à¤¿à¤¯|à¤¾|Ġà¤ľ|à¤¾à¤¤|à¤¾|Ġà¤¹|à¥Ī.,आ||कल|तस्व|र|ं|और|वीडि|यो|में|हेराफेरी|करने|के|लिए|कंप|य|टर|का|उपय|ग|किया|जाता|है.,"{""42"": ""आ||कल|तस्व|र|ं|और|वीडि|यो|में|हेराफेरी|करने|के|लिए|कंप|य|टर|का|उपय|ग|किया|जाता|है."", ""43"": ""आ|कल|तस्व|र|ं|और|वीडि|यो|में|हेरा|ेर||करने|के|लिए|कंप|य|टर|का|उपय|ग|किया|जाता|है."", ""44"": ""आ||कल|तस्व|र|ं|और|वीडि|यो|में|हेरा|ेरी|करने|के|लिए|कंप|य|टर|का|उपय|ग|किया|जाता|है."", ""45"": ""आ|कल|तस्व|र|ं|और|वीडि|य||में|हेरा|ेरी|करने|के|लिए|कंप|य|टर|का|उपय|ग|किया|जाता|है."", ""46"": ""आ|कल|तस्व|र|ं|और|वीडि|यो|में|हेरा|ेर||करने|के|लिए|कंप|यूटर|का|उपय|ग|किया|जाता|है.""}"
hi,"आजकल विकसित देशों में, डीलक्स बिस्तर और नाश्ता प्रदान करना एक कला के रूप में विकसित हो गया है.",1,1,5,5,True,"à¤Ĩà¤ľ|à¤ķà¤²|Ġà¤µ|à¤¿à¤ķà¤¸|à¤¿à¤¤|Ġà¤¦|à¥ĩà¤¶|à¥ĭà¤Ĥ|Ġà¤®|à¥ĩà¤Ĥ,|Ġà¤¡|à¥Ģà¤²|à¤ķ|à¥įà¤¸|Ġà¤¬|à¤¿à¤¸|à¥įà¤¤à¤°|Ġà¤Ķà¤°|Ġà¤¨|à¤¾à¤¶|à¥įà¤¤|à¤¾|Ġà¤ª|à¥įà¤°à¤¦|à¤¾à¤¨|Ġà¤ķà¤°à¤¨|à¤¾|Ġà¤ıà¤ķ|Ġà¤ķà¤²|à¤¾|Ġà¤ķ|à¥ĩ|Ġà¤°|à¥Ĥà¤ª|Ġà¤®|à¥ĩà¤Ĥ|Ġà¤µ|à¤¿à¤ķà¤¸|à¤¿à¤¤|Ġà¤¹|à¥ĭ|Ġà¤Ĺà¤¯|à¤¾|Ġà¤¹|à¥Ī.","आ||कल|विकसि|त|देश|ं|में,|डीलक|स|बिस|तर|और|ना|्ता|प|रदा||करना|एक|कला|के|रूप|में|विकसि|त|हो|गया|है.","{""42"": ""आ||कल|विकसि|त|देश|ं|में,|डीलक|स|बिस|तर|और|ना|्ता|प|रदा||करना|एक|कला|के|रूप|में|विकसि|त|हो|गया|है."", ""43"": ""आ|कल|विकस||त|देश|ं|में,|डीलक|स|बिस्तर|और|ना|्ता|प्रदा||करना|एक|कला|के|रूप|में|विकसि|त|हो|गया|है."", ""44"": ""आ|कल|विकसि|त|देश|ं|में,|डीलक|स|बिस्तर|और|ना|्ता|प्रदा||करना|एक|कला|के|रूप|में|विकस||त|हो|गया|है."", ""45"": ""आजकल|विकस||त|देश|ं|में,|डीलक|स|बिस्तर|और|ना|्ता|प्रदा||करना|एक|कला|के|रूप|में|विकस||त|हो|गया|है."", ""46"": ""आज|कल|विकसि|त|देशों|में,|डीलक|स|बिस्तर|और|ना|्ता|प्रदा||करना|एक|कला|के|रूप|में|विकसि|त|हो|गया|है.""}"
hi,आधुनिक आइस स्केट पर लगे ब्लेड दोधारी होती है और उनके बीच एक अवतल खोखला आकार होता है। इसकी दो धार झुकने पर भी बर्फ पर बेहतर पकड़ बनाए रखता है।,1,1,5,5,True,à¤Ĩà¤§|à¥ģà¤¨|à¤¿à¤ķ|Ġà¤Ĩ|à¤ĩà¤¸|Ġà¤¸|à¥įà¤ķ|à¥ĩà¤Ł|Ġà¤ªà¤°|Ġà¤²à¤Ĺ|à¥ĩ|Ġà¤¬|à¥įà¤²|à¥ĩà¤¡|Ġà¤¦|à¥ĭà¤§|à¤¾à¤°|à¥Ģ|Ġà¤¹|à¥ĭà¤¤|à¥Ģ|Ġà¤¹|à¥Ī|Ġà¤Ķà¤°|Ġà¤īà¤¨à¤ķ|à¥ĩ|Ġà¤¬|à¥Ģà¤ļ|Ġà¤ıà¤ķ|Ġà¤ħà¤µà¤¤|à¤²|Ġà¤ĸ|à¥ĭà¤ĸ|à¤²|à¤¾|Ġà¤Ĩà¤ķ|à¤¾à¤°|Ġà¤¹|à¥ĭà¤¤|à¤¾|Ġà¤¹|à¥Īà¥¤|Ġà¤ĩà¤¸à¤ķ|à¥Ģ|Ġà¤¦|à¥ĭ|Ġà¤§|à¤¾à¤°|Ġà¤Ŀ|à¥ģà¤ķà¤¨|à¥ĩ|Ġà¤ªà¤°|Ġà¤Ń|à¥Ģ|Ġà¤¬à¤°|à¥įà¤«|Ġà¤ªà¤°|Ġà¤¬|à¥ĩà¤¹à¤¤à¤°|Ġà¤ªà¤ķà¤¡|à¤¼|Ġà¤¬à¤¨|à¤¾à¤ı|Ġà¤°à¤ĸà¤¤|à¤¾|Ġà¤¹|à¥Īà¥¤,आ||निक|आइस|स्क|ट|पर|लगे|ब्ल|ड|दोधा|ी|होती|है|और|उनके|बीच|एक|अवतल|खोखला|आका||होता|है।|इसक||दो|धा||झुकन||पर|भी|बर|फ|पर|बेहतर|पकड़|बना||रखता|है।,"{""42"": ""आ||निक|आइस|स्क|ट|पर|लगे|ब्ल|ड|दोधा|ी|होती|है|और|उनके|बीच|एक|अवतल|खोखला|आका||होता|है।|इसक||दो|धा||झुकन||पर|भी|बर|फ|पर|बेहतर|पकड़|बना||रखता|है।"", ""43"": ""आध|निक|आइस|स्क|ट|पर|लगे|ब्ल|ड|दोधा|ी|होती|है|और|उनके|बीच|एक|अवतल|खोखला|आका||होता|है।|इसक||दो|धा||झुकने|पर|भी|बर|फ|पर|बेहतर|पकड़|बना||रखता|है।"", ""44"": ""आ||नि|क|आइस|स्क|ट|पर|लगे|ब्ल|ड|दोधा|ी|होती|है|और|उनके|बीच|एक|अवतल|खोखला|आका||होता|है।|इसकी|दो|धा||झुकन||पर|भी|बर|फ|पर|बेहतर|पकड़|बना||रखता|है।"", ""45"": ""आ|||नि|क|आइस|स्क|ट|पर|लगे|ब्ल|ड|दोधा|ी|होती|है|और|उनके|बीच|एक|अवतल|खोखला|आका||होता|है।|इसकी|दो|धा||झुकने|पर|भी|बर|फ|पर|बेहतर|पकड़|बना||रखता|है।"", ""46"": ""आ||नि|क|आइस|स्क|ट|पर|लगे|ब्ल|ड|दोधा|ी|होती|है|और|उनके|बीच|एक|अवतल|खोखला|आका||होता|है।|इसकी|दो|धा||झुकने|पर|भी|बर|फ|पर|बेहतर|पकड़|बना||रखता|है।""}"
hi,आधुनिक काल से पहले की वेधशालाएँ आजकल आम तौर पर पुरानी हो चुकी हैं और उन्हें संग्रहालयों या शैक्षणिक स्थानों की तरह रखा जाता है.,1,1,5,5,True,à¤Ĩà¤§|à¥ģà¤¨|à¤¿à¤ķ|Ġà¤ķ|à¤¾à¤²|Ġà¤¸|à¥ĩ|Ġà¤ªà¤¹à¤²|à¥ĩ|Ġà¤ķ|à¥Ģ|Ġà¤µ|à¥ĩà¤§|à¤¶|à¤¾à¤²|à¤¾à¤ı|à¤ģ|Ġà¤Ĩà¤ľà¤ķà¤²|Ġà¤Ĩà¤®|Ġà¤¤|à¥Įà¤°|Ġà¤ªà¤°|Ġà¤ª|à¥ģà¤°|à¤¾à¤¨|à¥Ģ|Ġà¤¹|à¥ĭ|Ġà¤ļ|à¥ģà¤ķ|à¥Ģ|Ġà¤¹|à¥Īà¤Ĥ|Ġà¤Ķà¤°|Ġà¤īà¤¨|à¥įà¤¹|à¥ĩà¤Ĥ|Ġà¤¸|à¤Ĥà¤Ĺ|à¥įà¤°à¤¹|à¤¾à¤²à¤¯|à¥ĭà¤Ĥ|Ġà¤¯|à¤¾|Ġà¤¶|à¥Īà¤ķ|à¥įà¤·à¤£|à¤¿à¤ķ|Ġà¤¸|à¥įà¤¥|à¤¾à¤¨|à¥ĭà¤Ĥ|Ġà¤ķ|à¥Ģ|Ġà¤¤à¤°à¤¹|Ġà¤°à¤ĸ|à¤¾|Ġà¤ľ|à¤¾à¤¤|à¤¾|Ġà¤¹|à¥Ī.,आ||निक|का||से|पहल||की|वेधशा|ा|ँ|आजकल|आम|तौर|पर|पुरा|ी|हो|चुकी|हैं|और|उन्ह|ं|संग|रहा|यों|या|शैक|षणि|क|स्था|ों|की|तरह|रखा|जाता|है.,"{""42"": ""आ||निक|का||से|पहल||की|वेधशा|ा|ँ|आजकल|आम|तौर|पर|पुरा|ी|हो|चुकी|हैं|और|उन्ह|ं|संग|रहा|यों|या|शैक|षणि|क|स्था|ों|की|तरह|रखा|जाता|है."", ""43"": ""आ||नि|क|का||से|पहले|की|वेधशा|ा|ँ|आजकल|आम|तौर|पर|पुरा|ी|हो|चुकी|हैं|और|उन्ह|ं|संग्रहा|यों|या|शैक|षणि|क|स्था|ों|की|तरह|रखा|जाता|है."", ""44"": ""आ|||िक|का||से|पहल||की|वेधशा|ा|ँ|आजकल|आम|तौर|पर|पुरा|ी|हो|चुकी|हैं|और|उन्ह|ं|संग|रहा|य|ं|या|शैक|षणि|क|स्था|ों|की|तरह|रखा|जाता|है."", ""45"": ""आ|ुनिक|का||से|पहल||की|वेधशा|ा|ँ|आजकल|आम|तौर|पर|पुरा|ी|हो|चुकी|हैं|और|उन्ह|ं|संग|रहा|य|ं|या|शैक|षणि|क|स्था|ों|की|तरह|रखा|जाता|है."", ""46"": ""आध|नि|क|का||से|पहल||की|वेधशा|ा|ँ|आजकल|आम|तौर|पर|पुरा|ी|हो|चुकी|हैं|और|उन्ह|ं|संग|रहा|यों|या|शैक|षणि|क|स्था|ों|की|तरह|रखा|जाता|है.""}"
hi,"आधुनिक शहर कासाब्लांका की स्थापना 10 वीं शताब्दी ईसा पूर्व में बर्बर मछुआरों ने की थी, और इसे फोनेशियन, रोमनों और मेरिनेड्स द्वारा एक रणनीतिक बंदरगाह के रूप में इस्तेमाल किया गया था जिसे अनफा कहा जाता था.",1,1,5,5,True,"à¤Ĩà¤§|à¥ģà¤¨|à¤¿à¤ķ|Ġà¤¶à¤¹à¤°|Ġà¤ķ|à¤¾à¤¸|à¤¾à¤¬|à¥įà¤²|à¤¾à¤Ĥ|à¤ķ|à¤¾|Ġà¤ķ|à¥Ģ|Ġà¤¸|à¥įà¤¥|à¤¾à¤ªà¤¨|à¤¾|Ġ|10|Ġà¤µ|à¥Ģà¤Ĥ|Ġà¤¶à¤¤|à¤¾à¤¬|à¥įà¤¦|à¥Ģ|Ġà¤Īà¤¸|à¤¾|Ġà¤ª|à¥Ĥà¤°|à¥įà¤µ|Ġà¤®|à¥ĩà¤Ĥ|Ġà¤¬à¤°|à¥įà¤¬à¤°|Ġà¤®|à¤Ľ|à¥ģà¤Ĩ|à¤°|à¥ĭà¤Ĥ|Ġà¤¨|à¥ĩ|Ġà¤ķ|à¥Ģ|Ġà¤¥|à¥Ģ,|Ġà¤Ķà¤°|Ġà¤ĩà¤¸|à¥ĩ|Ġà¤«|à¥ĭà¤¨|à¥ĩà¤¶|à¤¿à¤¯à¤¨|,|Ġà¤°|à¥ĭà¤®à¤¨|à¥ĭà¤Ĥ|Ġà¤Ķà¤°|Ġà¤®|à¥ĩà¤°|à¤¿à¤¨|à¥ĩà¤¡|à¥įà¤¸|Ġà¤¦|à¥įà¤µ|à¤¾à¤°|à¤¾|Ġà¤ıà¤ķ|Ġà¤°à¤£à¤¨|à¥Ģà¤¤|à¤¿à¤ķ|Ġà¤¬|à¤Ĥà¤¦à¤°|à¤Ĺ|à¤¾à¤¹|Ġà¤ķ|à¥ĩ|Ġà¤°|à¥Ĥà¤ª|Ġà¤®|à¥ĩà¤Ĥ|Ġà¤ĩà¤¸|à¥įà¤¤|à¥ĩà¤®|à¤¾à¤²|Ġà¤ķ|à¤¿à¤¯|à¤¾|Ġà¤Ĺà¤¯|à¤¾|Ġà¤¥|à¤¾|Ġà¤ľ|à¤¿à¤¸|à¥ĩ|Ġà¤ħà¤¨|à¤«|à¤¾|Ġà¤ķà¤¹|à¤¾|Ġà¤ľ|à¤¾à¤¤|à¤¾|Ġà¤¥|à¤¾.","आ||ुनिक|शहर|का|ा|्ला|का|की|स्था|ना|10|वीं|शता|्द||ईसा|पूर|व|में|बर|बर|मछुआरों|ने|की|थी,|और|इसे|फोनेश||यन,|रोमन|||और|मेरि|ने|्स|द्वा|ा|एक|रणन|ति|क|बंदरग|ा||के|रूप|में|इस्त|मा||किया|गया|था|जिसे|अनफा|कहा|जाता|था.","{""42"": ""आ||ुनिक|शहर|का|ा|्ला|का|की|स्था|ना|10|वीं|शता|्द||ईसा|पूर|व|में|बर|बर|मछुआरों|ने|की|थी,|और|इसे|फोनेश||यन,|रोमन|||और|मेरि|ने|्स|द्वा|ा|एक|रणन|ति|क|बंदरग|ा||के|रूप|में|इस्त|मा||किया|गया|था|जिसे|अनफा|कहा|जाता|था."", ""43"": ""आ||ु|िक|शहर|का|ा|्ला|का|की|स्था|ना|10|वीं|शता|्द||ईसा|पूर|व|में|बर|बर|मछुआर|ं|ने|की|थी,|और|इसे|फोन|शि|यन,|रोमन|ं|और|मेरि|नेड|स|द्वा|ा|एक|रणनीत||क|बंदरगा||के|रूप|में|इस्त|मा||किया|गया|था|जिसे|अनफा|कहा|जाता|था."", ""44"": ""आ|ुनि|क|शहर|का|ा||ला|का|की|स्था|ना|10|वीं|शता|्द||ईसा|पूर|व|में|बर्बर|मछुआ||ं|ने|की|थी,|और|इसे|फोनेशि|यन,|रोमनों|और|मेरि|नेड्स|द्वा|ा|एक|रणन|त||क|बंदरगा||के|रूप|में|इस|त|मा||किया|गया|था|जिसे|अनफा|कहा|जाता|था."", ""45"": ""आ|||नि|क|शहर|का|ा|्ला|का|की|स्था|ना|10|वीं|शता|्द||ईसा|पूर|व|में|बर|बर|मछुआर|ं|ने|की|थी,|और|इसे|फोनेश||यन,|रोमनो||और|मेरि|नेड्स|द्वा|ा|एक|रणन|तिक|बंदरग|ा||के|रूप|में|इस्त|मा||किया|गया|था|जिसे|अनफा|कहा|जाता|था."", ""46"": ""आ||निक|शहर|का|ा||ला|का|की|स्था|ना|10|वीं|शता|्द||ईसा|पूर|व|में|बर|बर|मछ|आर|ं|ने|की|थी,|और|इसे|फोनेशि|यन,|रोमनों|और|मेरिने|्स|द्वा|ा|एक|रणनीतिक|बंदरग|ा||के|रूप|में|इस्त|मा||किया|गया|था|जिसे|अनफा|कहा|जाता|था.""}"
hi,आधुनिक शिक्षा ने उन पर अधिकार के बिना बसों पर बड़े विज्ञापन छापने का आरोप लगाया और यह झूठ कहते हुए कि वह मुख्य अंग्रेज़ी ट्यूटर था.,1,1,5,5,True,à¤Ĩà¤§|à¥ģà¤¨|à¤¿à¤ķ|Ġà¤¶|à¤¿à¤ķ|à¥įà¤·|à¤¾|Ġà¤¨|à¥ĩ|Ġà¤īà¤¨|Ġà¤ªà¤°|Ġà¤ħà¤§|à¤¿à¤ķ|à¤¾à¤°|Ġà¤ķ|à¥ĩ|Ġà¤¬|à¤¿à¤¨|à¤¾|Ġà¤¬à¤¸|à¥ĭà¤Ĥ|Ġà¤ªà¤°|Ġà¤¬à¤¡|à¤¼à¥ĩ|Ġà¤µ|à¤¿à¤ľ|à¥įà¤ŀ|à¤¾à¤ªà¤¨|Ġà¤Ľ|à¤¾à¤ªà¤¨|à¥ĩ|Ġà¤ķ|à¤¾|Ġà¤Ĩà¤°|à¥ĭà¤ª|Ġà¤²à¤Ĺ|à¤¾à¤¯|à¤¾|Ġà¤Ķà¤°|Ġà¤¯à¤¹|Ġà¤Ŀ|à¥Ĥà¤ł|Ġà¤ķà¤¹à¤¤|à¥ĩ|Ġà¤¹|à¥ģà¤ı|Ġà¤ķ|à¤¿|Ġà¤µà¤¹|Ġà¤®|à¥ģà¤ĸ|à¥įà¤¯|Ġà¤ħ|à¤Ĥà¤Ĺ|à¥įà¤°|à¥ĩà¤ľ|à¤¼à¥Ģ|Ġà¤Ł|à¥įà¤¯|à¥Ĥà¤Łà¤°|Ġà¤¥|à¤¾.,आ||नि|क|शिक|षा|ने|उन|पर|अधिका||के|बिना|बसों|पर|बड़े|विज्ञा|न|छा|ने|का|आर|प|लगा|ा|और|यह|झूठ|कहते|हुए|कि|वह|मुख|य|अं|्र|ज़||ट्य|टर|था.,"{""42"": ""आ||नि|क|शिक|षा|ने|उन|पर|अधिका||के|बिना|बसों|पर|बड़े|विज्ञा|न|छा|ने|का|आर|प|लगा|ा|और|यह|झूठ|कहते|हुए|कि|वह|मुख|य|अं|्र|ज़||ट्य|टर|था."", ""43"": ""आ|||नि|क|शिक|षा|ने|उन|पर|अधिका||के|बिना|बसों|पर|बड़े|विज्ञा|न|छा|ने|का|आरोप|लगा|ा|और|यह|झूठ|कहते|हुए|कि|वह|मुख|य|अंग्र|ज़ी|ट्य|टर|था."", ""44"": ""आ||नि|क|शिक|षा|ने|उन|पर|अधिका||के|बिना|बसों|पर|बड़े|विज|ञा|न|छा|ने|का|आर|प|लगा|ा|और|यह|झूठ|कहते|हुए|कि|वह|मुख|य|अंग्रेज़ी|ट्य|टर|था."", ""45"": ""आ||नि|क|शिक|षा|ने|उन|पर|अधिका||के|बिना|बसों|पर|बड़े|विज|ञा|न|छा|ने|का|आर|प|लगा|ा|और|यह|झूठ|कहते|हुए|कि|वह|मुख्य|अंग्र|ज़||ट्यूटर|था."", ""46"": ""आ||निक|शिक|षा|ने|उन|पर|अधिका||के|बिना|बसों|पर|बड़े|विज|ञा|न|छा|ने|का|आर|प|लगा|ा|और|यह|झूठ|कहते|हुए|कि|वह|मुख्य|अंग्र|ज़||ट्य|टर|था.""}"
hi,"आप अनजाने में खुद को एक ड्रग वाहक के रूप में इस्तेमाल करते हुए पा सकते हैं, जिससे आपको बहुत परेशानी हो सकती है.",1,1,5,5,True,"à¤Ĩà¤ª|Ġà¤ħà¤¨à¤ľ|à¤¾à¤¨|à¥ĩ|Ġà¤®|à¥ĩà¤Ĥ|Ġà¤ĸ|à¥ģà¤¦|Ġà¤ķ|à¥ĭ|Ġà¤ıà¤ķ|Ġà¤¡|à¥įà¤°à¤Ĺ|Ġà¤µ|à¤¾à¤¹à¤ķ|Ġà¤ķ|à¥ĩ|Ġà¤°|à¥Ĥà¤ª|Ġà¤®|à¥ĩà¤Ĥ|Ġà¤ĩà¤¸|à¥įà¤¤|à¥ĩà¤®|à¤¾à¤²|Ġà¤ķà¤°à¤¤|à¥ĩ|Ġà¤¹|à¥ģà¤ı|Ġà¤ª|à¤¾|Ġà¤¸à¤ķà¤¤|à¥ĩ|Ġà¤¹|à¥Īà¤Ĥ,|Ġà¤ľ|à¤¿à¤¸à¤¸|à¥ĩ|Ġà¤Ĩà¤ªà¤ķ|à¥ĭ|Ġà¤¬à¤¹|à¥ģà¤¤|Ġà¤ªà¤°|à¥ĩà¤¶|à¤¾à¤¨|à¥Ģ|Ġà¤¹|à¥ĭ|Ġà¤¸à¤ķà¤¤|à¥Ģ|Ġà¤¹|à¥Ī.","आ||अनजा|े|में|खुद|को|एक|ड्रग|वा|क|के|रूप|में|इस्त|मा||करते|हुए|पा|सकते|हैं,|जिसस||आपको|बह|त|पर|शा|ी|हो|सकती|है.","{""42"": ""आ||अनजा|े|में|खुद|को|एक|ड्रग|वा|क|के|रूप|में|इस्त|मा||करते|हुए|पा|सकते|हैं,|जिसस||आपको|बह|त|पर|शा|ी|हो|सकती|है."", ""43"": ""आ||अनजा|े|में|खुद|को|एक|ड्रग|वा|क|के|रूप|में|इस्त|मा||करते|हुए|पा|सकते|हैं,|जिससे|आपको|बहुत|पर|शा|ी|हो|सकती|है."", ""44"": ""आ||अनजा|े|में|खुद|को|एक|ड्रग|वा|क|के|रूप|में|इस्त|मा||करते|हुए|पा|सकते|हैं,|जिसस||आपको|बहुत|पर|शा|ी|हो|सकती|है."", ""45"": ""आप|अनजा|े|में|खुद|को|एक|ड्रग|वा|क|के|रूप|में|इस|त|मा||करते|हुए|पा|सकते|हैं,|जिससे|आपक||बहुत|पर|शा|ी|हो|सकती|है."", ""46"": ""आ||अनजा|े|में|खुद|को|एक|ड्रग|वा|क|के|रूप|में|इस्त|मा||करते|हुए|पा|सकते|हैं,|जिसस||आपक||बहुत|पर|शा|ी|हो|सकती|है.""}"
hi,आप गोमा के आस-पास घूमने के लिए बोडा-बोडा (मोटरसाइकिल टैक्सी) ले सकते हैं. छोटी सैर के लिए आम तौर पर (स्थानीय) किराया करीब 500 कांगोलीज़ फ़्रैंक लगता है.,1,1,5,5,True,à¤Ĩà¤ª|Ġà¤Ĺ|à¥ĭà¤®|à¤¾|Ġà¤ķ|à¥ĩ|Ġà¤Ĩà¤¸|-à¤ª|à¤¾à¤¸|Ġà¤ĺ|à¥Ĥà¤®à¤¨|à¥ĩ|Ġà¤ķ|à¥ĩ|Ġà¤²|à¤¿à¤ı|Ġà¤¬|à¥ĭà¤¡|à¤¾-|à¤¬|à¥ĭà¤¡|à¤¾|Ġ(|à¤®|à¥ĭà¤Łà¤°à¤¸|à¤¾à¤ĩà¤ķ|à¤¿à¤²|Ġà¤Ł|à¥Īà¤ķ|à¥įà¤¸|à¥Ģ)|Ġà¤²|à¥ĩ|Ġà¤¸à¤ķà¤¤|à¥ĩ|Ġà¤¹|à¥Īà¤Ĥ.|Ġà¤Ľ|à¥ĭà¤Ł|à¥Ģ|Ġà¤¸|à¥Īà¤°|Ġà¤ķ|à¥ĩ|Ġà¤²|à¤¿à¤ı|Ġà¤Ĩà¤®|Ġà¤¤|à¥Įà¤°|Ġà¤ªà¤°|Ġ(|à¤¸|à¥įà¤¥|à¤¾à¤¨|à¥Ģà¤¯|)|Ġà¤ķ|à¤¿à¤°|à¤¾à¤¯|à¤¾|Ġà¤ķà¤°|à¥Ģà¤¬|Ġ|500|Ġà¤ķ|à¤¾à¤Ĥ|à¤Ĺ|à¥ĭà¤²|à¥Ģà¤ľ|à¤¼|Ġà¤«|à¤¼à¥į|à¤°|à¥Īà¤Ĥ|à¤ķ|Ġà¤²à¤Ĺà¤¤|à¤¾|Ġà¤¹|à¥Ī.,आप|गोमा|के|आस-|पा||घूमन||के|लिए|बोडा-|बोडा|(मोटरसा|कि|ल|टैक|स|)|ले|सकते|हैं.|छोटी|सैर|के|लिए|आम|तौर|पर|(स्था|ीय)|किरा|ा|करीब|500|कांगोल|ज़|फ़्र|ंक|लगता|है.,"{""42"": ""आप|गोमा|के|आस-|पा||घूमन||के|लिए|बोडा-|बोडा|(मोटरसा|कि|ल|टैक|स|)|ले|सकते|हैं.|छोटी|सैर|के|लिए|आम|तौर|पर|(स्था|ीय)|किरा|ा|करीब|500|कांगोल|ज़|फ़्र|ंक|लगता|है."", ""43"": ""आ||गोमा|के|आस-|पा||घूमने|के|लिए|बोडा-|बोडा|(मोटरसा|किल|टैक्स|)|ले|सकते|हैं.|छोट||सैर|के|लिए|आम|तौर|पर|(स्था|ीय)|किरा|ा|कर|ब|500|का|गोल|ज़|फ़्र|ंक|लगता|है."", ""44"": ""आ||गोमा|के|आस-|पा||घूमने|के|लिए|बोडा-|बोडा|(मोटरसा|किल|टैक|स|)|ले|सकते|हैं.|छोट||सैर|के|लिए|आम|तौर|पर|(स्था|ीय)|किरा|ा|करीब|500|का|गोल|ज़|फ़्र|ंक|लगत||है."", ""45"": ""आ||गोमा|के|आस-|पा||घूमने|के|लिए|बोडा-|बोडा|(मोटरसा|किल|टैक|स|)|ले|सकते|हैं.|छोटी|सैर|के|लिए|आम|तौर|पर|(स्था|ीय)|किरा|ा|करीब|500|का|गोल|ज़|फ़्र|ंक|लगता|है."", ""46"": ""आ||गोमा|के|आस-|पा||घूमन||के|लिए|बोडा-|बोडा|(मोटरसा|किल|टैक्स|)|ले|सकते|हैं.|छोट||सैर|के|लिए|आम|तौर|पर|(स्था|ीय)|किरा|ा|कर|ब|500|का|गोल|ज़|फ़्र|ंक|लगता|है.""}"
hi,आप चक्रीय घटनाओं के दोहराव को ग़ौर से देखकर समय के बदलाव को चिन्हित कर सकते हैं. चक्रीय घटना कुछ ऐसी होती है जो नियमित रूप से बार-बार घटती रहती है.,1,1,5,5,True,à¤Ĩà¤ª|Ġà¤ļà¤ķ|à¥įà¤°|à¥Ģà¤¯|Ġà¤ĺà¤Łà¤¨|à¤¾à¤ĵ|à¤Ĥ|Ġà¤ķ|à¥ĩ|Ġà¤¦|à¥ĭà¤¹à¤°|à¤¾à¤µ|Ġà¤ķ|à¥ĭ|Ġà¤Ĺ|à¤¼à¥Į|à¤°|Ġà¤¸|à¥ĩ|Ġà¤¦|à¥ĩà¤ĸà¤ķà¤°|Ġà¤¸à¤®à¤¯|Ġà¤ķ|à¥ĩ|Ġà¤¬à¤¦à¤²|à¤¾à¤µ|Ġà¤ķ|à¥ĭ|Ġà¤ļ|à¤¿à¤¨|à¥įà¤¹|à¤¿à¤¤|Ġà¤ķà¤°|Ġà¤¸à¤ķà¤¤|à¥ĩ|Ġà¤¹|à¥Īà¤Ĥ.|Ġà¤ļà¤ķ|à¥įà¤°|à¥Ģà¤¯|Ġà¤ĺà¤Łà¤¨|à¤¾|Ġà¤ķ|à¥ģà¤Ľ|Ġà¤Ĳà¤¸|à¥Ģ|Ġà¤¹|à¥ĭà¤¤|à¥Ģ|Ġà¤¹|à¥Ī|Ġà¤ľ|à¥ĭ|Ġà¤¨|à¤¿à¤¯à¤®|à¤¿à¤¤|Ġà¤°|à¥Ĥà¤ª|Ġà¤¸|à¥ĩ|Ġà¤¬|à¤¾à¤°|-à¤¬|à¤¾à¤°|Ġà¤ĺà¤Ł|à¤¤|à¥Ģ|Ġà¤°à¤¹à¤¤|à¥Ģ|Ġà¤¹|à¥Ī.,आ||चक्र|य|घटना|ं|के|दोहरा||को|ग़ौर|से|देखकर|समय|के|बदला||को|चिन|हि|त|कर|सकते|हैं.|चक्र|य|घटना|कुछ|ऐसी|होती|है|जो|नियमि|त|रूप|से|बार-|बार|घटत||रहती|है.,"{""42"": ""आ||चक्र|य|घटना|ं|के|दोहरा||को|ग़ौर|से|देखकर|समय|के|बदला||को|चिन|हि|त|कर|सकते|हैं.|चक्र|य|घटना|कुछ|ऐसी|होती|है|जो|नियमि|त|रूप|से|बार-|बार|घटत||रहती|है."", ""43"": ""आप|चक्र|य|घटना|ं|के|दोहरा||को|ग़ौर|से|देखकर|समय|के|बदला||को|चिन|हि|त|कर|सकते|हैं.|चक्र|य|घटना|कुछ|ऐसी|होती|है|जो|नियमि|त|रूप|से|बा|-|बार|घटती|रहती|है."", ""44"": ""आप|चक्र|य|घटना|ं|के|दोहरा||को|ग़ौर|से|देखकर|समय|के|बदला||को|चिन्हि|त|कर|सकते|हैं.|चक्र|य|घटना|कुछ|ऐसी|होती|है|जो|नियम||त|रूप|से|बा|-|बार|घटत||रहती|है."", ""45"": ""आप|चक्र|य|घटना|ं|के|दोहरा||को|ग़ौर|से|देखकर|समय|के|बदला||को|चिन्हि|त|कर|सकते|हैं.|चक्र|य|घटना|कुछ|ऐसी|होती|है|जो|नियमि|त|रूप|से|बार-|बा||घटत||रहती|है."", ""46"": ""आ||चक्र|य|घटना|ं|के|दोहरा||को|ग़ौर|से|देखकर|समय|के|बदला||को|चिन्हि|त|कर|सकते|हैं.|चक्र|य|घटना|कुछ|ऐसी|होती|है|जो|नियमि|त|रूप|से|बार-|बार|घटती|रहती|है.""}"
hi,आप पिरामिड को शो शुरू होने से पहले अंधेरे में शांति से देख सकते हैं.,1,1,5,5,True,à¤Ĩà¤ª|Ġà¤ª|à¤¿à¤°|à¤¾à¤®|à¤¿à¤¡|Ġà¤ķ|à¥ĭ|Ġà¤¶|à¥ĭ|Ġà¤¶|à¥ģà¤°|à¥Ĥ|Ġà¤¹|à¥ĭà¤¨|à¥ĩ|Ġà¤¸|à¥ĩ|Ġà¤ªà¤¹à¤²|à¥ĩ|Ġà¤ħ|à¤Ĥà¤§|à¥ĩà¤°|à¥ĩ|Ġà¤®|à¥ĩà¤Ĥ|Ġà¤¶|à¤¾à¤Ĥ|à¤¤|à¤¿|Ġà¤¸|à¥ĩ|Ġà¤¦|à¥ĩà¤ĸ|Ġà¤¸à¤ķà¤¤|à¥ĩ|Ġà¤¹|à¥Īà¤Ĥ.,आ||पिरा|ि|ड|को|शो|शुर||होने|से|पहल||अंध|रे|में|शा|ति||से|देख|सकते|हैं.,"{""42"": ""आ||पिरा|ि|ड|को|शो|शुर||होने|से|पहल||अंध|रे|में|शा|ति||से|देख|सकते|हैं."", ""43"": ""आ||पिरा|ि|ड|को|शो|शुर||होने|से|पहले|अंध|रे|में|शा|ति|से|देख|सकते|हैं."", ""44"": ""आ||पिरा|िड|को|शो|शुर||होने|से|पहल||अंध|रे|में|शा|ति|से|देख|सकते|हैं."", ""45"": ""आप|पिरा|ि|ड|को|शो|शुर||होने|से|पहले|अंधेरे|में|शा|ति|से|देख|सकते|हैं."", ""46"": ""आ||पिरा|ि|ड|को|शो|शुर||होने|से|पहले|अंधेरे|में|शा|ति|से|देख|सकते|हैं.""}"
hi,आप मिश्रित धातुएँ भी ले सकते हैं जिनमें कार्बन जैसे नॉन-मैटेलिक एलिमेंट्स की छोटी मात्रा शामिल हो.,1,1,5,5,True,à¤Ĩà¤ª|Ġà¤®|à¤¿à¤¶|à¥įà¤°|à¤¿à¤¤|Ġà¤§|à¤¾à¤¤|à¥ģà¤ı|à¤ģ|Ġà¤Ń|à¥Ģ|Ġà¤²|à¥ĩ|Ġà¤¸à¤ķà¤¤|à¥ĩ|Ġà¤¹|à¥Īà¤Ĥ|Ġà¤ľ|à¤¿à¤¨à¤®|à¥ĩà¤Ĥ|Ġà¤ķ|à¤¾à¤°|à¥įà¤¬à¤¨|Ġà¤ľ|à¥Īà¤¸|à¥ĩ|Ġà¤¨|à¥īà¤¨|-à¤®|à¥Īà¤Ł|à¥ĩà¤²|à¤¿à¤ķ|Ġà¤ıà¤²|à¤¿à¤®|à¥ĩà¤Ĥ|à¤Ł|à¥įà¤¸|Ġà¤ķ|à¥Ģ|Ġà¤Ľ|à¥ĭà¤Ł|à¥Ģ|Ġà¤®|à¤¾à¤¤|à¥įà¤°|à¤¾|Ġà¤¶|à¤¾à¤®|à¤¿à¤²|Ġà¤¹|à¥ĭ.,आप|मिश|रित|धा|ुएँ|भी|ले|सकते|हैं|जिनम|ं|का|्बन|जैसे|नॉन-|मैट|लि|क|एलि|म|ंट|स|की|छोट||मा|्रा|शा|िल|हो.,"{""42"": ""आप|मिश|रित|धा|ुएँ|भी|ले|सकते|हैं|जिनम|ं|का|्बन|जैसे|नॉन-|मैट|लि|क|एलि|म|ंट|स|की|छोट||मा|्रा|शा|िल|हो."", ""43"": ""आ||मिश|रि|त|धा|ुएँ|भी|ले|सकते|हैं|जिनम|ं|का|्बन|जैसे|नॉन-|मैट|लि|क|एलि|म|ंट|स|की|छोटी|मा|्रा|शा|िल|हो."", ""44"": ""आ||मिश|रि|त|धा|ुएँ|भी|ले|सकते|हैं|जिनम|ं|का|्बन|जैसे|नॉन-|मैटेलि|क|एलिम|ंट|स|की|छोट||मा|्रा|शा|िल|हो."", ""45"": ""आ||मिश|रि|त|धा|ुएँ|भी|ले|सकते|हैं|जिनम|ं|का|्बन|जैसे|नॉन-|मैटेलि|क|एलिम|ंट|स|की|छोटी|मा|्रा|शा|िल|हो."", ""46"": ""आ||मिश|रि|त|धा|ुएँ|भी|ले|सकते|हैं|जिनम|ं|का|्बन|जैसे|नॉन-|मैटेलि|क|एलि|म|ंट|स|की|छोट||मा|्रा|शा|िल|हो.""}"
hi,आपका पासपोर्ट आपकी यात्रा की तिथि के बाद कम से कम 6 महीने तक के लिए वैध होना चाहिए. अपने रहने के दौरान आपको राउंड/ऑनवर्ड ट्रिप टिकिट दिखाने की ज़रूरत होती है.,1,1,5,5,True,à¤Ĩà¤ªà¤ķ|à¤¾|Ġà¤ª|à¤¾à¤¸à¤ª|à¥ĭà¤°|à¥įà¤Ł|Ġà¤Ĩà¤ªà¤ķ|à¥Ģ|Ġà¤¯|à¤¾à¤¤|à¥įà¤°|à¤¾|Ġà¤ķ|à¥Ģ|Ġà¤¤|à¤¿à¤¥|à¤¿|Ġà¤ķ|à¥ĩ|Ġà¤¬|à¤¾à¤¦|Ġà¤ķà¤®|Ġà¤¸|à¥ĩ|Ġà¤ķà¤®|Ġ|6|Ġà¤®à¤¹|à¥Ģà¤¨|à¥ĩ|Ġà¤¤à¤ķ|Ġà¤ķ|à¥ĩ|Ġà¤²|à¤¿à¤ı|Ġà¤µ|à¥Īà¤§|Ġà¤¹|à¥ĭà¤¨|à¤¾|Ġà¤ļ|à¤¾à¤¹|à¤¿à¤ı|.|Ġà¤ħà¤ªà¤¨|à¥ĩ|Ġà¤°à¤¹à¤¨|à¥ĩ|Ġà¤ķ|à¥ĩ|Ġà¤¦|à¥Įà¤°|à¤¾à¤¨|Ġà¤Ĩà¤ªà¤ķ|à¥ĭ|Ġà¤°|à¤¾à¤ī|à¤Ĥà¤¡|/|à¤ĳ|à¤¨|à¤µà¤°|à¥įà¤¡|Ġà¤Ł|à¥įà¤°|à¤¿à¤ª|Ġà¤Ł|à¤¿à¤ķ|à¤¿à¤Ł|Ġà¤¦|à¤¿à¤ĸ|à¤¾à¤¨|à¥ĩ|Ġà¤ķ|à¥Ģ|Ġà¤ľ|à¤¼à¤°|à¥Ĥà¤°à¤¤|Ġà¤¹|à¥ĭà¤¤|à¥Ģ|Ġà¤¹|à¥Ī.,आ|का|पा|प|र|ट|आपकी|या|्रा|की|तिथि||के|बाद|कम|से|कम|6 महीन||तक|के|लिए|वैध|होना|चा|िए.|अपने|रहने|के|दौरा||आपको|रा|ंड/|ऑनवर|ड|ट्रि|प|टिकिट|दिखा|े|की|ज़र|रत|होती|है.,"{""42"": ""आ|का|पा|प|र|ट|आपकी|या|्रा|की|तिथि||के|बाद|कम|से|कम|6 महीन||तक|के|लिए|वैध|होना|चा|िए.|अपने|रहने|के|दौरा||आपको|रा|ंड/|ऑनवर|ड|ट्रि|प|टिकिट|दिखा|े|की|ज़र|रत|होती|है."", ""43"": ""आ|का|पा|प|र|ट|आपकी|या|्रा|की|तिथि||के|बाद|कम|से|कम|6 महीने|तक|के|लिए|वैध|होना|चा|िए.|अपने|रहने|के|दौरा||आपको|रा|ंड/|ऑनवर|ड|ट्रि|प|टिकिट|दिखा|े|की|ज़र|रत|होती|है."", ""44"": ""आ||ा|पा|पोर|ट|आपकी|या|्रा|की|तिथि||के|बाद|कम|से|कम|6 महीने|तक|के|लिए|वैध|होना|चा|िए.|अपने|रहने|के|दौरा||आपको|रा|ंड/|ऑनवर|ड|ट्रि|प|टिकिट|दिखा|े|की|ज़र|रत|होती|है."", ""45"": ""आ|का|पा|प|र|ट|आपकी|या|्रा|की|तिथि||के|बाद|कम|से|कम|6 महीन||तक|के|लिए|वैध|होना|चा|िए.|अपने|रहने|के|दौरा||आपको|राउंड/|ऑनवर|ड|ट्रि|प|टिकिट|दिखा|े|की|ज़र|रत|होती|है."", ""46"": ""आ|का|पा|प|र|ट|आपकी|या|्रा|की|तिथि|के|बाद|कम|से|कम|6 महीने|तक|के|लिए|वैध|होना|चा|िए.|अपने|रहने|के|दौरा||आपको|रा|ंड/|ऑनवर|ड|ट्रि|प|टिकिट|दिखा|े|की|ज़र|रत|होती|है.""}"
hi,आपके होटल या मेज़बान (अगर आप किसी गेस्ट हाउस या किसी के घर में ठहरे हैं) के पास वाईफ़ाई या इंटरनेट कनेक्शन वाला कंप्यूटर हो सकता है और आपको सभी जगहों पर इंटरनेट कैफ़े या सार्वजानिक वाईफ़ाई की सुविधा मिलेगी.,1,1,5,5,True,à¤Ĩà¤ªà¤ķ|à¥ĩ|Ġà¤¹|à¥ĭà¤Łà¤²|Ġà¤¯|à¤¾|Ġà¤®|à¥ĩà¤ľ|à¤¼à¤¬|à¤¾à¤¨|Ġ(|à¤ħà¤Ĺà¤°|Ġà¤Ĩà¤ª|Ġà¤ķ|à¤¿à¤¸|à¥Ģ|Ġà¤Ĺ|à¥ĩà¤¸|à¥įà¤Ł|Ġà¤¹|à¤¾à¤īà¤¸|Ġà¤¯|à¤¾|Ġà¤ķ|à¤¿à¤¸|à¥Ģ|Ġà¤ķ|à¥ĩ|Ġà¤ĺà¤°|Ġà¤®|à¥ĩà¤Ĥ|Ġà¤łà¤¹à¤°|à¥ĩ|Ġà¤¹|à¥Īà¤Ĥ|)|Ġà¤ķ|à¥ĩ|Ġà¤ª|à¤¾à¤¸|Ġà¤µ|à¤¾à¤Ī|à¤«|à¤¼à¤¾|à¤Ī|Ġà¤¯|à¤¾|Ġà¤ĩ|à¤Ĥà¤Łà¤°à¤¨|à¥ĩà¤Ł|Ġà¤ķà¤¨|à¥ĩà¤ķ|à¥įà¤¶à¤¨|Ġà¤µ|à¤¾à¤²|à¤¾|Ġà¤ķ|à¤Ĥà¤ª|à¥įà¤¯|à¥Ĥà¤Łà¤°|Ġà¤¹|à¥ĭ|Ġà¤¸à¤ķà¤¤|à¤¾|Ġà¤¹|à¥Ī|Ġà¤Ķà¤°|Ġà¤Ĩà¤ªà¤ķ|à¥ĭ|Ġà¤¸à¤Ń|à¥Ģ|Ġà¤ľà¤Ĺà¤¹|à¥ĭà¤Ĥ|Ġà¤ªà¤°|Ġà¤ĩ|à¤Ĥà¤Łà¤°à¤¨|à¥ĩà¤Ł|Ġà¤ķ|à¥Īà¤«|à¤¼à¥ĩ|Ġà¤¯|à¤¾|Ġà¤¸|à¤¾à¤°|à¥įà¤µà¤ľ|à¤¾à¤¨|à¤¿à¤ķ|Ġà¤µ|à¤¾à¤Ī|à¤«|à¤¼à¤¾|à¤Ī|Ġà¤ķ|à¥Ģ|Ġà¤¸|à¥ģà¤µ|à¤¿à¤§|à¤¾|Ġà¤®|à¤¿à¤²|à¥ĩà¤Ĺ|à¥Ģ.,आपके|होटल|या|मेज़बा||(अगर|आप|किसी|गेस|ट|हा|स|या|किसी|के|घर|में|ठहर||हैं)|के|पा||वा|फ़ा||या|इंटरने||कने||शन|वा|ा|कंप|यूटर|हो|सकता|है|और|आपको|सभी|जगहों|पर|इंटरन|||कैफ़||या|सा|्वजा|ि|क|वा|फ़ा||की|सुवि|धा|मिल|गी.,"{""42"": ""आपके|होटल|या|मेज़बा||(अगर|आप|किसी|गेस|ट|हा|स|या|किसी|के|घर|में|ठहर||हैं)|के|पा||वा|फ़ा||या|इंटरने||कने||शन|वा|ा|कंप|यूटर|हो|सकता|है|और|आपको|सभी|जगहों|पर|इंटरन|||कैफ़||या|सा|्वजा|ि|क|वा|फ़ा||की|सुवि|धा|मिल|गी."", ""43"": ""आ||||होटल|या|मेज़बा||(अगर|आप|किस||गेस्ट|हा|स|या|किसी|के|घर|में|ठहर||हैं)|के|पा||वा|फ़ा||या|इंटरन|||कनेक|शन|वा|ा|कंप|य|टर|हो|सकता|है|और|आपक||सभी|जगहों|पर|इंटरन|||कैफ़े|या|सा|्वजा|ि|क|वा|फ़ा||की|सुवि|धा|मिल|गी."", ""44"": ""आ|क||होटल|या|मेज़बा||(अगर|आप|किसी|गेस|ट|हा|स|या|किसी|के|घर|में|ठहर||हैं)|के|पा||वा|फ़ा||या|इंटरन|||कने||शन|वा|ा|कंप|य|टर|हो|सकता|है|और|आपक||सभी|जगहों|पर|इंटरनेट|कैफ़||या|सार्वजा|िक|वा|फ़ा||की|सुवि|धा|मिल|गी."", ""45"": ""आ|क||होटल|या|मेज़बा||(अग||आप|किसी|गेस|ट|हा|स|या|किसी|के|घर|में|ठहर||हैं)|के|पा||वा|फ़ा||या|इंटरने||कने||शन|वा|ा|कंप|य|टर|हो|सकता|है|और|आपको|सभी|जगहों|पर|इंटरनेट|कैफ़||या|सा|्वजा|िक|वा|फ़ा||की|सुवि|धा|मिल|गी."", ""46"": ""आपक||होटल|या|मेज़बा||(अगर|आप|किसी|गेस्ट|हा|स|या|किसी|के|घर|में|ठहर||हैं)|के|पा||वा|फ़ा||या|इंटरन|ट|कनेक|शन|वा|ा|कंप|य|टर|हो|सकता|है|और|आपक||सभी|जगहों|पर|इंटरन|||कैफ़||या|सा|्वजा|ि|क|वा|फ़ा||की|सुवि|धा|मिल|ग|.""}"
hi,"आपिया समोआ की राजधानी है। यह शहर उपोलू द्वीप पर है और इसकी आबादी 40,000 से भी कम है।",1,1,5,5,True,"à¤Ĩà¤ª|à¤¿à¤¯|à¤¾|Ġà¤¸à¤®|à¥ĭ|à¤Ĩ|Ġà¤ķ|à¥Ģ|Ġà¤°|à¤¾à¤ľà¤§|à¤¾à¤¨|à¥Ģ|Ġà¤¹|à¥Īà¥¤|Ġà¤¯à¤¹|Ġà¤¶à¤¹à¤°|Ġà¤īà¤ª|à¥ĭà¤²|à¥Ĥ|Ġà¤¦|à¥įà¤µ|à¥Ģà¤ª|Ġà¤ªà¤°|Ġà¤¹|à¥Ī|Ġà¤Ķà¤°|Ġà¤ĩà¤¸à¤ķ|à¥Ģ|Ġà¤Ĩà¤¬|à¤¾à¤¦|à¥Ģ|Ġ|40|,|000|Ġà¤¸|à¥ĩ|Ġà¤Ń|à¥Ģ|Ġà¤ķà¤®|Ġà¤¹|à¥Īà¥¤","आपि|या|समोआ|की|रा|धा|ी|है।|यह|शहर|उपोल||द्व|प|पर|है|और|इसकी|आबा|ी|40,000|से|भी|कम|है।","{""42"": ""आपि|या|समोआ|की|रा|धा|ी|है।|यह|शहर|उपोल||द्व|प|पर|है|और|इसकी|आबा|ी|40,000|से|भी|कम|है।"", ""43"": ""आ|ि|या|समोआ|की|रा|धा|ी|है।|यह|शहर|उपोल||द्व|प|पर|है|और|इसक||आबा|ी|40,000|से|भी|कम|है।"", ""44"": ""आ|ि|या|समोआ|की|रा|धा|ी|है।|यह|शहर|उपोल||द्व|प|पर|है|और|इसकी|आबा|ी|40,000|से|भी|कम|है।"", ""45"": ""आ|||या|समोआ|की|रा|धा|ी|है।|यह|शहर|उपोल||द्व|प|पर|है|और|इसकी|आबा|ी|40,000|से|भी|कम|है।"", ""46"": ""आ|ि|या|समोआ|की|रा|धा|ी|है।|यह|शहर|उप|ल||द्व|प|पर|है|और|इसकी|आबा|ी|40,000|से|भी|कम|है।""}"
hi,"आम तौर पर वे खास तरह के खाने-पीने और मनोरंजन की व्यवस्था रखते हैं, ताकि उनके मेहमानों का मूड अच्छा रहे और वे वहीं पर बने रहें.",1,1,5,5,True,"à¤Ĩà¤®|Ġà¤¤|à¥Įà¤°|Ġà¤ªà¤°|Ġà¤µ|à¥ĩ|Ġà¤ĸ|à¤¾à¤¸|Ġà¤¤à¤°à¤¹|Ġà¤ķ|à¥ĩ|Ġà¤ĸ|à¤¾à¤¨|à¥ĩ-|à¤ª|à¥Ģà¤¨|à¥ĩ|Ġà¤Ķà¤°|Ġà¤®à¤¨|à¥ĭà¤°|à¤Ĥà¤ľà¤¨|Ġà¤ķ|à¥Ģ|Ġà¤µ|à¥įà¤¯à¤µà¤¸|à¥įà¤¥|à¤¾|Ġà¤°à¤ĸà¤¤|à¥ĩ|Ġà¤¹|à¥Īà¤Ĥ,|Ġà¤¤|à¤¾à¤ķ|à¤¿|Ġà¤īà¤¨à¤ķ|à¥ĩ|Ġà¤®|à¥ĩà¤¹à¤®|à¤¾à¤¨|à¥ĭà¤Ĥ|Ġà¤ķ|à¤¾|Ġà¤®|à¥Ĥà¤¡|Ġà¤ħà¤ļ|à¥įà¤Ľ|à¤¾|Ġà¤°à¤¹|à¥ĩ|Ġà¤Ķà¤°|Ġà¤µ|à¥ĩ|Ġà¤µà¤¹|à¥Ģà¤Ĥ|Ġà¤ªà¤°|Ġà¤¬à¤¨|à¥ĩ|Ġà¤°à¤¹|à¥ĩà¤Ĥ.","आ||तौर|पर|वे|खा||तरह|के|खा|े-|पीने|और|मनो|ं|न|की|व्यव||था|रखत||हैं,|ता|ि|उनके|मेहमा|ों|का|मूड|अच्छा|रहे|और|वे|वहीं|पर|बने|रहें.","{""42"": ""आ||तौर|पर|वे|खा||तरह|के|खा|े-|पीने|और|मनो|ं|न|की|व्यव||था|रखत||हैं,|ता|ि|उनके|मेहमा|ों|का|मूड|अच्छा|रहे|और|वे|वहीं|पर|बने|रहें."", ""43"": ""आ||तौर|पर|वे|खा||तरह|के|खा|े-|पीने|और|मनो|ं|न|की|व्यवस|था|रखते|हैं,|ता|ि|उनके|मेहमा|ों|का|मूड|अच्छा|रहे|और|वे|वहीं|पर|बने|रहें."", ""44"": ""आ||तौर|पर|वे|खा||तरह|के|खा|े-|पीने|और|मनो|ंजन|की|व्यवस|था|रखते|हैं,|ता|ि|उनके|मेहमा|ों|का|मूड|अच्छा|रहे|और|वे|वहीं|पर|बने|रहें."", ""45"": ""आ||तौर|पर|वे|खा||तरह|के|खा|े-|पीने|और|मनोरंजन|की|व्यवस|था|रखते|हैं,|ता|ि|उनके|मेहमा|ों|का|मूड|अच्छा|रहे|और|वे|वहीं|पर|बने|रहें."", ""46"": ""आम|तौर|पर|वे|खा||तरह|के|खा|े-|पीने|और|मनो|ंजन|की|व्यवस|था|रखत||हैं,|ता|ि|उनके|मेहमा|ों|का|मूड|अच्छा|रहे|और|वे|वहीं|पर|बने|रहें.""}"
hi,"आम तौर पर सैटेलाइट फोन को मोबाइल फोन के स्थान पर उपयोग नहीं किया जा सकता है, क्योंकि सैटेलाइट फोन से कॉल करने के लिए आपको उपग्रह की रेखा पर घर के बाहर रहना पड़ेगा।",1,1,5,5,True,"à¤Ĩà¤®|Ġà¤¤|à¥Įà¤°|Ġà¤ªà¤°|Ġà¤¸|à¥Īà¤Ł|à¥ĩà¤²|à¤¾à¤ĩà¤Ł|Ġà¤«|à¥ĭà¤¨|Ġà¤ķ|à¥ĭ|Ġà¤®|à¥ĭà¤¬|à¤¾à¤ĩà¤²|Ġà¤«|à¥ĭà¤¨|Ġà¤ķ|à¥ĩ|Ġà¤¸|à¥įà¤¥|à¤¾à¤¨|Ġà¤ªà¤°|Ġà¤īà¤ªà¤¯|à¥ĭà¤Ĺ|Ġà¤¨à¤¹|à¥Ģà¤Ĥ|Ġà¤ķ|à¤¿à¤¯|à¤¾|Ġà¤ľ|à¤¾|Ġà¤¸à¤ķà¤¤|à¤¾|Ġà¤¹|à¥Ī,|Ġà¤ķ|à¥įà¤¯|à¥ĭà¤Ĥ|à¤ķ|à¤¿|Ġà¤¸|à¥Īà¤Ł|à¥ĩà¤²|à¤¾à¤ĩà¤Ł|Ġà¤«|à¥ĭà¤¨|Ġà¤¸|à¥ĩ|Ġà¤ķ|à¥īà¤²|Ġà¤ķà¤°à¤¨|à¥ĩ|Ġà¤ķ|à¥ĩ|Ġà¤²|à¤¿à¤ı|Ġà¤Ĩà¤ªà¤ķ|à¥ĭ|Ġà¤īà¤ª|à¤Ĺ|à¥įà¤°à¤¹|Ġà¤ķ|à¥Ģ|Ġà¤°|à¥ĩà¤ĸ|à¤¾|Ġà¤ªà¤°|Ġà¤ĺà¤°|Ġà¤ķ|à¥ĩ|Ġà¤¬|à¤¾à¤¹à¤°|Ġà¤°à¤¹à¤¨|à¤¾|Ġà¤ªà¤¡|à¤¼à¥ĩ|à¤Ĺ|à¤¾à¥¤","आ||तौर|पर|सैट|ला|ट|फोन|को|मोबाइल|फोन|के|स्था||पर|उपय|ग|नहीं|किया|जा|सकता|है,|क्य|ंकि|सैट|ला|ट|फोन|से|कॉल|करने|के|लिए|आपक||उपग्रह|की|रेखा|पर|घर|के|बाहर|रहना|पड़ेगा|","{""42"": ""आ||तौर|पर|सैट|ला|ट|फोन|को|मोबाइल|फोन|के|स्था||पर|उपय|ग|नहीं|किया|जा|सकता|है,|क्य|ंकि|सैट|ला|ट|फोन|से|कॉल|करने|के|लिए|आपक||उपग्रह|की|रेखा|पर|घर|के|बाहर|रहना|पड़ेगा|"", ""43"": ""आ||तौर|पर|सैटेला|ट|फोन|को|मोबा|ल|फोन|के|स्था||पर|उपय|ग|नहीं|किया|जा|सकता|है,|क्योंकि|सैट|ला|ट|फोन|से|कॉल|करने|के|लिए|आपको|उपग|रह|की|रेखा|पर|घर|के|बाहर|रहना|पड़ेगा|"", ""44"": ""आ||तौर|पर|सैटेला|ट|फोन|को|मोबा|ल|फोन|के|स्था||पर|उपय|ग|नहीं|किया|जा|सकता|है,|क्य|ंकि|सैट|ला|ट|फोन|से|कॉल|करने|के|लिए|आपको|उपग्रह|की|रेखा|पर|घर|के|बाहर|रहना|पड़ेगा|"", ""45"": ""आ||तौर|पर|सैट|ला|ट|फोन|को|मोबा|ल|फोन|के|स्था||पर|उपय|ग|नहीं|किया|जा|सकता|है,|क्य|ंकि|सैट|ला|ट|फो||से|कॉल|करने|के|लिए|आपक||उपग|रह|की|रेखा|पर|घर|के|बाहर|रहना|पड़ेगा|"", ""46"": ""आम|तौर|पर|सैट|ला|ट|फोन|को|मोबा|ल|फोन|के|स्था||पर|उपय|ग|नहीं|किया|जा|सकता|है,|क्य|ंकि|सैट|ला|ट|फोन|से|कॉल|करने|के|लिए|आपको|उपग|रह|की|रेखा|पर|घर|के|बाहर|रहना|पड़ेगा।""}"
hi,"आम शब्दों में, जब प्रबंधक अपने पूर्व सहयोगियों का नेतृत्व करना शुरू करते हैं तो दो तरह के बर्ताव सामने आते हैं. स्पेक्ट्रम का एक सिरा “उन लड़कों में से एक” (या लड़कियों में से एक) बने रहने की कोशिश कर रहा है.",1,1,5,5,True,"à¤Ĩà¤®|Ġà¤¶à¤¬|à¥įà¤¦|à¥ĭà¤Ĥ|Ġà¤®|à¥ĩà¤Ĥ,|Ġà¤ľà¤¬|Ġà¤ª|à¥įà¤°à¤¬|à¤Ĥà¤§à¤ķ|Ġà¤ħà¤ªà¤¨|à¥ĩ|Ġà¤ª|à¥Ĥà¤°|à¥įà¤µ|Ġà¤¸à¤¹à¤¯|à¥ĭà¤Ĺ|à¤¿à¤¯|à¥ĭà¤Ĥ|Ġà¤ķ|à¤¾|Ġà¤¨|à¥ĩà¤¤|à¥ĥà¤¤|à¥įà¤µ|Ġà¤ķà¤°à¤¨|à¤¾|Ġà¤¶|à¥ģà¤°|à¥Ĥ|Ġà¤ķà¤°à¤¤|à¥ĩ|Ġà¤¹|à¥Īà¤Ĥ|Ġà¤¤|à¥ĭ|Ġà¤¦|à¥ĭ|Ġà¤¤à¤°à¤¹|Ġà¤ķ|à¥ĩ|Ġà¤¬à¤°|à¥įà¤¤|à¤¾à¤µ|Ġà¤¸|à¤¾à¤®à¤¨|à¥ĩ|Ġà¤Ĩà¤¤|à¥ĩ|Ġà¤¹|à¥Īà¤Ĥ.|Ġà¤¸|à¥įà¤ª|à¥ĩà¤ķ|à¥įà¤Ł|à¥įà¤°à¤®|Ġà¤ķ|à¤¾|Ġà¤ıà¤ķ|Ġà¤¸|à¤¿à¤°|à¤¾|ĠâĢľ|à¤īà¤¨|Ġà¤²à¤¡|à¤¼à¤ķ|à¥ĭà¤Ĥ|Ġà¤®|à¥ĩà¤Ĥ|Ġà¤¸|à¥ĩ|Ġà¤ıà¤ķ|âĢĿ|Ġ(|à¤¯|à¤¾|Ġà¤²à¤¡|à¤¼à¤ķ|à¤¿à¤¯|à¥ĭà¤Ĥ|Ġà¤®|à¥ĩà¤Ĥ|Ġà¤¸|à¥ĩ|Ġà¤ıà¤ķ|)|Ġà¤¬à¤¨|à¥ĩ|Ġà¤°à¤¹à¤¨|à¥ĩ|Ġà¤ķ|à¥Ģ|Ġà¤ķ|à¥ĭà¤¶|à¤¿à¤¶|Ġà¤ķà¤°|Ġà¤°à¤¹|à¤¾|Ġà¤¹|à¥Ī.","आ||शब्द|ं|में,|जब प्रबंध|क|अपने|पूर|व|सहय|गि|यों|का|नेतृत|व|करना|शुर||करते|हैं|तो|दो|तरह|के|बर|ता||सा|ने|आते|हैं.|स्प|क|ट|रम|का|एक|सिरा|“उन|लड़क|ं|में|से|एक”|(या|लड़किय|ं|में|से|एक)|बने|रहने|की|कोशि|श|कर|रहा|है.","{""42"": ""आ||शब्द|ं|में,|जब प्रबंध|क|अपने|पूर|व|सहय|गि|यों|का|नेतृत|व|करना|शुर||करते|हैं|तो|दो|तरह|के|बर|ता||सा|ने|आते|हैं.|स्प|क|ट|रम|का|एक|सिरा|“उन|लड़क|ं|में|से|एक”|(या|लड़किय|ं|में|से|एक)|बने|रहने|की|कोशि|श|कर|रहा|है."", ""43"": ""आ||शब्द|ं|में,|जब प्रबंध|क|अपने|पूर|व|सहयोगि|यों|का|नेतृत|व|करना|शुर||करते|हैं|तो|दो|तरह|के|बर|ता||सा|ने|आते|हैं.|स्प|क|ट्रम|का|एक|सिरा|“|उन|लड़क|ं|में|से|एक”|(या|लड़क|यों|में|से|एक)|बने|रहने|की|कोशि|श|कर|रहा|है."", ""44"": ""आम|शब्द|ं|में,|जब प्रबंध|क|अपने|पूर|व|सहय|गि|यों|का|नेतृत|व|करना|शुर||करते|हैं|तो|दो|तरह|के|बर|ता||सा|ने|आते|हैं.|स्प|क|ट|रम|का|एक|सिरा|“|उन|लड़क|ं|में|से|एक”||(या|लड़कि|यों|में|से|एक)|बने|रहने|की|कोशि|श|कर|रहा|है."", ""45"": ""आ||शब्द|ं|में,|जब प्रबंध|क|अपने|पूर|व|सहय|गि|यों|का|नेतृत|व|करना|शुर||करते|हैं|तो|दो|तरह|के|बर|ता||सा|ने|आत||हैं.|स्प|क|ट्रम|का|एक|सिरा|“उन|लड़क|ं|में|से|एक”|(या|लड़कियों|में|से|एक)|बने|रहने|की|कोशि|श|कर|रहा|है."", ""46"": ""आम|शब्द|ं|में,|जब प्रबंध|क|अपने|पूर|व|सहय|गि|यों|का|नेतृत|व|करना|शुर||करते|हैं|तो|दो|तरह|के|बर|ता||सा|ने|आत||हैं.|स्प|क|ट्रम|का|एक|सिरा|“उन|लड़क|ं|में|से|एक”|(या|लड़कियों|में|से|एक)|बने|रहने|की|कोशि|श|कर|रहा|है.""}"
hi,आमतौर पर ऐसा कहा जाता है कि सीधी उड़ानों में ए से बी तक बिज़नेस या फ़र्स्ट क्लास सीटों पर किसी भी सूरत में डिस्काउंट नहीं दिया जाता है.,1,1,5,5,True,à¤Ĩ|à¤®à¤¤|à¥Įà¤°|Ġà¤ªà¤°|Ġà¤Ĳà¤¸|à¤¾|Ġà¤ķà¤¹|à¤¾|Ġà¤ľ|à¤¾à¤¤|à¤¾|Ġà¤¹|à¥Ī|Ġà¤ķ|à¤¿|Ġà¤¸|à¥Ģà¤§|à¥Ģ|Ġà¤īà¤¡|à¤¼à¤¾|à¤¨|à¥ĭà¤Ĥ|Ġà¤®|à¥ĩà¤Ĥ|Ġà¤ı|Ġà¤¸|à¥ĩ|Ġà¤¬|à¥Ģ|Ġà¤¤à¤ķ|Ġà¤¬|à¤¿à¤ľ|à¤¼à¤¨|à¥ĩà¤¸|Ġà¤¯|à¤¾|Ġà¤«|à¤¼à¤°|à¥įà¤¸|à¥įà¤Ł|Ġà¤ķ|à¥įà¤²|à¤¾à¤¸|Ġà¤¸|à¥Ģà¤Ł|à¥ĭà¤Ĥ|Ġà¤ªà¤°|Ġà¤ķ|à¤¿à¤¸|à¥Ģ|Ġà¤Ń|à¥Ģ|Ġà¤¸|à¥Ĥà¤°à¤¤|Ġà¤®|à¥ĩà¤Ĥ|Ġà¤¡|à¤¿à¤¸|à¥įà¤ķ|à¤¾à¤ī|à¤Ĥà¤Ł|Ġà¤¨à¤¹|à¥Ģà¤Ĥ|Ġà¤¦|à¤¿à¤¯|à¤¾|Ġà¤ľ|à¤¾à¤¤|à¤¾|Ġà¤¹|à¥Ī.,आ|त|र|पर|ऐसा|कहा|जाता|है|कि|सीधी|उड़ा|ों|में|ए से|बी|तक|बिज़न|स|या|फ़र|स्ट|क्ला||सीट|ं|पर|किसी|भी|सूरत|में|डिस|का|ंट|नहीं|दिया|जाता|है.,"{""42"": ""आ|त|र|पर|ऐसा|कहा|जाता|है|कि|सीधी|उड़ा|ों|में|ए से|बी|तक|बिज़न|स|या|फ़र|स्ट|क्ला||सीट|ं|पर|किसी|भी|सूरत|में|डिस|का|ंट|नहीं|दिया|जाता|है."", ""43"": ""आमत|र|पर|ऐसा|कहा|जाता|है|कि|सीधी|उड़ा|ों|में|ए से|बी|तक|बिज़न|स|या|फ़र|स|ट|क्ला||सीट|ं|पर|किसी|भी|सूरत|में|डिस|का|ंट|नहीं|दिया|जाता|है."", ""44"": ""आ|त|र|पर|ऐसा|कहा|जाता|है|कि|सीधी|उड़ा|ों|में|ए से|बी|तक|बिज़ने||या|फ़र|स्ट|क्ला||सीट|ं|पर|किसी|भी|सूरत|में|डिस|का|ंट|नहीं|दिया|जाता|है."", ""45"": ""आमत|र|पर|ऐसा|कहा|जाता|है|कि|सीधी|उड़ा|ों|में|ए से|बी|तक|बिज़नेस|या|फ़र|स|ट|क्ला||सीट|ं|पर|किसी|भी|सूरत|में|डिस्का|ंट|नहीं|दिया|जाता|है."", ""46"": ""आमत|र|पर|ऐसा|कहा|जाता|है|कि|सीधी|उड़ा|ों|में|ए से|बी|तक|बिज़नेस|या|फ़र|स्ट|क्ला||सीट|ं|पर|किसी|भी|सूरत|में|डिस्का|ंट|नहीं|दिया|जाता|है.""}"
hi,"आमतौर पर खेल दो रूपों में खेले जाते हैं, एक फ़ेंसर और दूसरा डयूएलिंग होता है.",1,1,5,5,True,"à¤Ĩ|à¤®à¤¤|à¥Įà¤°|Ġà¤ªà¤°|Ġà¤ĸ|à¥ĩà¤²|Ġà¤¦|à¥ĭ|Ġà¤°|à¥Ĥà¤ª|à¥ĭà¤Ĥ|Ġà¤®|à¥ĩà¤Ĥ|Ġà¤ĸ|à¥ĩà¤²|à¥ĩ|Ġà¤ľ|à¤¾à¤¤|à¥ĩ|Ġà¤¹|à¥Īà¤Ĥ,|Ġà¤ıà¤ķ|Ġà¤«|à¤¼à¥ĩà¤Ĥ|à¤¸à¤°|Ġà¤Ķà¤°|Ġà¤¦|à¥Ĥà¤¸à¤°|à¤¾|Ġà¤¡|à¤¯|à¥Ĥ|à¤ıà¤²|à¤¿à¤Ĥ|à¤Ĺ|Ġà¤¹|à¥ĭà¤¤|à¤¾|Ġà¤¹|à¥Ī.","आ|त|र|पर|खेल|दो|रूपों|में|खेल||जाते|हैं,|एक|फ़ें|र|और|दूसरा|डय|ए|ि|ं||होता|है.","{""42"": ""आ|त|र|पर|खेल|दो|रूपों|में|खेल||जाते|हैं,|एक|फ़ें|र|और|दूसरा|डय|ए|ि|ं||होता|है."", ""43"": ""आ|त|र|पर|खेल|दो|रूप|ं|में|खेले|जाते|हैं,|एक|फ़ें|र|और|दूसरा|डयूएल||ं||होता|है."", ""44"": ""आ|त|र|पर|खेल|दो|रूप|ं|में|खेल||जाते|हैं,|एक|फ़ें|र|और|दूसरा|डयूए|||ंग|होता|है."", ""45"": ""आ|त|र|पर|खेल|दो|रूप|ं|में|खेल||जाते|हैं,|एक|फ़ें|र|और|दूसरा|डयूए|ि|ं||होता|है."", ""46"": ""आ|त|र|पर|खेल|दो|रूपों|में|खेले|जाते|हैं,|एक|फ़ेंसर|और|दूसरा|डयूएल||ं||होता|है.""}"
hi,"आमतौर पर शॉर्लेट में परिवारों द्वारा टैक्सी का इस्तेमाल नहीं किया जाता है, हालाँकि वे कुछ परिस्थितियों में कुछ काम की हो सकती हैं.",1,1,5,5,True,"à¤Ĩ|à¤®à¤¤|à¥Įà¤°|Ġà¤ªà¤°|Ġà¤¶|à¥īà¤°|à¥įà¤²|à¥ĩà¤Ł|Ġà¤®|à¥ĩà¤Ĥ|Ġà¤ªà¤°|à¤¿à¤µ|à¤¾à¤°|à¥ĭà¤Ĥ|Ġà¤¦|à¥įà¤µ|à¤¾à¤°|à¤¾|Ġà¤Ł|à¥Īà¤ķ|à¥įà¤¸|à¥Ģ|Ġà¤ķ|à¤¾|Ġà¤ĩà¤¸|à¥įà¤¤|à¥ĩà¤®|à¤¾à¤²|Ġà¤¨à¤¹|à¥Ģà¤Ĥ|Ġà¤ķ|à¤¿à¤¯|à¤¾|Ġà¤ľ|à¤¾à¤¤|à¤¾|Ġà¤¹|à¥Ī,|Ġà¤¹|à¤¾à¤²|à¤¾à¤ģ|à¤ķ|à¤¿|Ġà¤µ|à¥ĩ|Ġà¤ķ|à¥ģà¤Ľ|Ġà¤ªà¤°|à¤¿à¤¸|à¥įà¤¥|à¤¿à¤¤|à¤¿à¤¯|à¥ĭà¤Ĥ|Ġà¤®|à¥ĩà¤Ĥ|Ġà¤ķ|à¥ģà¤Ľ|Ġà¤ķ|à¤¾à¤®|Ġà¤ķ|à¥Ģ|Ġà¤¹|à¥ĭ|Ġà¤¸à¤ķà¤¤|à¥Ģ|Ġà¤¹|à¥Īà¤Ĥ.","आ|त|र|पर|शॉर|ल|ट|में|परिवा|ों|द्वा|ा|टैक|स||का|इस्त|मा||नहीं|किया|जाता|है,|हा|ा|कि|वे|कुछ|परि|स्थि|तियों|में|कुछ|का||की|हो|सकती|हैं.","{""42"": ""आ|त|र|पर|शॉर|ल|ट|में|परिवा|ों|द्वा|ा|टैक|स||का|इस्त|मा||नहीं|किया|जाता|है,|हा|ा|कि|वे|कुछ|परि|स्थि|तियों|में|कुछ|का||की|हो|सकती|हैं."", ""43"": ""आ|त|र|पर|शॉर|ल|ट|में|परिवा|ों|द्वा|ा|टैक|स||का|इस्त|मा||नहीं|किया|जाता|है,|हा|ा|कि|वे|कुछ|परिस|थि|तियों|में|कुछ|का||की|हो|सकती|हैं."", ""44"": ""आ|त|र|पर|शॉर|ल|ट|में|परिवा|ों|द्वा|ा|टैक्स||का|इस्त|मा||नहीं|किया|जाता|है,|हा|ा|कि|वे|कुछ|परिस्थि|तियों|में|कुछ|का||की|हो|सकती|हैं."", ""45"": ""आ|त|र|पर|शॉर|लेट|में|परिवा|ों|द्वा|ा|टैक्स||का|इस्त|मा||नहीं|किया|जाता|है,|हा|ा|कि|वे|कुछ|परिस्थि|तियों|में|कुछ|का||की|हो|सकती|हैं."", ""46"": ""आ|त|र|पर|शॉर|ल|ट|में|परिवा|ों|द्वा|ा|टैक्स||का|इस्त|मा||नहीं|किया|जाता|है,|हा|ा|कि|वे|कुछ|परिस्थि|ति|यों|में|कुछ|का||की|हो|सकती|हैं.""}"
hi,आयरलैंड की सरकार स्थिति को सुधारने के लिए संसदीय कानून की अत्यावश्यकता पर जोर दे रही है।,1,1,5,5,True,à¤Ĩ|à¤¯à¤°|à¤²|à¥Īà¤Ĥ|à¤¡|Ġà¤ķ|à¥Ģ|Ġà¤¸à¤°à¤ķ|à¤¾à¤°|Ġà¤¸|à¥įà¤¥|à¤¿à¤¤|à¤¿|Ġà¤ķ|à¥ĭ|Ġà¤¸|à¥ģà¤§|à¤¾à¤°à¤¨|à¥ĩ|Ġà¤ķ|à¥ĩ|Ġà¤²|à¤¿à¤ı|Ġà¤¸|à¤Ĥà¤¸à¤¦|à¥Ģà¤¯|Ġà¤ķ|à¤¾à¤¨|à¥Ĥà¤¨|Ġà¤ķ|à¥Ģ|Ġà¤ħà¤¤|à¥įà¤¯|à¤¾à¤µà¤¶|à¥įà¤¯à¤ķà¤¤|à¤¾|Ġà¤ªà¤°|Ġà¤ľ|à¥ĭà¤°|Ġà¤¦|à¥ĩ|Ġà¤°à¤¹|à¥Ģ|Ġà¤¹|à¥Īà¥¤,आ|रल|ंड|की|सरका||स्थि|ति||को|सुधा|न||के|लिए|संसद|य|का|ून|की|अत|या|श|यकता|पर|जोर|दे|रही|है।,"{""42"": ""आ|रल|ंड|की|सरका||स्थि|ति||को|सुधा|न||के|लिए|संसद|य|का|ून|की|अत|या|श|यकता|पर|जोर|दे|रही|है।"", ""43"": ""आ|रल||||की|सरका||स्थि|ति|को|सुधा|ने|के|लिए|संसद|य|का|ून|की|अत|या|श|यकता|पर|जोर|दे|रही|है।"", ""44"": ""आ|रल|ं||की|सरका||स्थि|ति||को|सुधा|ने|के|लिए|संसद|य|का|ून|की|अत|या|श|यकता|पर|जोर|दे|रही|है।"", ""45"": ""आ|रल|ं||की|सरका||स्थि|ति|को|सुधा|ने|के|लिए|संसद|य|का|ून|की|अत|या|श|यकता|पर|जोर|दे|रही|है।"", ""46"": ""आ|रल|ंड|की|सरका||स्थि|ति|को|सुधा|ने|के|लिए|संसद|य|का|ून|की|अत|या|श|यकता|पर|जोर|दे|रही|है।""}"
hi,"आयो का गुरुत्वाकर्षण मुझे कैसे खींचेगा? यदि आप आयो की सतह पर खड़े होंगे, तो आपका वजन पृथ्वी वाले वजन से कम होगा।",1,1,5,5,True,"à¤Ĩà¤¯|à¥ĭ|Ġà¤ķ|à¤¾|Ġà¤Ĺ|à¥ģà¤°|à¥ģà¤¤|à¥įà¤µ|à¤¾à¤ķà¤°|à¥įà¤·à¤£|Ġà¤®|à¥ģà¤Ŀ|à¥ĩ|Ġà¤ķ|à¥Īà¤¸|à¥ĩ|Ġà¤ĸ|à¥Ģà¤Ĥ|à¤ļ|à¥ĩà¤Ĺ|à¤¾?|Ġà¤¯à¤¦|à¤¿|Ġà¤Ĩà¤ª|Ġà¤Ĩà¤¯|à¥ĭ|Ġà¤ķ|à¥Ģ|Ġà¤¸à¤¤à¤¹|Ġà¤ªà¤°|Ġà¤ĸà¤¡|à¤¼à¥ĩ|Ġà¤¹|à¥ĭà¤Ĥ|à¤Ĺ|à¥ĩ,|Ġà¤¤|à¥ĭ|Ġà¤Ĩà¤ªà¤ķ|à¤¾|Ġà¤µà¤ľà¤¨|Ġà¤ª|à¥ĥà¤¥|à¥įà¤µ|à¥Ģ|Ġà¤µ|à¤¾à¤²|à¥ĩ|Ġà¤µà¤ľà¤¨|Ġà¤¸|à¥ĩ|Ġà¤ķà¤®|Ġà¤¹|à¥ĭà¤Ĺ|à¤¾à¥¤","आ|||का|गुर|त|वा|र्षण|मुझे|कैसे|खीं||ेगा?|यदि|आप|आयो|की|सतह|पर|खड़े|होंगे,|तो|आपका|वजन|पृथ|व||वा|े|वजन|से|कम|होगा|","{""42"": ""आ|||का|गुर|त|वा|र्षण|मुझे|कैसे|खीं||ेगा?|यदि|आप|आयो|की|सतह|पर|खड़े|होंगे,|तो|आपका|वजन|पृथ|व||वा|े|वजन|से|कम|होगा|"", ""43"": ""आय||का|गुर|त|वा|र्षण|मुझे|कैसे|खीं||ेगा?|यदि|आप|आयो|की|सतह|पर|खड़े|होंगे,|तो|आपका|वजन|पृथ्व||वा|े|वजन|से|कम|होगा|"", ""44"": ""आय||का|गुर|त|वा|र|षण|मुझे|कैसे|खींच|ेगा?||यदि|आप|आयो|की|सतह|पर|खड़||होंग|,|तो|आपका|वजन|पृथ्व||वा|े|वजन|से|कम|होगा|"", ""45"": ""आ|ो|का|गुर|त|वा|र|षण|मुझ|े|कैसे|खीं||ेगा?|यदि|आप|आयो|की|सतह|पर|खड़े|होंगे,|तो|आपका|वजन|पृथ्व||वा|े|वजन|से|कम|होगा|"", ""46"": ""आ|||का|गुर|त|वा|र्षण|मुझे|कैस||खीं|||गा?||यदि|आप|आयो|की|सतह|पर|खड़े|होंग|,|तो|आपका|वजन|पृथ्व||वा|े|वजन|से|कम|होगा|""}"
hi,"आर्किटेक्चर शहरी नियोजन, सिविल इंजीनियरिंग, सजावटी कला, आंतरिक डिज़ाइन और लैंडस्केप डिज़ाइन सहित अन्य क्षेत्रों के साथ काफी हद तक ओवरलैप करता है.",1,1,5,5,True,"à¤Ĩà¤°|à¥įà¤ķ|à¤¿à¤Ł|à¥ĩà¤ķ|à¥įà¤ļà¤°|Ġà¤¶à¤¹à¤°|à¥Ģ|Ġà¤¨|à¤¿à¤¯|à¥ĭà¤ľà¤¨|,|Ġà¤¸|à¤¿à¤µ|à¤¿à¤²|Ġà¤ĩ|à¤Ĥà¤ľ|à¥Ģà¤¨|à¤¿à¤¯à¤°|à¤¿à¤Ĥ|à¤Ĺ|,|Ġà¤¸à¤ľ|à¤¾à¤µà¤Ł|à¥Ģ|Ġà¤ķà¤²|à¤¾,|Ġà¤Ĩ|à¤Ĥà¤¤à¤°|à¤¿à¤ķ|Ġà¤¡|à¤¿à¤ľ|à¤¼à¤¾|à¤ĩà¤¨|Ġà¤Ķà¤°|Ġà¤²|à¥Īà¤Ĥ|à¤¡|à¤¸|à¥įà¤ķ|à¥ĩà¤ª|Ġà¤¡|à¤¿à¤ľ|à¤¼à¤¾|à¤ĩà¤¨|Ġà¤¸à¤¹|à¤¿à¤¤|Ġà¤ħà¤¨|à¥įà¤¯|Ġà¤ķ|à¥įà¤·|à¥ĩà¤¤|à¥įà¤°|à¥ĭà¤Ĥ|Ġà¤ķ|à¥ĩ|Ġà¤¸|à¤¾à¤¥|Ġà¤ķ|à¤¾à¤«|à¥Ģ|Ġà¤¹à¤¦|Ġà¤¤à¤ķ|Ġà¤ĵà¤µà¤°|à¤²|à¥Īà¤ª|Ġà¤ķà¤°à¤¤|à¤¾|Ġà¤¹|à¥Ī.","आ||कि|ट|क|चर|शहर||नियोजन,|सिवि|ल|इंजीनि|यरि|ंग,|सजा|टी|कला,|आंतरि|क|डिज़ा|न|और|लैंडस|क|प|डिज़ा|न|सहित|अन|य|क्ष|त्रों|के|साथ|का|ी|हद|तक|ओवरल|प|करता|है.","{""42"": ""आ||कि|ट|क|चर|शहर||नियोजन,|सिवि|ल|इंजीनि|यरि|ंग,|सजा|टी|कला,|आंतरि|क|डिज़ा|न|और|लैंडस|क|प|डिज़ा|न|सहित|अन|य|क्ष|त्रों|के|साथ|का|ी|हद|तक|ओवरल|प|करता|है."", ""43"": ""आ||कि|ट|क|चर|शहर||निय|जन,|सिवि|ल|इंजीनि|यरि|ंग,|सजा|ट||कला,|आंतरि|क|डिज़ा|न|और|लैंडस|क|प|डिज़ा|न|सहित|अन|य|क्ष|त्रों|के|साथ|का|ी|हद|तक|ओवरलैप|करता|है."", ""44"": ""आ||कि|ट|क|चर|शहर||निय|जन,|सिवि|ल|इंज|नि|यरि|ंग,|सजा|टी|कला,|आंतरि|क|डिज़ा|न|और|लैंडस|क|प|डिज़ा|न|सहित|अन|य|क्ष|त्रों|के|साथ|का|ी|हद|तक|ओवरल|प|करता|है."", ""45"": ""आ||कि|ट|क|चर|शहर||नियोजन,|सिवि|ल|इंज|नि|यरि|ंग,|सजा|ट||कला,|आंतरि|क|डिज़ा|न|और|लैंडस|क|प|डिज़ा|||सहित|अन|य|क्ष|त्र|ं|के|साथ|का|ी|हद|तक|ओवरल|प|करता|है."", ""46"": ""आ||कि|ट|क|चर|शहरी|नियोजन,|सिवि|ल|इंज|नि|यरि|ंग,|सजा|टी|कला,|आंतरि|क|डिज़ा|न|और|लैं|स|क|प|डिज़ा|न|सहित|अन|य|क्ष|त्रों|के|साथ|का|ी|हद|तक|ओवरल|प|करता|है.""}"
hi,आर्टिफ़िशियल या बनाई गई भाषाओं को सहायक भाषाएँ कहा जाता है. इन्हें तैयार करने का मकसद ऐसे लोगों को बातचीत करने की सुविधा देना है जो इनके न होने पर आसानी से बातचीत नहीं कर पाएँगे.,1,1,5,5,True,à¤Ĩà¤°|à¥įà¤Ł|à¤¿à¤«|à¤¼à¤¿|à¤¶|à¤¿à¤¯à¤²|Ġà¤¯|à¤¾|Ġà¤¬à¤¨|à¤¾à¤Ī|Ġà¤Ĺà¤Ī|Ġà¤Ń|à¤¾à¤·|à¤¾à¤ĵ|à¤Ĥ|Ġà¤ķ|à¥ĭ|Ġà¤¸à¤¹|à¤¾à¤¯à¤ķ|Ġà¤Ń|à¤¾à¤·|à¤¾à¤ı|à¤ģ|Ġà¤ķà¤¹|à¤¾|Ġà¤ľ|à¤¾à¤¤|à¤¾|Ġà¤¹|à¥Ī.|Ġà¤ĩà¤¨|à¥įà¤¹|à¥ĩà¤Ĥ|Ġà¤¤|à¥Īà¤¯|à¤¾à¤°|Ġà¤ķà¤°à¤¨|à¥ĩ|Ġà¤ķ|à¤¾|Ġà¤®à¤ķà¤¸à¤¦|Ġà¤Ĳà¤¸|à¥ĩ|Ġà¤²|à¥ĭà¤Ĺ|à¥ĭà¤Ĥ|Ġà¤ķ|à¥ĭ|Ġà¤¬|à¤¾à¤¤à¤ļ|à¥Ģà¤¤|Ġà¤ķà¤°à¤¨|à¥ĩ|Ġà¤ķ|à¥Ģ|Ġà¤¸|à¥ģà¤µ|à¤¿à¤§|à¤¾|Ġà¤¦|à¥ĩà¤¨|à¤¾|Ġà¤¹|à¥Ī|Ġà¤ľ|à¥ĭ|Ġà¤ĩà¤¨à¤ķ|à¥ĩ|Ġà¤¨|Ġà¤¹|à¥ĭà¤¨|à¥ĩ|Ġà¤ªà¤°|Ġà¤Ĩà¤¸|à¤¾à¤¨|à¥Ģ|Ġà¤¸|à¥ĩ|Ġà¤¬|à¤¾à¤¤à¤ļ|à¥Ģà¤¤|Ġà¤¨à¤¹|à¥Ģà¤Ĥ|Ġà¤ķà¤°|Ġà¤ª|à¤¾à¤ı|à¤ģà¤Ĺ|à¥ĩ.,आ||टि|फ़ि|शि|यल|या|बना||गई|भा|ा|ं|को|सहा|क|भाषा|ँ|कहा|जाता|है.|इन्ह|ं|तैया||करने|का|मकसद|ऐसे|लोगों|को|बातचीत|करने|की|सुविधा|देना|है|जो|इनके|न होने|पर|आसा|ी|से|बातच|त|नहीं|कर|पा|ँगे.,"{""42"": ""आ||टि|फ़ि|शि|यल|या|बना||गई|भा|ा|ं|को|सहा|क|भाषा|ँ|कहा|जाता|है.|इन्ह|ं|तैया||करने|का|मकसद|ऐसे|लोगों|को|बातचीत|करने|की|सुविधा|देना|है|जो|इनके|न होने|पर|आसा|ी|से|बातच|त|नहीं|कर|पा|ँगे."", ""43"": ""आ||टिफ़ि|शि|यल|या|बना||गई|भाषा|ं|को|सहा|क|भा|ा|ँ|कहा|जाता|है.|इन्ह|ं|तैया||करने|का|मकसद|ऐसे|लोगों|को|बातचीत|करने|की|सुवि|धा|देना|है|जो|इनके|न होने|पर|आसा|ी|से|बातच|त|नहीं|कर|पा|ँग|."", ""44"": ""आ||टि|फ़ि|शि|यल|या|बना||गई|भा|ा|ं|को|सहा|क|भा|ा|ँ|कहा|जाता|है.|इन्ह|ं|तैया||करने|का|मकसद|ऐसे|लोग|ं|को|बातच|त|करने|की|सुविधा|देना|है|जो|इनके|न होने|पर|आसा|ी|से|बातचीत|नहीं|कर|पा|ँग|."", ""45"": ""आ||टि|फ़ि|शि|यल|या|बना||गई|भा|ा|ं|को|सहा|क|भाषा|ँ|कहा|जाता|है.|इन्ह|ं|तैया||करने|का|मकसद|ऐसे|लोगों|को|बा|चीत|करने|की|सुविधा|देना|है|जो|इनके|न होने|पर|आसा|ी|से|बातचीत|नहीं|कर|पा|ँगे."", ""46"": ""आ||टि|फ़ि|शि|यल|या|बना||गई|भा|ा|ं|को|सहा|क|भा|ा|ँ|कहा|जाता|है.|इन्ह|ं|तैया||करने|का|मकसद|ऐसे|लोगों|को|बातचीत|करने|की|सुविधा|देना|है|जो|इनक||न होने|पर|आसा|ी|से|बातचीत|नहीं|कर|पा|ँग|.""}"
hi,आर्टिस्टिक इवेंट (कलात्मक कार्यक्रम) भी बुखारेस्ट सिटी हॉल के कैंपेन का एक हिस्सा है जो रोमानिया की राजधानी की एक क्रिएटिव और रंगीन छवि को फिर से दिखाने की कोशिश है.,1,1,5,5,True,à¤Ĩà¤°|à¥įà¤Ł|à¤¿à¤¸|à¥įà¤Ł|à¤¿à¤ķ|Ġà¤ĩà¤µ|à¥ĩà¤Ĥ|à¤Ł|Ġ(|à¤ķà¤²|à¤¾à¤¤|à¥įà¤®à¤ķ|Ġà¤ķ|à¤¾à¤°|à¥įà¤¯à¤ķ|à¥įà¤°à¤®|)|Ġà¤Ń|à¥Ģ|Ġà¤¬|à¥ģà¤ĸ|à¤¾à¤°|à¥ĩà¤¸|à¥įà¤Ł|Ġà¤¸|à¤¿à¤Ł|à¥Ģ|Ġà¤¹|à¥īà¤²|Ġà¤ķ|à¥ĩ|Ġà¤ķ|à¥Īà¤Ĥ|à¤ª|à¥ĩà¤¨|Ġà¤ķ|à¤¾|Ġà¤ıà¤ķ|Ġà¤¹|à¤¿à¤¸|à¥įà¤¸|à¤¾|Ġà¤¹|à¥Ī|Ġà¤ľ|à¥ĭ|Ġà¤°|à¥ĭà¤®|à¤¾à¤¨|à¤¿à¤¯|à¤¾|Ġà¤ķ|à¥Ģ|Ġà¤°|à¤¾à¤ľà¤§|à¤¾à¤¨|à¥Ģ|Ġà¤ķ|à¥Ģ|Ġà¤ıà¤ķ|Ġà¤ķ|à¥įà¤°|à¤¿à¤ıà¤Ł|à¤¿à¤µ|Ġà¤Ķà¤°|Ġà¤°|à¤Ĥà¤Ĺ|à¥Ģà¤¨|Ġà¤Ľà¤µ|à¤¿|Ġà¤ķ|à¥ĭ|Ġà¤«|à¤¿à¤°|Ġà¤¸|à¥ĩ|Ġà¤¦|à¤¿à¤ĸ|à¤¾à¤¨|à¥ĩ|Ġà¤ķ|à¥Ģ|Ġà¤ķ|à¥ĭà¤¶|à¤¿à¤¶|Ġà¤¹|à¥Ī.,आ||टि|स|टि|क|इवें||(कला|्मक|का|्यक|रम)|भी|बुखा|ेस्ट|सिट||हॉल|के|कैंप|न|का|एक|हिस्सा|है|जो|रोमा|ि|या|की|रा|धा|ी|की|एक|क्रि|एटि|व|और|रं||न|छवि||को|फिर|से|दिखा|े|की|कोशि|श|है.,"{""42"": ""आ||टि|स|टि|क|इवें||(कला|्मक|का|्यक|रम)|भी|बुखा|ेस्ट|सिट||हॉल|के|कैंप|न|का|एक|हिस्सा|है|जो|रोमा|ि|या|की|रा|धा|ी|की|एक|क्रि|एटि|व|और|रं||न|छवि||को|फिर|से|दिखा|े|की|कोशि|श|है."", ""43"": ""आ||टिस|टि|क|इवेंट|(कल||्मक|का|्यक|रम)|भी|बुखा|ेस्ट|सिट||हॉल|के|कैंप|न|का|एक|हिस्सा|है|जो|रोमा|ि|या|की|रा|धा|ी|की|एक|क्रि|एटि|व|और|रंगीन|छवि||को|फिर|से|दिखा|े|की|कोशि|श|है."", ""44"": ""आर|टिस|टि|क|इवेंट|(कला|्मक|का|्यक|रम)|भी|बुखा|ेस्ट|सिट||हॉल|के|कैंप|न|का|एक|हिस्स||है|जो|रोमा|ि|या|की|रा|धा|ी|की|एक|क्रि|एटि|व|और|रं|ीन|छवि|को|फिर|से|दिखा|े|की|कोशि|श|है."", ""45"": ""आ||टि|स|टि|क|इवेंट|(कला|्मक|का|्यक|रम)|भी|बुखा|ेस्ट|सिटी|हॉल|के|कैंप|न|का|एक|हिस्सा|है|जो|रोमा|ि|या|की|रा|धा|ी|की|एक|क्रि|एटि|व|और|रंगीन|छवि|को|फिर|से|दिखा|े|की|कोशि|श|है."", ""46"": ""आ||टिस|टि|क|इवेंट|(कला|्मक|का|्यक|रम)|भी|बुखा|ेस्ट|सिट||हॉल|के|कैंप|न|का|एक|हिस्सा|है|जो|रोमा|ि|या|की|रा|धा|ी|की|एक|क्रि|एटि|व|और|रंगीन|छवि|को|फिर|से|दिखा|े|की|कोशि|श|है.""}"
hi,इंग्लैंड के बायोलॉजिस्ट रॉबर्ट हुक ने माइक्रोस्कोप से कॉर्क में छोटे चौखाने देखे.,1,1,5,5,True,à¤ĩ|à¤Ĥà¤Ĺ|à¥įà¤²|à¥Īà¤Ĥ|à¤¡|Ġà¤ķ|à¥ĩ|Ġà¤¬|à¤¾à¤¯|à¥ĭà¤²|à¥īà¤ľ|à¤¿à¤¸|à¥įà¤Ł|Ġà¤°|à¥ī|à¤¬à¤°|à¥įà¤Ł|Ġà¤¹|à¥ģà¤ķ|Ġà¤¨|à¥ĩ|Ġà¤®|à¤¾à¤ĩà¤ķ|à¥įà¤°|à¥ĭà¤¸|à¥įà¤ķ|à¥ĭà¤ª|Ġà¤¸|à¥ĩ|Ġà¤ķ|à¥īà¤°|à¥įà¤ķ|Ġà¤®|à¥ĩà¤Ĥ|Ġà¤Ľ|à¥ĭà¤Ł|à¥ĩ|Ġà¤ļ|à¥Į|à¤ĸ|à¤¾à¤¨|à¥ĩ|Ġà¤¦|à¥ĩà¤ĸ|à¥ĩ.,इंग|ल|ंड|के|बायोल|जिस्ट|रॉबर|ट|हुक|ने|मा|क्र|स्क|प|से|कॉर|क|में|छोट||चौखा|े|देखे.,"{""42"": ""इंग|ल|ंड|के|बायोल|जिस्ट|रॉबर|ट|हुक|ने|मा|क्र|स्क|प|से|कॉर|क|में|छोट||चौखा|े|देखे."", ""43"": ""इंग|ल|ं||के|बायोल|जिस्ट|रॉबर|ट|हुक|ने|मा|क्र|स्क|प|से|कॉर|क|में|छोट||चौखा|े|देखे."", ""44"": ""इ|ंग|ल|ं||के|बायोल|जि|स्ट|रॉबर|ट|हुक|ने|मा|क|र|स्क|प|से|कॉर|क|में|छोट||चौखा|े|देखे."", ""45"": ""इंग|ल|ंड|के|बायोल|जि|स|ट|रॉबर|ट|हुक|ने|मा|क्र|स्क|प|से|कॉर|क|में|छोटे|चौख||े|देखे."", ""46"": ""इंग|ल|ं||के|बायोल|जि|स्ट|रॉबर|ट|हुक|ने|मा|क्र|स्क|प|से|कॉर|क|में|छोट||चौखा|े|देखे.""}"
hi,"इंटर-डिस्ट्रिक्ट बस स्टेशन (जो नदी के उस पार है) से दिन भर बसें चलती हैं, हालांकि ज़्यादातर, खास कर पूर्व और जाकार/बुमतांग की ओर जाने वाली बसें सुबह 06:30 और 07:30 के बीच जाती हैं.",1,1,5,5,True,"à¤ĩ|à¤Ĥà¤Łà¤°|-à¤¡|à¤¿à¤¸|à¥įà¤Ł|à¥įà¤°|à¤¿à¤ķ|à¥įà¤Ł|Ġà¤¬à¤¸|Ġà¤¸|à¥įà¤Ł|à¥ĩà¤¶à¤¨|Ġ(|à¤ľ|à¥ĭ|Ġà¤¨à¤¦|à¥Ģ|Ġà¤ķ|à¥ĩ|Ġà¤īà¤¸|Ġà¤ª|à¤¾à¤°|Ġà¤¹|à¥Ī)|Ġà¤¸|à¥ĩ|Ġà¤¦|à¤¿à¤¨|Ġà¤Ńà¤°|Ġà¤¬à¤¸|à¥ĩà¤Ĥ|Ġà¤ļà¤²à¤¤|à¥Ģ|Ġà¤¹|à¥Īà¤Ĥ,|Ġà¤¹|à¤¾à¤²|à¤¾à¤Ĥ|à¤ķ|à¤¿|Ġà¤ľ|à¤¼à¥į|à¤¯|à¤¾à¤¦|à¤¾à¤¤à¤°|,|Ġà¤ĸ|à¤¾à¤¸|Ġà¤ķà¤°|Ġà¤ª|à¥Ĥà¤°|à¥įà¤µ|Ġà¤Ķà¤°|Ġà¤ľ|à¤¾à¤ķ|à¤¾à¤°|/|à¤¬|à¥ģà¤®à¤¤|à¤¾à¤Ĥ|à¤Ĺ|Ġà¤ķ|à¥Ģ|Ġà¤ĵà¤°|Ġà¤ľ|à¤¾à¤¨|à¥ĩ|Ġà¤µ|à¤¾à¤²|à¥Ģ|Ġà¤¬à¤¸|à¥ĩà¤Ĥ|Ġà¤¸|à¥ģà¤¬à¤¹|Ġ|06|:|30|Ġà¤Ķà¤°|Ġ|07|:|30|Ġà¤ķ|à¥ĩ|Ġà¤¬|à¥Ģà¤ļ|Ġà¤ľ|à¤¾à¤¤|à¥Ģ|Ġà¤¹|à¥Īà¤Ĥ.","इ|ंटर-|डिस|ट|रि|क|ट|बस|स्टेशन|(जो|नदी|के|उस|पा||है)|से|दिन|भर|बसें|चलती|हैं,|हा|ा|कि|ज़्या|ा|र,|खा||कर|पूर|व|और|जाका|/|बुमता|ग|की|ओर|जाने|वा|ी|बसें|सुबह|06:30|और|07:30|के|बीच|जाती|हैं.","{""42"": ""इ|ंटर-|डिस|ट|रि|क|ट|बस|स्टेशन|(जो|नदी|के|उस|पा||है)|से|दिन|भर|बसें|चलती|हैं,|हा|ा|कि|ज़्या|ा|र,|खा||कर|पूर|व|और|जाका|/|बुमता|ग|की|ओर|जाने|वा|ी|बसें|सुबह|06:30|और|07:30|के|बीच|जाती|हैं."", ""43"": ""इ|टर-|डिस|ट|रि|क|ट|बस|स्ट|शन|(जो|नदी|के|उस|पा||है)|से|दिन|भर|बसें|चलत||हैं,|हा|ा|कि|ज़्या|ा|र,|खा||कर|पूर|व|और|जाका|/|बुमता|ग|की|ओर|जाने|वा|ी|बसें|सुबह|06:30|और|07:30|के|बीच|जाती|हैं."", ""44"": ""इ|ंटर-|डिस्ट|रि|क|ट|बस|स्ट|श||(जो|नदी|के|उस|पा||है)|से|दिन|भर|बसें|चलत||हैं,|हा|ा|कि|ज़्या|ा|र,|खा||कर|पूर|व|और|जाका|/|बुमता|ग|की|ओर|जाने|वा|ी|बसें|सुबह|06:30|और|07:30|के|बीच|जाती|हैं."", ""45"": ""इ|ंटर-|डिस|ट|रि|क|ट|बस|स्ट|शन|(जो|नदी|के|उस|पा||है)|से|दिन|भर|बसें|चलत||हैं,|हा|ा|कि|ज़्या|ा|र,|खा||कर|पूर|व|और|जाका|/|बुमता|ग|की|ओर|जाने|वा|ी|बसें|सुबह|06:30|और|07:30|के|बीच|जाती|हैं."", ""46"": ""इ|ं|र-|डिस|ट|रि|क|ट|बस|स्ट|शन|(जो|नदी|के|उस|पा||है)|से|दिन|भर|बसें|चलत||हैं,|हा|ा|कि|ज़्या|ा|र,|खा||कर|पूर|व|और|जाका|/|बुमता|ग|की|ओर|जाने|वा|ी|बसें|सुबह|06:30|और|07:30|के|बीच|जाती|हैं.""}"
hi,"इंटरएक्टिव डिज़ाइन के लिए आवश्यक है कि प्रोजेक्ट के घटक एक-दूसरे से कनेक्ट हों, लेकिन एक अलग इकाई के रूप में भी उनका कोई अर्थ हो.",1,1,5,5,True,"à¤ĩ|à¤Ĥà¤Łà¤°|à¤ıà¤ķ|à¥įà¤Ł|à¤¿à¤µ|Ġà¤¡|à¤¿à¤ľ|à¤¼à¤¾|à¤ĩà¤¨|Ġà¤ķ|à¥ĩ|Ġà¤²|à¤¿à¤ı|Ġà¤Ĩà¤µà¤¶|à¥įà¤¯à¤ķ|Ġà¤¹|à¥Ī|Ġà¤ķ|à¤¿|Ġà¤ª|à¥įà¤°|à¥ĭà¤ľ|à¥ĩà¤ķ|à¥įà¤Ł|Ġà¤ķ|à¥ĩ|Ġà¤ĺà¤Łà¤ķ|Ġà¤ıà¤ķ|-à¤¦|à¥Ĥà¤¸à¤°|à¥ĩ|Ġà¤¸|à¥ĩ|Ġà¤ķà¤¨|à¥ĩà¤ķ|à¥įà¤Ł|Ġà¤¹|à¥ĭà¤Ĥ,|Ġà¤²|à¥ĩà¤ķ|à¤¿à¤¨|Ġà¤ıà¤ķ|Ġà¤ħà¤²à¤Ĺ|Ġà¤ĩà¤ķ|à¤¾à¤Ī|Ġà¤ķ|à¥ĩ|Ġà¤°|à¥Ĥà¤ª|Ġà¤®|à¥ĩà¤Ĥ|Ġà¤Ń|à¥Ģ|Ġà¤īà¤¨à¤ķ|à¤¾|Ġà¤ķ|à¥ĭà¤Ī|Ġà¤ħà¤°|à¥įà¤¥|Ġà¤¹|à¥ĭ.","इंटरएक|टि|व|डिज़ा|न|के|लिए|आवश|यक|है|कि|प्र|जेक|ट|के|घटक|एक-|दूसर||से|कने||ट|हों,|लेकिन|एक|अलग|इका||के|रूप|में|भी|उनका|कोई|अर|थ|हो.","{""42"": ""इंटरएक|टि|व|डिज़ा|न|के|लिए|आवश|यक|है|कि|प्र|जेक|ट|के|घटक|एक-|दूसर||से|कने||ट|हों,|लेकिन|एक|अलग|इका||के|रूप|में|भी|उनका|कोई|अर|थ|हो."", ""43"": ""इंटरए||टि|व|डिज़ा|न|के|लिए|आवश|यक|है|कि|प्र|ज|क|ट|के|घटक|एक-|दूसर||से|कने||ट|हों,|लेकिन|एक|अलग|इका||के|रूप|में|भी|उनका|कोई|अर|थ|हो."", ""44"": ""इंटर|क|टि|व|डिज़ा|न|के|लिए|आवश|यक|है|कि|प्र|जेक|ट|के|घटक|एक-|दूसर||से|कने||ट|हों,|लेकिन|एक|अलग|इका||के|रूप|में|भी|उनका|कोई|अर्थ|हो."", ""45"": ""इ|ंटरएक|टि|व|डिज़ा|न|के|लिए|आवश|यक|है|कि|प्र|ज|क|ट|के|घटक|एक-|दूसर||से|कनेक|ट|हों,|लेकिन|एक|अलग|इका||के|रूप|में|भी|उनका|कोई|अर|थ|हो."", ""46"": ""इ|ं|रएक|टि|व|डिज़ा|न|के|लिए|आवश|यक|है|कि|प्र|जेक|ट|के|घटक|एक-|दूसर||से|कने||ट|हों,|लेकिन|एक|अलग|इका||के|रूप|में|भी|उनका|कोई|अर|थ|हो.""}"
hi,इंटरएक्टिव डिज़ाइन के लिए ज़रूरी है कि आप मीडिया उत्पादन के बारे में अपनी मान्यताओं का पुनर्मूल्यांकन करें और सीधे तरीकों से सोचना सीखें.,1,1,5,5,True,à¤ĩ|à¤Ĥà¤Łà¤°|à¤ıà¤ķ|à¥įà¤Ł|à¤¿à¤µ|Ġà¤¡|à¤¿à¤ľ|à¤¼à¤¾|à¤ĩà¤¨|Ġà¤ķ|à¥ĩ|Ġà¤²|à¤¿à¤ı|Ġà¤ľ|à¤¼à¤°|à¥Ĥà¤°|à¥Ģ|Ġà¤¹|à¥Ī|Ġà¤ķ|à¤¿|Ġà¤Ĩà¤ª|Ġà¤®|à¥Ģà¤¡|à¤¿à¤¯|à¤¾|Ġà¤īà¤¤|à¥įà¤ª|à¤¾à¤¦à¤¨|Ġà¤ķ|à¥ĩ|Ġà¤¬|à¤¾à¤°|à¥ĩ|Ġà¤®|à¥ĩà¤Ĥ|Ġà¤ħà¤ªà¤¨|à¥Ģ|Ġà¤®|à¤¾à¤¨|à¥įà¤¯à¤¤|à¤¾à¤ĵ|à¤Ĥ|Ġà¤ķ|à¤¾|Ġà¤ª|à¥ģà¤¨à¤°|à¥įà¤®|à¥Ĥà¤²|à¥įà¤¯|à¤¾à¤Ĥ|à¤ķà¤¨|Ġà¤ķà¤°|à¥ĩà¤Ĥ|Ġà¤Ķà¤°|Ġà¤¸|à¥Ģà¤§|à¥ĩ|Ġà¤¤à¤°|à¥Ģà¤ķ|à¥ĭà¤Ĥ|Ġà¤¸|à¥ĩ|Ġà¤¸|à¥ĭà¤ļà¤¨|à¤¾|Ġà¤¸|à¥Ģà¤ĸ|à¥ĩà¤Ĥ.,इंटरएक|टि|व|डिज़ा|न|के|लिए|ज़र|र||है|कि|आप|मीडिया|उत|पा|न|के|बारे|में|अपनी|मा|्यत||ं|का|पुनर|मूल|या|कन|कर|ं|और|सीधे|तर|कों|से|सोचना|सीखें.,"{""42"": ""इंटरएक|टि|व|डिज़ा|न|के|लिए|ज़र|र||है|कि|आप|मीडिया|उत|पा|न|के|बारे|में|अपनी|मा|्यत||ं|का|पुनर|मूल|या|कन|कर|ं|और|सीधे|तर|कों|से|सोचना|सीखें."", ""43"": ""इंटरएक|टि|व|डिज़ा|न|के|लिए|ज़र|री|है|कि|आप|मीड||या|उत|पा|न|के|बारे|में|अपनी|मा|्यता|ं|का|पुनर|मूल|या|क||कर|ं|और|सीधे|तरीक|ं|से|सोचना|सीखें."", ""44"": ""इंटरए||टि|व|डिज़ा|न|के|लिए|ज़र|र||है|कि|आप|मीडि|या|उत|पा|न|के|बारे|में|अपनी|मा|्यता|ं|का|पुनर|मूल|या|कन|कर|ं|और|सीधे|तर|कों|से|सोचना|सीखें."", ""45"": ""इ|ंटरए||टि|व|डिज़ा|न|के|लिए|ज़र|र||है|कि|आप|मीडि|या|उत|पा|न|के|बारे|में|अपनी|मा|्यता|ं|का|पुनर|मूल|या|कन|कर|ं|और|सीध||तर|कों|से|सोचना|सीखें."", ""46"": ""इंटरए||टिव|डिज़ा|न|के|लिए|ज़र|र||है|कि|आप|मीडि|या|उत|पा|न|के|बारे|में|अपनी|मा|्यता|ं|का|पुनर|मूल|या|कन|कर|ं|और|सीधे|तर|क|ं|से|सोचना|सीखें.""}"
hi,इंटरनेट और वर्ल्ड वाइड वेब के उपयोग से शिक्षार्थियों को हर वक्त जानकारी प्राप्त करने की सुविधा मिलती है।,1,1,5,5,True,à¤ĩ|à¤Ĥà¤Łà¤°à¤¨|à¥ĩà¤Ł|Ġà¤Ķà¤°|Ġà¤µà¤°|à¥įà¤²|à¥įà¤¡|Ġà¤µ|à¤¾à¤ĩà¤¡|Ġà¤µ|à¥ĩà¤¬|Ġà¤ķ|à¥ĩ|Ġà¤īà¤ªà¤¯|à¥ĭà¤Ĺ|Ġà¤¸|à¥ĩ|Ġà¤¶|à¤¿à¤ķ|à¥įà¤·|à¤¾à¤°|à¥įà¤¥|à¤¿à¤¯|à¥ĭà¤Ĥ|Ġà¤ķ|à¥ĭ|Ġà¤¹à¤°|Ġà¤µà¤ķ|à¥įà¤¤|Ġà¤ľ|à¤¾à¤¨à¤ķ|à¤¾à¤°|à¥Ģ|Ġà¤ª|à¥įà¤°|à¤¾à¤ª|à¥įà¤¤|Ġà¤ķà¤°à¤¨|à¥ĩ|Ġà¤ķ|à¥Ģ|Ġà¤¸|à¥ģà¤µ|à¤¿à¤§|à¤¾|Ġà¤®|à¤¿à¤²à¤¤|à¥Ģ|Ġà¤¹|à¥Īà¥¤,इंटरन|||और|वर|ल|ड|वा|ड|वेब|के|उपयोग|से|शिक|षा|्थि|यों|को|हर|वक|त|जानका|ी|प्रा|्त|करने|की|सुविधा|मिलत||है।,"{""42"": ""इंटरन|||और|वर|ल|ड|वा|ड|वेब|के|उपयोग|से|शिक|षा|्थि|यों|को|हर|वक|त|जानका|ी|प्रा|्त|करने|की|सुविधा|मिलत||है।"", ""43"": ""|ंटरन|||और|वर|ल|ड|वा|ड|वेब|के|उपय|ग|से|शिक|षा|्थि|यों|को|हर|वक|त|जानका|ी|प्रा|्त|करने|की|सुविधा|मिलत||है।"", ""44"": ""इंटरन|||और|वर|ल्ड|वा|ड|वेब|के|उपय|ग|से|शिक|षा|्थियों|को|हर|वक|त|जानका|ी|प्रा|्त|करने|की|सुवि|धा|मिलत||है।"", ""45"": ""इ||टरन|||और|वर|ल्ड|वा|ड|वेब|के|उपयोग|से|शिक|षा|्थि|यों|को|हर|वक्त|जानका|ी|प्रा|्त|करने|की|सुविधा|मिलत||है।"", ""46"": ""इंटरन|||और|वर|ल|ड|वा|ड|वेब|के|उपय|ग|से|शिक|षा|्थियों|को|हर|वक|त|जानका|ी|प्रा|्त|करने|की|सुविधा|मिलत||है।""}"
hi,इंटरनेट की अलग-अलग विशेषताएँ उपयोग और संतुष्टि के दृष्टिकोण के संदर्भ में अतिरिक्त आयामों की ओर ले जाती हैं.,1,1,5,5,True,à¤ĩ|à¤Ĥà¤Łà¤°à¤¨|à¥ĩà¤Ł|Ġà¤ķ|à¥Ģ|Ġà¤ħà¤²à¤Ĺ|-à¤ħà¤²à¤Ĺ|Ġà¤µ|à¤¿à¤¶|à¥ĩà¤·à¤¤|à¤¾à¤ı|à¤ģ|Ġà¤īà¤ªà¤¯|à¥ĭà¤Ĺ|Ġà¤Ķà¤°|Ġà¤¸|à¤Ĥà¤¤|à¥ģà¤·|à¥įà¤Ł|à¤¿|Ġà¤ķ|à¥ĩ|Ġà¤¦|à¥ĥà¤·|à¥įà¤Ł|à¤¿à¤ķ|à¥ĭà¤£|Ġà¤ķ|à¥ĩ|Ġà¤¸|à¤Ĥà¤¦à¤°|à¥įà¤Ń|Ġà¤®|à¥ĩà¤Ĥ|Ġà¤ħà¤¤|à¤¿à¤°|à¤¿à¤ķ|à¥įà¤¤|Ġà¤Ĩà¤¯|à¤¾à¤®|à¥ĭà¤Ĥ|Ġà¤ķ|à¥Ģ|Ġà¤ĵà¤°|Ġà¤²|à¥ĩ|Ġà¤ľ|à¤¾à¤¤|à¥Ģ|Ġà¤¹|à¥Īà¤Ĥ.,इ|ंटरन|||की|अलग-|अलग|विश|षता|ँ|उपय|ग|और|संत|ष|टि||के|दृष|टि|क|ण|के|संदर|भ|में|अतिरिक|त|आया|ों|की|ओर|ले|जा|ी|हैं.,"{""42"": ""इ|ंटरन|||की|अलग-|अलग|विश|षता|ँ|उपय|ग|और|संत|ष|टि||के|दृष|टि|क|ण|के|संदर|भ|में|अतिरिक|त|आया|ों|की|ओर|ले|जा|ी|हैं."", ""43"": ""इ|ंटरन|||की|अलग-|अलग|विश|षता|ँ|उपय|ग|और|संत|ष|टि||के|दृष|टि|क|ण|के|संद||भ|में|अतिरिक|त|आया|ों|की|ओर|ले|जा|ी|हैं."", ""44"": ""इंटरने||की|अलग-|अलग|विश|षता|ँ|उपयोग|और|संत|ष|टि||के|दृष्टि|क|ण|के|संदर|भ|में|अतिरिक|त|आया|ों|की|ओर|ले|जाती|हैं."", ""45"": ""इंटरन|||की|अलग-|अलग|विश|षता|ँ|उपय|ग|और|संत|ष|टि|के|दृष|टि|क|ण|के|संदर|भ|में|अतिरिक|त|आया|ों|की|ओर|ले|जाती|हैं."", ""46"": ""|ंटरन|ट|की|अलग-|अलग|विश|षता|ँ|उपय|ग|और|संत|ष|टि|के|दृष|टि|क|ण|के|संदर|भ|में|अतिरि|क|त|आया|ों|की|ओर|ले|जाती|हैं.""}"
hi,इंटरनेट पर यह खोज 'शत्रुतापूर्ण पर्यावरण पाठ्यक्रम' के लिए अक्सर आपको एक स्थानीय कंपनी का पता प्रदान करेगी।,1,1,5,5,True,à¤ĩ|à¤Ĥà¤Łà¤°à¤¨|à¥ĩà¤Ł|Ġà¤ªà¤°|Ġà¤¯à¤¹|Ġà¤ĸ|à¥ĭà¤ľ|Ġ'|à¤¶à¤¤|à¥įà¤°|à¥ģà¤¤|à¤¾à¤ª|à¥Ĥà¤°|à¥įà¤£|Ġà¤ªà¤°|à¥įà¤¯|à¤¾à¤µà¤°à¤£|Ġà¤ª|à¤¾à¤ł|à¥įà¤¯à¤ķ|à¥įà¤°à¤®|'|Ġà¤ķ|à¥ĩ|Ġà¤²|à¤¿à¤ı|Ġà¤ħà¤ķ|à¥įà¤¸à¤°|Ġà¤Ĩà¤ªà¤ķ|à¥ĭ|Ġà¤ıà¤ķ|Ġà¤¸|à¥įà¤¥|à¤¾à¤¨|à¥Ģà¤¯|Ġà¤ķ|à¤Ĥà¤ªà¤¨|à¥Ģ|Ġà¤ķ|à¤¾|Ġà¤ªà¤¤|à¤¾|Ġà¤ª|à¥įà¤°à¤¦|à¤¾à¤¨|Ġà¤ķà¤°|à¥ĩà¤Ĺ|à¥Ģà¥¤,इंटरन|||पर|यह|खोज|'शत्र|ता|ूर|ण|पर|या|रण|पा|्यक|रम'|के|लिए|अक|सर|आपको|एक|स्था|ीय|कंपन||का|पता|प्रदा||करेगी।,"{""42"": ""इंटरन|||पर|यह|खोज|'शत्र|ता|ूर|ण|पर|या|रण|पा|्यक|रम'|के|लिए|अक|सर|आपको|एक|स्था|ीय|कंपन||का|पता|प्रदा||करेगी।"", ""43"": ""इंटरन|||पर|यह|खोज|'शत्र|ता||र|ण|पर|या|रण|पा|्यक|रम'|के|लिए|अक्सर|आपको|एक|स्था|ीय|कंपन||का|पता|प्रदा||करेगी।"", ""44"": ""इंट|न|ट|पर|यह|खोज|'शत्र|ता|ूर|ण|पर|या|रण|पा|्यक|रम'|के|लिए|अक्सर|आपक||एक|स्था|ीय|कंपन||का|पता|प्रदा||करेगी।"", ""45"": ""इ|ंटरन|||पर|यह|खोज|'शत्र|ता|ूर|ण|पर|या|रण|पा|्यक|रम'|के|लिए|अक्सर|आपक||एक|स्था|ीय|कंपन||का|पता|प्रदा||करेगी।"", ""46"": ""इ|ंटरन|||पर|यह|खोज|'शत्र|ता|ूर|ण|पर|या|रण|पा|्यक|रम'|के|लिए|अक|सर|आपको|एक|स्था|ीय|कंपन||का|पता|प्रदा||कर|गी।""}"
hi,"इंटरनेट, लोगों और अंतर-परस्पर संचार, दोनों के तत्वों को मिलाता है.",1,1,5,5,True,"à¤ĩ|à¤Ĥà¤Łà¤°à¤¨|à¥ĩà¤Ł|,|Ġà¤²|à¥ĭà¤Ĺ|à¥ĭà¤Ĥ|Ġà¤Ķà¤°|Ġà¤ħ|à¤Ĥà¤¤à¤°|-|à¤ªà¤°|à¤¸|à¥įà¤ªà¤°|Ġà¤¸|à¤Ĥà¤ļ|à¤¾à¤°|,|Ġà¤¦|à¥ĭà¤¨|à¥ĭà¤Ĥ|Ġà¤ķ|à¥ĩ|Ġà¤¤à¤¤|à¥įà¤µ|à¥ĭà¤Ĥ|Ġà¤ķ|à¥ĭ|Ġà¤®|à¤¿à¤²|à¤¾à¤¤|à¤¾|Ġà¤¹|à¥Ī.","इंटरन||,|लोग|ं|और|अंत|-|परस|पर|संचा|,|दोनों|के|तत|व|ं|को|मिला|ा|है.","{""42"": ""इंटरन||,|लोग|ं|और|अंत|-|परस|पर|संचा|,|दोनों|के|तत|व|ं|को|मिला|ा|है."", ""43"": ""इ|ंटरन||,|ल|गों|और|अंतर-|परस|पर|संचा|,|दोनों|के|तत्व|ं|को|मिला|ा|है."", ""44"": ""इंटरन||,|लोगों|और|अंतर-|परस|पर|संचा|,|दोनों|के|तत|व|ं|को|मिला|ा|है."", ""45"": ""इ|ंटरन||,|लोगों|और|अंतर-|परस|पर|संचा|,|दोनों|के|तत|व|ं|को|मिला|ा|है."", ""46"": ""इंटरने|,|लोगों|और|अंतर-|परस|पर|संचा|,|दोनों|के|तत|वों|को|मिला|ा|है.""}"
hi,"इंटरैक्टिव मीडिया बनाने के लिए औपचारिक और पारंपरिक कौशल की आवश्यकता होती है, साथ ही साथ इंटरैक्टिव कक्षाओं में महारत हासिल किये गये उपकरण (स्टोरीबोर्डिंग, ऑडियो और वीडियो एडिटिंग, स्टोरी टेलिंग, आदि)",1,1,5,5,True,"à¤ĩ|à¤Ĥà¤Łà¤°|à¥Īà¤ķ|à¥įà¤Ł|à¤¿à¤µ|Ġà¤®|à¥Ģà¤¡|à¤¿à¤¯|à¤¾|Ġà¤¬à¤¨|à¤¾à¤¨|à¥ĩ|Ġà¤ķ|à¥ĩ|Ġà¤²|à¤¿à¤ı|Ġà¤Ķà¤ªà¤ļ|à¤¾à¤°|à¤¿à¤ķ|Ġà¤Ķà¤°|Ġà¤ª|à¤¾à¤°|à¤Ĥà¤ªà¤°|à¤¿à¤ķ|Ġà¤ķ|à¥Įà¤¶à¤²|Ġà¤ķ|à¥Ģ|Ġà¤Ĩà¤µà¤¶|à¥įà¤¯à¤ķà¤¤|à¤¾|Ġà¤¹|à¥ĭà¤¤|à¥Ģ|Ġà¤¹|à¥Ī,|Ġà¤¸|à¤¾à¤¥|Ġà¤¹|à¥Ģ|Ġà¤¸|à¤¾à¤¥|Ġà¤ĩ|à¤Ĥà¤Łà¤°|à¥Īà¤ķ|à¥įà¤Ł|à¤¿à¤µ|Ġà¤ķà¤ķ|à¥įà¤·|à¤¾à¤ĵ|à¤Ĥ|Ġà¤®|à¥ĩà¤Ĥ|Ġà¤®à¤¹|à¤¾à¤°à¤¤|Ġà¤¹|à¤¾à¤¸|à¤¿à¤²|Ġà¤ķ|à¤¿à¤¯|à¥ĩ|Ġà¤Ĺà¤¯|à¥ĩ|Ġà¤īà¤ªà¤ķà¤°à¤£|Ġ(|à¤¸|à¥įà¤Ł|à¥ĭà¤°|à¥Ģà¤¬|à¥ĭà¤°|à¥įà¤¡|à¤¿à¤Ĥ|à¤Ĺ|,|Ġà¤ĳà¤¡|à¤¿à¤¯|à¥ĭ|Ġà¤Ķà¤°|Ġà¤µ|à¥Ģà¤¡|à¤¿à¤¯|à¥ĭ|Ġà¤ıà¤¡|à¤¿à¤Ł|à¤¿à¤Ĥ|à¤Ĺ|,|Ġà¤¸|à¥įà¤Ł|à¥ĭà¤°|à¥Ģ|Ġà¤Ł|à¥ĩà¤²|à¤¿à¤Ĥ|à¤Ĺ|,|Ġà¤Ĩà¤¦|à¤¿|)","इ|ंटर|क्टि|व|मीड||या|बना|े|के|लिए|औपचा|ि|क|और|पा|ं|रि|क|कौशल|की|आवश|यकता|होती|है,|सा||ही|सा||इंटर|क्टि|व|कक्षा|ं|में|महा|त|हा|िल|किये|गये|उपकरण|(स्ट|र|ब|र|डि|ं|,|ऑडियो|और|वीडियो|एडिटि|ंग,|स्ट|र||टेलि|ं|,|आदि)","{""42"": ""इ|ंटर|क्टि|व|मीड||या|बना|े|के|लिए|औपचा|ि|क|और|पा|ं|रि|क|कौशल|की|आवश|यकता|होती|है,|सा||ही|सा||इंटर|क्टि|व|कक्षा|ं|में|महा|त|हा|िल|किये|गये|उपकरण|(स्ट|र|ब|र|डि|ं|,|ऑडियो|और|वीडियो|एडिटि|ंग,|स्ट|र||टेलि|ं|,|आदि)"", ""43"": ""इ|ंटर|क|टि|व|मीडि|या|बना|े|के|लिए|औपचा|िक|और|पा|ंपरि|क|कौशल|की|आवश|यकता|होती|है,|सा||ही|सा||इंटर|क|टि|व|कक्षा|ं|में|महा|त|हा|िल|किये|गये|उपकरण|(स्ट|रीब|र|डि|ंग,|ऑडियो|और|वीडि|यो|एडिटि|ंग,|स्ट|र||टेलि|ंग,|आदि)"", ""44"": ""इंटर|क|टि|व|मीड||या|बना|े|के|लिए|औपचा|ि|क|और|पा|ंपरि|क|कौशल|की|आवश|यक|ा|होती|है,|सा||ही|सा||इंटर|क्टि|व|कक्षा|ं|में|महा|त|हा|िल|किये|गये|उपकरण|(स्ट|र|बोर|डि|ंग,|ऑडियो|और|वीडि|यो|एडिटि|ंग,|स्ट|र||टेलिं|,|आदि)"", ""45"": ""इंटर|क|टि|व|मीडि|या|बना|े|के|लिए|औपचा|ि|क|और|पा|ंपरि|क|कौशल|की|आवश|यकता|होती|है,|सा||ही|सा||इंटर|क्टि|व|कक्षा|ं|में|महा|त|हा|िल|किये|गये|उपकरण|(स्ट|रीबोर|डिंग,|ऑडियो|और|वीडि|यो|एडिट||ंग,|स्ट|री|टेलि|ं|,|आदि)"", ""46"": ""इ|ंटर|क्टि|व|मीडि|या|बना|े|के|लिए|औपचा|ि|क|और|पा|ंपरि|क|कौशल|की|आवश|यकता|होती|है,|सा||ही|सा||इंटर|क्टि|व|कक्षा|ं|में|महा|त|हा|िल|किये|गये|उपकरण|(स्ट|र|बोर्डि|ंग,|ऑडियो|और|वीडि|यो|एडिटि|ंग,|स्ट|र||टेलि|ंग,|आदि)""}"
hi,"इज़मिर तुर्की का तीसरा सबसे बड़ा शहर है, जिसकी आबादी लगभग 3.7 मिलियन है, जो इस्तांबुल के बाद दूसरा सबसे बड़ा बंदरगाह है, और एक बहुत अच्छा परिवहन केंद्र है.",1,1,5,5,True,"à¤ĩ|à¤ľ|à¤¼à¤®|à¤¿à¤°|Ġà¤¤|à¥ģà¤°|à¥įà¤ķ|à¥Ģ|Ġà¤ķ|à¤¾|Ġà¤¤|à¥Ģà¤¸à¤°|à¤¾|Ġà¤¸à¤¬à¤¸|à¥ĩ|Ġà¤¬à¤¡|à¤¼à¤¾|Ġà¤¶à¤¹à¤°|Ġà¤¹|à¥Ī,|Ġà¤ľ|à¤¿à¤¸à¤ķ|à¥Ģ|Ġà¤Ĩà¤¬|à¤¾à¤¦|à¥Ģ|Ġà¤²à¤Ĺà¤Ńà¤Ĺ|Ġ|3|.|7|Ġà¤®|à¤¿à¤²|à¤¿à¤¯à¤¨|Ġà¤¹|à¥Ī,|Ġà¤ľ|à¥ĭ|Ġà¤ĩà¤¸|à¥įà¤¤|à¤¾à¤Ĥ|à¤¬|à¥ģà¤²|Ġà¤ķ|à¥ĩ|Ġà¤¬|à¤¾à¤¦|Ġà¤¦|à¥Ĥà¤¸à¤°|à¤¾|Ġà¤¸à¤¬à¤¸|à¥ĩ|Ġà¤¬à¤¡|à¤¼à¤¾|Ġà¤¬|à¤Ĥà¤¦à¤°|à¤Ĺ|à¤¾à¤¹|Ġà¤¹|à¥Ī,|Ġà¤Ķà¤°|Ġà¤ıà¤ķ|Ġà¤¬à¤¹|à¥ģà¤¤|Ġà¤ħà¤ļ|à¥įà¤Ľ|à¤¾|Ġà¤ªà¤°|à¤¿à¤µà¤¹à¤¨|Ġà¤ķ|à¥ĩà¤Ĥ|à¤¦|à¥įà¤°|Ġà¤¹|à¥Ī.","इ|ज़मि|र|तुर|क||का|तीसरा|सबसे|बड़ा|शहर|है,|जिसक||आबा|ी|लगभग|3.7|मिलियन|है,|जो|इस्ता|ब|ल|के|बाद|दूसरा|सबसे|बड़ा|बंदरग|ा||है,|और|एक|बहुत|अच्छा|परिवह||केंद|र|है.","{""42"": ""इ|ज़मि|र|तुर|क||का|तीसरा|सबसे|बड़ा|शहर|है,|जिसक||आबा|ी|लगभग|3.7|मिलियन|है,|जो|इस्ता|ब|ल|के|बाद|दूसरा|सबसे|बड़ा|बंदरग|ा||है,|और|एक|बहुत|अच्छा|परिवह||केंद|र|है."", ""43"": ""इ|ज़मि|र|तुर|क||का|तीसरा|सबसे|बड़ा|शहर|है,|जिसक||आबा|ी|लगभग|3.7|मिलि|यन|है,|जो|इस्ता|बुल|के|बाद|दूसरा|सबसे|बड़ा|बंदरगा||है,|और|एक|बहुत|अच्छा|परिवहन|केंद|र|है."", ""44"": ""इज़मि|र|तुर|क||का|तीसरा|सबसे|बड़ा|शहर|है,|जिसक||आबा|ी|लगभग|3.7|मिलियन|है,|जो|इस्ता|बुल|के|बाद|दूसरा||सबसे|बड़ा|बंदरग|ा||है,|और|एक|बहुत|अच्छा|परिवह||केंद|र|है."", ""45"": ""इज़मि|र|तुर|की|का|तीसरा|सबसे|बड़ा|शहर|है,|जिसक||आबा|ी|लगभग|3.7|मिलि|यन|है,|जो|इस्ता|ब|ल|के|बाद|दूसरा|सबसे|बड़ा|बंदरग|ा||है,|और|एक|बहुत|अच्छा|परिवहन|केंद|र|है."", ""46"": ""इज़मि|र|तुर|क||का|तीसरा|सबसे|बड़ा|शहर|है,|जिसक||आबा|ी|लगभग|3.7|मिलि|यन|है,|जो|इस्ता|बुल|के|बाद|दूसरा|सबसे|बड़ा|बंदरगा||है,|और|एक|बहुत|अच्छा|परिवह||केंद|र|है.""}"
hi,"इटली का मुख्य लक्ष्य अफ्रीकी देश थे. उन देशों पर कब्जा करने के लिए, उन्हें सेना की एक ऐसी टुकड़ी की जरूरत थी, जो कि भूमध्य सागर को पार करे और अफ्रीका पर हमला कर दे.",1,1,5,5,True,"à¤ĩ|à¤Łà¤²|à¥Ģ|Ġà¤ķ|à¤¾|Ġà¤®|à¥ģà¤ĸ|à¥įà¤¯|Ġà¤²à¤ķ|à¥įà¤·|à¥įà¤¯|Ġà¤ħà¤«|à¥įà¤°|à¥Ģà¤ķ|à¥Ģ|Ġà¤¦|à¥ĩà¤¶|Ġà¤¥|à¥ĩ.|Ġà¤īà¤¨|Ġà¤¦|à¥ĩà¤¶|à¥ĭà¤Ĥ|Ġà¤ªà¤°|Ġà¤ķà¤¬|à¥įà¤ľ|à¤¾|Ġà¤ķà¤°à¤¨|à¥ĩ|Ġà¤ķ|à¥ĩ|Ġà¤²|à¤¿à¤ı|,|Ġà¤īà¤¨|à¥įà¤¹|à¥ĩà¤Ĥ|Ġà¤¸|à¥ĩà¤¨|à¤¾|Ġà¤ķ|à¥Ģ|Ġà¤ıà¤ķ|Ġà¤Ĳà¤¸|à¥Ģ|Ġà¤Ł|à¥ģà¤ķà¤¡|à¤¼à¥Ģ|Ġà¤ķ|à¥Ģ|Ġà¤ľà¤°|à¥Ĥà¤°à¤¤|Ġà¤¥|à¥Ģ,|Ġà¤ľ|à¥ĭ|Ġà¤ķ|à¤¿|Ġà¤Ń|à¥Ĥà¤®|à¤§|à¥įà¤¯|Ġà¤¸|à¤¾à¤Ĺà¤°|Ġà¤ķ|à¥ĭ|Ġà¤ª|à¤¾à¤°|Ġà¤ķà¤°|à¥ĩ|Ġà¤Ķà¤°|Ġà¤ħà¤«|à¥įà¤°|à¥Ģà¤ķ|à¤¾|Ġà¤ªà¤°|Ġà¤¹à¤®à¤²|à¤¾|Ġà¤ķà¤°|Ġà¤¦|à¥ĩ.","इटल||का|मुख|य|लक्ष|य|अफ्र|क||देश|थे.|उन|देश|ं|पर|कब्जा|करने|के|लिए,|उन्ह|ं|सेना|की|एक|ऐसी|टुकड़ी|की|जर|रत|थी,|जो|कि|भूमध|य|सागर|को|पा||करे|और|अफ्र|का|पर|हमला|कर|दे.","{""42"": ""इटल||का|मुख|य|लक्ष|य|अफ्र|क||देश|थे.|उन|देश|ं|पर|कब्जा|करने|के|लिए,|उन्ह|ं|सेना|की|एक|ऐसी|टुकड़ी|की|जर|रत|थी,|जो|कि|भूमध|य|सागर|को|पा||करे|और|अफ्र|का|पर|हमला|कर|दे."", ""43"": ""इटल||का|मुख|य|लक्ष|य|अफ्र|क||देश|थे.|उन|देश|ं|पर|कब्जा|करने|के|लिए,|उन्ह|ं|सेना|की|एक|ऐसी|टुकड़||की|जर|रत|थी,|जो|कि|भूमध|य|सागर|को|पा||करे|और|अफ्र|का|पर|हमला|कर|दे."", ""44"": ""इटल||का|मुख|य|लक्ष|य|अफ्र|क||देश|थे.|उन|देशों|पर|कब्जा|करने|के|लिए,|उन्ह|ं|सेना|की|एक|ऐसी|टुकड़ी|की|जर|रत|थी,|जो|कि|भूमध|य|सा|र|को|पा||करे|और|अफ्र|का|पर|हमला|कर|दे."", ""45"": ""इ|टल||का|मुख|य|लक्ष|य|अफ|र|क||देश|थे.|उन|देशों|पर|कब्जा|करने|के|लिए,|उन्ह|ं|सेना|की|एक|ऐसी|टुकड़ी|की|जर|रत|थी,|जो|कि|भूमध|य|सागर|को|पा||करे|और|अफ्र|का|पर|हमला|कर|दे."", ""46"": ""इटल||का|मुख|य|लक्ष|य|अफ्र|क||देश|थे.|उन|देश|ं|पर|कब्जा|करने|के|लिए,|उन्ह|ं|सेना|की|एक|ऐसी|टुकड़||की|जर|रत|थी,|जो|कि|भूमध|य|सा|र|को|पा||करे|और|अफ|र|का|पर|हमला|कर|दे.""}"
hi,"इटली के कई अन्य शहरों और दुनिया के बाकी हिस्सों में, खासकर पोलैंड में, इस तरह के सेटअप बनाए गए थे, जिन्हें बड़ी संख्या में लोगों ने देखा था।",1,1,5,5,True,"à¤ĩ|à¤Łà¤²|à¥Ģ|Ġà¤ķ|à¥ĩ|Ġà¤ķà¤Ī|Ġà¤ħà¤¨|à¥įà¤¯|Ġà¤¶à¤¹à¤°|à¥ĭà¤Ĥ|Ġà¤Ķà¤°|Ġà¤¦|à¥ģà¤¨|à¤¿à¤¯|à¤¾|Ġà¤ķ|à¥ĩ|Ġà¤¬|à¤¾à¤ķ|à¥Ģ|Ġà¤¹|à¤¿à¤¸|à¥įà¤¸|à¥ĭà¤Ĥ|Ġà¤®|à¥ĩà¤Ĥ,|Ġà¤ĸ|à¤¾à¤¸à¤ķà¤°|Ġà¤ª|à¥ĭà¤²|à¥Īà¤Ĥ|à¤¡|Ġà¤®|à¥ĩà¤Ĥ,|Ġà¤ĩà¤¸|Ġà¤¤à¤°à¤¹|Ġà¤ķ|à¥ĩ|Ġà¤¸|à¥ĩà¤Ł|à¤ħà¤ª|Ġà¤¬à¤¨|à¤¾à¤ı|Ġà¤Ĺà¤ı|Ġà¤¥|à¥ĩ,|Ġà¤ľ|à¤¿à¤¨|à¥įà¤¹|à¥ĩà¤Ĥ|Ġà¤¬à¤¡|à¤¼à¥Ģ|Ġà¤¸|à¤Ĥà¤ĸ|à¥įà¤¯|à¤¾|Ġà¤®|à¥ĩà¤Ĥ|Ġà¤²|à¥ĭà¤Ĺ|à¥ĭà¤Ĥ|Ġà¤¨|à¥ĩ|Ġà¤¦|à¥ĩà¤ĸ|à¤¾|Ġà¤¥|à¤¾à¥¤","इटल||के|कई|अन|य|शहर|ं|और|दुनिया|के|बाकी|हिस्स|ं|में,|खा|कर|पोलैंड|में,|इस|तरह|के|सेटअप|बना||गए|थे,|जिन|ह|ं|बड़ी|संख|या|में|लोग|ं|ने|देखा|था।","{""42"": ""इटल||के|कई|अन|य|शहर|ं|और|दुनिया|के|बाकी|हिस्स|ं|में,|खा|कर|पोलैंड|में,|इस|तरह|के|सेटअप|बना||गए|थे,|जिन|ह|ं|बड़ी|संख|या|में|लोग|ं|ने|देखा|था।"", ""43"": ""इटल||के|कई|अन|य|शहरों|और|दुनिया|के|बाकी|हिस्स|ं|में,|खा|कर|पोलैंड|में,|इस|तरह|के|सेटअप|बना||गए|थे,|जिन्ह|ं|बड़||संख|या|में|लोग|ं|ने|देखा|था।"", ""44"": ""इटल||के|कई|अन्य|शहर|ं|और|दुनिया|के|बाकी|हिस्स|ं|में,|खा|कर|पोल|ं||में,|इस|तरह|के|सेटअप|बना||गए|थे,|जिन्ह|ं|बड़ी|संख|या|में|लोगों|ने|देखा|था।"", ""45"": ""इ|टल||के|कई|अन्य|शहर|ं|और|दुनिया|के|बाकी|हिस्स|||में,|खा|कर|पोल|ंड|में,|इस|तरह|के|सेटअप|बना||गए|थे,|जिन्ह|ं|बड़ी|संख्या|में|लोगों|ने|देखा|था।"", ""46"": ""इटल||के|कई|अन्य|शहर|ं|और|दुनिया|के|बाकी|हिस्स|ं|में,|खा|कर|पोल|ंड|में,|इस|तरह|के|सेटअप|बना||गए|थे,|जिन्ह|ं|बड़||संख|या|में|लोगों|ने|देखा|था।""}"
hi,"इटैलियन भी रोज़ाना इस्तेमाल होने वाली भाषा है जिसे राज्य में काम करने वाले अधिकांश लोग उपयोग में लाते हैं, जबकि लेटिन का धार्मिक रस्मों में इस्तेमाल किया जाता है.",1,1,5,5,True,"à¤ĩ|à¤Ł|à¥Īà¤²|à¤¿à¤¯à¤¨|Ġà¤Ń|à¥Ģ|Ġà¤°|à¥ĭà¤ľ|à¤¼à¤¾|à¤¨|à¤¾|Ġà¤ĩà¤¸|à¥įà¤¤|à¥ĩà¤®|à¤¾à¤²|Ġà¤¹|à¥ĭà¤¨|à¥ĩ|Ġà¤µ|à¤¾à¤²|à¥Ģ|Ġà¤Ń|à¤¾à¤·|à¤¾|Ġà¤¹|à¥Ī|Ġà¤ľ|à¤¿à¤¸|à¥ĩ|Ġà¤°|à¤¾à¤ľ|à¥įà¤¯|Ġà¤®|à¥ĩà¤Ĥ|Ġà¤ķ|à¤¾à¤®|Ġà¤ķà¤°à¤¨|à¥ĩ|Ġà¤µ|à¤¾à¤²|à¥ĩ|Ġà¤ħà¤§|à¤¿à¤ķ|à¤¾à¤Ĥ|à¤¶|Ġà¤²|à¥ĭà¤Ĺ|Ġà¤īà¤ªà¤¯|à¥ĭà¤Ĺ|Ġà¤®|à¥ĩà¤Ĥ|Ġà¤²|à¤¾à¤¤|à¥ĩ|Ġà¤¹|à¥Īà¤Ĥ,|Ġà¤ľà¤¬à¤ķ|à¤¿|Ġà¤²|à¥ĩà¤Ł|à¤¿à¤¨|Ġà¤ķ|à¤¾|Ġà¤§|à¤¾à¤°|à¥įà¤®|à¤¿à¤ķ|Ġà¤°à¤¸|à¥įà¤®|à¥ĭà¤Ĥ|Ġà¤®|à¥ĩà¤Ĥ|Ġà¤ĩà¤¸|à¥įà¤¤|à¥ĩà¤®|à¤¾à¤²|Ġà¤ķ|à¤¿à¤¯|à¤¾|Ġà¤ľ|à¤¾à¤¤|à¤¾|Ġà¤¹|à¥Ī.","इट|ल||यन|भी|रोज़ा|ा|इस्त|मा||होने|वा|ी|भाषा|है|जिसे|रा|्य|में|का||करने|वा|े|अधिका|श|लोग|उपयोग|में|ला|े|हैं,|जबकि|लेटि|न|का|धा|्मि|क|रस्म|ं|में|इस्त|मा||किया|जाता|है.","{""42"": ""इट|ल||यन|भी|रोज़ा|ा|इस्त|मा||होने|वा|ी|भाषा|है|जिसे|रा|्य|में|का||करने|वा|े|अधिका|श|लोग|उपयोग|में|ला|े|हैं,|जबकि|लेटि|न|का|धा|्मि|क|रस्म|ं|में|इस्त|मा||किया|जाता|है."", ""43"": ""इ|ट|लि|यन|भी|रोज़ा|ा|इस्त|मा||होने|वा|ी|भाषा|है|जिसे|रा|्य|में|का||करने|वा|े|अधिका|श|लोग|उपय|ग|में|ला|े|हैं,|जबकि|लेटि|न|का|धा|्मि|क|रस्म|ं|में|इस्त|मा||किया|जाता|है."", ""44"": ""इटैलि|यन|भी|रोज़ा|ा|इस्त|मा||होने|वा|ी|भाषा|है|जिसे|रा|्य|में|का||करने|वा|े|अधिका|श|लोग|उपयोग|में|ला|े|हैं,|जबकि|लेटि|न|का|धा|्मि|क|रस्म|ं|में|इस्त|मा||किया|जाता|है."", ""45"": ""इ|टैल||यन|भी|रोज़ा|ा|इस्त|मा||होने|वा|ी|भाषा|है|जिसे|रा|्य|में|का||करने|वा|े|अधिका|श|लोग|उपयोग|में|ला|े|हैं,|जबकि|लेटि|न|का|धा|्मि|क|रस्म|ं|में|इस्त|मा||किया|जाता|है."", ""46"": ""इ|ट|लि|यन|भी|रोज़ा|ा|इस्त|मा||होने|वा|ी|भाषा|है|जिसे|रा|्य|में|का||करने|वा|े|अधिका|श|लोग|उपय|ग|में|ला|े|हैं,|जबकि|लेटि|न|का|धार्मि|क|रस्म|ं|में|इस्त|मा||किया|जाता|है.""}"
hi,"इतना कहने के बाद, साँस में तकलीफ होने की उम्मीद रखें, और खड़े भागों में ध्यान रखें, विशेषकर जब गीले हों, क्योंकि यह जल्दी ही खतरनाक हो सकता है।",1,1,5,5,True,"à¤ĩà¤¤à¤¨|à¤¾|Ġà¤ķà¤¹à¤¨|à¥ĩ|Ġà¤ķ|à¥ĩ|Ġà¤¬|à¤¾à¤¦|,|Ġà¤¸|à¤¾à¤ģ|à¤¸|Ġà¤®|à¥ĩà¤Ĥ|Ġà¤¤à¤ķà¤²|à¥Ģà¤«|Ġà¤¹|à¥ĭà¤¨|à¥ĩ|Ġà¤ķ|à¥Ģ|Ġà¤īà¤®|à¥įà¤®|à¥Ģà¤¦|Ġà¤°à¤ĸ|à¥ĩà¤Ĥ,|Ġà¤Ķà¤°|Ġà¤ĸà¤¡|à¤¼à¥ĩ|Ġà¤Ń|à¤¾à¤Ĺ|à¥ĭà¤Ĥ|Ġà¤®|à¥ĩà¤Ĥ|Ġà¤§|à¥įà¤¯|à¤¾à¤¨|Ġà¤°à¤ĸ|à¥ĩà¤Ĥ,|Ġà¤µ|à¤¿à¤¶|à¥ĩà¤·|à¤ķà¤°|Ġà¤ľà¤¬|Ġà¤Ĺ|à¥Ģà¤²|à¥ĩ|Ġà¤¹|à¥ĭà¤Ĥ,|Ġà¤ķ|à¥įà¤¯|à¥ĭà¤Ĥ|à¤ķ|à¤¿|Ġà¤¯à¤¹|Ġà¤ľà¤²|à¥įà¤¦|à¥Ģ|Ġà¤¹|à¥Ģ|Ġà¤ĸà¤¤à¤°à¤¨|à¤¾à¤ķ|Ġà¤¹|à¥ĭ|Ġà¤¸à¤ķà¤¤|à¤¾|Ġà¤¹|à¥Īà¥¤","इतना|कहने|के|बाद,|सा|स|में|तकल|फ|होने|की|उम्म|द|रखें,|और|खड़||भागों|में|ध्या||रखें,|विश|षकर|जब गील||हों,|क्य|ंकि|यह|जल्द||ही|खतरना||हो|सकता|है।","{""42"": ""इतना|कहने|के|बाद,|सा|स|में|तकल|फ|होने|की|उम्म|द|रखें,|और|खड़||भागों|में|ध्या||रखें,|विश|षकर|जब गील||हों,|क्य|ंकि|यह|जल्द||ही|खतरना||हो|सकता|है।"", ""43"": ""इतना|कहने|के|बाद,|सा|स|में|तकल|फ|होने|की|उम्म|द|रखें,|और|खड़े|भा|ों|में|ध्या||रखें,|विश|षकर|जब गील||हों,|क्यों|||यह|जल्द||ही|खतरना||हो|सकता|है।"", ""44"": ""इतना|कहने|के|बाद,|सा|स|में|तकल|फ|होने|की|उम्म|द|रखें,|और|खड़े|भागों|में|ध्या||रखें,|विश|षकर|जब गील||हों,|क्योंकि|यह|जल्द||ही|खतरना||हो|सकता|है।"", ""45"": ""इतना|कहने|के|बाद,|सा|स|में|तकलीफ|होने|की|उम्म|द|रखें,|और|खड़||भागों|में|ध्या||रखें,|विश|षकर|जब गील||हों,|क्य|ंकि|यह|जल्द||ही|खतरना||हो|सकता|है।"", ""46"": ""इतना|कहने|के|बाद,|सा|स|में|तकल|||होने|की|उम्म|द|रखें,|और|खड़े|भा|ों|में|ध्या||रखें,|विश|षकर|जब गील||हों,|क्य|ंक|||यह|जल्द||ही|खतरना||हो|सकता|है।""}"
hi,"इतना ही नहीं, टॉप जज एवेंजेलोस कालूसिस को गिरफ़्तार कर लिया गया क्योंकि उन्हें भ्रष्टाचार और दुर्व्यहार के लिए दोषी पाया गया था.",1,1,5,5,True,"à¤ĩà¤¤à¤¨|à¤¾|Ġà¤¹|à¥Ģ|Ġà¤¨à¤¹|à¥Ģà¤Ĥ,|Ġà¤Ł|à¥īà¤ª|Ġà¤ľà¤ľ|Ġà¤ıà¤µ|à¥ĩà¤Ĥ|à¤ľ|à¥ĩà¤²|à¥ĭà¤¸|Ġà¤ķ|à¤¾à¤²|à¥Ĥà¤¸|à¤¿à¤¸|Ġà¤ķ|à¥ĭ|Ġà¤Ĺ|à¤¿à¤°à¤«|à¤¼à¥į|à¤¤|à¤¾à¤°|Ġà¤ķà¤°|Ġà¤²|à¤¿à¤¯|à¤¾|Ġà¤Ĺà¤¯|à¤¾|Ġà¤ķ|à¥įà¤¯|à¥ĭà¤Ĥ|à¤ķ|à¤¿|Ġà¤īà¤¨|à¥įà¤¹|à¥ĩà¤Ĥ|Ġà¤Ń|à¥įà¤°à¤·|à¥įà¤Ł|à¤¾à¤ļ|à¤¾à¤°|Ġà¤Ķà¤°|Ġà¤¦|à¥ģà¤°|à¥įà¤µ|à¥įà¤¯|à¤¹|à¤¾à¤°|Ġà¤ķ|à¥ĩ|Ġà¤²|à¤¿à¤ı|Ġà¤¦|à¥ĭà¤·|à¥Ģ|Ġà¤ª|à¤¾à¤¯|à¤¾|Ġà¤Ĺà¤¯|à¤¾|Ġà¤¥|à¤¾.","इ|तना|ही|नहीं,|ट|प|जज|एवेंज|ल|स|का|ूसि|स|को|गिरफ़्ता||कर|लिया|गया|क्य|ंकि|उन्ह|ं|भ्रष्टा|ा||और|दुर|व्यह|||के|लिए|दोषी|पा|ा|गया|था.","{""42"": ""इ|तना|ही|नहीं,|ट|प|जज|एवेंज|ल|स|का|ूसि|स|को|गिरफ़्ता||कर|लिया|गया|क्य|ंकि|उन्ह|ं|भ्रष्टा|ा||और|दुर|व्यह|||के|लिए|दोषी|पा|ा|गया|था."", ""43"": ""इ||ना|ही|नहीं,|टॉप|जज|एवेंज|ल|स|का|ूसि|स|को|गिरफ़|ता||कर|लिया|गया|क्योंक|||उन्ह|ं|भ्रष|टा|ा||और|दुर|व|यहा||के|लिए|दोषी|पा|ा|गया|था."", ""44"": ""इतन||ही|नहीं,|टॉप|जज|एव|ंजेल|स|का|ूसि|स|को|गिरफ़्ता||कर|लिया|गया|क्य|ंक||उन्ह|ं|भ्रष|टा|ा||और|दुर|व|यहा||के|लिए|दोषी|पा|ा|गया|था."", ""45"": ""इतना|ही|नहीं,|टॉप|जज|एवेंज|ल|स|का|ूसि|स|को|गिरफ़्ता||कर|लिया|गया|क्य|ं|ि||उन्ह|ं|भ्रष|टा|ा||और|दुर|व|यह|||के|लिए|दोषी|पा|ा|गया|था."", ""46"": ""इतन||ही|नहीं,|टॉप|जज|एवेंज|ल|स|का|ूसि|स|को|गिरफ़|ता||कर|लिया|गया|क्य|ंक|||उन्ह|ं|भ्रष|टा|ा||और|दुर|व्यहा||के|लिए|दोषी|पा|ा|गया|था.""}"
hi,इतालवी भाषा में उच्चारण करना तुलनात्मक रूप से आसान है क्योंकि ज़्यादातर शब्दों का उच्चारण वैसे ही किया जाता है जैसे उन्हें लिखा जाता है,1,1,5,5,True,à¤ĩ|à¤¤|à¤¾à¤²à¤µ|à¥Ģ|Ġà¤Ń|à¤¾à¤·|à¤¾|Ġà¤®|à¥ĩà¤Ĥ|Ġà¤īà¤ļ|à¥įà¤ļ|à¤¾à¤°à¤£|Ġà¤ķà¤°à¤¨|à¤¾|Ġà¤¤|à¥ģà¤²à¤¨|à¤¾à¤¤|à¥įà¤®à¤ķ|Ġà¤°|à¥Ĥà¤ª|Ġà¤¸|à¥ĩ|Ġà¤Ĩà¤¸|à¤¾à¤¨|Ġà¤¹|à¥Ī|Ġà¤ķ|à¥įà¤¯|à¥ĭà¤Ĥ|à¤ķ|à¤¿|Ġà¤ľ|à¤¼à¥į|à¤¯|à¤¾à¤¦|à¤¾à¤¤à¤°|Ġà¤¶à¤¬|à¥įà¤¦|à¥ĭà¤Ĥ|Ġà¤ķ|à¤¾|Ġà¤īà¤ļ|à¥įà¤ļ|à¤¾à¤°à¤£|Ġà¤µ|à¥Īà¤¸|à¥ĩ|Ġà¤¹|à¥Ģ|Ġà¤ķ|à¤¿à¤¯|à¤¾|Ġà¤ľ|à¤¾à¤¤|à¤¾|Ġà¤¹|à¥Ī|Ġà¤ľ|à¥Īà¤¸|à¥ĩ|Ġà¤īà¤¨|à¥įà¤¹|à¥ĩà¤Ĥ|Ġà¤²|à¤¿à¤ĸ|à¤¾|Ġà¤ľ|à¤¾à¤¤|à¤¾|Ġà¤¹|à¥Ī,इ|ता|व||भा|ा|में|उच्चा|ण|करना|तुलना|्मक|रूप|से|आसा||है|क्य|ंकि|ज़्या|ा|र|शब्द|ं|का|उच्चा|ण|वैसे|ही|किया|जाता|है|जैसे|उन्ह|ं|लिखा|जाता|है,"{""42"": ""इ|ता|व||भा|ा|में|उच्चा|ण|करना|तुलना|्मक|रूप|से|आसा||है|क्य|ंकि|ज़्या|ा|र|शब्द|ं|का|उच्चा|ण|वैसे|ही|किया|जाता|है|जैसे|उन्ह|ं|लिखा|जाता|है"", ""43"": ""इता|व||भा|ा|में|उच्चा|ण|करना|तुलना|्मक|रूप|से|आसा||है|क्योंकि|ज़्या|ा|र|शब्द|ं|का|उच्चा|ण|वैस||ही|किया|जाता|है|जैसे|उन्ह|ं|लिखा|जाता|है"", ""44"": ""इ|ता|व||भा|ा|में|उच्चा|ण|करना|तुलन||्मक|रूप|से|आसा||है|क्योंकि||ज़्या|ा|र|शब्द|ं|का|उच्चा|ण|वैसे|ही|किया|जाता|है|जैसे|उन्ह|ं|लिखा|जाता|है"", ""45"": ""इ|ता|व||भाषा|में|उच्चा|ण|करना|तुलना|्मक|रूप|से|आसा||है|क्य|ंकि||ज़्या|ा|र|शब्द|ं|का|उच्चा|ण|वैस||ही|किया|जाता|है|जैसे|उन्ह|ं|लिखा|जाता|है"", ""46"": ""इ|ता|व||भा|ा|में|उच्चा|ण|करना|तुलना|्मक|रूप|से|आसा||है|क्य|ंकि|ज़्या|ा|र|शब|द|ं|का|उच्चा|ण|वैस||ही|किया|जाता|है|जैसे|उन्ह|ं|लिखा|जाता|है""}"
hi,"इतिहासकारों ने उन मामलों पर संसाधनों को केंद्रित करने के लिए एफबीआई की पिछली नीतियों की आलोचना की है जो एजेंसी की सफलता की दर को बढ़ाने के इरादे से हल करना आसान है,विशेष रूप से कार चोरी के मामलेा।",1,1,5,5,True,"à¤ĩ|à¤¤|à¤¿à¤¹|à¤¾à¤¸à¤ķ|à¤¾à¤°|à¥ĭà¤Ĥ|Ġà¤¨|à¥ĩ|Ġà¤īà¤¨|Ġà¤®|à¤¾à¤®à¤²|à¥ĭà¤Ĥ|Ġà¤ªà¤°|Ġà¤¸|à¤Ĥà¤¸|à¤¾à¤§à¤¨|à¥ĭà¤Ĥ|Ġà¤ķ|à¥ĭ|Ġà¤ķ|à¥ĩà¤Ĥ|à¤¦|à¥įà¤°|à¤¿à¤¤|Ġà¤ķà¤°à¤¨|à¥ĩ|Ġà¤ķ|à¥ĩ|Ġà¤²|à¤¿à¤ı|Ġà¤ıà¤«|à¤¬|à¥Ģà¤Ĩà¤Ī|Ġà¤ķ|à¥Ģ|Ġà¤ª|à¤¿à¤Ľà¤²|à¥Ģ|Ġà¤¨|à¥Ģà¤¤|à¤¿à¤¯|à¥ĭà¤Ĥ|Ġà¤ķ|à¥Ģ|Ġà¤Ĩà¤²|à¥ĭà¤ļà¤¨|à¤¾|Ġà¤ķ|à¥Ģ|Ġà¤¹|à¥Ī|Ġà¤ľ|à¥ĭ|Ġà¤ıà¤ľ|à¥ĩà¤Ĥ|à¤¸|à¥Ģ|Ġà¤ķ|à¥Ģ|Ġà¤¸à¤«à¤²à¤¤|à¤¾|Ġà¤ķ|à¥Ģ|Ġà¤¦à¤°|Ġà¤ķ|à¥ĭ|Ġà¤¬à¤¢|à¤¼à¤¾|à¤¨|à¥ĩ|Ġà¤ķ|à¥ĩ|Ġà¤ĩà¤°|à¤¾à¤¦|à¥ĩ|Ġà¤¸|à¥ĩ|Ġà¤¹à¤²|Ġà¤ķà¤°à¤¨|à¤¾|Ġà¤Ĩà¤¸|à¤¾à¤¨|Ġà¤¹|à¥Ī,|à¤µ|à¤¿à¤¶|à¥ĩà¤·|Ġà¤°|à¥Ĥà¤ª|Ġà¤¸|à¥ĩ|Ġà¤ķ|à¤¾à¤°|Ġà¤ļ|à¥ĭà¤°|à¥Ģ|Ġà¤ķ|à¥ĩ|Ġà¤®|à¤¾à¤®à¤²|à¥ĩ|à¤¾à¥¤","इति|हा|का|ों|ने|उन|मा|लों|पर|संसा|नों|को|केंद|रि|त|करने|के|लिए|एफब|आई|की|पिछल||नीत|यों|की|आलोचना|की|है|जो|एजेंस||की|सफलता|की|दर|को|बढ़ा|े|के|इरा|े|से|हल|करना|आसा||है,|िश|ष|रूप|से|का||चोरी|के|मा|लेा।","{""42"": ""इति|हा|का|ों|ने|उन|मा|लों|पर|संसा|नों|को|केंद|रि|त|करने|के|लिए|एफब|आई|की|पिछल||नीत|यों|की|आलोचना|की|है|जो|एजेंस||की|सफलता|की|दर|को|बढ़ा|े|के|इरा|े|से|हल|करना|आसा||है,|िश|ष|रूप|से|का||चोरी|के|मा|लेा।"", ""43"": ""इति|हा|क||ों|ने|उन|मा|लों|पर|संसा|न|ं|को|केंद|रि|त|करने|के|लिए|एफब|आई|की|पिछली|नीतियों|की|आलोचना|की|है|जो|एज|ंसी|की|सफलता|की|दर|को|बढ़ा|े|के|इरा|े|से|हल|करना|आसा||है,|िश|ष|रूप|से|का||चोर||के|मा|लेा।"", ""44"": ""इति|हा|का|ों|ने|उन|मा|लों|पर|संसा|न|||को|केंद|रि|त|करने|के|लिए|एफब|आई|की|पिछल||नीतिय|ं|की|आलोचना|की|है|जो|एजेंसी|की|सफलता|की|दर|को|बढ़ा|े|के|इरा|े|से|हल|करना|आसा||है,|िश|ष|रूप|से|का||चोर||के|मा|लेा।"", ""45"": ""इति|हा|का|ों|ने|उन|मा|लों|पर|संसा|नों|को|केंद|रि|त|करने|के|लिए|एफब|आ||की|पिछली|नीतियों|की|आलोचना|की|है|जो|एजेंस||की|सफलता|की|दर|को|बढ़ा|े|के|इरा|े|से|हल|करना|आसा||है,|िश|ष|रूप|से|का||चोरी|के|मा|लेा।"", ""46"": ""इति|हा|का|ों|ने|उन|मा|लों|पर|संसा|न|ं|को|केंद|रि|त|करने|के|लिए|एफबीआई|की|पिछली|नीतियों|की|आलोचना|की|है|जो|एजेंस||की|सफलत||की|दर|को|बढ़ा|े|के|इरा|े|से|हल|करना|आसा||है,|िश|ष|रूप|से|का||चोरी|के|मा|लेा।""}"
hi,"इन आरोपों के बावजूद, मा ने चीनी महाद्वीप के साथ घनिष्ठ संबंधों की वकालत करते हुए एक मंच पर जीत हासिल की.",1,1,5,5,True,"à¤ĩà¤¨|Ġà¤Ĩà¤°|à¥ĭà¤ª|à¥ĭà¤Ĥ|Ġà¤ķ|à¥ĩ|Ġà¤¬|à¤¾à¤µà¤ľ|à¥Ĥà¤¦|,|Ġà¤®|à¤¾|Ġà¤¨|à¥ĩ|Ġà¤ļ|à¥Ģà¤¨|à¥Ģ|Ġà¤®à¤¹|à¤¾à¤¦|à¥įà¤µ|à¥Ģà¤ª|Ġà¤ķ|à¥ĩ|Ġà¤¸|à¤¾à¤¥|Ġà¤ĺà¤¨|à¤¿à¤·|à¥įà¤ł|Ġà¤¸|à¤Ĥà¤¬|à¤Ĥà¤§|à¥ĭà¤Ĥ|Ġà¤ķ|à¥Ģ|Ġà¤µà¤ķ|à¤¾à¤²à¤¤|Ġà¤ķà¤°à¤¤|à¥ĩ|Ġà¤¹|à¥ģà¤ı|Ġà¤ıà¤ķ|Ġà¤®|à¤Ĥà¤ļ|Ġà¤ªà¤°|Ġà¤ľ|à¥Ģà¤¤|Ġà¤¹|à¤¾à¤¸|à¤¿à¤²|Ġà¤ķ|à¥Ģ.","इन|आर|प|ं|के|बावज|द,|मा|ने|चीनी|महा|्वीप|के|साथ|घनिष|ठ|संबंध|ं|की|वका|त|करते|हुए|एक|मंच|पर|जीत|हा|िल|की.","{""42"": ""इन|आर|प|ं|के|बावज|द,|मा|ने|चीनी|महा|्वीप|के|साथ|घनिष|ठ|संबंध|ं|की|वका|त|करते|हुए|एक|मंच|पर|जीत|हा|िल|की."", ""43"": ""इ|न|आर|पों|के|बावज|द,|मा|ने|चीन||महा|्व|प|के|साथ|घनिष|ठ|संबंध|ं|की|वका|त|करते|हुए|एक|मंच|पर|जीत|हा|िल|की."", ""44"": ""इ|न|आर|प|ं|के|बावज|द,|मा|ने|चीनी|महा|्व|प|के|साथ|घनिष|ठ|संबंध|ं|की|वका|त|करते|हुए|एक|मंच|पर|जीत|हा|िल|की."", ""45"": ""इ|न|आर|पों|के|बावज|द,|मा|ने|चीनी|महा|्व|प|के|साथ|घनिष|ठ|संबंध|ं|की|वका|त|करते|हुए|एक|मंच|पर|जीत|हा|िल|की."", ""46"": ""इन|आर|प|ं|के|बावज|द,|मा|ने|चीनी|महा|्व|प|के|साथ|घनि|ष|ठ|संबंध|ं|की|वका|त|करते|हुए|एक|मंच|पर|जीत|हा|िल|की.""}"
