language,text,count,bpe_unique_signatures,fxt_unique_signatures,fxt_seed_signature_count,has_fxt_seed_variation,most_common_bpe,most_common_fxt,seed_signatures
te,"""""""""""""""అతను [వేల్స్] ప్రాథమికంగా మాకు మొదటి నుండి అబద్ధం. మొదటిది, చట్టపరమైన కారణాల వల్ల ఇది జరిగిందని నటించడం ద్వారా. రెండవది, ఆయన మన మాట వి౦టు౦డడ౦, ఆయన తన కళను డిలీట్ చేసే౦త వరకు ఆయన మనమాట వి౦టు౦డడ౦ ద్వారా.""""""",1,1,5,5,True,"""|""|""|""|""|""|""|à°ħà°¤à°¨|à±ģ|Ġ[|à°µ|à±ĩà°²|à±įà°¸|à±į|]|Ġà°ª|à±įà°°|à°¾à°¥à°®|à°¿à°ķ|à°Ĥà°Ĺ|à°¾|Ġà°®|à°¾à°ķ|à±ģ|Ġà°®|à±Ĭà°¦à°Ł|à°¿|Ġà°¨|à±ģà°Ĥ|à°¡|à°¿|Ġà°ħà°¬à°¦|à±įà°§|à°Ĥ.|Ġà°®|à±Ĭà°¦à°Ł|à°¿à°¦|à°¿,|Ġà°ļà°Ł|à±įà°Ł|à°ªà°°à°®|à±Īà°¨|Ġà°ķ|à°¾à°°à°£|à°¾à°²|Ġà°µà°²|à±įà°²|Ġà°ĩà°¦|à°¿|Ġà°ľà°°|à°¿à°Ĺ|à°¿à°Ĥ|à°¦à°¨|à°¿|Ġà°¨à°Ł|à°¿à°Ĥ|à°ļà°¡|à°Ĥ|Ġà°¦|à±įà°µ|à°¾à°°|à°¾.|Ġà°°|à±Ĩà°Ĥ|à°¡à°µ|à°¦|à°¿,|Ġà°Ĩà°¯à°¨|Ġà°®à°¨|Ġà°®|à°¾à°Ł|Ġà°µ|à°¿|à±¦|à°Ł|à±ģ|à±¦|à°¡à°¡|à±¦|,|Ġà°Ĩà°¯à°¨|Ġà°¤à°¨|Ġà°ķà°³|à°¨|à±ģ|Ġà°¡|à°¿à°²|à±Ģà°Ł|à±į|Ġà°ļ|à±ĩà°¸|à±ĩ|à±¦|à°¤|Ġà°µà°°à°ķ|à±ģ|Ġà°Ĩà°¯à°¨|Ġà°®à°¨à°®|à°¾à°Ł|Ġà°µ|à°¿|à±¦|à°Ł|à±ģ|à±¦|à°¡à°¡|à±¦|Ġà°¦|à±įà°µ|à°¾à°°|à°¾.|""|""|""","""|""|""|""|""|""|""|అతన||[వేల్స్]|ప్రాథమి|కంగ|ా|మాక||మొదటి||నుండి|అబద|ధం.|మొదటి|ది,|చట్టపరమ|న|కారణాల|వల్ల|ఇది|జరిగి|ందని||నటించడం|ద్వా|ా.|రెండవది|,|ఆయన|మన|మాట|వి౦ట||డడ|,|ఆయన|తన|కళన||డిల|ట్|చేసే|త|వరక||ఆయన|మనమాట|వి౦ట||డడ||ద్వా|ా.""""|""","{""42"": ""\""|\""|\""|\""|\""|\""|\""|అతన||[వేల్స్]|ప్రాథమి|కంగ|ా|మాక||మొదటి||నుండి|అబద|ధం.|మొదటి|ది,|చట్టపరమ|న|కారణాల|వల్ల|ఇది|జరిగి|ందని||నటించడం|ద్వా|ా.|రెండవది|,|ఆయన|మన|మాట|వి౦ట||డడ|,|ఆయన|తన|కళన||డిల|ట్|చేసే|త|వరక||ఆయన|మనమాట|వి౦ట||డడ||ద్వా|ా.\""\""|\"""", ""43"": ""\""|\""|\""|\""|\""|\""|\""|అతన||[|వేల|స్]|ప్రా|మి|కంగా|మాక||మొదటి||నుండి|అబద|ధం.|మొదటి|ది,|చట్టపరమ|న|కారణాల|వల్ల|ఇది|జరిగి|ందని||నటించడం|ద్వారా.|రెండవది|,|ఆయన|మన|మాట|వి౦ట||డడ|,|ఆయన|తన|కళన||డిల|ట్|చేసే|త|వరక||ఆయన|మనమాట|వి౦ట||డడ||ద్వా|ా.\""\""|\"""", ""44"": ""\""|\""|\""\""|\""|\""|\""|అతన||[వేల|స|]|ప్రా|మి|కంగా|మాక||మొదటి||నుండి|అబద|ధం.|మొదటి|ది,|చట్టపరమ|న|కారణా||వల్ల|ఇది|జరిగి|ందని||నటించడం|ద్వా|ా.|రెండవది|,|ఆయన|మన|మాట|వి౦ట||డడ|,|ఆయన|తన|కళన||డిల|ట్|చేసే|త|వరక||ఆయన|మనమా||వి౦ట||డడ||ద్వా|ా.\""\""|\"""", ""45"": ""\""|\""|\""|\""|\""|\""|\""|అతన||[వేల|స్]|ప్రా|మి|కంగా|మాక||మొదటి||నుండి||అబద|ధం.|మొదటి|ది|,|చట్టపరమ|న|కారణాల|వల్ల|ఇది|జరిగి|ందని||నటించడం|ద్వా|ా.|రెండవది|,|ఆయన|మన|మాట|వి౦ట||డడ|,|ఆయన|తన|కళన||డిల|ట్|చేసే|త|వరక||ఆయన|మనమా||వి౦ట||డడ||ద్వా|ా.\""\""|\"""", ""46"": ""\""|\""|\""|\""|\""|\""|\""|అతన||[వేల|స్]|ప్రా|మి|కంగా|మాక||మొదటి||నుండి|అబద|ధం.|మొదటి|ది,|చట్టపరమ|న|కారణాల|వల్ల|ఇది|జరిగి|ందని||నటించడం|ద్వా|ా.|రెండవది|,|ఆయన|మన|మాట|వి౦ట||డడ|,|ఆయన|తన|కళన||డిల|ట్|చేసే|త|వరక||ఆయన|మనమా||వి౦ట||డడ||ద్వా|ా.\""\""\""""}"
te,"""""""""""""""అది వాణిజ్యపరంగా మారితే, మనం దానిని కలిగి ఉండాలి. అంటే అణుశక్తివిషయంలో ఎలాంటి సూత్రప్రాయమైన అభ్యంతరం లేదు'' అని మిస్టర్ కోస్టెల్లో తెలిపారు.""""""",1,1,5,5,True,"""|""|""|""|""|""|""|à°ħà°¦|à°¿|Ġà°µ|à°¾à°£|à°¿à°ľ|à±įà°¯à°ªà°°|à°Ĥà°Ĺ|à°¾|Ġà°®|à°¾à°°|à°¿à°¤|à±ĩ,|Ġà°®à°¨|à°Ĥ|Ġà°¦|à°¾à°¨|à°¿à°¨|à°¿|Ġà°ķà°²|à°¿à°Ĺ|à°¿|Ġà°ī|à°Ĥà°¡|à°¾à°²|à°¿.|Ġà°ħ|à°Ĥà°Ł|à±ĩ|Ġà°ħà°£|à±ģà°¶|à°ķ|à±įà°¤|à°¿à°µ|à°¿à°·à°¯|à°Ĥà°²|à±ĭ|Ġà°İà°²|à°¾à°Ĥ|à°Ł|à°¿|Ġà°¸|à±Ĥà°¤|à±įà°°à°ª|à±įà°°|à°¾à°¯à°®|à±Īà°¨|Ġà°ħà°Ń|à±įà°¯|à°Ĥà°¤à°°|à°Ĥ|Ġà°²|à±ĩà°¦|à±ģ|''|Ġà°ħà°¨|à°¿|Ġà°®|à°¿à°¸|à±įà°Łà°°|à±į|Ġà°ķ|à±ĭà°¸|à±įà°Ł|à±Ĩà°²|à±įà°²|à±ĭ|Ġà°¤|à±Ĩà°²|à°¿à°ª|à°¾à°°|à±ģ.|""|""|""","""|""|""|""|""|""|""|అది|వాణి|జ|యపరంగ|ా|మారి|త|,|మనం|దాని|ని|కలిగి||ఉండాలి|.|అంట||అణ|శక|తివి|షయంల||ఎలాంటి||సూత|రప|రా|మ|న|అభ|యంతరం|లేదు''||అని|మిస్టర||కోస|ట|ల|ల||తెలిపా||.""""|""","{""42"": ""\""|\""|\""|\""|\""|\""|\""|అది|వాణి|జ|యపరంగ|ా|మారి|త|,|మనం|దాని|ని|కలిగి||ఉండాలి|.|అంట||అణ|శక|తివి|షయంల||ఎలాంటి||సూత|రప|రా|మ|న|అభ|యంతరం|లేదు''||అని|మిస్టర||కోస|ట|ల|ల||తెలిపా||.\""\""|\"""", ""43"": ""\""|\""|\""|\""|\""|\""|\""|అది|వాణి|జ|యపరంగ|ా|మారి|త|,|మనం|దాని|ని|కలిగి||ఉండా|ి|.|అంటే|అణ|శక|తి|వి|షయంల||ఎలాంటి||సూత|రప|రా|మ|న|అభ|యంతరం|లేద|''||అని|మిస్టర||కోస|ట|ల|ల||తెలిపార|.\""\""|\"""", ""44"": ""\""|\""|\""|\""|\""|\""|\""|అది|వాణి|జ|యపరంగ|ా|మారి|త|,|మనం|దాని|ని|కలిగి||ఉండా|ి|.|అంట||అణ|శక|తివి|షయంల||ఎలా|టి||సూత|రప|రా|మ|న|అభ|యంతరం|లేద|''||అని|మిస|టర||కోస|ట|ల|ల||తెలిపా||.\""\""|\"""", ""45"": ""\""|\""|\""|\""|\""|\""|\""|అది|వాణి|జ|యపరంగ|ా|మారి|త|,|మనం|దాని|ని|కలిగి||ఉండాలి|.|అంట||అణ|శక|తివి|షయంల||ఎలాంటి||సూత|రప|రా|మ|న|అభ|యంతరం|లేద|''||అని|మిస్టర||కోస|ట|ల|ల||తెలిపా||.\""\""\"""", ""46"": ""\""|\""|\""|\""|\""|\""|\""|అది|వాణి|జ|యపరంగ|ా|మారి|త|,|మనం|దాని|ని|కలిగి||ఉండాలి|.|అంట||అణ|శక|తివి|షయంల||ఎలాంటి||సూత|రప|రా|మ|న|అభ|యంతరం|లేద|''||అని|మిస|టర||కోస్టెల|లో|తెలిపార|.\""\""|\""""}"
te,"""""""""""""""ఇప్పుడు మావద్ద 4 నెలల వయస్సు గల ఎలుకలు ఉన్నాయి, అవి మధుమేహం లేనివి, అవి మధుమేహవ్యాధిగా ఉన్నాయి,"""""""" అని ఆయన అన్నారు.""""""",1,1,5,5,True,"""|""|""|""|""|""|""|à°ĩà°ª|à±įà°ª|à±ģà°¡|à±ģ|Ġà°®|à°¾à°µ|à°¦|à±įà°¦|Ġ|4|Ġà°¨|à±Ĩà°²à°²|Ġà°µà°¯à°¸|à±įà°¸|à±ģ|Ġà°Ĺà°²|Ġà°İà°²|à±ģà°ķà°²|à±ģ|Ġà°īà°¨|à±įà°¨|à°¾à°¯|à°¿,|Ġà°ħà°µ|à°¿|Ġà°®à°§|à±ģà°®|à±ĩà°¹|à°Ĥ|Ġà°²|à±ĩà°¨|à°¿à°µ|à°¿,|Ġà°ħà°µ|à°¿|Ġà°®à°§|à±ģà°®|à±ĩà°¹|à°µ|à±įà°¯|à°¾à°§|à°¿à°Ĺ|à°¾|Ġà°īà°¨|à±įà°¨|à°¾à°¯|à°¿,|""|""|""|""|Ġà°ħà°¨|à°¿|Ġà°Ĩà°¯à°¨|Ġà°ħà°¨|à±įà°¨|à°¾à°°|à±ģ.|""|""|""","""|""|""|""|""|""|""|ఇప్ప|డు|మావద|ద|4 నెలల|వయస్స||గల|ఎల|కల||ఉన్నాయి|,|అవి|మధుమేహం|లేనివి|,|అవి|మధుమ|హవ|యా|ి|గా|ఉన్నాయి|,""|""|""|""||అని|ఆయన|అన్నార|.""""|""","{""42"": ""\""|\""|\""|\""|\""|\""|\""|ఇప్ప|డు|మావద|ద|4 నెలల|వయస్స||గల|ఎల|కల||ఉన్నాయి|,|అవి|మధుమేహం|లేనివి|,|అవి|మధుమ|హవ|యా|ి|గా|ఉన్నాయి|,\""|\""|\""|\""||అని|ఆయన|అన్నార|.\""\""|\"""", ""43"": ""\""|\""|\""|\""|\""|\""|\""|ఇప్ప|డు|మావద|ద|4 నెలల|వయస్స||గల|ఎల|కల||ఉన్నాయి|,|అవి|మధుమ|హం|లేనివి|,|అవి|మధుమ|హవ|యాధి|గా|ఉన్నాయి|,\""|\""|\""|\""||అని|ఆయన|అన|నార|.\""\""\"""", ""44"": ""\""|\""|\""|\""|\""|\""|\""|ఇప్ప|డు|మావద|ద|4 నెలల|వయస్స||గల|ఎల|కల||ఉన్నాయి|,|అవి|మధుమ|హం|లేనివి|,|అవి|మధుమేహవ|యాధి|గా|ఉన్నాయి|,\""|\""|\""|\""||అని|ఆయన|అన్నార|.\""\""|\"""", ""45"": ""\""|\""|\""|\""|\""|\""|\""|ఇప్ప|డు|మావద|ద|4 నెలల|వయస్స||గల|ఎలుకల||ఉన్నాయి|,|అవి|మధుమేహం|లేనివి,|అవి|మధుమ|హవ|యా|ి|గా|ఉన్నాయి|,\""|\""|\""|\""||అని|ఆయన|అన|నార|.\""|\""|\"""", ""46"": ""\""|\""|\""|\""|\""|\""|\""|ఇప్ప|డు|మావద|ద|4 నెలల|వయస్స||గల|ఎల|కల||ఉన్నాయి|,|అవి|మధుమ|హం|లేనివి|,|అవి||మధుమ|హవ|యాధి|గా|ఉన్నాయి|,\""|\""|\""|\""||అని|ఆయన|అన|నార|.\""\""|\""""}"
te,"""""""""""""""కొ౦తమ౦ది ఒప్పుకోకపోవచ్చు, కానీ నేను పట్టి౦చను.""""""",1,1,5,5,True,"""|""|""|""|""|""|""|à°ķ|à±Ĭ|à±¦|à°¤à°®|à±¦|à°¦|à°¿|Ġà°Ĵà°ª|à±įà°ª|à±ģà°ķ|à±ĭà°ķà°ª|à±ĭà°µà°ļ|à±įà°ļ|à±ģ,|Ġà°ķ|à°¾à°¨|à±Ģ|Ġà°¨|à±ĩà°¨|à±ģ|Ġà°ªà°Ł|à±įà°Ł|à°¿|à±¦|à°ļà°¨|à±ģ.|""|""|""","""|""|""|""|""|""|""|కొ౦తమ|ది|ఒప్ప|క|కప|వచ|చ|,|కాన||నేను|పట్టి|౦చన|.""|""""","{""42"": ""\""|\""|\""|\""|\""|\""|\""|కొ౦తమ|ది|ఒప్ప|క|కప|వచ|చ|,|కాన||నేను|పట్టి|౦చన|.\""|\""\"""", ""43"": ""\""|\""|\""|\""|\""|\""|\""|కొ|తమ|ది||ఒప్ప|క|కప|వచ|చ|,|కాన||నేను|పట్టి|౦చన|.\""\""|\"""", ""44"": ""\""|\""|\""|\""|\""|\""|\""|కొ౦తమ|ది||ఒప్ప|క|కప|వచ|చ|,|కాన||నేను|పట్టి|౦చన|.\""\""|\"""", ""45"": ""\""|\""|\""|\""|\""|\""|\""|కొ౦తమ|ది||ఒప్ప|క|కప|వచ|చ|,|కాన||నేను|పట్టి|౦చన|.\""|\""|\"""", ""46"": ""\""|\""|\""|\""|\""|\""|\""|కొ౦తమ|ది|ఒప్ప|క|కప|వచ|చ|,|కాన||నేను|పట్టి|౦చను.\""\""|\""""}"
te,"""""""""""""""ఫోటాన్"""""""" అనే చిన్న కాంతి రేణువును బయటకు తీసి, ఈ విధంగా చేస్తారు.""""""",1,1,5,5,True,"""|""|""|""|""|""|""|à°«|à±ĭà°Ł|à°¾à°¨|à±į""|""|""|""|Ġà°ħà°¨|à±ĩ|Ġà°ļ|à°¿à°¨|à±įà°¨|Ġà°ķ|à°¾à°Ĥ|à°¤|à°¿|Ġà°°|à±ĩà°£|à±ģà°µ|à±ģà°¨|à±ģ|Ġà°¬à°¯à°Łà°ķ|à±ģ|Ġà°¤|à±Ģà°¸|à°¿,|Ġà°Ī|Ġà°µ|à°¿à°§|à°Ĥà°Ĺ|à°¾|Ġà°ļ|à±ĩà°¸|à±įà°¤|à°¾à°°|à±ģ.|""|""|""","""|""|""|""|""|""|""|ఫోటాన|""""|""|""||అనే|చిన|న|కాంతి||రేణువును|బయటక||తీసి,|ఈ|విధంగా|చేస్తా||.""""|""","{""42"": ""\""|\""|\""|\""|\""|\""|\""|ఫోటాన|\""\""|\""|\""||అనే|చిన|న|కాంతి||రేణువును|బయటక||తీసి,|ఈ|విధంగా|చేస్తా||.\""\""|\"""", ""43"": ""\""|\""|\""|\""|\""|\""|\""|ఫోటాన|\""\""\""|\""||అనే|చిన|న|కాంతి||రేణువును|బయటక||తీసి,|ఈ|విధంగ|ా|చేస్తార|.\""\""|\"""", ""44"": ""\""|\""|\""|\""|\""|\""|\""|ఫోటాన|\""\""|\""|\""||అన||చిన|న|కాంతి||రేణువును|బయటక||తీసి,|ఈ|విధంగ|ా|చేస్తార|.\""\""|\"""", ""45"": ""\""|\""|\""|\""|\""|\""|\""|ఫోటాన|\""\""|\""|\""||అనే|చిన|న|కాంతి||రేణువును|బయటక||తీసి,|ఈ|విధంగా|చేస్తార|.\""\""|\"""", ""46"": ""\""|\""|\""|\""|\""|\""|\""|ఫోటాన|\""\""|\""|\""||అన||చిన్న|కాంతి||రేణువును|బయటక||తీసి,|ఈ|విధంగా|చేస్తార|.\""\""|\""""}"
te,"""""""""""""""భూనివాసులపై లక్షలాదిమ౦ది మరణ౦, నాశన౦, భయ౦"""""""" వ౦టి స౦ఘటనలకు"""""""" దేవునిపై దావా వేశారు.""""""",1,1,5,5,True,"""|""|""|""|""|""|""|à°Ń|à±Ĥà°¨|à°¿à°µ|à°¾à°¸|à±ģà°²à°ª|à±Ī|Ġà°²à°ķ|à±įà°·à°²|à°¾à°¦|à°¿à°®|à±¦|à°¦|à°¿|Ġà°®à°°à°£|à±¦|,|Ġà°¨|à°¾à°¶à°¨|à±¦|,|Ġà°Ńà°¯|à±¦|""|""|""|""|Ġà°µ|à±¦|à°Ł|à°¿|Ġà°¸|à±¦|à°ĺ|à°Łà°¨|à°²à°ķ|à±ģ""|""|""|""|Ġà°¦|à±ĩà°µ|à±ģà°¨|à°¿à°ª|à±Ī|Ġà°¦|à°¾à°µ|à°¾|Ġà°µ|à±ĩà°¶|à°¾à°°|à±ģ.|""|""|""","""|""|""|""|""|""|""|భూని|వా||లప||లక్షలాది|మ|ది||మరణ|,|నాశన|,|భయ|""""|""|""||వ౦టి|స౦ఘ|ట|నలక|""""|""|""||దేవునిప||దావా|వేశార|.""""|""","{""42"": ""\""|\""|\""|\""|\""|\""|\""|భూని|వా||లప||లక్షలాది|మ|ది||మరణ|,|నాశన|,|భయ|\""\""|\""|\""||వ౦టి|స౦ఘ|ట|నలక|\""\""|\""|\""||దేవునిప||దావా|వేశార|.\""\""|\"""", ""43"": ""\""|\""|\""|\""|\""|\""|\""|భూనివా||లప||లక్షలాది|మ|ది||మరణ|,|నాశన|,|భయ౦\""\""\""|\""||వ౦టి||స౦ఘట|నలక|\""|\""|\""|\""|దేవ|నిప||దావా|వేశార|.\""\""|\"""", ""44"": ""\""|\""|\""|\""|\""|\""|\""|భూనివా||లప||లక్షలాది|మ|ది||మరణ|,|నాశన|,|భయ౦\""\""|\""|\""||వ౦టి||స౦ఘ|ట|నలక|\""\""|\""|\""||దేవ|నిప||దావా|వేశార|.\""\""|\"""", ""45"": ""\""|\""|\""|\""|\""|\""|\""||ూని|వాస|లప||లక్షలాది|మ|ది||మరణ|,|నాశన|,|భయ౦\""\""|\""|\""||వ౦టి||స౦ఘట|నలక|\""\""|\""|\""||దేవునిప||దావా|వేశార|.\""\""|\"""", ""46"": ""\""|\""|\""|\""|\""|\""|\""|భూనివాస|లప||లక|షలాది|మ|ద|||మరణ|,|నాశన|,|భయ౦\""\""|\""|\""||వ౦టి|స౦ఘట|నలక|\""\""|\""|\""||దేవ|నిప||దావా|వేశార|.\""\""|\""""}"
te,"""""""16వ శతాబ్దంలో పరాగ్వే, గతంలో """"ది జెయింట్ ప్రావిన్స్ ఆఫ్ ది ఇండీస్"""" అని పిలువబడుతుంది, ఇది స్వదేశీ యజ సమూహాలతో స్పానిష్ ఆక్రమణదారులను ఎదుర్కొనడం ఫలితంగా ఉద్భవించింది.""""""",1,1,5,5,True,"""|""|""|16|à°µ|Ġà°¶à°¤|à°¾à°¬|à±įà°¦|à°Ĥà°²|à±ĭ|Ġà°ªà°°|à°¾à°Ĺ|à±įà°µ|à±ĩ,|Ġà°Ĺà°¤|à°Ĥà°²|à±ĭ|Ġ""|""|à°¦|à°¿|Ġà°ľ|à±Ĩà°¯|à°¿à°Ĥ|à°Ł|à±į|Ġà°ª|à±įà°°|à°¾à°µ|à°¿à°¨|à±įà°¸|à±į|Ġà°Ĩà°«|à±į|Ġà°¦|à°¿|Ġà°ĩ|à°Ĥà°¡|à±Ģà°¸|à±į""|""|Ġà°ħà°¨|à°¿|Ġà°ª|à°¿à°²|à±ģà°µà°¬à°¡|à±ģà°¤|à±ģà°Ĥ|à°¦|à°¿,|Ġà°ĩà°¦|à°¿|Ġà°¸|à±įà°µà°¦|à±ĩà°¶|à±Ģ|Ġà°¯à°ľ|Ġà°¸à°®|à±Ĥà°¹|à°¾à°²à°¤|à±ĭ|Ġà°¸|à±įà°ª|à°¾à°¨|à°¿à°·|à±į|Ġà°Ĩà°ķ|à±įà°°à°®à°£|à°¦|à°¾à°°|à±ģà°²à°¨|à±ģ|Ġà°İà°¦|à±ģà°°|à±įà°ķ|à±Ĭà°¨à°¡|à°Ĥ|Ġà°«à°²|à°¿à°¤|à°Ĥà°Ĺ|à°¾|Ġà°īà°¦|à±įà°Ńà°µ|à°¿à°Ĥ|à°ļ|à°¿à°Ĥ|à°¦|à°¿.|""|""|""","""|""|""|16వ|శతాబ|దంల||పరా||వ|,|గతంల||""""ది|జెయింట||ప్రా|ి|న|స్|ఆఫ్|ది|ఇండ|స్""""|అని|పిల|వబడ|త|ంది,|ఇది|స్వద|శ||యజ|సమూహాలత||స్పా|ి|ష||ఆక|రమణదార|లన||ఎదుర|క|నడం|ఫలితంగ|ా|ఉద్భవి|ంచి|ంది.""""|""","{""42"": ""\""|\""|\""|16వ|శతాబ|దంల||పరా||వ|,|గతంల||\""\""ది|జెయింట||ప్రా|ి|న|స్|ఆఫ్|ది|ఇండ|స్\""\""|అని|పిల|వబడ|త|ంది,|ఇది|స్వద|శ||యజ|సమూహాలత||స్పా|ి|ష||ఆక|రమణదార|లన||ఎదుర|క|నడం|ఫలితంగ|ా|ఉద్భవి|ంచి|ంది.\""\""|\"""", ""43"": ""\""|\""|\""|16వ|శతాబ|దంల||పరా||వ|,|గతంల||\""\""|ది|జెయింట||ప్రా|ి|న|స్|ఆఫ్|ది|ఇండ|స్\""\""|అని|పిల|వబడ|త|ంది,|ఇది|స్వద|శీ|యజ|సమ|హాలత||స్పా|ి|ష||ఆక|రమణదా||లన||ఎదుర|క|నడం|ఫలితంగ|ా|ఉద్భవి|ంచి|ంది.\""\""\"""", ""44"": ""\""|\""|\""|16వ|శతాబ|దంల||పరాగ|వ|,|గతంల||\""\""|ది|జెయింట||ప్రా|ి|న|స్|ఆఫ్|ది|ఇండ|స్\""\""||అని|పిల|వబడ|త|ంది,|ఇది|స్వద|శీ|యజ|సమూహాలత||స్పా|ి|ష||ఆక|రమణదా||లన||ఎదుర|కొనడం|ఫలితంగ|ా|ఉద్భవి|ంచి|ంది.\""\""|\"""", ""45"": ""\""|\""|\""|16వ|శతాబ|దంల||పరా||వే,|గతంల||\""\""|ది|జెయింట||ప్రా|ి|న|స||ఆఫ్|ది|ఇండ|స్\""\""|అని|పిలువబడ|త|ంది,|ఇది|స్వద|శీ|యజ|సమ|హా|త||స్పాని|ష||ఆక|రమణదా||లన||ఎదుర|క|నడం|ఫలితంగ|ా|ఉద్భవి|ంచి|ంది.\""\""\"""", ""46"": ""\""|\""|\""|16వ|శతాబ|దంల||పరా||వ|,|గతంల||\""\""|ది|జెయింట||ప్రా|ి|న|స్|ఆఫ్|ది|ఇండ|స్\""\""|అని|పిల|వబడ|త|ంది,|ఇది|స్వద|శీ|యజ|సమూహాలత||స్పా|ి|ష||ఆక|రమణదార|లన||ఎదుర|క|నడం|ఫలితంగ|ా|ఉద్భవి|ంచి|ంది.\""\""|\""""}"
te,"""""""1940 ఆగస్టు 15న మిత్రదేశాలదక్షిణ ఫ్రాన్స్ పై దాడి చేసింది, ఈ దండయాత్రను """"""""ఆపరేషన్ డ్రాగూన్"""""""" అని పిలిచారు.""""""",1,1,5,5,True,"""|""|""|194|0|Ġà°Ĩà°Ĺà°¸|à±įà°Ł|à±ģ|Ġ|15|à°¨|Ġà°®|à°¿à°¤|à±įà°°à°¦|à±ĩà°¶|à°¾à°²|à°¦à°ķ|à±įà°·|à°¿à°£|Ġà°«|à±įà°°|à°¾à°¨|à±įà°¸|à±į|Ġà°ª|à±Ī|Ġà°¦|à°¾à°¡|à°¿|Ġà°ļ|à±ĩà°¸|à°¿à°Ĥ|à°¦|à°¿,|Ġà°Ī|Ġà°¦|à°Ĥà°¡|à°¯|à°¾à°¤|à±įà°°à°¨|à±ģ|Ġ""|""|""|""|à°Ĩ|à°ªà°°|à±ĩà°·à°¨|à±į|Ġà°¡|à±įà°°|à°¾à°Ĺ|à±Ĥà°¨|à±į""|""|""|""|Ġà°ħà°¨|à°¿|Ġà°ª|à°¿à°²|à°¿à°ļ|à°¾à°°|à±ģ.|""|""|""","""|""|""|1940||ఆగస|ట||15న|మిత|రద|శాలదక|షి|ణ|ఫ్రా||స్|పై|దాడి||చేసి|ంది,|ఈ|దండయాత|రన||""""|""|""|ఆపర|షన్|డ్రాగ|న్""""|""|""||అని|పిలిచార|.""|""""","{""42"": ""\""|\""|\""|1940||ఆగస|ట||15న|మిత|రద|శాలదక|షి|ణ|ఫ్రా||స్|పై|దాడి||చేసి|ంది,|ఈ|దండయాత|రన||\""\""|\""|\""|ఆపర|షన్|డ్రాగ|న్\""\""|\""|\""||అని|పిలిచార|.\""|\""\"""", ""43"": ""\""|\""|\""|1940|ఆగస్ట||15న|మిత|రద|శాలదక|షి|ణ|ఫ్రా||స్|పై|దాడి||చేసింది,|ఈ దండయాత|రన||\""\""|\""|\""|ఆపర|షన||డ్రాగ|న|\""\""|\""\""||అని|పిలిచా||.\""\""|\"""", ""44"": ""\""|\""|\""|1940||ఆగస|ట||15న|మిత|రద|శాలదక|షి|ణ|ఫ్రా||స్|పై|దాడి||చేసి|ంది,|ఈ|దండయా||రన||\""\""|\""|\""|ఆపర|షన్|డ్రా||న్\""\""\""|\""||అని|పిలిచా||.\""|\""|\"""", ""45"": ""\""|\""|\""|1940|ఆగస్ట||15న|మిత|రద|శాలదక|షి|ణ|ఫ్రా||స్|పై|దాడి||చేసింది|,|ఈ|దండయాత|రన||\""\""|\""|\""|ఆపర|షన్|డ్రాగ|న|\""\""|\""|\""||అని|పిలిచార|.\""|\""\"""", ""46"": ""\""|\""|\""|194|0|ఆగస్టు|15న|మిత|రద|శాలదక|షి|ణ|ఫ్రా||స్|పై|దాడి||చేసింది,|ఈ|దండయా||రన||\""\""\""|\""|ఆపర|షన||డ్రాగ|న్\""\""\""|\""||అని|పిలిచార|.\""\""|\""""}"
te,"""""""1947లో బ్రిటిష్ పాలన నుండి పాకిస్థాన్ స్వాతంత్ర్యం పొందినప్పటి నుండి, పాకిస్తాన్ అధ్యక్షుడు FATAను పరిపాలించడానికి """"పొలిటికల్ ఏజెంట్లను"""" నియమించాడు, వీరు ఈ ప్రాంతాలపై సమీప స్వయం ప్రతిపత్తి నిలుపును అమలు చేశారు.""""""",1,1,5,5,True,"""|""|""|194|7|à°²|à±ĭ|Ġà°¬|à±įà°°|à°¿à°Ł|à°¿à°·|à±į|Ġà°ª|à°¾à°²à°¨|Ġà°¨|à±ģà°Ĥ|à°¡|à°¿|Ġà°ª|à°¾à°ķ|à°¿à°¸|à±įà°¥|à°¾à°¨|à±į|Ġà°¸|à±įà°µ|à°¾à°¤|à°Ĥà°¤|à±įà°°|à±įà°¯|à°Ĥ|Ġà°ª|à±Ĭà°Ĥ|à°¦|à°¿à°¨à°ª|à±įà°ªà°Ł|à°¿|Ġà°¨|à±ģà°Ĥ|à°¡|à°¿,|Ġà°ª|à°¾à°ķ|à°¿à°¸|à±įà°¤|à°¾à°¨|à±į|Ġà°ħà°§|à±įà°¯à°ķ|à±įà°·|à±ģà°¡|à±ģ|ĠF|ATA|à°¨|à±ģ|Ġà°ªà°°|à°¿à°ª|à°¾à°²|à°¿à°Ĥ|à°ļà°¡|à°¾à°¨|à°¿à°ķ|à°¿|Ġ""|""|à°ª|à±Ĭà°²|à°¿à°Ł|à°¿à°ķà°²|à±į|Ġà°ıà°ľ|à±Ĩà°Ĥ|à°Ł|à±įà°²à°¨|à±ģ""|""|Ġà°¨|à°¿à°¯à°®|à°¿à°Ĥ|à°ļ|à°¾à°¡|à±ģ,|Ġà°µ|à±Ģà°°|à±ģ|Ġà°Ī|Ġà°ª|à±įà°°|à°¾à°Ĥ|à°¤|à°¾à°²à°ª|à±Ī|Ġà°¸à°®|à±Ģà°ª|Ġà°¸|à±įà°µà°¯|à°Ĥ|Ġà°ª|à±įà°°à°¤|à°¿à°ªà°¤|à±įà°¤|à°¿|Ġà°¨|à°¿à°²|à±ģà°ª|à±ģà°¨|à±ģ|Ġà°ħà°®à°²|à±ģ|Ġà°ļ|à±ĩà°¶|à°¾à°°|à±ģ.|""|""|""","""|""|""|1947ల||బ్రిటి|ష||పాలన|నుండి||పాకిస్థా|||స్వా|ంత|ర్యం|పొంది|నప|పటి||నుండి,|పాకిస్తా|||అధ|యక|ష|డు|FATAన||పరిపాలి|ంచడాని|కి|""""పొలి|టి|కల||ఏజెంట|లన|""""||నియమి|ంచాడ|,|వీర||ఈ|ప్రా|తా|ప||సమీప|స్వయం|ప్రతి|పత|తి|నిల|ప|న||అమల||చేశార|.""""|""","{""42"": ""\""|\""|\""|1947ల||బ్రిటి|ష||పాలన|నుండి||పాకిస్థా|||స్వా|ంత|ర్యం|పొంది|నప|పటి||నుండి,|పాకిస్తా|||అధ|యక|ష|డు|FATAన||పరిపాలి|ంచడాని|కి|\""\""పొలి|టి|కల||ఏజెంట|లన|\""\""||నియమి|ంచాడ|,|వీర||ఈ|ప్రా|తా|ప||సమీప|స్వయం|ప్రతి|పత|తి|నిల|ప|న||అమల||చేశార|.\""\""|\"""", ""43"": ""\""|\""|\""|1947లో|బ్రి|టి|ష||పాలన|నుండి|పాకిస్థాన||స్వా|ంత|ర|యం|పొంది|నప|పటి||నుండి,|పాకిస్తాన||అధ|యక|ష|డు|FATAను|పరిపాలి|ంచడాని|కి|\""\""|పొలి|టి|కల||ఏజెంట|లన|\""\""||నియమి|ంచాడ|,|వీర||ఈ|ప్రాంతాలప||సమీప|స్వయం|ప్రతి|పత|తి|నిల|ప|న||అమల||చేశార|.\""\""\"""", ""44"": ""\""|\""|\""|1947|||బ్రిటి|ష||పాలన|నుండి|పాకిస్థా|||స్వా|ంత|ర|యం|పొంది|నప|పటి||నుండి,|పాకిస్తా|||అధ|యక|ష|డు|FATAన||పరిపా|ి|ంచడా|ి|కి|\""\""|పొలిటి|కల||ఏజెంట|లన|\""\""||నియమి|ంచాడ|,|వీర||ఈ|ప్రా|తా|ప||సమీప|స్వయం|ప్రతి|పత|తి|నిల|ప|ను|అమల||చేశార|.\""\""|\"""", ""45"": ""\""|\""|\""|194|7లో|బ్రిటి|ష||పాలన|నుండి|పాకిస్థా|||స్వా|ంత|ర|యం|పొంది|నప|పటి||నుండి,|పాకిస్తా|||అధ|యక|ష|డు|FATAన||పరిపా|ి|ంచడాని|కి|\""\""|పొలిటి|కల||ఏజెంట|లన|\""\""||నియమి|ంచాడ|,|వీర||ఈ|ప్రా|తాలప||సమీప|స్వయం|ప్రతి|పత|తి|నిల|ప|ను|అమల||చేశార|.\""\""|\"""", ""46"": ""\""|\""|\""|1947లో|బ్రిటి|ష||పాలన|నుండి|పాకిస్థా|||స్వా|ంత|ర|యం|పొంది|నప|పటి||నుండి,|పాకిస్తా|||అధ|యక|ష|డు|FATAన||పరిపాలి|ంచడాని|కి|\""\""|పొలి|టి|కల||ఏజెంట|లన|\""\""||నియమి|ంచాడ|,|వీర||ఈ|ప్రా|తా|ప||సమీప|స్వయం|ప్రతి|పత|తి|నిల|ప|ను|అమల||చేశార|.\""\""|\""""}"
te,"""""""1979లో ఇరాన్ ఇస్లామిక్ ఉద్యమానికి ముందు నుండి ఆయిల్ మీద ఆధారపడటం """"ఒక ఉచ్చు"""" అని, దాని నుండి దేశం స్వత్రంత్రం పొందాలని"""" ఆ దేశ అత్యుత్తమ నాయకుడు అయతోల్లా అలీ ఖమేనీ వర్ణించారు.""",1,1,5,5,True,"""|""|""|197|9|à°²|à±ĭ|Ġà°ĩà°°|à°¾à°¨|à±į|Ġà°ĩà°¸|à±įà°²|à°¾à°®|à°¿à°ķ|à±į|Ġà°īà°¦|à±įà°¯à°®|à°¾à°¨|à°¿à°ķ|à°¿|Ġà°®|à±ģà°Ĥ|à°¦|à±ģ|Ġà°¨|à±ģà°Ĥ|à°¡|à°¿|Ġà°Ĩà°¯|à°¿à°²|à±į|Ġà°®|à±Ģà°¦|Ġà°Ĩà°§|à°¾à°°à°ªà°¡|à°Ł|à°Ĥ|Ġ""|""|à°Ĵà°ķ|Ġà°īà°ļ|à±įà°ļ|à±ģ""|""|Ġà°ħà°¨|à°¿,|Ġà°¦|à°¾à°¨|à°¿|Ġà°¨|à±ģà°Ĥ|à°¡|à°¿|Ġà°¦|à±ĩà°¶|à°Ĥ|Ġà°¸|à±įà°µà°¤|à±įà°°|à°Ĥà°¤|à±įà°°|à°Ĥ|Ġà°ª|à±Ĭà°Ĥ|à°¦|à°¾à°²à°¨|à°¿""|""|Ġà°Ĩ|Ġà°¦|à±ĩà°¶|Ġà°ħà°¤|à±įà°¯|à±ģà°¤|à±įà°¤à°®|Ġà°¨|à°¾à°¯à°ķ|à±ģà°¡|à±ģ|Ġà°ħà°¯|à°¤|à±ĭà°²|à±įà°²|à°¾|Ġà°ħà°²|à±Ģ|Ġà°ĸà°®|à±ĩà°¨|à±Ģ|Ġà°µà°°|à±įà°£|à°¿à°Ĥ|à°ļ|à°¾à°°|à±ģ.|""","""|""|""|1979|లో|ఇరాన||ఇస్లామి|క||ఉద్యమాని|కి|ముంద||నుండి|ఆయిల||మీద|ఆధారపడటం|""""ఒక|ఉచ్చ|""""||అని,|దాని||నుండి|దేశం|స్వత|రంత|రం|పొందాలని|""""||ఆ దేశ|అత|య|త|తమ|నాయక|డు|అయత|ల|లా|అల||ఖమ|న||వర|ణించార|.""","{""42"": ""\""|\""|\""|1979|లో|ఇరాన||ఇస్లామి|క||ఉద్యమాని|కి|ముంద||నుండి|ఆయిల||మీద|ఆధారపడటం|\""\""ఒక|ఉచ్చ|\""\""||అని,|దాని||నుండి|దేశం|స్వత|రంత|రం|పొందాలని|\""\""||ఆ దేశ|అత|య|త|తమ|నాయక|డు|అయత|ల|లా|అల||ఖమ|న||వర|ణించార|.\"""", ""43"": ""\""|\""|\""|1979లో|ఇరాన||ఇస్లా|ి|క||ఉద్యమ||ి|కి|ముంద||నుండి||ఆయిల||మీద|ఆధా|పడటం|\""\""|ఒక|ఉచ్చ|\""\""||అని,|దాని||నుండి|దేశం|స్వత|రంత|రం|పొందా|ని|\""\""||ఆ దేశ|అత|య|త|తమ|నాయక|డు|అయత|ల|లా|అల||ఖమ|న||వర|ణించార|.\"""", ""44"": ""\""|\""|\""|1979లో|ఇరాన||ఇస్లామి|క||ఉద్యమాని|కి|ముంద||నుండి|ఆయిల||మీద|ఆధా|పడటం|\""\""|ఒక|ఉచ్చ|\""\""||అని,|దాని||నుండి|దేశం|స్వత|రంత|రం|పొందాలని|\""\""||ఆ దేశ|అత|య|త|తమ|నాయక|డు|అయత|ల|లా|అలీ|ఖమ|న||వర|ణించార|.\"""", ""45"": ""\""|\""|\""|1979లో|ఇరాన||ఇస్లామి|క||ఉద్యమా|ి|కి|ముంద||నుండి|ఆయిల||మీద|ఆధా|పడటం|\""\""|ఒక|ఉచ్చ|\""\""||అని,|దాని||నుండి|దేశం|స్వత|రంత|రం|పొందాలని|\""\""|ఆ దేశ|అత|య|త|తమ|నాయక|డు|అయత|ల|లా|అల||ఖమేనీ|వర|ణించార|.\"""", ""46"": ""\""|\""|\""|1979ల||ఇరాన||ఇస్లామి|క||ఉద్యమాని|కి|ముంద||నుండి|ఆయిల||మీద|ఆధా|పడటం|\""\""|ఒక|ఉచ్చ|\""\""||అని,|దాని||నుండి|దేశం|స్వత|రంత|రం|పొందాలని|\""\""||ఆ దేశ|అత|య|త|తమ|నాయక|డు|అయత|ల|లా|అల||ఖమేనీ|వర|ణించార|.\""""}"
te,"""""""1992లో మాఫియా క్రుసేడర్లు గియోవన్నీ ఫాల్కోన్ మరియు పావోలో బోర్సెల్లీనో ల ప్రాణాలను బలిగొన్న రాజ్యానికి వ్యతిరేకంగా రైనా-ఆధారిత యుద్ధానికి ముగింపు పలకడానికి ఈ యజమానులు Provenzano ద్వారా తిరిగి వచ్చింది.""""""""""""""",1,1,5,5,True,"""|""|""|199|2|à°²|à±ĭ|Ġà°®|à°¾à°«|à°¿à°¯|à°¾|Ġà°ķ|à±įà°°|à±ģà°¸|à±ĩà°¡|à°°|à±įà°²|à±ģ|Ġà°Ĺ|à°¿à°¯|à±ĭà°µ|à°¨|à±įà°¨|à±Ģ|Ġà°«|à°¾à°²|à±įà°ķ|à±ĭà°¨|à±į|Ġà°®à°°|à°¿à°¯|à±ģ|Ġà°ª|à°¾à°µ|à±ĭà°²|à±ĭ|Ġà°¬|à±ĭà°°|à±įà°¸|à±Ĩà°²|à±įà°²|à±Ģà°¨|à±ĭ|Ġà°²|Ġà°ª|à±įà°°|à°¾à°£|à°¾à°²à°¨|à±ģ|Ġà°¬à°²|à°¿à°Ĺ|à±Ĭà°¨|à±įà°¨|Ġà°°|à°¾à°ľ|à±įà°¯|à°¾à°¨|à°¿à°ķ|à°¿|Ġà°µ|à±įà°¯à°¤|à°¿à°°|à±ĩà°ķ|à°Ĥà°Ĺ|à°¾|Ġà°°|à±Īà°¨|à°¾-|à°Ĩà°§|à°¾à°°|à°¿à°¤|Ġà°¯|à±ģà°¦|à±įà°§|à°¾à°¨|à°¿à°ķ|à°¿|Ġà°®|à±ģà°Ĺ|à°¿à°Ĥ|à°ª|à±ģ|Ġà°ªà°²à°ķ|à°¡|à°¾à°¨|à°¿à°ķ|à°¿|Ġà°Ī|Ġà°¯à°ľà°®|à°¾à°¨|à±ģà°²|à±ģ|ĠPro|ven|z|ano|Ġà°¦|à±įà°µ|à°¾à°°|à°¾|Ġà°¤|à°¿à°°|à°¿à°Ĺ|à°¿|Ġà°µà°ļ|à±įà°ļ|à°¿à°Ĥ|à°¦|à°¿.|""|""|""|""|""|""|""","""|""|""|199|2ల||మాఫియా|క్ర|సేడర|లు|గియోవన|న||ఫాల|క|న||మరియు|పావ|ల||బోర|సెల|ల|నో|ల|ప్రాణా|న||బలిగ|న|న|రాజ|యాని|కి|వ్యతి|ర|కంగా|రైనా-|ఆధా|ి|త|యుద|ధా|ి|కి|ముగి|ంప||పలకడా|ి|కి|ఈ|యజమాన|ల||Prov en zano|ద్వారా|తిరిగి||వచ్చి|ంది.""""|""|""|""|""|""","{""42"": ""\""|\""|\""|199|2ల||మాఫియా|క్ర|సేడర|లు|గియోవన|న||ఫాల|క|న||మరియు|పావ|ల||బోర|సెల|ల|నో|ల|ప్రాణా|న||బలిగ|న|న|రాజ|యాని|కి|వ్యతి|ర|కంగా|రైనా-|ఆధా|ి|త|యుద|ధా|ి|కి|ముగి|ంప||పలకడా|ి|కి|ఈ|యజమాన|ల||Prov en zano|ద్వారా|తిరిగి||వచ్చి|ంది.\""\""|\""|\""|\""|\""|\"""", ""43"": ""\""|\""|\""|1992లో|మాఫియా|క్ర|సేడర|లు|గియోవన|న||ఫాల|క|న||మరియు|పావ|ల||బోర|సెల|ల|నో|ల|ప్రా|ాలన||బలి|గ|న్న|రాజ|యాని|కి|వ్యతి|ర|కంగా|రైనా-|ఆధా|ి|త|యుద|ధాని|కి|ముగి|ంప||పలకడాని|కి|ఈ|యజమాన|లు|Prov en zano|ద్వారా|తిరిగి||వచ్చి|ంది.\""\""|\""|\""|\""|\""|\"""", ""44"": ""\""|\""|\""|1992ల||మాఫియా|క్ర|సేడర|లు|గియోవన|నీ|ఫాల|క|న్|మరియ||పావ|ల||బోర|సెల|ల|నో|ల|ప్రా|ాలన||బలిగ|న్న|రాజ|యాని|కి|వ్యతి|ర|కంగా|రైనా-|ఆధారి|త|యుద|ధాని|కి|ముగి|ంప||పలకడాని|కి|ఈ|యజమా||లు|Prov en zano|ద్వా|ా|తిరిగి||వచ్చి|ంది.\""\""|\""|\""|\""|\""|\"""", ""45"": ""\""|\""|\""|1992లో|మాఫియా|క్ర|సేడర|ల||గియోవన|న||ఫాల|క|న్|మరియు|పావ|ల||బోర|సెల|ల|నో|ల|ప్రా|ాలన||బలిగ|న్న|రాజ్యాని|కి|వ్యతి|ర|కంగా|రైనా-|ఆధా|ి|త|యుద|ధా|ి|కి|ముగి|ంప||పలకడాని|కి|ఈ|యజమాన|లు|Prov en zano|ద్వా|ా|తిరిగి||వచ్చి|ంది.\""\""\""|\""|\""|\""|\"""", ""46"": ""\""|\""|\""|1992ల||మాఫియా|క్ర|సేడర|లు|గియోవన్న||ఫాల|క|న||మరియు|పావ|ల||బోర|సెల|ల|నో|ల|ప్రా|ాలన||బలి|గ|న్న|రాజ|యాని|కి|వ్యతి|ర|కంగ|ా|రైనా-|ఆధా|ి|త|యుద|ధాని|కి|ముగి|ంప||పలకడాని|కి|ఈ|యజమా||లు|Prov en z|ano|ద్వా|ా|తిరిగి||వచ్చి|ంది|.\""\""\""|\""|\""|\""|\""""}"
te,"""""""2005 స్థాయి నుండి 2020 లాంటి గుర్తించదగిన తేడాతో జిడిపి యొక్క యూనిట్​కు కార్బన్ డయాక్సైడ్ ఉద్గారాలను తగ్గించడానికి మేము ప్రయత్నిస్తాము"""" అని హు చెప్పారు.""",1,1,5,5,True,"""|""|""|200|5|Ġà°¸|à±įà°¥|à°¾à°¯|à°¿|Ġà°¨|à±ģà°Ĥ|à°¡|à°¿|Ġ|202|0|Ġà°²|à°¾à°Ĥ|à°Ł|à°¿|Ġà°Ĺ|à±ģà°°|à±įà°¤|à°¿à°Ĥ|à°ļà°¦à°Ĺ|à°¿à°¨|Ġà°¤|à±ĩà°¡|à°¾à°¤|à±ĭ|Ġà°ľ|à°¿à°¡|à°¿à°ª|à°¿|Ġà°¯|à±Ĭà°ķ|à±įà°ķ|Ġà°¯|à±Ĥà°¨|à°¿à°Ł|à±į|âĢ|ĭ|à°ķ|à±ģ|Ġà°ķ|à°¾à°°|à±įà°¬à°¨|à±į|Ġà°¡à°¯|à°¾à°ķ|à±įà°¸|à±Īà°¡|à±į|Ġà°īà°¦|à±įà°Ĺ|à°¾à°°|à°¾à°²à°¨|à±ģ|Ġà°¤à°Ĺ|à±įà°Ĺ|à°¿à°Ĥ|à°ļà°¡|à°¾à°¨|à°¿à°ķ|à°¿|Ġà°®|à±ĩà°®|à±ģ|Ġà°ª|à±įà°°à°¯à°¤|à±įà°¨|à°¿à°¸|à±įà°¤|à°¾à°®|à±ģ""|""|Ġà°ħà°¨|à°¿|Ġà°¹|à±ģ|Ġà°ļ|à±Ĩà°ª|à±įà°ª|à°¾à°°|à±ģ.|""","""|""|""|200|5|స్థాయి||నుండి|2020|లాంటి||గుర|తించదగి|న|తేడాత||జిడి|పి||యొక్క|యూనిట|​క||కార|బన||డయాక|సైడ||ఉద్గారాలన||తగ్గి|ంచడాని|కి|మేమ||ప్రయత|ని|స్తా||""""|అని|హు|చెప్పార|.""","{""42"": ""\""|\""|\""|200|5|స్థాయి||నుండి|2020|లాంటి||గుర|తించదగి|న|తేడాత||జిడి|పి||యొక్క|యూనిట|​క||కార|బన||డయాక|సైడ||ఉద్గారాలన||తగ్గి|ంచడాని|కి|మేమ||ప్రయత|ని|స్తా||\""\""|అని|హు|చెప్పార|.\"""", ""43"": ""\""|\""|\""|200|5|స్థా|ి||నుండి|2020|లాంటి||గుర|తించదగి|న|తేడాత||జిడి|పి||యొక|క|యూనిట|​క||కార|బన||డయాక|సైడ||ఉద్గారాలన||తగ్గి|ంచడాని|కి|మేమ||ప్రయత|ని|స్తా||\""\""||అని|హు|చెప|పార|.\"""", ""44"": ""\""|\""|\""|200|5|స్థా|ి||నుండి||2020|లాంటి||గుర|తించదగ|ి|న|తేడాత||జిడిపి||యొక్క|యూనిట|​క||కార|బన||డయాక|సైడ||ఉద్గా|ా|న||తగ్గి|ంచడాని|కి|మేమ||ప్రయత|ని|స్తామ|\""\""||అని|హు|చెప్పార|.\"""", ""45"": ""\""|\""|\""|200|5|స్థాయి||నుండి|2020|లాంటి||గుర|తించదగి|న|తేడాత||జిడి|పి||యొక్క|యూనిట|​క||కార|బన||డయా||సైడ||ఉద్గారా|న||తగ్గి|ంచడాని|కి|మేమ||ప్రయత|నిస్తామ|\""\""||అని|హు|చెప్పార|.\"""", ""46"": ""\""|\""|\""|200|5|స్థాయి||నుండి|2020|లాంటి||గుర|తించదగ|ి|న|తేడాత||జిడి|పి||యొక్క|యూనిట|​క||కార|బన||డయా||సైడ||ఉద్గారా|న||తగ్గి|ంచడా|ి|కి|మేమ||ప్రయత|ని|స్తామ|\""\""||అని|హు|చెప్పార|.\""""}"
te,"""""""90లలో ఉష్ణోగ్రతలతో శాంటా క్లారాలో ఈరోజు బాగా ఎండగా ఉందని ఫైర్ కెప్టెన్ స్కాట్ కౌన్స్ అన్నారు.""",1,1,5,5,True,"""|""|""|90|à°²à°²|à±ĭ|Ġà°īà°·|à±įà°£|à±ĭà°Ĺ|à±įà°°à°¤|à°²à°¤|à±ĭ|Ġà°¶|à°¾à°Ĥ|à°Ł|à°¾|Ġà°ķ|à±įà°²|à°¾à°°|à°¾à°²|à±ĭ|Ġà°Īà°°|à±ĭà°ľ|à±ģ|Ġà°¬|à°¾à°Ĺ|à°¾|Ġà°İ|à°Ĥà°¡à°Ĺ|à°¾|Ġà°ī|à°Ĥà°¦à°¨|à°¿|Ġà°«|à±Īà°°|à±į|Ġà°ķ|à±Ĩà°ª|à±įà°Ł|à±Ĩà°¨|à±į|Ġà°¸|à±įà°ķ|à°¾à°Ł|à±į|Ġà°ķ|à±Įà°¨|à±įà°¸|à±į|Ġà°ħà°¨|à±įà°¨|à°¾à°°|à±ģ.|""","""|""|""|90లల||ఉష్ణ|గ్రతలత||శాంటా|క్లారా|||ఈరోజు|బాగా|ఎండగా|ఉందని||ఫైర||కెప్టెన్|స్కాట||కౌన్స్|అన్నార|.""","{""42"": ""\""|\""|\""|90లల||ఉష్ణ|గ్రతలత||శాంటా|క్లారా|||ఈరోజు|బాగా|ఎండగా|ఉందని||ఫైర||కెప్టెన్|స్కాట||కౌన్స్|అన్నార|.\"""", ""43"": ""\""|\""|\""|90లల||ఉష్ణ|గ|రతలత||శాంటా|క్లారా|||ఈరోజ||బాగా|ఎండగా|ఉందని||ఫైర్|కెప్టెన||స్కా|్|కౌన్స్|అన్నార|.\"""", ""44"": ""\""|\""|\""|90లల||ఉష్ణోగ|రతలత||శాంటా|క్లారాల||ఈర|జు|బాగా|ఎండగా|ఉందని||ఫైర||కెప్టెన్|స్కాట||కౌన్స్|అన|నార|.\"""", ""45"": ""\""|\""|\""|90లల||ఉష్ణ|గ|రతలత||శాంటా|క్లారాల||ఈరోజు|బాగా|ఎండగా|ఉందని||ఫైర||కెప్ట|న్|స్కాట||కౌన్స్|అన్నార|.\"""", ""46"": ""\""|\""|\""|90లల||ఉష్ణ|గ్రతలత||శాంటా|క్లారా|||ఈర|జు|బాగా|ఎండగా|ఉందని||ఫైర||కెప్ట|న్|స్కా|||కౌన్స్|అన|నార|.\""""}"
te,"""""""Angola ఎన్నడూ లేనంత తీవ్రమైన సంక్షోభంలో కురుకుపోతుంది మరియు అంగోలాలో పరిస్థితి చాలా ఘోరంగా ఉంది"""" అని Medecines Sans Frontiere Richard Veerman ప్రతినిధి చెప్పారు.""",1,1,5,5,True,"""|""|""|An|g|ola|Ġà°İà°¨|à±įà°¨à°¡|à±Ĥ|Ġà°²|à±ĩà°¨|à°Ĥà°¤|Ġà°¤|à±Ģà°µ|à±įà°°à°®|à±Īà°¨|Ġà°¸|à°Ĥà°ķ|à±įà°·|à±ĭà°Ń|à°Ĥà°²|à±ĭ|Ġà°ķ|à±ģà°°|à±ģà°ķ|à±ģà°ª|à±ĭà°¤|à±ģà°Ĥ|à°¦|à°¿|Ġà°®à°°|à°¿à°¯|à±ģ|Ġà°ħ|à°Ĥà°Ĺ|à±ĭà°²|à°¾à°²|à±ĭ|Ġà°ªà°°|à°¿à°¸|à±įà°¥|à°¿à°¤|à°¿|Ġà°ļ|à°¾à°²|à°¾|Ġà°ĺ|à±ĭà°°|à°Ĥà°Ĺ|à°¾|Ġà°ī|à°Ĥà°¦|à°¿""|""|Ġà°ħà°¨|à°¿|ĠMed|ec|ines|ĠS|ans|ĠFront|iere|ĠRichard|ĠVe|er|man|Ġà°ª|à±įà°°à°¤|à°¿à°¨|à°¿à°§|à°¿|Ġà°ļ|à±Ĩà°ª|à±įà°ª|à°¾à°°|à±ģ.|""","""|""|""|Ang|ol|a|ఎన|నడ||లేనంత|తీవ|రమ|న|సంక|ష|భంల||కుర|క|ప|త|ంది|మరియ||అంగ|లాల||పరిస్థి|తి|చాలా|ఘోరంగ|ా|ఉంది""""||అని|Medecin es|Sans|Frontiere|Richard|Veerman|ప్రతి|ని|ధి|చెప్పార|.""","{""42"": ""\""|\""|\""|Ang|ol|a|ఎన|నడ||లేనంత|తీవ|రమ|న|సంక|ష|భంల||కుర|క|ప|త|ంది|మరియ||అంగ|లాల||పరిస్థి|తి|చాలా|ఘోరంగ|ా|ఉంది\""\""||అని|Medecin es|Sans|Frontiere|Richard|Veerman|ప్రతి|ని|ధి|చెప్పార|.\"""", ""43"": ""\""|\""|\""|Ang|ol|a|ఎన|నడ||లేనంత|తీవ|రమ|న|సంక|ష|భంల||కుర|క|ప|త|ంది|మరియు|అంగ|లాల||పరిస్థి|తి||చాలా|ఘోరంగ|ా|ఉంది\""\""|అని|Medecin es|Sans|Frontiere|Richard|Veerman|ప్రతి|నిధి||చెప్పార|.\"""", ""44"": ""\""|\""|\""|Ang|ol|a|ఎన|నడ||లేనంత|తీవ|రమ|న|సంక|ష|భంల||కుర|క|ప|త|ంది|మరియ||అంగోలాల||పరిస్థి|తి|చాలా|ఘోరంగా|ఉంది\""\""||అని|Medecin es|Sans|Frontiere|Richard|Veerman|ప్రతి|నిధి|చెప్పార|.\"""", ""45"": ""\""|\""|\""|A|ng|ola|ఎన|నడ||లేనంత|తీవ|రమ|న|సంక|ష|భంల||కుర|క|ప|త|ంది|మరియ||అంగ|లాల||పరిస్థి|తి|చాలా|ఘోరంగా|ఉంది\""\""||అని|Medecin es|Sans|Frontiere|Richard|Veerman|ప్రతి|నిధి||చెప్పార|.\"""", ""46"": ""\""|\""|\""|Ang|ola|ఎన్నడ||లేనంత|తీవ|రమ|న|సంక|ష|భంల||కుర|క|ప|త|ంది|మరియ||అంగ|లాల||పరిస్థి|తి|చాలా|ఘోరంగా|ఉంది\""\""||అని|Medecin es|Sans|Frontiere|Richard|Veerman|ప్రతి|నిధి||చెప్పార|.\""""}"
te,"""""""WNED బఫెలో (రెయిన్ బో యొక్క హోమ్ స్టేషన్ ను చదవడం) నుండి జాన్ గ్రాంట్ ఇలా అన్నాడు"""""""" రెయిన్ బో చదవడం పిల్లలకు ఎందుకు చదవాలో పిల్లలకు నేర్పించింది,... చదవడ౦ లోని ప్రేమ — [ప్రదర్శన] పిల్లలను ఒక పుస్తక౦ ఎ౦పిక చేసుకోవడానికి, చదవమని ప్రోత్సహి౦చేది.""""""""""""""",1,1,5,5,True,"""|""|""|W|N|ED|Ġà°¬|à°«|à±Ĩà°²|à±ĭ|Ġ(|à°°|à±Ĩà°¯|à°¿à°¨|à±į|Ġà°¬|à±ĭ|Ġà°¯|à±Ĭà°ķ|à±įà°ķ|Ġà°¹|à±ĭà°®|à±į|Ġà°¸|à±įà°Ł|à±ĩà°·à°¨|à±į|Ġà°¨|à±ģ|Ġà°ļà°¦à°µà°¡|à°Ĥ)|Ġà°¨|à±ģà°Ĥ|à°¡|à°¿|Ġà°ľ|à°¾à°¨|à±į|Ġà°Ĺ|à±įà°°|à°¾à°Ĥ|à°Ł|à±į|Ġà°ĩà°²|à°¾|Ġà°ħà°¨|à±įà°¨|à°¾à°¡|à±ģ""|""|""|""|Ġà°°|à±Ĩà°¯|à°¿à°¨|à±į|Ġà°¬|à±ĭ|Ġà°ļà°¦à°µà°¡|à°Ĥ|Ġà°ª|à°¿à°²|à±įà°²à°²à°ķ|à±ģ|Ġà°İ|à°Ĥà°¦|à±ģà°ķ|à±ģ|Ġà°ļà°¦à°µ|à°¾à°²|à±ĭ|Ġà°ª|à°¿à°²|à±įà°²à°²à°ķ|à±ģ|Ġà°¨|à±ĩà°°|à±įà°ª|à°¿à°Ĥ|à°ļ|à°¿à°Ĥ|à°¦|à°¿,|...|Ġà°ļà°¦à°µà°¡|à±¦|Ġà°²|à±ĭà°¨|à°¿|Ġà°ª|à±įà°°|à±ĩà°®|ĠâĢĶ|Ġ[|à°ª|à±įà°°à°¦à°°|à±įà°¶à°¨|]|Ġà°ª|à°¿à°²|à±įà°²à°²à°¨|à±ģ|Ġà°Ĵà°ķ|Ġà°ª|à±ģà°¸|à±įà°¤à°ķ|à±¦|Ġà°İ|à±¦|à°ª|à°¿à°ķ|Ġà°ļ|à±ĩà°¸|à±ģà°ķ|à±ĭà°µà°¡|à°¾à°¨|à°¿à°ķ|à°¿,|Ġà°ļà°¦à°µ|à°®à°¨|à°¿|Ġà°ª|à±įà°°|à±ĭà°¤|à±įà°¸à°¹|à°¿|à±¦|à°ļ|à±ĩà°¦|à°¿.|""|""|""|""|""|""|""","""|""|""|W|NED|బఫెల||(రెయిన||బో|యొక|క|హోమ||స్ట|షన||ను|చదవడం)|నుండి|జాన||గ్రా|ట||ఇలా|అన్నాడ|""""|""""||రెయిన||బో|చదవడం|పిల్లలక||ఎంద|కు|చదవాల||పిల|లలక||నేర|పించి|ంది,...|చదవడ||లోని|ప్ర|మ|—|[|ప్రదర|శన]|పిల|లలన||ఒక|పుస్తక||ఎ౦పి|క|చేసుక|వడాని|కి,|చదవమని||ప్ర|త|సహి|౦చ|ది.""""|""|""|""|""|""","{""42"": ""\""|\""|\""|W|NED|బఫెల||(రెయిన||బో|యొక|క|హోమ||స్ట|షన||ను|చదవడం)|నుండి|జాన||గ్రా|ట||ఇలా|అన్నాడ|\""\""|\""\""||రెయిన||బో|చదవడం|పిల్లలక||ఎంద|కు|చదవాల||పిల|లలక||నేర|పించి|ంది,...|చదవడ||లోని|ప్ర|మ|—|[|ప్రదర|శన]|పిల|లలన||ఒక|పుస్తక||ఎ౦పి|క|చేసుక|వడాని|కి,|చదవమని||ప్ర|త|సహి|౦చ|ది.\""\""|\""|\""|\""|\""|\"""", ""43"": ""\""|\""|\""|W|NED||బఫెల||(రెయిన||బో|యొక్క|హోమ్|స్టేషన్|ను|చదవడం)|నుండి|జాన||గ్రా|ట||ఇలా|అన|నాడ|\""\""\""|\""||రెయిన||బో|చదవడం|పిల|లలక||ఎంద|కు|చదవాల||పిల|లలక||నేర|పి|ంచి|ంది,...|చదవడ||లోని|ప్ర|మ|—|[ప్రదర|శన]|పిల|లలన||ఒక|పుస|తక||ఎ౦పి|క|చేసుక|వడా|ి|కి,|చదవమని||ప్ర|త|సహి|౦చ|ది.\""\""|\""|\""|\""|\""|\"""", ""44"": ""\""|\""|\""|W|NED|బఫెల||(రెయిన||బో|యొక్క|హోమ్|స్టేషన||ను|చదవడం)|నుండి|జాన||గ్రాంట||ఇలా|అన|నాడ|\""\""|\""|\""||రెయిన||బో|చదవడం|పిల|లలక||ఎంద|కు|చదవాల||పిల్లలక||నేర|పి|ంచి|ంది,...|చదవడ||లోని|ప్ర|మ|—|[|ప్రదర|శన]|పిల|లలన||ఒక|పుస్తక||ఎ౦పి|క|చేసుక|వడాని|కి,|చదవమని||ప్ర|త|సహి|౦చ|ది.\""\""|\""|\""|\""|\""|\"""", ""45"": ""\""|\""|\""|W|NED|బఫెల||(రెయిన||బో|యొక్క|హోమ||స్టేషన్|ను|చదవడం)|నుండి|జాన||గ్రాంట||ఇలా|అన|నాడ|\""\""|\""\""||రెయిన||బో|చదవడం|పిల్లలక||ఎంద|కు|చదవాల||పిల|లలక||నేర|పి|ంచి|ంది,...|చదవడ||లోని|ప్ర|మ|—|[|ప్రదర|శన]|పిల|లలన||ఒక|పుస్తక||ఎ౦పి|క|చేసుక|వడాని|కి,|చదవమని||ప్ర|త|సహి|౦చ|ది.\""|\""|\""|\""|\""|\""|\"""", ""46"": ""\""|\""|\""|W|NED|బఫెల||(రెయిన||బో|యొక్క|హోమ||స్ట|షన||ను|చదవడం)|నుండి|జాన||గ్రా|ట||ఇలా|అన|నాడ|\""\""|\""\""||రెయిన||బో|చదవడం|పిల|లలక||ఎంద|కు|చదవాల||పిల|లలక||నేర|పి|ంచి|ంది,...|చదవడ||లోని|ప్ర|మ|—|[ప్రదర|శన]|పిల|లలన||ఒక|పుస్తక||ఎ౦పి|క|చేసుక|వడా|ి|కి,|చదవమని||ప్ర|త|సహి|౦చ|ది.\""\""|\""|\""|\""|\""|\""""}"
te,"""""""అదృష్టవశాత్తూ నాకు ఏమీ జరగలేదు, కానీ నేనొక పెద్ద భయానక దృశ్యాన్ని చూశాను, ప్రజలు బయటకు రావడానికి కిటికీలను బద్దలు కొట్టడానికి ప్రయత్నించారు.""",1,1,5,5,True,"""|""|""|à°ħà°¦|à±ĥà°·|à±įà°Łà°µ|à°¶|à°¾à°¤|à±įà°¤|à±Ĥ|Ġà°¨|à°¾à°ķ|à±ģ|Ġà°ıà°®|à±Ģ|Ġà°ľà°°à°Ĺà°²|à±ĩà°¦|à±ģ,|Ġà°ķ|à°¾à°¨|à±Ģ|Ġà°¨|à±ĩà°¨|à±Ĭà°ķ|Ġà°ª|à±Ĩà°¦|à±įà°¦|Ġà°Ńà°¯|à°¾à°¨à°ķ|Ġà°¦|à±ĥà°¶|à±įà°¯|à°¾à°¨|à±įà°¨|à°¿|Ġà°ļ|à±Ĥà°¶|à°¾à°¨|à±ģ,|Ġà°ª|à±įà°°à°ľà°²|à±ģ|Ġà°¬à°¯à°Łà°ķ|à±ģ|Ġà°°|à°¾à°µà°¡|à°¾à°¨|à°¿à°ķ|à°¿|Ġà°ķ|à°¿à°Ł|à°¿à°ķ|à±Ģà°²à°¨|à±ģ|Ġà°¬à°¦|à±įà°¦à°²|à±ģ|Ġà°ķ|à±Ĭà°Ł|à±įà°Łà°¡|à°¾à°¨|à°¿à°ķ|à°¿|Ġà°ª|à±įà°°à°¯à°¤|à±įà°¨|à°¿à°Ĥ|à°ļ|à°¾à°°|à±ģ.|""","""|""|""|అద|ష|టవశా||త||నాక||ఏమీ|జరగల|దు,|కాన||నేనొక|పెద|ద|భయా|క|దృశ|యాన|ని|చూశాన|,|ప్రజ|ల||బయటక||రావడాని|కి|కిటి|క|లన||బద్దల||కొట్టడా|ి|కి|ప్రయత|నించార|.""","{""42"": ""\""|\""|\""|అద|ష|టవశా||త||నాక||ఏమీ|జరగల|దు,|కాన||నేనొక|పెద|ద|భయా|క|దృశ|యాన|ని|చూశాన|,|ప్రజ|ల||బయటక||రావడాని|కి|కిటి|క|లన||బద్దల||కొట్టడా|ి|కి|ప్రయత|నించార|.\"""", ""43"": ""\""|\""|\""|అద|ష|టవశా||త||నాక||ఏమీ|జరగల|దు,|కాన||నేనొక|పెద|ద|భయానక|దృశ|యాన|ని|చూశాన|,|ప్రజ|ల||బయటక||రావడాని|కి|కిటిక|లన||బద్దల||కొట్టడాని|కి|ప్రయత|ని|ంచార|.\"""", ""44"": ""\""|\""|\""|అద|ష|టవశ|ాత|త||నాక||ఏమీ|జరగల|దు,|కాన||నేనొక|పెద్ద|భయానక|దృశ|యా||ని|చూశాన|,|ప్రజ|ల||బయటక||రావడా|ి|కి|కిటి|క|లన||బద్దల||కొట్టడా|ి|కి|ప్రయత|ని|ంచార|.\"""", ""45"": ""\""|\""|\""|అద|ష|టవశా||త||నాక||ఏమీ|జరగల|దు,|కాన||నేనొక|పెద|ద|భయానక|దృశ|యా||ని|చూశాన|,|ప్రజ|ల||బయటక||రావడా|ి|కి|కిటి|క|లన||బద్దల||కొట్టడా|ి|కి|ప్రయత|ని|ంచార|.\"""", ""46"": ""\""|\""|\""|అదృష|టవశ|ాత|త||నాక||ఏమ||జరగల|దు,|కాన||నేనొక|పెద|ద|భయానక|దృశ|యా||ని|చూశాన|,|ప్రజ|ల||బయటక||రావడాని|కి|కిటి|క|లన||బద్దల||కొట్టడా|ి|కి|ప్రయత|నించార|.\""""}"
te,"""""""అప్ బో"""" గుర్తు V లాగా కనిపిస్తుంది మరియు """"డౌన్ బో గుర్తు"""" ప్రధానమైనదిగా లేదా దాని దిగువ వైపు కోల్పోయిన చతురస్రంగా కనిపిస్తుంది.""",1,1,5,5,True,"""|""|""|à°ħà°ª|à±į|Ġà°¬|à±ĭ|""|""|Ġà°Ĺ|à±ģà°°|à±įà°¤|à±ģ|ĠV|Ġà°²|à°¾à°Ĺ|à°¾|Ġà°ķà°¨|à°¿à°ª|à°¿à°¸|à±įà°¤|à±ģà°Ĥ|à°¦|à°¿|Ġà°®à°°|à°¿à°¯|à±ģ|Ġ""|""|à°¡|à±Įà°¨|à±į|Ġà°¬|à±ĭ|Ġà°Ĺ|à±ģà°°|à±įà°¤|à±ģ""|""|Ġà°ª|à±įà°°à°§|à°¾à°¨à°®|à±Īà°¨à°¦|à°¿à°Ĺ|à°¾|Ġà°²|à±ĩà°¦|à°¾|Ġà°¦|à°¾à°¨|à°¿|Ġà°¦|à°¿à°Ĺ|à±ģà°µ|Ġà°µ|à±Īà°ª|à±ģ|Ġà°ķ|à±ĭà°²|à±įà°ª|à±ĭà°¯|à°¿à°¨|Ġà°ļà°¤|à±ģà°°à°¸|à±įà°°|à°Ĥà°Ĺ|à°¾|Ġà°ķà°¨|à°¿à°ª|à°¿à°¸|à±įà°¤|à±ģà°Ĥ|à°¦|à°¿.|""","""|""|""|అప్|బో""""||గుర|త||V|లాగా|కనిపి|స్త|ంది|మరియు|""""|డౌన్|బో|గుర|త|""""||ప్రధా|మ|నది|గ|ా|లేదా|దాని||దిగ|వ|వైపు|కోల|పోయి|న|చత|రస్రంగా|కనిపి|స్త|ంది.""","{""42"": ""\""|\""|\""|అప్|బో\""\""||గుర|త||V|లాగా|కనిపి|స్త|ంది|మరియు|\""\""|డౌన్|బో|గుర|త|\""\""||ప్రధా|మ|నది|గ|ా|లేదా|దాని||దిగ|వ|వైపు|కోల|పోయి|న|చత|రస్రంగా|కనిపి|స్త|ంది.\"""", ""43"": ""\""|\""|\""|అప్|బో\""\""|గుర|తు|V|లాగా|కనిపి|స్త|ంది|మరియు|\""\""డౌన్|బో|గుర|త|\""\""||ప్రధా|మ|నది|గా|లేదా|దాని||దిగ|వ|వైప||కోల|పోయిన|చత|రస్రంగ|ా|కనిపి|స|త|ంది.\"""", ""44"": ""\""|\""|\""||ప||బో\""\""||గుర|త||V లాగా|కనిపి|స్త|ంది|మరియు|\""\""|డౌన్|బో|గుర|త|\""|\""||ప్రధా|మ|నదిగా|లేదా|దాని||దిగ|వ|వైప||కోల|పోయిన|చత|రస|రంగ|ా|కనిపి|స్త|ంది.\"""", ""45"": ""\""|\""|\""|అప||బో\""\""||గుర|త||V|లాగా|కనిపి|స్త|ంది|మరియు|\""\""|డౌన్|బో|గుర|త|\""\""|ప్రధా|మ|నదిగ|ా|లేదా|దాని||దిగ|వ|వైపు|కోల|పోయిన|చత|రస్రంగ|ా|కనిపి|స్త|ంది.\"""", ""46"": ""\""|\""|\""|అప||బో\""\""||గుర|త||V|లాగా|కనిపి|స్త|ంది|మరియు|\""\""|డౌన్|బో|గుర|త|\""\""||ప్రధా|మ|నది|గా|లేదా|దాని||దిగ|వ|వైపు|కోల|ప|యిన|చత|రస్రంగ|ా|కనిపి|స్త|ంది.\""""}"
te,"""""""అయితే, మలేషియాలో కనీసం గ్రామీణ ప్రాంతాలలో ని మలాయ్ లలో, """"""""రండి"""""""" అని అర్థం, శరీరం వైపు వంగిన చూపుడు వేలు ను పోలి ఉంటుంది, కొన్ని పాశ్చాత్య దేశాలలో దీనిని ఉపయోగిస్తారు, మరియు ఆ ప్రయోజనం కోసం మాత్రమే ఉపయోగించాలి.""""""",1,1,5,5,True,"""|""|""|à°ħà°¯|à°¿à°¤|à±ĩ,|Ġà°®à°²|à±ĩà°·|à°¿à°¯|à°¾à°²|à±ĭ|Ġà°ķà°¨|à±Ģà°¸|à°Ĥ|Ġà°Ĺ|à±įà°°|à°¾à°®|à±Ģà°£|Ġà°ª|à±įà°°|à°¾à°Ĥ|à°¤|à°¾à°²à°²|à±ĭ|Ġà°¨|à°¿|Ġà°®à°²|à°¾à°¯|à±į|Ġà°²à°²|à±ĭ,|Ġ""|""|""|""|à°°|à°Ĥà°¡|à°¿""|""|""|""|Ġà°ħà°¨|à°¿|Ġà°ħà°°|à±įà°¥|à°Ĥ,|Ġà°¶à°°|à±Ģà°°|à°Ĥ|Ġà°µ|à±Īà°ª|à±ģ|Ġà°µ|à°Ĥà°Ĺ|à°¿à°¨|Ġà°ļ|à±Ĥà°ª|à±ģà°¡|à±ģ|Ġà°µ|à±ĩà°²|à±ģ|Ġà°¨|à±ģ|Ġà°ª|à±ĭà°²|à°¿|Ġà°ī|à°Ĥà°Ł|à±ģà°Ĥ|à°¦|à°¿,|Ġà°ķ|à±Ĭà°¨|à±įà°¨|à°¿|Ġà°ª|à°¾à°¶|à±įà°ļ|à°¾à°¤|à±įà°¯|Ġà°¦|à±ĩà°¶|à°¾à°²à°²|à±ĭ|Ġà°¦|à±Ģà°¨|à°¿à°¨|à°¿|Ġà°īà°ªà°¯|à±ĭà°Ĺ|à°¿à°¸|à±įà°¤|à°¾à°°|à±ģ,|Ġà°®à°°|à°¿à°¯|à±ģ|Ġà°Ĩ|Ġà°ª|à±įà°°à°¯|à±ĭà°ľà°¨|à°Ĥ|Ġà°ķ|à±ĭà°¸|à°Ĥ|Ġà°®|à°¾à°¤|à±įà°°à°®|à±ĩ|Ġà°īà°ªà°¯|à±ĭà°Ĺ|à°¿à°Ĥ|à°ļ|à°¾à°²|à°¿.|""|""|""","""|""|""|అయిత|,|మలేషి|యాల||కన|సం|గ్రా||ణ|ప్రా|తాలల||ని|మలాయ||లల|,|""|""|""|""|రండి""""""|""||అని|అర|థం,|శర|రం|వైప||వంగి|న|చూప|డు|వేల||ను|పోలి||ఉంట|ంది,|కొన్ని|పాశ|చాత|య|దేశాలల||దీనిని|ఉపయ|గి|స్తార|,|మరియు|ఆ ప్రయ|జనం|కోసం|మాత|రమ||ఉపయ|గి|ంచాలి|.""""|""","{""42"": ""\""|\""|\""|అయిత|,|మలేషి|యాల||కన|సం|గ్రా||ణ|ప్రా|తాలల||ని|మలాయ||లల|,|\""|\""|\""|\""|రండి\""\""\""|\""||అని|అర|థం,|శర|రం|వైప||వంగి|న|చూప|డు|వేల||ను|పోలి||ఉంట|ంది,|కొన్ని|పాశ|చాత|య|దేశాలల||దీనిని|ఉపయ|గి|స్తార|,|మరియు|ఆ ప్రయ|జనం|కోసం|మాత|రమ||ఉపయ|గి|ంచాలి|.\""\""|\"""", ""43"": ""\""|\""|\""|అయిత|,|మల|షి|యా|||కన|సం|గ్రా||ణ|ప్రా|తా|ల||ని|మలాయ||లలో,|\""\""|\""|\""|రండి\""\""|\""|\""||అని|అర|థం,|శర|రం|వైప||వంగి|న|చూపుడు|వేల||ను|పోలి||ఉంట|ంది,|కొన|ని|పాశ|చాత|య|దేశాలల||దీనిని|ఉపయ|గి|స్తా||,|మరియు|ఆ ప్రయ|జనం|కోసం|మాత|రమ||ఉపయోగి|ంచాలి|.\""\""|\"""", ""44"": ""\""|\""|\""|అయిత|,|మలేషియాల||కన|సం|గ్రా||ణ|ప్రా|తా|ల||ని|మలాయ||లలో,|\""\""|\""|\""|రండి|\""\""|\""|\""||అని|అర|థం,|శరీరం|వైప||వంగి|న|చూపుడు|వేల||ను|పోలి||ఉంటుంది,|కొన|ని|పాశ|చాత|య|దేశాలల||దీని|ని|ఉపయోగి|స్తార|,|మరియ||ఆ ప్రయ|జనం|కోసం|మాత|రమ||ఉపయ|గి|ంచాలి|.\""\""|\"""", ""45"": ""\""|\""|\""|అయిత|,|మల|షి|యాల||కన|సం|గ్రా||ణ|ప్రా|తాలల||ని|మలాయ||లలో,|\""\""|\""|\""|రండి|\""\""|\""|\""||అని|అర|థం,|శర|రం|వైప||వంగి|న|చూపుడు|వేల||ను|పోలి|ఉంటుంది,|కొన|ని|పాశ|చాత|య|దేశాలల||దీని|ని|ఉపయ|గి|స్తా||,|మరియు|ఆ ప్రయ|జనం|కోసం|మాత|రమ||ఉపయ|గి|ంచాలి|.\""\""|\"""", ""46"": ""\""|\""|\""|అయిత|,|మల|షి|యాల||కన|సం|గ్రా||ణ|ప్రా|తా|ల||ని|మలాయ||లలో,|\""\""|\""|\""|రండి\""\""\""|\""||అని|అర|థం,|శర|రం|వైప||వంగి|న|చూప|డు|వేల||ను|పోలి|ఉంట|ంది,|కొన్ని|పాశ|చాత|య|దేశాలల||దీని|ని|ఉపయోగి|స్తార|,|మరియు|ఆ ప్రయ|జనం|కోసం|మాత|రమ||ఉపయ|గి|ంచాలి|.\""\""|\""""}"
te,"""""""అయితే, ముప్పు స్థాయిని తీవ్రంగా తగ్గించడం వల్ల మొత్తం ముప్పు తొలగిపోయిందని అర్థం కాదు"""""""".""""""",1,1,5,5,True,"""|""|""|à°ħà°¯|à°¿à°¤|à±ĩ,|Ġà°®|à±ģà°ª|à±įà°ª|à±ģ|Ġà°¸|à±įà°¥|à°¾à°¯|à°¿à°¨|à°¿|Ġà°¤|à±Ģà°µ|à±įà°°|à°Ĥà°Ĺ|à°¾|Ġà°¤à°Ĺ|à±įà°Ĺ|à°¿à°Ĥ|à°ļà°¡|à°Ĥ|Ġà°µà°²|à±įà°²|Ġà°®|à±Ĭà°¤|à±įà°¤|à°Ĥ|Ġà°®|à±ģà°ª|à±įà°ª|à±ģ|Ġà°¤|à±Ĭà°²à°Ĺ|à°¿à°ª|à±ĭà°¯|à°¿à°Ĥ|à°¦à°¨|à°¿|Ġà°ħà°°|à±įà°¥|à°Ĥ|Ġà°ķ|à°¾à°¦|à±ģ""|""|""|"".|""|""|""","""|""|""|అయిత|,|ముప|ప||స్థాయి|ని||తీవ|రంగ|ా|తగ్గి|ంచడం|వల|ల|మొత|తం|ముప|ప||తొలగి|ప|యిందని||అర|థం|కాద|""""""|""|.""""""","{""42"": ""\""|\""|\""|అయిత|,|ముప|ప||స్థాయి|ని||తీవ|రంగ|ా|తగ్గి|ంచడం|వల|ల|మొత|తం|ముప|ప||తొలగి|ప|యిందని||అర|థం|కాద|\""\""\""|\""|.\""\""\"""", ""43"": ""\""|\""|\""|అయిత|,|ముప|ప||స్థాయి|ని|తీవ|రంగ|ా|తగ్గి|ంచడం|వల|ల|మొత|తం|ముప|ప||తొలగి|ప|యిందని||అర|థం|కాద|\""\""\""|\""|.\""\""\"""", ""44"": ""\""|\""|\""||యిత|,|ముప|ప||స్థాయి|ని|తీవ|రంగ|ా|తగ్గి|ంచడం|వల|ల|మొత|తం|ముప|ప||తొలగి|ప|యి|ందని||అర|థం|కాద|\""\""|\""\""|.\""\""\"""", ""45"": ""\""|\""|\""|అయిత|,|ముప|ప||స్థాయి|ని|తీవ|రంగా|తగ|గి|ంచడం|వల|ల|మొత|తం|ముప|ప||తొలగి|ప|యిందని||అర|థం|కాద|\""\""|\""|\""|.\""\""|\"""", ""46"": ""\""|\""|\""|అయిత|,|ముప|ప||స్థాయి|ని|తీవ|రంగ|ా|తగ్గి|ంచడం|వల|ల|మొత|తం|ముప|ప||తొలగి|ప|యిందని||అర|థం|కాద|\""\""|\""|\""|.\""\""|\""""}"
te,"""""""అయితే, వారు తమ అభివృద్ధి దశ, బాధ్యత సామర్థ్యాలను దాటి వెళ్ళే బాధ్యతలను స్వీకరించమని కోరకూడదు"""" అని కూడా ఆయన అన్నారు.""""""",1,1,5,5,True,"""|""|""|à°ħà°¯|à°¿à°¤|à±ĩ,|Ġà°µ|à°¾à°°|à±ģ|Ġà°¤à°®|Ġà°ħà°Ń|à°¿à°µ|à±ĥà°¦|à±įà°§|à°¿|Ġà°¦à°¶|,|Ġà°¬|à°¾à°§|à±įà°¯à°¤|Ġà°¸|à°¾à°®à°°|à±įà°¥|à±įà°¯|à°¾à°²à°¨|à±ģ|Ġà°¦|à°¾à°Ł|à°¿|Ġà°µ|à±Ĩà°³|à±įà°³|à±ĩ|Ġà°¬|à°¾à°§|à±įà°¯à°¤à°²à°¨|à±ģ|Ġà°¸|à±įà°µ|à±Ģà°ķà°°|à°¿à°Ĥ|à°ļà°®à°¨|à°¿|Ġà°ķ|à±ĭà°°|à°ķ|à±Ĥà°¡à°¦|à±ģ""|""|Ġà°ħà°¨|à°¿|Ġà°ķ|à±Ĥà°¡|à°¾|Ġà°Ĩà°¯à°¨|Ġà°ħà°¨|à±įà°¨|à°¾à°°|à±ģ.|""|""|""","""|""|""|అయిత|,|వార||తమ|అభివ|ద|ధి|దశ,|బాధ|యత|సామర|థ్యా|న||దాటి||వెళ్ళ||బాధ|యతలన||స్వ|కరి|ంచమని||కోరక|డద|""""||అని|కూడా|ఆయన|అన్నార|.""""|""","{""42"": ""\""|\""|\""|అయిత|,|వార||తమ|అభివ|ద|ధి|దశ,|బాధ|యత|సామర|థ్యా|న||దాటి||వెళ్ళ||బాధ|యతలన||స్వ|కరి|ంచమని||కోరక|డద|\""\""||అని|కూడా|ఆయన|అన్నార|.\""\""|\"""", ""43"": ""\""|\""|\""|అయి|త|,|వార||తమ|అభివ|ద|ధి||దశ,|బాధ|యత|సామర|థ|యా|న||దాటి||వెళ్ళ||బాధ|యతలన||స్వ|కరి|ంచమని||కోరక|డద|\""\""||అని|కూడా|ఆయన|అన్నార|.\""\""|\"""", ""44"": ""\""|\""|\""|అయిత|,|వార||తమ|అభివ|ద|ధి|దశ,|బాధ|యత|సామర|థ్యాలన||దాటి||వెళ్ళ||బాధ|యతలన||స్వ|కరి|ంచమని||కోరక|డద|\""\""|అని|కూడా|ఆయన|అన్నార|.\""\""|\"""", ""45"": ""\""|\""|\""|అయిత|,|వార||తమ|అభివ|ద|ధి|దశ,|బాధ|యత|సామర|థ్యాలన||దాటి||వెళ్ళ||బాధ|యతలన||స్వ|కరి|ంచమని||కోరక|డద|\""\""|అని|కూడా|ఆయన|అన్నార|.\""|\""|\"""", ""46"": ""\""|\""|\""|అయిత|,|వార||తమ|అభివ|ద|ధి|దశ,|బాధ|యత|సామర|థ్యాలన||దాటి||వెళ్ళ||బాధ|యతలన||స్వ|కరి|ంచమని||కోరక|డద|\""\""||అని|కూడా|ఆయన|అన|నార|.\""\""|\""""}"
te,"""""""అలాగే బ్లాగింగ్ """"""""విద్యార్థులు తమ చుట్టూ ఉన్న ప్రపంచం గురించి మరింత సావిడ్గా మారేందుకు బలవంతపెడతారు."""""""" ప్రేక్షకుల ఆసక్తిని ఫీడ్ చేయాల్సిన అవసరం విద్యార్థులకు స్ఫూర్తినిస్తుంది మరియు ఆసక్తికరంగా ఉంటుంది (టోటో, 2004).""""""",1,1,5,5,True,"""|""|""|à°ħà°²|à°¾à°Ĺ|à±ĩ|Ġà°¬|à±įà°²|à°¾à°Ĺ|à°¿à°Ĥ|à°Ĺ|à±į|Ġ""|""|""|""|à°µ|à°¿à°¦|à±įà°¯|à°¾à°°|à±įà°¥|à±ģà°²|à±ģ|Ġà°¤à°®|Ġà°ļ|à±ģà°Ł|à±įà°Ł|à±Ĥ|Ġà°īà°¨|à±įà°¨|Ġà°ª|à±įà°°à°ª|à°Ĥà°ļ|à°Ĥ|Ġà°Ĺ|à±ģà°°|à°¿à°Ĥ|à°ļ|à°¿|Ġà°®à°°|à°¿à°Ĥ|à°¤|Ġà°¸|à°¾à°µ|à°¿à°¡|à±įà°Ĺ|à°¾|Ġà°®|à°¾à°°|à±ĩà°Ĥ|à°¦|à±ģà°ķ|à±ģ|Ġà°¬à°²à°µ|à°Ĥà°¤à°ª|à±Ĩà°¡à°¤|à°¾à°°|à±ģ.|""|""|""|""|Ġà°ª|à±įà°°|à±ĩà°ķ|à±įà°·à°ķ|à±ģà°²|Ġà°Ĩà°¸à°ķ|à±įà°¤|à°¿à°¨|à°¿|Ġà°«|à±Ģà°¡|à±į|Ġà°ļ|à±ĩà°¯|à°¾à°²|à±įà°¸|à°¿à°¨|Ġà°ħà°µà°¸à°°|à°Ĥ|Ġà°µ|à°¿à°¦|à±įà°¯|à°¾à°°|à±įà°¥|à±ģà°²à°ķ|à±ģ|Ġà°¸|à±įà°«|à±Ĥà°°|à±įà°¤|à°¿à°¨|à°¿à°¸|à±įà°¤|à±ģà°Ĥ|à°¦|à°¿|Ġà°®à°°|à°¿à°¯|à±ģ|Ġà°Ĩà°¸à°ķ|à±įà°¤|à°¿à°ķà°°|à°Ĥà°Ĺ|à°¾|Ġà°ī|à°Ĥà°Ł|à±ģà°Ĥ|à°¦|à°¿|Ġ(|à°Ł|à±ĭà°Ł|à±ĭ,|Ġ|200|4|).|""|""|""","""|""|""|అలాగ||బ్లా|ి|ంగ||""""|""|""|విద|యార|థులు|తమ|చుట్ట||ఉన్న|ప్రపంచ|ం|గురించి||మరింత|సావిడ|గా|మార|ంద|క||బలవంతప|డతార|.""""|""|""||ప్ర|క్షక|ల|ఆసక|తిని|ఫీడ్|చేయాల|సిన|అవసరం|విద|యార|థులక||స్ఫ|ర|తినిస|త|ంది|మరియ||ఆసక|తికరంగ|ా|ఉంట|ంది|(టోట|,|2004).""""|""","{""42"": ""\""|\""|\""|అలాగ||బ్లా|ి|ంగ||\""\""|\""|\""|విద|యార|థులు|తమ|చుట్ట||ఉన్న|ప్రపంచ|ం|గురించి||మరింత|సావిడ|గా|మార|ంద|క||బలవంతప|డతార|.\""\""|\""|\""||ప్ర|క్షక|ల|ఆసక|తిని|ఫీడ్|చేయాల|సిన|అవసరం|విద|యార|థులక||స్ఫ|ర|తినిస|త|ంది|మరియ||ఆసక|తికరంగ|ా|ఉంట|ంది|(టోట|,|2004).\""\""|\"""", ""43"": ""\""|\""|\""|అలాగ||బ్లా|ి|ంగ||\""\""|\""|\""|విద|యార|థులు|తమ|చుట్ట||ఉన్న|ప్రపంచ|ం|గురించి||మరింత|సావి|డ|గా|మార|ంద|కు|బలవంత|ప|డతార|.\""|\""|\""|\""||ప్ర|క్షక|ల|ఆసక|తి|ని|ఫీడ్|చేయాల|సి|న|అవసరం|విద|యార|థులక||స్ఫ|ర|తినిస|త|ంది|మరియు|ఆసక|తికరంగ|ా|ఉంట|ంది|(టోట|,|2004).\""\""|\"""", ""44"": ""\""|\""|\""|అలాగ||బ్లాగి|ంగ||\""\""|\""|\""|విద|యార|థులు|తమ|చుట్ట||ఉన్న|ప్రపంచ|ం|గురించి||మరింత|సావి|డ|గా|మార|ంద|కు|బలవంతప|డతార|.\""|\""|\""|\""||ప్ర|క|షక|ల|ఆసక|తిని|ఫీడ||చేయాల|సి|న|అవసరం|విద|యార|థులక||స్ఫూర|తినిస్త|ంది|మరియ||ఆసక|తికరంగ|ా|ఉంట|ంది|(టోట|,|2004).\""|\""\"""", ""45"": ""\""|\""|\""|అలాగ||బ్లాగి|ంగ||\""\""|\""|\""|విద|యార|థులు|తమ|చుట్ట||ఉన్న|ప్రపంచ|ం|గురించి||మరింత|సావి|డ|గా|మార|ంద|కు|బలవంతప|డతార|.\""\""\""|\""||ప్ర|క్షక|ల|ఆసక|తిని|ఫీడ||చేయాల|సి|న|అవసరం|విద|యార|థులక||స్ఫ|ర|తినిస్త|ంది|మరియ||ఆసక|తికరంగ|ా|ఉంట|ంది|(టోట|,|2004).\""\""\"""", ""46"": ""\""|\""|\""|అలాగ||బ్లాగి|ంగ||\""\""|\""|\""|విద|యార|థుల||తమ|చుట్ట||ఉన్న|ప్రపంచ|ం|గురించి||మరింత|సావి|డ్గా|మార|ంద|క||బలవంతప|డతార|.\""|\""\""|\""||ప్ర|క|షక|ల|ఆసక|తిని|ఫీడ్|చేయాల|సిన|అవసరం|విద|యార|థులక||స్ఫ|ర|తినిస్త|ంది|మరియు|ఆసక|తికరంగ|ా|ఉంట|ంది|(టోటో,|2004).\""\""|\""""}"
te,"""""""అవును! కింగ్ టుటంఖమున్, కొన్నిసార్లు """"కింగ్ టుట్"""" లేదా """"ది బాయ్ కింగ్"""" అని కూడా పిలుస్తారు, ఆధునిక కాలంలో అత్యంత ప్రసిద్ధ పురాతన ఈజిప్షియన్ రాజులలో ఒకరు.""""""",1,1,5,5,True,"""|""|""|à°ħà°µ|à±ģà°¨|à±ģ!|Ġà°ķ|à°¿à°Ĥ|à°Ĺ|à±į|Ġà°Ł|à±ģà°Ł|à°Ĥà°ĸ|à°®|à±ģà°¨|à±į,|Ġà°ķ|à±Ĭà°¨|à±įà°¨|à°¿à°¸|à°¾à°°|à±įà°²|à±ģ|Ġ""|""|à°ķ|à°¿à°Ĥ|à°Ĺ|à±į|Ġà°Ł|à±ģà°Ł|à±į""|""|Ġà°²|à±ĩà°¦|à°¾|Ġ""|""|à°¦|à°¿|Ġà°¬|à°¾à°¯|à±į|Ġà°ķ|à°¿à°Ĥ|à°Ĺ|à±į""|""|Ġà°ħà°¨|à°¿|Ġà°ķ|à±Ĥà°¡|à°¾|Ġà°ª|à°¿à°²|à±ģà°¸|à±įà°¤|à°¾à°°|à±ģ,|Ġà°Ĩà°§|à±ģà°¨|à°¿à°ķ|Ġà°ķ|à°¾à°²|à°Ĥà°²|à±ĭ|Ġà°ħà°¤|à±įà°¯|à°Ĥà°¤|Ġà°ª|à±įà°°à°¸|à°¿à°¦|à±įà°§|Ġà°ª|à±ģà°°|à°¾à°¤à°¨|Ġà°Īà°ľ|à°¿à°ª|à±įà°·|à°¿à°¯à°¨|à±į|Ġà°°|à°¾à°ľ|à±ģà°²à°²|à±ĭ|Ġà°Ĵà°ķà°°|à±ģ.|""|""|""","""|""|""|అవును!|కింగ||టుటంఖమ|న్,|కొన|నిసార|లు|""""|కింగ||టుట్""""||లేదా|""""|ది|బాయ||కింగ|""""||అని|కూడా|పిల|స్తా||,|ఆధునిక|కాలంల||అత|యంత|ప్రసి|ద|ధ|పురా|న|ఈజిప|షి|యన||రాజ|లల||ఒకర|.""""|""","{""42"": ""\""|\""|\""|అవును!|కింగ||టుటంఖమ|న్,|కొన|నిసార|లు|\""\""|కింగ||టుట్\""\""||లేదా|\""\""|ది|బాయ||కింగ|\""\""||అని|కూడా|పిల|స్తా||,|ఆధునిక|కాలంల||అత|యంత|ప్రసి|ద|ధ|పురా|న|ఈజిప|షి|యన||రాజ|లల||ఒకర|.\""\""|\"""", ""43"": ""\""|\""|\""|అవ|ను!|కింగ||టుట|ంఖమ|న్,|కొన|నిసా||లు|\""\""|కింగ||టుట్\""\""|లేదా|\""\""|ది|బాయ్|కింగ|\""\""||అని|కూడా|పిల|స్తార|,|ఆధునిక|కాలంల||అత|యంత|ప్రసి|ద|ధ|పురా|న|ఈజిప|షి|యన||రాజ|లల||ఒకర|.\""\""\"""", ""44"": ""\""|\""|\""|అవ|న|!|కింగ||టుటంఖమ|న్,|కొన్నిసార|లు|\""\""|కింగ||టుట్\""\""||లేదా|\""\""ది|బాయ||కింగ|\""\""|అని|కూడా|పిల|స్తా||,|ఆధునిక|కాలంల||అత|యంత|ప్రసి|ద|ధ|పురా|న|ఈజిప|షి|యన||రాజ|లల||ఒకర|.\""\""|\"""", ""45"": ""\""|\""|\""|అవ|న|!|కింగ||టుటంఖమ|న్,|కొన|నిసా||లు|\""\""|కింగ||టుట|\""\""||లేదా|\""\""|ది|బాయ||కింగ|\""\""||అని|కూడా|పిల|స్తా||,|ఆధునిక|కాలంల||అత|యంత|ప్రసి|ద|ధ|పురా|న|ఈజిప|షి|యన||రాజ|లల||ఒకర|.\""\""|\"""", ""46"": ""\""|\""|\""|అవ|ను!|కింగ||టుటంఖమ|న్,|కొన|నిసార|లు|\""\""|కింగ||టుట్\""\""||లేదా|\""\""|ది|బాయ||కింగ|\""\""||అని|కూడా|పిల|స్తా||,|ఆధునిక|కాలంల||అత|యంత|ప్రసి|ద|ధ|పురా|న|ఈజిప|షి|యన||రాజులల||ఒకర|.\""\""|\""""}"
te,"""""""ఆమె చాలా అందంగా ఉంటుంది మరియు చాలా బాగా పాడుతుంది"""" అని ఆయన అన్నట్లు వార్తా సమావేశంలో ఓ ట్రాన్స్క్రిప్టు తెలిపింది.""",1,1,5,5,True,"""|""|""|à°Ĩà°®|à±Ĩ|Ġà°ļ|à°¾à°²|à°¾|Ġà°ħ|à°Ĥà°¦|à°Ĥà°Ĺ|à°¾|Ġà°ī|à°Ĥà°Ł|à±ģà°Ĥ|à°¦|à°¿|Ġà°®à°°|à°¿à°¯|à±ģ|Ġà°ļ|à°¾à°²|à°¾|Ġà°¬|à°¾à°Ĺ|à°¾|Ġà°ª|à°¾à°¡|à±ģà°¤|à±ģà°Ĥ|à°¦|à°¿""|""|Ġà°ħà°¨|à°¿|Ġà°Ĩà°¯à°¨|Ġà°ħà°¨|à±įà°¨à°Ł|à±įà°²|à±ģ|Ġà°µ|à°¾à°°|à±įà°¤|à°¾|Ġà°¸à°®|à°¾à°µ|à±ĩà°¶|à°Ĥà°²|à±ĭ|Ġà°ĵ|Ġà°Ł|à±įà°°|à°¾à°¨|à±įà°¸|à±įà°ķ|à±įà°°|à°¿à°ª|à±įà°Ł|à±ģ|Ġà°¤|à±Ĩà°²|à°¿à°ª|à°¿à°Ĥ|à°¦|à°¿.|""","""|""|""|ఆమ||చాలా|అందంగ|ా|ఉంట|ంది|మరియ||చాలా|బాగా|పాడ|త|ంది""""||అని|ఆయన|అన|నట్ల||వార|తా|సమావ|శంల||ఓ|ట్రా||స్క|రి|ప|ట||తెలిపి|ంది|.""","{""42"": ""\""|\""|\""|ఆమ||చాలా|అందంగ|ా|ఉంట|ంది|మరియ||చాలా|బాగా|పాడ|త|ంది\""\""||అని|ఆయన|అన|నట్ల||వార|తా|సమావ|శంల||ఓ|ట్రా||స్క|రి|ప|ట||తెలిపి|ంది|.\"""", ""43"": ""\""|\""|\""|ఆమ||చాలా|అందంగ|ా|ఉంట|ంది||మరియ||చాలా|బాగా|పాడ|త|ంది\""\""||అని|ఆయన|అన|నట్ల||వార|తా|సమావ|శంల||ఓ|ట్రాన|స్క|రి|ప|టు|తెలిపి|ంది.\"""", ""44"": ""\""|\""|\""|ఆమె|చాలా|అందంగ|ా|ఉంట|ంది|మరియ||చాలా|బాగా|పాడ|త|ంది\""\""||అని|ఆయన|అన|నట్ల||వార|తా|సమావ|శంల||ఓ|ట్రాన|స్క|రి|ప|ట||తెలిపి|ంది.\"""", ""45"": ""\""|\""|\""|ఆమె|చాలా|అందంగ|ా|ఉంట|ంది|మరియ||చాలా|బాగా|పాడ|త|ంది\""\""||అని|ఆయన|అన|నట్ల||వార|తా|సమావ|శంల||ఓ|ట్రాన|స్క|రి|ప|టు|తెలిపి|ంది.\"""", ""46"": ""\""|\""|\""|ఆమ||చాలా|అందంగ|ా|ఉంట|ంది|మరియ||చాలా|బాగా|పాడ|త|ంది\""\""||అని|ఆయన|అన|నట్ల||వార|తా|సమా||శంల||ఓ|ట్రా||స్క|రి|ప|టు|తెలిపి|ంది.\""""}"
te,"""""""ఇది """"""""విచీ"""""""" ఫ్రెంచ్ పాలనలో ఉండేది. వీరు 1940లో జర్మన్లతో శాంతిని ఏర్పాటు చేసి, వారితో పోరాడటానికి బదులు ఆక్రమణదారులతో కలిసి పనిచేసారు.""""""",1,1,5,5,True,"""|""|""|à°ĩà°¦|à°¿|Ġ""|""|""|""|à°µ|à°¿à°ļ|à±Ģ|""|""|""|""|Ġà°«|à±įà°°|à±Ĩà°Ĥ|à°ļ|à±į|Ġà°ª|à°¾à°²à°¨à°²|à±ĭ|Ġà°ī|à°Ĥà°¡|à±ĩà°¦|à°¿.|Ġà°µ|à±Ģà°°|à±ģ|Ġ|194|0|à°²|à±ĭ|Ġà°ľà°°|à±įà°®à°¨|à±įà°²à°¤|à±ĭ|Ġà°¶|à°¾à°Ĥ|à°¤|à°¿à°¨|à°¿|Ġà°ıà°°|à±įà°ª|à°¾à°Ł|à±ģ|Ġà°ļ|à±ĩà°¸|à°¿,|Ġà°µ|à°¾à°°|à°¿à°¤|à±ĭ|Ġà°ª|à±ĭà°°|à°¾à°¡à°Ł|à°¾à°¨|à°¿à°ķ|à°¿|Ġà°¬à°¦|à±ģà°²|à±ģ|Ġà°Ĩà°ķ|à±įà°°à°®à°£|à°¦|à°¾à°°|à±ģà°²à°¤|à±ĭ|Ġà°ķà°²|à°¿à°¸|à°¿|Ġà°ªà°¨|à°¿à°ļ|à±ĩà°¸|à°¾à°°|à±ģ.|""|""|""","""|""|""|ఇది|""""|""|""|విచ|""""|""""|ఫ్ర|ంచ||పాలనల||ఉండ|ది.|వీర||1940లో|జర్మన|లత||శాంతి|ని|ఏర|పాటు|చేసి,|వారి|త||పోరాడట|ాని|కి|బదులు|ఆక|రమణదార|లత||కలిసి||పనిచ|సార|.""""""","{""42"": ""\""|\""|\""|ఇది|\""\""|\""|\""|విచ|\""\""|\""\""|ఫ్ర|ంచ||పాలనల||ఉండ|ది.|వీర||1940లో|జర్మన|లత||శాంతి|ని|ఏర|పాటు|చేసి,|వారి|త||పోరాడట|ాని|కి|బదులు|ఆక|రమణదార|లత||కలిసి||పనిచ|సార|.\""\""\"""", ""43"": ""\""|\""|\""|ఇది|\""\""|\""|\""|విచ|\""\""|\""|\""||ఫ్రెంచ||పాలనల||ఉండ|ది.|వీర||1940లో|జర్మన|లత||శాంతిని|ఏర|పాటు|చేసి,|వారి|త||పోరాడటాని|కి|బదులు|ఆక|రమణదా||లత||కలిసి||పనిచ|సార|.\""\""|\"""", ""44"": ""\""|\""|\""|ఇది|\""\""|\""\""|విచ|\""\""|\""|\""||ఫ్ర|ంచ||పాలనల||ఉండ|ది.|వీర||1940లో|జర్మన|లత||శాంతి|ని|ఏర|పాట||చేసి,|వారి|త||పోరాడట|ాని|కి|బదులు|ఆక్రమణదా||లత||కలిసి||పనిచ|సార|.\""\""|\"""", ""45"": ""\""|\""|\""|ఇది|\""\""|\""|\""|విచ|\""\""\""|\""||ఫ్ర|ంచ||పాలనల||ఉండ|ది.|వీర||1940లో|జర్మన|లత||శాంతి|ని|ఏర|పాటు|చేసి,|వారి|త||పోరాడట|ాని|కి|బదులు|ఆక్రమణదా||లత||కలిసి||పనిచ|సార|.\""\""|\"""", ""46"": ""\""|\""|\""|ఇది|\""\""|\""|\""|విచ|\""\""\""|\""||ఫ్ర|ంచ||పాలనల||ఉండ|ది.|వీర||1940లో|జర్మన|లత||శాంతి|ని|ఏర|పాటు|చేసి,|వారి|త||పోరాడట|ాని|కి|బద|ల||ఆక|రమణదా||లత||కలిసి||పనిచ|సార|.\""|\""|\""""}"
te,"""""""ఇది ఉత్తర కాలిఫోర్నియా యొక్క పశ్చిమ తీరం మీదుగా కదులుతుంది మరియు కాలిఫోర్నియా నుండి మధ్య ఒరెగాన్ గుండా మరియు నెవాడా మరియు ఇడాహో గుండా మరియు ఉటాలోకి ఆకాశాన్ని వెలిగిస్తుంది"""" అని స్టార్‌డస్ట్ యొక్క ప్రాజెక్ట్ మేనేజర్ టామ్ డక్స్‌బరీ చెప్పారు.""",1,1,5,5,True,"""|""|""|à°ĩà°¦|à°¿|Ġà°īà°¤|à±įà°¤à°°|Ġà°ķ|à°¾à°²|à°¿à°«|à±ĭà°°|à±įà°¨|à°¿à°¯|à°¾|Ġà°¯|à±Ĭà°ķ|à±įà°ķ|Ġà°ªà°¶|à±įà°ļ|à°¿à°®|Ġà°¤|à±Ģà°°|à°Ĥ|Ġà°®|à±Ģà°¦|à±ģà°Ĺ|à°¾|Ġà°ķà°¦|à±ģà°²|à±ģà°¤|à±ģà°Ĥ|à°¦|à°¿|Ġà°®à°°|à°¿à°¯|à±ģ|Ġà°ķ|à°¾à°²|à°¿à°«|à±ĭà°°|à±įà°¨|à°¿à°¯|à°¾|Ġà°¨|à±ģà°Ĥ|à°¡|à°¿|Ġà°®à°§|à±įà°¯|Ġà°Ĵà°°|à±Ĩà°Ĺ|à°¾à°¨|à±į|Ġà°Ĺ|à±ģà°Ĥ|à°¡|à°¾|Ġà°®à°°|à°¿à°¯|à±ģ|Ġà°¨|à±Ĩà°µ|à°¾à°¡|à°¾|Ġà°®à°°|à°¿à°¯|à±ģ|Ġà°ĩ|à°¡|à°¾à°¹|à±ĭ|Ġà°Ĺ|à±ģà°Ĥ|à°¡|à°¾|Ġà°®à°°|à°¿à°¯|à±ģ|Ġà°ī|à°Ł|à°¾à°²|à±ĭà°ķ|à°¿|Ġà°Ĩà°ķ|à°¾à°¶|à°¾à°¨|à±įà°¨|à°¿|Ġà°µ|à±Ĩà°²|à°¿à°Ĺ|à°¿à°¸|à±įà°¤|à±ģà°Ĥ|à°¦|à°¿""|""|Ġà°ħà°¨|à°¿|Ġà°¸|à±įà°Ł|à°¾à°°|à±į|âĢ|Į|à°¡|à°¸|à±įà°Ł|à±į|Ġà°¯|à±Ĭà°ķ|à±įà°ķ|Ġà°ª|à±įà°°|à°¾à°ľ|à±Ĩà°ķ|à±įà°Ł|à±į|Ġà°®|à±ĩà°¨|à±ĩà°ľà°°|à±į|Ġà°Ł|à°¾à°®|à±į|Ġà°¡|à°ķ|à±įà°¸|à±į|âĢ|Į|à°¬à°°|à±Ģ|Ġà°ļ|à±Ĩà°ª|à±įà°ª|à°¾à°°|à±ģ.|""","""|""|""|ఇది|ఉత|తర|కాలి|ఫోర|నియా|యొక|క|పశ|చి|మ|తీరం|మీద|గా|కద|ల|త|ంది|మరియ||కాలి|ఫ|ర|నియా|నుండి|మధ|య|ఒర|గాన||గుండా|మరియ||నెవాడా|మరియ||ఇడాహ||గుండా|మరియు|ఉటాల|కి|ఆకా|ాన|ని|వెలిగి|స్త|ంది""""||అని|స్టార|‌డస్ట||యొక్క|ప్రా||క్ట్|మేన|జర||టామ||డక్స్‌బర||చెప్పార|.""","{""42"": ""\""|\""|\""|ఇది|ఉత|తర|కాలి|ఫోర|నియా|యొక|క|పశ|చి|మ|తీరం|మీద|గా|కద|ల|త|ంది|మరియ||కాలి|ఫ|ర|నియా|నుండి|మధ|య|ఒర|గాన||గుండా|మరియ||నెవాడా|మరియ||ఇడాహ||గుండా|మరియు|ఉటాల|కి|ఆకా|ాన|ని|వెలిగి|స్త|ంది\""\""||అని|స్టార|‌డస్ట||యొక్క|ప్రా||క్ట్|మేన|జర||టామ||డక్స్‌బర||చెప్పార|.\"""", ""43"": ""\""|\""|\""|ఇది|ఉత|తర|కాలి|ఫ|ర|నియా|యొక|క|పశ్చి|మ|తీరం|మీద|గా|కద|ల|త|ంది|మరియు|కాలి|ఫ|ర|నియా|నుండి|మధ్య|ఒర|గాన||గుండా|మరియు|నెవాడా|మరియ||ఇడాహ||గుండా|మరియ||ఉటాల|కి|ఆకా|ా||ని|వెలిగి|స్త|ంది\""\""||అని|స్టార|‌డస్ట||యొక్క|ప్రా||క|ట్|మేన|జర||టామ||డక్స్‌బర||చెప్పార|.\"""", ""44"": ""\""|\""|\""|ఇది|ఉత|తర|కాలి|ఫ|ర|నియా|యొక్క|పశ|చి|మ|తీరం|మీద|గా|కద|ల|త|ంది|మరియ||కాలి|ఫ|ర|నియా|నుండి|మధ్య|ఒర|గాన||గుండా|మరియ||నెవాడా|మరియు|ఇడాహ||గుండా|మరియు|ఉటాల|కి|ఆకాశా||ని|వెలిగి|స్త|ంది\""\""||అని|స్టార|‌డస్ట||యొక|క|ప్రా||క|ట్|మేనేజర||టామ||డక|స్‌బర||చెప్పార|.\"""", ""45"": ""\""|\""|\""|ఇది|ఉత|తర|కాలి|ఫ|ర|నియా|యొక|క|పశ|చి|మ|తీరం|మీద|గా|కద|ల|త|ంది|మరియ||కాలి|ఫ|ర|నియా|నుండి|మధ్య|ఒర|గాన||గుండా|మరియు|నెవాడా|మరియ||ఇడాహ||గుండా|మరియు|ఉటాల|కి|ఆకాశాన|ని|వెలిగి|స్త|ంది\""\""||అని|స్టార|‌డస్ట్|యొక్క|ప్రా||క|ట్|మేన|జర||టామ||డక|స్‌బర||చెప్పార|.\"""", ""46"": ""\""|\""|\""|ఇది|ఉత|తర|కాలి|ఫ|ర|నియా|యొక|క|పశ|చి|మ|తీరం|మీద|గా|కద|లుత|ంది|మరియ||కాలి|ఫ|ర|నియా|నుండి|మధ|య|ఒర|గాన||గుండా|మరియు|నెవాడా|మరియ||ఇడాహ||గుండా|మరియ||ఉటాల|కి|ఆకా|ాన|ని|వెలిగి|స్త|ంది\""\""||అని|స్టా||‌డస్ట||యొక|క|ప్రా||క|ట్|మేన|జర||టామ||డక|స్‌బర||చెప్పార|.\""""}"
te,"""""""ఇది విస్తృతంగా ఉపయోగించబడినప్పటికీ, ప్రత్యేకించి రోమానీ యేతర దేశాల్లో, """"""""జిప్సీ"""""""" అనే పదం తరచుగా వ్యతిరేక స్టీరియోటైప్ లతో మరియు రోమానీ ప్రజల యొక్క తప్పుడు అభిప్రాయాలతో దాని యొక్క సహవాసాన్ని కలిగి ఉండటం వలన అభ్యంతరకరంగా పరిగణించబడుతుంది.""""""",1,1,5,5,True,"""|""|""|à°ĩà°¦|à°¿|Ġà°µ|à°¿à°¸|à±įà°¤|à±ĥà°¤|à°Ĥà°Ĺ|à°¾|Ġà°īà°ªà°¯|à±ĭà°Ĺ|à°¿à°Ĥ|à°ļà°¬à°¡|à°¿à°¨à°ª|à±įà°ªà°Ł|à°¿à°ķ|à±Ģ,|Ġà°ª|à±įà°°à°¤|à±įà°¯|à±ĩà°ķ|à°¿à°Ĥ|à°ļ|à°¿|Ġà°°|à±ĭà°®|à°¾à°¨|à±Ģ|Ġà°¯|à±ĩà°¤à°°|Ġà°¦|à±ĩà°¶|à°¾à°²|à±įà°²|à±ĭ,|Ġ""|""|""|""|à°ľ|à°¿à°ª|à±įà°¸|à±Ģ|""|""|""|""|Ġà°ħà°¨|à±ĩ|Ġà°ªà°¦|à°Ĥ|Ġà°¤à°°à°ļ|à±ģà°Ĺ|à°¾|Ġà°µ|à±įà°¯à°¤|à°¿à°°|à±ĩà°ķ|Ġà°¸|à±įà°Ł|à±Ģà°°|à°¿à°¯|à±ĭà°Ł|à±Īà°ª|à±į|Ġà°²à°¤|à±ĭ|Ġà°®à°°|à°¿à°¯|à±ģ|Ġà°°|à±ĭà°®|à°¾à°¨|à±Ģ|Ġà°ª|à±įà°°à°ľà°²|Ġà°¯|à±Ĭà°ķ|à±įà°ķ|Ġà°¤à°ª|à±įà°ª|à±ģà°¡|à±ģ|Ġà°ħà°Ń|à°¿à°ª|à±įà°°|à°¾à°¯|à°¾à°²à°¤|à±ĭ|Ġà°¦|à°¾à°¨|à°¿|Ġà°¯|à±Ĭà°ķ|à±įà°ķ|Ġà°¸à°¹|à°µ|à°¾à°¸|à°¾à°¨|à±įà°¨|à°¿|Ġà°ķà°²|à°¿à°Ĺ|à°¿|Ġà°ī|à°Ĥà°¡à°Ł|à°Ĥ|Ġà°µà°²à°¨|Ġà°ħà°Ń|à±įà°¯|à°Ĥà°¤à°°|à°ķà°°|à°Ĥà°Ĺ|à°¾|Ġà°ªà°°|à°¿à°Ĺà°£|à°¿à°Ĥ|à°ļà°¬à°¡|à±ģà°¤|à±ģà°Ĥ|à°¦|à°¿.|""|""|""","""|""|""|ఇది|విస్త|తంగ|ా|ఉపయ|గి|ంచబడి|నప|పటి|క|,|ప్రత|య|కించి||రోమాన||యేతర|దేశాల|లో,|""""|""|""|జిప|సీ""""""|""||అన||పదం|తరచ|గా|వ్యతి|ర|క|స్ట|రి|య|టైప||లత||మరియ||రోమాన||ప్రజ|ల|యొక్క|తప్ప|డు|అభిప|రా|ా|త||దాని||యొక్క|సహవా|ాన|ని|కలిగి||ఉండటం|వలన|అభ్యంతరకరంగ|ా|పరిగణి|ంచబడ|త|ంది.""""|""","{""42"": ""\""|\""|\""|ఇది|విస్త|తంగ|ా|ఉపయ|గి|ంచబడి|నప|పటి|క|,|ప్రత|య|కించి||రోమాన||యేతర|దేశాల|లో,|\""\""|\""|\""|జిప|సీ\""\""\""|\""||అన||పదం|తరచ|గా|వ్యతి|ర|క|స్ట|రి|య|టైప||లత||మరియ||రోమాన||ప్రజ|ల|యొక్క|తప్ప|డు|అభిప|రా|ా|త||దాని||యొక్క|సహవా|ాన|ని|కలిగి||ఉండటం|వలన|అభ్యంతరకరంగ|ా|పరిగణి|ంచబడ|త|ంది.\""\""|\"""", ""43"": ""\""|\""|\""|ఇది|విస్త|తంగ|ా|ఉపయ|గి|ంచబడి|నప|పటి|క|,|ప్రత|య|కించి||రోమాన||యేతర|దేశాల|ల|,|\""\""|\""|\""జిప|స|\""\""|\""|\""||అనే|పదం|తరచ|గా|వ్యతి|ర|క|స్టీరియోట|ప||లత||మరియు|రోమాన||ప్రజ|ల|యొక|క|తప్ప|డు|అభిప|రా|ా|త||దాని||యొక|క|సహవాసా||ని|కలిగి||ఉండటం|వలన|అభ్యంతరకరంగ|ా|పరిగణి|ంచబడ|త|ంది.\""\""|\"""", ""44"": ""\""|\""|\""|ఇది|విస్త|తంగ|ా|ఉపయ|గి|ంచబడి|నప|పటి|క|,|ప్రత|య|కి|ంచి||రోమాన||యేతర|దేశాల|ల|,|\""\""|\""|\""|జిప|సీ\""\""|\""|\""||అనే|పదం|తరచ|గా|వ్యతి|ర|క|స్ట|రియోట|ప||లత||మరియ||రోమాన||ప్రజ|ల|యొక్క|తప్ప|డు|అభిప|రాయాలత||దాని||యొక్క|సహవా|ాన|ని|కలిగి||ఉండటం|వలన|అభ|యంతరకరంగ|ా|పరిగణి|ంచబడ|త|ంది.\""|\""|\"""", ""45"": ""\""|\""|\""|ఇది|విస్త|తంగ|ా|ఉపయోగి|ంచబడి|నప|పటి|క|,|ప్రత|య|కించి||రోమాన||యేతర|దేశాల|ల|,|\""|\""|\""|\""|జిప|స|\""\""|\""|\""||అనే|పదం|తరచ|గా|వ్యతి|ర|క|స్టీరియ|ట|ప||లత||మరియు|రోమాన||ప్రజ|ల|యొక్క|తప్ప|డు|అభిప|రా|ాలత||దాని||యొక|క|సహవా|ాన|ని|కలిగి||ఉండటం|వలన|అభ|యంతరకరంగ|ా|పరిగణి|ంచబడ|త|ంది.\""\""\"""", ""46"": ""\""|\""|\""||ది|విస్త|తంగ|ా|ఉపయ|గి|ంచబడి|నప|పటి|క|,|ప్రత|యేకి|ంచి||రోమాన||యేతర|దేశాల|ల|,|\""\""|\""|\""|జిప|సీ\""\""|\""|\""||అన||పదం|తరచ|గా|వ్యతి|ర|క|స్టీరి|య|ట|ప||లతో|మరియు|రోమాన||ప్రజల|యొక్క|తప్ప|డు|అభిప|రాయాలత||దాని||యొక్క|సహవాసా||ని|కలిగి||ఉండటం|వలన|అభ|యంతరకరంగ|ా|పరిగణి|ంచబడ|త|ంది.\""\""|\""""}"
te,"""""""ఇది వీడ్కోలు కాదు. ఇది ఒక అధ్యాయం ముగియడం మరియు కొత్త అధ్యాయానికి నాంది పలకడం.""""""",1,1,5,5,True,"""|""|""|à°ĩà°¦|à°¿|Ġà°µ|à±Ģà°¡|à±įà°ķ|à±ĭà°²|à±ģ|Ġà°ķ|à°¾à°¦|à±ģ.|Ġà°ĩà°¦|à°¿|Ġà°Ĵà°ķ|Ġà°ħà°§|à±įà°¯|à°¾à°¯|à°Ĥ|Ġà°®|à±ģà°Ĺ|à°¿à°¯à°¡|à°Ĥ|Ġà°®à°°|à°¿à°¯|à±ģ|Ġà°ķ|à±Ĭà°¤|à±įà°¤|Ġà°ħà°§|à±įà°¯|à°¾à°¯|à°¾à°¨|à°¿à°ķ|à°¿|Ġà°¨|à°¾à°Ĥ|à°¦|à°¿|Ġà°ªà°²à°ķ|à°¡|à°Ĥ.|""|""|""","""|""|""|ఇది|వీడ్క|ల||కాద|.|ఇది|ఒక|అధ్యా|ం|ముగి|యడం|మరియు|కొత|త|అధ|యాయాని|కి|నాంది|పలకడం.""""|""","{""42"": ""\""|\""|\""|ఇది|వీడ్క|ల||కాద|.|ఇది|ఒక|అధ్యా|ం|ముగి|యడం|మరియు|కొత|త|అధ|యాయాని|కి|నాంది|పలకడం.\""\""|\"""", ""43"": ""\""|\""|\""|ఇది|వీడ|క|ల||కాద|.|ఇది|ఒక|అధ్యా|ం|ముగి|యడం|మరియ||కొత|త|అధ|యా|ా|ి|కి|నాంది||పలకడం.\""|\""|\"""", ""44"": ""\""|\""|\""|ఇది|వీడ|క|ల||కాద|.|ఇది|ఒక|అధ|యా|ం|ముగి|యడం|మరియ||కొత|త|అధ|యా|ాని|కి|నాంది||పలకడం.\""\""\"""", ""45"": ""\""|\""|\""|ఇది|వీడ|క|ల||కాద|.|ఇది|ఒక|అధ్యా|ం|ముగి|యడం|మరియ||కొత|త|అధ్యా|ా|ి|కి|నాంది||పలకడం.\""|\""|\"""", ""46"": ""\""|\""|\""|ఇది|వీడ|క|ల||కాద|.|ఇది|ఒక|అధ్యాయం|ముగి|యడం|మరియ||కొత|త|అధ|యా|ాని|కి|నాంది|పలకడం.\""|\""|\""""}"
te,"""""""ఇన్విజిబుల్ టీం"""" అనేది ప్రతి సభ్యుడు నివేదించే నిర్వహణ బృందం. ఇన్విజిబుల్ టీం ప్రతి సభ్యునికి ప్రమాణాలను నిర్దేశిస్తుంది.""",1,1,5,5,True,"""|""|""|à°ĩà°¨|à±įà°µ|à°¿à°ľ|à°¿à°¬|à±ģà°²|à±į|Ġà°Ł|à±Ģà°Ĥ|""|""|Ġà°ħà°¨|à±ĩà°¦|à°¿|Ġà°ª|à±įà°°à°¤|à°¿|Ġà°¸à°Ń|à±įà°¯|à±ģà°¡|à±ģ|Ġà°¨|à°¿à°µ|à±ĩà°¦|à°¿à°Ĥ|à°ļ|à±ĩ|Ġà°¨|à°¿à°°|à±įà°µà°¹à°£|Ġà°¬|à±ĥà°Ĥ|à°¦|à°Ĥ.|Ġà°ĩà°¨|à±įà°µ|à°¿à°ľ|à°¿à°¬|à±ģà°²|à±į|Ġà°Ł|à±Ģà°Ĥ|Ġà°ª|à±įà°°à°¤|à°¿|Ġà°¸à°Ń|à±įà°¯|à±ģà°¨|à°¿à°ķ|à°¿|Ġà°ª|à±įà°°à°®|à°¾à°£|à°¾à°²à°¨|à±ģ|Ġà°¨|à°¿à°°|à±įà°¦|à±ĩà°¶|à°¿à°¸|à±įà°¤|à±ģà°Ĥ|à°¦|à°¿.|""","""|""|""|ఇన్విజి|బ|ల||టీం""""||అనేది|ప్రతి||సభ్య|డు|నివ|ది|ంచ||నిర|వహణ|బృందం.|ఇన|విజి|బ|ల్|టీం|ప్రతి||సభ్య|నికి|ప్రమా|ా|న||నిర|దేశి|స్త|ంది.""","{""42"": ""\""|\""|\""|ఇన్విజి|బ|ల||టీం\""\""||అనేది|ప్రతి||సభ్య|డు|నివ|ది|ంచ||నిర|వహణ|బృందం.|ఇన|విజి|బ|ల్|టీం|ప్రతి||సభ్య|నికి|ప్రమా|ా|న||నిర|దేశి|స్త|ంది.\"""", ""43"": ""\""|\""|\""|ఇన|విజి|బ|ల||టీం\""\""|అనేది|ప్రతి||సభ్య|డు|నివేదించ||నిర|వహణ|బృందం.|ఇన్విజి|బ|ల్|టీం|ప్రతి||సభ్య|నికి|ప్రమ||ాలన||నిర|ద|శి|స్త|ంది.\"""", ""44"": ""\""|\""|\""|ఇన్విజి|బ|ల||టీం\""\""||అన|ది|ప్రతి||సభ్య|డు|నివ|దించ||నిర|వహణ|బృందం.|ఇన|విజి|బ|ల||టీం|ప్రతి||సభ్య|నికి|ప్రమా|ాలన||నిర|దేశిస్త|ంది.\"""", ""45"": ""\""|\""|\""|ఇన|విజి|బ|ల||టీం\""\""||అనేది|ప్రతి||సభ్య|డు|నివ|ది|ంచ||నిర|వహణ|బృందం.|ఇన్విజి|బ|ల్|టీం|ప్రతి||సభ్య|నికి|ప్రమా|ాలన||నిర|ద|శి|స్త|ంది.\"""", ""46"": ""\""|\""|\""|ఇన్విజి|బ|ల్|టీం\""\""||అనేది|ప్రతి||సభ్య|డు|నివ|ది|ంచ||నిర|వహణ||బృందం.|ఇన|విజి|బ|ల||టీం|ప్రతి||సభ్య|నికి|ప్రమా|ాలన||నిర|దేశిస|త|ంది.\""""}"
te,"""""""ఈ పీఠా౦తాలను తరచూ """"""""విడ్డే"""""""" అని అ౦టే విశాలమైన, తెరచిఉన్న చెట్లు లేని స్థల౦, అ౦త౦ లేని విస్తారమైన విశాలమైన ప్రదేశ౦ అని పిలుస్తారు.""""""",1,1,5,5,True,"""|""|""|à°Ī|Ġà°ª|à±Ģà°ł|à°¾|à±¦|à°¤|à°¾à°²à°¨|à±ģ|Ġà°¤à°°à°ļ|à±Ĥ|Ġ""|""|""|""|à°µ|à°¿à°¡|à±įà°¡|à±ĩ|""|""|""|""|Ġà°ħà°¨|à°¿|Ġà°ħ|à±¦|à°Ł|à±ĩ|Ġà°µ|à°¿à°¶|à°¾à°²à°®|à±Īà°¨|,|Ġà°¤|à±Ĩà°°|à°ļ|à°¿à°|ī|à°¨|à±įà°¨|Ġà°ļ|à±Ĩà°Ł|à±įà°²|à±ģ|Ġà°²|à±ĩà°¨|à°¿|Ġà°¸|à±įà°¥à°²|à±¦|,|Ġà°ħ|à±¦|à°¤|à±¦|Ġà°²|à±ĩà°¨|à°¿|Ġà°µ|à°¿à°¸|à±įà°¤|à°¾à°°à°®|à±Īà°¨|Ġà°µ|à°¿à°¶|à°¾à°²à°®|à±Īà°¨|Ġà°ª|à±įà°°à°¦|à±ĩà°¶|à±¦|Ġà°ħà°¨|à°¿|Ġà°ª|à°¿à°²|à±ģà°¸|à±įà°¤|à°¾à°°|à±ģ.|""|""|""","""|""|""|ఈ పీఠా|తాలన||తరచ||""""|""|""|విడ|డ|""""""|""||అని|అ౦టే|విశా|మ|న,|తెరచి|ఉన్న|చెట్ల||లేని|స్థల|,|అ౦త||లేని|విస్తారమ|న|విశాలమ|న|ప్రద|శ౦|అని|పిలుస్తా||.""""""","{""42"": ""\""|\""|\""|ఈ పీఠా|తాలన||తరచ||\""\""|\""|\""|విడ|డ|\""\""\""|\""||అని|అ౦టే|విశా|మ|న,|తెరచి|ఉన్న|చెట్ల||లేని|స్థల|,|అ౦త||లేని|విస్తారమ|న|విశాలమ|న|ప్రద|శ౦|అని|పిలుస్తా||.\""\""\"""", ""43"": ""\""|\""|\""|ఈ పీఠా|తాలన||తరచ||\""\""\""|\""|విడ|డ|\""\""|\""|\""||అని|అ౦టే|విశా|మ|న,|తెరచి|ఉన|న|చెట్ల||లేని|స్థల|,|అ౦త||లేని|విస్తారమ|న|విశాలమ|న|ప్రద|శ||అని|పిల|స్తార|.\""\""|\"""", ""44"": ""\""|\""|\""ఈ పీఠా|తాలన||తరచ||\""\""|\""|\""|విడ|డ|\""\""\""|\""||అని|అ౦టే|విశాలమ|న,|తెరచి|ఉన్న|చెట్ల||లేని|స్థల|,|అ౦త||లేని|విస్తారమ|న|విశాలమ|న|ప్రద|శ౦|అని|పిల|స్తా||.\""\""|\"""", ""45"": ""\""|\""|\""|ఈ పీఠా|తాలన||తరచ||\""\""|\""|\""|విడ|డ|\""\""|\""|\""||అని|అ౦టే|విశా|మ|న,|తెరచి|ఉన్న|చెట్ల||లేని|స్థల|,|అ౦త||లేని|విస్తారమ|న|విశా|మ|న|ప్రద|శ౦|అని|పిల|స్తా||.\""\""|\"""", ""46"": ""\""|\""|\""|ఈ పీఠా|తాలన||తరచ||\""\""|\""\""|విడ|డ|\""\""|\""|\""||అని|అ౦టే|విశాలమ|న,|తెరచ|ి|ఉన|న|చెట్ల||లేని|స్థల|,|అ౦త||లేని|విస్తారమ|న|విశాలమ|న|ప్రద|శ||అని|పిల|స్తార|.\""\""|\""""}"
te,"""""""ఈ ప్రక్రియను """"""""ఉత్తేజిత మైన వికిరణాన్ని"""""""" అని శాస్త్రవేత్తలు అంటారు, ఎందుకంటే కాంతి కిరణాలు కాంతి కిరణాల ను ప్రేరేపించి, కాంతి యొక్క ఒక కాంతి ని వెలువరించడానికి కారణం, మరియు కాంతి ఒక రకమైన వికిరణం.""""""",1,1,5,5,True,"""|""|""|à°Ī|Ġà°ª|à±įà°°à°ķ|à±įà°°|à°¿à°¯à°¨|à±ģ|Ġ""|""|""|""|à°īà°¤|à±įà°¤|à±ĩà°ľ|à°¿à°¤|Ġà°®|à±Īà°¨|Ġà°µ|à°¿à°ķ|à°¿à°°à°£|à°¾à°¨|à±įà°¨|à°¿""|""|""|""|Ġà°ħà°¨|à°¿|Ġà°¶|à°¾à°¸|à±įà°¤|à±įà°°à°µ|à±ĩà°¤|à±įà°¤à°²|à±ģ|Ġà°ħ|à°Ĥà°Ł|à°¾à°°|à±ģ,|Ġà°İ|à°Ĥà°¦|à±ģà°ķ|à°Ĥà°Ł|à±ĩ|Ġà°ķ|à°¾à°Ĥ|à°¤|à°¿|Ġà°ķ|à°¿à°°à°£|à°¾à°²|à±ģ|Ġà°ķ|à°¾à°Ĥ|à°¤|à°¿|Ġà°ķ|à°¿à°°à°£|à°¾à°²|Ġà°¨|à±ģ|Ġà°ª|à±įà°°|à±ĩà°°|à±ĩà°ª|à°¿à°Ĥ|à°ļ|à°¿,|Ġà°ķ|à°¾à°Ĥ|à°¤|à°¿|Ġà°¯|à±Ĭà°ķ|à±įà°ķ|Ġà°Ĵà°ķ|Ġà°ķ|à°¾à°Ĥ|à°¤|à°¿|Ġà°¨|à°¿|Ġà°µ|à±Ĩà°²|à±ģà°µà°°|à°¿à°Ĥ|à°ļà°¡|à°¾à°¨|à°¿à°ķ|à°¿|Ġà°ķ|à°¾à°°à°£|à°Ĥ,|Ġà°®à°°|à°¿à°¯|à±ģ|Ġà°ķ|à°¾à°Ĥ|à°¤|à°¿|Ġà°Ĵà°ķ|Ġà°°à°ķà°®|à±Īà°¨|Ġà°µ|à°¿à°ķ|à°¿à°°à°£|à°Ĥ.|""|""|""","""|""|""|ఈ ప్రక|రి|యన||""""|""|""|ఉత|త|జిత|మైన|వికిరణాన|ని""""|""|""||అని|శాస్త|రవ|త|తల||అంటార|,|ఎంద|కంట||కాంతి||కిరణాల||కాంతి||కిరణా||ను|ప్ర|ర|పి|ంచి|,|కాంతి||యొక|క|ఒక|కాంతి||ని|వెల|వరి|ంచడా|ి|కి|కారణం,|మరియు|కాంతి||ఒక|రకమ|న|వికిరణం.""""|""","{""42"": ""\""|\""|\""|ఈ ప్రక|రి|యన||\""\""|\""|\""|ఉత|త|జిత|మైన|వికిరణాన|ని\""\""|\""|\""||అని|శాస్త|రవ|త|తల||అంటార|,|ఎంద|కంట||కాంతి||కిరణాల||కాంతి||కిరణా||ను|ప్ర|ర|పి|ంచి|,|కాంతి||యొక|క|ఒక|కాంతి||ని|వెల|వరి|ంచడా|ి|కి|కారణం,|మరియు|కాంతి||ఒక|రకమ|న|వికిరణం.\""\""|\"""", ""43"": ""\""|\""|\""|ఈ ప్రక|రి|యన||\""\""\""\""|ఉత|త|జి|త|మైన|వికిరణా||ని\""\""|\""|\""||అని|శాస|త|రవ|త|తల||అంటార|,|ఎంద|కంట||కాంతి||కిరణాల||కాంతి||కిరణాల|ను|ప్ర|రేపి|ంచి|,|కాంతి||యొక్క|ఒక|కాంతి||ని|వెల|వరి|ంచడాని|కి|కారణం,|మరియ||కాంతి||ఒక|రకమ|న|వికిరణం.\""\""|\"""", ""44"": ""\""|\""|\""|ఈ ప్రక|రి|యన||\""\""\""|\""|ఉత|త|జిత|మైన|వికిరణాన|ని\""\""|\""\""||అని|శాస|త|రవ|త|తల||అంటార|,|ఎంద|కంట||కాంతి||కిరణాల||కాంతి||కిరణాల|ను|ప్ర|ర|పి|ంచి|,|కాంతి||యొక్క|ఒక|కాంతి||ని|వెల|వరి|ంచడాని|కి|కారణం,|మరియు|కాంతి||ఒక|రకమ|న|వికిరణం.\""\""|\"""", ""45"": ""\""|\""|\""|ఈ ప్రక|రి|యన||\""\""|\""|\""|ఉత|త|జిత|మైన|వికిరణాన|ని\""\""|\""|\""||అని|శాస|త|రవ|త|తల||అంటార|,|ఎంద|కంట||కాంతి||కిరణాల||కాంతి||కిరణాల|ను|ప్ర|రేపి|ంచి|,|కాంతి||యొక్క|ఒక|కాంతి||ని|వెల|వరి|ంచడాని|కి|కారణం,|మరియు|కాంతి||ఒక|రకమ|న|వికిరణం.\""\""|\"""", ""46"": ""\""|\""|\""|ఈ ప్రక|రి|యన||\""\""\""|\""|ఉత|త|జిత|మైన|వికిరణాన|ని\""\""|\""|\""||అని|శాస|త|రవ|త|తల||అంటార|,|ఎంద|కంట||కాంతి||కిరణాల||కాంతి||కిరణాల|ను|ప్ర|రేపి|ంచి|,|కాంతి||యొక్క|ఒక|కాంతి||ని|వెల|వరి|ంచడాని|కి|కారణం,|మరియ||కాంతి||ఒక|రకమ|న|వికిరణం.\""\""|\""""}"
te,"""""""ఈ బిల్లు కాలిఫోర్నియా రాష్ట్రంలో విక్రయించబడిన హింసాత్మక వీడియో గేమ్లను డెకల్ రీడింగ్ """"""""18"""""""" అని లేబుల్ వేసి, ఒక నేరానికి $1000 జరిమానా ద్వారా ఒక మైనర్ కు వారి అమ్మకాన్ని చేస్తుంది.""""""",1,1,5,5,True,"""|""|""|à°Ī|Ġà°¬|à°¿à°²|à±įà°²|à±ģ|Ġà°ķ|à°¾à°²|à°¿à°«|à±ĭà°°|à±įà°¨|à°¿à°¯|à°¾|Ġà°°|à°¾à°·|à±įà°Ł|à±įà°°|à°Ĥà°²|à±ĭ|Ġà°µ|à°¿à°ķ|à±įà°°à°¯|à°¿à°Ĥ|à°ļà°¬à°¡|à°¿à°¨|Ġà°¹|à°¿à°Ĥ|à°¸|à°¾à°¤|à±įà°®à°ķ|Ġà°µ|à±Ģà°¡|à°¿à°¯|à±ĭ|Ġà°Ĺ|à±ĩà°®|à±įà°²à°¨|à±ģ|Ġà°¡|à±Ĩà°ķ|à°²|à±į|Ġà°°|à±Ģà°¡|à°¿à°Ĥ|à°Ĺ|à±į|Ġ""|""|""|""|18|""|""|""|""|Ġà°ħà°¨|à°¿|Ġà°²|à±ĩà°¬|à±ģà°²|à±į|Ġà°µ|à±ĩà°¸|à°¿,|Ġà°Ĵà°ķ|Ġà°¨|à±ĩà°°|à°¾à°¨|à°¿à°ķ|à°¿|Ġ$|100|0|Ġà°ľà°°|à°¿à°®|à°¾à°¨|à°¾|Ġà°¦|à±įà°µ|à°¾à°°|à°¾|Ġà°Ĵà°ķ|Ġà°®|à±Īà°¨à°°|à±į|Ġà°ķ|à±ģ|Ġà°µ|à°¾à°°|à°¿|Ġà°ħà°®|à±įà°®à°ķ|à°¾à°¨|à±įà°¨|à°¿|Ġà°ļ|à±ĩà°¸|à±įà°¤|à±ģà°Ĥ|à°¦|à°¿.|""|""|""","""|""|""|ఈ బిల|ల||కాలి|ఫ|ర|నియా|రాష|ట్రంల||విక|రయి|ంచబడి|న|హింసాత|మక|వీడి|య||గేమ|లన||డెకల||రీడింగ||""""|""|""|18""""""|""||అని|లేబుల||వేసి,|ఒక|నేరాని|కి|$1000|జరిమానా|ద్వా|ా|ఒక|మైనర||కు|వారి||అమ్మకా||ని|చేస్త|ంది.""""|""","{""42"": ""\""|\""|\""|ఈ బిల|ల||కాలి|ఫ|ర|నియా|రాష|ట్రంల||విక|రయి|ంచబడి|న|హింసాత|మక|వీడి|య||గేమ|లన||డెకల||రీడింగ||\""\""|\""|\""|18\""\""\""|\""||అని|లేబుల||వేసి,|ఒక|నేరాని|కి|$1000|జరిమానా|ద్వా|ా|ఒక|మైనర||కు|వారి||అమ్మకా||ని|చేస్త|ంది.\""\""|\"""", ""43"": ""\""|\""|\""|ఈ బిల|ల||కాలి|ఫ|ర|నియా|రాష|ట్రంల||విక|రయి|ంచబడి|న|హింసాత|మక|వీడియ||గేమ|లన||డెకల||రీడింగ||\""\""|\""|\""|18\""\""|\""|\""||అని|లేబుల్|వేసి,|ఒక|నేరాని|కి|$1000|జరిమానా|ద్వా|ా|ఒక|మైనర||కు|వారి||అమ్మకా||ని|చేస్త|ంది.\""\""|\"""", ""44"": ""\""|\""|\""|ఈ బిల|ల||కాలి|ఫ|ర|నియా|రాష|ట్రంల||విక|రయి|ంచబడి|న|హింసాత|మక|వీడియ||గేమ|లన||డెకల||రీడింగ||\""\""|\""|\""|18\""\""\""|\""|అని|లేబుల్|వేసి,|ఒక|నేరాని|కి|$1000|జరిమానా|ద్వారా|ఒక|మైనర||కు|వారి||అమ్మకా||ని|చేస్త|ంది.\""\""\"""", ""45"": ""\""|\""|\""|ఈ బిల|ల||కాలి|ఫ|ర|నియా|రాష|ట్రంల||విక|రయి|ంచబడి|న|హింసాత|మక|వీడి|య||గేమ|లన||డెకల||రీడి|ంగ||\""\""|\""|\""|18\""\""\""|\""||అని|లేబుల్|వేసి,|ఒక|నేరాని|కి|$1000|జరిమా|ా|ద్వా|ా|ఒక|మైనర||కు|వారి||అమ్మకా||ని|చేస్త|ంది.\""\""|\"""", ""46"": ""\""|\""|\""|ఈ బిల|ల||కాలి|ఫోర|నియా|రాష|ట్రంల||విక|రయి|ంచబడి|న|హింసాత|మక|వీడి|య||గేమ|లన||డెకల||రీడింగ||\""\""|\""|\""|18\""\""|\""|\""||అని|లేబ|ల||వేసి,|ఒక|నేరాని|కి|$1000|జరిమానా|ద్వా|ా|ఒక|మైనర||కు|వారి||అమ్మకా||ని|చేస్త|ంది.\""\""|\""""}"
te,"""""""ఈ శిలాజం ఆధారంగా, ఈ విభజన పరమాణు ఆధారాల కంటే ముందుగా గ్రహించబడింది.""",1,1,5,5,True,"""|""|""|à°Ī|Ġà°¶|à°¿à°²|à°¾à°ľ|à°Ĥ|Ġà°Ĩà°§|à°¾à°°|à°Ĥà°Ĺ|à°¾,|Ġà°Ī|Ġà°µ|à°¿à°Ńà°ľà°¨|Ġà°ªà°°à°®|à°¾à°£|à±ģ|Ġà°Ĩà°§|à°¾à°°|à°¾à°²|Ġà°ķ|à°Ĥà°Ł|à±ĩ|Ġà°®|à±ģà°Ĥ|à°¦|à±ģà°Ĺ|à°¾|Ġà°Ĺ|à±įà°°à°¹|à°¿à°Ĥ|à°ļà°¬à°¡|à°¿à°Ĥ|à°¦|à°¿.|""","""|""|""|ఈ శిలా|ం|ఆధా|ంగ|ా,|ఈ|విభజ|న|పరమా|||ఆధా|ాల|కంట||ముంద|గా|గ్రహి|ంచబడి|ంది.""","{""42"": ""\""|\""|\""|ఈ శిలా|ం|ఆధా|ంగ|ా,|ఈ|విభజ|న|పరమా|||ఆధా|ాల|కంట||ముంద|గా|గ్రహి|ంచబడి|ంది.\"""", ""43"": ""\""|\""|\""|ఈ శిలాజం|ఆధా|ంగ|ా,|ఈ|విభజ|న|పరమాణ||ఆధారా||కంట||ముంద|గా|గ్రహి|ంచబడి|ంది|.\"""", ""44"": ""\""|\""|\""|ఈ శిలా|ం|ఆధా|ంగ|ా,|ఈ|విభజ|న|పరమాణ||ఆధా|ా||కంట||ముంద|గా|గ్రహి|ంచబడి|ంది.\"""", ""45"": ""\""|\""|\""|ఈ శిలాజం|ఆధారంగ|ా,|ఈ|విభజ|న|పరమాణ||ఆధారా||కంట||ముంద|గా|గ్రహి|ంచబడి|ంది.\"""", ""46"": ""\""|\""|\""|ఈ శిలాజం|ఆధా|ంగ|ా,|ఈ|విభజ|న|పరమా|||ఆధారా||కంట||ముంద|గా|గ్రహి|ంచబడి|ంది.\""""}"
te,"""""""ఒక నిజమైన """"""""అదృశ్య జట్టు"""""""" ఉనికి (లార్సన్ మరియు LaFasto, 1989, p109) కూడా ఒక వర్చువల్ జట్టు యొక్క ఒక ప్రత్యేక భాగం.""""""",1,1,5,5,True,"""|""|""|à°Ĵà°ķ|Ġà°¨|à°¿à°ľà°®|à±Īà°¨|Ġ""|""|""|""|à°ħà°¦|à±ĥà°¶|à±įà°¯|Ġà°ľà°Ł|à±įà°Ł|à±ģ""|""|""|""|Ġà°īà°¨|à°¿à°ķ|à°¿|Ġ(|à°²|à°¾à°°|à±įà°¸à°¨|à±į|Ġà°®à°°|à°¿à°¯|à±ģ|ĠLa|F|as|to|,|Ġ|198|9|,|Ġp|109|)|Ġà°ķ|à±Ĥà°¡|à°¾|Ġà°Ĵà°ķ|Ġà°µà°°|à±įà°ļ|à±ģà°µà°²|à±į|Ġà°ľà°Ł|à±įà°Ł|à±ģ|Ġà°¯|à±Ĭà°ķ|à±įà°ķ|Ġà°Ĵà°ķ|Ġà°ª|à±įà°°à°¤|à±įà°¯|à±ĩà°ķ|Ġà°Ń|à°¾à°Ĺ|à°Ĥ.|""|""|""","""|""|""|ఒక|నిజమ|న|""""|""|""|అదృశ|య|జట్ట|""""|""|""||ఉనికి|(లార|సన||మరియు|LaFasto,|1989,|p109)|కూడా|ఒక|వర|చ|వల||జట్టు|యొక్క|ఒక|ప్రత|య|క|భాగం.""|""""","{""42"": ""\""|\""|\""|ఒక|నిజమ|న|\""\""|\""|\""|అదృశ|య|జట్ట|\""\""|\""|\""||ఉనికి|(లార|సన||మరియు|LaFasto,|1989,|p109)|కూడా|ఒక|వర|చ|వల||జట్టు|యొక్క|ఒక|ప్రత|య|క|భాగం.\""|\""\"""", ""43"": ""\""|\""|\""|ఒక|నిజమ|న|\""\""\""|\""|అదృశ|య|జట్ట|\""|\""|\""|\""||ఉనికి|(లార|సన||మరియ||LaFasto,|1989,|p109)|కూడా|ఒక|వర|చ|వల||జట్టు|యొక్క|ఒక|ప్రత|య|క|భాగం.\""|\""|\"""", ""44"": ""\""|\""|\""|ఒక|నిజమ|న|\""\""|\""|\""|అద|శ|య|జట్ట|\""\""|\""|\""||ఉనికి|(లార|సన||మరియ||LaFasto,|1989,|p109)|కూడా|ఒక|వర|చువల||జట్ట||యొక్క|ఒక|ప్రత|య|క|భాగం.\""\""|\"""", ""45"": ""\""|\""|\""||క|నిజమ|న|\""\""|\""|\""|అద|శ|య|జట్ట|\""\""|\""|\""||ఉనికి|(లార|సన||మరియు|LaFasto,|1989,|p109)|కూడా|ఒక|వర|చువల్|జట్టు|యొక్క|ఒక|ప్రత|యేక|భాగం.\""|\""|\"""", ""46"": ""\""|\""|\""|ఒక|నిజమ|న|\""\""|\""|\""|అదృశ|య|జట్ట|\""\""|\""|\""||ఉనికి|(లార|సన||మరియు|LaFasto,|1989,|p109)|కూడా|ఒక|వర|చువల||జట్టు|యొక్క|ఒక|ప్రత|య|క|భాగం.\""\""|\""""}"
te,"""""""కన్సర్వేటివ్ పార్టీ యొక్క పర్యావరణ బిల్లుయొక్క """"""""సంపూర్ణ మరియు సంపూర్ణ పునఃరచన"""""""" కావాలని కోరుతూ, PMతో సమావేశం సందర్భంగా సంప్రదాయవాదుల పర్యావరణ బిల్లులో మార్పులు చేయమని లేటన్ కోరారు.""""""",1,1,5,5,True,"""|""|""|à°ķà°¨|à±įà°¸à°°|à±įà°µ|à±ĩà°Ł|à°¿à°µ|à±į|Ġà°ª|à°¾à°°|à±įà°Ł|à±Ģ|Ġà°¯|à±Ĭà°ķ|à±įà°ķ|Ġà°ªà°°|à±įà°¯|à°¾à°µà°°à°£|Ġà°¬|à°¿à°²|à±įà°²|à±ģà°¯|à±Ĭà°ķ|à±įà°ķ|Ġ""|""|""|""|à°¸|à°Ĥà°ª|à±Ĥà°°|à±įà°£|Ġà°®à°°|à°¿à°¯|à±ģ|Ġà°¸|à°Ĥà°ª|à±Ĥà°°|à±įà°£|Ġà°ª|à±ģà°¨|à°ĥ|à°°|à°ļà°¨|""|""|""|""|Ġà°ķ|à°¾à°µ|à°¾à°²à°¨|à°¿|Ġà°ķ|à±ĭà°°|à±ģà°¤|à±Ĥ,|ĠPM|à°¤|à±ĭ|Ġà°¸à°®|à°¾à°µ|à±ĩà°¶|à°Ĥ|Ġà°¸|à°Ĥà°¦à°°|à±įà°Ń|à°Ĥà°Ĺ|à°¾|Ġà°¸|à°Ĥà°ª|à±įà°°à°¦|à°¾à°¯à°µ|à°¾à°¦|à±ģà°²|Ġà°ªà°°|à±įà°¯|à°¾à°µà°°à°£|Ġà°¬|à°¿à°²|à±įà°²|à±ģà°²|à±ĭ|Ġà°®|à°¾à°°|à±įà°ª|à±ģà°²|à±ģ|Ġà°ļ|à±ĩà°¯à°®à°¨|à°¿|Ġà°²|à±ĩà°Ł|à°¨|à±į|Ġà°ķ|à±ĭà°°|à°¾à°°|à±ģ.|""|""|""","""|""|""|కన|సర|వేటి|వ||పార|టీ|యొక్క|పర్యావరణ||బిల|ల|యొక|క|""""|""|""|సంప|ర|ణ|మరియ||సంప|ర|ణ|పునఃరచన""|""""|""||కావాలని||కోర|తూ,|PMత||సమావ|శం|సందర|భంగా|సంప|రదా|వా||ల|పర|యావరణ||బిల|ల|లో|మార|పుల||చేయమని||లేటన||కోరార|.""""|""","{""42"": ""\""|\""|\""|కన|సర|వేటి|వ||పార|టీ|యొక్క|పర్యావరణ||బిల|ల|యొక|క|\""\""|\""|\""|సంప|ర|ణ|మరియ||సంప|ర|ణ|పునఃరచన\""|\""\""|\""||కావాలని||కోర|తూ,|PMత||సమావ|శం|సందర|భంగా|సంప|రదా|వా||ల|పర|యావరణ||బిల|ల|లో|మార|పుల||చేయమని||లేటన||కోరార|.\""\""|\"""", ""43"": ""\""|\""|\""|కన|సర|వేటి|వ||పార|టీ|యొక్క|పర|యావరణ||బిల|ల|య|క|క|\""\""|\""|\""సంప|ర|ణ|మరియ||సంప|ర|ణ|పునఃరచన\""|\""|\""|\""||కావాలని||కోర|తూ,|PMత||సమావ|శం|సందర|భంగా|సంప|రదా|వాద|ల|పర|యా|రణ||బిల|ల|లో|మార|పులు|చేయమని||లేటన||కోరార|.\""\""|\"""", ""44"": ""\""|\""|\""|కన|సర|వేటివ||పార|టీ|యొక్క|పర|యావరణ||బిల|ల|య|క్క|\""\""|\""|\""|సంప|ర|ణ|మరియు|సంప|ర|ణ|పునఃరచ|న\""|\""|\""|\""||కావాలని||కోర|తూ,|PMత||సమా||శం|సందర|భంగా|సంప|రదా|వా||ల|పర్యా|రణ||బిల|ల|లో|మార|పుల||చేయమని||లేటన||కోరార|.\""\""\"""", ""45"": ""\""|\""|\""|కన|సర|వేటివ||పార|టీ|యొక్క|పర|యావరణ||బిల|లుయొక్క|\""\""|\""|\""|సంప|ర|ణ|మరియ||సంప|ర|ణ|పునఃరచన\""|\""|\""|\""||కావాలని||కోర|త|,|PMత||సమావ|శం|సందర|భంగా|సంప|రదాయవా||ల|పర|యావరణ||బిల|లులో|మార|పులు|చేయమని||లేటన||కోరార|.\""\""|\"""", ""46"": ""\""|\""|\""|కన|సర|వేటివ||పార|టీ|యొక|క|పర్యావరణ||బిల|ల|య|క|క|\""\""|\""|\""|సంప|ర|ణ|మరియ||సంప|ర|ణ|పునఃరచన\""|\""|\""|\""||కావాలని||కోర|తూ,|PMత||సమావ|శం|సందర|భంగా|సంప|రదా|వా||ల|పర|యా|రణ||బిల్ల|లో|మార|పులు|చేయమని||లేటన||కోరార|.\""\""|\""""}"
te,"""""""కామిల్లె సెయింట్-సెయెన్స్ చే ఫ్రెంచ్ ఒపేరాలో ప్రజంట్ చేయబడ్డ కథ ఒక కళాకారుడికి సంబంధించినది, """"""""మాదక ద్రవ్యాలు మరియు జపాన్ పట్ల ప్రేమ ద్వారా అతని జీవితం ఆదేశిస్తుంది.""""""""""""""",1,1,5,5,True,"""|""|""|à°ķ|à°¾à°®|à°¿à°²|à±įà°²|à±Ĩ|Ġà°¸|à±Ĩà°¯|à°¿à°Ĥ|à°Ł|à±į-|à°¸|à±Ĩà°¯|à±Ĩà°¨|à±įà°¸|à±į|Ġà°ļ|à±ĩ|Ġà°«|à±įà°°|à±Ĩà°Ĥ|à°ļ|à±į|Ġà°Ĵà°ª|à±ĩà°°|à°¾à°²|à±ĭ|Ġà°ª|à±įà°°à°ľ|à°Ĥà°Ł|à±į|Ġà°ļ|à±ĩà°¯à°¬à°¡|à±įà°¡|Ġà°ķà°¥|Ġà°Ĵà°ķ|Ġà°ķà°³|à°¾à°ķ|à°¾à°°|à±ģà°¡|à°¿à°ķ|à°¿|Ġà°¸|à°Ĥà°¬|à°Ĥà°§|à°¿à°Ĥ|à°ļ|à°¿à°¨à°¦|à°¿,|Ġ""|""|""|""|à°®|à°¾à°¦à°ķ|Ġà°¦|à±įà°°à°µ|à±įà°¯|à°¾à°²|à±ģ|Ġà°®à°°|à°¿à°¯|à±ģ|Ġà°ľà°ª|à°¾à°¨|à±į|Ġà°ªà°Ł|à±įà°²|Ġà°ª|à±įà°°|à±ĩà°®|Ġà°¦|à±įà°µ|à°¾à°°|à°¾|Ġà°ħà°¤à°¨|à°¿|Ġà°ľ|à±Ģà°µ|à°¿à°¤|à°Ĥ|Ġà°Ĩà°¦|à±ĩà°¶|à°¿à°¸|à±įà°¤|à±ģà°Ĥ|à°¦|à°¿.|""|""|""|""|""|""|""","""|""|""|కామి|ల|ల||సెయింట|-|సెయెన|స||చే|ఫ్ర|ంచ||ఒపేరాల||ప్రజ|ంట||చేయబడ|డ|కథ|ఒక|కళాకా||డికి|సంబంధి|ంచి|నది|,|""|""|""|""|మాదక|ద్రవ|యా|||మరియు|జపాన||పట్ల|ప్ర|మ|ద్వా|ా|అతని||జీవి|తం|ఆద|శి|స్త|ంది.""""|""|""|""|""|""","{""42"": ""\""|\""|\""|కామి|ల|ల||సెయింట|-|సెయెన|స||చే|ఫ్ర|ంచ||ఒపేరాల||ప్రజ|ంట||చేయబడ|డ|కథ|ఒక|కళాకా||డికి|సంబంధి|ంచి|నది|,|\""|\""|\""|\""|మాదక|ద్రవ|యా|||మరియు|జపాన||పట్ల|ప్ర|మ|ద్వా|ా|అతని||జీవి|తం|ఆద|శి|స్త|ంది.\""\""|\""|\""|\""|\""|\"""", ""43"": ""\""|\""|\""|కామి|ల|లె|సెయింట|-|సెయెన్స్|చే|ఫ్రెంచ||ఒపేరాల||ప్రజ|ంట||చేయబడ|డ|కథ|ఒక|కళాకార|డికి|సంబంధి|ంచి|నది,|\""\""|\""|\""|మాదక|ద్రవ|యా|||మరియ||జపాన||పట్ల|ప్ర|మ|ద్వా|ా|అతని||జీవి|తం|ఆదేశి|స్త|ంది.\""\""|\""|\""|\""|\""\"""", ""44"": ""\""|\""|\""|కామి|ల|ల||సెయింట|-|సెయెన|స||చే|ఫ్ర|ంచ||ఒపేరాల||ప్రజంట||చేయబడ|డ|కథ|ఒక|కళాకా||డికి|సంబంధి|ంచి|నది,|\""\""|\""|\""|మాదక|ద్రవ|యా|||మరియ||జపాన||పట్ల|ప్ర|మ|ద్వా|ా|అతని||జీవి|తం|ఆదేశి|స్త|ంది.\""\""|\""|\""|\""|\""|\"""", ""45"": ""\""|\""|\""|కామి|ల|లె|సెయింట|-|సెయ|న|స్|చే|ఫ్ర|ంచ||ఒపేరాల||ప్రజ|ంట||చేయబడ|డ|కథ|ఒక|కళాకా||డికి|సంబంధి|ంచి|నది,|\""\""|\""|\""|మాదక|ద్రవ|యాల||మరియు|జపాన||పట్ల|ప్ర|మ|ద్వా|ా|అతని||జీవి|తం|ఆద|శిస్త|ంది.\""|\""|\""|\""|\""|\""|\"""", ""46"": ""\""|\""|\""|కామి|ల|ల||సెయింట|-|సెయెన|స్|చే|ఫ్ర|ంచ||ఒపేరాల||ప్రజ|ంట||చేయబడ|డ|కథ|ఒక|కళాకా||డికి|సంబంధి|ంచి|నది|,|\""|\""|\""|\""|మాదక|ద్రవ|యా|||మరియు|జపాన||పట్ల|ప్ర|మ|ద్వా|ా|అతని||జీవి|తం|ఆద|శి|స్త|ంది.\""\""|\""\""|\""|\""|\""""}"
te,"""""""కొంతమంది పాఠశాల వయస్సు పిల్లలు రోగిని ముట్టుకున్నట్లు గుర్తించారని మేము ఈ రోజు తెలుసుకున్నాము"""", అని గవర్నర్ కూడా పేర్కొన్నారు.""",1,1,5,5,True,"""|""|""|à°ķ|à±Ĭà°Ĥ|à°¤à°®|à°Ĥà°¦|à°¿|Ġà°ª|à°¾à°łà°¶|à°¾à°²|Ġà°µà°¯à°¸|à±įà°¸|à±ģ|Ġà°ª|à°¿à°²|à±įà°²à°²|à±ģ|Ġà°°|à±ĭà°Ĺ|à°¿à°¨|à°¿|Ġà°®|à±ģà°Ł|à±įà°Ł|à±ģà°ķ|à±ģà°¨|à±įà°¨à°Ł|à±įà°²|à±ģ|Ġà°Ĺ|à±ģà°°|à±įà°¤|à°¿à°Ĥ|à°ļ|à°¾à°°à°¨|à°¿|Ġà°®|à±ĩà°®|à±ģ|Ġà°Ī|Ġà°°|à±ĭà°ľ|à±ģ|Ġà°¤|à±Ĩà°²|à±ģà°¸|à±ģà°ķ|à±ģà°¨|à±įà°¨|à°¾à°®|à±ģ""|"",|Ġà°ħà°¨|à°¿|Ġà°Ĺà°µà°°|à±įà°¨à°°|à±į|Ġà°ķ|à±Ĥà°¡|à°¾|Ġà°ª|à±ĩà°°|à±įà°ķ|à±Ĭà°¨|à±įà°¨|à°¾à°°|à±ģ.|""","""|""|""|కొంతమంది||పాఠశాల|వయస|స||పిల|లల||రోగిని|ముట్ట|క|న్నట్ల||గుర|తించారని||మేమ||ఈ|రోజు|తెల|సుక|న్నామ|"""",|అని|గవర|నర||కూడా|పేర|క|న్నార|.""","{""42"": ""\""|\""|\""|కొంతమంది||పాఠశాల|వయస|స||పిల|లల||రోగిని|ముట్ట|క|న్నట్ల||గుర|తించారని||మేమ||ఈ|రోజు|తెల|సుక|న్నామ|\""\"",|అని|గవర|నర||కూడా|పేర|క|న్నార|.\"""", ""43"": ""\""|\""|\""|కొంతమంది||పాఠశా||వయస్స||పిల|లల||రోగిని|ముట్ట|క|న్నట్ల||గుర|తించారని||మేమ||ఈ|రోజు|తెల|సుక|న్నామ|\""\""|,|అని|గవర|నర||కూడా|పేర|క|న్నార|.\"""", ""44"": ""\""|\""|\""|కొంతమంది||పాఠశా||వయస|స||పిల|లల||రోగిని|ముట్ట|క|న్నట్ల||గుర|తించారని||మేమ||ఈ|రోజు|తెల|సుక|న్నామ|\""\""|,|అని|గవర|నర||కూడా|పేర|క|న|నార|.\"""", ""45"": ""\""|\""|\""|కొంతమంది||పాఠశా||వయస్స||పిల|లల||రోగిని|ముట|ట|క|న|నట్ల||గుర|తించారని||మేమ||ఈ|రోజ||తెల|సుక|న్నామ|\""\""|,|అని|గవర|నర||కూడా|పేర|కొన్నార|.\"""", ""46"": ""\""|\""|\""||ొంతమంది||పాఠశా||వయస|స||పిల|లల||రోగిని||ముట్ట|క|న్నట్ల||గుర|తించారని||మేమ||ఈ|రోజు|తెల|సుక|న్నామ|\""\""|,|అని|గవర|నర||కూడా|పేర|క|న్నార|.\""""}"
te,"""""""కొన్ని వారాల క్రితం, పాత్రికేయుడు మాకిస్ ట్రియాంటాఫైలోపౌలోస్ ప్రచురించిన సమాచారం తరువాత, ఆల్ఫా TVలో తన పాపులర్ టెలివిజన్ షో """"""""జౌంగ్లా""""""""లో పార్లమెంటు సభ్యుడు మరియు న్యాయవాది అయిన పెట్రోస్ మాంట్యూలోస్ తన కార్యాలయంలో నిస్సంహించిన అవినీతి మరియు అవినీతిలో పాలుపంచుకున్నందున అతని కార్యాలయ సభ్యులు విడిపింపబడ్డారు.""""""",1,1,5,5,True,"""|""|""|à°ķ|à±Ĭà°¨|à±įà°¨|à°¿|Ġà°µ|à°¾à°°|à°¾à°²|Ġà°ķ|à±įà°°|à°¿à°¤|à°Ĥ,|Ġà°ª|à°¾à°¤|à±įà°°|à°¿à°ķ|à±ĩà°¯|à±ģà°¡|à±ģ|Ġà°®|à°¾à°ķ|à°¿à°¸|à±į|Ġà°Ł|à±įà°°|à°¿à°¯|à°¾à°Ĥ|à°Ł|à°¾à°«|à±Īà°²|à±ĭà°ª|à±Įà°²|à±ĭà°¸|à±į|Ġà°ª|à±įà°°à°ļ|à±ģà°°|à°¿à°Ĥ|à°ļ|à°¿à°¨|Ġà°¸à°®|à°¾à°ļ|à°¾à°°|à°Ĥ|Ġà°¤à°°|à±ģà°µ|à°¾à°¤|,|Ġà°Ĩà°²|à±įà°«|à°¾|ĠTV|à°²|à±ĭ|Ġà°¤à°¨|Ġà°ª|à°¾à°ª|à±ģà°²à°°|à±į|Ġà°Ł|à±Ĩà°²|à°¿à°µ|à°¿à°ľà°¨|à±į|Ġà°·|à±ĭ|Ġ""|""|""|""|à°ľ|à±Įà°Ĥ|à°Ĺ|à±įà°²|à°¾|""|""|""|""|à°²|à±ĭ|Ġà°ª|à°¾à°°|à±įà°²à°®|à±Ĩà°Ĥ|à°Ł|à±ģ|Ġà°¸à°Ń|à±įà°¯|à±ģà°¡|à±ģ|Ġà°®à°°|à°¿à°¯|à±ģ|Ġà°¨|à±įà°¯|à°¾à°¯à°µ|à°¾à°¦|à°¿|Ġà°ħà°¯|à°¿à°¨|Ġà°ª|à±Ĩà°Ł|à±įà°°|à±ĭà°¸|à±į|Ġà°®|à°¾à°Ĥ|à°Ł|à±įà°¯|à±Ĥà°²|à±ĭà°¸|à±į|Ġà°¤à°¨|Ġà°ķ|à°¾à°°|à±įà°¯|à°¾à°²à°¯|à°Ĥà°²|à±ĭ|Ġà°¨|à°¿à°¸|à±įà°¸|à°Ĥà°¹|à°¿à°Ĥ|à°ļ|à°¿à°¨|Ġà°ħà°µ|à°¿à°¨|à±Ģà°¤|à°¿|Ġà°®à°°|à°¿à°¯|à±ģ|Ġà°ħà°µ|à°¿à°¨|à±Ģà°¤|à°¿à°²|à±ĭ|Ġà°ª|à°¾à°²|à±ģà°ª|à°Ĥà°ļ|à±ģà°ķ|à±ģà°¨|à±įà°¨|à°Ĥà°¦|à±ģà°¨|Ġà°ħà°¤à°¨|à°¿|Ġà°ķ|à°¾à°°|à±įà°¯|à°¾à°²à°¯|Ġà°¸à°Ń|à±įà°¯|à±ģà°²|à±ģ|Ġà°µ|à°¿à°¡|à°¿à°ª|à°¿à°Ĥ|à°ªà°¬à°¡|à±įà°¡|à°¾à°°|à±ģ.|""|""|""","""|""|""|కొన|ని|వారా||క్రి|తం,|పాత|రిక|యుడు|మాకిస్|ట్రి|యాంటాఫ|ల|ప|ల|స||ప్రచ||రి|ంచి|న|సమా|ా|ం|తర|వాత,|ఆల|ఫా|TVల||తన|పాప|లర||టెలివి|జన||షో|""""|""|""|జౌంగ|లా""""|""|""|లో|పార|లమ|ంటు|సభ్య|డు|మరియు|న్యాయవాది||అయిన|పెట్ర|స్|మాంట|య|ల|స్|తన|కార|యాలయంల||నిస|సంహి|ంచి|న|అవిన|తి|మరియు|అవిన|తిల||పా||పంచ|కున్నంద|న|అతని||కార|యాలయ|సభ్య|లు|విడి|పి|ంపబడ|డార|.""|""|""","{""42"": ""\""|\""|\""|కొన|ని|వారా||క్రి|తం,|పాత|రిక|యుడు|మాకిస్|ట్రి|యాంటాఫ|ల|ప|ల|స||ప్రచ||రి|ంచి|న|సమా|ా|ం|తర|వాత,|ఆల|ఫా|TVల||తన|పాప|లర||టెలివి|జన||షో|\""\""|\""|\""|జౌంగ|లా\""\""|\""|\""|లో|పార|లమ|ంటు|సభ్య|డు|మరియు|న్యాయవాది||అయిన|పెట్ర|స్|మాంట|య|ల|స్|తన|కార|యాలయంల||నిస|సంహి|ంచి|న|అవిన|తి|మరియు|అవిన|తిల||పా||పంచ|కున్నంద|న|అతని||కార|యాలయ|సభ్య|లు|విడి|పి|ంపబడ|డార|.\""|\""|\"""", ""43"": ""\""|\""|\""|కొన|ని|వారా||క్రి|తం,|పాత|రిక|యుడు|మాకిస్|ట్రి|యాంటాఫ|ల|ప|ల|స||ప్రచ||రించి|న|సమాచా|ం|తర|వాత,|ఆల|ఫా|TVల||తన|పాప|లర||టెలివి|జన||షో|\""\""|\""|\""|జౌంగ|లా\""\""|\""\""లో|పార|లమ|ంటు|సభ్య|డు|మరియు|న్యాయవా|ి||అయిన|పెట్ర|స్|మాంట|య|ల|స్|తన|కార|యాలయంల||నిస్సంహి|ంచి|న|అవిన|తి|మరియ||అవిన|తి|ల||పాల|పంచ|కున్నంద|న|అతని||కార|యాలయ|సభ్య|లు|విడి|పి|ంపబడ్డార|.\""\""\"""", ""44"": ""\""|\""|\""|కొన|ని|వారా||క్రి|తం,|పాత|రిక|య|డు|మాకిస్|ట్రియాంటాఫ|ల|ప|ల|స||ప్రచ||రించి|న|సమాచా|ం|తర|వాత,|ఆల|ఫా|TVల||తన|పాప|లర||టెలివి|జన||షో|\""\""|\""|\""|జౌంగ|లా\""\""\""|\""|లో|పార|లమ|ంటు|సభ్య|డు|మరియు|న్యాయవాది||అయిన|పెట్ర|స్|మాంట|య|ల|స్|తన|కార|యాలయంల||నిస్సంహి|ంచి|న|అవిన|తి|మరియ||అవిన|తిల||పాల|పంచ|కున్నంద|న|అతని||కార|యాలయ|సభ్య|లు|విడిపి|ంపబడ|డార|.\""\""\"""", ""45"": ""\""|\""|\""|కొన|ని|వారాల|క్రి|తం,|పాత|రిక|య|డు|మాకిస్|ట్రి|యాంటాఫ|ల|ప|ల|స||ప్రచ||రించి|న|సమా|ారం|తర|వాత,|ఆల|ఫా|TVల||తన|పాప|లర||టెలివి|జన||షో|\""\""|\""|\""|జౌంగ|లా\""\""|\""\""|లో|పార|లమ|ంటు|సభ్య|డు|మరియ||న్యాయవా|ి||అయిన|పెట్ర|స్|మాంట్య|ల|స్|తన|కార|యాలయంల||నిస్సంహి|ంచి|న|అవిన|తి|మరియు|అవిన|తిల||పాల|పంచ|కున్నంద|న|అతని||కార|యాలయ|సభ్య|లు|విడిపి|ంపబడ|డార|.\""\""|\"""", ""46"": ""\""|\""|\""|కొన|ని|వారాల|క్రి|తం,|పాత|రిక|య|డు|మాకిస్|ట్రియాంటాఫ|ల|ప|ల|స||ప్రచ||రించి|న|సమాచా|ం|తర|వాత,|ఆల|ఫా|TVల||తన|పాప|లర||టెలివి|జన||షో|\""\""|\""|\""|జౌంగ్లా\""\""|\""|\""|లో|పార|లమ|ంటు|సభ్య|డు|మరియు|న్యాయవా|ి||అయిన|పెట్ర|స్|మాంట్య|ల|స్|తన|కార|యాలయంల||నిస్సంహి|ంచి|న|అవిన|తి|మరియు|అవిన|తిల||పాల|పంచ|కున|నంద|న|అతని||కార|యాలయ|సభ|య|లు|విడిపి|ంపబడ|డార|.\""|\""|\""""}"
te,"""""""చివరకు ఒక అద్దాలు పగిలిపోయాయి, కిటికీ దగ్గర నుంచి బయటకు రావడం ప్రారంభించారు"""""""" అని ప్రాణాలతో ఉన్న ఫ్రాన్సిస్జెక్ కోవాల్ చెప్పాడు.""""""",1,1,5,5,True,"""|""|""|à°ļ|à°¿à°µà°°à°ķ|à±ģ|Ġà°Ĵà°ķ|Ġà°ħà°¦|à±įà°¦|à°¾à°²|à±ģ|Ġà°ªà°Ĺ|à°¿à°²|à°¿à°ª|à±ĭà°¯|à°¾à°¯|à°¿,|Ġà°ķ|à°¿à°Ł|à°¿à°ķ|à±Ģ|Ġà°¦à°Ĺ|à±įà°Ĺà°°|Ġà°¨|à±ģà°Ĥ|à°ļ|à°¿|Ġà°¬à°¯à°Łà°ķ|à±ģ|Ġà°°|à°¾à°µà°¡|à°Ĥ|Ġà°ª|à±įà°°|à°¾à°°|à°Ĥà°Ń|à°¿à°Ĥ|à°ļ|à°¾à°°|à±ģ""|""|""|""|Ġà°ħà°¨|à°¿|Ġà°ª|à±įà°°|à°¾à°£|à°¾à°²à°¤|à±ĭ|Ġà°īà°¨|à±įà°¨|Ġà°«|à±įà°°|à°¾à°¨|à±įà°¸|à°¿à°¸|à±įà°ľ|à±Ĩà°ķ|à±į|Ġà°ķ|à±ĭà°µ|à°¾à°²|à±į|Ġà°ļ|à±Ĩà°ª|à±įà°ª|à°¾à°¡|à±ģ.|""|""|""","""|""|""|చివరక||ఒక|అద|దాల||పగిలి|ప|యాయి|,|కిటి|క||దగ్గర|నుంచి|బయటక||రావడం|ప్రా|ంభి|ంచార|""""|""|""||అని|ప్రా|ాలత||ఉన్న|ఫ్రా||సి|స్జ|క||కోవాల||చెప్పాడ|.""""|""","{""42"": ""\""|\""|\""|చివరక||ఒక|అద|దాల||పగిలి|ప|యాయి|,|కిటి|క||దగ్గర|నుంచి|బయటక||రావడం|ప్రా|ంభి|ంచార|\""\""|\""|\""||అని|ప్రా|ాలత||ఉన్న|ఫ్రా||సి|స్జ|క||కోవాల||చెప్పాడ|.\""\""|\"""", ""43"": ""\""|\""|\""|చివరక||ఒక|అద|దాల||పగిలిప|యాయి|,|కిటి|క||దగ్గర|నుంచి|బయటక||రావడం|ప్రా|ంభి|ంచార|\""\""|\""|\""||అని|ప్రా|ాలత||ఉన్న|ఫ్రా||సిస్జ|క||కోవాల||చెప్పా||.\""\""|\"""", ""44"": ""\""|\""|\""|చివరక||ఒక|అద్దాల||పగిలి|ప|యాయి|,|కిటి|క||దగ్గర|నుంచి|బయటక||రావడం|ప్రా|ంభి|ంచార|\""\""|\""|\""||అని|ప్రా|ా|త||ఉన్న|ఫ్రా||సి|స్జ|క||కోవాల||చెప్పాడ|.\""|\""\"""", ""45"": ""\""|\""|\""|చివరక||ఒక|అద్దాల||పగిలి|ప|యాయి|,|కిటి|క||దగ్గర|నుంచి|బయటక||రావడం|ప్రా|ంభి|ంచార|\""\""|\""|\""||అని|ప్రా|ాలత||ఉన్న|ఫ్రా||సిస్జ|క||కోవాల||చెప్పాడ|.\""\""|\"""", ""46"": ""\""|\""|\""|చివరక||ఒక|అద|దాల||పగిలి|ప|యాయి|,|కిటి|క||దగ్గర|నుంచి||బయటక||రావడం|ప్రా|ంభి|ంచార|\""\""|\""|\""|అని|ప్రా|ాలత||ఉన్న|ఫ్రా||సి|స్జ|క||కోవాల||చెప్పాడ|.\""\""|\""""}"
te,"""""""జంతువులతో పని చేసే వ్యక్తుల సంక్షేమానికి అధిక ప్రాధాన్యత ఇచ్చేలా సిసి టీవి ఖచ్చితంగా బలమైన సిగ్నల్‌ను పంపుతుంది.""""""",1,1,5,5,True,"""|""|""|à°ľ|à°Ĥà°¤|à±ģà°µ|à±ģà°²à°¤|à±ĭ|Ġà°ªà°¨|à°¿|Ġà°ļ|à±ĩà°¸|à±ĩ|Ġà°µ|à±įà°¯à°ķ|à±įà°¤|à±ģà°²|Ġà°¸|à°Ĥà°ķ|à±įà°·|à±ĩà°®|à°¾à°¨|à°¿à°ķ|à°¿|Ġà°ħà°§|à°¿à°ķ|Ġà°ª|à±įà°°|à°¾à°§|à°¾à°¨|à±įà°¯à°¤|Ġà°ĩà°ļ|à±įà°ļ|à±ĩà°²|à°¾|Ġà°¸|à°¿à°¸|à°¿|Ġà°Ł|à±Ģà°µ|à°¿|Ġà°ĸà°ļ|à±įà°ļ|à°¿à°¤|à°Ĥà°Ĺ|à°¾|Ġà°¬à°²à°®|à±Īà°¨|Ġà°¸|à°¿à°Ĺ|à±įà°¨à°²|à±į|âĢ|Į|à°¨|à±ģ|Ġà°ª|à°Ĥà°ª|à±ģà°¤|à±ģà°Ĥ|à°¦|à°¿.|""|""|""","""|""|""|జంత|వ|లత||పని|చేసే|వ్యక|త|ల|సంక|ష|మాని|కి|అధిక|ప్రా|ా||యత|ఇచ్చ|లా|సిసి||టీవి|ఖచ్చి|తంగా|బలమ|న|సిగ|నల|‌న||పంప|త|ంది.""""|""","{""42"": ""\""|\""|\""|జంత|వ|లత||పని|చేసే|వ్యక|త|ల|సంక|ష|మాని|కి|అధిక|ప్రా|ా||యత|ఇచ్చ|లా|సిసి||టీవి|ఖచ్చి|తంగా|బలమ|న|సిగ|నల|‌న||పంప|త|ంది.\""\""|\"""", ""43"": ""\""|\""|\""|జంత|వ|లత||పని|చేసే|వ్యక|త|ల|సంక|ష|మాని|కి|అధిక|ప్రా|ా||యత|ఇచ్చ|లా|సిసి|టీవి||ఖచ|చి|తంగా|బలమ|న|సిగ|నల|‌న||పంప|త|ంది.\""\""|\"""", ""44"": ""\""|\""|\""|జంత|వ|లత||పని|చేసే|వ్యక|త|ల|సంక|ష|మాని|కి|అధిక|ప్రా|ా||యత|ఇచ్చ|లా|సిసి||టీవి||ఖచ్చి|తంగా|బలమ|న|సిగ|నల|‌ను|పంప|త|ంది.\""\""|\"""", ""45"": ""\""|\""|\""|జంత|వులత||పని|చేసే|వ్యక|త|ల|సంక|ష|మాని|కి|అధిక|ప్రా|ా||యత|ఇచ్చ|లా|సిసి||టీవి||ఖచ్చి|తంగా|బలమ|న|సిగ|నల|‌ను|పంప|త|ంది.\""\""|\"""", ""46"": ""\""|\""|\""|జంత|వులత||పని|చేసే|వ్యక|త|ల|సంక|ష|మాని|కి|అధిక|ప్రా|ా||యత|ఇచ్చ|లా|సిసి|టీవి||ఖచ్చి|తంగా|బలమ|న|సిగ|నల|‌ను|పంప|త|ంది.\""\""|\""""}"
te,"""""""జపాన్ కు ఉన్న ద్వీపాల సమూహం/సమూహం కారణంగా జపాన్ తరచుగా భౌగోళిక వైఖరితో , ఒక """"""""ద్వీపసమూహం""""""""గా సూచించబడుతుంది""""""",1,1,5,5,True,"""|""|""|à°ľ|à°ª|à°¾à°¨|à±į|Ġà°ķ|à±ģ|Ġà°īà°¨|à±įà°¨|Ġà°¦|à±įà°µ|à±Ģà°ª|à°¾à°²|Ġà°¸à°®|à±Ĥà°¹|à°Ĥ|/|à°¸à°®|à±Ĥà°¹|à°Ĥ|Ġà°ķ|à°¾à°°à°£|à°Ĥà°Ĺ|à°¾|Ġà°ľà°ª|à°¾à°¨|à±į|Ġà°¤à°°à°ļ|à±ģà°Ĺ|à°¾|Ġà°Ń|à±Įà°Ĺ|à±ĭà°³|à°¿à°ķ|Ġà°µ|à±Īà°ĸà°°|à°¿à°¤|à±ĭ|Ġ,|Ġà°Ĵà°ķ|Ġ""|""|""|""|à°¦|à±įà°µ|à±Ģà°ª|à°¸à°®|à±Ĥà°¹|à°Ĥ|""|""|""|""|à°Ĺ|à°¾|Ġà°¸|à±Ĥà°ļ|à°¿à°Ĥ|à°ļà°¬à°¡|à±ģà°¤|à±ģà°Ĥ|à°¦|à°¿""|""|""","""|""|""|జపాన||కు|ఉన్న|ద్వ|పా||సమూహం/|సమ|హం|కారణంగ|ా|జపాన||తరచ|గా|భౌగ|ళి|క|వైఖరి|త||,|ఒక|""""|""""|ద్వ|పసమ|హం""""|""|""|గా|సూచి|ంచబడ|త|ంది""""|""","{""42"": ""\""|\""|\""|జపాన||కు|ఉన్న|ద్వ|పా||సమూహం/|సమ|హం|కారణంగ|ా|జపాన||తరచ|గా|భౌగ|ళి|క|వైఖరి|త||,|ఒక|\""\""|\""\""|ద్వ|పసమ|హం\""\""|\""|\""|గా|సూచి|ంచబడ|త|ంది\""\""|\"""", ""43"": ""\""|\""|\""|జపాన||కు|ఉన్న|ద్వ|పాల|సమ|హం/|సమూహం|కారణంగ|ా|జపాన||తరచ|గా|భౌగోళిక|వైఖరి|త||,|ఒక|\""\""\""|\""|ద్వ|పసమ|హం\""\""|\""|\""|గా|సూచి|ంచబడ|త|ంది\""\""|\"""", ""44"": ""\""|\""|\""|జపాన||కు|ఉన్న|ద్వ|పాల|సమూహం/|సమ|హం|కారణంగ|ా|జపాన||తరచ|గా|భౌగోళి|క|వైఖరి|త||,|ఒక|\""\""|\""|\""|ద్వ|పసమ|హం\""\""|\""|\""|గా|సూచి|ంచబడ|త|ంది\""|\""|\"""", ""45"": ""\""|\""|\""|జపాన||కు|ఉన్న|ద్వ|పాల|సమూహం/|సమ|హం|కారణంగ|ా|జపాన||తరచ|గా|భౌగోళిక|వైఖరి|త||,|ఒక|\""\""|\""|\""|ద్వ|పసమ|హం\""|\""|\""\""|గా|సూచి|ంచబడ|త|ంది\""\""|\"""", ""46"": ""\""|\""|\""|జపాన||కు|ఉన్న|ద్వ|పా||సమ|హం/|సమ|హం|కారణంగ|ా|జపాన||తరచ|గా|భౌగోళి|క|వైఖరి|త||,|ఒక|\""\""|\""|\""|ద్వ|పసమ|హం\""|\""|\""|\""|గా|సూచి|ంచబడ|త|ంది\""\""|\""""}"
te,"""""""జీవశాస్త్ర అధ్యయనానికి కణాలు చాలా ప్రాథమికమైనవి మరియు కీలకమైనవి, నిజానికి, అవి తరచుగా """"""""జీవితపు భవన నిర్మాణ అడ్డంకులు""""""""గా సూచించబడతాయి.""""""",1,1,5,5,True,"""|""|""|à°ľ|à±Ģà°µ|à°¶|à°¾à°¸|à±įà°¤|à±įà°°|Ġà°ħà°§|à±įà°¯à°¯à°¨|à°¾à°¨|à°¿à°ķ|à°¿|Ġà°ķà°£|à°¾à°²|à±ģ|Ġà°ļ|à°¾à°²|à°¾|Ġà°ª|à±įà°°|à°¾à°¥à°®|à°¿à°ķà°®|à±Īà°¨à°µ|à°¿|Ġà°®à°°|à°¿à°¯|à±ģ|Ġà°ķ|à±Ģà°²à°ķà°®|à±Īà°¨à°µ|à°¿,|Ġà°¨|à°¿à°ľ|à°¾à°¨|à°¿à°ķ|à°¿,|Ġà°ħà°µ|à°¿|Ġà°¤à°°à°ļ|à±ģà°Ĺ|à°¾|Ġ""|""|""|""|à°ľ|à±Ģà°µ|à°¿à°¤|à°ª|à±ģ|Ġà°Ńà°µà°¨|Ġà°¨|à°¿à°°|à±įà°®|à°¾à°£|Ġà°ħà°¡|à±įà°¡|à°Ĥà°ķ|à±ģà°²|à±ģ""|""|""|""|à°Ĺ|à°¾|Ġà°¸|à±Ĥà°ļ|à°¿à°Ĥ|à°ļà°¬à°¡à°¤|à°¾à°¯|à°¿.|""|""|""","""|""|""|జీవశా||త|ర|అధ|యయనా|ి|కి|కణాల||చాలా|ప్రా|మి|కమ|నవి|మరియు|కీలకమ|నవి|,|నిజాని|క|,|అవి|తరచ|గా|""""|""|""|జీవి|తప||భవన|నిర|మాణ|అడ్డంక|లు""""|""|""|గా|సూచి|ంచబడతాయి|.""""|""","{""42"": ""\""|\""|\""|జీవశా||త|ర|అధ|యయనా|ి|కి|కణాల||చాలా|ప్రా|మి|కమ|నవి|మరియు|కీలకమ|నవి|,|నిజాని|క|,|అవి|తరచ|గా|\""\""|\""|\""|జీవి|తప||భవన|నిర|మాణ|అడ్డంక|లు\""\""|\""|\""|గా|సూచి|ంచబడతాయి|.\""\""|\"""", ""43"": ""\""|\""|\""|జీవశా||త|ర|అధ|యయనాని|కి|కణాల||చాలా|ప్రా|మి|కమ|నవి|మరియ||కీలకమ|నవి|,|నిజాని|కి,|అవి|తరచ|గా|\""\""|\""|\""|జీవి|తప||భవన|నిర|మాణ|అడ్డంక|లు\""\""|\""|\""|గా|సూచి|ంచబడతాయి|.\""\""|\"""", ""44"": ""\""|\""|\""|జీవశా||త|ర|అధ్యయనా|ి|కి|కణాల||చాలా|ప్రా|మి|కమ|నవి||మరియు|కీలకమ|నవి,|నిజాని|కి,|అవి|తరచ|గా|\""\""|\""|\""|జీవి|తప||భవన|నిర|మాణ|అడ్డంక|లు\""\""\""|\""|గా|సూచి|ంచబడతాయి|.\""|\""|\"""", ""45"": ""\""|\""|\""|జీవశా||త|ర|అధ్యయనా|ి|కి|కణాల||చాలా|ప్రా|మి|కమ|నవి|మరియ||కీలకమ|నవి|,|నిజాని|కి,|అవి|తరచ|గా|\""\""|\""|\""|జీవి|తప||భవన|నిర|మాణ|అడ్డంక|లు\""\""|\""|\""|గా|సూచి|ంచబడతాయి|.\""\""|\"""", ""46"": ""\""|\""|\""|జీవశా||త|ర|అధ|యయనా|ి|కి|కణాల||చాలా|ప్రా|మి|కమ|నవి|మరియ||కీలకమ|నవి|,|నిజాని|కి,|అవి|తరచ|గా|\""\""|\""|\""|జీవి|తప||భవన|నిర|మాణ|అడ్డంక|లు\""\""|\""|\""|గా|సూచి|ంచబడతాయి|.\""\""|\""""}"
te,"""""""జ్వరం ఇంకా గొంతు నొప్పి కాకుండా, నేను బాగా మంచి ఆకారంలో ఉన్నాను, టెలికమ్యుటింగ్ ద్వారా నా పనిని పూర్తి చేస్తాను.""""""",1,1,5,5,True,"""|""|""|à°ľ|à±įà°µà°°|à°Ĥ|Ġà°ĩ|à°Ĥà°ķ|à°¾|Ġà°Ĺ|à±Ĭà°Ĥ|à°¤|à±ģ|Ġà°¨|à±Ĭà°ª|à±įà°ª|à°¿|Ġà°ķ|à°¾à°ķ|à±ģà°Ĥ|à°¡|à°¾,|Ġà°¨|à±ĩà°¨|à±ģ|Ġà°¬|à°¾à°Ĺ|à°¾|Ġà°®|à°Ĥà°ļ|à°¿|Ġà°Ĩà°ķ|à°¾à°°|à°Ĥà°²|à±ĭ|Ġà°īà°¨|à±įà°¨|à°¾à°¨|à±ģ,|Ġà°Ł|à±Ĩà°²|à°¿à°ķà°®|à±įà°¯|à±ģà°Ł|à°¿à°Ĥ|à°Ĺ|à±į|Ġà°¦|à±įà°µ|à°¾à°°|à°¾|Ġà°¨|à°¾|Ġà°ªà°¨|à°¿à°¨|à°¿|Ġà°ª|à±Ĥà°°|à±įà°¤|à°¿|Ġà°ļ|à±ĩà°¸|à±įà°¤|à°¾à°¨|à±ģ.|""|""|""","""|""|""|జ్వరం|ఇంకా|గొంత||నొప|పి||కాక|ండా,|నేన||బాగా|మంచి||ఆకా|ంల||ఉన్నాన|,|టెలికమ|య|టింగ||ద్వారా|నా|పనిని|పూర|తి|చేస్తా||.""|""""","{""42"": ""\""|\""|\""|జ్వరం|ఇంకా|గొంత||నొప|పి||కాక|ండా,|నేన||బాగా|మంచి||ఆకా|ంల||ఉన్నాన|,|టెలికమ|య|టింగ||ద్వారా|నా|పనిని|పూర|తి|చేస్తా||.\""|\""\"""", ""43"": ""\""|\""|\""|జ్వరం|ఇంకా|గొంత||న|ప్పి||కాక|ండా,|నేను|బాగా|మంచి||ఆకారంల||ఉన్నాన|,|టెలికమ|య|టింగ||ద్వా|ా|నా|పనిని|పూర|తి|చేస్తాన|.\""\""\"""", ""44"": ""\""|\""|\""||్వరం|ఇంకా|గొంత||నొప|పి||కాక|ండా,|నేన||బాగా|మంచి||ఆకారంల||ఉన్నాన|,|టెలికమ|య|టింగ||ద్వా|ా|నా|పనిని||పూర|తి|చేస్తా||.\""\""|\"""", ""45"": ""\""|\""|\""|జ్వరం|ఇంకా|గొంత||నొప|పి||కాక|ండా,|నేన||బాగా|మంచి||ఆకారంల||ఉన్నాన|,|టెలికమ|య|టింగ||ద్వా|ా|నా|పనిని|పూర|తి|చేస్తా||.\""|\""|\"""", ""46"": ""\""|\""|\""|జ్వరం|ఇంకా|గొంత||నొప|పి||కాక|ండా,|నేన||బాగా|మంచి||ఆకారంల||ఉన్నాన|,|టెలికమ|య|టి|ంగ||ద్వా|ా|నా|పనిని|పూర|తి|చేస్తాన|.\""\""|\""""}"
te,"""""""తన 2 గంటల ప్రసంగంలో ఆయన ఇలా పేర్కొన్నారు"""" ఈ రోజు యాపిల్ ఫోన్ ను తిరిగి ఆవిష్కరించి, ఈ రోజు చరిత్ర చేయబోతున్నాను"""" అని అన్నాడు.""",1,1,5,5,True,"""|""|""|à°¤à°¨|Ġ|2|Ġà°Ĺ|à°Ĥà°Łà°²|Ġà°ª|à±įà°°à°¸|à°Ĥà°Ĺ|à°Ĥà°²|à±ĭ|Ġà°Ĩà°¯à°¨|Ġà°ĩà°²|à°¾|Ġà°ª|à±ĩà°°|à±įà°ķ|à±Ĭà°¨|à±įà°¨|à°¾à°°|à±ģ""|""|Ġà°Ī|Ġà°°|à±ĭà°ľ|à±ģ|Ġà°¯|à°¾à°ª|à°¿à°²|à±į|Ġà°«|à±ĭà°¨|à±į|Ġà°¨|à±ģ|Ġà°¤|à°¿à°°|à°¿à°Ĺ|à°¿|Ġà°Ĩà°µ|à°¿à°·|à±įà°ķà°°|à°¿à°Ĥ|à°ļ|à°¿,|Ġà°Ī|Ġà°°|à±ĭà°ľ|à±ģ|Ġà°ļà°°|à°¿à°¤|à±įà°°|Ġà°ļ|à±ĩà°¯à°¬|à±ĭà°¤|à±ģà°¨|à±įà°¨|à°¾à°¨|à±ģ""|""|Ġà°ħà°¨|à°¿|Ġà°ħà°¨|à±įà°¨|à°¾à°¡|à±ģ.|""","""|""|""|తన|2 గంటల|ప్రసంగంల||ఆయన|ఇలా|పేర|కొన|నార|""""|ఈ|రోజు|యాపి|ల్|ఫోన్|ను|తిరిగి||ఆవిష|కరి|ంచి|,|ఈ|రోజు|చరిత|ర|చేయబ|త|న్నాన|""""||అని|అన్నాడ|.""","{""42"": ""\""|\""|\""|తన|2 గంటల|ప్రసంగంల||ఆయన|ఇలా|పేర|కొన|నార|\""\""|ఈ|రోజు|యాపి|ల్|ఫోన్|ను|తిరిగి||ఆవిష|కరి|ంచి|,|ఈ|రోజు|చరిత|ర|చేయబ|త|న్నాన|\""\""||అని|అన్నాడ|.\"""", ""43"": ""\""|\""|\""|తన|2 గంటల|ప్రస|గంల||ఆయన|ఇలా|పేర|కొన్నార|\""\""|ఈ|రోజు|యాపి|ల||ఫోన||ను|తిరిగి||ఆవిష|కరి|ంచి|,|ఈ|రోజ||చరిత|ర|చేయబ|త|న్నాన|\""\""||అని|అన్నాడ|.\"""", ""44"": ""\""|\""|\""|తన|2 గంటల|ప్రస|గ|ంల||ఆయన|ఇలా|పేర|కొన్నార|\""\""||ఈ రోజ||యాపి|ల||ఫోన్|ను|తిరిగి||ఆవిష|కరి|ంచి|,|ఈ|రోజు|చరిత|ర|చేయబ|త|న్నాన|\""\""||అని|అన|నాడ|.\"""", ""45"": ""\""|\""|\""|తన|2 గంటల|ప్రసంగంల||ఆయన|ఇలా|పేర|క|న్నా||\""\""||ఈ|రోజు|యాపి|ల||ఫోన్|ను|తిరిగి||ఆవిష|కరి|ంచి|,|ఈ|రోజు|చరిత|ర|చేయబ|త|న్నాన|\""\""||అని|అన|నాడ|.\"""", ""46"": ""\""|\""|\""|తన|2 గంటల|ప్రసం|ంల||ఆయన|ఇలా|పేర|కొన్నార|\""\""||ఈ|రోజ||యాపి|ల||ఫోన్|ను|తిరిగి||ఆవిష|కరి|ంచి|,|ఈ|రోజు|చరిత|ర|చేయబ|త|న్నాన|\""\""||అని|అన|నాడ|.\""""}"
te,"""""""దాని రెండవ పంజా పెద్దదిగా ఉంది, దీని పేరు """"""""పశ్చిమ పంజా"""""""" అని అర్ధం.""""""",1,1,5,5,True,"""|""|""|à°¦|à°¾à°¨|à°¿|Ġà°°|à±Ĩà°Ĥ|à°¡à°µ|Ġà°ª|à°Ĥà°ľ|à°¾|Ġà°ª|à±Ĩà°¦|à±įà°¦à°¦|à°¿à°Ĺ|à°¾|Ġà°ī|à°Ĥà°¦|à°¿,|Ġà°¦|à±Ģà°¨|à°¿|Ġà°ª|à±ĩà°°|à±ģ|Ġ""|""|""|""|à°ª|à°¶|à±įà°ļ|à°¿à°®|Ġà°ª|à°Ĥà°ľ|à°¾|""|""|""|""|Ġà°ħà°¨|à°¿|Ġà°ħà°°|à±įà°§|à°Ĥ.|""|""|""","""|""|""|దాని||రెండవ|పంజా|పెద|దదిగ|ా|ఉంది,|దీని||పేర||""""|""|""|పశ్చి|మ|పంజా""""|""|""||అని|అర్ధం.""""|""","{""42"": ""\""|\""|\""|దాని||రెండవ|పంజా|పెద|దదిగ|ా|ఉంది,|దీని||పేర||\""\""|\""|\""|పశ్చి|మ|పంజా\""\""|\""|\""||అని|అర్ధం.\""\""|\"""", ""43"": ""\""|\""|\""|దాని||రెండవ|పంజా|పెద|దది|గా|ఉంది,|దీని|పేర||\""\""|\""|\""|పశ|చి|మ|పంజా\""\""\""|\""||అని|అర|ధం.\""\""|\"""", ""44"": ""\""|\""|\""|దాని||రెండవ|పంజా|పెద|దది|గ|ా|ఉంది,|దీని||పేర||\""\""\""|\""|పశ|చి|మ|పంజా\""\""|\""|\""||అని|అర|ధం.\""\""|\"""", ""45"": ""\""|\""|\""|దాని||రెండవ|పంజా|పెద|దది|గా|ఉంది|,|దీని||పేర||\""\""|\""|\""|పశ|చి|మ|పంజా\""\""|\""\""||అని|అర|ధం.\""|\""|\"""", ""46"": ""\""|\""|\""|దాని||రెండవ|పంజా|పెద|దదిగా|ఉంది,|దీని||పేర||\""\""|\""|\""|పశ్చి|మ|పంజా\""\""|\""|\""||అని|అర|ధం.\""\""|\""""}"
te,"""""""దాని సాపేక్ష అసంగతతతో కలిపి , """"""""టింబుక్టు"""""""" అన్యదేశ, దూర ప్రాంతాలకు ఒక రూపకంగా ఉపయోగించబడింది.""""""",1,1,5,5,True,"""|""|""|à°¦|à°¾à°¨|à°¿|Ġà°¸|à°¾à°ª|à±ĩà°ķ|à±įà°·|Ġà°ħà°¸|à°Ĥà°Ĺà°¤|à°¤à°¤|à±ĭ|Ġà°ķà°²|à°¿à°ª|à°¿|Ġ,|Ġ""|""|""|""|à°Ł|à°¿à°Ĥ|à°¬|à±ģà°ķ|à±įà°Ł|à±ģ""|""|""|""|Ġà°ħà°¨|à±įà°¯à°¦|à±ĩà°¶|,|Ġà°¦|à±Ĥà°°|Ġà°ª|à±įà°°|à°¾à°Ĥ|à°¤|à°¾à°²à°ķ|à±ģ|Ġà°Ĵà°ķ|Ġà°°|à±Ĥà°ª|à°ķ|à°Ĥà°Ĺ|à°¾|Ġà°īà°ªà°¯|à±ĭà°Ĺ|à°¿à°Ĥ|à°ļà°¬à°¡|à°¿à°Ĥ|à°¦|à°¿.|""|""|""","""|""|""|దాని||సాప|క్ష|అసంగ|తతత||కలిపి||,|""""|""|""|టింబ|క్టు""|""|""|""||అన్యద|శ,|దూర|ప్రా|తాలక||ఒక|రూపకంగ|ా|ఉపయోగి|ంచబడి|ంది.""|""|""","{""42"": ""\""|\""|\""|దాని||సాప|క్ష|అసంగ|తతత||కలిపి||,|\""\""|\""|\""|టింబ|క్టు\""|\""|\""|\""||అన్యద|శ,|దూర|ప్రా|తాలక||ఒక|రూపకంగ|ా|ఉపయోగి|ంచబడి|ంది.\""|\""|\"""", ""43"": ""\""|\""|\""|దాని||సాప|క|ష|అసంగతతత||కలిపి||,|\""\""|\""|\""|టింబ|క|టు\""\""|\""|\""||అన|యద|శ,|దూర|ప్రా|తాలక||ఒక|రూపకంగ|ా|ఉపయోగి|ంచబడి|ంది.\""\""|\"""", ""44"": ""\""|\""|\""|దాని||సాప|క|ష|అసంగతతత||కలిపి||,|\""\""|\""|\""|టింబ|క|టు\""\""|\""|\""||అన్యద|శ,|దూర|ప్రా|తాలక||ఒక|రూపకంగ|ా|ఉపయోగించబడి|ంది.\""\""|\"""", ""45"": ""\""|\""|\""|దాని||సాప|క|ష|అసంగతతత||కలిపి||,|\""\""|\""|\""|టింబ|క|టు\""\""|\""|\""||అన్యద|శ,|దూర|ప్రా|తా|క||ఒక|రూపకంగ|ా|ఉపయోగి|ంచబడి|ంది.\""\""|\"""", ""46"": ""\""|\""|\""|దాని||సాప|క|ష|అసంగతతత||కలిపి||,|\""\""|\""|\""|టింబ|క|టు\""\""|\""|\""||అన|యద|శ,|దూర|ప్రా|తాలక||ఒక|రూపకంగ|ా|ఉపయ|గి|ంచబడి|ంది.\""|\""|\""""}"
te,"""""""పెర్రీ ప్రత్యేకంగా ఇలా అన్నాడు, """"ఈ సందర్భంలో ఎదురయ్యే సవాలును ఎదుర్కొనడానికి ప్రపంచంలో కొన్ని ప్రదేశాలు మెరుగ్గా సన్నద్ధంతో ఉన్నాయి.""""""",1,1,5,5,True,"""|""|""|à°ª|à±Ĩà°°|à±įà°°|à±Ģ|Ġà°ª|à±įà°°à°¤|à±įà°¯|à±ĩà°ķ|à°Ĥà°Ĺ|à°¾|Ġà°ĩà°²|à°¾|Ġà°ħà°¨|à±įà°¨|à°¾à°¡|à±ģ,|Ġ""|""|à°Ī|Ġà°¸|à°Ĥà°¦à°°|à±įà°Ń|à°Ĥà°²|à±ĭ|Ġà°İà°¦|à±ģà°°à°¯|à±įà°¯|à±ĩ|Ġà°¸à°µ|à°¾à°²|à±ģà°¨|à±ģ|Ġà°İà°¦|à±ģà°°|à±įà°ķ|à±Ĭà°¨à°¡|à°¾à°¨|à°¿à°ķ|à°¿|Ġà°ª|à±įà°°à°ª|à°Ĥà°ļ|à°Ĥà°²|à±ĭ|Ġà°ķ|à±Ĭà°¨|à±įà°¨|à°¿|Ġà°ª|à±įà°°à°¦|à±ĩà°¶|à°¾à°²|à±ģ|Ġà°®|à±Ĩà°°|à±ģà°Ĺ|à±įà°Ĺ|à°¾|Ġà°¸à°¨|à±įà°¨à°¦|à±įà°§|à°Ĥà°¤|à±ĭ|Ġà°īà°¨|à±įà°¨|à°¾à°¯|à°¿.|""|""|""","""|""|""|పెర|రీ|ప్రత|య|కంగ|ా|ఇలా|అన|నాడ|,|""|""|ఈ సందర|భంల||ఎద|రయ|య||సవాల|ను|ఎదుర|కొనడా|ి|కి|ప్రపంచ|ంల||కొన|ని|ప్రద|శాల||మెర|గ్గా|సన|నద|ధంత||ఉన్నాయి|.""""|""","{""42"": ""\""|\""|\""|పెర|రీ|ప్రత|య|కంగ|ా|ఇలా|అన|నాడ|,|\""|\""|ఈ సందర|భంల||ఎద|రయ|య||సవాల|ను|ఎదుర|కొనడా|ి|కి|ప్రపంచ|ంల||కొన|ని|ప్రద|శాల||మెర|గ్గా|సన|నద|ధంత||ఉన్నాయి|.\""\""|\"""", ""43"": ""\""|\""|\""|పెర్రీ|ప్రత|య|కంగా|ఇలా|అన|నాడ|,|\""\""|ఈ సందర|భంల||ఎదురయ|య||సవాల|ను|ఎదుర|క|నడా|ి|కి|ప్రపంచ|ంల||కొన్ని|ప్రద|శాల||మెర|గ|గా|సన|నద|ధంత||ఉన్నా|ి|.\""\""|\"""", ""44"": ""\""|\""|\""|పెర|రీ|ప్రత|య|కంగా|ఇలా|అన|నాడ|,|\""\""|ఈ సందర|భంల||ఎదురయ|య||సవాల|ను|ఎదుర|కొనడా|ి|కి|ప్రపంచ|ంల||కొన్ని|ప్రద|శాల||మెర|గ|గా|సన|నద|ధంత||ఉన్నాయి|.\""|\""\"""", ""45"": ""\""|\""|\""|పెర|రీ|ప్రత|యేకంగా|ఇలా|అన|నాడ|,|\""\""|ఈ సందర|భంల||ఎదురయ|యే|సవాల|ను|ఎదుర|కొనడా|ి|కి|ప్రపంచ|ంల||కొన|ని|ప్రద|శాల||మెర|గ్గా|సన్నద|ధంత||ఉన్నాయి|.\""|\""\"""", ""46"": ""\""|\""|\""|పెర|రీ|ప్రత|య|కంగ|ా|ఇలా|అన|నాడ|,|\""\""|ఈ సందర|భంల||ఎదురయ|య||సవాల|ను|ఎదుర|క|నడా|ి|కి|ప్రపంచ|ంల||కొన|ని|ప్రద|శాల||మెర|గ్గా|సన|నద|ధంత||ఉన్నాయి|.\""|\""|\""""}"
te,"""""""ప్రజా ఆరోగ్యం క్రిమినల్ జస్టిస్ దృక్కోణం నుండి చట్టం సాధ్యమైనంత త్వరగా అమలు చేయడం చాలా ముఖ్యం"""" అని ప్రభుత్వ ప్రతినిధి ఒకరు చెప్పారు.""",1,1,5,5,True,"""|""|""|à°ª|à±įà°°à°ľ|à°¾|Ġà°Ĩà°°|à±ĭà°Ĺ|à±įà°¯|à°Ĥ|Ġà°ķ|à±įà°°|à°¿à°®|à°¿à°¨à°²|à±į|Ġà°ľà°¸|à±įà°Ł|à°¿à°¸|à±į|Ġà°¦|à±ĥà°ķ|à±įà°ķ|à±ĭà°£|à°Ĥ|Ġà°¨|à±ģà°Ĥ|à°¡|à°¿|Ġà°ļà°Ł|à±įà°Ł|à°Ĥ|Ġà°¸|à°¾à°§|à±įà°¯à°®|à±Īà°¨|à°Ĥà°¤|Ġà°¤|à±įà°µà°°à°Ĺ|à°¾|Ġà°ħà°®à°²|à±ģ|Ġà°ļ|à±ĩà°¯à°¡|à°Ĥ|Ġà°ļ|à°¾à°²|à°¾|Ġà°®|à±ģà°ĸ|à±įà°¯|à°Ĥ|""|""|Ġà°ħà°¨|à°¿|Ġà°ª|à±įà°°à°Ń|à±ģà°¤|à±įà°µ|Ġà°ª|à±įà°°à°¤|à°¿à°¨|à°¿à°§|à°¿|Ġà°Ĵà°ķà°°|à±ģ|Ġà°ļ|à±Ĩà°ª|à±įà°ª|à°¾à°°|à±ģ.|""","""|""|""|ప్రజ|ా|ఆర|గ్యం|క్రి|మి|నల||జస్టి|స్|దృక|క|ణం|నుండి||చట్టం|సాధ|యమ|నంత|త్వరగ|ా|అమల||చేయడం|చాలా|ముఖ|యం""""||అని|ప్రభ|త|వ|ప్రతి|నిధి|ఒకర||చెప్పార|.""","{""42"": ""\""|\""|\""|ప్రజ|ా|ఆర|గ్యం|క్రి|మి|నల||జస్టి|స్|దృక|క|ణం|నుండి||చట్టం|సాధ|యమ|నంత|త్వరగ|ా|అమల||చేయడం|చాలా|ముఖ|యం\""\""||అని|ప్రభ|త|వ|ప్రతి|నిధి|ఒకర||చెప్పార|.\"""", ""43"": ""\""|\""|\""|ప్రజ|ా|ఆర|గ|యం|క్రి|మినల||జస్టి|స||దృక|క|ణం|నుండి|చట్టం|సాధ|యమ|నంత|త్వరగ|ా|అమల||చేయడం|చాలా|ముఖ|యం\""\""||అని||ప్రభ|త|వ|ప్ర|ి|ని|ధి||ఒకర||చెప|పార|.\"""", ""44"": ""\""|\""|\""|ప్రజ|ా|ఆర|గ్యం|క్రి|మి|నల||జస్టి|స్|దృక|క|ణం|నుండి|చట్టం|సాధ|యమ|నంత|త్వరగ|ా|అమల||చేయడం|చాలా|ముఖ|యం\""\""||అని|ప్రభ|త|వ|ప్రతి|నిధి||ఒకర||చెప్పార|.\"""", ""45"": ""\""|\""|\""|ప్రజ|ా|ఆర|గ|యం|క్రి|మినల||జస్టి|స్|దృక|క|ణం|నుండి|చట్టం|సాధ|యమ|నంత|త్వరగ|ా|అమల||చేయడం|చాలా|ముఖ|యం\""\""||అని|ప్రభ|త|వ|ప్రతి|ని|ధి||ఒకర||చెప్పా||.\"""", ""46"": ""\""|\""|\""|ప్రజ|ా|ఆర|గ్యం|క్రి|మినల||జస్టి|స్|దృక|క|ణం|నుండి|చట్టం|సాధ|యమ|నంత|త్వరగ|ా|అమల||చేయడం|చాలా|ముఖ|యం\""\""||అని|ప్రభ|త|వ|ప్రతి|ని|ధి||ఒకర||చెప్పార|.\""""}"
te,"""""""ప్రమాదం జరిగిన ప్రదేశానికి దగ్గర్లోని గ్యారేజీలో పనిచేస్తున్న ఒక వ్యక్తి ఇలా అన్నాడు: """"""""రోడ్డు దాటడానికి పిల్లలు నిరీక్షిస్తున్నారు, వార౦దరూ కేకలు వేస్తూ, ఏడుస్తూ ఉన్నారు.""""""""""""""",1,1,5,5,True,"""|""|""|à°ª|à±įà°°à°®|à°¾à°¦|à°Ĥ|Ġà°ľà°°|à°¿à°Ĺ|à°¿à°¨|Ġà°ª|à±įà°°à°¦|à±ĩà°¶|à°¾à°¨|à°¿à°ķ|à°¿|Ġà°¦à°Ĺ|à±įà°Ĺà°°|à±įà°²|à±ĭà°¨|à°¿|Ġà°Ĺ|à±įà°¯|à°¾à°°|à±ĩà°ľ|à±Ģà°²|à±ĭ|Ġà°ªà°¨|à°¿à°ļ|à±ĩà°¸|à±įà°¤|à±ģà°¨|à±įà°¨|Ġà°Ĵà°ķ|Ġà°µ|à±įà°¯à°ķ|à±įà°¤|à°¿|Ġà°ĩà°²|à°¾|Ġà°ħà°¨|à±įà°¨|à°¾à°¡|à±ģ:|Ġ""|""|""|""|à°°|à±ĭà°¡|à±įà°¡|à±ģ|Ġà°¦|à°¾à°Ł|à°¡|à°¾à°¨|à°¿à°ķ|à°¿|Ġà°ª|à°¿à°²|à±įà°²à°²|à±ģ|Ġà°¨|à°¿à°°|à±Ģà°ķ|à±įà°·|à°¿à°¸|à±įà°¤|à±ģà°¨|à±įà°¨|à°¾à°°|à±ģ,|Ġà°µ|à°¾à°°|à±¦|à°¦à°°|à±Ĥ|Ġà°ķ|à±ĩà°ķà°²|à±ģ|Ġà°µ|à±ĩà°¸|à±įà°¤|à±Ĥ,|Ġà°ıà°¡|à±ģà°¸|à±įà°¤|à±Ĥ|Ġà°īà°¨|à±įà°¨|à°¾à°°|à±ģ.|""|""|""|""|""|""|""","""|""|""|ప్రమా|ం|జరిగి|న|ప్రద|శాని|కి|దగ్గర|లోని|గ్యా||జీల||పనిచ|స్త|న్న|ఒక|వ్యక|తి||ఇలా|అన్నాడ|:|""""|""|""|రోడ్డ||దాటడా|ి|కి|పిల|లల||నిర|క|షిస్త|న్నార|,|వార|దర||కేకల||వేస్త|,|ఏడుస్త||ఉన్నార|.""|""|""|""|""|""|""","{""42"": ""\""|\""|\""|ప్రమా|ం|జరిగి|న|ప్రద|శాని|కి|దగ్గర|లోని|గ్యా||జీల||పనిచ|స్త|న్న|ఒక|వ్యక|తి||ఇలా|అన్నాడ|:|\""\""|\""|\""|రోడ్డ||దాటడా|ి|కి|పిల|లల||నిర|క|షిస్త|న్నార|,|వార|దర||కేకల||వేస్త|,|ఏడుస్త||ఉన్నార|.\""|\""|\""|\""|\""|\""|\"""", ""43"": ""\""|\""|\""|ప్రమా|ం|జరిగి|న|ప్రద|శాని|కి|దగ|గర|లోని|గ్యార|జీల||పనిచ|స్త|న్న|ఒక|వ్యక|తి|ఇలా|అన|నాడ|:|\""|\""|\""|\""|ర|డ|డ||దాటడా|ి|కి|పిల|లల||నిర|క|షి|స్త|న్నార|,|వార|దర||కేకల||వేస్త|,|ఏడుస్త||ఉన్నార|.\""|\""\""|\""|\""|\""|\"""", ""44"": ""\""|\""|\""|ప్రమా|ం|జరిగి|న|ప్రద|శాని|కి|దగ్గర|లోని|గ్యార|జ|ల||పనిచ|స్త|న్న|ఒక|వ్యక|తి||ఇలా|అన|నాడ|:|\""\""|\""|\""|ర|డ|డు|దాటడాని|కి|పిల|లల||నిర|క|షి|స్త|న్నార|,|వార|దర||కేకల||వేస్త|,|ఏడుస|త||ఉన్నార|.\""|\""|\""|\""|\""|\""|\"""", ""45"": ""\""|\""|\""|ప్రమా|ం|జరిగి|న|ప్రద|శాని|కి|దగ్గర|లోని|గ్యా||జీల||పనిచ|స్త|న్న|ఒక|వ్యక|తి|ఇలా|అన|నాడ|:|\""\""|\""|\""|రోడ్డు|దాటడా|ి|కి|పిల|లల||నిర|క|షి|స్త|న్నార|,|వార|దర||కేకల||వేస్త|,|ఏడుస|త||ఉన్నార|.\""\""|\""|\""|\""|\""|\"""", ""46"": ""\""|\""|\""|ప్రమా|ం|జరిగి|న|ప్రద|శాని|కి|దగ్గర|ల|ని|గ్యా||జ|ల||పనిచ|స్త|న్న|ఒక|వ్యక|తి|ఇలా|అన|నాడ|:|\""\""|\""|\""|ర|డ|డ||దాటడాని|కి|పిల|లల||నిర|క|షి|స్త|న్నార|,|వార|దర||కేకల||వేస్త|,|ఏడుస|త||ఉన్నార|.\""\""\""|\""|\""|\""|\""""}"
te,"""""""ప్రస్తుతం మనం ఏ పని చేయడం లేదు. నేను అతని సన్నిహిత సహకారులకి కాల్ చేసి ఈమెయిల్స్ పంపించాను, వారి నుండి సానుకూల సమాధానాలు వచ్చాయి. ఇప్పటికి అది సరిపోతుంది """" అని డేనియస్ చెప్పారు.""",1,1,5,5,True,"""|""|""|à°ª|à±įà°°à°¸|à±įà°¤|à±ģà°¤|à°Ĥ|Ġà°®à°¨|à°Ĥ|Ġà°ı|Ġà°ªà°¨|à°¿|Ġà°ļ|à±ĩà°¯à°¡|à°Ĥ|Ġà°²|à±ĩà°¦|à±ģ.|Ġà°¨|à±ĩà°¨|à±ģ|Ġà°ħà°¤à°¨|à°¿|Ġà°¸à°¨|à±įà°¨|à°¿à°¹|à°¿à°¤|Ġà°¸à°¹à°ķ|à°¾à°°|à±ģà°²à°ķ|à°¿|Ġà°ķ|à°¾à°²|à±į|Ġà°ļ|à±ĩà°¸|à°¿|Ġà°Īà°®|à±Ĩà°¯|à°¿à°²|à±įà°¸|à±į|Ġà°ª|à°Ĥà°ª|à°¿à°Ĥ|à°ļ|à°¾à°¨|à±ģ,|Ġà°µ|à°¾à°°|à°¿|Ġà°¨|à±ģà°Ĥ|à°¡|à°¿|Ġà°¸|à°¾à°¨|à±ģà°ķ|à±Ĥà°²|Ġà°¸à°®|à°¾à°§|à°¾à°¨|à°¾à°²|à±ģ|Ġà°µà°ļ|à±įà°ļ|à°¾à°¯|à°¿.|Ġà°ĩà°ª|à±įà°ªà°Ł|à°¿à°ķ|à°¿|Ġà°ħà°¦|à°¿|Ġà°¸à°°|à°¿à°ª|à±ĭà°¤|à±ģà°Ĥ|à°¦|à°¿|Ġ""|""|Ġà°ħà°¨|à°¿|Ġà°¡|à±ĩà°¨|à°¿à°¯à°¸|à±į|Ġà°ļ|à±Ĩà°ª|à±įà°ª|à°¾à°°|à±ģ.|""","""|""|""|ప్రస|త|తం|మనం|ఏ పని|చేయడం|లేద|.|నేన||అతని||సన|నిహి|త|సహకార|లకి||కాల||చేసి|ఈమెయిల|స్|పంపి|ంచాన|,|వారి||నుండి|సాన|క|ల|సమా|ానా|||వచ్చాయి|.|ఇప్పటి|కి|అది|సరిప|త|ంది|""""||అని|డేనియస్|చెప్పా||.""","{""42"": ""\""|\""|\""|ప్రస|త|తం|మనం|ఏ పని|చేయడం|లేద|.|నేన||అతని||సన|నిహి|త|సహకార|లకి||కాల||చేసి|ఈమెయిల|స్|పంపి|ంచాన|,|వారి||నుండి|సాన|క|ల|సమా|ానా|||వచ్చాయి|.|ఇప్పటి|కి|అది|సరిప|త|ంది|\""\""||అని|డేనియస్|చెప్పా||.\"""", ""43"": ""\""|\""|\""|ప్రస|త|తం|మనం|ఏ పని|చేయడం|లేదు.|నేను|అతని|సన|నిహి|త|సహకా||లకి||కాల||చేసి|ఈమ|యిల|స్|పంపి|ంచాన|,|వారి||నుండి|సాన|క|ల|సమా|ా|ా|||వచ్చాయి|.|ఇప్పటి|కి|అది|సరిప|త|ంది|\""\""||అని|డేనియస||చెప్పార|.\"""", ""44"": ""\""|\""|\""|ప్రస|త|తం|మనం|ఏ పని|చేయడం|లేదు.|నేన||అతని||సన|నిహి|త|సహకా||లకి||కాల||చేసి|ఈమెయిల|స్|పంపి|ంచాన|,|వారి||నుండి|సాన|క|ల|సమాధా|ా|||వచ్చాయి|.|ఇప్పటి|కి|అది|సరిప|త|ంది|\""\""||అని|డేనియస||చెప్పార|.\"""", ""45"": ""\""|\""|\""|ప్రస|త|తం|మనం|ఏ పని|చేయడం|లేదు.|నేను|అతని|సన|నిహి|త|సహకార|లకి|కాల||చేసి|ఈమ|యిల|స్|పంపి|ంచాన|,|వారి||నుండి|సాన|క|ల|సమా|ా|ా|||వచ్చాయి|.|ఇప్పటి|కి|అది|సరిప|త|ంది|\""\""||అని|డేనియస||చెప్పార|.\"""", ""46"": ""\""|\""|\""|ప్రస|త|తం|మనం|ఏ పని|చేయడం|లేద|.|నేను|అతని||సన|నిహి|త|సహకార|లకి|కాల||చేసి|ఈమెయిల|స్|పంపి|ంచాన|,|వారి||నుండి|సాన|క|ల|సమాధా|ా|||వచ్చాయి|.|ఇప్పటి|కి|అది|సరిప|త|ంది|\""\""||అని|డేనియస||చెప్పా||.\""""}"
te,"""""""బుష్ ప్రతినిధి గోర్డాన్ జాన్డ్రో ఉత్తర కొరియా ప్రతిజ్ఞ కొరియా ద్వీపకల్పం యొక్క ధ్రువీకరించిన నిర్వీర్యీకరణను సాధించే లక్ష్యం దిశగా ఒక ప్రధాన అడుగు"""" అని అన్నాడు.""",1,1,5,5,True,"""|""|""|à°¬|à±ģà°·|à±į|Ġà°ª|à±įà°°à°¤|à°¿à°¨|à°¿à°§|à°¿|Ġà°Ĺ|à±ĭà°°|à±įà°¡|à°¾à°¨|à±į|Ġà°ľ|à°¾à°¨|à±įà°¡|à±įà°°|à±ĭ|Ġà°īà°¤|à±įà°¤à°°|Ġà°ķ|à±Ĭà°°|à°¿à°¯|à°¾|Ġà°ª|à±įà°°à°¤|à°¿à°ľ|à±įà°ŀ|Ġà°ķ|à±Ĭà°°|à°¿à°¯|à°¾|Ġà°¦|à±įà°µ|à±Ģà°ª|à°ķà°²|à±įà°ª|à°Ĥ|Ġà°¯|à±Ĭà°ķ|à±įà°ķ|Ġà°§|à±įà°°|à±ģà°µ|à±Ģà°ķà°°|à°¿à°Ĥ|à°ļ|à°¿à°¨|Ġà°¨|à°¿à°°|à±įà°µ|à±Ģà°°|à±įà°¯|à±Ģà°ķà°°à°£|à°¨|à±ģ|Ġà°¸|à°¾à°§|à°¿à°Ĥ|à°ļ|à±ĩ|Ġà°²à°ķ|à±įà°·|à±įà°¯|à°Ĥ|Ġà°¦|à°¿à°¶à°Ĺ|à°¾|Ġà°Ĵà°ķ|Ġà°ª|à±įà°°à°§|à°¾à°¨|Ġà°ħà°¡|à±ģà°Ĺ|à±ģ""|""|Ġà°ħà°¨|à°¿|Ġà°ħà°¨|à±įà°¨|à°¾à°¡|à±ģ.|""","""|""|""|బుష||ప్రతి|ని|ధి||గోర|డాన||జాన|డ్ర||ఉత|తర|కొరి|యా|ప్రతి|జ|ఞ|కొరి|యా|ద్వ|పకల|పం|యొక|క|ధ్ర|వీకరి|ంచి|న|నిర|వీర్యీకరణన||సాధి|ంచ||లక|ష|యం|దిశగా|ఒక|ప్రధా||అడుగ|""""|అని|అన|నాడ|.""","{""42"": ""\""|\""|\""|బుష||ప్రతి|ని|ధి||గోర|డాన||జాన|డ్ర||ఉత|తర|కొరి|యా|ప్రతి|జ|ఞ|కొరి|యా|ద్వ|పకల|పం|యొక|క|ధ్ర|వీకరి|ంచి|న|నిర|వీర్యీకరణన||సాధి|ంచ||లక|ష|యం|దిశగా|ఒక|ప్రధా||అడుగ|\""\""|అని|అన|నాడ|.\"""", ""43"": ""\""|\""|\""|బుష||ప్రతి|నిధి||గోర|డాన||జాన|డ్ర||ఉత|తర|కొరి|యా|ప్రతి|జ|ఞ|కొరి|యా|ద్వ|పకల|పం|యొక్క|ధ్ర|వీకరి|ంచి|న|నిర|వీర|యీకరణన||సాధి|ంచ||లక్ష|యం|దిశగా|ఒక|ప్రధా||అడ|గ|\""\""||అని|అన్నాడ|.\"""", ""44"": ""\""|\""|\""|బుష||ప్రతి|ని|ధి|గోర|డాన||జాన|డ్ర||ఉత|తర|కొరి|యా|ప్రతి|జ|ఞ|కొరి|యా|ద్వ|పకల|పం|యొక్క|ధ్ర|వీకరి|ంచి|న|నిర|వీర|యీకరణన||సాధి|ంచ||లక|ష|యం|దిశగా|ఒక|ప్రధా||అడుగ|\""\""|అని|అన్నాడ|.\"""", ""45"": ""\""|\""|\""|బుష||ప్రతి|ని|ధి||గోర|డాన||జాన|డ్ర||ఉత|తర|కొరి|యా|ప్రతి|జ|ఞ|కొరియా|ద్వ|పకల|పం|యొక్క|ధ్ర|వ|కరి|ంచి|న|నిర|వీర|యీకరణన||సాధి|ంచ||లక్ష|యం|దిశగా|ఒక|ప్రధా||అడుగ|\""\""||అని|అన|నాడ|.\"""", ""46"": ""\""|\""|\""|బుష||ప్రతి|నిధి||గోర|డాన||జాన|డ్ర||ఉత|తర|కొరి|యా|ప్రతి|జ|ఞ|కొరి|యా|ద్వ|పకల|పం|యొక్క|ధ్ర|వీకరి|ంచి|న|నిర|వీర|య|కరణన||సాధి|ంచ||లక|ష|యం|దిశగా|ఒక|ప్రధా||అడుగ|\""\""|అని|అన|నాడ|.\""""}"
te,"""""""బ్లాగులను సముచితంగా ఉపయోగించడం """"""""విద్యార్థులు మరింత విశ్లేషణాత్మకంగా మరియు విమర్శనాత్మకంగా మారడానికి స్వయంసాధికారతను కలిగి ఉంటుంది; ఇంటర్నెట్ మెటీరియల్స్ కు చురుగ్గా ప్రతిస్పందించడం ద్వారా, విద్యార్థులు ఇతరుల రచనల నేపథ్యంలో తమ స్థానాలను నిర్వచించవచ్చు అదేవిధంగా నిర్ధిష్ట సమస్యలపై వారి స్వంత దృక్కోణాలను వివరించవచ్చు (ఒరెవెక్, 2002).""""""",1,1,5,5,True,"""|""|""|à°¬|à±įà°²|à°¾à°Ĺ|à±ģà°²à°¨|à±ģ|Ġà°¸à°®|à±ģà°ļ|à°¿à°¤|à°Ĥà°Ĺ|à°¾|Ġà°īà°ªà°¯|à±ĭà°Ĺ|à°¿à°Ĥ|à°ļà°¡|à°Ĥ|Ġ""|""|""|""|à°µ|à°¿à°¦|à±įà°¯|à°¾à°°|à±įà°¥|à±ģà°²|à±ģ|Ġà°®à°°|à°¿à°Ĥ|à°¤|Ġà°µ|à°¿à°¶|à±įà°²|à±ĩà°·à°£|à°¾à°¤|à±įà°®à°ķ|à°Ĥà°Ĺ|à°¾|Ġà°®à°°|à°¿à°¯|à±ģ|Ġà°µ|à°¿à°®à°°|à±įà°¶à°¨|à°¾à°¤|à±įà°®à°ķ|à°Ĥà°Ĺ|à°¾|Ġà°®|à°¾à°°à°¡|à°¾à°¨|à°¿à°ķ|à°¿|Ġà°¸|à±įà°µà°¯|à°Ĥà°¸|à°¾à°§|à°¿à°ķ|à°¾à°°à°¤|à°¨|à±ģ|Ġà°ķà°²|à°¿à°Ĺ|à°¿|Ġà°ī|à°Ĥà°Ł|à±ģà°Ĥ|à°¦|à°¿;|Ġà°ĩ|à°Ĥà°Łà°°|à±įà°¨|à±Ĩà°Ł|à±į|Ġà°®|à±Ĩà°Ł|à±Ģà°°|à°¿à°¯à°²|à±įà°¸|à±į|Ġà°ķ|à±ģ|Ġà°ļ|à±ģà°°|à±ģà°Ĺ|à±įà°Ĺ|à°¾|Ġà°ª|à±įà°°à°¤|à°¿à°¸|à±įà°ª|à°Ĥà°¦|à°¿à°Ĥ|à°ļà°¡|à°Ĥ|Ġà°¦|à±įà°µ|à°¾à°°|à°¾,|Ġà°µ|à°¿à°¦|à±įà°¯|à°¾à°°|à±įà°¥|à±ģà°²|à±ģ|Ġà°ĩà°¤à°°|à±ģà°²|Ġà°°à°ļà°¨à°²|Ġà°¨|à±ĩà°ªà°¥|à±įà°¯|à°Ĥà°²|à±ĭ|Ġà°¤à°®|Ġà°¸|à±įà°¥|à°¾à°¨|à°¾à°²à°¨|à±ģ|Ġà°¨|à°¿à°°|à±įà°µà°ļ|à°¿à°Ĥ|à°ļà°µà°ļ|à±įà°ļ|à±ģ|Ġà°ħà°¦|à±ĩà°µ|à°¿à°§|à°Ĥà°Ĺ|à°¾|Ġà°¨|à°¿à°°|à±įà°§|à°¿à°·|à±įà°Ł|Ġà°¸à°®à°¸|à±įà°¯à°²à°ª|à±Ī|Ġà°µ|à°¾à°°|à°¿|Ġà°¸|à±įà°µ|à°Ĥà°¤|Ġà°¦|à±ĥà°ķ|à±įà°ķ|à±ĭà°£|à°¾à°²à°¨|à±ģ|Ġà°µ|à°¿à°µà°°|à°¿à°Ĥ|à°ļà°µà°ļ|à±įà°ļ|à±ģ|Ġ(|à°Ĵ|à°°|à±Ĩà°µ|à±Ĩà°ķ|à±į,|Ġ|200|2|).|""|""|""","""|""|""|బ్లాగ|లన||సముచి|తంగ|ా|ఉపయ|గి|ంచడం|""""|""|""|విద|యా||థులు|మరింత|విశ|ల|షణాత|మకంగ|ా|మరియ||విమర|శనాత|మకంగ|ా|మారడా|ి|కి|స్వయంసాధి|కా|తన||కలిగి||ఉంట|ంది;|ఇంటర|నెట్|మెటీరి|యల|స్|కు|చుర|గ|గా|ప్రతి|స్పంది|ంచడం|ద్వా|ా,|విద|యార|థ|లు|ఇతర|ల|రచనల|నేపథ్యంల||తమ|స్థానాలన||నిర|వచి|ంచవచ|చ||అదేవిధంగ|ా|నిర|ధిష|ట|సమస|యలప||వారి||స్వంత|దృక|క|ణాలన||వివరి|ంచవచ|చ||(ఒర|వెక|,|2002).""""|""","{""42"": ""\""|\""|\""|బ్లాగ|లన||సముచి|తంగ|ా|ఉపయ|గి|ంచడం|\""\""|\""|\""|విద|యా||థులు|మరింత|విశ|ల|షణాత|మకంగ|ా|మరియ||విమర|శనాత|మకంగ|ా|మారడా|ి|కి|స్వయంసాధి|కా|తన||కలిగి||ఉంట|ంది;|ఇంటర|నెట్|మెటీరి|యల|స్|కు|చుర|గ|గా|ప్రతి|స్పంది|ంచడం|ద్వా|ా,|విద|యార|థ|లు|ఇతర|ల|రచనల|నేపథ్యంల||తమ|స్థానాలన||నిర|వచి|ంచవచ|చ||అదేవిధంగ|ా|నిర|ధిష|ట|సమస|యలప||వారి||స్వంత|దృక|క|ణాలన||వివరి|ంచవచ|చ||(ఒర|వెక|,|2002).\""\""|\"""", ""43"": ""\""|\""|\""|బ్లాగ|లన||సముచి|తంగ|ా|ఉపయ|గి|ంచడం|\""\""|\""|\""|విద|యా||థులు|మరింత|విశ|ల|షణాత|మకంగ|ా|మరియ||విమర|శనాత|మకంగ|ా|మారడా|ి|కి|స్వయంసాధి|కా|తన||కలిగి||ఉంట|ంది;|ఇంటర|నెట్|మెటీరి|యల|స్|కు|చుర|గ|గా|ప్రతి|స్పంది|ంచడం|ద్వా|ా,|విద|యార|థ|లు|ఇతర|ల|రచనల|నేపథ|యంల||తమ|స్థా|ా|న||నిర|వచి|ంచవచ|చ||అద|విధంగ|ా|నిర|ధిష|ట|సమస|యలప||వారి||స్వంత|దృక|క|ణాలన||వివరి|ంచవచ|చ||(ఒర|వెక|,|2002).\""\""\"""", ""44"": ""\""|\""|\""|బ్లా||లన||సమ|చి|తంగ|ా|ఉపయ|గి|ంచడం|\""\""|\""|\""|విద|యా||థుల||మరింత|విశ|ల|షణాత|మకంగ|ా|మరియ||విమర|శనాత|మకంగ|ా|మారడా|ి|కి|స్వయంసాధి|కా|తన||కలిగి||ఉంట|ంది;|ఇంటర|న|ట్|మెటీరి|యల|స్|కు|చుర|గ్గా|ప్రతి|స్పంది|ంచడం|ద్వా|ా,|విద|యా||థ|ల||ఇతర|ల|రచనల|నేపథ|యంల||తమ|స్థానాలన||నిర|వచి|ంచవచ|చ||అద|విధంగ|ా|నిర|ధిష|ట|సమస|యలప||వారి||స్వంత|దృక|క|ణాలన||వివరి|ంచవచ|చ||(ఒర|వెక|,|2002).\""\""\"""", ""45"": ""\""|\""|\""|బ్లా||లన||సముచి|తంగ|ా|ఉపయ|గి|ంచడం|\""\""|\""|\""|విద|యా||థ|లు|మరింత|విశ|ల|షణాత|మకంగ|ా|మరియ||విమర|శనా||మకంగ|ా|మారడా|ి|కి|స్వయ|సాధి|కా|తన||కలిగి||ఉంట|ంది;|ఇంటర|న|ట్|మెటీరి|యల|స్|కు|చురుగ|గా|ప్రతి|స్పంది|ంచడం|ద్వా|ా,|విద|యార|థులు|ఇతర|ల|రచనల|నేపథ|యంల||తమ|స్థానా|న||నిర|వచి|ంచవచ్చ||అదేవిధంగ|ా|నిర|ధిష|ట|సమస|యలప||వారి||స్వంత|దృక|క|ణాలన||వివరి|ంచవచ|చ||(ఒర|వెక|,|2002).\""\""\"""", ""46"": ""\""|\""|\""|బ్లా||లన||సమ|చి|తంగా|ఉపయోగి|ంచడం|\""\""|\""|\""|విద|యా||థులు|మరింత|విశ|ల|షణాత|మకంగ|ా|మరియ||విమర|శనా||మకంగ|ా|మారడాని|కి|స్వయంసా|ి|కా|తన||కలిగి||ఉంట|ంది;|ఇంటర|నెట్|మెటీరి|యల|స్|కు|చుర|గ|గా|ప్రతి|స్పంది|ంచడం|ద్వా|ా,|విద|యార|థులు|ఇతర|ల|రచనల|నేపథ|యంల||తమ|స్థానాలన||నిర|వచి|ంచవచ|చ||అద|విధంగ|ా|నిర|ధిష|ట|సమస|యలప||వారి||స్వంత|దృక|క|ణాలన||వివరి|ంచవచ|చ||(ఒర|వెక|,|2002).\""\""\""""}"
te,"""""""మీరు ప్రయాణి౦చేటప్పుడు, వస్తువులు """"""""తిరిగి ఇ౦టికి"""""""" వ౦టివి ఉ౦డకు౦డకు౦డ ఉ౦డకు౦డకు౦డ, వాటిని ఆశి౦చ౦డి. మర్యాద, చట్టాలు, ఆహారం, ట్రాఫిక్, బస, ప్రమాణాలు, భాష మొదలైన వాటి వల్ల మీరు నివసించే ప్రదేశానికి కొంత తేడా ఉంటుంది.""""""",1,1,5,5,True,"""|""|""|à°®|à±Ģà°°|à±ģ|Ġà°ª|à±įà°°à°¯|à°¾à°£|à°¿|à±¦|à°ļ|à±ĩà°Łà°ª|à±įà°ª|à±ģà°¡|à±ģ,|Ġà°µà°¸|à±įà°¤|à±ģà°µ|à±ģà°²|à±ģ|Ġ""|""|""|""|à°¤|à°¿à°°|à°¿à°Ĺ|à°¿|Ġà°ĩ|à±¦|à°Ł|à°¿à°ķ|à°¿""|""|""|""|Ġà°µ|à±¦|à°Ł|à°¿à°µ|à°¿|Ġà°ī|à±¦|à°¡à°ķ|à±ģ|à±¦|à°¡à°ķ|à±ģ|à±¦|à°¡|Ġà°ī|à±¦|à°¡à°ķ|à±ģ|à±¦|à°¡à°ķ|à±ģ|à±¦|à°¡|,|Ġà°µ|à°¾à°Ł|à°¿à°¨|à°¿|Ġà°Ĩà°¶|à°¿|à±¦|à°ļ|à±¦|à°¡|à°¿.|Ġà°®à°°|à±įà°¯|à°¾à°¦|,|Ġà°ļà°Ł|à±įà°Ł|à°¾à°²|à±ģ,|Ġà°Ĩà°¹|à°¾à°°|à°Ĥ,|Ġà°Ł|à±įà°°|à°¾à°«|à°¿à°ķ|à±į,|Ġà°¬à°¸|,|Ġà°ª|à±įà°°à°®|à°¾à°£|à°¾à°²|à±ģ,|Ġà°Ń|à°¾à°·|Ġà°®|à±Ĭà°¦à°²|à±Īà°¨|Ġà°µ|à°¾à°Ł|à°¿|Ġà°µà°²|à±įà°²|Ġà°®|à±Ģà°°|à±ģ|Ġà°¨|à°¿à°µà°¸|à°¿à°Ĥ|à°ļ|à±ĩ|Ġà°ª|à±įà°°à°¦|à±ĩà°¶|à°¾à°¨|à°¿à°ķ|à°¿|Ġà°ķ|à±Ĭà°Ĥ|à°¤|Ġà°¤|à±ĩà°¡|à°¾|Ġà°ī|à°Ĥà°Ł|à±ģà°Ĥ|à°¦|à°¿.|""|""|""","""|""|""|మీర||ప్రయాణి||చ|టప|ప|డు,|వస్త|వులు|""""|""|""|తిరిగి||ఇ౦టికి""""|""|""||వ౦టివి||ఉ౦డక||డక||డ|ఉ౦డక||డక||డ,|వాటి|ని|ఆశి౦చ|డి|.|మర|యాద,|చట్టాల|,|ఆహారం,|ట్రా|ిక|,|బస,|ప్రమా|ాల|,|భాష|మొదల|న|వాటి||వల్ల|మీర||నివసి|ంచ||ప్రద|శాని|కి|కొంత|తేడా|ఉంట|ంది.""""|""","{""42"": ""\""|\""|\""|మీర||ప్రయాణి||చ|టప|ప|డు,|వస్త|వులు|\""\""|\""|\""|తిరిగి||ఇ౦టికి\""\""|\""|\""||వ౦టివి||ఉ౦డక||డక||డ|ఉ౦డక||డక||డ,|వాటి|ని|ఆశి౦చ|డి|.|మర|యాద,|చట్టాల|,|ఆహారం,|ట్రా|ిక|,|బస,|ప్రమా|ాల|,|భాష|మొదల|న|వాటి||వల్ల|మీర||నివసి|ంచ||ప్రద|శాని|కి|కొంత|తేడా|ఉంట|ంది.\""\""|\"""", ""43"": ""\""|\""|\""|మీర||ప్రయా|ి||చ|టప|ప|డు,|వస్త|వులు|\""\""|\""|\""|తిరిగి||ఇ౦టి|కి\""\""|\""|\""|వ౦టివి||ఉ౦డక||డక||డ|ఉ౦డక||డక||డ,|వాటి|ని|ఆశి౦చ|డి|.|మర|యాద,|చట్టాల|,|ఆహారం,|ట్రా|ి|క|,|బస,|ప్రమా|ాల|,|భాష|మొదల|న|వాటి||వల్ల|మీర||నివసి|ంచ||ప్రద|శాని|కి|కొంత|తేడా|ఉంట|ంది.\""|\""|\"""", ""44"": ""\""|\""|\""|మీర||ప్రయా|ి|౦చేటప|ప|డు,|వస్త|వుల||\""\""|\""|\""తిరిగి||ఇ౦టికి\""\""|\""|\""||వ౦టివి||ఉ౦డక||డక||డ|ఉ౦డక||డక||డ,|వాటి|ని|ఆశి౦చ|డి.|మర|యాద,|చట్టాల|,|ఆహారం,|ట్రా|ిక|,|బస,|ప్రమా|ాల|,|భాష|మొదల|న|వాటి||వల్ల|మీర||నివస||ంచ||ప్రద|శాని|కి|కొంత|తేడా|ఉంట|ంది.\""|\""|\"""", ""45"": ""\""|\""|\""|మీర||ప్రయా|ి|౦చ|టప|ప|డు,|వస్త|వుల||\""\""|\""|\""|తిరిగి||ఇ౦టికి\""\""|\""|\""||వ౦టి|వి||ఉ౦డక||డక|౦డ|ఉ౦డక||డక||డ,|వాటి|ని|ఆశి౦చ|డి.|మర|యాద,|చట్టాల|,|ఆహారం,|ట్రాఫి|క|,|బస,|ప్రమా|ాల|,|భాష|మొదల|న|వాటి||వల్ల|మీరు|నివసి|ంచ||ప్రద|శాని|కి|కొంత|తేడా|ఉంట|ంది.\""\""|\"""", ""46"": ""\""|\""|\""|మీర||ప్రయా|ి|౦చ|టప|ప|డు,|వస్త|వులు|\""\""|\""|\""|తిరి|గి||ఇ౦టికి\""\""|\""|\""||వ౦టివి||ఉ౦డక||డక||డ|ఉ౦డక||డక||డ,|వాటి|ని|ఆశి౦చ|డి|.|మర|యాద,|చట్టాల|,|ఆహా|ం,|ట్రా|ిక|,|బస,|ప్రమా|ాల|,|భాష|మొదల|న|వాటి||వల్ల|మీర||నివసి|ంచ||ప్రద|శా|ి|కి|కొంత|తేడా|ఉంట|ంది.\""\""|\""""}"
te,"""""""మేము అన్ని దిగ్భ్రా౦తిలో ఉన్నా౦"""" అని తల్లి పేర్కొంది.""",1,1,5,5,True,"""|""|""|à°®|à±ĩà°®|à±ģ|Ġà°ħà°¨|à±įà°¨|à°¿|Ġà°¦|à°¿à°Ĺ|à±įà°Ń|à±įà°°|à°¾|à±¦|à°¤|à°¿à°²|à±ĭ|Ġà°īà°¨|à±įà°¨|à°¾|à±¦|""|""|Ġà°ħà°¨|à°¿|Ġà°¤à°²|à±įà°²|à°¿|Ġà°ª|à±ĩà°°|à±įà°ķ|à±Ĭà°Ĥ|à°¦|à°¿.|""","""|""|""|మేమ||అన్ని|దిగ|భ|రా|తిల||ఉన్నా|""""|అని|తల్లి||పేర|క|ంది|.""","{""42"": ""\""|\""|\""|మేమ||అన్ని|దిగ|భ|రా|తిల||ఉన్నా|\""\""|అని|తల్లి||పేర|క|ంది|.\"""", ""43"": ""\""|\""|\""|మేమ||అన్ని|దిగ|భ|రా|తిల||ఉన్నా|\""\""|అని|తల్లి||పేర|కొంది|.\"""", ""44"": ""\""|\""|\""|మేమ||అన్ని|దిగ|భ|రా|తిల||ఉన్నా|\""|\""||అని|తల్లి||పేర|క|ంది|.\"""", ""45"": ""\""|\""|\""|మేమ||అన|ని|దిగ|భ|రా|తిల||ఉన్నా|\""\""||అని|తల్లి||పేర|కొంది|.\"""", ""46"": ""\""|\""|\""|మేమ||అన|ని|దిగ|భ|రా|తి|ల||ఉన్నా|\""\""||అని|తల్లి||పేర|కొంది|.\""""}"
te,"""""""మేము ఒక సంవత్సరం పాటు ఆర్థిక సంక్షోభం కలిగి ఉన్నాము, ఇది గత రెండు నెలల్లో అత్యంత తీవ్రమైన క్షణాన్ని కలిగి ఉంది, మరియు ఇప్పుడు ఆర్థిక మార్కెట్లు తిరిగి పుంజుకోవడం ప్రారంభిస్తున్నాయని నేను భావిస్తున్నాను.""""""""""""""",1,1,5,5,True,"""|""|""|à°®|à±ĩà°®|à±ģ|Ġà°Ĵà°ķ|Ġà°¸|à°Ĥà°µà°¤|à±įà°¸à°°|à°Ĥ|Ġà°ª|à°¾à°Ł|à±ģ|Ġà°Ĩà°°|à±įà°¥|à°¿à°ķ|Ġà°¸|à°Ĥà°ķ|à±įà°·|à±ĭà°Ń|à°Ĥ|Ġà°ķà°²|à°¿à°Ĺ|à°¿|Ġà°īà°¨|à±įà°¨|à°¾à°®|à±ģ,|Ġà°ĩà°¦|à°¿|Ġà°Ĺà°¤|Ġà°°|à±Ĩà°Ĥ|à°¡|à±ģ|Ġà°¨|à±Ĩà°²à°²|à±įà°²|à±ĭ|Ġà°ħà°¤|à±įà°¯|à°Ĥà°¤|Ġà°¤|à±Ģà°µ|à±įà°°à°®|à±Īà°¨|Ġà°ķ|à±įà°·à°£|à°¾à°¨|à±įà°¨|à°¿|Ġà°ķà°²|à°¿à°Ĺ|à°¿|Ġà°ī|à°Ĥà°¦|à°¿,|Ġà°®à°°|à°¿à°¯|à±ģ|Ġà°ĩà°ª|à±įà°ª|à±ģà°¡|à±ģ|Ġà°Ĩà°°|à±įà°¥|à°¿à°ķ|Ġà°®|à°¾à°°|à±įà°ķ|à±Ĩà°Ł|à±įà°²|à±ģ|Ġà°¤|à°¿à°°|à°¿à°Ĺ|à°¿|Ġà°ª|à±ģà°Ĥ|à°ľ|à±ģà°ķ|à±ĭà°µà°¡|à°Ĥ|Ġà°ª|à±įà°°|à°¾à°°|à°Ĥà°Ń|à°¿à°¸|à±įà°¤|à±ģà°¨|à±įà°¨|à°¾à°¯à°¨|à°¿|Ġà°¨|à±ĩà°¨|à±ģ|Ġà°Ń|à°¾à°µ|à°¿à°¸|à±įà°¤|à±ģà°¨|à±įà°¨|à°¾à°¨|à±ģ.|""|""|""|""|""|""|""","""|""|""|మేమ||ఒక|సంవత|సరం|పాటు|ఆర|థిక|సంక|ష|భం|కలిగి||ఉన్నామ|,|ఇది|గత|రెండ||నెలల|ల||అత|యంత|తీవ|రమ|న|క్షణా||ని|కలిగి||ఉంది,|మరియ||ఇప్ప|డు|ఆర|థిక|మార|కెట్ల||తిరిగి||పుంజ|కోవడం|ప్రారంభి|స్త|న్నాయని||నేను|భావి|స్త|న్నాన|.""""|""|""|""|""|""","{""42"": ""\""|\""|\""|మేమ||ఒక|సంవత|సరం|పాటు|ఆర|థిక|సంక|ష|భం|కలిగి||ఉన్నామ|,|ఇది|గత|రెండ||నెలల|ల||అత|యంత|తీవ|రమ|న|క్షణా||ని|కలిగి||ఉంది,|మరియ||ఇప్ప|డు|ఆర|థిక|మార|కెట్ల||తిరిగి||పుంజ|కోవడం|ప్రారంభి|స్త|న్నాయని||నేను|భావి|స్త|న్నాన|.\""\""|\""|\""|\""|\""|\"""", ""43"": ""\""|\""|\""|మేమ||ఒక|సంవత|సరం|పాటు|ఆర|థి|క|సంక|ష|భం|కలిగి||ఉన్నామ|,|ఇది|గత|రెండ||నెలల|ల||అత|యంత|తీవ|రమ|న|క్షణా||ని|కలిగి||ఉంది,|మరియ||ఇప్ప|డు|ఆర|థి|క|మార|క|ట్ల||తిరి|గి||పుంజ|క|వడం|ప్రా|ంభి|స్త|న్నాయని||నేను|భావి|స్త|న్నాన|.\""\""|\""|\""\""|\""|\"""", ""44"": ""\""|\""|\""|మేమ||ఒక|సంవత|సరం|పాట||ఆర|థి|క|సంక|ష|భం|కలిగి||ఉన్నామ|,|ఇది|గత|రెండ||నెలల|ల||అత|యంత|తీవ|రమ|న|క్షణాన|ని|కలిగి||ఉంది,|మరియు|ఇప్ప|డు|ఆర|థిక|మార|కెట్ల||తిరిగి||పుంజ|క|వడం|ప్రా|ంభి|స్త|న్నాయని||నేన||భావి|స్త|న్నాన|.\""\""|\""|\""|\""|\""|\"""", ""45"": ""\""|\""|\""|మేమ||ఒక|సంవత|సరం|పాటు|ఆర|థి|క|సంక|ష|భం|కలిగి||ఉన్నామ|,|ఇది|గత|రెండ||నెలల|ల||అత|యంత|తీవ|రమ|న|క్షణాన|ని|కలిగి||ఉంది,|మరియ||ఇప్ప|డు|ఆర|థిక|మార|కెట్ల||తిరిగి||పుంజ|క|వడం|ప్రా|ంభి|స్త|న్నాయని||నేను|భావి|స్త|న|నాన|.\""\""|\""|\""\""|\""|\"""", ""46"": ""\""|\""|\""|మేమ||ఒక|సంవత|సరం|పాట||ఆర|థి|క|సంక|ష|భం|కలిగి||ఉన్నామ|,|ఇది|గత|రెండ||నెలల|ల||అత|యంత|తీవ|రమ|న|క్షణాన|ని|కలిగి||ఉంది,|మరియ||ఇప్ప|డు|ఆర|థి|క|మార|కెట్ల||తిరిగి||పుంజ|కోవడం|ప్రా|ంభి|స్త|న్నాయని||నేను|భావి|స్త|న్నాన|.\""\""|\""|\""|\""|\""|\""""}"
te,"""""""మేము దీని రిహార్సల్ చేసిన ప్రతిసారీ, నా గుండె లోతుల్లో నుండీ కదిలిపోయాను.""""""",1,1,5,5,True,"""|""|""|à°®|à±ĩà°®|à±ģ|Ġà°¦|à±Ģà°¨|à°¿|Ġà°°|à°¿à°¹|à°¾à°°|à±įà°¸à°²|à±į|Ġà°ļ|à±ĩà°¸|à°¿à°¨|Ġà°ª|à±įà°°à°¤|à°¿à°¸|à°¾à°°|à±Ģ,|Ġà°¨|à°¾|Ġà°Ĺ|à±ģà°Ĥ|à°¡|à±Ĩ|Ġà°²|à±ĭà°¤|à±ģà°²|à±įà°²|à±ĭ|Ġà°¨|à±ģà°Ĥ|à°¡|à±Ģ|Ġà°ķà°¦|à°¿à°²|à°¿à°ª|à±ĭà°¯|à°¾à°¨|à±ģ.|""|""|""","""|""|""|మేమ||దీని||రిహార|సల||చేసి|న|ప్రతి|సార|,|నా|గుండ||లోత|ల్ల||నుండ||కదిలి|ప|యాన|.""""|""","{""42"": ""\""|\""|\""|మేమ||దీని||రిహార|సల||చేసి|న|ప్రతి|సార|,|నా|గుండ||లోత|ల్ల||నుండ||కదిలి|ప|యాన|.\""\""|\"""", ""43"": ""\""|\""|\""|మేమ||దీని|రిహా||సల||చేసిన|ప్రతి|సార|,|నా|గుండ||లోత|ల్ల||నుండ||కదిలి|ప|యాన|.\""\""|\"""", ""44"": ""\""|\""|\""|మేమ||దీని||రిహా||సల||చేసి|న|ప్రతి|సా||,|నా|గుండ||లోత|ల్ల||నుండ||కదిలి|ప|యాన|.\""\""|\"""", ""45"": ""\""|\""|\""|మేమ||దీని||రిహా||సల||చేసిన|ప్రతి|సార|,|నా|గుండ||లోత|ల్ల||నుండ||కదిలి|ప|యాన|.\""\""\"""", ""46"": ""\""|\""|\""|మేమ||దీని|రిహా||సల||చేసి|న|ప్రతి|సార|,|నా|గుండ||లోత|ల్ల||నుండ||కదిలి|ప|యాన|.\""|\""|\""""}"
te,"""""""విలక్షణ"""" సందర్శన లో ఓర్లాండో అంతర్జాతీయ విమానాశ్రయంలోకి ఎగరడం, ఒక ఆన్-సైట్ డిస్నీ హోటల్ కు బస్సింగ్, డిస్నీ ఆస్తిని వదిలి వెళ్ళకుండా ఒక వారం పాటు గడిపి, ఇంటికి తిరిగి రావడం జరుగుతుంది.""",1,1,5,5,True,"""|""|""|à°µ|à°¿à°²à°ķ|à±įà°·à°£|""|""|Ġà°¸|à°Ĥà°¦à°°|à±įà°¶à°¨|Ġà°²|à±ĭ|Ġà°ĵà°°|à±įà°²|à°¾à°Ĥ|à°¡|à±ĭ|Ġà°ħ|à°Ĥà°¤à°°|à±įà°ľ|à°¾à°¤|à±Ģà°¯|Ġà°µ|à°¿à°®|à°¾à°¨|à°¾à°¶|à±įà°°à°¯|à°Ĥà°²|à±ĭà°ķ|à°¿|Ġà°İ|à°Ĺà°°|à°¡|à°Ĥ,|Ġà°Ĵà°ķ|Ġà°Ĩà°¨|à±į-|à°¸|à±Īà°Ł|à±į|Ġà°¡|à°¿à°¸|à±įà°¨|à±Ģ|Ġà°¹|à±ĭà°Łà°²|à±į|Ġà°ķ|à±ģ|Ġà°¬à°¸|à±įà°¸|à°¿à°Ĥ|à°Ĺ|à±į,|Ġà°¡|à°¿à°¸|à±įà°¨|à±Ģ|Ġà°Ĩà°¸|à±įà°¤|à°¿à°¨|à°¿|Ġà°µà°¦|à°¿à°²|à°¿|Ġà°µ|à±Ĩà°³|à±įà°³à°ķ|à±ģà°Ĥ|à°¡|à°¾|Ġà°Ĵà°ķ|Ġà°µ|à°¾à°°|à°Ĥ|Ġà°ª|à°¾à°Ł|à±ģ|Ġà°Ĺà°¡|à°¿à°ª|à°¿,|Ġà°ĩ|à°Ĥà°Ł|à°¿à°ķ|à°¿|Ġà°¤|à°¿à°°|à°¿à°Ĺ|à°¿|Ġà°°|à°¾à°µà°¡|à°Ĥ|Ġà°ľà°°|à±ģà°Ĺ|à±ģà°¤|à±ģà°Ĥ|à°¦|à°¿.|""","""|""|""|విలక|షణ""""||సందర|శన|లో|ఓర|లాండ||అంతర|జాత|య|విమా|ాశ|రయంల|కి|ఎగరడం,|ఒక|ఆన్-|సైట||డిస్న||హోటల||కు|బస్సింగ|,|డిస్న||ఆస్తి|ని|వదిలి||వెళ్ళక|ండా|ఒక|వారం|పాట||గడిపి|,|ఇంటి|కి|తిరిగి||రావడం|జరుగుత|ంది.""","{""42"": ""\""|\""|\""|విలక|షణ\""\""||సందర|శన|లో|ఓర|లాండ||అంతర|జాత|య|విమా|ాశ|రయంల|కి|ఎగరడం,|ఒక|ఆన్-|సైట||డిస్న||హోటల||కు|బస్సింగ|,|డిస్న||ఆస్తి|ని|వదిలి||వెళ్ళక|ండా|ఒక|వారం|పాట||గడిపి|,|ఇంటి|కి|తిరిగి||రావడం|జరుగుత|ంది.\"""", ""43"": ""\""|\""|\""|విలక|షణ\""\""||సందర|శన|లో|ఓర్లాండ||అంతర|జాత|య|విమా|ాశ|రయంల|కి||ఎగరడం,|ఒక|ఆన్-|సైట్|డిస|న||హోటల||కు|బస్సింగ|,|డిస్న||ఆస్తిని||వదిలి||వెళ్ళక|ండా|ఒక|వారం|పాటు|గడిపి|,|ఇంటి|కి|తిరిగి||రావడం|జరుగుత|ంది.\"""", ""44"": ""\""|\""|\""|విలక|షణ\""\""||సందర|శన|లో|ఓర|లాండ||అంతర|జాత|య|విమా|ా||రయంల|కి|ఎగరడం,|ఒక|ఆన|-|సైట||డిస్న||హోటల||కు|బస్సి|ంగ|,|డిస్న||ఆస్తి|ని|వదిలి||వెళ్ళక|ండా|ఒక|వారం|పాట||గడిపి|,|ఇంటి|కి|తిరి|గి||రావడం|జరుగుత|ంది.\"""", ""45"": ""\""|\""|\""|విలక|షణ\""\""|సందర|శన|లో|ఓర|లాండ||అంతర|జాత|య|విమా|ాశ|రయంల|కి|ఎగరడం,|ఒక|ఆన|-|సైట||డిస్న||హోటల||కు|బస్సి|ంగ|,|డిస్న||ఆస|తి|ని|వదిలి||వెళ్ళక|ండా|ఒక|వారం|పాటు|గడిపి|,|ఇంటికి|తిరిగి||రావడం|జరుగుత|ంది|.\"""", ""46"": ""\""|\""|\""|విలక|షణ\""\""|సందర|శన|లో|ఓర|లాండ||అంతర|జాత|య|విమానాశ|రయంల|కి|ఎగరడం,|ఒక|ఆన్-|సైట్|డిస్న||హోటల||కు|బస్సి|ంగ|,|డిస్న||ఆస్తిని|వదిలి||వెళ్ళక|ండా|ఒక|వారం|పాటు|గడిపి|,|ఇంటి|కి|తిరిగి||రావడం|జరుగుత|ంది.\""""}"
te,"""""""వ్యోమగామి నం. 11"""" గా కూడా పిలువబడే లియోనోవ్, సోవియట్ యూనియన్ వ్యోమగాముల అసలు బృందంలో భాగంగా ఉన్నారు. """,1,1,5,5,True,"""|""|""|à°µ|à±įà°¯|à±ĭà°®|à°Ĺ|à°¾à°®|à°¿|Ġà°¨|à°Ĥ.|Ġ|11|""|""|Ġà°Ĺ|à°¾|Ġà°ķ|à±Ĥà°¡|à°¾|Ġà°ª|à°¿à°²|à±ģà°µà°¬à°¡|à±ĩ|Ġà°²|à°¿à°¯|à±ĭà°¨|à±ĭà°µ|à±į,|Ġà°¸|à±ĭà°µ|à°¿à°¯à°Ł|à±į|Ġà°¯|à±Ĥà°¨|à°¿à°¯à°¨|à±į|Ġà°µ|à±įà°¯|à±ĭà°®|à°Ĺ|à°¾à°®|à±ģà°²|Ġà°ħà°¸à°²|à±ģ|Ġà°¬|à±ĥà°Ĥ|à°¦|à°Ĥà°²|à±ĭ|Ġà°Ń|à°¾à°Ĺ|à°Ĥà°Ĺ|à°¾|Ġà°īà°¨|à±įà°¨|à°¾à°°|à±ģ.|Ġ""","""|""|""|వ్య|మగా|ి||నం.|11""""|గా|కూడా|పిల|వబడ||లియ|న|వ్,|సోవియట|||యూనియన||వ్య|మగ|ామ|ల|అసల||బృందంల||భాగంగా|ఉన్నార|.|""","{""42"": ""\""|\""|\""|వ్య|మగా|ి||నం.|11\""\""|గా|కూడా|పిల|వబడ||లియ|న|వ్,|సోవియట|||యూనియన||వ్య|మగ|ామ|ల|అసల||బృందంల||భాగంగా|ఉన్నార|.|\"""", ""43"": ""\""|\""|\""|వ్య|మగా|ి||నం.|11\""\""||గా|కూడా|పిల|వబడ||లియోన|వ్,|సోవియట్|యూనియన||వ్య|మగామ|ల|అసల||బృందంల||భాగంగా|ఉన్నార|.|\"""", ""44"": ""\""|\""|\""|వ్య|మగా|ి||నం.|11\""\""||గా|కూడా|పిల|వబడ||లియోన|వ్,|సోవియట||యూనియన||వ్య|మగా||ల|అసల||బృందంల||భాగంగా|ఉన్నార|.|\"""", ""45"": ""\""|\""|\""|వ్య|మగా|ి||నం.|11\""\""||గా|కూడా|పిల|వబడ||లియోన|వ్,|సోవియట్|యూనియన||వ్య|మగా||ల|అసల||బృందంల||భాగంగా|ఉన్నార|.|\"""", ""46"": ""\""|\""|\""|వ్య|మగామి||నం.|11\""\""||గా|కూడా|పిల|వబడ||లియ|న|వ్,|సోవియట్|యూనియన||వ్య|మగామ|ల|అసల||బృందంల||భాగంగా|ఉన్నార|.|\""""}"
te,"""""""సాంకేతిక నిర్ణయవాదం యొక్క చాలా వ్యాఖ్యానాలు రెండు సాధారణ భావాలను పంచుకుంటాయి: సాంకేతిక పరిజ్ఞానం అభివృద్ధి అనేది సాంస్కృతిక లేదా రాజకీయ ప్రభావానికి అతీతంగా ఒక మార్గాన్ని అనుసరిస్తుంది, సాంకేతిక పరిజ్ఞానం సాంఘికంగా కండిషన్ చేయబడిన సమాజాలపై ప్రభావాలను కలిగి ఉంటుంది.""",1,1,5,5,True,"""|""|""|à°¸|à°¾à°Ĥ|à°ķ|à±ĩà°¤|à°¿à°ķ|Ġà°¨|à°¿à°°|à±įà°£à°¯|à°µ|à°¾à°¦|à°Ĥ|Ġà°¯|à±Ĭà°ķ|à±įà°ķ|Ġà°ļ|à°¾à°²|à°¾|Ġà°µ|à±įà°¯|à°¾à°ĸ|à±įà°¯|à°¾à°¨|à°¾à°²|à±ģ|Ġà°°|à±Ĩà°Ĥ|à°¡|à±ģ|Ġà°¸|à°¾à°§|à°¾à°°à°£|Ġà°Ń|à°¾à°µ|à°¾à°²à°¨|à±ģ|Ġà°ª|à°Ĥà°ļ|à±ģà°ķ|à±ģà°Ĥ|à°Ł|à°¾à°¯|à°¿:|Ġà°¸|à°¾à°Ĥ|à°ķ|à±ĩà°¤|à°¿à°ķ|Ġà°ªà°°|à°¿à°ľ|à±įà°ŀ|à°¾à°¨|à°Ĥ|Ġà°ħà°Ń|à°¿à°µ|à±ĥà°¦|à±įà°§|à°¿|Ġà°ħà°¨|à±ĩà°¦|à°¿|Ġà°¸|à°¾à°Ĥ|à°¸|à±įà°ķ|à±ĥà°¤|à°¿à°ķ|Ġà°²|à±ĩà°¦|à°¾|Ġà°°|à°¾à°ľà°ķ|à±Ģà°¯|Ġà°ª|à±įà°°à°Ń|à°¾à°µ|à°¾à°¨|à°¿à°ķ|à°¿|Ġà°ħà°¤|à±Ģà°¤|à°Ĥà°Ĺ|à°¾|Ġà°Ĵà°ķ|Ġà°®|à°¾à°°|à±įà°Ĺ|à°¾à°¨|à±įà°¨|à°¿|Ġà°ħà°¨|à±ģà°¸à°°|à°¿à°¸|à±įà°¤|à±ģà°Ĥ|à°¦|à°¿,|Ġà°¸|à°¾à°Ĥ|à°ķ|à±ĩà°¤|à°¿à°ķ|Ġà°ªà°°|à°¿à°ľ|à±įà°ŀ|à°¾à°¨|à°Ĥ|Ġà°¸|à°¾à°Ĥ|à°ĺ|à°¿à°ķ|à°Ĥà°Ĺ|à°¾|Ġà°ķ|à°Ĥà°¡|à°¿à°·à°¨|à±į|Ġà°ļ|à±ĩà°¯à°¬à°¡|à°¿à°¨|Ġà°¸à°®|à°¾à°ľ|à°¾à°²à°ª|à±Ī|Ġà°ª|à±įà°°à°Ń|à°¾à°µ|à°¾à°²à°¨|à±ģ|Ġà°ķà°²|à°¿à°Ĺ|à°¿|Ġà°ī|à°Ĥà°Ł|à±ģà°Ĥ|à°¦|à°¿.|""","""|""|""|సాంక|తిక|నిర|ణయవా|ం|యొక|క|చాలా|వ|యా||యా|ాల||రెండ||సాధా|ణ|భావాలన||పంచ|కుంటాయి|:|సాంక|తిక|పరిజ|ఞా|ం|అభివ|ద|ధి||అనేది|సాంస|క|తిక|లేదా|రాజక|య|ప్రభా|ాని|కి|అత|తంగ|ా|ఒక|మార|గాన|ని|అన|సరి|స్త|ంది,|సాంక|తిక|పరిజ|ఞా|ం|సాంఘి|కంగా|కండి|షన||చేయబడి|న|సమాజాలప||ప్రభా|ాలన||కలిగి||ఉంట|ంది.""","{""42"": ""\""|\""|\""|సాంక|తిక|నిర|ణయవా|ం|యొక|క|చాలా|వ|యా||యా|ాల||రెండ||సాధా|ణ|భావాలన||పంచ|కుంటాయి|:|సాంక|తిక|పరిజ|ఞా|ం|అభివ|ద|ధి||అనేది|సాంస|క|తిక|లేదా|రాజక|య|ప్రభా|ాని|కి|అత|తంగ|ా|ఒక|మార|గాన|ని|అన|సరి|స్త|ంది,|సాంక|తిక|పరిజ|ఞా|ం|సాంఘి|కంగా|కండి|షన||చేయబడి|న|సమాజాలప||ప్రభా|ాలన||కలిగి||ఉంట|ంది.\"""", ""43"": ""\""|\""|\""|సాంక|తిక|నిర|ణయవా|ం|యొక|క|చాలా|వ్యా||యానాల||రెండ||సాధారణ|భావాలన||పంచ|కుంటాయి|:|సాంక|తిక|పరిజ|ఞానం|అభివ|ద|ధి|అన|ది|సాంస|క|తిక|లేదా|రాజక|య|ప్రభా|ాని|కి|అత|తంగా|ఒక|మార|గాన|ని|అన|సరి|స్త|ంది,|సాంక|తిక|పరిజ|ఞానం|సాంఘి|కంగా|కండిషన||చేయబడి|న|సమాజాలప||ప్రభా|ాలన||కలిగి||ఉంట|ంది.\"""", ""44"": ""\""|\""|\""|సాంక|తిక|నిర|ణయవా|ం|యొక|క|చాలా|వ్యా||యా|ాల||రెండ||సాధారణ|భావాలన||పంచ|కుంటాయి|:|సాంక|తిక|పరిజ|ఞానం|అభివ|ద|ధి|అన|ది|సాంస|క|తిక|లేదా|రాజక|య|ప్రభా|ాని|కి|అత|తంగా|ఒక|మార|గాన|ని|అన|సరిస|త|ంది,|సాంక|తిక|పరిజ|ఞా|ం|సాంఘి|కంగా|కండి|షన||చేయబడి|న|సమాజాలప||ప్రభా|ా|న||కలిగి||ఉంట|ంది.\"""", ""45"": ""\""|\""|\""|సాంక|తిక|నిర|ణయవ||ం|యొక|క|చాలా|వ్యా||యానా|||రెండ||సాధారణ|భావాలన||పంచ|కుంటాయి|:|సాంక|తి|క|పరిజ|ఞానం|అభివ|ద|ధి|అన|ది|సాంస|క|తిక|లేదా|రాజక|య|ప్రభా|ాని|కి|అత|తంగా|ఒక|మార|గాన|ని|అనుసరి|స|త|ంది,|సాంక|తి|క|పరిజ|ఞా|ం|సాంఘి|కంగా|కండి|షన||చేయబడి|న|సమా|ాలప||ప్రభా|ాలన||కలిగి||ఉంట|ంది.\"""", ""46"": ""\""|\""|\""|సాంక|తిక|నిర|ణయవా|ం|యొక|క|చాలా|వ్యా||యానాల||రెండ||సాధా|ణ|భావాలన||పంచ|క|ంటాయి|:|సాంక|తిక|పరిజ|ఞానం|అభివ|ద|ధి|అన|ది|సాంస|క|తిక|లేదా|రాజక|య|ప్రభా|ాని|కి|అత|తంగా|ఒక|మార|గాన|ని|అన|సరి|స్త|ంది,|సాంక|తి|క|పరిజ|ఞానం|సాంఘి|కంగా|కండి|షన||చేయబడి|న|సమాజా|ప||ప్రభా|ా|న||కలిగి||ఉంట|ంది.\""""}"
te,"""""""సిక్కులు తమ మతం గుర్మత్ అని పిలుస్తారు, ఇది పంజాబీ """"""""గురువు మార్గం""""""""గా పిలువబడుతుంది. అన్ని భారతీయ మతాలకు గురువు ఒక ప్రాథమిక భావన, అయితే సిక్కు మతంలో సిక్కు మతానికి ప్రాముఖ్యత ఉంది, ఇది సిక్కు విశ్వాసాలకు ప్రధాన కారణం.""""""",1,1,5,5,True,"""|""|""|à°¸|à°¿à°ķ|à±įà°ķ|à±ģà°²|à±ģ|Ġà°¤à°®|Ġà°®à°¤|à°Ĥ|Ġà°Ĺ|à±ģà°°|à±įà°®à°¤|à±į|Ġà°ħà°¨|à°¿|Ġà°ª|à°¿à°²|à±ģà°¸|à±įà°¤|à°¾à°°|à±ģ,|Ġà°ĩà°¦|à°¿|Ġà°ª|à°Ĥà°ľ|à°¾à°¬|à±Ģ|Ġ""|""|""|""|à°Ĺ|à±ģà°°|à±ģà°µ|à±ģ|Ġà°®|à°¾à°°|à±įà°Ĺ|à°Ĥ|""|""|""|""|à°Ĺ|à°¾|Ġà°ª|à°¿à°²|à±ģà°µà°¬à°¡|à±ģà°¤|à±ģà°Ĥ|à°¦|à°¿.|Ġà°ħà°¨|à±įà°¨|à°¿|Ġà°Ń|à°¾à°°à°¤|à±Ģà°¯|Ġà°®à°¤|à°¾à°²à°ķ|à±ģ|Ġà°Ĺ|à±ģà°°|à±ģà°µ|à±ģ|Ġà°Ĵà°ķ|Ġà°ª|à±įà°°|à°¾à°¥à°®|à°¿à°ķ|Ġà°Ń|à°¾à°µà°¨|,|Ġà°ħà°¯|à°¿à°¤|à±ĩ|Ġà°¸|à°¿à°ķ|à±įà°ķ|à±ģ|Ġà°®à°¤|à°Ĥà°²|à±ĭ|Ġà°¸|à°¿à°ķ|à±įà°ķ|à±ģ|Ġà°®à°¤|à°¾à°¨|à°¿à°ķ|à°¿|Ġà°ª|à±įà°°|à°¾à°®|à±ģà°ĸ|à±įà°¯à°¤|Ġà°ī|à°Ĥà°¦|à°¿,|Ġà°ĩà°¦|à°¿|Ġà°¸|à°¿à°ķ|à±įà°ķ|à±ģ|Ġà°µ|à°¿à°¶|à±įà°µ|à°¾à°¸|à°¾à°²à°ķ|à±ģ|Ġà°ª|à±įà°°à°§|à°¾à°¨|Ġà°ķ|à°¾à°°à°£|à°Ĥ.|""|""|""","""|""|""|సిక|క|లు|తమ|మతం|గుర|మత||అని|పిల|స్తార|,|ఇది|పంజాబ||""""|""|""|గుర|వు|మార|గం""""|""|""గా|పిల|వబడ|త|ంది.|అన్ని|భారత|య|మతాలక||గుర|వు|ఒక|ప్రా|మి|క|భావన,|అయిత||సిక|క||మతంల||సిక|క||మతాని|కి|ప్రా||ఖ|యత|ఉంది,|ఇది|సిక|క||విశ|వా|ాలక||ప్రధా||కారణం.""""|""","{""42"": ""\""|\""|\""|సిక|క|లు|తమ|మతం|గుర|మత||అని|పిల|స్తార|,|ఇది|పంజాబ||\""\""|\""|\""|గుర|వు|మార|గం\""\""|\""|\""గా|పిల|వబడ|త|ంది.|అన్ని|భారత|య|మతాలక||గుర|వు|ఒక|ప్రా|మి|క|భావన,|అయిత||సిక|క||మతంల||సిక|క||మతాని|కి|ప్రా||ఖ|యత|ఉంది,|ఇది|సిక|క||విశ|వా|ాలక||ప్రధా||కారణం.\""\""|\"""", ""43"": ""\""|\""|\""|సిక|క|లు|తమ|మతం|గుర|మత||అని|పిలుస్తార|,|ఇది|పంజా|||\""\""|\""|\""|గుర|వు|మార|గం\""\""|\""|\""|గా|పిలువబడ|త|ంది.|అన|ని|భారత|య|మతాలక||గుర|వు|ఒక|ప్రా|మి|క|భావన,|అయిత||సిక|క||మతంల||సిక|క||మతాని|కి|ప్రా||ఖ|యత|ఉంది,|ఇది|సిక|క||విశ|వా|ా|క||ప్రధా||కారణం.\""|\""|\"""", ""44"": ""\""\""|\""|సిక|క|లు|తమ|మతం|గుర|మత||అని|పిలుస్తా||,|ఇది|పంజాబ||\""\""|\""|\""|గుర|వ||మార|గం\""\""\""|\""|గా|పిల|వబడ|త|ంది.|అన|ని|భారత|య|మతాలక||గుర|వ||ఒక|ప్రా|మి|క|భావన,|అయిత||సిక|క||మతంల||సిక|క||మతాని|కి|ప్రా||ఖ|యత|ఉంది,|ఇది|సిక|క||విశ|వాసా|క||ప్రధా||కారణం.\""\""|\"""", ""45"": ""\""|\""|\""|సిక|క|లు|తమ|మతం|గుర|మత||అని|పిల|స్తార|,|ఇది|పంజాబ||\""\""|\""|\""|గుర|వు|మార|గం\""\""|\""|\""|గా|పిల|వబడ|త|ంది.|అన|ని|భారత|య|మతాలక||గుర|వు|ఒక|ప్రా|మి|క|భావన,|అయిత||సిక|క||మతంల||సిక|క||మతాని|కి|ప్రా||ఖ|యత|ఉంది,|ఇది|సిక|క||విశ|వాసాలక||ప్రధా||కారణం.\""\""|\"""", ""46"": ""\""|\""|\""|సిక|క|లు|తమ|మతం|గుర|మత||అని|పిల|స్తా||,|ఇది|పంజాబ||\""\""|\""|\""|గుర|వు|మార|గం\""\""|\""|\""|గా|పిల|వబడ|త|ంది.|అన్ని|భారత|య|మతా|క||గుర|వు|ఒక|ప్రా|మి|క|భావన,|అయిత||సిక|క||మతంల||సిక|క||మతాని|కి|ప్రామ|ఖ్యత|ఉంది,|ఇది|సిక|క||విశ|వా|ాలక||ప్రధాన|కారణం.\""\""|\""""}"
te,"""""""సెవెన్ సిస్టర్స్"""" అని పేరు పెట్ట బడిన గుహలన్నీ ప్రవేశ ద్వారాలు కనీసం 100 నుండి 250 మీటర్ల (328 నుండి 820 అడుగులు) వ్యాసమును కలిగి ఉన్నాయి.""""""",1,1,5,5,True,"""|""|""|à°¸|à±Ĩà°µ|à±Ĩà°¨|à±į|Ġà°¸|à°¿à°¸|à±įà°Łà°°|à±įà°¸|à±į""|""|Ġà°ħà°¨|à°¿|Ġà°ª|à±ĩà°°|à±ģ|Ġà°ª|à±Ĩà°Ł|à±įà°Ł|Ġà°¬à°¡|à°¿à°¨|Ġà°Ĺ|à±ģà°¹|à°²à°¨|à±įà°¨|à±Ģ|Ġà°ª|à±įà°°à°µ|à±ĩà°¶|Ġà°¦|à±įà°µ|à°¾à°°|à°¾à°²|à±ģ|Ġà°ķà°¨|à±Ģà°¸|à°Ĥ|Ġ|100|Ġà°¨|à±ģà°Ĥ|à°¡|à°¿|Ġ|250|Ġà°®|à±Ģà°Łà°°|à±įà°²|Ġ(|3|28|Ġà°¨|à±ģà°Ĥ|à°¡|à°¿|Ġ|8|20|Ġà°ħà°¡|à±ģà°Ĺ|à±ģà°²|à±ģ)|Ġà°µ|à±įà°¯|à°¾à°¸à°®|à±ģà°¨|à±ģ|Ġà°ķà°²|à°¿à°Ĺ|à°¿|Ġà°īà°¨|à±įà°¨|à°¾à°¯|à°¿.|""|""|""","""|""|""|సెవ|న||సిస|టర|స్""""||అని|పేర||పెట్ట|బడిన|గుహలన|న||ప్రవ|శ|ద్వా|ా|||కనీసం|100|నుండి|250|మీటర|ల|(328|నుండి|820|అడుగ|ల|)|వ్యా|మ|ను|కలిగి||ఉన్నాయి|.""""|""","{""42"": ""\""|\""|\""|సెవ|న||సిస|టర|స్\""\""||అని|పేర||పెట్ట|బడిన|గుహలన|న||ప్రవ|శ|ద్వా|ా|||కనీసం|100|నుండి|250|మీటర|ల|(328|నుండి|820|అడుగ|ల|)|వ్యా|మ|ను|కలిగి||ఉన్నాయి|.\""\""|\"""", ""43"": ""\""|\""|\""|సెవ|న్|సిస్టర|స్\""\""||అని|పేర||పెట్ట|బడిన|గుహలన|న||ప్రవ|శ|ద్వా|ా|||కనీసం|100|నుండి|250|మీటర|ల|(328|నుండి|820|అడుగ|ల|)|వ్యాసమ|ను|కలిగి||ఉన్నాయి|.\""\""\"""", ""44"": ""\""|\""|\""|సెవ|న||సిస్టర|స్\""\""||అని|పేర||పెట్ట|బడిన|గుహలన|న||ప్రవ|శ|ద్వా|ా|||కన|సం|100|నుండి|250|మీటర|ల|(328|నుండి|820|అడుగ|ల|)|వ్యా|మ|ను|కలిగి||ఉన్నాయి|.\""|\""|\"""", ""45"": ""\""|\""|\""|సెవ|న||సిస్టర|స్\""\""||అని|పేరు|పెట్ట|బడిన|గుహలన|న||ప్రవ|శ|ద్వా|ా|||కన|సం|100|నుండి|250|మీటర|ల|(328|నుండి|820|అడుగ|ల|)|వ్యా|మ|ను|కలిగి||ఉన్నాయి|.\""\""\"""", ""46"": ""\""|\""|\""|సెవ|న||సిస్టర|స్\""\""||అని|పేర||పెట్ట|బడిన|గుహలన|న||ప్రవ|శ|ద్వా|ా|||కనీసం|100|నుండి|250|మీటర|ల|(328|నుండి|820|అడుగ|ల|)|వ్యా|మ|ను|కలిగి||ఉన్నాయి|.\""\""|\""""}"
te,"""""""స్టేషన్ వెబ్ సైట్ ఈ ప్రదర్శనను """" ఒక కొత్త అప్రదిక్ గీకీ స్పిన్ తో పాత పాఠశాల రేడియో థియేటర్!"""" అని వర్ణిస్తుంది.""",1,1,5,5,True,"""|""|""|à°¸|à±įà°Ł|à±ĩà°·à°¨|à±į|Ġà°µ|à±Ĩà°¬|à±į|Ġà°¸|à±Īà°Ł|à±į|Ġà°Ī|Ġà°ª|à±įà°°à°¦à°°|à±įà°¶à°¨|à°¨|à±ģ|Ġ""|""|Ġà°Ĵà°ķ|Ġà°ķ|à±Ĭà°¤|à±įà°¤|Ġà°ħà°ª|à±įà°°à°¦|à°¿à°ķ|à±į|Ġà°Ĺ|à±Ģà°ķ|à±Ģ|Ġà°¸|à±įà°ª|à°¿à°¨|à±į|Ġà°¤|à±ĭ|Ġà°ª|à°¾à°¤|Ġà°ª|à°¾à°łà°¶|à°¾à°²|Ġà°°|à±ĩà°¡|à°¿à°¯|à±ĭ|Ġà°¥|à°¿à°¯|à±ĩà°Łà°°|à±į|!""|""|Ġà°ħà°¨|à°¿|Ġà°µà°°|à±įà°£|à°¿à°¸|à±įà°¤|à±ģà°Ĥ|à°¦|à°¿.|""","""|""|""|స్ట|షన||వెబ||సైట్|ఈ|ప్రదర|శనన||""""||ఒక|కొత|త|అప్రది|క||గీక||స్పి|న్|తో|పాత|పాఠశా||రేడియ||థియ|టర|!""""||అని|వర|ణిస్త|ంది.""","{""42"": ""\""|\""|\""|స్ట|షన||వెబ||సైట్|ఈ|ప్రదర|శనన||\""\""||ఒక|కొత|త|అప్రది|క||గీక||స్పి|న్|తో|పాత|పాఠశా||రేడియ||థియ|టర|!\""\""||అని|వర|ణిస్త|ంది.\"""", ""43"": ""\""|\""|\""|స్ట|షన||వెబ||సైట్|ఈ|ప్రదర|శనన||\""\""||ఒక|కొత|త|అప్రది|క||గీక||స్పి|న్|తో|పాత|పాఠశా||రేడియ||థియేటర|!\""\""||అని|వర|ణిస్త|ంది.\"""", ""44"": ""\""|\""|\""|స్ట|షన||వెబ్|సైట||ఈ|ప్రదర|శనన||\""\""||ఒక|కొత|త|అప్రది|క||గీక||స్పి|న||తో|పాత|పాఠశాల|రేడియ||థియ|టర|!\""\""|అని|వర|ణిస్త|ంది.\"""", ""45"": ""\""|\""|\""|స్ట|షన||వెబ్|సైట్|ఈ|ప్రదర|శనన||\""\""||ఒక|కొత|త|అప్రది|క||గీక||స్పి|న్|తో|పాత|పాఠశా||రేడియ||థియ|టర|!\""\""|అని|వర|ణి|స్త|ంది.\"""", ""46"": ""\""|\""|\""|స్ట|షన||వెబ||సైట్|ఈ|ప్రదర|శనను|\""\""||ఒక|కొత|త|అప్రది|క||గీక||స్పి|న||తో|పాత|పాఠశా||రేడి|య||థియేటర|!\""|\""|అని|వర|ణిస్త|ంది.\""""}"
te,"""""""హవాయి వలె అదే సమయ మండలితో, ద్వీపాలు కొన్నిసార్లు """" హవాయి డౌన్ అండర్"""" అని భావించబడతాయి.""""""",1,1,5,5,True,"""|""|""|à°¹|à°µ|à°¾à°¯|à°¿|Ġà°µà°²|à±Ĩ|Ġà°ħà°¦|à±ĩ|Ġà°¸à°®à°¯|Ġà°®|à°Ĥà°¡à°²|à°¿à°¤|à±ĭ,|Ġà°¦|à±įà°µ|à±Ģà°ª|à°¾à°²|à±ģ|Ġà°ķ|à±Ĭà°¨|à±įà°¨|à°¿à°¸|à°¾à°°|à±įà°²|à±ģ|Ġ""|""|Ġà°¹à°µ|à°¾à°¯|à°¿|Ġà°¡|à±Įà°¨|à±į|Ġà°ħ|à°Ĥà°¡à°°|à±į""|""|Ġà°ħà°¨|à°¿|Ġà°Ń|à°¾à°µ|à°¿à°Ĥ|à°ļà°¬à°¡à°¤|à°¾à°¯|à°¿.|""|""|""","""|""|""|హవాయి||వలె|అద||సమయ|మండలి|త|,|ద్వ|పాల||కొన|నిసార|లు|""""|హవాయి||డౌన్|అండర|""""||అని|భావి|ంచబడతాయి|.""|""|""","{""42"": ""\""|\""|\""|హవాయి||వలె|అద||సమయ|మండలి|త|,|ద్వ|పాల||కొన|నిసార|లు|\""\""|హవాయి||డౌన్|అండర|\""\""||అని|భావి|ంచబడతాయి|.\""|\""|\"""", ""43"": ""\""|\""|\""|హవాయి||వల||అదే|సమయ|మండలి|త|,|ద్వ|పాల||కొన|నిసార|లు|\""\""|హవాయి||డౌన్|అండర|\""\""||అని|భావి|ంచబడతాయి|.\""|\""|\"""", ""44"": ""\""|\""|\""||వాయి||వలె|అద||సమయ|మండలి|త|,|ద్వ|పా|||కొన|నిసార|లు|\""\""||హవాయి||డౌన్|అండర|\""\""||అని|భావి|ంచబడతాయి|.\""\""\"""", ""45"": ""\""|\""|\""|హవాయి||వలె|అదే|సమయ|మండలి|త|,|ద్వ|పాల||కొన|నిసార|ల||\""\""||హవాయి||డౌన్|అండర|\""\""||అని|భావి|ంచబడతా|ి|.\""|\""|\"""", ""46"": ""\""|\""|\""|హవాయి||వల||అదే|సమయ|మండలి|త|,|ద్వ|పా|||కొన|నిసా||లు|\""\""||హవాయి||డౌన్|అండర|\""\""||అని|భావి|ంచబడతాయి|.\""|\""|\""""}"
te,"""1965లో మార్చ్ 18న, అతను మొట్టమొదటి మ్యాండ్ ఎక్స్‌ట్రావెహికులర్ యాక్టివిటీ (ఇవిఏ) లేదా """"స్పేస్‌వాక్"""" ను ప్రదర్శించాడు, కేవలం పన్నెండు నిమిషాల పాటు అంతరిక్ష నౌక బయట ఒంటరిగా ఉన్నాడు.""",1,1,5,5,True,"""|196|5|à°²|à±ĭ|Ġà°®|à°¾à°°|à±įà°ļ|à±į|Ġ|18|à°¨|,|Ġà°ħà°¤à°¨|à±ģ|Ġà°®|à±Ĭà°Ł|à±įà°Łà°®|à±Ĭà°¦à°Ł|à°¿|Ġà°®|à±įà°¯|à°¾à°Ĥ|à°¡|à±į|Ġà°İà°ķ|à±įà°¸|à±į|âĢ|Į|à°Ł|à±įà°°|à°¾à°µ|à±Ĩà°¹|à°¿à°ķ|à±ģà°²à°°|à±į|Ġà°¯|à°¾à°ķ|à±įà°Ł|à°¿à°µ|à°¿à°Ł|à±Ģ|Ġ(|à°ĩà°µ|à°¿à°|ı|)|Ġà°²|à±ĩà°¦|à°¾|Ġ""|""|à°¸|à±įà°ª|à±ĩà°¸|à±į|âĢ|Į|à°µ|à°¾à°ķ|à±į""|""|Ġà°¨|à±ģ|Ġà°ª|à±įà°°à°¦à°°|à±įà°¶|à°¿à°Ĥ|à°ļ|à°¾à°¡|à±ģ,|Ġà°ķ|à±ĩà°µà°²|à°Ĥ|Ġà°ªà°¨|à±įà°¨|à±Ĩà°Ĥ|à°¡|à±ģ|Ġà°¨|à°¿à°®|à°¿à°·|à°¾à°²|Ġà°ª|à°¾à°Ł|à±ģ|Ġà°ħ|à°Ĥà°¤à°°|à°¿à°ķ|à±įà°·|Ġà°¨|à±Įà°ķ|Ġà°¬à°¯à°Ł|Ġà°Ĵ|à°Ĥà°Łà°°|à°¿à°Ĺ|à°¾|Ġà°īà°¨|à±įà°¨|à°¾à°¡|à±ģ.|""","""|1965లో|మార|చ్|18న,|అతన||మొట్టమ|దటి||మ్యా|డ||ఎక్స్‌ట్రావ|హిక|లర||యాక|టివి|ట||(ఇవిఏ)|లేదా|""""|స్ప|స్‌వాక|""""||ను|ప్రదర|శి|ంచాడ|,|కేవలం|పన్న|ండ||నిమిషాల|పాటు|అంతరి|క|ష|నౌక|బయట|ఒంటరి|గా|ఉన్నాడ|.""","{""42"": ""\""|1965లో|మార|చ్|18న,|అతన||మొట్టమ|దటి||మ్యా|డ||ఎక్స్‌ట్రావ|హిక|లర||యాక|టివి|ట||(ఇవిఏ)|లేదా|\""\""|స్ప|స్‌వాక|\""\""||ను|ప్రదర|శి|ంచాడ|,|కేవలం|పన్న|ండ||నిమిషాల|పాటు|అంతరి|క|ష|నౌక|బయట|ఒంటరి|గా|ఉన్నాడ|.\"""", ""43"": ""\""|196|5లో|మార|చ||18న,|అతన||మొట్టమ|దటి||మ్యా|డ||ఎక|స్‌ట్రావ|హిక|లర||యా||టివి|ట||(ఇవిఏ)|లేదా|\""\""స్ప|స్‌వాక|\""\""||ను|ప్రదర|శి|ంచాడ|,|కేవలం|పన|నెండ||నిమిషాల|పాటు|అంతరిక|ష|నౌక|బయట|ఒంటరి|గా|ఉన్నాడ|.\"""", ""44"": ""\""|1965లో|మార|చ్|18న,|అతన||మొట్టమ|దటి||మ్యా|డ||ఎక్స్‌ట్రా||హిక|లర||యాక|టివి|ట||(ఇవిఏ)|లేదా|\""\""|స్ప|స్‌వాక|\""\""||ను|ప్రదర|శి|ంచాడ|,|కేవలం|పన|నెండ||నిమిషాల|పా|ు|అంతరి|క|ష|నౌక|బయట|ఒంటరి|గా|ఉన్నాడ|.\"""", ""45"": ""\""|1965లో|మార|చ్|18న,|అతన||మొట్టమ|దటి||మ్యా|డ||ఎక్స|‌ట్రావ|హిక|లర||యాక|టివి|ట||(ఇవిఏ)|లేదా|\""\""|స్ప|స్‌వాక|\""\""||ను|ప్రదర|శించాడ|,|కేవలం|పన్న|ండ||నిమిషాల|పాటు|అంతరి|క|ష|నౌక|బయట|ఒంటరి|గా|ఉన్నాడ|.\"""", ""46"": ""\""|1965లో|మార|చ్|18న,|అతన||మొట్టమ|దటి||మ్యాండ||ఎక్స|‌ట్రావ|హిక|లర||యాక|టివి|ట||(ఇవిఏ)|లేదా|\""\""|స్ప|స్‌వాక|\""\""|ను|ప్రదర|శించాడ|,|కేవలం|పన|న|ండ||నిమి|షాల|పాటు|అంతరి|క|ష|నౌక|బయట|ఒంటరి|గా|ఉన్నాడ|.\""""}"
te,"""1977 లో, డాక్టర్ డమాడియన్ మొట్టమొదటి """"మొత్తం-శరీరం"""" MRI స్కానర్ నిర్మాణాన్ని పూర్తి చేశాడు, దీనిని అతను """"ఇండొమిటబుల్"""" అని పిలిచాడు.""",1,1,5,5,True,"""|197|7|Ġà°²|à±ĭ,|Ġà°¡|à°¾à°ķ|à±įà°Łà°°|à±į|Ġà°¡|à°®|à°¾à°¡|à°¿à°¯à°¨|à±į|Ġà°®|à±Ĭà°Ł|à±įà°Łà°®|à±Ĭà°¦à°Ł|à°¿|Ġ""|""|à°®|à±Ĭà°¤|à±įà°¤|à°Ĥ-|à°¶à°°|à±Ģà°°|à°Ĥ|""|""|ĠM|RI|Ġà°¸|à±įà°ķ|à°¾à°¨à°°|à±į|Ġà°¨|à°¿à°°|à±įà°®|à°¾à°£|à°¾à°¨|à±įà°¨|à°¿|Ġà°ª|à±Ĥà°°|à±įà°¤|à°¿|Ġà°ļ|à±ĩà°¶|à°¾à°¡|à±ģ,|Ġà°¦|à±Ģà°¨|à°¿à°¨|à°¿|Ġà°ħà°¤à°¨|à±ģ|Ġ""|""|à°ĩ|à°Ĥà°¡|à±Ĭà°®|à°¿à°Ł|à°¬|à±ģà°²|à±į""|""|Ġà°ħà°¨|à°¿|Ġà°ª|à°¿à°²|à°¿à°ļ|à°¾à°¡|à±ģ.|""","""|1977||లో,|డాక|టర||డమాడి|యన||మొట్టమ|దటి||""""|మొత|తం-|శరీరం""""||MRI|స్కా|ర||నిర|మాణా||ని|పూర|తి|చేశాడ|,|దీనిని|అతన||""""|ఇండ|మి|టబ|ల|""""||అని|పిలిచా||.""","{""42"": ""\""|1977||లో,|డాక|టర||డమాడి|యన||మొట్టమ|దటి||\""\""|మొత|తం-|శరీరం\""\""||MRI|స్కా|ర||నిర|మాణా||ని|పూర|తి|చేశాడ|,|దీనిని|అతన||\""\""|ఇండ|మి|టబ|ల|\""\""||అని|పిలిచా||.\"""", ""43"": ""\""|197|7||లో,|డాక|టర||డమాడి|యన||మొట్టమ|దటి||\""\""|మొత|తం-|శర|రం\""\""|MRI|స్కా|ర||నిర|మాణాన|ని|పూర|తి|చేశాడ|,|దీనిని|అతన||\""\""|ఇండ|మి|టబ|ల|\""|\""||అని|పిలిచా||.\"""", ""44"": ""\""|197|7|లో,|డాక|టర||డమాడి|యన||మొట్టమ|దటి||\""\""|మొత|తం-|శర|రం\""|\""||MRI|స్కానర||నిర|మాణాన|ని|పూర|తి|చేశాడ|,|దీనిని|అతన||\""\""|ఇండ|మి|టబ|ల్\""\""|అని|పిలి|చా||.\"""", ""45"": ""\""|1977|లో,|డాక|టర||డమాడి|యన||మొట్టమ|దటి||\""\""మొత|తం-|శర|రం\""\""||MRI|స్కా|ర||నిర|మాణాన|ని|పూర|తి|చేశాడ|,|దీనిని|అతన||\""\""|ఇండ|మి|టబ|ల|\""\""|అని|పిలిచా||.\"""", ""46"": ""\""|1977||లో,|డాక|టర||డమాడి|యన||మొట్టమ|దటి||\""\""|మొత|తం-|శర|రం\""\""|MRI|స్కానర||నిర|మాణాన|ని|పూర|తి|చేశాడ|,|దీనిని|అతన||\""\""|ఇండ|మి|టబ|ల్\""\""||అని|పిలిచా||.\""""}"
te,"""2004 ఒలింపిక్ రజత పతక విజేత అమీర్ ఖాన్ మాట్లాడుతూ, """"నిజానికి, మహిళలు పోరాడకూడదని నేను భావిస్తున్నాను. అని అన్నాడు. అది నా అభిప్రాయం. """"""",1,1,5,5,True,"""|200|4|Ġà°Ĵà°²|à°¿à°Ĥ|à°ª|à°¿à°ķ|à±į|Ġà°°à°ľ|à°¤|Ġà°ªà°¤à°ķ|Ġà°µ|à°¿à°ľ|à±ĩà°¤|Ġà°ħà°®|à±Ģà°°|à±į|Ġà°ĸ|à°¾à°¨|à±į|Ġà°®|à°¾à°Ł|à±įà°²|à°¾à°¡|à±ģà°¤|à±Ĥ,|Ġ""|""|à°¨|à°¿à°ľ|à°¾à°¨|à°¿à°ķ|à°¿,|Ġà°®à°¹|à°¿à°³à°²|à±ģ|Ġà°ª|à±ĭà°°|à°¾à°¡à°ķ|à±Ĥà°¡à°¦à°¨|à°¿|Ġà°¨|à±ĩà°¨|à±ģ|Ġà°Ń|à°¾à°µ|à°¿à°¸|à±įà°¤|à±ģà°¨|à±įà°¨|à°¾à°¨|à±ģ.|Ġà°ħà°¨|à°¿|Ġà°ħà°¨|à±įà°¨|à°¾à°¡|à±ģ.|Ġà°ħà°¦|à°¿|Ġà°¨|à°¾|Ġà°ħà°Ń|à°¿à°ª|à±įà°°|à°¾à°¯|à°Ĥ.|Ġ""|""|""","""|200|4|ఒలింపి|క||రజత|పతక|విజ|త|అమీర||ఖాన||మాట్లా||త|,|""""|నిజాని|కి,|మహిళల||పోరాడక|డదని||నేను|భావి|స్త|న్నాన|.|అని|అన|నాడ|.|అది|నా|అభిప|రా|ం.|""""|""","{""42"": ""\""|200|4|ఒలింపి|క||రజత|పతక|విజ|త|అమీర||ఖాన||మాట్లా||త|,|\""\""|నిజాని|కి,|మహిళల||పోరాడక|డదని||నేను|భావి|స్త|న్నాన|.|అని|అన|నాడ|.|అది|నా|అభిప|రా|ం.|\""\""|\"""", ""43"": ""\""|200|4|ఒలింపి|క్|రజత|పతక|విజ|త|అమీర||ఖాన||మాట|లాడ|తూ,|\""\""|నిజాని|కి,|మహిళల||పోరాడక|డదని||నేను|భావి|స్త|న్నాన|.|అని|అన్నాడ|.|అది|నా|అభిప|రాయం.|\""\""|\"""", ""44"": ""\""|200|4|ఒలింపి|క||రజత|పతక|విజ|త|అమీర్|ఖాన||మాట్లాడ|త|,|\""\""|నిజాని|కి,|మహిళల||పోరాడక|డదని||నేను|భావి|స్త|న్నాన|.|అని|అన|నాడ|.|అది|నా|అభిప|రా|ం.|\""\""|\"""", ""45"": ""\""|2004|ఒలింపి|క||రజత|పతక|విజ|త|అమీర్|ఖాన||మాట్లాడ|త|,|\""\""|నిజాని|కి,|మహిళల||పోరాడక|డదని||నేను|భావి|స్త|న్నాన|.|అని|అన|నాడ|.|అది|నా|అభిప|రా|ం.|\""\""|\"""", ""46"": ""\""|200|4|ఒలింపి|క||రజత|పతక|విజ|త|అమీర||ఖాన||మాట్లాడ|త|,|\""\""|నిజాని|కి,|మహిళల||పోరాడక|డదని||నేను|భావి|స్త|న్నాన|.|అని|అన|నాడ|.|అది|నా|అభిప|రా|ం.|\""|\""|\""""}"
te,"""Ansa ప్రకారం, """"ఇటలీలో ఇద్దరు పెద్ద మాఫియా లీడర్‌లను అరెస్ట్ చేసిన తర్వాత పూర్తి స్థాయి వరుస యుద్ధాలకి దారి తీస్తుందని వారు భయపడ్డారు.""",1,1,5,5,True,"""|An|sa|Ġà°ª|à±įà°°à°ķ|à°¾à°°|à°Ĥ,|Ġ""|""|à°ĩ|à°Łà°²|à±Ģà°²|à±ĭ|Ġà°ĩà°¦|à±įà°¦à°°|à±ģ|Ġà°ª|à±Ĩà°¦|à±įà°¦|Ġà°®|à°¾à°«|à°¿à°¯|à°¾|Ġà°²|à±Ģà°¡à°°|à±į|âĢ|Į|à°²à°¨|à±ģ|Ġà°ħà°°|à±Ĩà°¸|à±įà°Ł|à±į|Ġà°ļ|à±ĩà°¸|à°¿à°¨|Ġà°¤à°°|à±įà°µ|à°¾à°¤|Ġà°ª|à±Ĥà°°|à±įà°¤|à°¿|Ġà°¸|à±įà°¥|à°¾à°¯|à°¿|Ġà°µà°°|à±ģà°¸|Ġà°¯|à±ģà°¦|à±įà°§|à°¾à°²à°ķ|à°¿|Ġà°¦|à°¾à°°|à°¿|Ġà°¤|à±Ģà°¸|à±įà°¤|à±ģà°Ĥ|à°¦à°¨|à°¿|Ġà°µ|à°¾à°°|à±ģ|Ġà°Ńà°¯à°ªà°¡|à±įà°¡|à°¾à°°|à±ģ.|""","""|A|nsa|ప్రకా|ం,|""""|ఇటల|లో|ఇద్దర||పెద|ద|మాఫియా|లీడర|‌లన||అర|స్ట||చేసిన|తర|వాత|పూర|తి|స్థా|ి||వర|స|యుద|ధాలకి||దారి||తీస్త|ందని||వార||భయపడ|డార|.""","{""42"": ""\""|A|nsa|ప్రకా|ం,|\""\""|ఇటల|లో|ఇద్దర||పెద|ద|మాఫియా|లీడర|‌లన||అర|స్ట||చేసిన|తర|వాత|పూర|తి|స్థా|ి||వర|స|యుద|ధాలకి||దారి||తీస్త|ందని||వార||భయపడ|డార|.\"""", ""43"": ""\""|A|nsa|ప్రకా|ం,|\""\""|ఇటల|ల||ఇద్దర||పెద|ద|మాఫియా|లీడర|‌లన||అర|స్ట||చేసిన|తర|వాత|పూర|తి|స్థాయి||వర|స|యుద|ధాలకి|దారి||తీస్త|ందని||వార||భయపడ|డార|.\"""", ""44"": ""\""|Ansa|ప్రకా|ం,|\""\""|ఇటల|ల||ఇద్దర||పెద|ద|మాఫియా|లీడర|‌లన||అర|స్ట||చేసిన|తర|వాత|పూర|తి|స్థా|ి||వర|స|యుద|ధా|కి|దారి||తీస్త|ందని||వార||భయపడ|డార|.\"""", ""45"": ""\""|A|nsa|ప్రకా|ం,|\""\""ఇటల|ల||ఇద్దర||పెద|ద|మాఫియా|లీడర|‌లన||అర|స్ట||చేసిన|తర|వాత|పూర|తి||స్థా|ి||వర|స|యుద|ధాలకి||దారి||తీస్త|ందని||వార||భయపడ|డార|.\"""", ""46"": ""\""|A|nsa|ప్రకా|ం,|\""\""|ఇటల|ల||ఇద్దర||పెద|ద|మాఫియా|లీడర|‌లన||అర|స్ట||చేసిన|తర|వాత|పూర|తి|స్థా|ి||వర|స|యుద|ధాలకి||దారి||తీస్త|ందని||వార||భయపడ|డార|.\""""}"
te,"""Ethiopia మరియు Kenyaలో """"ప్రముఖ స్థలాలను"""" పేల్చివేయడానికి ఆత్మహుతి దళాల వాడకాన్ని ప్రతేకంగా పేర్కొన్నట్లు ఒక తెలియని సోర్స్ నుండి సమాచారం అందుకున్నట్లు U.S. తెలిపింది.""",1,1,5,5,True,"""|E|th|io|p|ia|Ġà°®à°°|à°¿à°¯|à±ģ|ĠKen|ya|à°²|à±ĭ|Ġ""|""|à°ª|à±įà°°à°®|à±ģà°ĸ|Ġà°¸|à±įà°¥à°²|à°¾à°²à°¨|à±ģ""|""|Ġà°ª|à±ĩà°²|à±įà°ļ|à°¿à°µ|à±ĩà°¯à°¡|à°¾à°¨|à°¿à°ķ|à°¿|Ġà°Ĩà°¤|à±įà°®|à°¹|à±ģà°¤|à°¿|Ġà°¦à°³|à°¾à°²|Ġà°µ|à°¾à°¡à°ķ|à°¾à°¨|à±įà°¨|à°¿|Ġà°ª|à±įà°°à°¤|à±ĩà°ķ|à°Ĥà°Ĺ|à°¾|Ġà°ª|à±ĩà°°|à±įà°ķ|à±Ĭà°¨|à±įà°¨à°Ł|à±įà°²|à±ģ|Ġà°Ĵà°ķ|Ġà°¤|à±Ĩà°²|à°¿à°¯à°¨|à°¿|Ġà°¸|à±ĭà°°|à±įà°¸|à±į|Ġà°¨|à±ģà°Ĥ|à°¡|à°¿|Ġà°¸à°®|à°¾à°ļ|à°¾à°°|à°Ĥ|Ġà°ħ|à°Ĥà°¦|à±ģà°ķ|à±ģà°¨|à±įà°¨à°Ł|à±įà°²|à±ģ|ĠU|.S|.|Ġà°¤|à±Ĩà°²|à°¿à°ª|à°¿à°Ĥ|à°¦|à°¿.|""","""|Et|hi opia|మరియ||K en yaల||""""|ప్రమ|ఖ|స్థలా|న|""""||పేల|చివేయడా|ి|కి|ఆత|మహ|తి|దళాల|వాడకాన|ని|ప్రత|కంగా|పేర|క|న్నట్ల||ఒక|తెలియని||సోర|స||నుండి|సమా|ా|ం|అంద|క|న|నట్ల||U.S.|తెలిపి|ంది|.""","{""42"": ""\""|Et|hi opia|మరియ||K en yaల||\""\""|ప్రమ|ఖ|స్థలా|న|\""\""||పేల|చివేయడా|ి|కి|ఆత|మహ|తి|దళాల|వాడకాన|ని|ప్రత|కంగా|పేర|క|న్నట్ల||ఒక|తెలియని||సోర|స||నుండి|సమా|ా|ం|అంద|క|న|నట్ల||U.S.|తెలిపి|ంది|.\"""", ""43"": ""\""|Et|hi opia|మరియు|K en yaల||\""\""|ప్రమ|ఖ|స్థలాలన|\""\""||పేల|చి|వ|యడా|ి|కి|ఆత|మహ|తి|దళాల|వాడకా||ని|ప్రత|కంగా|పేర|క|న|నట్ల||ఒక|తెలియని||సోర|స్|నుండి|సమాచా|ం|అంద|కున్నట్ల||U.S.|తెలిపి|ంది.\"""", ""44"": ""\""|Et|hi opia|మరియ||K en yaల||\""\""|ప్రమ|ఖ|స్థలాలన|\""\""||పేల|చి|వ|యడా|ి|కి|ఆత|మహ|తి||దళాల|వాడకాన|ని|ప్రత|కంగ|ా|పేర|కొన|నట్ల||ఒక|తెలియని||సోర|స్|నుండి|సమా|ా|ం|అంద|క|న్నట్ల||U.S.|త|లిపి|ంది.\"""", ""45"": ""\""|Et|hi opia|మరియ||K en yaల||\""\""|ప్రమ|ఖ|స్థలాలన|\""\""|పేల|చి|వ|యడా|ి|కి|ఆత|మహ|తి|దళాల|వాడకా||ని|ప్రత|కంగా|పేర|క|న్నట్ల||ఒక|తెలియని||సోర|స్|నుండి||సమాచారం|అంద|కున్నట్ల||U.S.|తెలిపి|ంది.\"""", ""46"": ""\""|Et|hi opi|a|మరియ||K en yaలో|\""\""ప్రమ|ఖ|స్థలాలన|\""\""|పేల|చి|వ|యడా|ి|కి|ఆత|మహ|తి|దళాల|వాడకా||ని|ప్రత|కంగా|పేర|క|న్నట్ల||ఒక|తెలియని||సోర|స్|నుండి|సమాచారం|అంద|కున్నట్ల||U.S.|తెలిపి|ంది.\""""}"
te,"""Kenyaలోని Nairobiలో ఉన్న United States రాయబారి కార్యాలయం Kenya మరియు Ethiopiaలో """"Somalia నుండి ఉగ్రవాదుల"""" ఆత్మహుతి బాంబు దాడులను నిర్వహించాలని ఆలోచిస్తున్నట్లు హెచ్చరిక జారీ చేసింది.""",1,1,5,5,True,"""|K|en|ya|à°²|à±ĭà°¨|à°¿|ĠN|ai|rob|i|à°²|à±ĭ|Ġà°īà°¨|à±įà°¨|ĠUnited|ĠStates|Ġà°°|à°¾à°¯|à°¬|à°¾à°°|à°¿|Ġà°ķ|à°¾à°°|à±įà°¯|à°¾à°²à°¯|à°Ĥ|ĠKen|ya|Ġà°®à°°|à°¿à°¯|à±ģ|ĠEth|io|p|ia|à°²|à±ĭ|Ġ""|""|S|om|alia|Ġà°¨|à±ģà°Ĥ|à°¡|à°¿|Ġà°īà°Ĺ|à±įà°°à°µ|à°¾à°¦|à±ģà°²|""|""|Ġà°Ĩà°¤|à±įà°®|à°¹|à±ģà°¤|à°¿|Ġà°¬|à°¾à°Ĥ|à°¬|à±ģ|Ġà°¦|à°¾à°¡|à±ģà°²à°¨|à±ģ|Ġà°¨|à°¿à°°|à±įà°µà°¹|à°¿à°Ĥ|à°ļ|à°¾à°²à°¨|à°¿|Ġà°Ĩà°²|à±ĭà°ļ|à°¿à°¸|à±įà°¤|à±ģà°¨|à±įà°¨à°Ł|à±įà°²|à±ģ|Ġà°¹|à±Ĩà°ļ|à±įà°ļà°°|à°¿à°ķ|Ġà°ľ|à°¾à°°|à±Ģ|Ġà°ļ|à±ĩà°¸|à°¿à°Ĥ|à°¦|à°¿.|""","""|K en yaల|ని|Nairobiల||ఉన్న|Uni te d|Sta te s|రాయబారి||కార|యాలయం|K en ya|మరియు|Et hi opiaల||""""|Somalia|నుండి|ఉగ్రవాద|ల""""||ఆత్మహ|తి|బాంబ||దాడ|లన||నిర|వహి|ంచాలని||ఆల|చి|స్త|న్నట్ల||హెచ్చరిక|జార||చేసింది.""","{""42"": ""\""|K en yaల|ని|Nairobiల||ఉన్న|Uni te d|Sta te s|రాయబారి||కార|యాలయం|K en ya|మరియు|Et hi opiaల||\""\""|Somalia|నుండి|ఉగ్రవాద|ల\""\""||ఆత్మహ|తి|బాంబ||దాడ|లన||నిర|వహి|ంచాలని||ఆల|చి|స్త|న్నట్ల||హెచ్చరిక|జార||చేసింది.\"""", ""43"": ""\""|K en yaల|ని|Nairobiల||ఉన్న|Uni te d|Sta te s|రాయబారి||కార|యాలయం|K en ya|మరియ||Et hi opiaలో|\""\""|Somalia|నుండి|ఉగ్రవా||ల\""\""|ఆత్మహ|తి|బాంబ||దాడ|లన||నిర|వహి|ంచాలని||ఆల|చిస్త|న్నట్ల||హెచ్చరిక|జార||చేసింది.\"""", ""44"": ""\""|K en yaల|ని|Nairobiల||ఉన్న|Uni te d|Sta te s|రాయబా|ి||కార|యాలయం|K en ya|మరియు|Et hi opiaల||\""\""|Somalia|నుండి|ఉగ్రవా||ల\""|\""||ఆత్మహ|తి|బాంబు|దాడ|లన||నిర|వహి|ంచాలని||ఆల|చి|స్త|న్నట్ల||హెచ్చరి|క|జార||చేసింది.\"""", ""45"": ""\""|K en yaల|ని|Nairobiల||ఉన్న|Uni te d|Sta te s|రాయబారి||కార|యాలయం|K en ya|మరియ||Et hi opiaల||\""\""|Somalia|నుండి|ఉగ్రవ|||ల\""|\""||ఆత్మహ|తి|బాంబ||దాడ|లన||నిర|వహి|ంచాలని||ఆల|చిస్త|న్నట్ల||హెచ|చరి|క|జార||చేసింది.\"""", ""46"": ""\""|K en yaల|ని|Nairobiల||ఉన్న|Uni te d|Sta te s|రాయబారి||కార|యాలయం|K en ya|మరియు|Et hi opiaల||\""\""|Somalia|నుండి|ఉగ్రవాద|ల\""\""|ఆత్మహ|తి|బాంబు|దాడ|లన||నిర|వహి|ంచాలని||ఆల|చిస్త|న్నట్ల||హెచ్చరి|క|జార||చేసింది.\""""}"
te,"""University of Dundeeకు చెందిన ప్రొఫెసర్ Pamela Ferguson, """"అనుమానితుల ఫోటోలను ప్రచురిస్తే జర్నలిస్టులు ప్రమాదకరమైన దారిలో నడుస్తున్నట్లు అనిపిస్తుంది"""" అని తెలిపారు.""",1,1,5,5,True,"""|Un|iversity|Ġof|ĠDun|de|e|à°ķ|à±ģ|Ġà°ļ|à±Ĩà°Ĥ|à°¦|à°¿à°¨|Ġà°ª|à±įà°°|à±Ĭà°«|à±Ĩà°¸à°°|à±į|ĠP|am|ela|ĠF|erg|us|on|,|Ġ""|""|à°ħà°¨|à±ģà°®|à°¾à°¨|à°¿à°¤|à±ģà°²|Ġà°«|à±ĭà°Ł|à±ĭà°²à°¨|à±ģ|Ġà°ª|à±įà°°à°ļ|à±ģà°°|à°¿à°¸|à±įà°¤|à±ĩ|Ġà°ľà°°|à±įà°¨à°²|à°¿à°¸|à±įà°Ł|à±ģà°²|à±ģ|Ġà°ª|à±įà°°à°®|à°¾à°¦à°ķà°°à°®|à±Īà°¨|Ġà°¦|à°¾à°°|à°¿à°²|à±ĭ|Ġà°¨à°¡|à±ģà°¸|à±įà°¤|à±ģà°¨|à±įà°¨à°Ł|à±įà°²|à±ģ|Ġà°ħà°¨|à°¿à°ª|à°¿à°¸|à±įà°¤|à±ģà°Ĥ|à°¦|à°¿""|""|Ġà°ħà°¨|à°¿|Ġà°¤|à±Ĩà°²|à°¿à°ª|à°¾à°°|à±ģ.|""","""|U|niver|sit|y|of|Dun|deeక||చెంది|న|ప్ర|ఫెసర||Pamel|a|Ferguson,|""""అన|మాని|త|ల|ఫోటోలన||ప్రచ||రిస్త||జర్నలి|స్ట|లు|ప్రమా|కరమ|న|దారి|ల||నడుస్త|న్నట్ల||అనిపి|స్త|ంది""""||అని|తెలిపార|.""","{""42"": ""\""|U|niver|sit|y|of|Dun|deeక||చెంది|న|ప్ర|ఫెసర||Pamel|a|Ferguson,|\""\""అన|మాని|త|ల|ఫోటోలన||ప్రచ||రిస్త||జర్నలి|స్ట|లు|ప్రమా|కరమ|న|దారి|ల||నడుస్త|న్నట్ల||అనిపి|స్త|ంది\""\""||అని|తెలిపార|.\"""", ""43"": ""\""|U|niver|sit|y|of|Dun|deeక||చెంది|న|ప్ర|ఫెసర||Pamela|Ferguson,|\""\""|అన|మాని|త|ల|ఫోటోలన||ప్రచ||రిస్త||జర్నలి|స్టులు|ప్రమా|కరమ|న|దారి|లో|నడుస్త|న్నట్ల||అనిపి|స్త|ంది\""\""||అని|తెలిపా|ు.\"""", ""44"": ""\""|U|niver|sit|y|of|Dun|deeక||చెంది|న|ప్ర|ఫెసర||Pamela|Ferguson,|\""\""|అనుమాని|త|ల|ఫోట|లన||ప్రచ||రిస్త||జర్నలిస్ట|ల||ప్రమా|కరమ|న|దారి|లో|నడుస్త|న్నట్ల||అనిపి|స్త|ంది\""\""||అని|తెలిపార|.\"""", ""45"": ""\""|Univer|sit|y|of|Dundeeక||చెంది|న|ప్ర|ఫెసర||Pamela|Ferguson,|\""\""|అనుమాని|త|ల|ఫోటోలన||ప్రచ||రి|స్త||జర్నలి|స్ట|ల||ప్రమా|కరమ|న|దారి|ల||నడుస్త|న్నట్ల||అనిపి|స్త|ంది\""\""||అని|తెలిపా||.\"""", ""46"": ""\""|Univer|sit|y|of|Dun|deeక||చెంది|న|ప్ర|ఫెసర||Pamela|Ferguson,|\""\""|అనుమాని|త|ల|ఫోటోలన||ప్రచ||రిస్త||జర్నలి|స్టులు|ప్రమా|కరమ|న|దారి|లో|నడుస్త|న్నట్ల||అనిపి|స్త|ంది\""\""||అని|తెలిపా||.\""""}"
te,"""అంటే ప్రతీదాన్ని అలాగే పెట్టవలసి ఉంటుంది"""" అని ఇథియోపియాలోని రిఫ్ట్ వ్యాలీ రీసెర్చ్ సర్వీస్ దగ్గర పరిశోధకుడు మరియు అధ్యయనం యొక్క సహ-రచయిత బెర్హానే అస్ఫావ్ అన్నారు.""",1,1,5,5,True,"""|à°ħ|à°Ĥà°Ł|à±ĩ|Ġà°ª|à±įà°°à°¤|à±Ģà°¦|à°¾à°¨|à±įà°¨|à°¿|Ġà°ħà°²|à°¾à°Ĺ|à±ĩ|Ġà°ª|à±Ĩà°Ł|à±įà°Ł|à°µà°²à°¸|à°¿|Ġà°ī|à°Ĥà°Ł|à±ģà°Ĥ|à°¦|à°¿""|""|Ġà°ħà°¨|à°¿|Ġà°ĩ|à°¥|à°¿à°¯|à±ĭà°ª|à°¿à°¯|à°¾à°²|à±ĭà°¨|à°¿|Ġà°°|à°¿à°«|à±įà°Ł|à±į|Ġà°µ|à±įà°¯|à°¾à°²|à±Ģ|Ġà°°|à±Ģà°¸|à±Ĩà°°|à±įà°ļ|à±į|Ġà°¸à°°|à±įà°µ|à±Ģà°¸|à±į|Ġà°¦à°Ĺ|à±įà°Ĺà°°|Ġà°ªà°°|à°¿à°¶|à±ĭà°§à°ķ|à±ģà°¡|à±ģ|Ġà°®à°°|à°¿à°¯|à±ģ|Ġà°ħà°§|à±įà°¯à°¯à°¨|à°Ĥ|Ġà°¯|à±Ĭà°ķ|à±įà°ķ|Ġà°¸à°¹|-|à°°|à°ļ|à°¯|à°¿à°¤|Ġà°¬|à±Ĩà°°|à±įà°¹|à°¾à°¨|à±ĩ|Ġà°ħà°¸|à±įà°«|à°¾à°µ|à±į|Ġà°ħà°¨|à±įà°¨|à°¾à°°|à±ģ.|""","""|అంట||ప్రత|దాన|ని|అలాగ||పెట్టవలసి||ఉంట|ంది""""||అని|ఇథి|య|పి|యా||ని|రిఫ|ట||వ్యా|||రీసెర|చ||సర|వీస్|దగ్గర|పరిశ|ధక|డు|మరియు|అధ్యయనం|యొక్క|సహ-|రచయి|త|బెర|హాన||అస్ఫావ||అన|నార|.""","{""42"": ""\""|అంట||ప్రత|దాన|ని|అలాగ||పెట్టవలసి||ఉంట|ంది\""\""||అని|ఇథి|య|పి|యా||ని|రిఫ|ట||వ్యా|||రీసెర|చ||సర|వీస్|దగ్గర|పరిశ|ధక|డు|మరియు|అధ్యయనం|యొక్క|సహ-|రచయి|త|బెర|హాన||అస్ఫావ||అన|నార|.\"""", ""43"": ""\""|అంట||ప్రత|దాన|ని|అలాగ||పెట్టవలసి||ఉంట|ంది\""\""||అని|ఇథియ|పి|యా||ని|రిఫ|ట||వ్యా|||రీసెర|చ్|సర|వీస్|దగ్గర|పరిశ|ధక|డు|మరియ||అధ్యయనం|యొక్క|సహ-|రచయి|త|బెర|హా|||అస్ఫావ||అన|నార|.\"""", ""44"": ""\""అంట||ప్రత|దాన|ని|అలాగ||పెట్టవలసి||ఉంట|ంది\""\""||అని|ఇథియ|పి|యా||ని|రిఫ|ట్|వ్యా|||రీసెర|చ||సర|వీస్|దగ్గర|పరిశ|ధక|డు|మరియు|అధ్యయనం|యొక|క|సహ-|రచయి|త|బెర|హా|||అస్ఫావ||అన|నార|.\"""", ""45"": ""\""|అంట||ప్రత|దాన|ని|అలాగ||పెట్టవల|సి||ఉంట|ంది\""\""|అని|ఇథియ|పి|యా||ని|రిఫ|ట||వ్యా|||రీసెర|చ||సర|వీస్|దగ్గర|పరిశ|ధక|డు|మరియ||అధ్యయనం|యొక్క|సహ-|రచయి|త|బెర|హాన||అస|ఫావ||అన్నార|.\"""", ""46"": ""\""|అంట||ప్రత|దాన|ని|అలాగ||పెట్టవలసి||ఉంట|ంది\""\""|అని|ఇథియ|పి|యాల|ని|రిఫ|ట||వ్యా|||రీసెర్చ||సర|వీస్|దగ్గర|పరిశ|ధక|డు|మరియు|అధ్యయనం|యొక్క|సహ-|రచయి|త|బెర|హాన||అస్ఫా|||అన్నార|.\""""}"
te,"""అటువంటి పిల్లలని """"క్రమశిక్షణ లేని"""" లేదా క్రూరంగా ప్రవర్తించే పిల్లలుగా పిలుస్తారు. కొంతమంది క్రమశిక్షణ లేని పిల్లలు ప్రజల ద్వారా వెలివేయబడ్డారు (సాధారణంగా వారి సొంత తల్లి దండ్రులు); కొన్ని సందర్భాల్లో బిడ్డ తీవ్ర మేధోపరమైన లేదా శారీరక వైకల్యాన్ని తల్లిదండ్రులు తిరస్కరించడం కారణంగా ఈ పిల్లలు వదిలివేయబడ్డారు.""",1,1,5,5,True,"""|à°ħà°Ł|à±ģà°µ|à°Ĥà°Ł|à°¿|Ġà°ª|à°¿à°²|à±įà°²à°²à°¨|à°¿|Ġ""|""|à°ķ|à±įà°°à°®|à°¶|à°¿à°ķ|à±įà°·à°£|Ġà°²|à±ĩà°¨|à°¿""|""|Ġà°²|à±ĩà°¦|à°¾|Ġà°ķ|à±įà°°|à±Ĥà°°|à°Ĥà°Ĺ|à°¾|Ġà°ª|à±įà°°à°µà°°|à±įà°¤|à°¿à°Ĥ|à°ļ|à±ĩ|Ġà°ª|à°¿à°²|à±įà°²à°²|à±ģà°Ĺ|à°¾|Ġà°ª|à°¿à°²|à±ģà°¸|à±įà°¤|à°¾à°°|à±ģ.|Ġà°ķ|à±Ĭà°Ĥ|à°¤à°®|à°Ĥà°¦|à°¿|Ġà°ķ|à±įà°°à°®|à°¶|à°¿à°ķ|à±įà°·à°£|Ġà°²|à±ĩà°¨|à°¿|Ġà°ª|à°¿à°²|à±įà°²à°²|à±ģ|Ġà°ª|à±įà°°à°ľà°²|Ġà°¦|à±įà°µ|à°¾à°°|à°¾|Ġà°µ|à±Ĩà°²|à°¿à°µ|à±ĩà°¯à°¬à°¡|à±įà°¡|à°¾à°°|à±ģ|Ġ(|à°¸|à°¾à°§|à°¾à°°à°£|à°Ĥà°Ĺ|à°¾|Ġà°µ|à°¾à°°|à°¿|Ġà°¸|à±Ĭà°Ĥ|à°¤|Ġà°¤à°²|à±įà°²|à°¿|Ġà°¦|à°Ĥà°¡|à±įà°°|à±ģà°²|à±ģ|);|Ġà°ķ|à±Ĭà°¨|à±įà°¨|à°¿|Ġà°¸|à°Ĥà°¦à°°|à±įà°Ń|à°¾à°²|à±įà°²|à±ĭ|Ġà°¬|à°¿à°¡|à±įà°¡|Ġà°¤|à±Ģà°µ|à±įà°°|Ġà°®|à±ĩà°§|à±ĭà°ª|à°°à°®|à±Īà°¨|Ġà°²|à±ĩà°¦|à°¾|Ġà°¶|à°¾à°°|à±Ģà°°à°ķ|Ġà°µ|à±Īà°ķ|à°²|à±įà°¯|à°¾à°¨|à±įà°¨|à°¿|Ġà°¤à°²|à±įà°²|à°¿à°¦|à°Ĥà°¡|à±įà°°|à±ģà°²|à±ģ|Ġà°¤|à°¿à°°à°¸|à±įà°ķà°°|à°¿à°Ĥ|à°ļà°¡|à°Ĥ|Ġà°ķ|à°¾à°°à°£|à°Ĥà°Ĺ|à°¾|Ġà°Ī|Ġà°ª|à°¿à°²|à±įà°²à°²|à±ģ|Ġà°µà°¦|à°¿à°²|à°¿à°µ|à±ĩà°¯à°¬à°¡|à±įà°¡|à°¾à°°|à±ģ.|""","""|అటువంటి||పిల|లలని||""""క్రమశ|ి|క|షణ|లేని""""||లేదా|క్ర|రంగ|ా|ప్రవర|తించ||పిల|లల|గా|పిల|స్తార|.|కొంతమంది||క్రమశి|క|షణ|లేని|పిల|లల||ప్రజ|ల|ద్వా|ా|వెలివేయబడ|డార||(సాధా|ణంగ|ా|వారి||సొంత|తల్లి||దండ|ర|లు);|కొన|ని|సందర|భా||ల||బిడ|డ|తీవ|ర|మేధ|పరమ|న|లేదా|శార|రక|వైకల|యాన|ని|తల్లి|దండ|ర|లు|తిరస|కరి|ంచడం|కారణంగ|ా|ఈ|పిల|లల||వదిలి|వ|యబడ|డార|.""","{""42"": ""\""|అటువంటి||పిల|లలని||\""\""క్రమశ|ి|క|షణ|లేని\""\""||లేదా|క్ర|రంగ|ా|ప్రవర|తించ||పిల|లల|గా|పిల|స్తార|.|కొంతమంది||క్రమశి|క|షణ|లేని|పిల|లల||ప్రజ|ల|ద్వా|ా|వెలివేయబడ|డార||(సాధా|ణంగ|ా|వారి||సొంత|తల్లి||దండ|ర|లు);|కొన|ని|సందర|భా||ల||బిడ|డ|తీవ|ర|మేధ|పరమ|న|లేదా|శార|రక|వైకల|యాన|ని|తల్లి|దండ|ర|లు|తిరస|కరి|ంచడం|కారణంగ|ా|ఈ|పిల|లల||వదిలి|వ|యబడ|డార|.\"""", ""43"": ""\""|అటువంటి||పిల|లలని||\""\""|క్రమశ|ి|క|షణ|లేని\""\""||లేదా|క్ర|రంగ|ా|ప్రవర|తించ||పిల|లల|గా|పిల|స|తా||.|కొంతమంది||క్రమశ|ి|క|షణ|లేని|పిల|లల||ప్రజ|ల|ద్వా|ా|వెలివ|యబడ|డార||(సాధారణంగ|ా|వారి||సొంత|తల్లి||దండ|ర|లు);|కొన|ని|సందర|భాల|ల||బిడ|డ|తీవ|ర|మేధ|పరమ|న|లేదా|శార|రక|వైకల|యాన|ని|తల్లి|దండ|ర|లు|తిరస|కరి|ంచడం|కారణంగ|ా|ఈ|పిల|లల||వదిలి|వ|యబడ|డార|.\"""", ""44"": ""\""|అటువంటి||పిల|లలని||\""\""|క్రమశ|ి|క|షణ|లేని\""\""||లేదా|క్ర|రంగ|ా|ప్రవ||తించ||పిల|లల|గా|పిల|స్తా||.|కొంతమంది||క్రమశ|ి|క|షణ|లేని|పిల|లల||ప్రజ|ల|ద్వా|ా|వెలివ|యబడ|డార||(సాధా|ణంగ|ా|వారి||సొంత|తల్లి||దండ|ర|లు);|కొన|ని|సందర|భాల|ల||బిడ|డ|తీవ|ర|మేధ|పరమ|న|లేదా|శార|రక|వైకల|యాన|ని|తల్లి|దండ|ర|లు|తిరస్కరి|ంచడం|కారణంగ|ా|ఈ|పిల|లల||వదిలి|వ|యబడ|డార|.\"""", ""45"": ""\""|అటువంటి||పిల|లలని||\""\""|క్రమశ|ి|క|షణ|లేని\""\""||లేదా|క్ర|రంగ|ా|ప్రవర|తించ||పిల్లల|గా|పిల|స్తార|.|కొంతమంది||క్రమశ|ి|క|షణ|లేని|పిల|లల||ప్రజ|ల|ద్వా|ా|వెలివ|యబడ|డార||(సాధా|ణంగ|ా|వారి||సొంత|తల్లి|దండ|ర|ల|);|కొన|ని|సందర|భాల|లో|బిడ|డ|తీవ్ర|మేధోపరమ|న|లేదా|శార|రక|వైకల|యాన|ని|తల్లి|దండ|ర|లు|తిరస|కరి|ంచడం|కారణంగా|ఈ|పిల|లల||వదిలి|వ|యబ||డార|.\"""", ""46"": ""\""|అట|వంటి||పిల|లలని||\""\""|క్రమశ|ి|క|షణ|లేని\""\""|లేదా|క్ర|రంగ|ా|ప్రవర|తించ||పిల|లల|గా|పిల|స్తార|.|కొంతమం|ి||క్రమశి|క|షణ|లేని|పిల|లల||ప్రజల|ద్వా|ా|వెలివ|యబడ|డార||(సాధా|ణంగ|ా|వారి||సొంత|తల|లి||దండ|ర|లు);|కొన|ని|సందర|భా||ల||బిడ|డ|తీవ|ర|మేధోపరమ|న|లేదా|శార|రక|వైకల|యాన|ని|తల్లి|దండ|ర|లు|తిరస|కరి|ంచడం|కారణంగ|ా|ఈ|పిల|లల||వదిలి|వ|యబడ|డార|.\""""}"
te,"""అటెన్షన్ డెఫిసిట్ డిజార్డర్ అనేది """"ఒక న్యూరోలాజికల్ సిండ్రోమ్, దీనిని ఉత్తమంగా చెప్పాలంటే ఉద్రేకం, పరధ్యానం మరియు అతిచురుకుతనం లేదా అదనపు శక్తి లాంటి మూడు లక్షణాలు కలిపి ఉంటాయి.""""""",1,1,5,5,True,"""|à°ħà°Ł|à±Ĩà°¨|à±įà°·à°¨|à±į|Ġà°¡|à±Ĩà°«|à°¿à°¸|à°¿à°Ł|à±į|Ġà°¡|à°¿à°ľ|à°¾à°°|à±įà°¡à°°|à±į|Ġà°ħà°¨|à±ĩà°¦|à°¿|Ġ""|""|à°Ĵà°ķ|Ġà°¨|à±įà°¯|à±Ĥà°°|à±ĭà°²|à°¾à°ľ|à°¿à°ķà°²|à±į|Ġà°¸|à°¿à°Ĥ|à°¡|à±įà°°|à±ĭà°®|à±į,|Ġà°¦|à±Ģà°¨|à°¿à°¨|à°¿|Ġà°īà°¤|à±įà°¤à°®|à°Ĥà°Ĺ|à°¾|Ġà°ļ|à±Ĩà°ª|à±įà°ª|à°¾à°²|à°Ĥà°Ł|à±ĩ|Ġà°īà°¦|à±įà°°|à±ĩà°ķ|à°Ĥ,|Ġà°ªà°°|à°§|à±įà°¯|à°¾à°¨|à°Ĥ|Ġà°®à°°|à°¿à°¯|à±ģ|Ġà°ħà°¤|à°¿à°ļ|à±ģà°°|à±ģà°ķ|à±ģà°¤|à°¨|à°Ĥ|Ġà°²|à±ĩà°¦|à°¾|Ġà°ħà°¦à°¨à°ª|à±ģ|Ġà°¶à°ķ|à±įà°¤|à°¿|Ġà°²|à°¾à°Ĥ|à°Ł|à°¿|Ġà°®|à±Ĥà°¡|à±ģ|Ġà°²à°ķ|à±įà°·à°£|à°¾à°²|à±ģ|Ġà°ķà°²|à°¿à°ª|à°¿|Ġà°ī|à°Ĥà°Ł|à°¾à°¯|à°¿.|""|""|""","""|అటెన్షన||డెఫిసి|ట||డిజార|డర||అన|ది|""""|ఒక|న్యూర|లాజి|కల||సిండ|ర|మ|,|దీనిని|ఉత|తమంగ|ా|చెప్పాలంట||ఉద్ర|కం,|పరధ|యా|ం|మరియు|అతిచ|రుక|తనం|లేదా|అదనప||శక|తి|లాంటి||మూడ||లక|షణాల||కలిపి||ఉంటాయి|.""""|""","{""42"": ""\""|అటెన్షన||డెఫిసి|ట||డిజార|డర||అన|ది|\""\""|ఒక|న్యూర|లాజి|కల||సిండ|ర|మ|,|దీనిని|ఉత|తమంగ|ా|చెప్పాలంట||ఉద్ర|కం,|పరధ|యా|ం|మరియు|అతిచ|రుక|తనం|లేదా|అదనప||శక|తి|లాంటి||మూడ||లక|షణాల||కలిపి||ఉంటాయి|.\""\""|\"""", ""43"": ""\""|అటెన|షన||డెఫిసి|ట||డిజార|డర||అనేది|\""\""|ఒక|న్య|ర|లాజి|కల||సిండ|ర|మ|,|దీనిని|ఉత|తమంగ|ా|చెప్పాలంట||ఉద్ర|కం,|పరధ|యా|ం|మరియు|అతిచ|రుక|తనం|లేదా|అదనప||శక్తి|లాంటి||మూడ||లక|షణాల||కలిపి||ఉంటాయి|.\""\""|\"""", ""44"": ""\""|అటెన|షన||డెఫిసి|ట||డిజా||డర||అనేది|\""\""|ఒక|న్యూర|లాజి|కల||సిండ|ర|మ్,|దీని|ని|ఉత|తమంగ|ా|చెప్పా|ంట||ఉద్ర|కం,|పరధ|యా|ం|మరి|యు|అతిచ|ర|క|తనం|లేదా|అదనప||శక్తి|లాంటి||మూడ||లక|షణాల||కలిపి||ఉంటాయి|.\""\""|\"""", ""45"": ""\""|అటెన్షన||డెఫిసి|ట||డిజా||డర||అనేది||\""\""|ఒక|న్యూర|లాజి|కల||సిండ|ర|మ్,|దీనిని|ఉత|తమంగ|ా|చెప్పాలంట||ఉద్ర|కం,|పరధ|యానం|మరియ||అతిచ|ర|కుతనం|లేదా|అదనప||శక్తి||లాంటి||మూడ||లక|షణాల||కలిపి||ఉంటాయి|.\""\""|\"""", ""46"": ""\""|అటెన|షన||డెఫిసి|ట||డిజా||డర||అన|ది|\""\""|ఒక|న్యూర|లాజి|కల||సిండ|ర|మ|,|దీనిని|ఉత|తమంగ|ా|చెప్పా|ంట||ఉద్ర|కం,|పరధ|యానం|మరియు|అతిచ|ర|క|తనం|లేదా|అదనప||శక|తి||లాంటి||మూడ||లక|షణాల||కలిపి||ఉంటాయి|.\""|\""|\""""}"
te,"""అతని 1,000వ స్టాంప్ 2000 సంవత్సరంలో David Klöcker Ehrenstrahl రాసిన అద్భుతమైన """"Great Deeds by Swedish Kings"""", ఇది గిన్నిస్ బుక్ ఆఫ్ వరల్డ్ రికార్డ్స్‌లో చేర్చబడింది.""",1,1,5,5,True,"""|à°ħà°¤à°¨|à°¿|Ġ|1|,|000|à°µ|Ġà°¸|à±įà°Ł|à°¾à°Ĥ|à°ª|à±į|Ġ|200|0|Ġà°¸|à°Ĥà°µà°¤|à±įà°¸à°°|à°Ĥà°²|à±ĭ|ĠDavid|ĠK|l|Ã¶|cker|ĠE|h|ren|st|rah|l|Ġà°°|à°¾à°¸|à°¿à°¨|Ġà°ħà°¦|à±įà°Ń|à±ģà°¤à°®|à±Īà°¨|Ġ""|""|Great|ĠDe|eds|Ġby|ĠSwed|ish|ĠKings|""|"",|Ġà°ĩà°¦|à°¿|Ġà°Ĺ|à°¿à°¨|à±įà°¨|à°¿à°¸|à±į|Ġà°¬|à±ģà°ķ|à±į|Ġà°Ĩà°«|à±į|Ġà°µà°°à°²|à±įà°¡|à±į|Ġà°°|à°¿à°ķ|à°¾à°°|à±įà°¡|à±įà°¸|à±į|âĢ|Į|à°²|à±ĭ|Ġà°ļ|à±ĩà°°|à±įà°ļà°¬à°¡|à°¿à°Ĥ|à°¦|à°¿.|""","""|అతని||1,000వ|స్టాంప||2000|సంవత|సరంల||David|Klöcker|Ehr en strahl|రాసిన|అద్భ|తమ|న|""""|Great|Deeds|by Swedish|Kings""""|,|ఇది|గిన|నిస్|బుక||ఆఫ్|వరల|డ్|రికార|డ్స్‌ల||చేర్చబడి|ంది.""","{""42"": ""\""|అతని||1,000వ|స్టాంప||2000|సంవత|సరంల||David|Klöcker|Ehr en strahl|రాసిన|అద్భ|తమ|న|\""\""|Great|Deeds|by Swedish|Kings\""\""|,|ఇది|గిన|నిస్|బుక||ఆఫ్|వరల|డ్|రికార|డ్స్‌ల||చేర్చబడి|ంది.\"""", ""43"": ""\""||తని||1,000వ|స్టాంప||2000|సంవత|సరంల||David|Klöcker|Ehr en strahl|రాసిన|అద్భ|తమ|న|\""\""|Great|Deeds|by Swedish|Kings\""\""|,|ఇది|గిన|నిస్|బుక||ఆఫ్|వరల|డ్|రికార|డ్స్‌ల||చేర|చబడి|ంది.\"""", ""44"": ""\""|అతని||1,000వ|స్టాంప||2000|సంవత|సరంల||David|Klöcker|Ehr en strahl|రాసిన|అద్భ|తమ|న|\""\""|Great|Deeds|by Swedish|Kings\""|\""|,|ఇది|గిన|నిస్|బుక||ఆఫ్|వరల|డ్|రికార|డ్స్‌ల||చేర|చబడి|ంది.\"""", ""45"": ""\""|అతని||1,000వ|స్టాంప||2000|సంవత|సరంల||David|Klöcker|Ehr en strahl|రాసిన|అద్భ|తమ|న|\""\""|Great|Deeds|by Swedish|Kings\""\"",|ఇది|గిన్నిస్|బుక్|ఆఫ్|వరల|డ్|రికార|డ్స్‌ల||చేర|చబడి|ంది.\"""", ""46"": ""\""|అతని||1,000వ|స్టాంప||2000|సంవత|సరంల||David|Klöcker|Ehr en strahl|రాసిన|అద్భ|తమ|న|\""\""|Great|Deeds|by Swedish|Kings\""\""|,|ఇది|గిన్నిస్|బుక్|ఆఫ్|వరల|డ్|రికార|డ్స్‌ల||చేర్చబడి|ంది.\""""}"
te,"""అతని పని అటువంటి గుర్తింపు పొందిన నాణ్యత మరియు వివరాలతో కూడినది, అతను ఫిలాటెలిస్టులలో చాలా తక్కువ """"కుటుంబసభ్యుని లాంటి"""" వాళ్ళల్లో ఒకడు. అతని పనులను సేకరించడంలో మాత్రమే కొందరు ప్రత్యేకత కలిగి ఉన్నారు.""",1,1,5,5,True,"""|à°ħà°¤à°¨|à°¿|Ġà°ªà°¨|à°¿|Ġà°ħà°Ł|à±ģà°µ|à°Ĥà°Ł|à°¿|Ġà°Ĺ|à±ģà°°|à±įà°¤|à°¿à°Ĥ|à°ª|à±ģ|Ġà°ª|à±Ĭà°Ĥ|à°¦|à°¿à°¨|Ġà°¨|à°¾à°£|à±įà°¯à°¤|Ġà°®à°°|à°¿à°¯|à±ģ|Ġà°µ|à°¿à°µà°°|à°¾à°²à°¤|à±ĭ|Ġà°ķ|à±Ĥà°¡|à°¿à°¨à°¦|à°¿,|Ġà°ħà°¤à°¨|à±ģ|Ġà°«|à°¿à°²|à°¾à°Ł|à±Ĩà°²|à°¿à°¸|à±įà°Ł|à±ģà°²à°²|à±ĭ|Ġà°ļ|à°¾à°²|à°¾|Ġà°¤à°ķ|à±įà°ķ|à±ģà°µ|Ġ""|""|à°ķ|à±ģà°Ł|à±ģà°Ĥ|à°¬à°¸à°Ń|à±įà°¯|à±ģà°¨|à°¿|Ġà°²|à°¾à°Ĥ|à°Ł|à°¿""|""|Ġà°µ|à°¾à°³|à±įà°³à°²|à±įà°²|à±ĭ|Ġà°Ĵà°ķà°¡|à±ģ.|Ġà°ħà°¤à°¨|à°¿|Ġà°ªà°¨|à±ģà°²à°¨|à±ģ|Ġà°¸|à±ĩà°ķà°°|à°¿à°Ĥ|à°ļà°¡|à°Ĥà°²|à±ĭ|Ġà°®|à°¾à°¤|à±įà°°à°®|à±ĩ|Ġà°ķ|à±Ĭà°Ĥ|à°¦à°°|à±ģ|Ġà°ª|à±įà°°à°¤|à±įà°¯|à±ĩà°ķà°¤|Ġà°ķà°²|à°¿à°Ĺ|à°¿|Ġà°īà°¨|à±įà°¨|à°¾à°°|à±ģ.|""","""|అతని||పని|అటువంటి||గుర|తింప||పొంది|న|నాణ|యత|మరియ||వివరాలత||కూడి|నది|,|అతన||ఫిలాట|లిస్ట|లల||చాలా|తక్క|వ|""""|కుటుంబ|సభ|య|ని|లాంటి|""""||వాళ్ళల|లో|ఒకడ|.|అతని||పన|లన||సేకరి|ంచడంల||మాత|రమ||కొందర||ప్రత|య|కత|కలిగి||ఉన్నార|.""","{""42"": ""\""|అతని||పని|అటువంటి||గుర|తింప||పొంది|న|నాణ|యత|మరియ||వివరాలత||కూడి|నది|,|అతన||ఫిలాట|లిస్ట|లల||చాలా|తక్క|వ|\""\""|కుటుంబ|సభ|య|ని|లాంటి|\""\""||వాళ్ళల|లో|ఒకడ|.|అతని||పన|లన||సేకరి|ంచడంల||మాత|రమ||కొందర||ప్రత|య|కత|కలిగి||ఉన్నార|.\"""", ""43"": ""\""|అతని||పని|అటువంటి||గుర|తింప||పొందిన|నాణ|యత|మరియ||వివరాలత||కూడినది,|అతన||ఫిలాట|లిస్ట|లల||చాలా|తక్క|వ|\""\""|కుటుంబ|సభ|య|ని|లాంటి|\""\""||వాళ్ళల|ల||ఒకడ|.|అతని||పనులన||సేకరి|ంచడంల||మాత|రమ||కొందర||ప్రత|య|కత|కలిగి||ఉన్నార|.\"""", ""44"": ""\""|అతని||పని|అటువంటి||గుర|తింప||పొంది|న|నాణ|యత|మరియ||వివరా|త||కూడి|నది,|అతన||ఫిలా||లి|స్ట|లల||చాలా|తక్క|వ|\""\""|కుటుంబ|సభ|య|ని|లాంటి|\""\""||వాళ్ళల|ల||ఒకడ|.|అతని||పన|లన||సేకరి|ంచడంల||మాత|రమ||కొందర||ప్రత|య|కత|కలిగి||ఉన్నార|.\"""", ""45"": ""\""|అతని||పని|అటువంటి||గుర|తింప||పొంది|న|నాణ|యత|మరియు|వివరా|త||కూడి|నది|,|అతన||ఫిలాట|లిస్ట|లల||చాలా|తక్క|వ|\""\""|కుటుంబ|సభ|య|ని|లాంటి|\""\""||వాళ్ళల|లో|ఒకడ|.|అతని||పన|లన||సేకరి|ంచడంల||మాత|రమ||కొందర||ప్రత|య|కత|కలిగి||ఉన్నార|.\"""", ""46"": ""\""|అతని||పని|అటువంటి||గుర|తింప||పొంది|న|నాణ|యత|మరియ||వివరా|త||కూడినది|,|అతన||ఫిలా||లిస్ట|లల||చాలా|తక్క|వ|\""\""|కుటుంబ|సభ|య|ని|లాంటి|\""\""|వాళ్ళల|లో|ఒకడ|.|అతని||పనులన||సేకరి|ంచడంల||మాత|రమ||కొందర||ప్రత|యేకత|కలిగి||ఉన్నార|.\""""}"
te,"""అతని వయసు 20ఏళ్లని తెలుస్తోంది. బీబర్ ఒక ప్రకటనలో ఇలా అన్నాడు, """"నేను ఈ విషాద సంఘటనలో లేకపోయినప్పటికీ లేదా ప్రత్యక్షంగా పాల్గొననప్పటికీ, నా ఆలోచనలు మరియు ప్రార్థనలు బాధితుడి కుటుంబంతో ఉన్నాయి.""""""",1,1,5,5,True,"""|à°ħà°¤à°¨|à°¿|Ġà°µà°¯à°¸|à±ģ|Ġ|20|à°ıà°³|à±įà°²à°¨|à°¿|Ġà°¤|à±Ĩà°²|à±ģà°¸|à±įà°¤|à±ĭà°Ĥ|à°¦|à°¿.|Ġà°¬|à±Ģ|à°¬à°°|à±į|Ġà°Ĵà°ķ|Ġà°ª|à±įà°°à°ķà°Łà°¨à°²|à±ĭ|Ġà°ĩà°²|à°¾|Ġà°ħà°¨|à±įà°¨|à°¾à°¡|à±ģ,|Ġ""|""|à°¨|à±ĩà°¨|à±ģ|Ġà°Ī|Ġà°µ|à°¿à°·|à°¾à°¦|Ġà°¸|à°Ĥà°ĺà°Łà°¨à°²|à±ĭ|Ġà°²|à±ĩà°ķà°ª|à±ĭà°¯|à°¿à°¨à°ª|à±įà°ªà°Ł|à°¿à°ķ|à±Ģ|Ġà°²|à±ĩà°¦|à°¾|Ġà°ª|à±įà°°à°¤|à±įà°¯à°ķ|à±įà°·|à°Ĥà°Ĺ|à°¾|Ġà°ª|à°¾à°²|à±įà°Ĺ|à±Ĭà°¨|à°¨|à°ª|à±įà°ªà°Ł|à°¿à°ķ|à±Ģ,|Ġà°¨|à°¾|Ġà°Ĩà°²|à±ĭà°ļà°¨à°²|à±ģ|Ġà°®à°°|à°¿à°¯|à±ģ|Ġà°ª|à±įà°°|à°¾à°°|à±įà°¥|à°¨à°²|à±ģ|Ġà°¬|à°¾à°§|à°¿à°¤|à±ģà°¡|à°¿|Ġà°ķ|à±ģà°Ł|à±ģà°Ĥ|à°¬|à°Ĥà°¤|à±ĭ|Ġà°īà°¨|à±įà°¨|à°¾à°¯|à°¿.|""|""|""","""|అతని||వయసు|20ఏళ్లని||తెల|స్త|ంది.|బీబర||ఒక|ప్రకటనల||ఇలా|అన|నాడ|,|""""|నేను|ఈ|విషాద|సంఘట|నల||లేకప|యి|నప|పటి|క||లేదా|ప్రత|యక|షంగా|పాల|గొననప|పటి|క|,|నా|ఆల|చనల||మరియ||ప్రా||థనల||బాధి|త|డి||కుటుంబ|ంత||ఉన్నాయి|.""""|""","{""42"": ""\""|అతని||వయసు|20ఏళ్లని||తెల|స్త|ంది.|బీబర||ఒక|ప్రకటనల||ఇలా|అన|నాడ|,|\""\""|నేను|ఈ|విషాద|సంఘట|నల||లేకప|యి|నప|పటి|క||లేదా|ప్రత|యక|షంగా|పాల|గొననప|పటి|క|,|నా|ఆల|చనల||మరియ||ప్రా||థనల||బాధి|త|డి||కుటుంబ|ంత||ఉన్నాయి|.\""\""|\"""", ""43"": ""\""|అతని||వయస||20ఏళ్లని||తెల|స్త|ంది|.|బీబర||ఒక|ప్రకటనల||ఇలా|అన|నాడ|,|\""\""|నేను|ఈ|విషాద|సంఘట|నల||లేకప|యి|నప|పటి|క||లేదా|ప్రత|యక|షంగ|ా|పాల|గ|ననప|పటి|క|,|నా|ఆల|చనల||మరియ||ప్రా||థనల||బాధి|త|డి|కుటుంబ|ంత||ఉన్నాయి|.\""\""|\"""", ""44"": ""\""|అతని||వయసు|20ఏళ్లని||తెల|స్త|ంది|.|బీబర||ఒక|ప్రకటనల||ఇలా|అన్నాడ|,|\""\""|నేను|ఈ|విషాద|సంఘట|నల||లేకప|యినప|పటి|క||లేదా|ప్రత|యక|షంగా|పాల|గొననప|పటి|క|,|నా|ఆలోచనల||మరియ||ప్రా||థనల||బాధి|త|డి|కుటుంబ|ంత||ఉన్నాయి|.\""\""|\"""", ""45"": ""\""|అతని||వయసు|20ఏళ్లని||తెల|స్త|ంది.|బీబర||ఒక|ప్రకటనల||ఇలా|అన|నాడ|,|\""\""|నేను|ఈ|విషాద|సంఘట|నల||లేకప|యి|నప|పటి|క||లేదా|ప్రత|యక|షంగా|పాల|గ|ననప|పటి|క|,|నా|ఆల|చనల||మరియ||ప్రా||థనల||బాధి|త|డి||కుటుంబ|ంత||ఉన్నాయి|.\""\""|\"""", ""46"": ""\""|అతని||వయసు|20ఏళ్లని||తెల|స్త|ంది.|బీబర||ఒక|ప్రకట|నల||ఇలా|అన|నాడ|,|\""\""|నేన||ఈ|విషాద|సంఘట|నల||లేకప|యినప|పటి|క||లేదా|ప్రత|యక|షంగా|పాల|గొననప|పటి|క|,|నా|ఆల|చనల||మరియు|ప్రా||థనల||బాధి|త|డి|కుటుంబ|ంత||ఉన్నాయి|.\""\""|\""""}"
te,"""అతను చెప్పడానికి వెళ్ళాడు, """"ఈ కేసు తీవ్రమైనది. మిగిలినవి మా సిస్టమ్ అది ఎలా పని చేయాలో అలాగే పనిచేస్తుందని భరోసా ఇవ్వండి.""""""",1,1,5,5,True,"""|à°ħà°¤à°¨|à±ģ|Ġà°ļ|à±Ĩà°ª|à±įà°ªà°¡|à°¾à°¨|à°¿à°ķ|à°¿|Ġà°µ|à±Ĩà°³|à±įà°³|à°¾à°¡|à±ģ,|Ġ""|""|à°Ī|Ġà°ķ|à±ĩà°¸|à±ģ|Ġà°¤|à±Ģà°µ|à±įà°°à°®|à±Īà°¨à°¦|à°¿.|Ġà°®|à°¿à°Ĺ|à°¿à°²|à°¿à°¨à°µ|à°¿|Ġà°®|à°¾|Ġà°¸|à°¿à°¸|à±įà°Łà°®|à±į|Ġà°ħà°¦|à°¿|Ġà°İà°²|à°¾|Ġà°ªà°¨|à°¿|Ġà°ļ|à±ĩà°¯|à°¾à°²|à±ĭ|Ġà°ħà°²|à°¾à°Ĺ|à±ĩ|Ġà°ªà°¨|à°¿à°ļ|à±ĩà°¸|à±įà°¤|à±ģà°Ĥ|à°¦à°¨|à°¿|Ġà°Ńà°°|à±ĭà°¸|à°¾|Ġà°ĩà°µ|à±įà°µ|à°Ĥà°¡|à°¿.|""|""|""","""|అతన||చెప్పడా|ి|కి|వెళ్ళాడ|,|""""|ఈ కేసు|తీవ్రమ|నది|.|మిగి|లి|నవి||మా|సిస్టమ||అది|ఎలా|పని|చేయాల||అలాగ||పనిచ|స్త|ందని||భర|సా|ఇవ్వండి|.""|""|""","{""42"": ""\""|అతన||చెప్పడా|ి|కి|వెళ్ళాడ|,|\""\""|ఈ కేసు|తీవ్రమ|నది|.|మిగి|లి|నవి||మా|సిస్టమ||అది|ఎలా|పని|చేయాల||అలాగ||పనిచ|స్త|ందని||భర|సా|ఇవ్వండి|.\""|\""|\"""", ""43"": ""\""|అతన||చెప్పడాని|కి|వెళ్ళాడ|,|\""\""ఈ కేసు|తీవ|రమ|నది|.|మిగి|లి|నవి|మా|సిస్టమ||అది|ఎలా|పని|చేయాల||అలాగ||పనిచ|స్త|ందని||భర|సా|ఇవ్వండి|.\""\""|\"""", ""44"": ""\""|అతన||చెప|పడా|ి|కి|వెళ్ళాడ|,|\""\""|ఈ కేసు|తీవ|రమ|నది|.|మిగి|లి|నవి|మా|సిస్టమ||అది|ఎలా|పని|చేయాల||అలాగ||పనిచ|స్త|ందని||భర|సా|ఇవ్వండి|.\""|\""|\"""", ""45"": ""\""|అతన||చెప్పడాని|కి|వెళ్ళాడ|,|\""\""|ఈ కేసు|తీవ్రమ|నది.|మిగి|లి|నవి|మా|సిస్టమ||అది|ఎలా|పని|చేయాల||అలాగ||పనిచ|స్త|ందని||భర|సా|ఇవ్వండి.\""\""|\"""", ""46"": ""\""|అతన||చెప్పడాని|కి|వెళ్ళా||,|\""\""|ఈ కేసు|తీవ|రమ|నది.|మిగి|లినవి|మా|సిస్టమ||అది|ఎలా|పని|చేయాల||అలాగ||పనిచ|స్త|ందని||భర|సా|ఇవ్వండి|.\""\""|\""""}"
te,"""అతను చేసిన కృషికి సోవియట్ యూనియన్ యొక్క అత్యున్నత గౌరవ పురస్కారం అయిన """"హీరో ఆఫ్ ద సోవియెట్ యూనియన్"""" ను అందుకున్నాడు.""",1,1,5,5,True,"""|à°ħà°¤à°¨|à±ģ|Ġà°ļ|à±ĩà°¸|à°¿à°¨|Ġà°ķ|à±ĥà°·|à°¿à°ķ|à°¿|Ġà°¸|à±ĭà°µ|à°¿à°¯à°Ł|à±į|Ġà°¯|à±Ĥà°¨|à°¿à°¯à°¨|à±į|Ġà°¯|à±Ĭà°ķ|à±įà°ķ|Ġà°ħà°¤|à±įà°¯|à±ģà°¨|à±įà°¨à°¤|Ġà°Ĺ|à±Įà°°à°µ|Ġà°ª|à±ģà°°à°¸|à±įà°ķ|à°¾à°°|à°Ĥ|Ġà°ħà°¯|à°¿à°¨|Ġ""|""|à°¹|à±Ģà°°|à±ĭ|Ġà°Ĩà°«|à±į|Ġà°¦|Ġà°¸|à±ĭà°µ|à°¿à°¯|à±Ĩà°Ł|à±į|Ġà°¯|à±Ĥà°¨|à°¿à°¯à°¨|à±į""|""|Ġà°¨|à±ģ|Ġà°ħ|à°Ĥà°¦|à±ģà°ķ|à±ģà°¨|à±įà°¨|à°¾à°¡|à±ģ.|""","""|అతన||చేసిన|కృషి|కి|సోవియట||యూనియన||యొక్క|అత|య|న్నత|గౌరవ|పురస్కారం|అయిన|""""|హీరో|ఆఫ్|ద|సోవియ|ట్|యూనియన|""""||ను|అంద|కున్నాడ|.""","{""42"": ""\""|అతన||చేసిన|కృషి|కి|సోవియట||యూనియన||యొక్క|అత|య|న్నత|గౌరవ|పురస్కారం|అయిన|\""\""|హీరో|ఆఫ్|ద|సోవియ|ట్|యూనియన|\""\""||ను|అంద|కున్నాడ|.\"""", ""43"": ""\""|అతన||చేసి|న|కృషికి|సోవియట||యూనియన||యొక్క|అత|య|న్నత|గౌరవ|పురస|కా|ం|అయిన|\""\""|హీరో|ఆఫ్|ద|సోవియ|ట్|యూనియన|\""\""||ను|అంద|కున్నాడ|.\"""", ""44"": ""\""|అతన||చేసిన|కృషి|కి|సోవియట్|యూనియన||యొక్క|అత|య|న్నత|గౌరవ|పురస|కా|ం|అయిన|\""\""|హీరో|ఆఫ్|ద|సోవియ|ట్|యూనియన|\""\""||ను|అంద|కున్నాడ|.\"""", ""45"": ""\""|అతన||చేసిన|కృషి|కి|సోవియట||యూనియన||యొక్క|అత|యున|నత|గౌరవ|పురస్కా|ం|అయిన|\""\""|హీరో|ఆఫ్|ద|సోవియ|ట్|యూనియన|\""\""||ను|అంద|కున్నాడ|.\"""", ""46"": ""\""|అతన||చేసి|న|కృషి|కి|సోవియట||యూనియన||యొక్క|అత|య|న్నత|గౌరవ|పురస|కా|ం|అయిన|\""\""|హీరో|ఆఫ్|ద|సోవియ|ట్|యూనియన|\""\""||ను|అంద|కున్నాడ|.\""""}"
te,"""అతను మొదట Hangeul వర్ణమాలకు Hunmin Jeongeum అని పేరు పెట్టారు, దానికి అర్ధం """"ప్రజల బోధనకు సంబంధించి సరైన శబ్దాలు"""".""",1,1,5,5,True,"""|à°ħà°¤à°¨|à±ģ|Ġà°®|à±Ĭà°¦à°Ł|ĠH|ange|ul|Ġà°µà°°|à±įà°£à°®|à°¾à°²à°ķ|à±ģ|ĠH|un|min|ĠJe|on|ge|um|Ġà°ħà°¨|à°¿|Ġà°ª|à±ĩà°°|à±ģ|Ġà°ª|à±Ĩà°Ł|à±įà°Ł|à°¾à°°|à±ģ,|Ġà°¦|à°¾à°¨|à°¿à°ķ|à°¿|Ġà°ħà°°|à±įà°§|à°Ĥ|Ġ""|""|à°ª|à±įà°°à°ľà°²|Ġà°¬|à±ĭà°§à°¨|à°ķ|à±ģ|Ġà°¸|à°Ĥà°¬|à°Ĥà°§|à°¿à°Ĥ|à°ļ|à°¿|Ġà°¸à°°|à±Īà°¨|Ġà°¶à°¬|à±įà°¦|à°¾à°²|à±ģ""|"".|""","""|అతన||మొదట|Hangeul|వర|ణమా|క||Hunmin|Jeongeum|అని|పేర||పెట్టార|,|దాని|కి|అర|ధం|""""ప్రజ|ల|బోధనక||సంబంధి|ంచి||సర|న|శబ్దా||""""|.""","{""42"": ""\""|అతన||మొదట|Hangeul|వర|ణమా|క||Hunmin|Jeongeum|అని|పేర||పెట్టార|,|దాని|కి|అర|ధం|\""\""ప్రజ|ల|బోధనక||సంబంధి|ంచి||సర|న|శబ్దా||\""\""|.\"""", ""43"": ""\""|అతన||మొదట|Hangeul||వర|ణమా|క||Hunmin|Jeongeum|అని|పేర||పెట్టా||,|దాని|కి|అర|ధం|\""\""|ప్రజ|ల|బోధనక||సంబంధి|ంచి||సర|న|శబ్దాల|\""\""|.\"""", ""44"": ""\""|అతన||మొదట|Hangeul|వర|ణమా|క||Hunmin|Jeongeum|అని|పేర||పెట్టార|,|దాని|కి|అర|ధం|\""\""|ప్రజ|ల|బోధనక||సంబంధి|ంచి||సర|న|శబ్దా||\""|\""|.\"""", ""45"": ""\""|అతన||మొదట|Hangeul|వర|ణమాలక||Hunmin|Jeongeum|అని|పేర||పెట్టా||,|దాని|కి|అర|ధం|\""\""|ప్రజ|ల|బోధనక||సంబంధి|ంచి||సర|న|శబ్దాల|\""\""|.\"""", ""46"": ""\""|అతన||మొదట|Hangeul|వర|ణమా|క||Hunmin|Jeongeum|అని|పేర||పెట్టార|,|దాని|కి|అర|ధం|\""|\""|ప్రజ|ల|బోధనక||సంబంధి|ంచి||సర|న|శబ్దాల|\""\""|.\""""}"
te,"""అది జర్మన్ అక్షరమాల ఆధారంగా రూపొందించబడింది మరియు """"Õ/õ"""" అనే ఒక అక్షరం జత చేయబడింది.""",1,1,5,5,True,"""|à°ħà°¦|à°¿|Ġà°ľà°°|à±įà°®à°¨|à±į|Ġà°ħà°ķ|à±įà°·à°°|à°®|à°¾à°²|Ġà°Ĩà°§|à°¾à°°|à°Ĥà°Ĺ|à°¾|Ġà°°|à±Ĥà°ª|à±Ĭà°Ĥ|à°¦|à°¿à°Ĥ|à°ļà°¬à°¡|à°¿à°Ĥ|à°¦|à°¿|Ġà°®à°°|à°¿à°¯|à±ģ|Ġ""|""|Ã|ķ|/|Ã|µ|""|""|Ġà°ħà°¨|à±ĩ|Ġà°Ĵà°ķ|Ġà°ħà°ķ|à±įà°·à°°|à°Ĥ|Ġà°ľà°¤|Ġà°ļ|à±ĩà°¯à°¬à°¡|à°¿à°Ĥ|à°¦|à°¿.|""","""|అది|జర్మన||అక|షరమా||ఆధా|ంగ|ా|రూప|ంది|ంచబడి|ంది|మరియు|""""|Õ/õ""""||అనే|ఒక|అక|షరం|జత|చేయబడి|ంది.""","{""42"": ""\""|అది|జర్మన||అక|షరమా||ఆధా|ంగ|ా|రూప|ంది|ంచబడి|ంది|మరియు|\""\""|Õ/õ\""\""||అనే|ఒక|అక|షరం|జత|చేయబడి|ంది.\"""", ""43"": ""\""|అది|జర్మన||అక|షరమా||ఆధారంగ|ా|రూప|ంది|ంచబడి|ంది||మరియ||\""\""|Õ/õ\""\""|అన||ఒక|అక్షరం|జత|చేయబడి|ంది.\"""", ""44"": ""\""|అది|జర్మన||అక|షరమాల|ఆధా|ంగ|ా|రూపొంది|ంచబడి|ంది|మరియు|\""\""|Õ/|õ\""\""||అనే|ఒక|అక|షరం|జత|చేయబడి|ంది.\"""", ""45"": ""\""|అది|జర్మన||అక|షరమాల|ఆధా|ంగ|ా|రూప|ంది|ంచబడి|ంది|మరియ||\""\""|Õ/|õ\""\""||అన||ఒక|అక|షరం|జత|చేయబడి|ంది.\"""", ""46"": ""\""|అది|జర్మన||అక్షరమాల|ఆధా|ంగ|ా|రూప|ంది|ంచబడి|ంది|మరియు|\""\""|Õ/|õ\""\""|అనే|ఒక|అక|షరం|జత|చేయబడి|ంది.\""""}"
te,"""అధికారికంగా ఏర్పాటు చేసిన ఉద్యానవనాన్ని సందర్శిస్తే, """"నమూనాలను"""" సేకరించడం కూడా మాట్లాడకుండా మిమ్మల్ని బయటకు పంపిస్తుంది.""",1,1,5,5,True,"""|à°ħà°§|à°¿à°ķ|à°¾à°°|à°¿à°ķ|à°Ĥà°Ĺ|à°¾|Ġà°ıà°°|à±įà°ª|à°¾à°Ł|à±ģ|Ġà°ļ|à±ĩà°¸|à°¿à°¨|Ġà°īà°¦|à±įà°¯|à°¾à°¨|à°µà°¨|à°¾à°¨|à±įà°¨|à°¿|Ġà°¸|à°Ĥà°¦à°°|à±įà°¶|à°¿à°¸|à±įà°¤|à±ĩ,|Ġ""|""|à°¨à°®|à±Ĥà°¨|à°¾à°²à°¨|à±ģ""|""|Ġà°¸|à±ĩà°ķà°°|à°¿à°Ĥ|à°ļà°¡|à°Ĥ|Ġà°ķ|à±Ĥà°¡|à°¾|Ġà°®|à°¾à°Ł|à±įà°²|à°¾à°¡à°ķ|à±ģà°Ĥ|à°¡|à°¾|Ġà°®|à°¿à°®|à±įà°®à°²|à±įà°¨|à°¿|Ġà°¬à°¯à°Łà°ķ|à±ģ|Ġà°ª|à°Ĥà°ª|à°¿à°¸|à±įà°¤|à±ģà°Ĥ|à°¦|à°¿.|""","""|అధికా|ి|కంగా|ఏర|పాట||చేసి|న|ఉద|యా|వనా||ని|సందర|శి|స్త|,|""""|నమూనాలన|""""||సేకరి|ంచడం|కూడా|మాట|లాడక|ండా|మిమ|మల|ని|బయటక||పంపి|స్త|ంది.""","{""42"": ""\""|అధికా|ి|కంగా|ఏర|పాట||చేసి|న|ఉద|యా|వనా||ని|సందర|శి|స్త|,|\""\""|నమూనాలన|\""\""||సేకరి|ంచడం|కూడా|మాట|లాడక|ండా|మిమ|మల|ని|బయటక||పంపి|స్త|ంది.\"""", ""43"": ""\""|అధికా|ి|కంగ|ా|ఏర|పాట||చేసిన|ఉద్యా|వనా||ని|సందర|శి|స|త|,|\""\""|నమూనాలన|\""\""|సేకరి|ంచడం|కూడా|మాట|లాడక|ండా|మిమ|మల|ని|బయటక||పంపి|స్త|ంది.\"""", ""44"": ""\""|అధికా|ి|కంగ|ా|ఏర|పాట||చేసి|న|ఉద్యానవనాన|ని|సందర|శి|స|త|,|\""\""|నమ|నాలన|\""\""||సేకరి|ంచడం|కూడా|మాట|లాడక|ండా|మిమ|మల|ని|బయటక||పంపి|స్త|ంది.\"""", ""45"": ""\""|అధికా|ి|కంగ|ా|ఏర|పాట||చేసి|న|ఉద్యానవనా||ని|సందర|శి|స్త|,|\""\""|నమ|నాలన|\""\""||సేకరి|ంచడం|కూడా|మాట|లాడక|ండా|మిమ|మల|ని|బయటక||పంపి|స్త|ంది.\"""", ""46"": ""\""|అధికా|ి|కంగ|ా|ఏర|పాట||చేసిన|ఉద్యా|వన|||ని|సందర|శిస్త|,|\""|\""|నమూనాలన|\""\""||సేకరి|ంచడం|కూడా|మాట|లాడక|ండా|మిమ|మల|ని|బయటక||పంపి|స్త|ంది.\""""}"
te,"""అనంతమైన వైవిధ్యాలు సాధమవుతాయి, కానీ చాలా మంది """"డిస్నీ వరల్డ్‌కు వెళ్లడం"""" గురించి మాట్లాడినప్పుడు ఇది అలాగే ఉంటుందని అర్థం.""",1,1,5,5,True,"""|à°ħà°¨|à°Ĥà°¤à°®|à±Īà°¨|Ġà°µ|à±Īà°µ|à°¿à°§|à±įà°¯|à°¾à°²|à±ģ|Ġà°¸|à°¾à°§|à°®à°µ|à±ģà°¤|à°¾à°¯|à°¿,|Ġà°ķ|à°¾à°¨|à±Ģ|Ġà°ļ|à°¾à°²|à°¾|Ġà°®|à°Ĥà°¦|à°¿|Ġ""|""|à°¡|à°¿à°¸|à±įà°¨|à±Ģ|Ġà°µà°°à°²|à±įà°¡|à±į|âĢ|Į|à°ķ|à±ģ|Ġà°µ|à±Ĩà°³|à±įà°²à°¡|à°Ĥ|""|""|Ġà°Ĺ|à±ģà°°|à°¿à°Ĥ|à°ļ|à°¿|Ġà°®|à°¾à°Ł|à±įà°²|à°¾à°¡|à°¿à°¨à°ª|à±įà°ª|à±ģà°¡|à±ģ|Ġà°ĩà°¦|à°¿|Ġà°ħà°²|à°¾à°Ĺ|à±ĩ|Ġà°ī|à°Ĥà°Ł|à±ģà°Ĥ|à°¦à°¨|à°¿|Ġà°ħà°°|à±įà°¥|à°Ĥ.|""","""|అనంత|మ|న|వైవిధ|యాల||సాధమవ|తాయి|,|కాన||చాలా|మంది|""""|డిస్న||వరల|డ్‌క||వెళ్లడం""""||గురించి||మాట|లాడి|నప|ప|డు|ఇది|అలాగ||ఉంట|ందని||అర|థం.""","{""42"": ""\""|అనంత|మ|న|వైవిధ|యాల||సాధమవ|తాయి|,|కాన||చాలా|మంది|\""\""|డిస్న||వరల|డ్‌క||వెళ్లడం\""\""||గురించి||మాట|లాడి|నప|ప|డు|ఇది|అలాగ||ఉంట|ందని||అర|థం.\"""", ""43"": ""\""|అనంత|మ|న|వైవిధ|యాల||సాధమవ|తాయి|,|కాన||చాలా|మంది||\""\""|డిస్న||వరల|డ్‌క||వెళ్లడం\""\""||గురించి||మాట|లాడి|నప|ప|డు|ఇది|అలాగ||ఉంటుందని||అర|థం.\"""", ""44"": ""\""|అనంతమ|న|వైవిధ|యా|||సాధమవ|తాయి|,|కాన||చాలా|మంది|\""\""|డిస్న||వరల|డ్‌క||వెళ్లడం\""\""||గురించి||మాట|లాడి|నప|ప|డు|ఇది|అలాగ||ఉంట|ందని||అర|థం.\"""", ""45"": ""\""|అనంత|మ|న|వైవిధ|యాల||సాధమవ|తాయి|,|కాన||చాలా|మంది||\""\""|డిస్న||వరల|డ్‌క||వెళ్లడం\""\""||గురించి||మాట|లాడి|నప|ప|డు|ఇది|అలాగ||ఉంట|ందని||అర|థం.\"""", ""46"": ""\""|అనంత|మ|న|వైవి|ధ|యా|||సాధమవ|తాయి|,|కాన||చాలా|మంది|\""\""|డిస్న||వరల|డ్‌క||వెళ్లడం\""\""||గురించి||మాట|లాడి|నప|ప|డు|ఇది|అలాగ||ఉంట|ందని||అర|థం.\""""}"
te,"""అన్ని విషయాలను పరిగణనలోకి తీసుకుంటే, మన పూర్వీకులు వారి """"ప్రోటీన్ సమస్యను"""" ఈ రోజు పసరికగల మైదానం పై చింప్స్ చేసే విధంగానే పరిష్కరిస్తే మనం ఆశ్చర్యపోనవసరం లేదు.""",1,1,5,5,True,"""|à°ħà°¨|à±įà°¨|à°¿|Ġà°µ|à°¿à°·à°¯|à°¾à°²à°¨|à±ģ|Ġà°ªà°°|à°¿à°Ĺà°£à°¨à°²|à±ĭà°ķ|à°¿|Ġà°¤|à±Ģà°¸|à±ģà°ķ|à±ģà°Ĥ|à°Ł|à±ĩ,|Ġà°®à°¨|Ġà°ª|à±Ĥà°°|à±įà°µ|à±Ģà°ķ|à±ģà°²|à±ģ|Ġà°µ|à°¾à°°|à°¿|Ġ""|""|à°ª|à±įà°°|à±ĭà°Ł|à±Ģà°¨|à±į|Ġà°¸à°®à°¸|à±įà°¯à°¨|à±ģ""|""|Ġà°Ī|Ġà°°|à±ĭà°ľ|à±ģ|Ġà°ª|à°¸à°°|à°¿à°ķ|à°Ĺà°²|Ġà°®|à±Īà°¦|à°¾à°¨|à°Ĥ|Ġà°ª|à±Ī|Ġà°ļ|à°¿à°Ĥ|à°ª|à±įà°¸|à±į|Ġà°ļ|à±ĩà°¸|à±ĩ|Ġà°µ|à°¿à°§|à°Ĥà°Ĺ|à°¾à°¨|à±ĩ|Ġà°ªà°°|à°¿à°·|à±įà°ķà°°|à°¿à°¸|à±įà°¤|à±ĩ|Ġà°®à°¨|à°Ĥ|Ġà°Ĩà°¶|à±įà°ļà°°|à±įà°¯à°ª|à±ĭà°¨|à°µà°¸à°°|à°Ĥ|Ġà°²|à±ĩà°¦|à±ģ.|""","""|అన్ని|విషయాలన||పరిగణనల|కి||తీసుక|ంట|,|మన|పూర|వీక|లు|వారి||""""|ప్ర|టీన||సమస|యన|""""||ఈ|రోజు|పసరికగల|మైదానం|పై|చింప|స||చేసే|విధంగాన||పరిష|కరి|స్త||మనం|ఆశ్చర|యప|నవస|ం|లేదు.""","{""42"": ""\""|అన్ని|విషయాలన||పరిగణనల|కి||తీసుక|ంట|,|మన|పూర|వీక|లు|వారి||\""\""|ప్ర|టీన||సమస|యన|\""\""||ఈ|రోజు|పసరికగల|మైదానం|పై|చింప|స||చేసే|విధంగాన||పరిష|కరి|స్త||మనం|ఆశ్చర|యప|నవస|ం|లేదు.\"""", ""43"": ""\""|అన|ని|విషయాలన||పరిగణనల|కి||తీసుక|ంట|,|మన|పూర|వ|క|లు|వారి||\""\""|ప్ర|టీన||సమస|యన|\""\""||ఈ రోజు|పసరి|కగల|మైదానం|పై|చింప|స్|చేసే|విధంగాన||పరిష|కరి|స్త||మనం|ఆశ్చర|యప|నవసరం|లేదు.\"""", ""44"": ""\""|అన్ని|విషయా|న||పరిగణనల|కి|తీసుక|ంట|,|మన|పూర|వీక|లు|వారి||\""\""|ప్ర|టీన్|సమస|యన|\""|\""||ఈ రోజు|పసరికగల|మైదానం|పై|చింప|స్|చేసే|విధంగాన||పరిష|కరి|స్త||మనం|ఆశ్చర|యప|నవసరం|లేద|.\"""", ""45"": ""\""|అన|ని|విషయా|న||పరిగణనల|కి|తీస|క|ంట|,|మన|పూర|వీక|లు|వారి||\""\""|ప్ర|టీన్|సమస్యన|\""\""||ఈ|రోజు|పసరికగల|మైదానం|పై|చింప|స్|చేసే|విధంగాన||పరిష|కరి|స్త||మనం|ఆశ్చర|యప|నవసరం|లేదు.\"""", ""46"": ""\""|అన|ని|విషయాలన||పరిగణ|నల|కి|తీసుక|ంట|,|మన|పూర|వీక|లు|వారి||\""\""|ప్ర|టీన||సమస్యన|\""\""||ఈ|రోజు|పసరికగల|మైదానం|పై|చింప|స||చేసే|విధంగా|||పరిష|కరి|స్త||మనం|ఆశ్చర|యప|నవసరం|లేద|.\""""}"
te,"""అభివృద్ధి చెందుతున్న దేశాలను """"మొదట కాలుష్య పరిచి మరియు తరువాత శుభ్రపరిచే పాత మార్గాన్ని నివారించడానికి"""" హు ప్రోత్సహించారు.""",1,1,5,5,True,"""|à°ħà°Ń|à°¿à°µ|à±ĥà°¦|à±įà°§|à°¿|Ġà°ļ|à±Ĩà°Ĥ|à°¦|à±ģà°¤|à±ģà°¨|à±įà°¨|Ġà°¦|à±ĩà°¶|à°¾à°²à°¨|à±ģ|Ġ""|""|à°®|à±Ĭà°¦à°Ł|Ġà°ķ|à°¾à°²|à±ģà°·|à±įà°¯|Ġà°ªà°°|à°¿à°ļ|à°¿|Ġà°®à°°|à°¿à°¯|à±ģ|Ġà°¤à°°|à±ģà°µ|à°¾à°¤|Ġà°¶|à±ģà°Ń|à±įà°°à°ªà°°|à°¿à°ļ|à±ĩ|Ġà°ª|à°¾à°¤|Ġà°®|à°¾à°°|à±įà°Ĺ|à°¾à°¨|à±įà°¨|à°¿|Ġà°¨|à°¿à°µ|à°¾à°°|à°¿à°Ĥ|à°ļà°¡|à°¾à°¨|à°¿à°ķ|à°¿""|""|Ġà°¹|à±ģ|Ġà°ª|à±įà°°|à±ĭà°¤|à±įà°¸à°¹|à°¿à°Ĥ|à°ļ|à°¾à°°|à±ģ.|""","""|అభివ|ద|ధి|చెంద|త|న్న|దేశాలన||""""|మొదట|కాల|ష|య|పరిచి||మరియ||తర|వాత|శుభ|రపరి|చ||పాత|మార|గాన|ని|నివారి|ంచడా|ి|కి""""||హు|ప్ర|త|సహి|ంచార|.""","{""42"": ""\""|అభివ|ద|ధి|చెంద|త|న్న|దేశాలన||\""\""|మొదట|కాల|ష|య|పరిచి||మరియ||తర|వాత|శుభ|రపరి|చ||పాత|మార|గాన|ని|నివారి|ంచడా|ి|కి\""\""||హు|ప్ర|త|సహి|ంచార|.\"""", ""43"": ""\""|అభివ|ద|ధి|చెంద|త|న్న|దేశాలన||\""\""|మొదట|కాల|ష్య|పరిచి||మరియ||తర|వాత|శుభ|రపరి|చ||పాత|మార|గాన|ని|నివారి|ంచడా|ి|కి\""\""||హు|ప్ర|త|సహి|ంచార|.\"""", ""44"": ""\""||భివ|ద|ధి|చెంద|త|న్న|దేశాలన||\""\""|మొదట|కాల|ష|య|పరిచి||మరియు|తర|వాత|శుభ|రపరి|చ||పాత|మార|గాన|ని|నివారి|ంచడా|ి|కి\""\""||హు|ప్ర|త|సహి|ంచార|.\"""", ""45"": ""\""|అభి|వ|ద|ధి|చెంద|త|న|న|దేశాలన||\""\""|మొదట|కాల|ష|య|పరిచి||మరియ||తర|వాత|శుభ|రపరి|చ||పాత|మార|గాన|ని|నివారి|ంచడా|ి|కి\""\""||హు|ప్ర|త|సహి|ంచార|.\"""", ""46"": ""\""|అభివ|ద|ధి|చెంద|త|న్న|దేశాలన||\""\""|మొదట|కాల|ష|య|పరిచి||మరియు|తర|వాత|శుభ|రపరి|చ||పాత|మార|గాన|ని|నివారి|ంచడా|ి|కి\""\""||హు|ప్ర|త|సహి|ంచార|.\""""}"
te,"""అయితే, ఈ రోజుల్లో పేరు పొందిన గ్రాఫిటీ కళాకారులు, గ్రాఫిటీ సంఘటనలు మరియు """"చట్టబద్ధమైన"""" గోడలు ఉన్నాయి. ఈ సందర్భంలో గ్రాఫిటీ చిత్రాలు తరచుగా ఇల్లెజిబుల్ ట్యాగ్‌లు కాకుండా కళాకృతులను పోలి ఉంటాయి.""""""",1,1,5,5,True,"""|à°ħà°¯|à°¿à°¤|à±ĩ,|Ġà°Ī|Ġà°°|à±ĭà°ľ|à±ģà°²|à±įà°²|à±ĭ|Ġà°ª|à±ĩà°°|à±ģ|Ġà°ª|à±Ĭà°Ĥ|à°¦|à°¿à°¨|Ġà°Ĺ|à±įà°°|à°¾à°«|à°¿à°Ł|à±Ģ|Ġà°ķà°³|à°¾à°ķ|à°¾à°°|à±ģà°²|à±ģ,|Ġà°Ĺ|à±įà°°|à°¾à°«|à°¿à°Ł|à±Ģ|Ġà°¸|à°Ĥà°ĺà°Łà°¨à°²|à±ģ|Ġà°®à°°|à°¿à°¯|à±ģ|Ġ""|""|à°ļà°Ł|à±įà°Łà°¬|à°¦|à±įà°§à°®|à±Īà°¨|""|""|Ġà°Ĺ|à±ĭà°¡à°²|à±ģ|Ġà°īà°¨|à±įà°¨|à°¾à°¯|à°¿.|Ġà°Ī|Ġà°¸|à°Ĥà°¦à°°|à±įà°Ń|à°Ĥà°²|à±ĭ|Ġà°Ĺ|à±įà°°|à°¾à°«|à°¿à°Ł|à±Ģ|Ġà°ļ|à°¿à°¤|à±įà°°|à°¾à°²|à±ģ|Ġà°¤à°°à°ļ|à±ģà°Ĺ|à°¾|Ġà°ĩà°²|à±įà°²|à±Ĩà°ľ|à°¿à°¬|à±ģà°²|à±į|Ġà°Ł|à±įà°¯|à°¾à°Ĺ|à±į|âĢ|Į|à°²|à±ģ|Ġà°ķ|à°¾à°ķ|à±ģà°Ĥ|à°¡|à°¾|Ġà°ķà°³|à°¾à°ķ|à±ĥà°¤|à±ģà°²à°¨|à±ģ|Ġà°ª|à±ĭà°²|à°¿|Ġà°ī|à°Ĥà°Ł|à°¾à°¯|à°¿.|""|""|""","""|అయిత|,|ఈ రోజుల|ల||పేర||పొందిన|గ్రా|ి|టీ|కళాకా||లు,|గ్రా|ిటీ|సంఘట|నల||మరియు|""""|చట్టబద|ధమ|న""""|గోడల||ఉన్నాయి|.|ఈ|సందర|భంల||గ్రా|ిటీ|చిత|రాల||తరచ|గా|ఇల్ల|జిబ|ల్|ట్యా||‌ల||కాక|ండా|కళాక|త|లన||పోలి|ఉంటాయి|.""""|""","{""42"": ""\""|అయిత|,|ఈ రోజుల|ల||పేర||పొందిన|గ్రా|ి|టీ|కళాకా||లు,|గ్రా|ిటీ|సంఘట|నల||మరియు|\""\""|చట్టబద|ధమ|న\""\""|గోడల||ఉన్నాయి|.|ఈ|సందర|భంల||గ్రా|ిటీ|చిత|రాల||తరచ|గా|ఇల్ల|జిబ|ల్|ట్యా||‌ల||కాక|ండా|కళాక|త|లన||పోలి|ఉంటాయి|.\""\""|\"""", ""43"": ""\""|అయిత|,|ఈ రోజ|ల|ల||పేర||పొంది|న|గ్రా|ి|ట||కళాకా||లు,|గ్రా|ి|టీ|సంఘట|నల||మరియు|\""\""|చట్టబద|ధమ|న\""\""||గోడల||ఉన్నాయి|.|ఈ|సందర|భంల||గ్రా|ి|టీ|చిత|రాల||తరచ|గా|ఇల్ల|జిబ|ల్|ట్యాగ|‌ల||కాక|ండా|కళాక|త|లన||పోలి||ఉంటాయి|.\""\""|\"""", ""44"": ""\""|అయిత|,|ఈ|రోజ|ల్ల||పేర||పొందిన|గ్రా|ిట||కళాకా||లు,|గ్రా|ిటీ|సంఘట|నల||మరియ||\""\""|చట్టబద|ధమ|న\""\""||గోడల||ఉన్నాయి|.|ఈ|సందర|భంల||గ్రా|ి|టీ|చిత|రాల||తరచ|గా|ఇల|ల|జిబ|ల్|ట్యాగ|‌ల||కాక|ండా|కళాక|త|లన||పోలి||ఉంటాయి|.\""|\""|\"""", ""45"": ""\""|అయిత|,|ఈ|రోజ|ల|లో|పేర||పొంది|న|గ్రా|ిట||కళాకా||లు,|గ్రా|ి|టీ|సంఘ|నల||మరియు|\""\""|చట్టబద|ధమ|న\""|\""||గోడల||ఉన్నాయి|.|ఈ|సందర|భంల||గ్రా|ి|టీ|చిత|రాలు|తరచ|గా|ఇల|ల|జిబ|ల్|ట్యా||‌ల||కాక|ండా|కళాక|త|లన||పోలి||ఉంటాయి|.\""\""|\"""", ""46"": ""\""|అయిత|,|ఈ రోజుల|లో|పేర||పొంది|న|గ్రా|ి|టీ|కళాకార|లు,|గ్రా|ి|టీ|సంఘట|నల||మరియు|\""\""|చట్టబద|ధమ|న\""|\""||గోడల||ఉన్నాయి|.|ఈ|సందర|భంల||గ్రా|ి|టీ|చిత|రాల||తరచ|గా|ఇల|ల|జి|బ|ల||ట్యా||‌ల||కాక|ండా|కళాక|త|లన||పోలి||ఉంటాయి|.\""\""|\""""}"
te,"""అయినప్పటికీ, రో వి. వేడ్ """"సుప్రీంకోర్టు తీర్పుల యొక్క ప్రాముఖ్యతను నొక్కిచెప్పే """"భూమి యొక్క స్థిర చట్టం"""", అని తన మునుపటి ప్రకటనను పునరుద్ఘాటించాడు.""",1,1,5,5,True,"""|à°ħà°¯|à°¿à°¨à°ª|à±įà°ªà°Ł|à°¿à°ķ|à±Ģ,|Ġà°°|à±ĭ|Ġà°µ|à°¿.|Ġà°µ|à±ĩà°¡|à±į|Ġ""|""|à°¸|à±ģà°ª|à±įà°°|à±Ģà°Ĥ|à°ķ|à±ĭà°°|à±įà°Ł|à±ģ|Ġà°¤|à±Ģà°°|à±įà°ª|à±ģà°²|Ġà°¯|à±Ĭà°ķ|à±įà°ķ|Ġà°ª|à±įà°°|à°¾à°®|à±ģà°ĸ|à±įà°¯à°¤à°¨|à±ģ|Ġà°¨|à±Ĭà°ķ|à±įà°ķ|à°¿à°ļ|à±Ĩà°ª|à±įà°ª|à±ĩ|Ġ""|""|à°Ń|à±Ĥà°®|à°¿|Ġà°¯|à±Ĭà°ķ|à±įà°ķ|Ġà°¸|à±įà°¥|à°¿à°°|Ġà°ļà°Ł|à±įà°Ł|à°Ĥ|""|"",|Ġà°ħà°¨|à°¿|Ġà°¤à°¨|Ġà°®|à±ģà°¨|à±ģà°ªà°Ł|à°¿|Ġà°ª|à±įà°°à°ķà°Łà°¨|à°¨|à±ģ|Ġà°ª|à±ģà°¨à°°|à±ģà°¦|à±įà°ĺ|à°¾à°Ł|à°¿à°Ĥ|à°ļ|à°¾à°¡|à±ģ.|""","""||యినప|పటి|క|,|రో|వి.|వేడ||""""|సుప|ర|ంక|ర|టు|తీర|పుల|యొక|క|ప్రా||ఖ|యతన||నొక్కి|చ|ప్ప||""""|భూమి||యొక్క|స్థి|ర|చట్టం""""|,|అని|తన|మునుపటి||ప్రకటనన||పునర|ద|ఘాటి|ంచాడ|.""","{""42"": ""\""||యినప|పటి|క|,|రో|వి.|వేడ||\""\""|సుప|ర|ంక|ర|టు|తీర|పుల|యొక|క|ప్రా||ఖ|యతన||నొక్కి|చ|ప్ప||\""\""|భూమి||యొక్క|స్థి|ర|చట్టం\""\""|,|అని|తన|మునుపటి||ప్రకటనన||పునర|ద|ఘాటి|ంచాడ|.\"""", ""43"": ""\""|అయినప|పటి|క|,|రో|వి.|వేడ||\""\""సుప|ర|ంక|ర|టు|తీర|ప|ల|యొక్క|ప్రా||ఖ|యతన||నొక|కి|చ|ప్ప||\""\""|భూమి||యొక్క|స్థి|ర|చట్టం\""\"",|అని|తన|మునుపటి|ప్రకటనన||పునర|ద|ఘాటి|ంచాడ|.\"""", ""44"": ""\""|అయినప|పటి|క|,|రో|వి.|వేడ||\""\""|సుప్ర|ంక|ర|టు|తీర|ప|ల|యొక్క|ప్రా||ఖ|యతన||నొక్కిచ|ప్ప||\""\""|భూమి||యొక్క|స్థి|ర|చట్టం\""\""|,|అని|తన|మునుపటి||ప్రకటనన||పునర|ద|ఘాటి|ంచాడ|.\"""", ""45"": ""\""|అయినప|పటి|క|,|రో|వి.|వేడ||\""\""|సుప|ర|ంక|ర|టు|తీర|ప|ల|యొక|క|ప్రా||ఖ|యతన||నొక|కి|చ|ప్ప||\""\""|భూమి||యొక|క|స్థి|ర|చట్టం\""\"",|అని|తన|మున|పటి||ప్రకట|నన||పునర|ద|ఘాటి|ంచాడ|.\"""", ""46"": ""\""|అయినప|పటి|క|,|రో|వి.|వేడ||\""\""|సుప|ర|ంక|ర|టు|తీర|ప|ల|యొక్క|ప్రా||ఖ|యతన||నొక్కి|చెప్ప||\""\""భూమి||యొక్క|స్థి|ర|చట్టం\""\""|,|అని|తన|మునుపటి|ప్రకటనన||పునర|ద|ఘా|ి|ంచాడ|.\""""}"
te,"""అవి తుఫాను మేఘాల నుండి దిగుతూ గొట్టాలుగా ప్రారంభమవుతాయి మరియు అవి భూమిని తాకినప్పుడు """"సుడిగాలులు""""గా మారుతాయి.""",1,1,5,5,True,"""|à°ħà°µ|à°¿|Ġà°¤|à±ģà°«|à°¾à°¨|à±ģ|Ġà°®|à±ĩà°ĺ|à°¾à°²|Ġà°¨|à±ģà°Ĥ|à°¡|à°¿|Ġà°¦|à°¿à°Ĺ|à±ģà°¤|à±Ĥ|Ġà°Ĺ|à±Ĭà°Ł|à±įà°Ł|à°¾à°²|à±ģà°Ĺ|à°¾|Ġà°ª|à±įà°°|à°¾à°°|à°Ĥà°Ńà°®à°µ|à±ģà°¤|à°¾à°¯|à°¿|Ġà°®à°°|à°¿à°¯|à±ģ|Ġà°ħà°µ|à°¿|Ġà°Ń|à±Ĥà°®|à°¿à°¨|à°¿|Ġà°¤|à°¾à°ķ|à°¿à°¨à°ª|à±įà°ª|à±ģà°¡|à±ģ|Ġ""|""|à°¸|à±ģà°¡|à°¿à°Ĺ|à°¾à°²|à±ģà°²|à±ģ""|""|à°Ĺ|à°¾|Ġà°®|à°¾à°°|à±ģà°¤|à°¾à°¯|à°¿.|""","""|అవి||తుఫాన||మేఘాల|నుండి|దిగ|త||గొట్టాల|గా|ప్రా|ంభమవ|తాయి||మరియ||అవి||భూమి|ని||తాకి|నప|ప|డు|""""|సుడిగాల|లు""""గా|మార|తాయి|.""","{""42"": ""\""|అవి||తుఫాన||మేఘాల|నుండి|దిగ|త||గొట్టాల|గా|ప్రా|ంభమవ|తాయి||మరియ||అవి||భూమి|ని||తాకి|నప|ప|డు|\""\""|సుడిగాల|లు\""\""గా|మార|తాయి|.\"""", ""43"": ""\""|అవి||తుఫాన||మేఘాల|నుండి|దిగ|త||గొట్టాల|గా|ప్రా|ంభమ||తాయి||మరియు|అవి|భూమి|ని|తాకి|నప|ప|డు|\""\""|సుడిగాల|లు\""\""|గా|మార|తాయి|.\"""", ""44"": ""\""|అవి|తుఫాన||మేఘాల|నుండి|దిగ|త||గొట్టాల|గా|ప్రా|ంభమవ|తా|ి||మరియ||అవి|భూమి|ని|తాకి|నప|ప|డు|\""\""|సుడి|గాల|లు\""\""||ా|మార|తాయి|.\"""", ""45"": ""\""|అవి||తుఫాన||మేఘాల|నుండి|దిగ|త||గొట్టాల|గా|ప్రా|ంభమవ|తాయి||మరియ||అవి|భూమి|ని|తాకి|నప|ప|డు|\""\""|సుడిగాల|లు\""\""|గా|మార|తాయి|.\"""", ""46"": ""\""|అవి||తుఫాన||మేఘాల|నుండి||దిగ|త||గొట్టాల|గా|ప్రా|ంభమవ|తాయి||మరియ||అవి|భూమి|ని|తాకి|నప|ప|డు|\""\""|సుడిగా||లు\""\""|గా|మార|తాయి|.\""""}"
te,"""ఇక్కడి ప్రధాన స్థానిక బీర్ 'Number One', ఇది మంచి బీర్ కాదు, ఇది ఆహ్లాదకరం మరియు కొత్త ఉత్సహాన్ని కలిగిస్తుంది. ఇక్కడి మరో స్థానిక బీరును """"Manta"""" అని పిలుస్తారు.""",1,1,5,5,True,"""|à°ĩà°ķ|à±įà°ķà°¡|à°¿|Ġà°ª|à±įà°°à°§|à°¾à°¨|Ġà°¸|à±įà°¥|à°¾à°¨|à°¿à°ķ|Ġà°¬|à±Ģà°°|à±į|Ġ'|N|umber|ĠOne|',|Ġà°ĩà°¦|à°¿|Ġà°®|à°Ĥà°ļ|à°¿|Ġà°¬|à±Ģà°°|à±į|Ġà°ķ|à°¾à°¦|à±ģ,|Ġà°ĩà°¦|à°¿|Ġà°Ĩà°¹|à±įà°²|à°¾à°¦à°ķà°°|à°Ĥ|Ġà°®à°°|à°¿à°¯|à±ģ|Ġà°ķ|à±Ĭà°¤|à±įà°¤|Ġà°īà°¤|à±įà°¸à°¹|à°¾à°¨|à±įà°¨|à°¿|Ġà°ķà°²|à°¿à°Ĺ|à°¿à°¸|à±įà°¤|à±ģà°Ĥ|à°¦|à°¿.|Ġà°ĩà°ķ|à±įà°ķà°¡|à°¿|Ġà°®à°°|à±ĭ|Ġà°¸|à±įà°¥|à°¾à°¨|à°¿à°ķ|Ġà°¬|à±Ģà°°|à±ģà°¨|à±ģ|Ġ""|""|M|anta|""|""|Ġà°ħà°¨|à°¿|Ġà°ª|à°¿à°²|à±ģà°¸|à±įà°¤|à°¾à°°|à±ģ.|""","""|ఇక|కడి||ప్రధా||స్థా|ి|క|బీర||'Number|One',|ఇది|మంచి||బీర్|కాద|,|ఇది|ఆహ్లాదకరం|మరియు|కొత|త|ఉత|సహా||ని|కలిగి|స్త|ంది.|ఇక|కడి|మర||స్థాని|క|బీర|ను|""""|Manta""""||అని|పిల|స్తా||.""","{""42"": ""\""|ఇక|కడి||ప్రధా||స్థా|ి|క|బీర||'Number|One',|ఇది|మంచి||బీర్|కాద|,|ఇది|ఆహ్లాదకరం|మరియు|కొత|త|ఉత|సహా||ని|కలిగి|స్త|ంది.|ఇక|కడి|మర||స్థాని|క|బీర|ను|\""\""|Manta\""\""||అని|పిల|స్తా||.\"""", ""43"": ""\""|ఇక|కడి||ప్రధా||స్థాని|క|బీర||'Number|One'|,|ఇది|మంచి||బీర||కాద|,|ఇది|ఆహ్లాదకరం|మరియు|కొత|త|ఉత|సహా||ని|కలిగి|స్త|ంది.|ఇక|కడి||మర||స్థా|ి|క|బీరును|\""\""|Manta\""\""|అని|పిల|స్తా||.\"""", ""44"": ""\""|ఇక|కడి||ప్రధా||స్థాని|క|బీర||'Number|One',|ఇది|మంచి||బీర||కాద|,|ఇది|ఆహ్లాదకరం|మరియు|కొత|త|ఉత|సహా||ని|కలిగి|స్త|ంది.|ఇక|కడి||మర||స్థాని|క|బీర|ను|\""\""|Manta\""\""|అని|పిలుస్తా||.\"""", ""45"": ""\""|ఇక|కడి||ప్రధా||స్థా|ి|క|బీర||'Number|One',|ఇది|మంచి||బీర||కాద|,|ఇది|ఆహ్లాదకరం|మరియు|కొత|త|ఉత|సహాన|ని|కలిగి|స్త|ంది.|ఇక|కడి||మర||స్థాని|క|బీర|ను|\""\""|Manta\""\""||అని|పిలుస్తా||.\"""", ""46"": ""\""|ఇక|కడి||ప్రధా||స్థా|ి|క|బీర||'Number|One',|ఇది|మంచి||బీర||కాద|,|ఇది|ఆహ్లా|కరం|మరియ||కొత|త|ఉత|సహాన|ని|కలిగి|స్త|ంది.|ఇక|కడి|మర||స్థాని|క|బీర|ను|\""\""|Manta\""\""||అని|పిల|స్తార|.\""""}"
te,"""ఇటలీ ప్రణాళికల గురించి వివరణతో ప్రారంభిద్దాం. ఇటలీ ప్రధానంగా జర్మనీ మరియు జపాన్ """"చిన్న సోదరుడు"""". """,1,1,5,5,True,"""|à°ĩ|à°Łà°²|à±Ģ|Ġà°ª|à±įà°°à°£|à°¾à°³|à°¿à°ķà°²|Ġà°Ĺ|à±ģà°°|à°¿à°Ĥ|à°ļ|à°¿|Ġà°µ|à°¿à°µà°°à°£|à°¤|à±ĭ|Ġà°ª|à±įà°°|à°¾à°°|à°Ĥà°Ń|à°¿à°¦|à±įà°¦|à°¾à°Ĥ.|Ġà°ĩà°Ł|à°²|à±Ģ|Ġà°ª|à±įà°°à°§|à°¾à°¨|à°Ĥà°Ĺ|à°¾|Ġà°ľà°°|à±įà°®à°¨|à±Ģ|Ġà°®à°°|à°¿à°¯|à±ģ|Ġà°ľà°ª|à°¾à°¨|à±į|Ġ""|""|à°ļ|à°¿à°¨|à±įà°¨|Ġà°¸|à±ĭà°¦à°°|à±ģà°¡|à±ģ""|"".|Ġ""","""|ఇటల||ప్రణా|ి|కల|గురించి||వివరణ|త||ప్రా|ంభి|ద|దాం.|ఇటల||ప్రధా|ంగ|ా|జర్మన||మరియ||జపాన||""""|చిన|న|సోదర|డు""""|.|""","{""42"": ""\""|ఇటల||ప్రణా|ి|కల|గురించి||వివరణ|త||ప్రా|ంభి|ద|దాం.|ఇటల||ప్రధా|ంగ|ా|జర్మన||మరియ||జపాన||\""\""|చిన|న|సోదర|డు\""\""|.|\"""", ""43"": ""\""|ఇటల||ప్రణా|ి|కల|గురించి||వివరణ|త||ప్రా|ంభి|ద|దాం.|ఇటల||ప్రధా|ంగ|ా|జర|మన||మరియు|జపాన||\""\""|చిన|న|సోదర|డు\""\"".|\"""", ""44"": ""\""|ఇటల||ప్రణా|ి|కల|గురించి||వివరణ|త||ప్రా|ంభి|ద|దాం.|ఇటల||ప్రధా|ంగ|ా|జర్మన||మరియ||జపాన||\""\""చిన్న|సోదర|డు\""\""|.|\"""", ""45"": ""\""|ఇటల||ప్రణా|ి|కల|గురించి||వివరణ|త||ప్రా|ంభి|ద|దాం.|ఇటల||ప్రధా|ంగ|ా|జర|మన||మరియ||జపాన||\""\""చిన్న|సోదర|డు\""\""|.|\"""", ""46"": ""\""|ఇటల||ప్రణాళి|కల|గురించి||వివరణ|త||ప్రా|ంభి|ద|దాం.|ఇటల||ప్రధానంగ|ా|జర|మన||మరియు|జపాన||\""\""|చిన|న|సోదర|డు\""\""|.|\""""}"
te,"""ఇది అభ్యసన వైకల్యం కాదు, ఇది అభ్యసన రుగ్మత; ఇది """"మొత్తం పిల్లలలో 3 నుండి 5 శాతం, బహుశా 2 మిలియన్ల అమెరికన్ పిల్లలపై ప్రభావం చూపుతుంది"""".""",1,1,5,5,True,"""|à°ĩà°¦|à°¿|Ġà°ħà°Ń|à±įà°¯|à°¸à°¨|Ġà°µ|à±Īà°ķ|à°²|à±įà°¯|à°Ĥ|Ġà°ķ|à°¾à°¦|à±ģ,|Ġà°ĩà°¦|à°¿|Ġà°ħà°Ń|à±įà°¯|à°¸à°¨|Ġà°°|à±ģà°Ĺ|à±įà°®à°¤|;|Ġà°ĩà°¦|à°¿|Ġ""|""|à°®|à±Ĭà°¤|à±įà°¤|à°Ĥ|Ġà°ª|à°¿à°²|à±įà°²à°²|à°²|à±ĭ|Ġ|3|Ġà°¨|à±ģà°Ĥ|à°¡|à°¿|Ġ|5|Ġà°¶|à°¾à°¤|à°Ĥ,|Ġà°¬à°¹|à±ģà°¶|à°¾|Ġ|2|Ġà°®|à°¿à°²|à°¿à°¯à°¨|à±įà°²|Ġà°ħà°®|à±Ĩà°°|à°¿à°ķà°¨|à±į|Ġà°ª|à°¿à°²|à±įà°²à°²|à°ª|à±Ī|Ġà°ª|à±įà°°à°Ń|à°¾à°µ|à°Ĥ|Ġà°ļ|à±Ĥà°ª|à±ģà°¤|à±ģà°Ĥ|à°¦|à°¿""|"".|""","""|ఇది|అభ|యసన|వైకల|యం|కాద|,|ఇది|అభ్యసన|రుగ్మత;|ఇది|""""|మొత|తం|పిల|లలల||3 నుండి|5 శాతం,|బహుశా|2 మిలి|యన|ల|అమెరికన||పిల|లలప||ప్రభా|ం|చూప|త|ంది""""|.""","{""42"": ""\""|ఇది|అభ|యసన|వైకల|యం|కాద|,|ఇది|అభ్యసన|రుగ్మత;|ఇది|\""\""|మొత|తం|పిల|లలల||3 నుండి|5 శాతం,|బహుశా|2 మిలి|యన|ల|అమెరికన||పిల|లలప||ప్రభా|ం|చూప|త|ంది\""\""|.\"""", ""43"": ""\""|ఇది|అభ|యసన|వైకల|యం|కాద|,|ఇది|అభ|యసన|రుగ్మత;|ఇది|\""\""|మొత|తం|పిల్లలల||3 నుండి|5 శాతం,|బహుశా|2 మిలి|యన|ల|అమెరి|కన||పిల|లలప||ప్రభా|ం|చూపుత|ంది\""\""|.\"""", ""44"": ""\""|ఇది|అభ్యసన|వైకల|యం|కాద|,|ఇది|అభ|యసన|రుగ్మత;|ఇది|\""\""|మొత|తం|పిల|లలల||3 నుండి|5 శాతం,|బహుశా|2 మిలియన|ల|అమెరికన||పిల|లలప||ప్రభ||ం|చూపుత|ంది\""\"".\"""", ""45"": ""\""|ఇది|అభ్యసన|వైకల|యం|కాద|,|ఇది|అభ|యసన|రుగ్మత;|ఇది|\""|\""|మొత|తం|పిల|లలల||3 నుండి|5 శాతం,|బహుశా|2 మిలియన|ల|అమెరి|కన||పిల|లలప||ప్రభా|||చూపుత|ంది\""\""|.\"""", ""46"": ""\""|ఇది|అభ|యసన|వైకల|యం|కాద|,|ఇది|అభ|యసన|రుగ్మత;|ఇది|\""\""|మొత|తం|పిల|లలల||3 నుండి|5 శాతం,|బహుశా|2 మిలియన|ల|అమెరి|కన||పిల|లలప||ప్రభా|ం|చూప|త|ంది\""\""|.\""""}"
te,"""ఇది తరచుగా ఊహాత్మకమైనప్పటికీ, పారిస్‌లోని ప్రజలతో బాగా కలిసిపోవడానికి మీ ప్రవర్తన ఉత్తమంగా ఉండాలి, మరియు """"bien élevé"""" (బాగా ఎదిగిన) వ్యక్తి లాగా వ్యవహరించాలి. ఇలా చేయడం వలన చాలా సులభంగా అందరితో కలిసిపోవచ్చు.""",1,1,5,5,True,"""|à°ĩà°¦|à°¿|Ġà°¤à°°à°ļ|à±ģà°Ĺ|à°¾|Ġà°Ĭà°¹|à°¾à°¤|à±įà°®à°ķà°®|à±Īà°¨à°ª|à±įà°ªà°Ł|à°¿à°ķ|à±Ģ,|Ġà°ª|à°¾à°°|à°¿à°¸|à±į|âĢ|Į|à°²|à±ĭà°¨|à°¿|Ġà°ª|à±įà°°à°ľà°²|à°¤|à±ĭ|Ġà°¬|à°¾à°Ĺ|à°¾|Ġà°ķà°²|à°¿à°¸|à°¿à°ª|à±ĭà°µà°¡|à°¾à°¨|à°¿à°ķ|à°¿|Ġà°®|à±Ģ|Ġà°ª|à±įà°°à°µà°°|à±įà°¤à°¨|Ġà°īà°¤|à±įà°¤à°®|à°Ĥà°Ĺ|à°¾|Ġà°ī|à°Ĥà°¡|à°¾à°²|à°¿,|Ġà°®à°°|à°¿à°¯|à±ģ|Ġ""|""|b|ien|ĠÃ©|lev|Ã©|""|""|Ġ(|à°¬|à°¾à°Ĺ|à°¾|Ġà°İà°¦|à°¿à°Ĺ|à°¿à°¨|)|Ġà°µ|à±įà°¯à°ķ|à±įà°¤|à°¿|Ġà°²|à°¾à°Ĺ|à°¾|Ġà°µ|à±įà°¯à°µà°¹à°°|à°¿à°Ĥ|à°ļ|à°¾à°²|à°¿.|Ġà°ĩà°²|à°¾|Ġà°ļ|à±ĩà°¯à°¡|à°Ĥ|Ġà°µà°²à°¨|Ġà°ļ|à°¾à°²|à°¾|Ġà°¸|à±ģà°²à°Ń|à°Ĥà°Ĺ|à°¾|Ġà°ħ|à°Ĥà°¦à°°|à°¿à°¤|à±ĭ|Ġà°ķà°²|à°¿à°¸|à°¿à°ª|à±ĭà°µà°ļ|à±įà°ļ|à±ģ.|""","""|ఇది|తరచ|గా|ఊహాత|మకమ|నప|పటి|క|,|పారి|స్‌ల|ని|ప్రజ|లత||బాగా|కలిసి|ప|వడా|ి|కి|మీ|ప్రవర|తన|ఉత|తమంగ|ా|ఉండాలి|,|మరియు|""""|bi en  élevé""""||(బాగా|ఎదిగి|న)|వ్యక|తి|లాగా|వ్యవహరి|ంచాలి|.|ఇలా|చేయడం|వలన|చాలా|సులభంగా|అందరి|త||కలిసి|ప|వచ|చ|.""","{""42"": ""\""|ఇది|తరచ|గా|ఊహాత|మకమ|నప|పటి|క|,|పారి|స్‌ల|ని|ప్రజ|లత||బాగా|కలిసి|ప|వడా|ి|కి|మీ|ప్రవర|తన|ఉత|తమంగ|ా|ఉండాలి|,|మరియు|\""\""|bi en  élevé\""\""||(బాగా|ఎదిగి|న)|వ్యక|తి|లాగా|వ్యవహరి|ంచాలి|.|ఇలా|చేయడం|వలన|చాలా|సులభంగా|అందరి|త||కలిసి|ప|వచ|చ|.\"""", ""43"": ""\""|ఇది|తరచ|గా|ఊహాత|మకమ|నప|పటి|క|,|పారి|స్‌ల|ని|ప్రజ|లత||బాగా|కలిసి|ప|వడా|ి|కి|మీ|ప్రవర|తన|ఉత|తమంగ|ా|ఉండాలి|,|మరియు|\""\""bi en  élevé\""\""||(బాగా|ఎదిగి|న)|వ్యక|తి||లాగా|వ్యవహరి|ంచాలి|.|ఇలా|చేయడం|వలన|చాలా|సులభంగా|అందరి|త||కలిసి|ప|వచ|చ|.\"""", ""44"": ""\""|ఇది|తరచ|గా|ఊహాత|మకమ|నప|పటి|క|,|పారి|స్‌ల|ని|ప్రజ|లత||బాగా|కలిసి|ప|వడా|ి|కి|మీ|ప్రవర|తన|ఉత|తమంగ|ా|ఉండా|ి|,|మరియు|\""\""|bi en  élevé\""\""||(బాగా|ఎదిగి|న)|వ్యక|తి|లాగా|వ్యవహరి|ంచాలి|.|ఇలా|చేయడం|వలన|చాలా|సులభంగా|అందరి|త||కలిసి|ప|వచ్చ|.\"""", ""45"": ""\""|ఇది|తరచ|గా|ఊహాత|మకమ|నప|పటి|క|,|పారి|స్‌ల|ని|ప్రజలత||బాగా|కలిసి|ప|వడాని|కి|మీ|ప్రవర|తన|ఉత|తమంగా|ఉండాలి|,|మరియు|\""\""|bi en  élevé\""\""||(బాగా|ఎదిగి|న)|వ్యక|తి|లాగా|వ్యవహరి|ంచాలి|.|ఇలా|చేయడం|వలన|చాలా|సులభంగా|అందరి|త||కలిసి|ప|వచ|చ|.\"""", ""46"": ""\""|ఇది|తరచ|గా|ఊహాత|మకమ||ప|పటి|క|,|పారి|స్‌ల|ని|ప్రజలత||బాగా|కలిసి|ప|వడాని|కి|మీ|ప్రవర|తన|ఉత|తమంగా|ఉండాలి|,|మరియ||\""\""|bi en  élevé\""\""||(బాగా|ఎదిగి|న)|వ్యక|తి|లాగా|వ్యవహరి|ంచాలి|.|ఇలా|చేయడం|వలన|చాలా|సులభంగా|అందరి|త||కలిసి|ప|వచ|చ|.\""""}"
te,"""ఈ ప్రాపంచిక జీవితానికి మించిన విషయాలపై ముహమ్మద్ తీవ్ర ఆసక్తిని కలిగి ఉండేవాడు. అతను ధ్యానం కొరకు తరచుగా ఒక గుహకు వెళ్ళేవాడు """"""""నూర్"""""""" (కాంతి) పర్వతంపై గల దానిని """"హీరా"""" అని పిలుస్తారు.""",1,1,5,5,True,"""|à°Ī|Ġà°ª|à±įà°°|à°¾à°ª|à°Ĥà°ļ|à°¿à°ķ|Ġà°ľ|à±Ģà°µ|à°¿à°¤|à°¾à°¨|à°¿à°ķ|à°¿|Ġà°®|à°¿à°Ĥ|à°ļ|à°¿à°¨|Ġà°µ|à°¿à°·à°¯|à°¾à°²à°ª|à±Ī|Ġà°®|à±ģà°¹|à°®|à±įà°®à°¦|à±į|Ġà°¤|à±Ģà°µ|à±įà°°|Ġà°Ĩà°¸à°ķ|à±įà°¤|à°¿à°¨|à°¿|Ġà°ķà°²|à°¿à°Ĺ|à°¿|Ġà°ī|à°Ĥà°¡|à±ĩà°µ|à°¾à°¡|à±ģ.|Ġà°ħà°¤à°¨|à±ģ|Ġà°§|à±įà°¯|à°¾à°¨|à°Ĥ|Ġà°ķ|à±Ĭà°°à°ķ|à±ģ|Ġà°¤à°°à°ļ|à±ģà°Ĺ|à°¾|Ġà°Ĵà°ķ|Ġà°Ĺ|à±ģà°¹|à°ķ|à±ģ|Ġà°µ|à±Ĩà°³|à±įà°³|à±ĩà°µ|à°¾à°¡|à±ģ|Ġ""|""|""|""|à°¨|à±Ĥà°°|à±į""|""|""|""|Ġ(|à°ķ|à°¾à°Ĥ|à°¤|à°¿)|Ġà°ªà°°|à±įà°µà°¤|à°Ĥà°ª|à±Ī|Ġà°Ĺà°²|Ġà°¦|à°¾à°¨|à°¿à°¨|à°¿|Ġ""|""|à°¹|à±Ģà°°|à°¾|""|""|Ġà°ħà°¨|à°¿|Ġà°ª|à°¿à°²|à±ģà°¸|à±įà°¤|à°¾à°°|à±ģ.|""","""|ఈ ప్రా|ంచి|క|జీవి|తా|ి|కి|మించి|న|విషయాలప||ముహమ్మద||తీవ|ర|ఆసక|తి|ని|కలిగి||ఉండ|వాడ|.|అతన||ధ్యా|ం|కొరక||తరచ|గా|ఒక|గుహక||వెళ్ళ|వాడ||""""|""|""|నూర|""""""|""||(కాంతి|)|పర|వతంప||గల|దాని|ని|""""|హీరా""|""||అని|పిల|స్తార|.""","{""42"": ""\""|ఈ ప్రా|ంచి|క|జీవి|తా|ి|కి|మించి|న|విషయాలప||ముహమ్మద||తీవ|ర|ఆసక|తి|ని|కలిగి||ఉండ|వాడ|.|అతన||ధ్యా|ం|కొరక||తరచ|గా|ఒక|గుహక||వెళ్ళ|వాడ||\""\""|\""|\""|నూర|\""\""\""|\""||(కాంతి|)|పర|వతంప||గల|దాని|ని|\""\""|హీరా\""|\""||అని|పిల|స్తార|.\"""", ""43"": ""\""|ఈ ప్రా|ంచి|క|జీవి|తాని|కి|మించి|న|విషయా|ప||ముహమ|మద||తీవ|ర|ఆసక|తి|ని|కలిగి||ఉండ|వాడ|.|అతన||ధ్యా|ం|కొరక||తరచ|గా|ఒక|గుహక||వెళ్ళ|వాడ||\""\""|\""|\""|నూర|\""\""|\""|\""||(కాంతి|)|పర|వతంప||గల|దాని|ని|\""\""హీరా\""\""||అని|పిల|స్తా||.\"""", ""44"": ""\""|ఈ ప్రా|ంచి|క|జీవి|తాని|కి|మించి|న|విషయాలప||ముహమ|మద||తీవ్ర|ఆసక|తిని|కలిగి||ఉండ|వాడ|.|అతన||ధ్యా|ం|కొరక||తరచ|గా|ఒక|గుహక||వెళ్ళ|వాడ||\""\""|\""|\""|నూర|\""\""\""|\""||(కాంతి|)|పర|వతంప||గల|దాని|ని|\""\""|హీరా\""\""||అని|పిల|స్తార|.\"""", ""45"": ""\""|ఈ ప్రా|ంచి|క|జీవి|తా|ి|కి|మించి|న|విషయాలప||ముహమ|మద||తీవ|ర|ఆసక|తిని|కలిగి||ఉండ|వాడ|.|అతన||ధ్యా|ం|కొరక||తరచ|గా|ఒక|గుహక||వెళ్ళ|వాడ||\""\""|\""|\""|నూర|\""\""|\""|\""||(కాంతి|)|పర|వతంప||గల|దాని|ని|\""\""|హీరా\""\""||అని|పిల|స్తార|.\"""", ""46"": ""\""|ఈ ప్రా|ంచి|క|జీవి|తా|ి|కి|మించి|న|విషయాలప||ముహమ|మద||తీవ|ర|ఆసక|తిని|కలిగి||ఉండ|వాడ|.|అతన||ధ్యా|ం|కొరక||తరచ|గా|ఒక|గుహక||వెళ్ళ|వాడ||\""\""|\""|\""|నూర|\""\""\""|\""||(కాంతి|)|పర|వతంప||గల|దాని|ని|\""\""|హీరా\""\""||అని|పిల|స్తార|.\""""}"
te,"""ఈ రకమయిన పిల్లలు చాలా వరకు ఇబ్బందులలో పడతారు, ఎందుకంటే వారి """"ప్రవర్తన ప్రమాదకరంగా ఉంటుంది, తోటి వారితో తగాదాలు పెట్టుకొంటారు, ఎదుటివారితో సవాలు చేస్తూ ఉంటారు"""" తద్వారా వారి మెదడును ఉత్తేజపరచుకొంటారు, ఎందుకంటే సాధారణ పద్ధతుల ద్వారా వారి మెదడు ఉత్తేజపరచబడదు.""",1,1,5,5,True,"""|à°Ī|Ġà°°à°ķ|à°®à°¯|à°¿à°¨|Ġà°ª|à°¿à°²|à±įà°²à°²|à±ģ|Ġà°ļ|à°¾à°²|à°¾|Ġà°µà°°à°ķ|à±ģ|Ġà°ĩà°¬|à±įà°¬|à°Ĥà°¦|à±ģà°²à°²|à±ĭ|Ġà°ªà°¡à°¤|à°¾à°°|à±ģ,|Ġà°İ|à°Ĥà°¦|à±ģà°ķ|à°Ĥà°Ł|à±ĩ|Ġà°µ|à°¾à°°|à°¿|Ġ""|""|à°ª|à±įà°°à°µà°°|à±įà°¤à°¨|Ġà°ª|à±įà°°à°®|à°¾à°¦à°ķà°°|à°Ĥà°Ĺ|à°¾|Ġà°ī|à°Ĥà°Ł|à±ģà°Ĥ|à°¦|à°¿,|Ġà°¤|à±ĭà°Ł|à°¿|Ġà°µ|à°¾à°°|à°¿à°¤|à±ĭ|Ġà°¤à°Ĺ|à°¾à°¦|à°¾à°²|à±ģ|Ġà°ª|à±Ĩà°Ł|à±įà°Ł|à±ģà°ķ|à±Ĭà°Ĥ|à°Ł|à°¾à°°|à±ģ,|Ġà°İà°¦|à±ģà°Ł|à°¿à°µ|à°¾à°°|à°¿à°¤|à±ĭ|Ġà°¸à°µ|à°¾à°²|à±ģ|Ġà°ļ|à±ĩà°¸|à±įà°¤|à±Ĥ|Ġà°ī|à°Ĥà°Ł|à°¾à°°|à±ģ""|""|Ġà°¤à°¦|à±įà°µ|à°¾à°°|à°¾|Ġà°µ|à°¾à°°|à°¿|Ġà°®|à±Ĩà°¦à°¡|à±ģà°¨|à±ģ|Ġà°īà°¤|à±įà°¤|à±ĩà°ľ|à°ªà°°à°ļ|à±ģà°ķ|à±Ĭà°Ĥ|à°Ł|à°¾à°°|à±ģ,|Ġà°İ|à°Ĥà°¦|à±ģà°ķ|à°Ĥà°Ł|à±ĩ|Ġà°¸|à°¾à°§|à°¾à°°à°£|Ġà°ªà°¦|à±įà°§à°¤|à±ģà°²|Ġà°¦|à±įà°µ|à°¾à°°|à°¾|Ġà°µ|à°¾à°°|à°¿|Ġà°®|à±Ĩà°¦à°¡|à±ģ|Ġà°īà°¤|à±įà°¤|à±ĩà°ľ|à°ªà°°|à°ļà°¬à°¡|à°¦|à±ģ.|""","""|ఈ రకమయి|న|పిల|లల||చాలా|వరక||ఇబ్బంద|లల||పడతార|,|ఎంద|కంట||వారి||""""|ప్రవ||తన|ప్రమా|కరంగ|ా|ఉంట|ంది,|తోటి|వారి|త||తగాదాల||పెట్ట|క|ంటార|,|ఎదుటి|వారి|త||సవాల||చేస్త||ఉంటార|""""|తద్వారా|వారి||మెదడ|న||ఉత|త|జపరచ||కొంటార|,|ఎంద|కంట||సాధా|ణ|పద్ధత|ల|ద్వా|ా|వారి||మెదడ||ఉత|త|జపరచ|బడద|.""","{""42"": ""\""|ఈ రకమయి|న|పిల|లల||చాలా|వరక||ఇబ్బంద|లల||పడతార|,|ఎంద|కంట||వారి||\""\""|ప్రవ||తన|ప్రమా|కరంగ|ా|ఉంట|ంది,|తోటి|వారి|త||తగాదాల||పెట్ట|క|ంటార|,|ఎదుటి|వారి|త||సవాల||చేస్త||ఉంటార|\""\""|తద్వారా|వారి||మెదడ|న||ఉత|త|జపరచ||కొంటార|,|ఎంద|కంట||సాధా|ణ|పద్ధత|ల|ద్వా|ా|వారి||మెదడ||ఉత|త|జపరచ|బడద|.\"""", ""43"": ""\""|ఈ రకమయి|న|పిల|లల||చాలా|వరక||ఇబ్బంద|లల||పడతార|,|ఎంద|కంట||వారి||\""\""|ప్రవర|తన|ప్రమా|కరంగ|ా|ఉంట|ంది,|తోటి||వారి|త||తగాదా|||పెట్ట|క|ంటార|,|ఎదుటి|వారి|త||సవా|||చేస్త||ఉంటార|\""\""||తద్వా|ా|వారి||మెదడ|న||ఉత|త|జపరచ||క|ంటార|,|ఎంద|కంట||సాధా|ణ|పద|ధత|ల|ద్వా|ా|వారి||మెదడ||ఉత|త|జపరచ|బడద|.\"""", ""44"": ""\""|ఈ రకమయి|న|పిల|లల||చాలా|వరక||ఇబ్బంద|లల||పడతార|,|ఎంద|కంట||వారి||\""\""|ప్రవర|తన|ప్రమా|కరంగ|ా|ఉంట|ంది,|తోటి|వారి|త||తగాదాల||పెట్ట|క|ంటార|,|ఎదుటి|వారి|త||సవా|||చేస్త||ఉంటార|\""\""||తద్వా|ా|వారి||మెదడ|న||ఉత|త|జపరచ||కొంటార|,|ఎంద|కంట||సాధా|ణ|పద|ధత|ల|ద్వా|ా|వారి||మెదడ||ఉత|త|జపరచ|బడద|.\"""", ""45"": ""\""|ఈ రకమయి|న|పిల|లల||చాలా|వరక||ఇబ్బంద|లల||పడతార|,|ఎంద|కంట||వారి||\""\""|ప్రవర|తన|ప్రమా|కరంగ|ా|ఉంట|ంది,|తోటి|వారి|త||తగాదా|||పెట్ట|క|ంటార|,|ఎదుటి|వా|ి|త||సవాల||చేస్త||ఉంటార|\""\""||తద్వారా|వారి||మెదడ|ను|ఉత|త|జపరచ||క|ంటార|,|ఎంద|కంట||సాధా|ణ|పద|ధత|ల|ద్వా|ా|వారి||మెదడ||ఉత|త|జపరచ|బడద|.\"""", ""46"": ""\""|ఈ రకమయి|న|పిల|లల||చాలా|వరక||ఇబ్బంద|లల||పడతార|,|ఎంద|కంట||వారి||\""\""|ప్రవ||తన|ప్రమా|కరంగ|ా|ఉంట|ంది,|తోటి|వారి|త||తగాదా|||పెట్ట|క|ంటార|,|ఎదుటి|వా|ి|త||సవా|||చేస్త||ఉంటార|\""\""||తద్వారా|వారి||మెదడ|ను|ఉత|త|జపరచ||క|ంటార|,|ఎంద|కంట||సాధారణ|పద|ధత|ల|ద్వా|ా|వారి||మెదడ||ఉత|త|జపరచ|బడద|.\""""}"
te,"""ఈజిప్ట్‌కు చెందిన వాలీ అఫ్ ది డెడ్‌లోని గిజా ప్లాట్యూ లేదా """"గిజా నెక్రోపోలిస్""""లో అనేక పిరమిడ్‌లు (వీటిలో గ్రేట్ పిరమిడ్ అతిపెద్దది) అనేక చిన్న సమాధులు, అనేక దేవాలయాలు మరియు గొప్ప సింహిక ఉన్నాయి.""",1,1,5,5,True,"""|à°Ī|à°ľ|à°¿à°ª|à±įà°Ł|à±į|âĢ|Į|à°ķ|à±ģ|Ġà°ļ|à±Ĩà°Ĥ|à°¦|à°¿à°¨|Ġà°µ|à°¾à°²|à±Ģ|Ġà°ħà°«|à±į|Ġà°¦|à°¿|Ġà°¡|à±Ĩà°¡|à±į|âĢ|Į|à°²|à±ĭà°¨|à°¿|Ġà°Ĺ|à°¿à°ľ|à°¾|Ġà°ª|à±įà°²|à°¾à°Ł|à±įà°¯|à±Ĥ|Ġà°²|à±ĩà°¦|à°¾|Ġ""|""|à°Ĺ|à°¿à°ľ|à°¾|Ġà°¨|à±Ĩà°ķ|à±įà°°|à±ĭà°ª|à±ĭà°²|à°¿à°¸|à±į""|""|à°²|à±ĭ|Ġà°ħà°¨|à±ĩà°ķ|Ġà°ª|à°¿à°°à°®|à°¿à°¡|à±į|âĢ|Į|à°²|à±ģ|Ġ(|à°µ|à±Ģà°Ł|à°¿à°²|à±ĭ|Ġà°Ĺ|à±įà°°|à±ĩà°Ł|à±į|Ġà°ª|à°¿à°°à°®|à°¿à°¡|à±į|Ġà°ħà°¤|à°¿à°ª|à±Ĩà°¦|à±įà°¦à°¦|à°¿)|Ġà°ħà°¨|à±ĩà°ķ|Ġà°ļ|à°¿à°¨|à±įà°¨|Ġà°¸à°®|à°¾à°§|à±ģà°²|à±ģ,|Ġà°ħà°¨|à±ĩà°ķ|Ġà°¦|à±ĩà°µ|à°¾à°²à°¯|à°¾à°²|à±ģ|Ġà°®à°°|à°¿à°¯|à±ģ|Ġà°Ĺ|à±Ĭà°ª|à±įà°ª|Ġà°¸|à°¿à°Ĥ|à°¹|à°¿à°ķ|Ġà°īà°¨|à±įà°¨|à°¾à°¯|à°¿.|""","""|ఈజిప|ట్‌కు|చెంది|న|వాల||అఫ||ది|డెడ్‌ల|ని|గిజా|ప్లా||య||లేదా|""""|గిజా|నెక|ర|ప|లిస్""""||ో|అన|క|పిరమి|డ్‌ల||(వీటి|ల||గ్ర|ట్|పిరమి|డ||అతిప|ద|దది|)|అనేక|చిన|న|సమాధ|లు,|అన|క|దేవాలయాల||మరియ||గొప్ప|సింహి|క|ఉన్నాయి|.""","{""42"": ""\""|ఈజిప|ట్‌కు|చెంది|న|వాల||అఫ||ది|డెడ్‌ల|ని|గిజా|ప్లా||య||లేదా|\""\""|గిజా|నెక|ర|ప|లిస్\""\""||ో|అన|క|పిరమి|డ్‌ల||(వీటి|ల||గ్ర|ట్|పిరమి|డ||అతిప|ద|దది|)|అనేక|చిన|న|సమాధ|లు,|అన|క|దేవాలయాల||మరియ||గొప్ప|సింహి|క|ఉన్నాయి|.\"""", ""43"": ""\""|ఈజిప|ట్‌క||చెంది|న|వాల||అఫ్|ది|డెడ్‌ల|ని|గిజా|ప్లా||య||లేదా|\""\""|గిజా|నెక|ర|ప|లిస్\""\""లో|అనేక|పిరమి|డ|‌లు|(వీటి|ల||గ్ర|ట్|పిరమి|డ||అతిప|ద్దది|)|అనేక|చిన్న|సమాధ|ల|,|అనేక|దేవాలయా|||మరియు|గొప|ప|సింహి|క|ఉన్నాయి|.\"""", ""44"": ""\""|ఈజిప|ట్‌క||చెంది|న|వాల||అఫ||ది|డెడ్‌ల|ని|గిజా|ప్లాట|య||లేదా|\""\""|గిజా|నెక్ర|ప|లిస్\""\""|లో|అనేక|పిరమి|డ్‌ల||(వీటి|ల||గ్ర|ట్|పిరమి|డ||అతిప|ద్దది|)|అనేక|చిన|న|సమా||లు,|అనేక|దేవాలయాల||మరియు|గొప్ప|సింహి|క|ఉన్నాయి|.\"""", ""45"": ""\""|ఈజిప|ట్‌క||చెంది|న|వాల||అఫ్|ది|డెడ్‌ల|ని|గిజా|ప్లాట|య||లేదా|\""\""|గిజా|నెక|ర|ప|లి|స్\""\""||ో|అన|క|పిరమి|డ్‌ల||(వీటి|ల||గ్ర|ట్|పిరమి|డ్|అతిప|ద్దది|)|అన|క|చిన|న|సమాధ|ల|,|అన|క|దేవాలయాల||మరియ||గొప్ప|సింహి|క|ఉన్నాయి|.\"""", ""46"": ""\""|ఈజిప|ట|‌కు|చెంది|న|వాల||అఫ్|ది|డెడ్‌ల|ని|గిజా|ప్లా||య||లేదా|\""\""|గిజా|నెక్ర|ప|లి|స్\""\""|లో|అనేక|పిరమి|డ్‌ల||(వీటి|ల||గ్ర|ట్|పిరమి|డ||అతిప|ద్దది|)|అన|క|చిన|న|సమాధ|లు,|అన|క|దేవాలయాల||మరియ||గొప్ప|సింహి|క|ఉన్నాయి|.\""""}"
te,"""ఉదాహరణకు, """"అభ్యసనం"""" మరియు """"సాంఘికీకరణ"""" అంతర్జాల వినియోగానికి ముఖ్యమైన ప్రేరణలుగా సూచించబడ్డాయి (జేమ్స్ ఎట్ అల్, 1995).""",1,1,5,5,True,"""|à°īà°¦|à°¾à°¹à°°à°£à°ķ|à±ģ,|Ġ""|""|à°ħà°Ń|à±įà°¯|à°¸à°¨|à°Ĥ|""|""|Ġà°®à°°|à°¿à°¯|à±ģ|Ġ""|""|à°¸|à°¾à°Ĥ|à°ĺ|à°¿à°ķ|à±Ģà°ķà°°à°£|""|""|Ġà°ħ|à°Ĥà°¤à°°|à±įà°ľ|à°¾à°²|Ġà°µ|à°¿à°¨|à°¿à°¯|à±ĭà°Ĺ|à°¾à°¨|à°¿à°ķ|à°¿|Ġà°®|à±ģà°ĸ|à±įà°¯à°®|à±Īà°¨|Ġà°ª|à±įà°°|à±ĩà°°|à°£à°²|à±ģà°Ĺ|à°¾|Ġà°¸|à±Ĥà°ļ|à°¿à°Ĥ|à°ļà°¬à°¡|à±įà°¡|à°¾à°¯|à°¿|Ġ(|à°ľ|à±ĩà°®|à±įà°¸|à±į|Ġà°İà°Ł|à±į|Ġà°ħà°²|à±į,|Ġ|199|5|).|""","""|ఉదాహరణక|,|""""|అభ|యసనం""|""|మరియ||""""|సాంఘి|క|కరణ""""|అంతర|జాల|వినియ|గాని|కి|ముఖ|యమ|న|ప్ర|రణల|గా|సూచి|ంచబడ|డాయి||(జేమ|స||ఎట్|అల|,|1995).""","{""42"": ""\""|ఉదాహరణక|,|\""\""|అభ|యసనం\""|\""|మరియ||\""\""|సాంఘి|క|కరణ\""\""|అంతర|జాల|వినియ|గాని|కి|ముఖ|యమ|న|ప్ర|రణల|గా|సూచి|ంచబడ|డాయి||(జేమ|స||ఎట్|అల|,|1995).\"""", ""43"": ""\""|ఉదాహరణక|,|\""|\""|అభ|యసనం\""|\""||మరియ||\""\""సాంఘి|క|కరణ\""\""||అంతర|జాల|వినియ|గాని|కి|ముఖ|యమ|న|ప్ర|రణల|గా|సూచి|ంచబడ|డాయి||(జేమ్స||ఎట్|అల|,|1995).\"""", ""44"": ""\""|ఉదాహరణక|,|\""\""|అభ|యస|ం\""\""||మరియ||\""\""|సాంఘి|క|కరణ\""\""|అంతర|జా||వినియ|గాని|కి|ముఖ|యమ|న|ప్ర|రణల|గా|సూచి|ంచబడ|డాయి||(జేమ్స||ఎట్|అల|,|1995).\"""", ""45"": ""\""|ఉదా|రణక|,|\""|\""|అభ్యస|ం\""|\""||మరియు|\""\""|సాంఘి|క|కరణ\""\""||అంతర|జాల|వినియ|గాని|కి|ముఖ|యమ|న|ప్ర|రణల|గా|సూచి|ంచబడ|డాయి||(జేమ్స||ఎట్|అల|,|1995).\"""", ""46"": ""\""|ఉదాహరణక|,|\""\""|అభ|యసనం\""\""||మరియ||\""\""|సాంఘి|క|కరణ\""\""||అంతర|జాల|వినియ|గాని|కి|ముఖ|యమ|న|ప్ర|రణల|గా|సూచి|ంచబడ|డాయి||(జేమ|స్|ఎట్|అల|,|1995).\""""}"
te,"""ఒక ముఠా వీధులలో తిరుగుతూ, వినియోగ వస్తువుల దుకాణాలను దోచుకోవడంతో, Bishkekను ఒక పరిశీలకుడు """"అరాచక"""" స్థితిలో కూరుకుపోతుందని వివరించారు.""",1,1,5,5,True,"""|à°Ĵà°ķ|Ġà°®|à±ģà°ł|à°¾|Ġà°µ|à±Ģà°§|à±ģà°²à°²|à±ĭ|Ġà°¤|à°¿à°°|à±ģà°Ĺ|à±ģà°¤|à±Ĥ,|Ġà°µ|à°¿à°¨|à°¿à°¯|à±ĭà°Ĺ|Ġà°µà°¸|à±įà°¤|à±ģà°µ|à±ģà°²|Ġà°¦|à±ģà°ķ|à°¾à°£|à°¾à°²à°¨|à±ģ|Ġà°¦|à±ĭà°ļ|à±ģà°ķ|à±ĭà°µà°¡|à°Ĥà°¤|à±ĭ,|ĠB|ish|ke|k|à°¨|à±ģ|Ġà°Ĵà°ķ|Ġà°ªà°°|à°¿à°¶|à±Ģà°²à°ķ|à±ģà°¡|à±ģ|Ġ""|""|à°ħà°°|à°¾à°ļà°ķ|""|""|Ġà°¸|à±įà°¥|à°¿à°¤|à°¿à°²|à±ĭ|Ġà°ķ|à±Ĥà°°|à±ģà°ķ|à±ģà°ª|à±ĭà°¤|à±ģà°Ĥ|à°¦à°¨|à°¿|Ġà°µ|à°¿à°µà°°|à°¿à°Ĥ|à°ļ|à°¾à°°|à±ģ.|""","""|ఒక|ముఠా|వీధ|లల||తిర|గుత|,|వినియ|గ|వస్త|వుల|దుకాణాలన||దోచ|కోవడంత|,|Bishkekను|ఒక|పరిశ|లక|డు|""""|అరాచక""|""||స్థి|తి|ల||కూర|కుప|త|ందని||వివరి|ంచార|.""","{""42"": ""\""|ఒక|ముఠా|వీధ|లల||తిర|గుత|,|వినియ|గ|వస్త|వుల|దుకాణాలన||దోచ|కోవడంత|,|Bishkekను|ఒక|పరిశ|లక|డు|\""\""|అరాచక\""|\""||స్థి|తి|ల||కూర|కుప|త|ందని||వివరి|ంచార|.\"""", ""43"": ""\""|ఒక|ముఠా|వీధ|లల||తిర|గుత|,|వినియ|గ|వస్త|వ|ల|దుకా|ాలన||దోచ|క|వడంత|,|Bishkekను|ఒక|పరిశ|లక|డు|\""\""|అరాచక\""\""||స్థి|తి|ల||కూర|కుప|త|ందని||వివరి|ంచార|.\"""", ""44"": ""\""|ఒక|ముఠా|వీధ|లల||తిర|గుత|,|వినియ|గ|వస్త|వుల|దుకాణా|న||దోచ|క|వడంత|,|Bishkekను|ఒక|పరిశ|లక|డు|\""\""|అరాచక\""\""||స్థి|తి|ల||కూర|కుప|త|ందని||వివరి|ంచార|.\"""", ""45"": ""\""|ఒక|ముఠా|వీధ|లల||తిర|గ|త|,|విని|య|గ|వస్త|వ|ల|దుకాణాలన||దోచ|క|వడంత|,|Bishkekను|ఒక|పరిశ|లక|డు|\""\""|అరాచక\""|\""|స్థి|తి|ల||కూర|కుప|త|ందని||వివరి|ంచార|.\"""", ""46"": ""\""|ఒక|ముఠా|వీధ|లల||తిర|గుత|,|వినియ|గ|వస్త|వుల|దుకాణా|న||దోచ|కోవడంత|,|Bishkekను|ఒక|పరిశ|లక|డు|\""\""|అరా|క\""\""||స్థి|తి|ల||కూర|కుప|త|ందని||వివరి|ంచార|.\""""}"
te,"""ఓహుపై ఒక గేజ్ వద్ద 6.34 అంగుళాలకు చేరుకున్న అవపాతం """"ప్రయోజనకరమైనది""""గా వర్ణించబడుతుంది.""",1,1,5,5,True,"""|à°ĵ|à°¹|à±ģà°ª|à±Ī|Ġà°Ĵà°ķ|Ġà°Ĺ|à±ĩà°ľ|à±į|Ġà°µà°¦|à±įà°¦|Ġ|6|.|34|Ġà°ħ|à°Ĥà°Ĺ|à±ģà°³|à°¾à°²à°ķ|à±ģ|Ġà°ļ|à±ĩà°°|à±ģà°ķ|à±ģà°¨|à±įà°¨|Ġà°ħà°µ|à°ª|à°¾à°¤|à°Ĥ|Ġ""|""|à°ª|à±įà°°à°¯|à±ĭà°ľà°¨|à°ķà°°à°®|à±Īà°¨à°¦|à°¿""|""|à°Ĺ|à°¾|Ġà°µà°°|à±įà°£|à°¿à°Ĥ|à°ļà°¬à°¡|à±ģà°¤|à±ģà°Ĥ|à°¦|à°¿.|""","""|ఓహుప||ఒక|గేజ్|వద్ద|6.34|అంగ|ళాలక||చేర|కున్న|అవపా|ం|""""ప్రయ|జనకరమ|నది""""|గా|వర|ణించబడ|త|ంది.""","{""42"": ""\""|ఓహుప||ఒక|గేజ్|వద్ద|6.34|అంగ|ళాలక||చేర|కున్న|అవపా|ం|\""\""ప్రయ|జనకరమ|నది\""\""|గా|వర|ణించబడ|త|ంది.\"""", ""43"": ""\""|ఓహుప||ఒక|గేజ్|వద్ద|6.34|అంగ|ళాలక||చేర|కున్న|అవపా|ం|\""\""|ప్రయ|జనకరమ|నది|\""\""|గా|వర|ణించబడ|త|ంది.\"""", ""44"": ""\""|ఓహుప||ఒక|గేజ||వద్ద|6.34|అంగ|ళాలక||చేర|కున్న|అవపాతం|\""\""|ప్రయ|జనకరమ|నది|\""|\""|గా|వర|ణించబడ|త|ంది.\"""", ""45"": ""\""|ఓహుప||ఒక|గేజ్|వద్ద|6.34|అంగ|ళాలక||చేర|కున్న|అవపాతం|\""\""|ప్రయ|జనకరమ|నది|\""\""|గా|వర|ణించబడ|త|ంది.\"""", ""46"": ""\""|ఓహుప||ఒక|గేజ్|వద్ద|6.34|అంగ|ళాలకు|చేర|కున్న|అవపా|ం|\""\""|ప్రయ|జనకరమ|నది|\""\""|గా|వర|ణించబడ|త|ంది.\""""}"
te,"""కత్రినా తుఫాను నేపథ్యంలో సహాయం మరియు పునర్నిర్మాణం కోసం ఖర్చు చేయడం గురించి వివాదానికి మొదలైంది; కొంతమంది ఆర్థిక సలహాదారులు """"బుష్ యొక్క న్యూ ఓర్లీన్స్ డీల్ """" అని వెటకారంగా అన్నారు.""",1,1,5,5,True,"""|à°ķ|à°¤|à±įà°°|à°¿à°¨|à°¾|Ġà°¤|à±ģà°«|à°¾à°¨|à±ģ|Ġà°¨|à±ĩà°ªà°¥|à±įà°¯|à°Ĥà°²|à±ĭ|Ġà°¸à°¹|à°¾à°¯|à°Ĥ|Ġà°®à°°|à°¿à°¯|à±ģ|Ġà°ª|à±ģà°¨à°°|à±įà°¨|à°¿à°°|à±įà°®|à°¾à°£|à°Ĥ|Ġà°ķ|à±ĭà°¸|à°Ĥ|Ġà°ĸà°°|à±įà°ļ|à±ģ|Ġà°ļ|à±ĩà°¯à°¡|à°Ĥ|Ġà°Ĺ|à±ģà°°|à°¿à°Ĥ|à°ļ|à°¿|Ġà°µ|à°¿à°µ|à°¾à°¦|à°¾à°¨|à°¿à°ķ|à°¿|Ġà°®|à±Ĭà°¦à°²|à±Īà°Ĥ|à°¦|à°¿;|Ġà°ķ|à±Ĭà°Ĥ|à°¤à°®|à°Ĥà°¦|à°¿|Ġà°Ĩà°°|à±įà°¥|à°¿à°ķ|Ġà°¸à°²à°¹|à°¾à°¦|à°¾à°°|à±ģà°²|à±ģ|Ġ""|""|à°¬|à±ģà°·|à±į|Ġà°¯|à±Ĭà°ķ|à±įà°ķ|Ġà°¨|à±įà°¯|à±Ĥ|Ġà°ĵà°°|à±įà°²|à±Ģà°¨|à±įà°¸|à±į|Ġà°¡|à±Ģà°²|à±į|Ġ""|""|Ġà°ħà°¨|à°¿|Ġà°µ|à±Ĩà°Ł|à°ķ|à°¾à°°|à°Ĥà°Ĺ|à°¾|Ġà°ħà°¨|à±įà°¨|à°¾à°°|à±ģ.|""","""|కత|రి|నా|తుఫాన||నేపథ|యంల||సహా|ం|మరియ||పునర|నిర|మాణం|కోసం|ఖర|చ||చేయడం|గురించి||వివా|ాని|కి|మొదల|ంది;|కొంతమంది||ఆర|థిక|సలహాదార|లు|""""|బుష||యొక|క|న్యూ|ఓర|లీన్స్|డీల||""""||అని|వెటకారంగ|ా|అన|నార|.""","{""42"": ""\""|కత|రి|నా|తుఫాన||నేపథ|యంల||సహా|ం|మరియ||పునర|నిర|మాణం|కోసం|ఖర|చ||చేయడం|గురించి||వివా|ాని|కి|మొదల|ంది;|కొంతమంది||ఆర|థిక|సలహాదార|లు|\""\""|బుష||యొక|క|న్యూ|ఓర|లీన్స్|డీల||\""\""||అని|వెటకారంగ|ా|అన|నార|.\"""", ""43"": ""\""|కత|రినా|తుఫాన||నేపథ|యంల||సహాయం|మరియ||పునర|నిర|మాణం|కోసం|ఖర|చ||చేయడం|గురించి||వివా|ా|ి|కి|మొదల|ంది;|కొంతమంది||ఆర|థి|క|సలహాదా||లు|\""\""|బుష||యొక్క|న్యూ|ఓర|ల|న్స్|డీల||\""\""||అని|వెటకా|ంగ|ా|అన్నార|.\"""", ""44"": ""\""|కత|రినా|తుఫాన||నేపథ|యంల||సహాయం|మరియ||పునర|నిర|మాణం|కోసం|ఖర|చ||చేయడం|గురించి||వివా|ా|ి|కి|మొదల|ంది;|కొంతమంది||ఆర|థిక|సలహాదా||లు|\""\""|బుష||యొక|క|న్యూ|ఓర|లీన్స||డీల||\""\""||అని|వెటకా|ంగ|ా|అన|నార|.\"""", ""45"": ""\""|కత|రినా|తుఫాన||నేపథ|యంల||సహాయం|మరియు|పునర|నిర|మాణం|కోసం|ఖర|చ||చేయడం|గురించి||వివాదా|ి|కి|మొదల|ంది|;|కొంతమంది||ఆర|థి|క|సలహాదా||లు|\""\""బుష||యొక|క|న్యూ|ఓర|లీన్స||డీల||\""\""||అని|వెటకారంగ|ా|అన్నార|.\"""", ""46"": ""\""|కత|రినా|తుఫాన||నేపథ|యంల||సహా|ం|మరియు|పునర|నిర|మాణం|కోసం|ఖర|చ||చేయడం|గురించి||వివా|ాని|కి|మొదల|ంది;|కొంతమంది||ఆర|థి|క|సలహాదా||లు|\""\""|బుష||యొక|క|న్యూ|ఓర|లీన్స్|డీల||\""\""||అని|వెటకా|ంగ|ా|అన్నార|.\""""}"
te,"""కమిషనర్ మాట్లాడుతూ, """"మూలం మరియు సుంకం రాయితీలపై మేము ఇంకా అంగీకరించలేదు, కానీ జూలై 1, 2020న ట్రేడింగ్ ప్రారంభించడానికి మాకు ఉన్న పరిమితులతో సరిపోతుంది"""".""",1,1,5,5,True,"""|à°ķà°®|à°¿à°·à°¨à°°|à±į|Ġà°®|à°¾à°Ł|à±įà°²|à°¾à°¡|à±ģà°¤|à±Ĥ,|Ġ""|""|à°®|à±Ĥà°²|à°Ĥ|Ġà°®à°°|à°¿à°¯|à±ģ|Ġà°¸|à±ģà°Ĥ|à°ķ|à°Ĥ|Ġà°°|à°¾à°¯|à°¿à°¤|à±Ģà°²à°ª|à±Ī|Ġà°®|à±ĩà°®|à±ģ|Ġà°ĩ|à°Ĥà°ķ|à°¾|Ġà°ħ|à°Ĥà°Ĺ|à±Ģà°ķà°°|à°¿à°Ĥ|à°ļà°²|à±ĩà°¦|à±ģ,|Ġà°ķ|à°¾à°¨|à±Ģ|Ġà°ľ|à±Ĥà°²|à±Ī|Ġ|1|,|Ġ|202|0|à°¨|Ġà°Ł|à±įà°°|à±ĩà°¡|à°¿à°Ĥ|à°Ĺ|à±į|Ġà°ª|à±įà°°|à°¾à°°|à°Ĥà°Ń|à°¿à°Ĥ|à°ļà°¡|à°¾à°¨|à°¿à°ķ|à°¿|Ġà°®|à°¾à°ķ|à±ģ|Ġà°īà°¨|à±įà°¨|Ġà°ªà°°|à°¿à°®|à°¿à°¤|à±ģà°²à°¤|à±ĭ|Ġà°¸à°°|à°¿à°ª|à±ĭà°¤|à±ģà°Ĥ|à°¦|à°¿""|"".|""","""కమిషనర||మాట్లాడ|త|,|""""|మూలం|మరియు|సుంకం|రాయి|త|లప||మేమ||ఇంకా|అంగ|కరి|ంచల|దు,|కాన||జూల||1,|2020న|ట్ర|డింగ||ప్రా|ంభి|ంచడాని|కి|మాక||ఉన్న|పరిమి|త|లత||సరి|ప|త|ంది|""""|.""","{""42"": ""\""కమిషనర||మాట్లాడ|త|,|\""\""|మూలం|మరియు|సుంకం|రాయి|త|లప||మేమ||ఇంకా|అంగ|కరి|ంచల|దు,|కాన||జూల||1,|2020న|ట్ర|డింగ||ప్రా|ంభి|ంచడాని|కి|మాక||ఉన్న|పరిమి|త|లత||సరి|ప|త|ంది|\""\""|.\"""", ""43"": ""\""|కమి|షనర||మాట|లాడ|త|,|\""\""|మూలం|మరియు|సుంకం|రాయి|త|లప||మేమ||ఇంకా|అంగ|కరి|ంచల|దు,|కాన||జూల||1,|2020న|ట్ర|డింగ||ప్రా|ంభి|ంచడాని|కి|మాక||ఉన్న|పరిమి|త|లత||సరిప|త|ంది\""\""|.\"""", ""44"": ""\""|కమి|షనర||మాట్లాడ|త|,|\""\""|మూలం|మరియ||సుంకం|రాయి|త|లప||మేమ||ఇంకా|అంగ|కరి|ంచల|దు,|కాన||జూల||1,|2020న|ట్ర|డింగ||ప్రా|ంభి|ంచడాని|కి|మాక||ఉన్న|పరిమి|త|లత||సరిప|త|ంది\""\""|.\"""", ""45"": ""\""|కమిషనర||మాట|లా||త|,|\""|\""|మూలం|మరియు|సుంకం|రాయి|త|లప||మేమ||ఇంకా|అంగ|కరి|ంచల|దు,|కాన||జూల||1,|2020న|ట్ర|డింగ||ప్రా|ంభి|ంచడా|ి|కి|మాక||ఉన్న|పరిమి|త|లత||సరిప|త|ంది\""\""|.\"""", ""46"": ""\""|కమిషనర||మాట|లాడ|త|,|\""\""|మూలం|మరియ||సుంకం|రాయి|తీలప||మేమ||ఇంకా|అంగ|కరి|ంచల|దు,|కాన||జూల||1,|2020న|ట్ర|డింగ||ప్రా|ంభి|ంచడాని|కి|మాక||ఉన్న|పరిమి|త|లత||సరిప|త|ంది\""\"".\""""}"
te,"""కానీ భూమధ్య రేఖకు కేవలం కొన్ని డిగ్రీల ఉత్తరంలో అధిక ఉష్ణం"""" లో ఉంచడం వలన మీరు వేడి (ఎల్లప్పుడూ) బలమైన సూర్యుడు (ఆకాశం నిర్మలంగా ఉన్నప్పుడు, చాలా అరుదుగా) రెండింటిని ఎదుర్కోవాల్సి ఉంటుంది.""""""",1,1,5,5,True,"""|à°ķ|à°¾à°¨|à±Ģ|Ġà°Ń|à±Ĥà°®|à°§|à±įà°¯|Ġà°°|à±ĩà°ĸ|à°ķ|à±ģ|Ġà°ķ|à±ĩà°µà°²|à°Ĥ|Ġà°ķ|à±Ĭà°¨|à±įà°¨|à°¿|Ġà°¡|à°¿à°Ĺ|à±įà°°|à±Ģà°²|Ġà°īà°¤|à±įà°¤à°°|à°Ĥà°²|à±ĭ|Ġà°ħà°§|à°¿à°ķ|Ġà°īà°·|à±įà°£|à°Ĥ|""|""|Ġà°²|à±ĭ|Ġà°ī|à°Ĥà°ļà°¡|à°Ĥ|Ġà°µà°²à°¨|Ġà°®|à±Ģà°°|à±ģ|Ġà°µ|à±ĩà°¡|à°¿|Ġ(|à°İà°²|à±įà°²à°ª|à±įà°ª|à±ģà°¡|à±Ĥ|)|Ġà°¬à°²à°®|à±Īà°¨|Ġà°¸|à±Ĥà°°|à±įà°¯|à±ģà°¡|à±ģ|Ġ(|à°Ĩà°ķ|à°¾à°¶|à°Ĥ|Ġà°¨|à°¿à°°|à±įà°®à°²|à°Ĥà°Ĺ|à°¾|Ġà°īà°¨|à±įà°¨à°ª|à±įà°ª|à±ģà°¡|à±ģ,|Ġà°ļ|à°¾à°²|à°¾|Ġà°ħà°°|à±ģà°¦|à±ģà°Ĺ|à°¾)|Ġà°°|à±Ĩà°Ĥ|à°¡|à°¿à°Ĥ|à°Ł|à°¿à°¨|à°¿|Ġà°İà°¦|à±ģà°°|à±įà°ķ|à±ĭà°µ|à°¾à°²|à±įà°¸|à°¿|Ġà°ī|à°Ĥà°Ł|à±ģà°Ĥ|à°¦|à°¿.|""|""|""","""|కాన||భూమధ|య|రేఖక||కేవలం|కొన|ని|డిగ|ర|ల|ఉత|తరంల||అధిక|ఉష్ణం""""||లో|ఉంచడం|వలన|మీర||వేడి|(ఎల|లప|ప|డూ)|బలమ|న|సూర|యుడు|(ఆకా|ం|నిర|మలంగ|ా|ఉన్నప|ప|డు,|చాలా|అర|ద|గా)|రెండి|ంటి|ని|ఎదుర|క|వాల|సి||ఉంట|ంది.""""|""","{""42"": ""\""|కాన||భూమధ|య|రేఖక||కేవలం|కొన|ని|డిగ|ర|ల|ఉత|తరంల||అధిక|ఉష్ణం\""\""||లో|ఉంచడం|వలన|మీర||వేడి|(ఎల|లప|ప|డూ)|బలమ|న|సూర|యుడు|(ఆకా|ం|నిర|మలంగ|ా|ఉన్నప|ప|డు,|చాలా|అర|ద|గా)|రెండి|ంటి|ని|ఎదుర|క|వాల|సి||ఉంట|ంది.\""\""|\"""", ""43"": ""\""|కాన||భూమధ|య|రేఖక||కేవలం|కొన్ని|డిగ|ర|ల|ఉత|తరంల||అధిక|ఉష్ణం\""\""||లో|ఉంచడం|వలన|మీరు|వేడి|(ఎల|లప|ప|డూ)|బలమ|న|సూర|య|డు|(ఆకా|ం|నిర|మలంగ|ా|ఉన్నప|ప|డు,|చాలా|అర|ద|గా)|రెండి|ంటి|ని|ఎదుర|కోవాల|సి||ఉంట|ంది.\""\""|\"""", ""44"": ""\""|కాన||భూమధ|య|రేఖక||కేవలం|కొన|ని|డిగ|ర|ల|ఉత|తరంల||అధిక|ఉష్ణం\""\""||లో|ఉంచడం|వలన|మీర||వేడి||(ఎల|లప|ప|డూ)|బలమ|న|సూర|య|డు|(ఆకా|ం|నిర|మలంగ|ా|ఉన్నప|ప|డు,|చాలా|అర|ద|గా)|రెండి|ంటి|ని|ఎద|ర|క|వాల|సి|ఉంట|ంది.\""\""|\"""", ""45"": ""\""|కాన||భూమధ|య|రేఖక||కేవలం|కొన|ని|డిగ|ర|ల|ఉత|తరంల||అధిక|ఉష్ణం\""\""||లో|ఉంచడం|వలన|మీర||వేడి|(ఎల|లప|ప|డూ)|బలమ|న|సూర|యుడు|(ఆకా|ం|నిర|మలంగ|ా|ఉన్నప|ప|డు,|చాలా|అర|ద|గా)|రెండి|ంటి|ని|ఎదుర|క|వాల|సి|ఉంట|ంది.\""\""\"""", ""46"": ""\""|కాన||భూమధ|య|రేఖక||కేవలం|కొన|ని|డిగ|ర|ల|ఉత|తరంల||అధిక|ఉష్ణం\""\""||లో|ఉంచడం|వలన|మీర||వేడి|(ఎల|లప|ప|డూ)|బలమ|న|సూర|యుడు|(ఆకా|ం|నిర|మలంగ|ా|ఉన్నప|ప|డు,|చాలా|అర|ద|గా)|రెండి|ంటి|ని|ఎదుర|క|వాల|సి||ఉంటుంది.\""\""\""""}"
te,"""కూర ద్రవ మొత్తాన్ని బట్టి """"పొడి"""" లేదా """"తడి"""" గా ఉంటుంది.""",1,1,5,5,True,"""|à°ķ|à±Ĥà°°|Ġà°¦|à±įà°°à°µ|Ġà°®|à±Ĭà°¤|à±įà°¤|à°¾à°¨|à±įà°¨|à°¿|Ġà°¬à°Ł|à±įà°Ł|à°¿|Ġ""|""|à°ª|à±Ĭà°¡|à°¿""|""|Ġà°²|à±ĩà°¦|à°¾|Ġ""|""|à°¤|à°¡|à°¿""|""|Ġà°Ĺ|à°¾|Ġà°ī|à°Ĥà°Ł|à±ģà°Ĥ|à°¦|à°¿.|""","""|కూర|ద్రవ|మొత|తాన|ని|బట్టి||""""పొడి""""||లేదా|""""తడి|""""||గా|ఉంటుంది.""","{""42"": ""\""|కూర|ద్రవ|మొత|తాన|ని|బట్టి||\""\""పొడి\""\""||లేదా|\""\""తడి|\""\""||గా|ఉంటుంది.\"""", ""43"": ""\""|కూర|ద్రవ|మొత|తాన|ని|బట్టి||\""\""|పొడి\""\""|లేదా|\""\""|తడి|\""\""||గా|ఉంట|ంది|.\"""", ""44"": ""\""|కూర|ద్రవ|మొత|తాన|ని|బట్టి||\""\""పొడి\""\""||లేదా|\""\""|తడి|\""\""||గా|ఉంట|ంది.\"""", ""45"": ""\""|కూర|ద్రవ|మొత|తాన|ని|బట్టి||\""\""|పొడి|\""\""||లేదా|\""\""తడి|\""\""||గా|ఉంట|ంది.\"""", ""46"": ""\""|కూర|ద్రవ|మొత|తాన|ని|బట్టి||\""\""|పొడి\""\""||లేదా|\""\""|తడి\""\""||గా|ఉంటుంది.\""""}"
te,"""క్లుప్తంగా చెప్పాలంటే, మీ కారుని ఉపయోగించడం అనేది రోడ్డు ట్రిప్ తీసుకోవడం కొరకు ఒక గొప్ప మార్గం, అయితే ఇది చాలా అరుదుగా """"క్యాంప్"""" కు మార్గం.""",1,1,5,5,True,"""|à°ķ|à±įà°²|à±ģà°ª|à±įà°¤|à°Ĥà°Ĺ|à°¾|Ġà°ļ|à±Ĩà°ª|à±įà°ª|à°¾à°²|à°Ĥà°Ł|à±ĩ,|Ġà°®|à±Ģ|Ġà°ķ|à°¾à°°|à±ģà°¨|à°¿|Ġà°īà°ªà°¯|à±ĭà°Ĺ|à°¿à°Ĥ|à°ļà°¡|à°Ĥ|Ġà°ħà°¨|à±ĩà°¦|à°¿|Ġà°°|à±ĭà°¡|à±įà°¡|à±ģ|Ġà°Ł|à±įà°°|à°¿à°ª|à±į|Ġà°¤|à±Ģà°¸|à±ģà°ķ|à±ĭà°µà°¡|à°Ĥ|Ġà°ķ|à±Ĭà°°à°ķ|à±ģ|Ġà°Ĵà°ķ|Ġà°Ĺ|à±Ĭà°ª|à±įà°ª|Ġà°®|à°¾à°°|à±įà°Ĺ|à°Ĥ,|Ġà°ħà°¯|à°¿à°¤|à±ĩ|Ġà°ĩà°¦|à°¿|Ġà°ļ|à°¾à°²|à°¾|Ġà°ħà°°|à±ģà°¦|à±ģà°Ĺ|à°¾|Ġ""|""|à°ķ|à±įà°¯|à°¾à°Ĥ|à°ª|à±į""|""|Ġà°ķ|à±ģ|Ġà°®|à°¾à°°|à±įà°Ĺ|à°Ĥ.|""","""|క్ల|ప్తంగా|చెప్పాలంట|,|మీ|కార|ని|ఉపయోగి|ంచడం|అన|ది|రోడ్డు|ట్రి|ప||తీసుక|వడం|కొరక||ఒక|గొప్ప|మార|గం,|అయిత||ఇది|చాలా|అర|ద|గా|""""|క్యా|ప|""""|కు|మార|గం.""","{""42"": ""\""|క్ల|ప్తంగా|చెప్పాలంట|,|మీ|కార|ని|ఉపయోగి|ంచడం|అన|ది|రోడ్డు|ట్రి|ప||తీసుక|వడం|కొరక||ఒక|గొప్ప|మార|గం,|అయిత||ఇది|చాలా|అర|ద|గా|\""\""|క్యా|ప|\""\""|కు|మార|గం.\"""", ""43"": ""\""|క|ల|ప|తంగా|చెప్పాలంట|,|మీ|కార|ని|ఉపయ|గి|ంచడం|అన|ది|రోడ|డ||ట్రి|ప||తీసుక|వడం|కొరక||ఒక|గొప|ప|మార|గం,|అయిత||ఇది|చాలా|అర|దుగా|\""\""|క్యా|ప|\""\""|కు|మార|గం.\"""", ""44"": ""\""|క్ల|ప|తంగా|చెప|పాలంట|,|మీ|కార|ని|ఉపయ|గి|ంచడం|అన|ది|రోడ|డ||ట్రిప||తీసుక|వడం|కొరక||ఒక|గొప|ప|మార|గం,|అయిత||ఇది|చాలా|అర|ద|గా|\""\""క్యా|ప|\""\""||కు|మార|గం.\"""", ""45"": ""\""|క్ల|ప|తంగ|ా|చెప|పా|ంట|,|మీ|కార|ని|ఉపయోగి|ంచడం|అన|ది|రోడ|డ||ట్రి|ప||తీసుక|వడం|కొరక||ఒక|గొప|ప|మార|గం,|అయిత||ఇది|చాలా|అర|ద|గా|\""\""|క్యాంప|\""\""||కు|మార|గం.\"""", ""46"": ""\""|క్ల|ప|తంగా|చెప|పాలంట|,|మీ|కార|ని|ఉపయోగి|ంచడం|అన|ది|రోడ|డ||ట్రిప||తీసుక|వడం|కొరక||ఒక|గొప|ప|మార|గం,|అయిత||ఇది|చాలా|అర|ద|గా|\""\""|క్యా|ప|\""\""||కు|మార|గం.\""""}"
te,"""గత వారం, అదనంగా 34 వేడెక్కిన సంఘటనల గురించి Apple తమకు తెలియజేసినట్లు METI ప్రకటించింది, దీనిని కంపెనీ """"నాన్-సీరియస్"""" గా చెప్తున్నారు.""",1,1,5,5,True,"""|à°Ĺà°¤|Ġà°µ|à°¾à°°|à°Ĥ,|Ġà°ħà°¦à°¨|à°Ĥà°Ĺ|à°¾|Ġ|34|Ġà°µ|à±ĩà°¡|à±Ĩà°ķ|à±įà°ķ|à°¿à°¨|Ġà°¸|à°Ĥà°ĺà°Łà°¨à°²|Ġà°Ĺ|à±ģà°°|à°¿à°Ĥ|à°ļ|à°¿|ĠApple|Ġà°¤à°®à°ķ|à±ģ|Ġà°¤|à±Ĩà°²|à°¿à°¯à°ľ|à±ĩà°¸|à°¿à°¨à°Ł|à±įà°²|à±ģ|ĠM|ET|I|Ġà°ª|à±įà°°à°ķà°Ł|à°¿à°Ĥ|à°ļ|à°¿à°Ĥ|à°¦|à°¿,|Ġà°¦|à±Ģà°¨|à°¿à°¨|à°¿|Ġà°ķ|à°Ĥà°ª|à±Ĩà°¨|à±Ģ|Ġ""|""|à°¨|à°¾à°¨|à±į-|à°¸|à±Ģà°°|à°¿à°¯à°¸|à±į""|""|Ġà°Ĺ|à°¾|Ġà°ļ|à±Ĩà°ª|à±įà°¤|à±ģà°¨|à±įà°¨|à°¾à°°|à±ģ.|""","""|గత|వారం,|అదనంగ|ా|34|వేడెక|కి|న|సంఘట|నల|గురించి||Apple|తమక||తెలియజ||సినట|ల||METI|ప్రకట|ి|ంచి|ంది,|దీనిని|కంప|నీ|""""|నాన|-|సీరియస్""""||గా|చెప్త|న్నార|.""","{""42"": ""\""|గత|వారం,|అదనంగ|ా|34|వేడెక|కి|న|సంఘట|నల|గురించి||Apple|తమక||తెలియజ||సినట|ల||METI|ప్రకట|ి|ంచి|ంది,|దీనిని|కంప|నీ|\""\""|నాన|-|సీరియస్\""\""||గా|చెప్త|న్నార|.\"""", ""43"": ""\""|గత|వారం,|అదనంగ|ా|34|వేడ|క్కి|న|సంఘట|నల|గురించి||Apple|తమక||తెలియజ|సినట|ల||METI|ప్రకటి|ంచి|ంది,|దీని|ని|కంప|నీ|\""\""|నాన|-|సీరియస|\""\""||గా|చెప్త|న్నార|.\"""", ""44"": ""\""|గత|వారం,|అదనంగ|ా|34|వేడెక|కి|న|సంఘట|నల|గురించి||Apple|తమక||తెలియజ|సినట్ల||METI|ప్రకటి|ంచి|ంది,|దీని|ని|కంప|నీ|\""\""|నాన|-|సీరియస్\""\""||గా|చెప్త|న్నార|.\"""", ""45"": ""\""|గత|వారం,|అదనంగ|ా|34|వేడ|క|కి|న|సంఘట|నల|గురించి||Apple|తమక||తెలియజ|సినట|ల||METI|ప్రకటి|ంచి|ంది,|దీనిని|కంప|నీ|\""\""|నాన|-|సీరియస|\""\""||గా|చెప్త|న్నార|.\"""", ""46"": ""\""|గత|వారం,|అదనంగ|ా|34|వేడ|క|కి|న|సంఘట|నల|గురించి||Apple|తమక||తెలియజ|సినట్ల||METI|ప్రకటి|ంచి|ంది|,|దీనిని|కంప|న||\""\""|నాన|-|సీరియస|\""\""||గా|చెప్త|న్నార|.\""""}"
te,"""గుర్తు భౌతికంగా దెబ్బతినలేదు; చిన్న """"ఇ"""" చదవడానికి """"ఓ"""" ను మార్చడానికి శాంతి మరియు హృదయ సంకేతాలతో అలంకరించబడిన నల్ల టార్పాలిన్‌లను ఉపయోగించి ఈ మార్పు జరిగింది.""",1,1,5,5,True,"""|à°Ĺ|à±ģà°°|à±įà°¤|à±ģ|Ġà°Ń|à±Įà°¤|à°¿à°ķ|à°Ĥà°Ĺ|à°¾|Ġà°¦|à±Ĩà°¬|à±įà°¬à°¤|à°¿à°¨à°²|à±ĩà°¦|à±ģ;|Ġà°ļ|à°¿à°¨|à±įà°¨|Ġ""|""|à°ĩ|""|""|Ġà°ļà°¦à°µà°¡|à°¾à°¨|à°¿à°ķ|à°¿|Ġ""|""|à°ĵ|""|""|Ġà°¨|à±ģ|Ġà°®|à°¾à°°|à±įà°ļà°¡|à°¾à°¨|à°¿à°ķ|à°¿|Ġà°¶|à°¾à°Ĥ|à°¤|à°¿|Ġà°®à°°|à°¿à°¯|à±ģ|Ġà°¹|à±ĥà°¦à°¯|Ġà°¸|à°Ĥà°ķ|à±ĩà°¤|à°¾à°²à°¤|à±ĭ|Ġà°ħà°²|à°Ĥà°ķà°°|à°¿à°Ĥ|à°ļà°¬à°¡|à°¿à°¨|Ġà°¨à°²|à±įà°²|Ġà°Ł|à°¾à°°|à±įà°ª|à°¾à°²|à°¿à°¨|à±į|âĢ|Į|à°²à°¨|à±ģ|Ġà°īà°ªà°¯|à±ĭà°Ĺ|à°¿à°Ĥ|à°ļ|à°¿|Ġà°Ī|Ġà°®|à°¾à°°|à±įà°ª|à±ģ|Ġà°ľà°°|à°¿à°Ĺ|à°¿à°Ĥ|à°¦|à°¿.|""","""|గుర|త||భౌతి|కంగ|ా|దెబ|బతి|నల|దు;|చిన|న|""""|ఇ""""||చదవడాని|కి|""""|ఓ""""||ను|మార|చడాని|కి|శాంతి||మరియ||హృదయ|సంక|తాలత||అలంకరి|ంచబడి|న|నల్ల|టార|పాలి|న|‌లన||ఉపయ|గి|ంచి||ఈ|మార|ప||జరిగి|ంది.""","{""42"": ""\""|గుర|త||భౌతి|కంగ|ా|దెబ|బతి|నల|దు;|చిన|న|\""\""|ఇ\""\""||చదవడాని|కి|\""\""|ఓ\""\""||ను|మార|చడాని|కి|శాంతి||మరియ||హృదయ|సంక|తాలత||అలంకరి|ంచబడి|న|నల్ల|టార|పాలి|న|‌లన||ఉపయ|గి|ంచి||ఈ|మార|ప||జరిగి|ంది.\"""", ""43"": ""\""|గుర|త||భౌతి|కంగా|దెబ|బతి|నల|ద|;|చిన|న|\""\""|ఇ\""\""||చదవడాని|కి|\""\""ఓ\""\""||ను|మార|చడాని|కి|శాంతి||మరియు|హృదయ|సంక|తాలత||అలంకరి|ంచబడి|న|నల్ల|టార|పాలి|న్‌లన||ఉపయ|గి|ంచి||ఈ|మార|పు|జరిగి|ంది|.\"""", ""44"": ""\""|గుర|త||భౌతి|కంగా|దెబ|బతి|నల|ద|;|చిన|న|\""\""|ఇ\""\""||చదవడా|ి|కి|\""\""|ఓ\""\""||ను|మార|చడాని|కి|శాంతి||మరియు|హృదయ|సంక|తాలత||అలంకరి|ంచబడి|న|నల|ల|టార|పాలి|న|‌లన||ఉపయోగి|ంచి||ఈ|మార|పు|జరిగి|ంది.\"""", ""45"": ""\""|గుర|త||భౌతి|కంగ|ా|దెబ|బతి|నల|దు;|చిన్న|\""\""|ఇ\""\""||చదవడాని|కి|\""\""|ఓ\""\""||ను|మార|చడాని|కి|శాంతి||మరియు|హృదయ|సంక|తాలత||అలంకరి|ంచబడి|న|నల|ల|టార|పాలి|న్‌లన||ఉపయ|గి|ంచి||ఈ|మార|పు|జరిగి|ంది.\"""", ""46"": ""\""|గుర|త||భౌతి|కంగా|దెబ|బతి|నల|దు;|చిన|న|\""\""ఇ\""\""||చదవడాని|కి|\""\""|ఓ\""\""||ను|మార|చడా|ి|కి|శాంతి||మరియు|హృదయ|సంక|తాలత||అలంకరి|ంచబడి|న|నల|ల|టార|పాలి|న|‌లన||ఉపయ|గి|ంచి||ఈ|మార|పు|జరిగి|ంది.\""""}"
te,"""ఛాంబర్స్, ఒక అగ్నోస్టిక్, తన వ్యాజ్యం """"""""హాస్యాస్పదంగా"""""""" మరియు """"""""ఎవరైనా ఎవరిపైన అయినా దావా వేయవచ్చు"""""""" అని వాదిస్తారు.""""""",1,1,5,5,True,"""|à°Ľ|à°¾à°Ĥ|à°¬à°°|à±įà°¸|à±į,|Ġà°Ĵà°ķ|Ġà°ħà°Ĺ|à±įà°¨|à±ĭà°¸|à±įà°Ł|à°¿à°ķ|à±į,|Ġà°¤à°¨|Ġà°µ|à±įà°¯|à°¾à°ľ|à±įà°¯|à°Ĥ|Ġ""|""|""|""|à°¹|à°¾à°¸|à±įà°¯|à°¾à°¸|à±įà°ªà°¦|à°Ĥà°Ĺ|à°¾|""|""|""|""|Ġà°®à°°|à°¿à°¯|à±ģ|Ġ""|""|""|""|à°İà°µà°°|à±Īà°¨|à°¾|Ġà°İà°µà°°|à°¿à°ª|à±Īà°¨|Ġà°ħà°¯|à°¿à°¨|à°¾|Ġà°¦|à°¾à°µ|à°¾|Ġà°µ|à±ĩà°¯à°µà°ļ|à±įà°ļ|à±ģ""|""|""|""|Ġà°ħà°¨|à°¿|Ġà°µ|à°¾à°¦|à°¿à°¸|à±įà°¤|à°¾à°°|à±ģ.|""|""|""","""|ఛాంబర|స్,|ఒక|అగ|న|స|టిక|,|తన|వ్యా||యం|""""|""|""|హాస|యాస|పదంగ|ా""""|""|""||మరియ||""""|""|""|ఎవర|నా|ఎవరిప|న|అయినా|దావా|వేయవచ|చ|""""|""|""||అని|వాది|స్తార|.""""|""","{""42"": ""\""|ఛాంబర|స్,|ఒక|అగ|న|స|టిక|,|తన|వ్యా||యం|\""\""|\""|\""|హాస|యాస|పదంగ|ా\""\""|\""|\""||మరియ||\""\""|\""|\""|ఎవర|నా|ఎవరిప|న|అయినా|దావా|వేయవచ|చ|\""\""|\""|\""||అని|వాది|స్తార|.\""\""|\"""", ""43"": ""\""|ఛాంబర|స్,|ఒక|అగ|న|స|టి|క|,|తన|వ్యా||యం|\""\""|\""|\""|హాస|యా||పదంగ|ా\""\""|\""|\""||మరియ||\""\""|\""\""|ఎవర|నా|ఎవరి|ప|న|అయినా|దావా|వేయవచ|చ|\""\""|\""|\""||అని|వాది|స్తార|.\""\""\"""", ""44"": ""\""|ఛాంబర|స|,|ఒక|అగ|న|స్టి|క|,|తన|వ్యా||యం|\""\""|\""|\""|హాస|యాస|పదంగ|ా\""\""|\""|\""||మరియ||\""\""|\""|\""|ఎవర|నా|ఎవరిప|న|అయినా|దావా|వేయవచ|చ|\""\""\""|\""||అని|వాది|స్తార|.\""\""|\"""", ""45"": ""\""|ఛాంబర|స్,|ఒక|అగ్న|స్టిక|,|తన|వ్యా||యం|\""\""|\""|\""|హాస|యా||పదంగ|ా\""\""|\""|\""||మరియ||\""\""|\""|\""|ఎవర|నా|ఎవరి|ప|న|అయినా|దావా|వేయవచ|చ|\""\""|\""|\""||అని|వాది|స్తా||.\""\""|\"""", ""46"": ""\""|ఛాంబర|స్,|ఒక|అగ|నోస|టి|క|,|తన|వ్యా||యం|\""\""|\""|\""||ాస|యా||పదంగ|ా\""\""|\""|\""||మరియ||\""\""|\""|\""|ఎవర|నా|ఎవరి|ప|న|అయినా|దావా|వేయవచ|చ|\""\""|\""|\""||అని|వాది|స్తార|.\""|\""|\""""}"
te,"""జర్మనీ ఈ దాడికి """"ఆపరేషన్ సీలయోన్"""" అని పేరు పెట్టింది. డంకిర్క్ నుంచి ఖాళీ చేసినప్పుడు బ్రిటిష్ సైన్యం యొక్క భారీ ఆయుధాలు సరఫరాలు చాలా వరకు పోయాయి, అందువలన సైన్యం చాలా బలహీనంగా ఉంది.""",1,1,5,5,True,"""|à°ľà°°|à±įà°®à°¨|à±Ģ|Ġà°Ī|Ġà°¦|à°¾à°¡|à°¿à°ķ|à°¿|Ġ""|""|à°Ĩ|à°ªà°°|à±ĩà°·à°¨|à±į|Ġà°¸|à±Ģà°²|à°¯|à±ĭà°¨|à±į""|""|Ġà°ħà°¨|à°¿|Ġà°ª|à±ĩà°°|à±ģ|Ġà°ª|à±Ĩà°Ł|à±įà°Ł|à°¿à°Ĥ|à°¦|à°¿.|Ġà°¡|à°Ĥà°ķ|à°¿à°°|à±įà°ķ|à±į|Ġà°¨|à±ģà°Ĥ|à°ļ|à°¿|Ġà°ĸ|à°¾à°³|à±Ģ|Ġà°ļ|à±ĩà°¸|à°¿à°¨à°ª|à±įà°ª|à±ģà°¡|à±ģ|Ġà°¬|à±įà°°|à°¿à°Ł|à°¿à°·|à±į|Ġà°¸|à±Īà°¨|à±įà°¯|à°Ĥ|Ġà°¯|à±Ĭà°ķ|à±įà°ķ|Ġà°Ń|à°¾à°°|à±Ģ|Ġà°Ĩà°¯|à±ģà°§|à°¾à°²|à±ģ|Ġà°¸à°°à°«à°°|à°¾à°²|à±ģ|Ġà°ļ|à°¾à°²|à°¾|Ġà°µà°°à°ķ|à±ģ|Ġà°ª|à±ĭà°¯|à°¾à°¯|à°¿,|Ġà°ħ|à°Ĥà°¦|à±ģà°µà°²à°¨|Ġà°¸|à±Īà°¨|à±įà°¯|à°Ĥ|Ġà°ļ|à°¾à°²|à°¾|Ġà°¬à°²à°¹|à±Ģà°¨|à°Ĥà°Ĺ|à°¾|Ġà°ī|à°Ĥà°¦|à°¿.|""","""|జర్మన||ఈ దాడి|కి|""""ఆపర|షన||సీలయ|న|""""||అని|పేర||పెట్టి|ంది.|డంకిర|క్|నుంచి|ఖాళ||చేసినప|ప|డు|బ్రిటిష||సైన్యం|యొక|క|భార||ఆయుధాల||సరఫరా|||చాలా|వరక||పోయాయి|,|అంద|వలన|సైన|యం|చాలా|బలహ|నంగ|ా|ఉంది.""","{""42"": ""\""|జర్మన||ఈ దాడి|కి|\""\""ఆపర|షన||సీలయ|న|\""\""||అని|పేర||పెట్టి|ంది.|డంకిర|క్|నుంచి|ఖాళ||చేసినప|ప|డు|బ్రిటిష||సైన్యం|యొక|క|భార||ఆయుధాల||సరఫరా|||చాలా|వరక||పోయాయి|,|అంద|వలన|సైన|యం|చాలా|బలహ|నంగ|ా|ఉంది.\"""", ""43"": ""\""|జర|మన||ఈ దాడి|కి|\""\""|ఆపర|షన||సీలయ|న|\""\""||అని|పేర||పెట్టి|ంది.|డంకిర|క||నుంచి|ఖాళ||చేసినప|ప|డు|బ్రిటి|ష||సైన|యం|యొక|క|భార||ఆయుధాల||సరఫరాల||చాలా|వరక||పోయాయి|,|అంద|వలన|సైన|యం|చాలా|బలహ|నంగ|ా|ఉంది.\"""", ""44"": ""\""|జర|మన||ఈ|దాడి|కి|\""\""|ఆపర|షన||సీలయ|న|\""\""||అని|పేర||పెట్టి|ంది|.|డంకి|ర|క్|నుంచి||ఖాళీ|చేసినప|ప|డు|బ్రిటి|ష||సైన|యం|యొక|క|భార||ఆయుధాల||సరఫరాల||చాలా|వరక||పోయాయి|,|అంద|వలన|సైన|యం|చాలా|బలహ|నంగ|ా|ఉంది.\"""", ""45"": ""\""|జర్మన||ఈ|దాడి|కి|\""\""|ఆపర|షన||సీలయ|న్\""\""|అని|పేర||పెట్టి|ంది.|డంకి|ర|క||నుంచి||ఖాళీ|చేసి|నప|ప|డు|బ్రిటి|ష||సైన్యం|యొక|క|భార||ఆయుధాల||సరఫరా|||చాలా|వరక||పోయాయి|,|అంద|వలన|సైన్యం|చాలా|బలహ|నంగ|ా|ఉంది.\"""", ""46"": ""\""|జర|మన||ఈ దాడి|కి|\""\""|ఆపర|షన||సీలయ|న|\""\""||అని|పేర||పెట్టి|ంది.|డంకిర|క్|నుంచి||ఖాళ||చేసినప|ప|డు|బ్రిటి|ష||సైన|యం|యొక|క|భార||ఆయుధాల||సరఫరాల||చాలా|వరక||పోయాయి|,|అంద|వలన|సైన|యం|చాలా|బలహ|నంగ|ా|ఉంది.\""""}"
te,"""టామీ డ్రీమర్ మాట్లాడుతూ """"లూనా ఎక్స్‌ట్రీమ్ యొక్క మొదటి రాణి.అని చెప్పింది. నా మొదటి మేనేజరు. రెండు చంద్రుల రాత్రి లూనా కన్నుమూశారు. ఆమె లాగే చాలా ప్రత్యేకంగా అపురూపమైనది. బలమైన స్త్రీ.""""""",1,1,5,5,True,"""|à°Ł|à°¾à°®|à±Ģ|Ġà°¡|à±įà°°|à±Ģà°®|à°°|à±į|Ġà°®|à°¾à°Ł|à±įà°²|à°¾à°¡|à±ģà°¤|à±Ĥ|Ġ""|""|à°²|à±Ĥà°¨|à°¾|Ġà°İà°ķ|à±įà°¸|à±į|âĢ|Į|à°Ł|à±įà°°|à±Ģà°®|à±į|Ġà°¯|à±Ĭà°ķ|à±įà°ķ|Ġà°®|à±Ĭà°¦à°Ł|à°¿|Ġà°°|à°¾à°£|à°¿.|à°ħà°¨|à°¿|Ġà°ļ|à±Ĩà°ª|à±įà°ª|à°¿à°Ĥ|à°¦|à°¿.|Ġà°¨|à°¾|Ġà°®|à±Ĭà°¦à°Ł|à°¿|Ġà°®|à±ĩà°¨|à±ĩà°ľà°°|à±ģ.|Ġà°°|à±Ĩà°Ĥ|à°¡|à±ģ|Ġà°ļ|à°Ĥà°¦|à±įà°°|à±ģà°²|Ġà°°|à°¾à°¤|à±įà°°|à°¿|Ġà°²|à±Ĥà°¨|à°¾|Ġà°ķà°¨|à±įà°¨|à±ģà°®|à±Ĥà°¶|à°¾à°°|à±ģ.|Ġà°Ĩà°®|à±Ĩ|Ġà°²|à°¾à°Ĺ|à±ĩ|Ġà°ļ|à°¾à°²|à°¾|Ġà°ª|à±įà°°à°¤|à±įà°¯|à±ĩà°ķ|à°Ĥà°Ĺ|à°¾|Ġà°ħà°ª|à±ģà°°|à±Ĥà°ªà°®|à±Īà°¨à°¦|à°¿.|Ġà°¬à°²à°®|à±Īà°¨|Ġà°¸|à±įà°¤|à±įà°°|à±Ģ|.""|""|""","""|టామ||డ్ర|మర||మాట్లాడ|త||""""లూనా|ఎక్స|‌ట్ర|మ్|యొక్క|మొదటి||రాణి|.|ని|చెప్పి|ంది.|నా|మొదటి||మేన|జర|.|రెండ||చంద|ర|ల|రాత|రి|లూనా|కన|న|మ|శా||.|ఆమె|లాగే|చాలా|ప్రత|య|కంగా|అపుర|పమ|నది.|బలమ|న|స్త|ర|.""""|""","{""42"": ""\""|టామ||డ్ర|మర||మాట్లాడ|త||\""\""లూనా|ఎక్స|‌ట్ర|మ్|యొక్క|మొదటి||రాణి|.|ని|చెప్పి|ంది.|నా|మొదటి||మేన|జర|.|రెండ||చంద|ర|ల|రాత|రి|లూనా|కన|న|మ|శా||.|ఆమె|లాగే|చాలా|ప్రత|య|కంగా|అపుర|పమ|నది.|బలమ|న|స్త|ర|.\""\""|\"""", ""43"": ""\""|టామ||డ్ర|మర||మాట్లాడ|త||\""\""|లూనా|ఎక్స్‌ట్ర|మ్|యొక్క|మొదటి||రాణి|.|ని|చెప్పి|ంది.|నా|మొదటి||మేన|జర|.|రెండ||చంద|ర|ల|రాత|రి|లూనా|కన|న|మ|శార|.|ఆమ||లాగ||చాలా|ప్రత|యేకంగా|అపుర|పమ|నది|.|బలమ|న|స్త|ర|.\""|\""|\"""", ""44"": ""\""|టామ||డ్ర|మర||మాట్లాడ|త||\""\""|లూనా|ఎక|స|‌ట్ర|మ్|యొక్క|మొదటి||రాణి|.|ని|చెప్పి|ంది.|నా|మొదటి||మేన|జర|.|రెండ||చంద|ర|ల|రాత|రి|లూనా|కన|న|మ|శార|.|ఆమె|లాగ||చాలా|ప్రత|య|కంగ|ా|అపుర|పమ|నది.|బలమ|న|స్త|ర|.\""\""|\"""", ""45"": ""\""|టామ||డ్ర|మర||మాట్లాడ|త||\""\""|లూనా|ఎక్స్‌ట|ర|మ్|యొక్క|మొదటి||రాణి|.|ని|చెప్పి|ంది.|నా|మొదటి||మేన|జర|.|రెండ||చంద|ర|ల|రాత|రి|లూనా|కన్న|మ|శార|.|ఆమ||లాగ||చాలా|ప్రత|య|కంగ|ా|అపుర|పమ|నది|.|బలమ|న|స్త|ర|.\""\""|\"""", ""46"": ""\""|టామ||డ్ర|మర||మాట|లాడ|త||\""\""|లూనా|ఎక్స్‌ట్ర|మ||యొక్క|మొదటి||రాణి|.|ని|చెప్పి|ంది.|నా|మొదటి||మేన|జర|.|రెండ||చంద|ర|ల|రాత|రి|లూనా|కన|న|మూశార|.|ఆమె|లాగ||చాలా|ప్రత|య|కంగా|అపుర|పమ|నది|.|బలమ|న|స్త|ర|.\""\""|\""""}"
te,"""డస్టిన్ """"గోల్డస్ట్"""" రన్నెల్స్ """"లూనా నా లాగే విచిత్రమైనది.... ఇంకా ఎక్కువగా....ఆమెను ప్రేమిస్తున్నా మరియు ఆమెను కోల్పోతున్నా... ఆశాజనకంగా, ఆమె ఒక మంచి చోట ఉండే ఉంటుంది"""" అని వ్యాఖ్యానించారు.""",1,1,5,5,True,"""|à°¡|à°¸|à±įà°Ł|à°¿à°¨|à±į|Ġ""|""|à°Ĺ|à±ĭà°²|à±įà°¡|à°¸|à±įà°Ł|à±į""|""|Ġà°°à°¨|à±įà°¨|à±Ĩà°²|à±įà°¸|à±į|Ġ""|""|à°²|à±Ĥà°¨|à°¾|Ġà°¨|à°¾|Ġà°²|à°¾à°Ĺ|à±ĩ|Ġà°µ|à°¿à°ļ|à°¿à°¤|à±įà°°à°®|à±Īà°¨à°¦|à°¿.|...|Ġà°ĩ|à°Ĥà°ķ|à°¾|Ġà°İà°ķ|à±įà°ķ|à±ģà°µà°Ĺ|à°¾..|..|à°Ĩà°®|à±Ĩà°¨|à±ģ|Ġà°ª|à±įà°°|à±ĩà°®|à°¿à°¸|à±įà°¤|à±ģà°¨|à±įà°¨|à°¾|Ġà°®à°°|à°¿à°¯|à±ģ|Ġà°Ĩà°®|à±Ĩà°¨|à±ģ|Ġà°ķ|à±ĭà°²|à±įà°ª|à±ĭà°¤|à±ģà°¨|à±įà°¨|à°¾...|Ġà°Ĩà°¶|à°¾à°ľà°¨|à°ķ|à°Ĥà°Ĺ|à°¾,|Ġà°Ĩà°®|à±Ĩ|Ġà°Ĵà°ķ|Ġà°®|à°Ĥà°ļ|à°¿|Ġà°ļ|à±ĭà°Ł|Ġà°ī|à°Ĥà°¡|à±ĩ|Ġà°ī|à°Ĥà°Ł|à±ģà°Ĥ|à°¦|à°¿""|""|Ġà°ħà°¨|à°¿|Ġà°µ|à±įà°¯|à°¾à°ĸ|à±įà°¯|à°¾à°¨|à°¿à°Ĥ|à°ļ|à°¾à°°|à±ģ.|""","""|డస్టిన||""""|గోల|డస్ట|""""||రన్నెల|స్|""""లూనా|నా|లాగ||విచి|త|రమ|నది|....|ఇంకా|ఎక్క|వగా....|మ|న||ప్ర|మిస్త|న్నా|మరియు|ఆమెన||కోల|ప|త|న్నా...|ఆశాజనకంగా,|ఆమె|ఒక|మంచి||చోట|ఉండ||ఉంట|ంది""""||అని|వ్యా||యా|ి|ంచార|.""","{""42"": ""\""|డస్టిన||\""\""|గోల|డస్ట|\""\""||రన్నెల|స్|\""\""లూనా|నా|లాగ||విచి|త|రమ|నది|....|ఇంకా|ఎక్క|వగా....|మ|న||ప్ర|మిస్త|న్నా|మరియు|ఆమెన||కోల|ప|త|న్నా...|ఆశాజనకంగా,|ఆమె|ఒక|మంచి||చోట|ఉండ||ఉంట|ంది\""\""||అని|వ్యా||యా|ి|ంచార|.\"""", ""43"": ""\""|డస్టిన||\""\""|గోల|డస|ట్\""\""||రన్న|ల|స్|\""\""లూనా|నా|లాగ||విచి|త|రమ|నది|....|ఇంకా|ఎక్క|వగా....|మెన||ప్ర|మిస్త|న్నా|మరియ||ఆమెను|కోల|పోత|న్నా...|ఆశాజనకంగ|ా,|ఆమె|ఒక|మంచి||చోట|ఉండ||ఉంట|ంది\""\""||అని|వ్యా||యా|ి|ంచార|.\"""", ""44"": ""\""|డస్టి|న||\""\""|గోల|డస|ట|\""\""||రన్న|ల|స్|\""\""|లూనా|నా|లాగ||విచి|త|రమ|నది|....|ఇంకా|ఎక్క|వగా....|మ|ను|ప్ర|మిస్త|న్నా|మరియు|ఆమెన||కోల|పోత|న్నా...|ఆశాజనకంగ|ా,|ఆమ||ఒక|మంచి||చోట|ఉండ||ఉంట|ంది\""\""||అని|వ్యా||యా|ి|ంచార|.\"""", ""45"": ""\""|డస్టిన||\""\""|గోల|డస్ట్\""\""||రన్నెల్స్|\""\""|లూనా|నా|లాగ||విచి|త|రమ|నది|....|ఇంకా|ఎక్క|వగ|ా....|మెను|ప్ర|మిస్త|న్నా|మరియు|ఆమెను|కోల|పోత|న్నా...|ఆశాజనకంగ|ా,|ఆమె|ఒక|మంచి||చోట|ఉండ||ఉంట|ంది\""\""||అని|వ్యా||యా|ి|ంచార|.\"""", ""46"": ""\""|డస్టిన||\""\""|గోల|డస|ట|\""\""||రన్న|ల|స్|\""\""|లూనా|నా|లాగ||విచి|త|రమ|నది....|ఇంకా|ఎక్క|వగా....|మ|న||ప్ర|మిస్త|న్నా|మరియు|ఆమెన||కోల|పోత|న్నా...|ఆశాజనకంగ|ా,|ఆమె|ఒక|మంచి||చోట|ఉండ||ఉంట|ంది\""\""||అని|వ్యా||యా|ి|ంచార|.\""""}"
te,"""డిప్యూటీ ఇన్స్‌పెక్టర్ జనరల్ D K ఆర్య మాట్లాడుతూ, """"స్విస్ మహిళపై అత్యాచారం చేసిన ఐదుగురు వ్యక్తులను మేము అరెస్టు చేసాము ఇంకా ఆమె మొబైల్, ల్యాప్‌టాప్‌ను స్వాధీనం చేసుకున్నాము"""" అని చెప్పారు.""",1,1,5,5,True,"""|à°¡|à°¿à°ª|à±įà°¯|à±Ĥà°Ł|à±Ģ|Ġà°ĩà°¨|à±įà°¸|à±į|âĢ|Į|à°ª|à±Ĩà°ķ|à±įà°Łà°°|à±į|Ġà°ľà°¨à°°à°²|à±į|ĠD|ĠK|Ġà°Ĩà°°|à±įà°¯|Ġà°®|à°¾à°Ł|à±įà°²|à°¾à°¡|à±ģà°¤|à±Ĥ,|Ġ""|""|à°¸|à±įà°µ|à°¿à°¸|à±į|Ġà°®à°¹|à°¿à°³|à°ª|à±Ī|Ġà°ħà°¤|à±įà°¯|à°¾à°ļ|à°¾à°°|à°Ĥ|Ġà°ļ|à±ĩà°¸|à°¿à°¨|Ġà°Ĳà°¦|à±ģà°Ĺ|à±ģà°°|à±ģ|Ġà°µ|à±įà°¯à°ķ|à±įà°¤|à±ģà°²à°¨|à±ģ|Ġà°®|à±ĩà°®|à±ģ|Ġà°ħà°°|à±Ĩà°¸|à±įà°Ł|à±ģ|Ġà°ļ|à±ĩà°¸|à°¾à°®|à±ģ|Ġà°ĩ|à°Ĥà°ķ|à°¾|Ġà°Ĩà°®|à±Ĩ|Ġà°®|à±Ĭà°¬|à±Īà°²|à±į,|Ġà°²|à±įà°¯|à°¾à°ª|à±į|âĢ|Į|à°Ł|à°¾à°ª|à±į|âĢ|Į|à°¨|à±ģ|Ġà°¸|à±įà°µ|à°¾à°§|à±Ģà°¨|à°Ĥ|Ġà°ļ|à±ĩà°¸|à±ģà°ķ|à±ģà°¨|à±įà°¨|à°¾à°®|à±ģ""|""|Ġà°ħà°¨|à°¿|Ġà°ļ|à±Ĩà°ª|à±įà°ª|à°¾à°°|à±ģ.|""","""|డిప|య|ట||ఇన్స|‌ప|క|టర||జనరల||D|K ఆర|య|మాట్లాడ|త|,|""|""|స్వి|స్|మహిళప||అత|యాచారం|చేసి|న|ఐదుగ|ర||వ్యక|త|లన||మేమ||అర|స్ట||చేసామ||ఇంకా|ఆమె|మొబైల|,|ల్యాప|‌టాప|‌ను|స్వా||నం|చేసుక|న్నామ|""""|అని|చెప్పార|.""","{""42"": ""\""|డిప|య|ట||ఇన్స|‌ప|క|టర||జనరల||D|K ఆర|య|మాట్లాడ|త|,|\""|\""|స్వి|స్|మహిళప||అత|యాచారం|చేసి|న|ఐదుగ|ర||వ్యక|త|లన||మేమ||అర|స్ట||చేసామ||ఇంకా|ఆమె|మొబైల|,|ల్యాప|‌టాప|‌ను|స్వా||నం|చేసుక|న్నామ|\""\""|అని|చెప్పార|.\"""", ""43"": ""\""|డిప|య|ట||ఇన్స|‌ప|క|టర||జనరల||D|K ఆర|య|మాట్లాడ|త|,|\""\""|స్విస్|మహిళప||అత|యాచారం|చేసిన|ఐదుగుర||వ్యక|త|లన||మేము|అరెస్ట||చేసామ||ఇంకా|ఆమె|మొబైల|,|ల్యాప|‌టాప|‌ను|స్వా||నం|చేసుక|న్నామ|\""\""||అని|చెప|పార|.\"""", ""44"": ""\""|డిప|య|ట||ఇన్స్‌ప|క|టర||జనరల||D|K ఆర|య|మాట్లాడ|త|,|\""\""|స్వి|స్|మహిళప||అత|యా|ా|ం|చేసిన|ఐదుగుర||వ్యక|త|లన||మేమ||అర|స్ట||చేసామ||ఇంకా|ఆమ||మొబైల|,|ల్యాప|‌టాప|‌ను|స్వా||నం|చేసుక|న్నామ|\""\""|అని|చెప|పార|.\"""", ""45"": ""\""|డిప|య|ట||ఇన్స|‌ప|క|టర||జనరల||D|K ఆర|య|మాట్లాడ|త|,|\""\""|స్విస్|మహిళప||అత|యాచా|ం|చేసిన|ఐదుగుర||వ్యక|త|లన||మేమ||అర|స్టు|చేసామ||ఇంకా|ఆమె|మొబైల|,|ల్యాప|‌టాప|‌ను|స్వా||నం|చేసుక|న్నామ|\""\""||అని|చెప్పార|.\"""", ""46"": ""\""|డిప|య|ట||ఇన్స్‌||క|టర||జనరల||D|K ఆర|య|మాట్లాడ|త|,|\""\""|స్విస్|మహిళప||అత|యాచా|ం|చేసిన|ఐదుగ|ర||వ్యక|త|లన||మేము|అర|స్టు|చేసామ||ఇంకా|ఆమె|మొబైల|,|ల్యాప|‌టాప|‌ను|స్వా||నం|చేసుక|న్నామ|\""\""||అని|చెప్పార|.\""""}"
te,"""తండ్రి ఏమి చెప్పారు అని అడిగినప్పుడు, ఆమె """"అతను ఒక విషయం చెప్పలేదు - అతను కనురెప్పలు కొడుతూ అక్కడ నిలబడ్డాడు.""""""",1,1,5,5,True,"""|à°¤|à°Ĥà°¡|à±įà°°|à°¿|Ġà°ıà°®|à°¿|Ġà°ļ|à±Ĩà°ª|à±įà°ª|à°¾à°°|à±ģ|Ġà°ħà°¨|à°¿|Ġà°ħà°¡|à°¿à°Ĺ|à°¿à°¨à°ª|à±įà°ª|à±ģà°¡|à±ģ,|Ġà°Ĩà°®|à±Ĩ|Ġ""|""|à°ħà°¤à°¨|à±ģ|Ġà°Ĵà°ķ|Ġà°µ|à°¿à°·à°¯|à°Ĥ|Ġà°ļ|à±Ĩà°ª|à±įà°ªà°²|à±ĩà°¦|à±ģ|Ġ-|Ġà°ħà°¤à°¨|à±ģ|Ġà°ķà°¨|à±ģà°°|à±Ĩà°ª|à±įà°ªà°²|à±ģ|Ġà°ķ|à±Ĭà°¡|à±ģà°¤|à±Ĥ|Ġà°ħà°ķ|à±įà°ķà°¡|Ġà°¨|à°¿à°²à°¬à°¡|à±įà°¡|à°¾à°¡|à±ģ.|""|""|""","""|తండ|రి|ఏమి|చెప్పా|||అని|అడిగి|నప|ప|డు,|ఆమె|""""|అతన||ఒక|విషయం|చెప్పల|ద||-|అతన||కనుర|ప|పల||కొడుత||అక|కడ|నిలబడ|డాడ|.""""|""","{""42"": ""\""|తండ|రి|ఏమి|చెప్పా|||అని|అడిగి|నప|ప|డు,|ఆమె|\""\""|అతన||ఒక|విషయం|చెప్పల|ద||-|అతన||కనుర|ప|పల||కొడుత||అక|కడ|నిలబడ|డాడ|.\""\""|\"""", ""43"": ""\""|తండ|రి|ఏమి|చెప్పార||అని|అడిగి|నప|ప|డు,|ఆమె|\""\""|అతన||ఒక|విషయం|చెప్పల|దు|-|అతన||కనుర|ప్పల||కొడుత||అక్కడ|నిలబడ|డాడ|.\""|\""|\"""", ""44"": ""\""|తండ|రి|ఏమి|చెప|పార||అని|అడిగి|నప|ప|డు,|ఆమె|\""\""|అతన||ఒక|విషయం|చెప్పల|ద||-|అతన||కన|ర|ప్పల||కొడుత||అక|కడ|నిలబడ|డాడ|.\""\""|\"""", ""45"": ""\""|తండ|రి|ఏమి||చెప|పా|||అని|అడిగి|నప|ప|డు,|ఆమె|\""\""|అతన||ఒక|విషయం|చెప్పల|ద||-|అతన||కనుర|ప|పల||కొడుత||అక|కడ|నిలబడ|డాడ|.\""|\""|\"""", ""46"": ""\""|తండ|రి|ఏమి|చెప్పార||అని|అడిగి|నప|ప|డు,|ఆమె|\""\""|అతన||ఒక|విషయం|చెప్పల|దు|-|అతను|కనుర|ప్పల||కొడుత||అక్కడ|నిలబడ|డాడ|.\""\""|\""""}"
te,"""దీనిని చాలా పలుచగా తయారు చేయవచ్చు మరియు ఇతర లోహానికి అతుక్కుంటుంది . దీనిని ఎంత పలుచగా తయారు చేయవచ్చంటే, కొన్నిసార్లు చేతితో గీసిన చిత్రాలను """"ప్రకాశమాన మైన వ్రాతప్రతులు"""" అని పిలిచే పుస్తకాలలో అలంకరించడానికి ఉపయోగించేవారు.""",1,1,5,5,True,"""|à°¦|à±Ģà°¨|à°¿à°¨|à°¿|Ġà°ļ|à°¾à°²|à°¾|Ġà°ªà°²|à±ģà°ļ|à°Ĺ|à°¾|Ġà°¤à°¯|à°¾à°°|à±ģ|Ġà°ļ|à±ĩà°¯à°µà°ļ|à±įà°ļ|à±ģ|Ġà°®à°°|à°¿à°¯|à±ģ|Ġà°ĩà°¤à°°|Ġà°²|à±ĭà°¹|à°¾à°¨|à°¿à°ķ|à°¿|Ġà°ħà°¤|à±ģà°ķ|à±įà°ķ|à±ģà°Ĥ|à°Ł|à±ģà°Ĥ|à°¦|à°¿|Ġ.|Ġà°¦|à±Ģà°¨|à°¿à°¨|à°¿|Ġà°İ|à°Ĥà°¤|Ġà°ªà°²|à±ģà°ļ|à°Ĺ|à°¾|Ġà°¤à°¯|à°¾à°°|à±ģ|Ġà°ļ|à±ĩà°¯à°µà°ļ|à±įà°ļ|à°Ĥà°Ł|à±ĩ,|Ġà°ķ|à±Ĭà°¨|à±įà°¨|à°¿à°¸|à°¾à°°|à±įà°²|à±ģ|Ġà°ļ|à±ĩà°¤|à°¿à°¤|à±ĭ|Ġà°Ĺ|à±Ģà°¸|à°¿à°¨|Ġà°ļ|à°¿à°¤|à±įà°°|à°¾à°²à°¨|à±ģ|Ġ""|""|à°ª|à±įà°°à°ķ|à°¾à°¶à°®|à°¾à°¨|Ġà°®|à±Īà°¨|Ġà°µ|à±įà°°|à°¾à°¤|à°ª|à±įà°°à°¤|à±ģà°²|à±ģ""|""|Ġà°ħà°¨|à°¿|Ġà°ª|à°¿à°²|à°¿à°ļ|à±ĩ|Ġà°ª|à±ģà°¸|à±įà°¤à°ķ|à°¾à°²à°²|à±ĭ|Ġà°ħà°²|à°Ĥà°ķà°°|à°¿à°Ĥ|à°ļà°¡|à°¾à°¨|à°¿à°ķ|à°¿|Ġà°īà°ªà°¯|à±ĭà°Ĺ|à°¿à°Ĥ|à°ļ|à±ĩà°µ|à°¾à°°|à±ģ.|""","""|దీనిని|చాలా|పల|చగా|తయార||చేయవచ|చ||మరియ||ఇతర|లోహాని|కి|అత|క|క|ంట|ంది|.|దీని|ని|ఎంత|పల|చగా|తయార||చేయవచ|చంట|,|కొన|నిసా||లు|చేతిత||గీసిన|చిత|రాలన||""""|ప్రకా|మా||మైన|వ్రా|ప|రత|లు""""||అని|పిలిచ||పుస్తకా|ల||అలంకరి|ంచడా|ి|కి|ఉపయ|గి|ంచ|వార|.""","{""42"": ""\""|దీనిని|చాలా|పల|చగా|తయార||చేయవచ|చ||మరియ||ఇతర|లోహాని|కి|అత|క|క|ంట|ంది|.|దీని|ని|ఎంత|పల|చగా|తయార||చేయవచ|చంట|,|కొన|నిసా||లు|చేతిత||గీసిన|చిత|రాలన||\""\""|ప్రకా|మా||మైన|వ్రా|ప|రత|లు\""\""||అని|పిలిచ||పుస్తకా|ల||అలంకరి|ంచడా|ి|కి|ఉపయ|గి|ంచ|వార|.\"""", ""43"": ""\""|దీని|ని|చాలా|పల|చగా|తయార||చేయవచ|చ||మరియు|ఇతర|లోహాని|కి|అత|క్క|ంట|ంది|.|దీని|ని|ఎంత|పల|చగా|తయార||చేయవచ|చంట|,|కొన|నిసార|లు|చేతిత||గీసిన|చిత|రాలన||\""\""ప్రకా|మా||మైన|వ్రా|ప|రత|లు\""\""||అని|పిలిచ||పుస్తకా|ల||అలంకరి|ంచడాని|కి|ఉపయోగి|ంచ|వార|.\"""", ""44"": ""\""|దీనిని|చాలా|పల|చగా|తయార||చేయవచ|చ||మరియు|ఇతర|లోహాని|కి|అత|క|క|ంట|ంది|.|దీని|ని|ఎంత|పల|చగా|తయార||చేయవచ|చంటే,|కొన్నిసార|ల||చేతిత||గీసిన|చిత|రాలన||\""\""|ప్రకా|మా||మైన|వ్రా|ప|రత|లు\""\""||అని|పిలిచ||పుస్తకా|ల||అలంకరి|ంచడాని|కి|ఉపయ|గి|ంచ|వార|.\"""", ""45"": ""\""|దీనిని|చాలా|పలుచగా|తయార||చేయవచ|చ||మరియు|ఇతర|లోహాని|కి|అత|క|క|ంట|ంది|.|దీనిని|ఎంత|పలుచగా|తయార||చేయవచ|చంట|,|కొన|నిసా||లు|చేతిత||గీసిన|చిత|రాలన||\""\""|ప్రకా|మా||మైన|వ్రా|ప|రత|లు\""\""||అని|పిలిచ||పుస్తకా|ల||అలంకరి|ంచడాని|కి|ఉపయ|గి|ంచ|వార|.\"""", ""46"": ""\""|దీనిని|చాలా|పల|చగా|తయార||చేయవచ|చ||మరియ||ఇతర|లోహాని|కి|అత|క|క|ంట|ంది|.|దీనిని|ఎంత|పల|చగా|తయార||చేయవచ|చంట|,|కొన|ని|సా||లు|చేతిత||గీసిన|చిత|రాలన||\""\""|ప్రకా|మా||మైన|వ్రా|ప|రత|లు\""\""||అని|పిలిచ||పుస్తకా|ల||అలంకరి|ంచడా|ి|కి|ఉపయ|గి|ంచ|వార|.\""""}"
te,"""నడక సఫారి (దీనిని """"బుష్ వాక్"""", """"హైకింగ్ సఫారి"""" లేదా """"ఫూటింగ్"""" అని కూడా పిలుస్తారు) కొన్ని గంటలు లేదా చాలా రోజులు నడక కలిగి ఉంటుంది. """,1,1,5,5,True,"""|à°¨|à°¡à°ķ|Ġà°¸|à°«|à°¾à°°|à°¿|Ġ(|à°¦|à±Ģà°¨|à°¿à°¨|à°¿|Ġ""|""|à°¬|à±ģà°·|à±į|Ġà°µ|à°¾à°ķ|à±į""|"",|Ġ""|""|à°¹|à±Īà°ķ|à°¿à°Ĥ|à°Ĺ|à±į|Ġà°¸|à°«|à°¾à°°|à°¿""|""|Ġà°²|à±ĩà°¦|à°¾|Ġ""|""|à°«|à±Ĥà°Ł|à°¿à°Ĥ|à°Ĺ|à±į""|""|Ġà°ħà°¨|à°¿|Ġà°ķ|à±Ĥà°¡|à°¾|Ġà°ª|à°¿à°²|à±ģà°¸|à±įà°¤|à°¾à°°|à±ģ)|Ġà°ķ|à±Ĭà°¨|à±įà°¨|à°¿|Ġà°Ĺ|à°Ĥà°Łà°²|à±ģ|Ġà°²|à±ĩà°¦|à°¾|Ġà°ļ|à°¾à°²|à°¾|Ġà°°|à±ĭà°ľ|à±ģà°²|à±ģ|Ġà°¨à°¡|à°ķ|Ġà°ķà°²|à°¿à°Ĺ|à°¿|Ġà°ī|à°Ĥà°Ł|à±ģà°Ĥ|à°¦|à°¿.|Ġ""","""|నడక|సఫారి||(దీనిని|""""|బుష||వాక|""""|,|""""|హైకింగ||సఫారి|""""||లేదా|""""|ఫూటింగ|""""||అని|కూడా|పిల|స్తా||)|కొన|ని|గంటల||లేదా|చాలా|రోజ|లు|నడక|కలిగి||ఉంట|ంది.|""","{""42"": ""\""|నడక|సఫారి||(దీనిని|\""\""|బుష||వాక|\""\""|,|\""\""|హైకింగ||సఫారి|\""\""||లేదా|\""\""|ఫూటింగ|\""\""||అని|కూడా|పిల|స్తా||)|కొన|ని|గంటల||లేదా|చాలా|రోజ|లు|నడక|కలిగి||ఉంట|ంది.|\"""", ""43"": ""\""|నడక|సఫారి||(దీని|ని|\""\""|బుష||వాక|\""|\""|,|\""\""|హైకింగ||సఫారి|\""\""||లేదా|\""\""|ఫూటింగ|\""\""||అని|కూడా|పిల|స్తా||)|కొన్ని|గంటల||లేదా|చాలా|రోజులు|నడక|కలిగి||ఉంట|ంది.|\"""", ""44"": ""\""|నడక|సఫారి||(దీని|ని|\""\""|బుష||వాక|\""\""|,|\""\""|హైకింగ||సఫారి|\""\""||లేదా|\""\""|ఫూటి|ంగ|\""|\""||అని|కూడా|పిలుస్తా||)|కొన్ని|గంటల||లేదా|చాలా|రోజుల||నడక|కలిగి||ఉంట|ంది.|\"""", ""45"": ""\""|నడక|సఫారి||(దీని|ని|\""\""|బుష||వాక|\""\""|,|\""\""|హైకింగ||సఫారి|\""\""|లేదా|\""\""|ఫూటింగ|\""\""||అని|కూడా|పిల|స్తా||)|కొన|ని|గంటల||లేదా|చాలా|రోజులు|నడక|కలిగి||ఉంటుంది.|\"""", ""46"": ""\""|నడక|సఫారి||(దీని|ని|\""\""|బుష||వాక|\""\""|,|\""\""|హైకింగ||సఫా|ి|\""\""||లేదా|\""\""|ఫూటింగ|\""\""||అని|కూడా|పిల|స్తా||)|కొన|ని|గంటల||లేదా|చాలా|రోజులు|నడక|కలిగి||ఉంట|ంది.|\""""}"
te,"""నాసా షటిల్ ప్రోగ్రామ్ చీఫ్ ఎన్. వేన్ హేల్ జూనియర్, మేము ఆందోళనగా ఉన్న సమయం తర్వాత"""" ఫోమ్ పడిందని చెప్పారు.""""""",1,1,5,5,True,"""|à°¨|à°¾à°¸|à°¾|Ġà°·|à°Ł|à°¿à°²|à±į|Ġà°ª|à±įà°°|à±ĭà°Ĺ|à±įà°°|à°¾à°®|à±į|Ġà°ļ|à±Ģà°«|à±į|Ġà°İà°¨|à±į.|Ġà°µ|à±ĩà°¨|à±į|Ġà°¹|à±ĩà°²|à±į|Ġà°ľ|à±Ĥà°¨|à°¿à°¯à°°|à±į,|Ġà°®|à±ĩà°®|à±ģ|Ġà°Ĩ|à°Ĥà°¦|à±ĭà°³à°¨|à°Ĺ|à°¾|Ġà°īà°¨|à±įà°¨|Ġà°¸à°®à°¯|à°Ĥ|Ġà°¤à°°|à±įà°µ|à°¾à°¤|""|""|Ġà°«|à±ĭà°®|à±į|Ġà°ªà°¡|à°¿à°Ĥ|à°¦à°¨|à°¿|Ġà°ļ|à±Ĩà°ª|à±įà°ª|à°¾à°°|à±ģ.|""|""|""","""|నాసా|షటిల||ప్ర|గ|రా|||చీఫ్|ఎన|.|వేన్|హేల||జూనియర|,|మేము|ఆంద|ళనగ|ా|ఉన్న|సమయం|తర|వాత""""||ఫోమ||పడిందని||చెప్పార|.""""|""","{""42"": ""\""|నాసా|షటిల||ప్ర|గ|రా|||చీఫ్|ఎన|.|వేన్|హేల||జూనియర|,|మేము|ఆంద|ళనగ|ా|ఉన్న|సమయం|తర|వాత\""\""||ఫోమ||పడిందని||చెప్పార|.\""\""|\"""", ""43"": ""\""|నాసా|షటి|ల||ప్ర|గ్రా|||చీఫ||ఎన|.|వేన||హేల్|జూని|యర|,|మేమ||ఆంద|ళనగ|ా|ఉన్న|సమయం|తర|వాత\""\""||ఫోమ్|పడిందని||చెప్పా||.\""\""|\"""", ""44"": ""\""|నాసా|షటిల||ప్ర|గ్రామ||చీఫ్|ఎన|.|వేన్|హేల||జూనియర|,|మేమ||ఆంద|ళనగ|ా|ఉన్న|సమయం|తర|వాత\""\""|ఫోమ్|పడిందని||చెప్పార|.\""\""|\"""", ""45"": ""\""|నాసా|షటి|ల||ప్ర|గ్రామ||చీఫ్|ఎన్.|వేన్|హేల్|జూనియర|,|మేము|ఆంద|ళనగ|ా|ఉన్న|సమయం|తర|వాత\""|\""||ఫోమ్|పడిందని||చెప్పార|.\""\""|\"""", ""46"": ""\""|నాసా|షటిల||ప్ర|గ్రా|||చీఫ||ఎన్.|వేన్|హేల||జూనియర|,|మేము|ఆంద|ళనగ|ా|ఉన్న|సమయం|తర|వాత\""\""||ఫోమ||పడిందని||చెప్పార|.\""\""|\""""}"
te,"""నేను నా సోదరిని ఇంకా ఆమె స్నేహితుడిని కోల్పోయాను, నా మార్గంలో వీల్‌చైర్‌లలో ఇద్దరు వికలాంగులు ఉన్నారు, అందరు వ్యక్తులు దూకుతూ వారిని నెడుతున్నారు"""" అని Armand Versace చెప్పారు.""",1,1,5,5,True,"""|à°¨|à±ĩà°¨|à±ģ|Ġà°¨|à°¾|Ġà°¸|à±ĭà°¦à°°|à°¿à°¨|à°¿|Ġà°ĩ|à°Ĥà°ķ|à°¾|Ġà°Ĩà°®|à±Ĩ|Ġà°¸|à±įà°¨|à±ĩà°¹|à°¿à°¤|à±ģà°¡|à°¿à°¨|à°¿|Ġà°ķ|à±ĭà°²|à±įà°ª|à±ĭà°¯|à°¾à°¨|à±ģ,|Ġà°¨|à°¾|Ġà°®|à°¾à°°|à±įà°Ĺ|à°Ĥà°²|à±ĭ|Ġà°µ|à±Ģà°²|à±į|âĢ|Į|à°ļ|à±Īà°°|à±į|âĢ|Į|à°²à°²|à±ĭ|Ġà°ĩà°¦|à±įà°¦à°°|à±ģ|Ġà°µ|à°¿à°ķà°²|à°¾à°Ĥ|à°Ĺ|à±ģà°²|à±ģ|Ġà°īà°¨|à±įà°¨|à°¾à°°|à±ģ,|Ġà°ħ|à°Ĥà°¦à°°|à±ģ|Ġà°µ|à±įà°¯à°ķ|à±įà°¤|à±ģà°²|à±ģ|Ġà°¦|à±Ĥà°ķ|à±ģà°¤|à±Ĥ|Ġà°µ|à°¾à°°|à°¿à°¨|à°¿|Ġà°¨|à±Ĩà°¡|à±ģà°¤|à±ģà°¨|à±įà°¨|à°¾à°°|à±ģ""|""|Ġà°ħà°¨|à°¿|ĠArm|and|ĠVers|ace|Ġà°ļ|à±Ĩà°ª|à±įà°ª|à°¾à°°|à±ģ.|""","""|నేను|నా|సోదరి|ని|ఇంకా|ఆమె|స్న|హిత|డిని|కోల|పోయాన|,|నా|మార|గంల||వీల|‌చ|ర|‌లల||ఇద్దర||వికలాంగ|ల||ఉన్నార|,|అందర||వ్యక|త|ల||దూక|త||వారి|ని|నెడుత|న్నార|""""|అని|Armand|Versace|చెప్పా||.""","{""42"": ""\""|నేను|నా|సోదరి|ని|ఇంకా|ఆమె|స్న|హిత|డిని|కోల|పోయాన|,|నా|మార|గంల||వీల|‌చ|ర|‌లల||ఇద్దర||వికలాంగ|ల||ఉన్నార|,|అందర||వ్యక|త|ల||దూక|త||వారి|ని|నెడుత|న్నార|\""\""|అని|Armand|Versace|చెప్పా||.\"""", ""43"": ""\""|నేను|నా|సోదరి|ని|ఇంకా|ఆమె|స్న|హిత|డిని|కోల|పోయాన|,|నా|మార|గంల||వీల|‌చైర|‌లల||ఇద్దర||వికలాంగ|లు|ఉన్నార|,|అందర||వ్యక|త|లు|దూక|త||వారి|ని|నెడుత|న్నార|\""\""|అని|Armand|Versace|చెప్పార|.\"""", ""44"": ""\""|నేను|నా|సోదరి|ని|ఇంకా|ఆమె|స్న|హిత|డిని|కోల|ప|యాన|,|నా|మార|గంల||వీల|‌చ|ర|‌లల||ఇద్దర||వికలాంగ|ల||ఉన్నార|,|అందర||వ్యక|త|లు|దూక|త||వారి|ని|నెడుత|న్నార|\""\""|అని|Armand|Versace|చెప్పార|.\"""", ""45"": ""\""|నేన||నా|సోదరి|ని|ఇంకా|ఆమ||స్న|హిత|డిని|కోల|పోయాన|,|నా|మార|గంల||వీల|‌చ|ర|‌లల||ఇద్దర||వికలాంగ|ల||ఉన్నార|,|అందర||వ్యక|త|లు|దూక|త||వారి|ని|నెడుత|న్నార|\""\""|అని|Armand|Versace|చెప్పార|.\"""", ""46"": ""\""|నేను|నా|సోదరి|ని|ఇంకా|ఆమ||స్న|హిత|డిని|కోల|పోయాన|,|నా|మార|గంల||వీల|‌చ|ర్‌లల||ఇద్దర||వికలా||గ|ల||ఉన్నార|,|అందర||వ్యక|త|లు|దూక|త||వారి|ని|నెడుత|న్నార|\""\""|అని|Armand|Versace|చెప్పార|.\""""}"
te,"""పెర్రీ """"రాత్రి జరిగిన సమావేశ ఫలితాలను అంచనా వేయడానికి టెక్సాస్ కి తిరిగి వస్తానని, ఈ రేసులో నా కోసం ఒక దారి ఉందా అని నిర్ణయిస్తానని"""" పేర్కొన్నాడు, కాని తరువాత అతను రేసులోనే ఉండి జనవరి 21 సౌత్ కరోలినా ప్రైమరీలో పోటీ చేస్తానని చెప్పాడు.""",1,1,5,5,True,"""|à°ª|à±Ĩà°°|à±įà°°|à±Ģ|Ġ""|""|à°°|à°¾à°¤|à±įà°°|à°¿|Ġà°ľà°°|à°¿à°Ĺ|à°¿à°¨|Ġà°¸à°®|à°¾à°µ|à±ĩà°¶|Ġà°«à°²|à°¿à°¤|à°¾à°²à°¨|à±ģ|Ġà°ħ|à°Ĥà°ļà°¨|à°¾|Ġà°µ|à±ĩà°¯à°¡|à°¾à°¨|à°¿à°ķ|à°¿|Ġà°Ł|à±Ĩà°ķ|à±įà°¸|à°¾à°¸|à±į|Ġà°ķ|à°¿|Ġà°¤|à°¿à°°|à°¿à°Ĺ|à°¿|Ġà°µà°¸|à±įà°¤|à°¾à°¨à°¨|à°¿,|Ġà°Ī|Ġà°°|à±ĩà°¸|à±ģà°²|à±ĭ|Ġà°¨|à°¾|Ġà°ķ|à±ĭà°¸|à°Ĥ|Ġà°Ĵà°ķ|Ġà°¦|à°¾à°°|à°¿|Ġà°ī|à°Ĥà°¦|à°¾|Ġà°ħà°¨|à°¿|Ġà°¨|à°¿à°°|à±įà°£à°¯|à°¿à°¸|à±įà°¤|à°¾à°¨à°¨|à°¿""|""|Ġà°ª|à±ĩà°°|à±įà°ķ|à±Ĭà°¨|à±įà°¨|à°¾à°¡|à±ģ,|Ġà°ķ|à°¾à°¨|à°¿|Ġà°¤à°°|à±ģà°µ|à°¾à°¤|Ġà°ħà°¤à°¨|à±ģ|Ġà°°|à±ĩà°¸|à±ģà°²|à±ĭà°¨|à±ĩ|Ġà°ī|à°Ĥà°¡|à°¿|Ġà°ľà°¨à°µà°°|à°¿|Ġ|21|Ġà°¸|à±Įà°¤|à±į|Ġà°ķà°°|à±ĭà°²|à°¿à°¨|à°¾|Ġà°ª|à±įà°°|à±Ī|à°®à°°|à±Ģà°²|à±ĭ|Ġà°ª|à±ĭà°Ł|à±Ģ|Ġà°ļ|à±ĩà°¸|à±įà°¤|à°¾à°¨à°¨|à°¿|Ġà°ļ|à±Ĩà°ª|à±įà°ª|à°¾à°¡|à±ģ.|""","""|పెర|రీ|""""|రాత|రి|జరిగి|న|సమా||శ|ఫలితాలన||అంచనా|వేయడాని|కి|టెక|సాస||కి|తిరిగి||వస్తా|ని|,|ఈ|రేసుల||నా|కోసం|ఒక|దారి||ఉందా|అని|నిర|ణయి|స్తా|ని|""""||పేర|కొన్నాడ|,|కాని||తర|వాత|అతన||రేసుల|న||ఉండి||జనవరి||21|సౌత||కర|లినా|ప్ర|మర|లో|పోట||చేస్తానని||చెప్పాడ|.""","{""42"": ""\""|పెర|రీ|\""\""|రాత|రి|జరిగి|న|సమా||శ|ఫలితాలన||అంచనా|వేయడాని|కి|టెక|సాస||కి|తిరిగి||వస్తా|ని|,|ఈ|రేసుల||నా|కోసం|ఒక|దారి||ఉందా|అని|నిర|ణయి|స్తా|ని|\""\""||పేర|కొన్నాడ|,|కాని||తర|వాత|అతన||రేసుల|న||ఉండి||జనవరి||21|సౌత||కర|లినా|ప్ర|మర|లో|పోట||చేస్తానని||చెప్పాడ|.\"""", ""43"": ""\""|పెర|ర||\""\""రాత|రి|జరిగి|న|సమావ|శ|ఫలితాలన||అంచనా|వేయడా|ి|కి|టెక|సాస||కి|తిరిగి||వస్తా|ని|,|ఈ|రేసుల||నా|కోసం|ఒక|దారి||ఉందా|అని|నిర|ణయి|స్తానని|\""\""|పేర|క|న్నాడ|,|కాని||తర|వాత|అతన||రేసుల|న||ఉండి|జనవర||21|సౌత||కర|లినా|ప్ర|మర|ల||పోట||చేస్తా|ని||చెప|పాడ|.\"""", ""44"": ""\""|పెర|ర||\""\""|రాత|రి|జరిగి|న|సమావ|శ|ఫలితాలన||అంచనా|వేయడాని|కి|టెక|సాస||కి|తిరిగి||వస్తానని|,|ఈ|రేస|ల||నా|కోసం|ఒక|దారి||ఉందా|అని|నిర|ణయి|స|తానని|\""\""||పేర|క|న|నాడ|,|కాని||తర|వాత|అతను|రేసుల|న||ఉండి|జనవరి||21|సౌత||కర|లినా|ప్ర|మర|లో|పోటీ|చేస్తానని||చెప్పాడ|.\"""", ""45"": ""\""|పెర|రీ|\""\""|రాత|రి|జరిగి|న|సమా||శ|ఫలితాలన||అంచనా|వేయడాని|కి|టెక|సాస||కి|తిరిగి||వస్తానని|,|ఈ|రేసుల||నా|కోసం|ఒక|దారి||ఉందా|అని|నిర|ణయి|స|తానని|\""\""||పేర|క|న|నాడ|,|కాని||తర|వాత|అతన||రేసుల|న||ఉండి|జనవరి||21|సౌత||కర|లి|నా|ప్ర|మర|ల||పోట||చేస్తానని||చెప|పాడ|.\"""", ""46"": ""\""|పెర|రీ|\""\""|రాత|రి|జరిగి|న|సమావ|శ|ఫలితా|న||అంచనా|వేయడా|ి|కి|టెక|సాస||కి|తిరిగి||వస్తానని|,|ఈ|రేసుల||నా|కోసం|ఒక|దారి||ఉందా|అని|నిర|ణయి|స్తా|ని|\""\""||పేర|కొన్నాడ|,|కాని||తర|వాత|అతన||రేసుల|నే|ఉండి|జనవరి||21|సౌత||కర|లినా|ప్ర|మర|లో|పోటీ|చేస్తానని||చెప్పా||.\""""}"
te,"""పైన చెప్పినట్లుగా , """"ఎస్కిమో"""" అనే పదం యునైటెడ్ స్టేట్స్ లో ఆమోదయోగ్యంగా ఉన్నప్పటికీ , దీనిని యుఎస్ కాని వారు చాలా మందిగా భావిస్తారు. ఆర్కిటిక్ ప్రజలు , ముఖ్యంగా కెనడాలో.""",1,1,5,5,True,"""|à°ª|à±Īà°¨|Ġà°ļ|à±Ĩà°ª|à±įà°ª|à°¿à°¨à°Ł|à±įà°²|à±ģà°Ĺ|à°¾|Ġ,|Ġ""|""|à°İà°¸|à±įà°ķ|à°¿à°®|à±ĭ|""|""|Ġà°ħà°¨|à±ĩ|Ġà°ªà°¦|à°Ĥ|Ġà°¯|à±ģà°¨|à±Īà°Ł|à±Ĩà°¡|à±į|Ġà°¸|à±įà°Ł|à±ĩà°Ł|à±įà°¸|à±į|Ġà°²|à±ĭ|Ġà°Ĩà°®|à±ĭà°¦à°¯|à±ĭà°Ĺ|à±įà°¯|à°Ĥà°Ĺ|à°¾|Ġà°īà°¨|à±įà°¨à°ª|à±įà°ªà°Ł|à°¿à°ķ|à±Ģ|Ġ,|Ġà°¦|à±Ģà°¨|à°¿à°¨|à°¿|Ġà°¯|à±ģà°İ|à°¸|à±į|Ġà°ķ|à°¾à°¨|à°¿|Ġà°µ|à°¾à°°|à±ģ|Ġà°ļ|à°¾à°²|à°¾|Ġà°®|à°Ĥà°¦|à°¿à°Ĺ|à°¾|Ġà°Ń|à°¾à°µ|à°¿à°¸|à±įà°¤|à°¾à°°|à±ģ.|Ġà°Ĩà°°|à±įà°ķ|à°¿à°Ł|à°¿à°ķ|à±į|Ġà°ª|à±įà°°à°ľà°²|à±ģ|Ġ,|Ġà°®|à±ģà°ĸ|à±įà°¯|à°Ĥà°Ĺ|à°¾|Ġà°ķ|à±Ĩà°¨à°¡|à°¾à°²|à±ĭ|.""","""|పైన|చెప|పి|నట్ల|గా|,|""""|ఎస్కి|మ|""""|అనే|పదం|యునైట|డ్|స్టేట్స||లో|ఆమోదయ|గ్యంగా|ఉన్నప|పటి|క||,|దీని|ని|యుఎస్|కాని||వార||చాలా|మందిగా|భావి|స్తార|.|ఆర|కిటి|క||ప్రజ|ల||,|ముఖ్యంగ|ా|క|నడా||.""","{""42"": ""\""|పైన|చెప|పి|నట్ల|గా|,|\""\""|ఎస్కి|మ|\""\""|అనే|పదం|యునైట|డ్|స్టేట్స||లో|ఆమోదయ|గ్యంగా|ఉన్నప|పటి|క||,|దీని|ని|యుఎస్|కాని||వార||చాలా|మందిగా|భావి|స్తార|.|ఆర|కిటి|క||ప్రజ|ల||,|ముఖ్యంగ|ా|క|నడా||.\"""", ""43"": ""\""|పైన|చెప్పి|నట్ల|గా|,|\""\""|ఎస్కి|మ|\""\""|అన||పదం|యునైటెడ్|స్ట|ట్స||లో|ఆమోదయ|గ|యంగ|ా|ఉన్నప|పటి|క||,|దీనిని|యుఎస్|కాని||వార||చాలా|మందిగా|భావి|స్తా||.|ఆర|కిటి|క||ప్రజ|ల||,|ముఖ్యంగ|ా|కెనడాల|.\"""", ""44"": ""\""|పైన|చెప్పి|నట్ల|గా|,|\""\""|ఎస్కి|మ|\""\""||అనే|పదం|యున|టెడ్|స్టేట్స||లో|ఆమోదయ|గ్యంగ|ా|ఉన్నప|పటి|క||,|దీని|ని|యుఎస||కాని||వార||చాలా|మంది|గా|భావి|స్తార|.|ఆర|కి|టి|క||ప్రజల||,|ముఖ|యంగ|ా|కెనడా||.\"""", ""45"": ""\""|పైన|చెప|పి|నట్ల|గా|,|\""|\""|ఎస్కి|మ|\""\""|అన||పదం|యునైటెడ్|స్ట|ట్స||లో|ఆమోదయ|గ|యంగ|ా|ఉన్నప|పటి|క||,|దీని|ని|యుఎస||కాని||వార||చాలా|మందిగా|భావి|స్తార|.|ఆర|కిటి|క||ప్రజ|ల||,|ముఖ|యంగా|కెనడాల|.\"""", ""46"": ""\""|పైన|చెప్పి|నట్ల|గా|,|\""\""|ఎస్కి|మ|\""|\""||అనే|పదం|యున|టెడ||స్టేట్స||లో|ఆమోదయ|గ|యంగ|ా|ఉన్నప|పటి|క||,|దీని|ని|యుఎస్|కాని||వార||చాలా|మంది|గా|భావి|స్తా||.|ఆర|కిటి|క||ప్రజ|ల||,|ముఖ్యంగా|కెనడా||.\""""}"
te,"""ప్రత్యేకమైన """"వర్షపు"""" మరియు """"పొడి"""" సీజన్లు లేవు: ఏడాది పొడవునా వర్షం మొత్తం ఇంచుమించుగా ఒకే విధంగా ఉంటుంది.""",1,1,5,5,True,"""|à°ª|à±įà°°à°¤|à±įà°¯|à±ĩà°ķà°®|à±Īà°¨|Ġ""|""|à°µà°°|à±įà°·à°ª|à±ģ""|""|Ġà°®à°°|à°¿à°¯|à±ģ|Ġ""|""|à°ª|à±Ĭà°¡|à°¿""|""|Ġà°¸|à±Ģà°ľà°¨|à±įà°²|à±ģ|Ġà°²|à±ĩà°µ|à±ģ:|Ġà°ıà°¡|à°¾à°¦|à°¿|Ġà°ª|à±Ĭà°¡à°µ|à±ģà°¨|à°¾|Ġà°µà°°|à±įà°·|à°Ĥ|Ġà°®|à±Ĭà°¤|à±įà°¤|à°Ĥ|Ġà°ĩ|à°Ĥà°ļ|à±ģà°®|à°¿à°Ĥ|à°ļ|à±ģà°Ĺ|à°¾|Ġà°Ĵà°ķ|à±ĩ|Ġà°µ|à°¿à°§|à°Ĥà°Ĺ|à°¾|Ġà°ī|à°Ĥà°Ł|à±ģà°Ĥ|à°¦|à°¿.|""","""|ప్రత|య|కమ|న|""""|వర|షప|""""||మరియ||""""|పొడి|""""||సీజన|ల||లేవు:|ఏడాది||పొడవ|నా|వర|షం|మొత|తం|ఇంచ|మించ|గా|ఒకే|విధంగా|ఉంట|ంది.""","{""42"": ""\""|ప్రత|య|కమ|న|\""\""|వర|షప|\""\""||మరియ||\""\""|పొడి|\""\""||సీజన|ల||లేవు:|ఏడాది||పొడవ|నా|వర|షం|మొత|తం|ఇంచ|మించ|గా|ఒకే|విధంగా|ఉంట|ంది.\"""", ""43"": ""\""|ప్రత|య|కమ|న|\""\""|వర|షప|\""\""||మరియ||\""\""|పొడి|\""\""||సీజన|ల||లేవు:|ఏడాది||పొడవ|నా|వర|షం|మొత|తం|ఇంచ|మి|ంచ|గా|ఒకే|విధంగా|ఉంట|ంది.\"""", ""44"": ""\""|ప్రత|య|కమ|న|\""\""|వర|షప|\""\""||మరియు|\""\""|పొడి\""\""||సీజన|ల||లేవు:|ఏడాది||పొడవ|నా|వర|షం|మొత|తం|ఇంచ|మి|ంచ|గా|ఒకే|విధంగా|ఉంటుంది.\"""", ""45"": ""\""|ప్రత|య|కమ|న|\""\""వర|షప|\""\""|మరియ||\""\""పొడి\""\""|సీజన|ల||లేవు:|ఏడాది||పొడవ|నా|వర|షం|మొత్తం|ఇంచ|మి|ంచ|గా|ఒక||విధంగా|ఉంట|ంది.\"""", ""46"": ""\""|ప్రత|య|కమ|న|\""\""|వర|షప|\""\""||మరియ||\""\""|పొడి\""\""|సీజన్లు|లేవు:|ఏడాది||పొడవ|నా|వర|షం|మొత|తం|ఇంచ|మి|ంచ|గా|ఒకే|విధంగా|ఉంట|ంది.\""""}"
te,"""ప్రపంచ ఆర్థిక పరిస్థితికి సంబంధించి, జపాటెరో మాట్లాడుతూ """"ఆర్థిక వ్యవస్థ అనేది ఆర్థిక పరిస్థితిలో ఒక భాగం, ఇంకా కీలకమైన భాగం అని అన్నాడు.""",1,1,5,5,True,"""|à°ª|à±įà°°à°ª|à°Ĥà°ļ|Ġà°Ĩà°°|à±įà°¥|à°¿à°ķ|Ġà°ªà°°|à°¿à°¸|à±įà°¥|à°¿à°¤|à°¿à°ķ|à°¿|Ġà°¸|à°Ĥà°¬|à°Ĥà°§|à°¿à°Ĥ|à°ļ|à°¿,|Ġà°ľà°ª|à°¾à°Ł|à±Ĩà°°|à±ĭ|Ġà°®|à°¾à°Ł|à±įà°²|à°¾à°¡|à±ģà°¤|à±Ĥ|Ġ""|""|à°Ĩà°°|à±įà°¥|à°¿à°ķ|Ġà°µ|à±įà°¯à°µà°¸|à±įà°¥|Ġà°ħà°¨|à±ĩà°¦|à°¿|Ġà°Ĩà°°|à±įà°¥|à°¿à°ķ|Ġà°ªà°°|à°¿à°¸|à±įà°¥|à°¿à°¤|à°¿à°²|à±ĭ|Ġà°Ĵà°ķ|Ġà°Ń|à°¾à°Ĺ|à°Ĥ,|Ġà°ĩ|à°Ĥà°ķ|à°¾|Ġà°ķ|à±Ģà°²à°ķà°®|à±Īà°¨|Ġà°Ń|à°¾à°Ĺ|à°Ĥ|Ġà°ħà°¨|à°¿|Ġà°ħà°¨|à±įà°¨|à°¾à°¡|à±ģ.|""","""|ప్రపంచ||ఆర|థిక|పరిస్థి|తి|కి|సంబంధి|ంచి|,|జపాట|ర||మాట్లాడ|త||""""|ఆర|థిక|వ్యవస|థ|అన|ది|ఆర|థిక|పరిస్థి|తి|ల||ఒక|భాగం,|ఇంకా|కీలకమ|న|భాగం|అని|అన్నాడ|.""","{""42"": ""\""|ప్రపంచ||ఆర|థిక|పరిస్థి|తి|కి|సంబంధి|ంచి|,|జపాట|ర||మాట్లాడ|త||\""\""|ఆర|థిక|వ్యవస|థ|అన|ది|ఆర|థిక|పరిస్థి|తి|ల||ఒక|భాగం,|ఇంకా|కీలకమ|న|భాగం|అని|అన్నాడ|.\"""", ""43"": ""\""|ప్రపంచ||ఆర|థి|క|పరిస్థి|తికి||సంబంధి|ంచి|,|జపాట|ర||మాట|లాడ|త||\""\""|ఆర|థి|క|వ్యవస|థ|అనేది|ఆర|థిక|పరిస్థి|తిల||ఒక|భాగం,|ఇంకా|కీలకమ|న|భాగం|అని|అన|నాడ|.\"""", ""44"": ""\""|ప్రపంచ||ఆర|థి|క|పరిస్థి|తికి||సంబంధి|ంచి|,|జపాటెర||మాట|లాడ|త||\""\""ఆర|థిక|వ్యవస|థ|అనేది|ఆర|థి|క|పరిస్థి|తిల||ఒక|భాగం,|ఇంకా|కీలకమ|న|భాగం|అని|అన|నాడ|.\"""", ""45"": ""\""|ప్రపంచ||ఆర|థి|క|పరిస్థి|తికి||సంబంధి|ంచి|,|జపాటెర||మాట|లాడ|త||\""\""|ఆర|థిక|వ్యవస|థ|అన|ది|ఆర|థి|క|పరిస్థి|తిల||ఒక|భాగం,|ఇంకా|కీలకమ|న|భాగం|అని|అన|నాడ|.\"""", ""46"": ""\""|ప్రపంచ||ఆర|థి|క|పరిస్థి|తికి|సంబంధి|ంచి|,|జపాట|ర||మాట|లాడ|త||\""\""ఆర|థిక|వ్యవస|థ|అన|ది|ఆర|థి|క|పరిస్థి|తి|ల||ఒక|భాగం,|ఇంకా|కీలకమ|న|భాగం|అని|అన్నాడ|.\""""}"
te,"""ఫిన్లాండ్ ఒక గొప్ప బోటింగ్ గమ్యం. """"వెయ్యి సరస్సుల భూమి"""" లో సరస్సులతో పాటు మరియు తీరప్రాంత ద్వీపసమూహాలతో సహా వేలాది ద్వీపాలను కలిగి ఉంది.""",1,1,5,5,True,"""|à°«|à°¿à°¨|à±įà°²|à°¾à°Ĥ|à°¡|à±į|Ġà°Ĵà°ķ|Ġà°Ĺ|à±Ĭà°ª|à±įà°ª|Ġà°¬|à±ĭà°Ł|à°¿à°Ĥ|à°Ĺ|à±į|Ġà°Ĺà°®|à±įà°¯|à°Ĥ.|Ġ""|""|à°µ|à±Ĩà°¯|à±įà°¯|à°¿|Ġà°¸à°°à°¸|à±įà°¸|à±ģà°²|Ġà°Ń|à±Ĥà°®|à°¿""|""|Ġà°²|à±ĭ|Ġà°¸à°°à°¸|à±įà°¸|à±ģà°²à°¤|à±ĭ|Ġà°ª|à°¾à°Ł|à±ģ|Ġà°®à°°|à°¿à°¯|à±ģ|Ġà°¤|à±Ģà°°|à°ª|à±įà°°|à°¾à°Ĥ|à°¤|Ġà°¦|à±įà°µ|à±Ģà°ª|à°¸à°®|à±Ĥà°¹|à°¾à°²à°¤|à±ĭ|Ġà°¸à°¹|à°¾|Ġà°µ|à±ĩà°²|à°¾à°¦|à°¿|Ġà°¦|à±įà°µ|à±Ģà°ª|à°¾à°²à°¨|à±ģ|Ġà°ķà°²|à°¿à°Ĺ|à°¿|Ġà°ī|à°Ĥà°¦|à°¿.|""","""|ఫిన|లాండ||ఒక|గొప్ప|బోటి|ంగ||గమ్యం.|""|""|వెయ|యి||సరస|స|ల|భూమి|""""||లో|సరస|స|లత||పాటు|మరియు|తీరప|రా|త|ద్వ|పసమ|హాలత||సహా|వేలాది||ద్వ|పాలన||కలిగి||ఉంది.""","{""42"": ""\""|ఫిన|లాండ||ఒక|గొప్ప|బోటి|ంగ||గమ్యం.|\""|\""|వెయ|యి||సరస|స|ల|భూమి|\""\""||లో|సరస|స|లత||పాటు|మరియు|తీరప|రా|త|ద్వ|పసమ|హాలత||సహా|వేలాది||ద్వ|పాలన||కలిగి||ఉంది.\"""", ""43"": ""\""|ఫిన్లాండ||ఒక|గొప|ప|బోటింగ||గమ్యం.|\""|\""|వెయ|యి||సరస|స|ల|భూమి|\""\""||లో|సరస|సులత||పాటు|మరియు|తీరప|రా|త|ద్వ|పసమ|హాలత||సహా|వేలాది||ద్వ|పాలన||కలిగి||ఉంది.\"""", ""44"": ""\""|ఫిన్లాండ||ఒక|గొప|ప|బోటి|ంగ||గమ|యం.|\""\""|వెయ|యి||సరస|స|ల|భూమి|\""\""|లో|సరస|సులత||పాటు|మరియ||తీరప|రా|త|ద్వ|పసమ|హాలత||సహా|వేలాది||ద్వ|పాలన||కలిగి||ఉంది.\"""", ""45"": ""\""|ఫిన్లాండ||ఒక|గొప|ప|బోటి|ంగ||గమ|యం.|\""\""|వెయ|యి|సరస|సుల|భూమి|\""\""||లో|సరస|స|లత||పాటు|మరియు|తీరప|రాంత|ద్వ|పసమ|హా|త||సహా|వేలాది||ద్వ|పా|న||కలిగి||ఉంది.\"""", ""46"": ""\""|ఫిన|లాండ||ఒక|గొప|ప|బోటి|ంగ||గమ్యం.|\""\""|వెయ్యి||సరస్సుల|భూమి|\""\""||లో|సరస|సులత||పాటు|మరియ||తీరప|రా|త|ద్వ|పసమ|హా|త||సహా|వేలాది||ద్వ|పాలన||కలిగి||ఉంది.\""""}"
te,"""మంత్రిత్వశాఖ యాపిల్ నివేదికను వాయిదా వేయడాన్ని """"నిజంగా విచారకర౦గా"""" అభివర్ణించింది.""""""",1,1,5,5,True,"""|à°®|à°Ĥà°¤|à±įà°°|à°¿à°¤|à±įà°µà°¶|à°¾à°ĸ|Ġà°¯|à°¾à°ª|à°¿à°²|à±į|Ġà°¨|à°¿à°µ|à±ĩà°¦|à°¿à°ķà°¨|à±ģ|Ġà°µ|à°¾à°¯|à°¿à°¦|à°¾|Ġà°µ|à±ĩà°¯à°¡|à°¾à°¨|à±įà°¨|à°¿|Ġ""|""|à°¨|à°¿à°ľ|à°Ĥà°Ĺ|à°¾|Ġà°µ|à°¿à°ļ|à°¾à°°|à°ķà°°|à±¦|à°Ĺ|à°¾|""|""|Ġà°ħà°Ń|à°¿à°µà°°|à±įà°£|à°¿à°Ĥ|à°ļ|à°¿à°Ĥ|à°¦|à°¿.|""|""|""","""|మంత|రిత|వశా||యాపి|ల||నివ|దికన||వాయి|దా|వేయడా||ని|""""|నిజంగా|విచా|కర|గా""""||అభివ||ణించి|ంది.""""|""","{""42"": ""\""|మంత|రిత|వశా||యాపి|ల||నివ|దికన||వాయి|దా|వేయడా||ని|\""\""|నిజంగా|విచా|కర|గా\""\""||అభివ||ణించి|ంది.\""\""|\"""", ""43"": ""\""|మంత|రిత|వశా||యాపి|ల||నివ|ది|కన||వాయి|దా|వేయడాన|ని|\""\""|నిజంగా|విచా|కర|గా\""|\""||అభివర|ణి|ంచి|ంది.\""|\""|\"""", ""44"": ""\""|మంత|రిత|వశా||యాపి|ల||నివ|ది|కన||వాయి|దా|వేయడాన|ని|\""\""|నిజంగా|విచా|కర|గ|ా\""|\""||అభివర|ణించి|ంది.\""\""\"""", ""45"": ""\""|మంత|రిత|వశాఖ|యాపి|ల||నివ|ది|కన||వాయి|దా|వేయడా||ని|\""\""|నిజంగా|విచా|కర|గా\""\""||అభివర|ణించి|ంది.\""\""|\"""", ""46"": ""\""|మంత|రిత|వశా||యాపి|ల||నివ|దికన||వాయి|దా|వేయడా||ని|\""\""|నిజంగా|విచారకర|గా\""\""||అభివర|ణించి|ంది.\""|\""\""""}"
te,"""మీ సామాను మరియు ఆన్‌లైన్‌లో మరొక కాపీని పొందండి (అటాచ్‌మెంట్‌తో మీకు ఇ-మెయిల్ చేయబడుతుంది లేదా """"క్లౌడ్"""" లో నిల్వ చేయబడింది).""",1,1,5,5,True,"""|à°®|à±Ģ|Ġà°¸|à°¾à°®|à°¾à°¨|à±ģ|Ġà°®à°°|à°¿à°¯|à±ģ|Ġà°Ĩà°¨|à±į|âĢ|Į|à°²|à±Īà°¨|à±į|âĢ|Į|à°²|à±ĭ|Ġà°®à°°|à±Ĭà°ķ|Ġà°ķ|à°¾à°ª|à±Ģà°¨|à°¿|Ġà°ª|à±Ĭà°Ĥ|à°¦|à°Ĥà°¡|à°¿|Ġ(|à°ħà°Ł|à°¾à°ļ|à±į|âĢ|Į|à°®|à±Ĩà°Ĥ|à°Ł|à±į|âĢ|Į|à°¤|à±ĭ|Ġà°®|à±Ģà°ķ|à±ģ|Ġà°ĩ|-|à°®|à±Ĩà°¯|à°¿à°²|à±į|Ġà°ļ|à±ĩà°¯à°¬à°¡|à±ģà°¤|à±ģà°Ĥ|à°¦|à°¿|Ġà°²|à±ĩà°¦|à°¾|Ġ""|""|à°ķ|à±įà°²|à±Įà°¡|à±į""|""|Ġà°²|à±ĭ|Ġà°¨|à°¿à°²|à±įà°µ|Ġà°ļ|à±ĩà°¯à°¬à°¡|à°¿à°Ĥ|à°¦|à°¿|).|""","""|మీ|సామాన||మరియు|ఆన్‌ల|న్‌ల||మర|క|కాప|ని|పొందండి||(అటాచ|‌మ|ంట|‌త||మీక||ఇ-మెయిల||చేయబడ|తుంది|లేదా|""""|క్ల|డ్""""||లో|నిల|వ|చేయబడి|ంది).""","{""42"": ""\""|మీ|సామాన||మరియు|ఆన్‌ల|న్‌ల||మర|క|కాప|ని|పొందండి||(అటాచ|‌మ|ంట|‌త||మీక||ఇ-మెయిల||చేయబడ|తుంది|లేదా|\""\""|క్ల|డ్\""\""||లో|నిల|వ|చేయబడి|ంది).\"""", ""43"": ""\""|మీ|సామాన||మరియ||ఆన్‌ల|న్‌ల||మర|క|కాప|ని|పొందండి||(అటాచ|‌మ|ంట్‌త||మీక||ఇ-మెయిల||చేయబడ|త|ంది|లేదా|\""\""|క్లౌడ్\""\""|లో|నిల|వ|చేయబడి|ంది).\"""", ""44"": ""\""|మీ|సామాన||మరియు|ఆన|‌ల|న్‌ల||మర|క|కాప|ని|పొందండి|(అటాచ|‌మ|ంట|‌త||మీక||ఇ-|మెయిల||చేయబడ|త|ంది|లేదా|\""\""|క్ల|డ్\""\""||లో|నిల|వ|చేయబడి|ంది).\"""", ""45"": ""\""|మీ|సామా|||మరియు|ఆన|‌ల|న్‌ల||మర|క|కాప|ని||పొందండి|(అటాచ|‌మెంట్‌త||మీక||ఇ-|మెయిల||చేయబడ|త|ంది|లేదా|\""\""క్ల|డ్\""\""||లో|నిల|వ|చేయబడి|ంది).\"""", ""46"": ""\""|మీ|సామా|||మరియు|ఆన్‌ల|న్‌ల||మర|క|కాప|ని||పొందండి||(అటాచ|‌మెంట్‌త||మీక||ఇ-|మెయిల||చేయబడ|త|ంది|లేదా|\""\""|క్ల|డ్\""\""|లో|నిల|వ|చేయబడి|ంది).\""""}"
te,"""మీడియా సంస్థలు మామూలుగా దీని ఉద్దేశ్యం గురించి అబద్ధాలు చెబుతున్నాయి, ఇది """"పైరసీని నిరోధించడం"""" అని పేర్కొంది.""",1,1,5,5,True,"""|à°®|à±Ģà°¡|à°¿à°¯|à°¾|Ġà°¸|à°Ĥà°¸|à±įà°¥à°²|à±ģ|Ġà°®|à°¾à°®|à±Ĥà°²|à±ģà°Ĺ|à°¾|Ġà°¦|à±Ģà°¨|à°¿|Ġà°īà°¦|à±įà°¦|à±ĩà°¶|à±įà°¯|à°Ĥ|Ġà°Ĺ|à±ģà°°|à°¿à°Ĥ|à°ļ|à°¿|Ġà°ħà°¬à°¦|à±įà°§|à°¾à°²|à±ģ|Ġà°ļ|à±Ĩà°¬|à±ģà°¤|à±ģà°¨|à±įà°¨|à°¾à°¯|à°¿,|Ġà°ĩà°¦|à°¿|Ġ""|""|à°ª|à±Īà°°à°¸|à±Ģà°¨|à°¿|Ġà°¨|à°¿à°°|à±ĭà°§|à°¿à°Ĥ|à°ļà°¡|à°Ĥ|""|""|Ġà°ħà°¨|à°¿|Ġà°ª|à±ĩà°°|à±įà°ķ|à±Ĭà°Ĥ|à°¦|à°¿.|""","""|మీడియా|సంస|థల||మామ|ల|గా|దీని|ఉద్ద|శ్యం|గురించి||అబద|ధాల||చెబుత|న్నాయి|,|ఇది|""""|పైరసీని||నిర|ధి|ంచడం""|""||అని|పేర|క|ంది.""","{""42"": ""\""|మీడియా|సంస|థల||మామ|ల|గా|దీని|ఉద్ద|శ్యం|గురించి||అబద|ధాల||చెబుత|న్నాయి|,|ఇది|\""\""|పైరసీని||నిర|ధి|ంచడం\""|\""||అని|పేర|క|ంది.\"""", ""43"": ""\""|మీడియా|సంస|థల||మామ|ల|గా|దీని|ఉద్ద|శ|యం|గురించి||అబద|ధా|||చెబ|త|న్నాయి|,|ఇది|\""\""|పైరస|ని||నిర|ధి|ంచడం\""\""||అని|పేర|క|ంది.\"""", ""44"": ""\""|మీడి|యా|సంస|థల||మామ|ల|గా|దీని||ఉద్ద|శ్యం|గురించి||అబద|ధాల||చెబుత|న్నాయి|,|ఇది|\""\""|పైరస|ని||నిర|ధి|ంచడం\""\""||అని|పేర|క|ంది|.\"""", ""45"": ""\""|మీడి|యా|సంస|థల||మామ|ల|గా|దీని||ఉద|ద|శ|యం|గురించి||అబద|ధాల||చెబుత|న్నాయి|,|ఇది|\""\""|పైరస|ని||నిర|ధించడం\""\""||అని|పేర|క|ంది.\"""", ""46"": ""\""|మీడి|యా|సంస|థల||మామ|ల|గా|దీని|ఉద|ద|శ|యం|గురించి||అబద|ధా|||చెబ|త|న్నాయి|,|ఇది|\""\""|పైరస|ని|నిర|ధి|ంచడం\""|\""||అని|పేర|క|ంది.\""""}"
te,"""ముగించడానికి, టర్కిష్ నృత్య బృందం ఫైర్ ఆఫ్ అనటోలియా """"ట్రాయ్"""" అనే ప్రదర్శనను ప్రదర్శించింది.""",1,1,5,5,True,"""|à°®|à±ģà°Ĺ|à°¿à°Ĥ|à°ļà°¡|à°¾à°¨|à°¿à°ķ|à°¿,|Ġà°Łà°°|à±įà°ķ|à°¿à°·|à±į|Ġà°¨|à±ĥà°¤|à±įà°¯|Ġà°¬|à±ĥà°Ĥ|à°¦|à°Ĥ|Ġà°«|à±Īà°°|à±į|Ġà°Ĩà°«|à±į|Ġà°ħà°¨|à°Ł|à±ĭà°²|à°¿à°¯|à°¾|Ġ""|""|à°Ł|à±įà°°|à°¾à°¯|à±į""|""|Ġà°ħà°¨|à±ĩ|Ġà°ª|à±įà°°à°¦à°°|à±įà°¶à°¨|à°¨|à±ģ|Ġà°ª|à±įà°°à°¦à°°|à±įà°¶|à°¿à°Ĥ|à°ļ|à°¿à°Ĥ|à°¦|à°¿.|""","""|ముగి|ంచడా|ి|కి,|టర|కిష||నృత|య|బృందం|ఫైర||ఆఫ్|అనటోలి|యా|""""|ట్రాయ|""""||అన||ప్రదర|శనన||ప్రదర|శి|ంచి|ంది.""","{""42"": ""\""|ముగి|ంచడా|ి|కి,|టర|కిష||నృత|య|బృందం|ఫైర||ఆఫ్|అనటోలి|యా|\""\""|ట్రాయ|\""\""||అన||ప్రదర|శనన||ప్రదర|శి|ంచి|ంది.\"""", ""43"": ""\""|ముగి|ంచడా|ి|కి,|టర|కిష||నృత|య|బృందం|ఫైర||ఆఫ్|అనటోలి|యా|\""\""|ట్రా||\""\""||అనే|ప్రదర|శనను|ప్రదర|శించి|ంది.\"""", ""44"": ""\""|ముగి|ంచడా|ి|కి,|టర|కిష||నృత|య|బృందం|ఫైర||ఆఫ్|అనటోలి|యా|\""\""|ట్రాయ|\""\""||అన||ప్రదర|శనన||ప్రదర|శించి|ంది|.\"""", ""45"": ""\""|ముగి|ంచడా|ి|కి,|టర|కిష||నృత|య|బృందం|ఫైర||ఆఫ్|అనటోలి|యా|\""\""|ట్రా|్\""\""||అనే|ప్రదర|శనన||ప్రదర|శి|ంచి|ంది.\"""", ""46"": ""\""|మ|గి|ంచడా|ి|కి,|టర|కి|ష||నృత|య|బృందం|ఫైర||ఆఫ్|అనటోలి|యా|\""\""|ట్రా||\""\""||అన||ప్రదర|శనన||ప్రదర|శి|ంచి|ంది.\""""}"
te,"""రోగాలాండ్ మరియు ఆగ్డెర్​లో వాటిని సాధారణంగా """"హే"""" అని పిలుస్తారు, అంటే తరచుగా హీథర్​తో కప్పబడి చెట్ల రహిత మూర్లాండ్.""",1,1,5,5,True,"""|à°°|à±ĭà°Ĺ|à°¾à°²|à°¾à°Ĥ|à°¡|à±į|Ġà°®à°°|à°¿à°¯|à±ģ|Ġà°Ĩà°Ĺ|à±įà°¡|à±Ĩà°°|à±į|âĢ|ĭ|à°²|à±ĭ|Ġà°µ|à°¾à°Ł|à°¿à°¨|à°¿|Ġà°¸|à°¾à°§|à°¾à°°à°£|à°Ĥà°Ĺ|à°¾|Ġ""|""|à°¹|à±ĩ|""|""|Ġà°ħà°¨|à°¿|Ġà°ª|à°¿à°²|à±ģà°¸|à±įà°¤|à°¾à°°|à±ģ,|Ġà°ħ|à°Ĥà°Ł|à±ĩ|Ġà°¤à°°à°ļ|à±ģà°Ĺ|à°¾|Ġà°¹|à±Ģà°|¥|à°°|à±į|âĢ|ĭ|à°¤|à±ĭ|Ġà°ķà°ª|à±įà°ªà°¬à°¡|à°¿|Ġà°ļ|à±Ĩà°Ł|à±įà°²|Ġà°°à°¹|à°¿à°¤|Ġà°®|à±Ĥà°°|à±įà°²|à°¾à°Ĥ|à°¡|à±į.|""","""|రోగాలాండ||మరియ||ఆగ్డ|ర|​ల||వాటి|ని|సాధా|ణంగ|ా|""""|హే""""||అని|పిల|స్తార|,|అంటే|తరచ|గా|హీథర|​త||కప్పబడి||చెట్ల|రహిత|మూర|లాండ|.""","{""42"": ""\""|రోగాలాండ||మరియ||ఆగ్డ|ర|​ల||వాటి|ని|సాధా|ణంగ|ా|\""\""|హే\""\""||అని|పిల|స్తార|,|అంటే|తరచ|గా|హీథర|​త||కప్పబడి||చెట్ల|రహిత|మూర|లాండ|.\"""", ""43"": ""\""|ర|గాలా|డ||మరియ||ఆగ్డ|ర్​ల||వాటి|ని||సాధా|ణంగ|ా|\""\""|హే\""\""|అని|పిల|స్తా||,|అంట||తరచ|గా|హీథర|​త||కప్పబడి||చెట్ల|రహి|త|మూర|లాండ|.\"""", ""44"": ""\""|ర|గాలా|డ||మరియ||ఆగ్డ|ర|​ల||వాటి|ని|సాధా|ణంగ|ా|\""\""|హే\""\""||అని|పిల|స్తా||,|అంట||తరచ|గా|హీథర|​త||కప్పబడి||చెట్ల|రహి|త|మూర|లాండ|.\"""", ""45"": ""\""|రోగాలా|డ||మరియ||ఆగ|డ|ర్​ల||వాటి|ని|సాధారణంగ|ా|\""\""|హే\""\""||అని|పిల|స్తా||,|అంట||తరచ|గా|హీథర|​త||కప్పబడి||చెట్ల|రహి|త|మూర|లాండ|.\"""", ""46"": ""\""|రోగాలా|డ||మరియు|ఆగ|డ|ర|​ల||వాటి|ని|సాధా|ణంగ|ా|\""\""|హే\""\""||అని|పిలుస్తార|,|అంటే|తరచ|గా|హీథర|​త||కప్పబడి||చెట్ల|రహి|త|మూర|లాండ|.\""""}"
te,"""వాటి ఉష్ణ ప్రవర్తన భూమిపై తరచూ స్థిరమైన ఉష్ణోగ్రతను కలిగి ఉండే పెద్ద గుహల వలె స్థిరంగా ఉండదు, అవి నిర్వహిస్తాయి, అయితే ఇవి భూమిలో లోతైన రంధ్రాలుగా ఉండటానికి అనుగుణంగా ఉంటాయి """"అని అరిజోనాలోని ఫ్లాగ్‌స్టాఫ్‌లో ఉన్న ఉత్తర అరిజోనా విశ్వవిద్యాలయానికి చెందిన యునైటెడ్ స్టేట్స్ జియోలాజికల్ సర్వే (యుఎస్‌జిఎస్) ఆస్ట్రోజియోలజి బృందం మరియు గ్లెన్ కుషింగ్ అన్నారు. """,1,1,5,5,True,"""|à°µ|à°¾à°Ł|à°¿|Ġà°īà°·|à±įà°£|Ġà°ª|à±įà°°à°µà°°|à±įà°¤à°¨|Ġà°Ń|à±Ĥà°®|à°¿à°ª|à±Ī|Ġà°¤à°°à°ļ|à±Ĥ|Ġà°¸|à±įà°¥|à°¿à°°à°®|à±Īà°¨|Ġà°īà°·|à±įà°£|à±ĭà°Ĺ|à±įà°°à°¤à°¨|à±ģ|Ġà°ķà°²|à°¿à°Ĺ|à°¿|Ġà°ī|à°Ĥà°¡|à±ĩ|Ġà°ª|à±Ĩà°¦|à±įà°¦|Ġà°Ĺ|à±ģà°¹|à°²|Ġà°µà°²|à±Ĩ|Ġà°¸|à±įà°¥|à°¿à°°|à°Ĥà°Ĺ|à°¾|Ġà°ī|à°Ĥà°¡à°¦|à±ģ,|Ġà°ħà°µ|à°¿|Ġà°¨|à°¿à°°|à±įà°µà°¹|à°¿à°¸|à±įà°¤|à°¾à°¯|à°¿,|Ġà°ħà°¯|à°¿à°¤|à±ĩ|Ġà°ĩà°µ|à°¿|Ġà°Ń|à±Ĥà°®|à°¿à°²|à±ĭ|Ġà°²|à±ĭà°¤|à±Īà°¨|Ġà°°|à°Ĥà°§|à±įà°°|à°¾à°²|à±ģà°Ĺ|à°¾|Ġà°ī|à°Ĥà°¡à°Ł|à°¾à°¨|à°¿à°ķ|à°¿|Ġà°ħà°¨|à±ģà°Ĺ|à±ģà°£|à°Ĥà°Ĺ|à°¾|Ġà°ī|à°Ĥà°Ł|à°¾à°¯|à°¿|Ġ""|""|à°ħà°¨|à°¿|Ġà°ħà°°|à°¿à°ľ|à±ĭà°¨|à°¾à°²|à±ĭà°¨|à°¿|Ġà°«|à±įà°²|à°¾à°Ĺ|à±į|âĢ|Į|à°¸|à±įà°Ł|à°¾à°«|à±į|âĢ|Į|à°²|à±ĭ|Ġà°īà°¨|à±įà°¨|Ġà°īà°¤|à±įà°¤à°°|Ġà°ħà°°|à°¿à°ľ|à±ĭà°¨|à°¾|Ġà°µ|à°¿à°¶|à±įà°µà°µ|à°¿à°¦|à±įà°¯|à°¾à°²à°¯|à°¾à°¨|à°¿à°ķ|à°¿|Ġà°ļ|à±Ĩà°Ĥ|à°¦|à°¿à°¨|Ġà°¯|à±ģà°¨|à±Īà°Ł|à±Ĩà°¡|à±į|Ġà°¸|à±įà°Ł|à±ĩà°Ł|à±įà°¸|à±į|Ġà°ľ|à°¿à°¯|à±ĭà°²|à°¾à°ľ|à°¿à°ķà°²|à±į|Ġà°¸à°°|à±įà°µ|à±ĩ|Ġ(|à°¯|à±ģà°İ|à°¸|à±į|âĢ|Į|à°ľ|à°¿à°İà°¸|à±į)|Ġà°Ĩà°¸|à±įà°Ł|à±įà°°|à±ĭà°ľ|à°¿à°¯|à±ĭà°²|à°ľ|à°¿|Ġà°¬|à±ĥà°Ĥ|à°¦|à°Ĥ|Ġà°®à°°|à°¿à°¯|à±ģ|Ġà°Ĺ|à±įà°²|à±Ĩà°¨|à±į|Ġà°ķ|à±ģà°·|à°¿à°Ĥ|à°Ĺ|à±į|Ġà°ħà°¨|à±įà°¨|à°¾à°°|à±ģ.|Ġ""","""|వాటి||ఉష్ణ|ప్రవర|తన|భూమి|ప||తరచ||స్థి|రమ|న|ఉష్ణ|గ్రతన||కలిగి||ఉండ||పెద|ద|గుహల|వలె|స్థి|రంగ|ా|ఉండద|,|అవి|నిర|వహి|స్తాయి|,|అయిత||ఇవి|భూమిల||లోత|న|రంధ|రాల|గా|ఉండటాని|కి|అనుగ|ణంగ|ా|ఉంటాయి||""""|అని||అరిజ|నాల|ని|ఫ్లాగ|‌స|టాఫ|‌ల||ఉన్న|ఉత|తర|అరిజ|నా|విశ|వవి|ద|యా|యా|ి|కి|చెంది|న|యునైటెడ||స్ట|ట|స||జియోలాజి|కల||సర|వే|(యుఎస్‌జి|ఎస్)|ఆస్ట్ర|జియ|లజి||బృందం|మరియు|గ్ల|న్|కుషి|ంగ||అన్నార|.|""","{""42"": ""\""|వాటి||ఉష్ణ|ప్రవర|తన|భూమి|ప||తరచ||స్థి|రమ|న|ఉష్ణ|గ్రతన||కలిగి||ఉండ||పెద|ద|గుహల|వలె|స్థి|రంగ|ా|ఉండద|,|అవి|నిర|వహి|స్తాయి|,|అయిత||ఇవి|భూమిల||లోత|న|రంధ|రాల|గా|ఉండటాని|కి|అనుగ|ణంగ|ా|ఉంటాయి||\""\""|అని||అరిజ|నాల|ని|ఫ్లాగ|‌స|టాఫ|‌ల||ఉన్న|ఉత|తర|అరిజ|నా|విశ|వవి|ద|యా|యా|ి|కి|చెంది|న|యునైటెడ||స్ట|ట|స||జియోలాజి|కల||సర|వే|(యుఎస్‌జి|ఎస్)|ఆస్ట్ర|జియ|లజి||బృందం|మరియు|గ్ల|న్|కుషి|ంగ||అన్నార|.|\"""", ""43"": ""\""|వాటి||ఉష్ణ|ప్రవర|తన|భూమి|ప||తరచ||స్థి|రమ|న|ఉష్ణ|గ|రతన||కలిగి||ఉండ||పెద|ద|గుహల|వలె|స్థి|రంగా|ఉండద|,|అవి|నిర|వహి|స్తా|ి|,|అయిత||ఇవి|భూమి|ల||లోత|న|రంధ|రాల|గా|ఉండటాని|కి|అనుగుణంగా|ఉంటాయి||\""\""|అని|అరి|జ|నాల|ని|ఫ్లా||‌స|టాఫ|‌ల||ఉన్న|ఉత|తర|అరిజ|నా|విశ|వవి|ద|యా|యాని|కి|చెంది|న|యునైటెడ్|స్ట|ట్స||జియోలాజి|కల||సర|వే|(యుఎస్‌జిఎస్)|ఆస|ట|ర|జియ|లజి||బృందం|మరియు|గ్ల|న్|కుషి|ంగ||అన్నార|.|\"""", ""44"": ""\""|వాటి||ఉష్ణ|ప్రవర|తన|భూమి|ప||తరచ||స్థి|రమ|న|ఉష్ణ|గ|రతన||కలిగి||ఉండ||పెద|ద|గుహల|వలె|స్థి|రంగ|ా|ఉండద|,|అవి|నిర|వహి|స్తా|ి|,|అయిత||ఇవి|భూమి|ల||లోత|న|రంధ|రాల|గా|ఉండటాని|కి|అనుగ|ణంగా|ఉంటాయి||\""\""|అని|అరిజ|నాల|ని|ఫ్లా||‌స్టా||‌ల||ఉన్న|ఉత|తర|అరిజ|నా|విశ|వవి|ద|యాలయా|ి|కి|చెంది|న|యున|టెడ్|స్ట|ట|స||జియోలాజి|కల||సర|వే|(యుఎస|‌జ|ి|ఎస|)|ఆస్ట|ర|జియ|లజి||బృందం|మరియు|గ్లెన్|కుషి|ంగ||అన్నార|.|\"""", ""45"": ""\""|వాటి||ఉష్ణ|ప్రవ||తన|భూమిప||తరచ||స్థి|రమ|న|ఉష్ణ|గ|రతన||కలిగి||ఉండ||పెద|ద|గుహల|వలె|స్థి|రంగ|ా|ఉండద|,|అవి|నిర|వహి|స్తా|ి|,|అయిత||ఇవి|భూమి|ల||లోత|న|రంధ|రా||గా|ఉండట|ాని|కి|అన|గ|ణంగా|ఉంటాయి||\""\""అని|అరిజ|నాల|ని|ఫ్లాగ|‌స|టా||‌ల||ఉన్న|ఉత|తర|అరిజ|నా|విశ|వవి|ద|యాలయా|ి|కి|చెంది|న|యునైటెడ||స్టేట్స||జియోలాజి|కల||సర|వే|(యుఎస|‌జిఎస్)|ఆస్ట|ర|జియ|లజి||బృందం|మరియు|గ్ల|న్|కుషింగ||అన|నార|.|\"""", ""46"": ""\""|వాటి||ఉష|ణ|ప్రవర|తన|భూమి|ప||తరచ||స్థి|రమ|న|ఉష్ణ|గ్రతను|కలిగి||ఉండ||పెద|ద|గుహల|వల||స్థి|రంగ|ా|ఉండద|,|అవి||నిర|వహి|స్తాయి|,|అయిత||ఇవి|భూమి|ల||లోత|న|రంధ|రా||గా|ఉండట|ాని|కి|అన|గుణంగా|ఉంటాయి||\""\""అని|అరిజ|నాల|ని|ఫ్లాగ|‌స్టా||‌ల||ఉన్న|ఉత|తర|అరిజ|నా|విశ|వవి|ద|యా|యాని|కి|చెంది|న|యునైటెడ||స్ట|ట|స||జియోలాజి|కల||సర|వే|(యుఎస|‌జి|ఎస్)|ఆస్ట|ర|జియోలజి||బృందం|మరియు|గ్ల|న్|కుషి|ంగ||అన్నార|.|\""""}"
te,"""వారు కూడా ఒక ప్రకటనలో, """"సిబ్బంది ప్రస్తుతం ఓడను సురక్షితంగా తీయడానికి ఉత్తమమైన పద్ధతిని నిర్ణయించడానికి కృషి చేస్తున్నారు""""అని చెప్పారు.""",1,1,5,5,True,"""|à°µ|à°¾à°°|à±ģ|Ġà°ķ|à±Ĥà°¡|à°¾|Ġà°Ĵà°ķ|Ġà°ª|à±įà°°à°ķà°Łà°¨à°²|à±ĭ,|Ġ""|""|à°¸|à°¿à°¬|à±įà°¬|à°Ĥà°¦|à°¿|Ġà°ª|à±įà°°à°¸|à±įà°¤|à±ģà°¤|à°Ĥ|Ġà°ĵà°¡|à°¨|à±ģ|Ġà°¸|à±ģà°°à°ķ|à±įà°·|à°¿à°¤|à°Ĥà°Ĺ|à°¾|Ġà°¤|à±Ģà°¯à°¡|à°¾à°¨|à°¿à°ķ|à°¿|Ġà°īà°¤|à±įà°¤à°®à°®|à±Īà°¨|Ġà°ªà°¦|à±įà°§à°¤|à°¿à°¨|à°¿|Ġà°¨|à°¿à°°|à±įà°£à°¯|à°¿à°Ĥ|à°ļà°¡|à°¾à°¨|à°¿à°ķ|à°¿|Ġà°ķ|à±ĥà°·|à°¿|Ġà°ļ|à±ĩà°¸|à±įà°¤|à±ģà°¨|à±įà°¨|à°¾à°°|à±ģ""|""|à°ħà°¨|à°¿|Ġà°ļ|à±Ĩà°ª|à±įà°ª|à°¾à°°|à±ģ.|""","""|వార||కూడా|ఒక|ప్రకటనల|,|""""|సిబ|బంది||ప్రస|త|తం|ఓడన||సురక|షి|తంగ|ా|తీయడాని|కి|ఉత|తమమ|న|పద|ధతి|ని||నిర|ణయి|ంచడా|ి|కి|కృషి||చేస్త|న్నార|""""|అని|చెప్పార|.""","{""42"": ""\""|వార||కూడా|ఒక|ప్రకటనల|,|\""\""|సిబ|బంది||ప్రస|త|తం|ఓడన||సురక|షి|తంగ|ా|తీయడాని|కి|ఉత|తమమ|న|పద|ధతి|ని||నిర|ణయి|ంచడా|ి|కి|కృషి||చేస్త|న్నార|\""\""|అని|చెప్పార|.\"""", ""43"": ""\""|వార||కూడా|ఒక|ప్రకటనల|,|\""\""సిబ|బంది||ప్రస్త|తం|ఓడన||సురక|షి|తంగ|ా|తీయడాని|కి|ఉత|తమమ|న|పద|ధతి|ని|నిర|ణయి|ంచడా|ి|కి|కృషి||చేస్త|న్నార|\""\""|అని|చెప|పార|.\"""", ""44"": ""\""|వార||కూడా|ఒక|ప్రకటనల|,|\""\""|సిబ|బంది||ప్రస|త|తం|ఓడన||సురక|షి|తంగా|తీయడాని|కి|ఉత|తమమ|న|పద|ధతి|ని|నిర|ణయి|ంచడా|ి|కి|కృషి||చేస్త|న్నార|\""\""|అని|చెప్పార|.\"""", ""45"": ""\""|వా|||కూడా|ఒక|ప్రకటనల|,|\""\""|సిబ|బంది||ప్రస్త|తం|ఓడన||సురక|షి|తంగా|తీయడాని|కి|ఉత|తమమ|న|పద|ధతి|ని|నిర|ణయి|ంచడా|ి|కి|కృషి||చేస్త|న్నార|\""\""|అని|చెప్పార|.\"""", ""46"": ""\""||ార||కూడా|ఒక|ప్రకటనల|,|\""\""|సిబ|బంది||ప్రస|త|తం|ఓడన||సురక|షి|తంగ|ా|తీయడా|ి|కి|ఉత|తమమ|న|పద|ధతి|ని|నిర|ణయి|ంచడాని|కి|కృషి||చేస్త|న్నార|\""\""|అని|చెప్పా||.\""""}"
te,"""వెబ్‌సైట్‌లపై ప్రేక్షకుల ప్రతిచర్యలను పరిశోధించినప్పుడు """"వ్యక్తిగత ప్రమేయం"""" మరియు """"నిరంతర సంబంధాలు"""" కూడా ఐగ్మీ మరియు మెక్‌కార్డ్ (1998) లు కొత్త ప్రేరణ అంశాలను గుర్తించారు.""",1,1,5,5,True,"""|à°µ|à±Ĩà°¬|à±į|âĢ|Į|à°¸|à±Īà°Ł|à±į|âĢ|Į|à°²|à°ª|à±Ī|Ġà°ª|à±įà°°|à±ĩà°ķ|à±įà°·à°ķ|à±ģà°²|Ġà°ª|à±įà°°à°¤|à°¿à°ļà°°|à±įà°¯à°²à°¨|à±ģ|Ġà°ªà°°|à°¿à°¶|à±ĭà°§|à°¿à°Ĥ|à°ļ|à°¿à°¨à°ª|à±įà°ª|à±ģà°¡|à±ģ|Ġ""|""|à°µ|à±įà°¯à°ķ|à±įà°¤|à°¿à°Ĺà°¤|Ġà°ª|à±įà°°à°®|à±ĩà°¯|à°Ĥ|""|""|Ġà°®à°°|à°¿à°¯|à±ģ|Ġ""|""|à°¨|à°¿à°°|à°Ĥà°¤à°°|Ġà°¸|à°Ĥà°¬|à°Ĥà°§|à°¾à°²|à±ģ""|""|Ġà°ķ|à±Ĥà°¡|à°¾|Ġà°Ĳ|à°Ĺ|à±įà°®|à±Ģ|Ġà°®à°°|à°¿à°¯|à±ģ|Ġà°®|à±Ĩà°ķ|à±į|âĢ|Į|à°ķ|à°¾à°°|à±įà°¡|à±į|Ġ(|199|8|)|Ġà°²|à±ģ|Ġà°ķ|à±Ĭà°¤|à±įà°¤|Ġà°ª|à±įà°°|à±ĩà°°à°£|Ġà°ħ|à°Ĥà°¶|à°¾à°²à°¨|à±ģ|Ġà°Ĺ|à±ģà°°|à±įà°¤|à°¿à°Ĥ|à°ļ|à°¾à°°|à±ģ.|""","""|వెబ్‌సైట్‌లప||ప్ర|క|షక|ల|ప్రతి|చర|యలన||పరిశ|ధి|ంచి|నప|ప|డు|""""|వ్యక|తిగత|ప్రమ|యం""""||మరియు|""""|నిరంతర|సంబంధా||""""||కూడా|ఐగ్మ||మరియ||మెక|‌కార|డ్|(1998)|లు|కొత|త|ప్ర|రణ|అంశాలన||గుర|తించార|.""","{""42"": ""\""|వెబ్‌సైట్‌లప||ప్ర|క|షక|ల|ప్రతి|చర|యలన||పరిశ|ధి|ంచి|నప|ప|డు|\""\""|వ్యక|తిగత|ప్రమ|యం\""\""||మరియు|\""\""|నిరంతర|సంబంధా||\""\""||కూడా|ఐగ్మ||మరియ||మెక|‌కార|డ్|(1998)|లు|కొత|త|ప్ర|రణ|అంశాలన||గుర|తించార|.\"""", ""43"": ""\""|వెబ్‌స|ట|‌లప||ప్ర|క్షక|ల|ప్రతి|చర|యలన||పరిశ|ధి|ంచి|నప|ప|డు|\""\""వ్యక|తిగత|ప్రమ|యం\""\""||మరియ||\""\""|నిరంతర|సంబంధా||\""\""||కూడా|ఐగ్మ||మరియు|మెక|‌కార|డ్|(1998)|లు|కొత|త|ప్ర|రణ|అంశాలన||గుర|తించార|.\"""", ""44"": ""\""|వెబ్‌సైట్‌లప||ప్ర|క|షక|ల|ప్రతి|చర|యలన||పరిశ|ధి|ంచి|నప|ప|డు|\""\""|వ్యక|తి|గత|ప్రమ|యం\""\""||మరియ||\""\""|నిరంతర|సంబంధా||\""\""|కూడా|ఐగ్మ||మరియు|మెక|‌కార|డ్|(1998)|లు|కొత|త|ప్ర|రణ|అంశాలన||గుర|తించార|.\"""", ""45"": ""\""|వెబ|‌స|ట్‌లప||ప్ర|క్షక|ల|ప్రతి|చర|యలన||పరిశ|ధి|ంచి|నప|ప|డు|\""\""|వ్యక|తి|గత|ప్రమ|యం\""\""||మరియు|\""\""|నిరంతర|సంబంధా||\""\""||కూడా|ఐగ్మ||మరియు|మెక|‌కార|డ్|(1998)|లు|కొత|త|ప్ర|రణ|అంశాలన||గుర|తించార|.\"""", ""46"": ""\""|వెబ|‌స|ట|‌లప||ప్ర|క్షక|ల|ప్రతి|చర|యలన||పరిశ|ధి|ంచి|నప|ప|డు|\""\""|వ్యక|తిగత|ప్రమ|యం\""\""|మరియ||\""\""|నిరంతర|సంబంధా||\""\""||కూడా|ఐగ్మ||మరియ||మెక|‌కా||డ్|(1998)|లు|కొత|త|ప్ర|రణ|అంశాలన||గుర|తించార|.\""""}"
te,"""వ్యాఖ్య అడిగినప్పుడు, మిల్లెర్ """"వినే సమయంలో మైక్ చాలా మాట్లాడుతుంది...నేను సిద్ధపడుతున్నాను కాబట్టి అతను చెప్పేది నేను నిజంగా వినలేదు"""" అని అన్నాడు.""",1,1,5,5,True,"""|à°µ|à±įà°¯|à°¾à°ĸ|à±įà°¯|Ġà°ħà°¡|à°¿à°Ĺ|à°¿à°¨à°ª|à±įà°ª|à±ģà°¡|à±ģ,|Ġà°®|à°¿à°²|à±įà°²|à±Ĩà°°|à±į|Ġ""|""|à°µ|à°¿à°¨|à±ĩ|Ġà°¸à°®à°¯|à°Ĥà°²|à±ĭ|Ġà°®|à±Īà°ķ|à±į|Ġà°ļ|à°¾à°²|à°¾|Ġà°®|à°¾à°Ł|à±įà°²|à°¾à°¡|à±ģà°¤|à±ģà°Ĥ|à°¦|à°¿...|à°¨|à±ĩà°¨|à±ģ|Ġà°¸|à°¿à°¦|à±įà°§|à°ªà°¡|à±ģà°¤|à±ģà°¨|à±įà°¨|à°¾à°¨|à±ģ|Ġà°ķ|à°¾à°¬à°Ł|à±įà°Ł|à°¿|Ġà°ħà°¤à°¨|à±ģ|Ġà°ļ|à±Ĩà°ª|à±įà°ª|à±ĩà°¦|à°¿|Ġà°¨|à±ĩà°¨|à±ģ|Ġà°¨|à°¿à°ľ|à°Ĥà°Ĺ|à°¾|Ġà°µ|à°¿à°¨à°²|à±ĩà°¦|à±ģ""|""|Ġà°ħà°¨|à°¿|Ġà°ħà°¨|à±įà°¨|à°¾à°¡|à±ģ.|""","""|వ్యా||య|అడిగి|నప|ప|డు,|మిల|లెర్|""""|విన||సమయంల||మైక||చాలా|మాట్లాడ|త|ంది...|ేను|సిద|ధపడ|త|న్నాన||కాబట్టి||అతన||చెప్ప|ది|నేను|నిజంగా|వినల|దు""""||అని|అన్నాడ|.""","{""42"": ""\""|వ్యా||య|అడిగి|నప|ప|డు,|మిల|లెర్|\""\""|విన||సమయంల||మైక||చాలా|మాట్లాడ|త|ంది...|ేను|సిద|ధపడ|త|న్నాన||కాబట్టి||అతన||చెప్ప|ది|నేను|నిజంగా|వినల|దు\""\""||అని|అన్నాడ|.\"""", ""43"": ""\""|వ్యాఖ|య|అడిగి|నప|ప|డు,|మిల|ల|ర||\""\""|విన||సమయంల||మైక||చాలా|మాట|లాడ|త|ంది...|ేను|సిద|ధపడ|త|న్నాన||కాబట్టి||అతన||చెప్ప|ది|నేను|నిజంగా|వినల|దు\""\""||అని|అన్నాడ|.\"""", ""44"": ""\""|వ్యా||య|అడిగి|నప|ప|డు,|మిల|ల|ర||\""\""|విన||సమయంల||మైక||చాలా|మాట|లాడ|త|ంది...|ేను|సిద|ధపడ|త|న్నాన||కాబట్టి||అతన||చెప్ప|ది|నేను|నిజంగా|వినల|దు\""\""||అని|అన|నాడ|.\"""", ""45"": ""\""|వ్యా||య|అడిగి|నప|ప|డు,|మిల|ల|ర||\""\""|విన||సమయంల||మైక||చాలా|మాట|లాడ|త|ంది...|ేను|సిద|ధపడ|త|న్నాన||కాబట్టి||అతన||చెప్ప|ది|నేను|నిజంగా|వినల|ద|\""\""||అని|అన్నా||.\"""", ""46"": ""\""|వ్యా||య|అడిగి|నప|ప|డు,|మిల|ల|ర||\""\""|విన||సమయంల||మైక||చాలా|మాట్లాడ|త|ంది...|ేను|సిద|ధపడ|త|న్నాన||కాబట్టి||అతన||చెప్ప|ది|నేను|నిజంగా|వినల|దు\""\""||అని|అన|నాడ|.\""""}"
te,"""సూర్యుడిని చూసినప్పుడు మనం చూసే బయటి భాగాన్ని ఫోటోస్పియర్ అంటారు, అంటే దాని అర్ధం """"గుండ్రని అగ్నిగోళం"""".""",1,1,5,5,True,"""|à°¸|à±Ĥà°°|à±įà°¯|à±ģà°¡|à°¿à°¨|à°¿|Ġà°ļ|à±Ĥà°¸|à°¿à°¨à°ª|à±įà°ª|à±ģà°¡|à±ģ|Ġà°®à°¨|à°Ĥ|Ġà°ļ|à±Ĥà°¸|à±ĩ|Ġà°¬à°¯à°Ł|à°¿|Ġà°Ń|à°¾à°Ĺ|à°¾à°¨|à±įà°¨|à°¿|Ġà°«|à±ĭà°Ł|à±ĭà°¸|à±įà°ª|à°¿à°¯à°°|à±į|Ġà°ħ|à°Ĥà°Ł|à°¾à°°|à±ģ,|Ġà°ħ|à°Ĥà°Ł|à±ĩ|Ġà°¦|à°¾à°¨|à°¿|Ġà°ħà°°|à±įà°§|à°Ĥ|Ġ""|""|à°Ĺ|à±ģà°Ĥ|à°¡|à±įà°°à°¨|à°¿|Ġà°ħà°Ĺ|à±įà°¨|à°¿à°Ĺ|à±ĭà°³|à°Ĥ|""|"".|""","""|సూర|యుడిని|చూసినప|ప|డు|మనం|చూసే|బయటి||భాగాన|ని|ఫోట|స|పి|యర||అంటార|,|అంట||దాని||అర|ధం|""""|గుండ|రని||అగ|నిగ|ళం""|""|.""","{""42"": ""\""|సూర|యుడిని|చూసినప|ప|డు|మనం|చూసే|బయటి||భాగాన|ని|ఫోట|స|పి|యర||అంటార|,|అంట||దాని||అర|ధం|\""\""|గుండ|రని||అగ|నిగ|ళం\""|\""|.\"""", ""43"": ""\""|సూర|య|డిని|చూసినప|ప|డు|మనం|చూసే|బయటి||భాగాన|ని|ఫోట|స|పి|యర||అంటార|,|అంటే|దాని||అర|ధం|\""\""|గుండ|రని||అగ్నిగ|ళం\""\"".\"""", ""44"": ""\""|సూర|యుడిని|చూసినప|ప|డు|మనం|చూసే|బయటి||భాగాన|ని|ఫోట|స|పి|యర||అంటార|,|అంటే|దాని||అర|ధం|\""\""|గుండ|రని||అగ|నిగ|ళం\""\""|.\"""", ""45"": ""\""|సూర|య|డిని|చూసినప|ప|డు|మనం|చూసే|బయటి||భాగాన|ని|ఫోట|స|పి|యర||అంటార|,|అంట||దాని||అర|ధం|\""\""|గుండ|రని||అగ|నిగ|ళం\""\""|.\"""", ""46"": ""\""|సూర|య|డిని|చూసి|నప|ప|డు|మనం|చూసే|బయటి||భాగాన|ని|ఫోట|స|పి|యర||అంటార|,|అంట||దాని||అర|ధం|\""\""|గుండ|రని||అగ|నిగ|ళం\""\""|.\""""}"
te,"""సెల్ అంటే ఏమిటి? సెల్ అనే పదం లాటిన్ పదం """"సెల్లా"""" ​​నుండి వచ్చింది, దీని అర్థం """"చిన్న గది"""", మరియు కార్క్ యొక్క నిర్మాణాన్ని గమనిస్తూ మొదట ఓ మైక్రోస్కోపిస్ట్ దీనిని ఉపయోగించారు.""",1,1,5,5,True,"""|à°¸|à±Ĩà°²|à±į|Ġà°ħ|à°Ĥà°Ł|à±ĩ|Ġà°ıà°®|à°¿à°Ł|à°¿?|Ġà°¸|à±Ĩà°²|à±į|Ġà°ħà°¨|à±ĩ|Ġà°ªà°¦|à°Ĥ|Ġà°²|à°¾à°Ł|à°¿à°¨|à±į|Ġà°ªà°¦|à°Ĥ|Ġ""|""|à°¸|à±Ĩà°²|à±įà°²|à°¾|""|""|ĠâĢ|ĭ|âĢ|ĭ|à°¨|à±ģà°Ĥ|à°¡|à°¿|Ġà°µà°ļ|à±įà°ļ|à°¿à°Ĥ|à°¦|à°¿,|Ġà°¦|à±Ģà°¨|à°¿|Ġà°ħà°°|à±įà°¥|à°Ĥ|Ġ""|""|à°ļ|à°¿à°¨|à±įà°¨|Ġà°Ĺà°¦|à°¿""|"",|Ġà°®à°°|à°¿à°¯|à±ģ|Ġà°ķ|à°¾à°°|à±įà°ķ|à±į|Ġà°¯|à±Ĭà°ķ|à±įà°ķ|Ġà°¨|à°¿à°°|à±įà°®|à°¾à°£|à°¾à°¨|à±įà°¨|à°¿|Ġà°Ĺà°®à°¨|à°¿à°¸|à±įà°¤|à±Ĥ|Ġà°®|à±Ĭà°¦à°Ł|Ġà°ĵ|Ġà°®|à±Īà°ķ|à±įà°°|à±ĭà°¸|à±įà°ķ|à±ĭà°ª|à°¿à°¸|à±įà°Ł|à±į|Ġà°¦|à±Ģà°¨|à°¿à°¨|à°¿|Ġà°īà°ªà°¯|à±ĭà°Ĺ|à°¿à°Ĥ|à°ļ|à°¾à°°|à±ģ.|""","""|సెల||అంటే|ఏమిటి|?|సెల||అన||పదం|లాటి|న్|పదం|""""|సెల్లా""""||​​నుండి|వచ్చి|ంది,|దీని||అర|థం|""""|చిన్న|గది""""|,|మరియు|కార|క్|యొక్క|నిర|మాణాన|ని|గమని|స్త||మొదట|ఓ|మైక్ర|స్క|పి|స్ట||దీనిని|ఉపయోగి|ంచార|.""","{""42"": ""\""|సెల||అంటే|ఏమిటి|?|సెల||అన||పదం|లాటి|న్|పదం|\""\""|సెల్లా\""\""||​​నుండి|వచ్చి|ంది,|దీని||అర|థం|\""\""|చిన్న|గది\""\""|,|మరియు|కార|క్|యొక్క|నిర|మాణాన|ని|గమని|స్త||మొదట|ఓ|మైక్ర|స్క|పి|స్ట||దీనిని|ఉపయోగి|ంచార|.\"""", ""43"": ""\""||ెల||అంట||ఏమిటి|?|సెల||అనే|పదం|లాటి|న||పదం|\""\""|సెల|లా\""\""||​​న|ండి|వచ్చి|ంది,|దీని||అర|థం|\""\""|చిన|న|గది\""\"",|మరియు|కార|క్|యొక్క|నిర|మాణాన|ని|గమని|స్త||మొదట|ఓ|మైక|ర|స్క|పి|స్ట||దీనిని|ఉపయోగి|ంచార|.\"""", ""44"": ""\""|సెల||అంట||ఏమిటి|?|సెల||అనే|పదం|లాటి|న||పదం|\""\""|సెల|లా\""\""||​​న|ండి|వచ్చి|ంది,|దీని|అర|థం|\""\""|చిన్న|గది\""\""|,|మరియు|కార|క్|యొక్క|నిర|మాణాన|ని|గమని|స్త||మొదట|ఓ|మైక|ర|స్క|పి|స్ట||దీనిని|ఉపయ|గి|ంచార|.\"""", ""45"": ""\""|సెల||అంట||ఏమిటి|?|సెల||అనే|పదం|లాటి|న్|పదం|\""\""|సెల|లా\""\""|​​నుండి|వచ్చి|ంది,|దీని|అర|థం|\""\""|చిన|న|గది\""\""|,|మరియు|కార|క్|యొక్క|నిర|మాణాన|ని|గమని|స్త||మొదట|ఓ|మైక|రోస్క|పి|స్ట||దీనిని|ఉపయోగి|ంచార|.\"""", ""46"": ""\""|సెల||అంటే|ఏమిటి?|సెల||అనే|పదం|లాటి|న||పదం|\""\""|సెల|లా\""\""||​​న|ండి||వచ్చి|ంది|,|దీని|అర|థం|\""\""|చిన|న|గది\""\""|,|మరియు|కార|క్|యొక్క|నిర|మాణాన|ని|గమని|స్త||మొదట|ఓ|మైక|ర|స్క|పి|స్ట||దీని|ని|ఉపయోగి|ంచార|.\""""}"
te,"""స్కీయింగ్ అనేక మంది ఔత్సాహికులతో ఒక ప్రధాన ప్రయాణ కార్యక్రమం, దీనిని అప్పుడప్పుడు"""" స్కీ బమ్స్"""" అని పిలవబడుతుంది, ఒక నిర్ధిష్ట ప్రదేశంలో స్కీయింగ్ కోసం మొత్తం సెలవులను ప్లాన్ చేయడం.""",1,1,5,5,True,"""|à°¸|à±įà°ķ|à±Ģà°¯|à°¿à°Ĥ|à°Ĺ|à±į|Ġà°ħà°¨|à±ĩà°ķ|Ġà°®|à°Ĥà°¦|à°¿|Ġà°Ķ|à°¤|à±įà°¸|à°¾à°¹|à°¿à°ķ|à±ģà°²à°¤|à±ĭ|Ġà°Ĵà°ķ|Ġà°ª|à±įà°°à°§|à°¾à°¨|Ġà°ª|à±įà°°à°¯|à°¾à°£|Ġà°ķ|à°¾à°°|à±įà°¯à°ķ|à±įà°°à°®|à°Ĥ,|Ġà°¦|à±Ģà°¨|à°¿à°¨|à°¿|Ġà°ħà°ª|à±įà°ª|à±ģà°¡à°ª|à±įà°ª|à±ģà°¡|à±ģ""|""|Ġà°¸|à±įà°ķ|à±Ģ|Ġà°¬|à°®|à±įà°¸|à±į""|""|Ġà°ħà°¨|à°¿|Ġà°ª|à°¿à°²à°µ|à°¬à°¡|à±ģà°¤|à±ģà°Ĥ|à°¦|à°¿,|Ġà°Ĵà°ķ|Ġà°¨|à°¿à°°|à±įà°§|à°¿à°·|à±įà°Ł|Ġà°ª|à±įà°°à°¦|à±ĩà°¶|à°Ĥà°²|à±ĭ|Ġà°¸|à±įà°ķ|à±Ģà°¯|à°¿à°Ĥ|à°Ĺ|à±į|Ġà°ķ|à±ĭà°¸|à°Ĥ|Ġà°®|à±Ĭà°¤|à±įà°¤|à°Ĥ|Ġà°¸|à±Ĩà°²à°µ|à±ģà°²à°¨|à±ģ|Ġà°ª|à±įà°²|à°¾à°¨|à±į|Ġà°ļ|à±ĩà°¯à°¡|à°Ĥ.|""","""|స్క|యి|ంగ||అన|క|మంది||ఔత|సాహి|క|లత||ఒక|ప్రధాన|ప్రయా||కార|యక|రమం,|దీని|ని|అప్ప|డప|ప|డు""""|స్క||బమ|స్""""||అని|పిలవబడ|త|ంది,|ఒక|నిర|ధిష|ట|ప్రద|శంల||స్క|యింగ||కోసం|మొత|తం|సెలవ|లన||ప్లా|||చేయడం.""","{""42"": ""\""|స్క|యి|ంగ||అన|క|మంది||ఔత|సాహి|క|లత||ఒక|ప్రధాన|ప్రయా||కార|యక|రమం,|దీని|ని|అప్ప|డప|ప|డు\""\""|స్క||బమ|స్\""\""||అని|పిలవబడ|త|ంది,|ఒక|నిర|ధిష|ట|ప్రద|శంల||స్క|యింగ||కోసం|మొత|తం|సెలవ|లన||ప్లా|||చేయడం.\"""", ""43"": ""\""|స్క|యి|ంగ||అనేక|మంది||ఔత|సాహి|క|లత||ఒక|ప్రధా||ప్రయా||కార|యక|రమం,|దీని|ని|అప్ప|డప|ప|డు\""\""||స్క||బమ్స్\""\""||అని|పిలవబడ|త|ంది,|ఒక|నిర|ధిష|ట|ప్రద|శంల||స్క|యింగ||కోసం|మొత|తం|సెలవ|లన||ప్లా|||చేయడం.\"""", ""44"": ""\""|స్క|యి|ంగ||అనేక|మంది||ఔత|సాహి|క|లత||ఒక|ప్రధా||ప్రయా||కార|యక|రమం,|దీనిని|అప|ప|డప|ప|డు\""\""|స్క||బమ్స్\""\""||అని|పిలవబడ|త|ంది,|ఒక|నిర|ధిష|ట|ప్రద|శంల||స్క|యి|ంగ||కోసం|మొత|తం|సెలవ|లన||ప్లా|||చేయడం.\"""", ""45"": ""\""|స్క|యింగ||అనేక|మంది|ఔత|సాహి|క|లత||ఒక|ప్రధాన|ప్రయా||కార|యక|రమం,|దీని|ని|అప్ప|డప|ప|డు\""\""||స్క||బమ్స|\""\""|అని|పిలవబడ|త|ంది,|ఒక|నిర|ధిష|ట|ప్రద|శంల||స్క|యి|ంగ||కోసం|మొత|తం|సెలవ|లన||ప్లా|||చేయడం.\"""", ""46"": ""\""|స్క|యి|ంగ||అనేక|మంది|ఔత|సాహి|క|లత||ఒక|ప్రధా||ప్రయా||కార|యక|రమం,|దీని|ని|అప్ప|డప|ప|డు\""\""||స్క||బమ్స్\""\""||అని|పిలవబడ|త|ంది,|ఒక|నిర|ధిష|ట|ప్రద|శంల||స్క|యి|ంగ||కోసం|మొత|తం|సెలవ|లన||ప్లా|||చేయడం.\""""}"
te,"""స్వాతంత్య్ర ప్రకటన వెనుక వ్రాసిన పదాలు """"ఒరిజినల్ డిక్లరేషన్ ఆఫ్ ఇండిపెండెన్స్ డేటెడ్ 4th జులై 1776"""". పత్రం దిగువన పదాలు, తలక్రిందులుగా కనిపిస్తుంది.""",1,1,5,5,True,"""|à°¸|à±įà°µ|à°¾à°¤|à°Ĥà°¤|à±įà°¯|à±įà°°|Ġà°ª|à±įà°°à°ķà°Łà°¨|Ġà°µ|à±Ĩà°¨|à±ģà°ķ|Ġà°µ|à±įà°°|à°¾à°¸|à°¿à°¨|Ġà°ªà°¦|à°¾à°²|à±ģ|Ġ""|""|à°Ĵ|à°°|à°¿à°ľ|à°¿à°¨à°²|à±į|Ġà°¡|à°¿à°ķ|à±įà°²à°°|à±ĩà°·à°¨|à±į|Ġà°Ĩà°«|à±į|Ġà°ĩ|à°Ĥà°¡|à°¿à°ª|à±Ĩà°Ĥ|à°¡|à±Ĩà°¨|à±įà°¸|à±į|Ġà°¡|à±ĩà°Ł|à±Ĩà°¡|à±į|Ġ|4|th|Ġà°ľ|à±ģà°²|à±Ī|Ġ|177|6|""|"".|Ġà°ªà°¤|à±įà°°|à°Ĥ|Ġà°¦|à°¿à°Ĺ|à±ģà°µà°¨|Ġà°ªà°¦|à°¾à°²|à±ģ,|Ġà°¤à°²à°ķ|à±įà°°|à°¿à°Ĥ|à°¦|à±ģà°²|à±ģà°Ĺ|à°¾|Ġà°ķà°¨|à°¿à°ª|à°¿à°¸|à±įà°¤|à±ģà°Ĥ|à°¦|à°¿.|""","""|స్వా|ంత|య|ర|ప్రకటన|వెన|క|వ్రా|ి|న|పదాల||""""|ఒరిజి|నల||డిక|లర|షన్|ఆఫ్|ఇండి|ప|ండ|న్స్|డేటెడ||4th|జులై|1776""""|.|పత్రం|దిగ|వన|పదాల|,|తలక|రి|ంద|లుగా|కనిపి|స్త|ంది.""","{""42"": ""\""|స్వా|ంత|య|ర|ప్రకటన|వెన|క|వ్రా|ి|న|పదాల||\""\""|ఒరిజి|నల||డిక|లర|షన్|ఆఫ్|ఇండి|ప|ండ|న్స్|డేటెడ||4th|జులై|1776\""\""|.|పత్రం|దిగ|వన|పదాల|,|తలక|రి|ంద|లుగా|కనిపి|స్త|ంది.\"""", ""43"": ""\""|స్వా|ంత|య|ర|ప్రకట|న|వెన|క|వ్రాసి|న|పదాల||\""\""ఒరిజి|నల||డిక|లర|షన||ఆఫ్|ఇండి|ప|ండ|న్స్|డేటెడ్|4th జులై|1776\""\""|.|పత్రం|దిగ|వన|పదాల|,|తలక|రి|ంద|లుగా|కనిపి|స్త|ంది.\"""", ""44"": ""\""|స్వా|ంత|య|ర|ప్రకటన|వెన|క|వ్రా|ి|న|పదాల||\""\""|ఒరిజి|నల||డిక|లర|షన||ఆఫ్|ఇండి|ప|ండ|న్స్|డేటెడ్|4th|జులై|1776\""\""|.|పత్రం|దిగ|వన|పదాల|,|తలక|రింద|లుగా|కనిపి|స్త|ంది.\"""", ""45"": ""\""|స్వ||ంత|య|ర|ప్రకటన|వెన|క|వ్రా|ి|న|పదాల||\""\""ఒరిజి|నల||డిక|లర|షన్|ఆఫ్|ఇండి|ప|ండ|న్స్|డేటెడ||4th|జులై|1776\""\""|.|పత|రం|దిగ|వన|పదా||,|తలక|రి|ంద|లుగా|కనిపి|స్త|ంది.\"""", ""46"": ""\""|స్వా|ంత|య|ర|ప్రకటన|వెన|క|వ్రా|ి|న|పదాల||\""\""|ఒరిజి|నల||డిక|లర|షన్|ఆఫ్|ఇండిప|ండ|న్స||డేటెడ||4th|జులై|1776\""\""|.|పత్రం|దిగ|వన|పదాల|,|తలక|రి|ంద|లుగా|కనిపి|స్త|ంది.\""""}"
te,"""హాంకాంగ్‌లో పుట్టిన మా, న్యూయార్క్ విశ్వవిద్యాలయం మరియు హార్వర్డ్ లా స్కూల్‌లో చదువుకున్నారు మరియు ఒకప్పుడు అమెరికన్ శాశ్వత నివాసి """"గ్రీన్ కార్డ్"""" ను కలిగి ఉన్నారు.""",1,1,5,5,True,"""|à°¹|à°¾à°Ĥ|à°ķ|à°¾à°Ĥ|à°Ĺ|à±į|âĢ|Į|à°²|à±ĭ|Ġà°ª|à±ģà°Ł|à±įà°Ł|à°¿à°¨|Ġà°®|à°¾,|Ġà°¨|à±įà°¯|à±Ĥà°¯|à°¾à°°|à±įà°ķ|à±į|Ġà°µ|à°¿à°¶|à±įà°µà°µ|à°¿à°¦|à±įà°¯|à°¾à°²à°¯|à°Ĥ|Ġà°®à°°|à°¿à°¯|à±ģ|Ġà°¹|à°¾à°°|à±įà°µà°°|à±įà°¡|à±į|Ġà°²|à°¾|Ġà°¸|à±įà°ķ|à±Ĥà°²|à±į|âĢ|Į|à°²|à±ĭ|Ġà°ļà°¦|à±ģà°µ|à±ģà°ķ|à±ģà°¨|à±įà°¨|à°¾à°°|à±ģ|Ġà°®à°°|à°¿à°¯|à±ģ|Ġà°Ĵà°ķà°ª|à±įà°ª|à±ģà°¡|à±ģ|Ġà°ħà°®|à±Ĩà°°|à°¿à°ķà°¨|à±į|Ġà°¶|à°¾à°¶|à±įà°µà°¤|Ġà°¨|à°¿à°µ|à°¾à°¸|à°¿|Ġ""|""|à°Ĺ|à±įà°°|à±Ģà°¨|à±į|Ġà°ķ|à°¾à°°|à±įà°¡|à±į""|""|Ġà°¨|à±ģ|Ġà°ķà°²|à°¿à°Ĺ|à°¿|Ġà°īà°¨|à±įà°¨|à°¾à°°|à±ģ.|""","""|హాంకా|గ|‌ల||పుట్టి|న|మా,|న్య|యార|క్|విశ|వవి|ద|యాలయం|మరియు|హార|వర|డ్|లా|స్క|ల|‌ల||చదువుక|న|నార||మరియ||ఒకప|ప|డు|అమెరి|కన||శాశ|వత|నివాసి||""""|గ్ర|న్|కార|డ్""""||ను|కలిగి||ఉన్నార|.""","{""42"": ""\""|హాంకా|గ|‌ల||పుట్టి|న|మా,|న్య|యార|క్|విశ|వవి|ద|యాలయం|మరియు|హార|వర|డ్|లా|స్క|ల|‌ల||చదువుక|న|నార||మరియ||ఒకప|ప|డు|అమెరి|కన||శాశ|వత|నివాసి||\""\""|గ్ర|న్|కార|డ్\""\""||ను|కలిగి||ఉన్నార|.\"""", ""43"": ""\""|హాంకా|గ|‌లో|పుట్టి|న|మా,|న్యూయార|క||విశ|వవి|ద|యా|యం|మరియు|హార|వర|డ్|లా|స్క|ల|‌ల||చదువుక|న|నార||మరియు|ఒకప|ప|డు|అమెరి|కన||శాశ|వత|నివాసి||\""\""గ్ర|న్|కార|డ్\""\""|ను|కలిగి||ఉన్నార|.\"""", ""44"": ""\""|హాంకా|గ|‌ల||పుట|టి|న|మా,|న్యూయార|క్|విశ|వవి|ద|యా|యం|మరియ||హార|వర|డ్|లా|స్క|ల|‌ల||చదువుక|న్నార||మరియ||ఒకప|ప|డు|అమెరి|కన||శాశ|వత|నివాసి||\""\""|గ్ర|న్|కార|డ్\""\""||ను|కలిగి||ఉన్నార|.\"""", ""45"": ""\""|హాంకా|గ|‌ల||పుట|టి|న|మా,|న్యూయార|క||విశ|వవి|ద|యా|యం|మరియు|హార|వర|డ్|లా|స్క|ల|‌ల||చదువుక|న్నార||మరియు|ఒకప|ప|డు|అమెరికన||శాశ|వత|నివాసి||\""\""|గ్ర|న్|కార|డ్\""\""||ను|కలిగి||ఉన్నార|.\"""", ""46"": ""\""|హాంకాంగ|‌ల||పుట్టి|న|మా,|న్య|యార|క||విశ|వవి|ద|యాలయం|మరియ||హార|వర|డ్|లా|స్క|ల|‌ల||చదువుక|న్నార||మరియ||ఒకప|ప|డు|అమెరి|కన||శాశ|వత|నివాసి||\""\""గ్ర|న్|కార|డ్\""\""|ను|కలిగి||ఉన్నార|.\""""}"
te,"""“Panama Papers"""" అనేది, 2016 వసంతకాలంలో పత్రికలకు లీక్ అయిన Panamanian న్యాయ సంస్థ Mossack Fonsecaకు చెందిన సుమారు 10 మిలియన్ డాక్యుమెంట్‌లను సూచించే నిర్ధిష్ట పదం.""",1,1,5,5,True,"""|âĢľ|P|an|ama|ĠPap|ers|""|""|Ġà°ħà°¨|à±ĩà°¦|à°¿,|Ġ|201|6|Ġà°µà°¸|à°Ĥà°¤à°ķ|à°¾à°²|à°Ĥà°²|à±ĭ|Ġà°ªà°¤|à±įà°°|à°¿à°ķà°²à°ķ|à±ģ|Ġà°²|à±Ģà°ķ|à±į|Ġà°ħà°¯|à°¿à°¨|ĠPan|aman|ian|Ġà°¨|à±įà°¯|à°¾à°¯|Ġà°¸|à°Ĥà°¸|à±įà°¥|ĠM|oss|ack|ĠF|onse|ca|à°ķ|à±ģ|Ġà°ļ|à±Ĩà°Ĥ|à°¦|à°¿à°¨|Ġà°¸|à±ģà°®|à°¾à°°|à±ģ|Ġ|10|Ġà°®|à°¿à°²|à°¿à°¯à°¨|à±į|Ġà°¡|à°¾à°ķ|à±įà°¯|à±ģà°®|à±Ĩà°Ĥ|à°Ł|à±į|âĢ|Į|à°²à°¨|à±ģ|Ġà°¸|à±Ĥà°ļ|à°¿à°Ĥ|à°ļ|à±ĩ|Ġà°¨|à°¿à°°|à±įà°§|à°¿à°·|à±įà°Ł|Ġà°ªà°¦|à°Ĥ.|""","""|“|Panama|Paper|s""""||అనేది,|2016|వసంతకా|ంల||పత్రికలక||లీక||అయిన|Panamanian|న్యాయ|సంస|థ|Mossack|Fonse|caక||చెందిన|సుమార||10|మిలియన||డాక|యుమెంట్‌లన||సూచి|ంచ||నిర|ధిష|ట|పదం.""","{""42"": ""\""|“|Panama|Paper|s\""\""||అనేది,|2016|వసంతకా|ంల||పత్రికలక||లీక||అయిన|Panamanian|న్యాయ|సంస|థ|Mossack|Fonse|caక||చెందిన|సుమార||10|మిలియన||డాక|యుమెంట్‌లన||సూచి|ంచ||నిర|ధిష|ట|పదం.\"""", ""43"": ""\""|“|Pan|ama|Paper|s\""|\""||అనేది,|2016|వసంతకా|ంల||పత్రికలక||లీక్|అయిన|Panamanian|న్యాయ|సంస్థ|Mossack|Fonsecaక||చెంది|న|సుమార||10|మిలియన||డాక|యుమెంట్‌లన||సూచించ||నిర|ధిష|ట|పదం.\"""", ""44"": ""\""|“|Panama|Paper|s\""|\""||అన|ది,|2016|వసంతకా|ంల||పత|రికలక||లీక||అయిన|Panamanian|న్యాయ|సంస|థ|Mossack|Fonse|caక||చెంది|న|సుమార||10|మిలియన||డాక|యుమెంట|‌లన||సూచి|ంచ||నిర|ధిష|ట|పదం.\"""", ""45"": ""\""|“|Panama|Paper|s\""\""||అనేది,|2016|వసంతకా|ంల||పత|రికలక||లీక్|అయిన|Panamanian|న్యాయ|సంస్థ|Mossack|Fonsecaక||చెంది|న|సుమార||10|మిలియన||డాక|యుమ|ంట్‌లన||సూచించ||నిర|ధిష|ట|పదం.\"""", ""46"": ""\""|“|Panama|Paper|s\""|\""||అనేది,|2016|వసంతకాలంల||పత|రికలక||లీక్|అయిన|Panamanian|న్యాయ|సంస|థ|Mossack|Fonsecaక||చెంది|న|సుమార||10|మిలియన||డాక|యుమెంట్‌లన||సూచి|ంచ||నిర|ధిష|ట|పదం.\""""}"
te,. ఈ జంతువు యొక్క ప్లూమేజ్ పైన లేత లేదా కెరోటినాయిడ్ రంగు కింద ఉండే ఛాతీ గోధుమ రంగులో ఉందని శాస్త్రవేత్తలు చెబుతున్నారు.,1,1,5,5,True,.|Ġà°Ī|Ġà°ľ|à°Ĥà°¤|à±ģà°µ|à±ģ|Ġà°¯|à±Ĭà°ķ|à±įà°ķ|Ġà°ª|à±įà°²|à±Ĥà°®|à±ĩà°ľ|à±į|Ġà°ª|à±Īà°¨|Ġà°²|à±ĩà°¤|Ġà°²|à±ĩà°¦|à°¾|Ġà°ķ|à±Ĩà°°|à±ĭà°Ł|à°¿à°¨|à°¾à°¯|à°¿à°¡|à±į|Ġà°°|à°Ĥà°Ĺ|à±ģ|Ġà°ķ|à°¿à°Ĥ|à°¦|Ġà°ī|à°Ĥà°¡|à±ĩ|Ġà°Ľ|à°¾à°¤|à±Ģ|Ġà°Ĺ|à±ĭà°§|à±ģà°®|Ġà°°|à°Ĥà°Ĺ|à±ģà°²|à±ĭ|Ġà°ī|à°Ĥà°¦à°¨|à°¿|Ġà°¶|à°¾à°¸|à±įà°¤|à±įà°°à°µ|à±ĩà°¤|à±įà°¤à°²|à±ģ|Ġà°ļ|à±Ĩà°¬|à±ģà°¤|à±ģà°¨|à±įà°¨|à°¾à°°|à±ģ.,.|ఈ జంత|వ||యొక్క|ప్ల|మ|జ||పైన|లేత|లేదా|కెర|టినాయి|డ్|రంగ||కింద|ఉండ||ఛాత||గోధ|మ|రంగ|లో|ఉందని||శా||త|రవ|త|తల||చెబుత|న్నార|.,"{""42"": "".|ఈ జంత|వ||యొక్క|ప్ల|మ|జ||పైన|లేత|లేదా|కెర|టినాయి|డ్|రంగ||కింద|ఉండ||ఛాత||గోధ|మ|రంగ|లో|ఉందని||శా||త|రవ|త|తల||చెబుత|న్నార|."", ""43"": "".|ఈ జంత|వు|యొక|క|ప్ల|మ|జ్|పైన|లేత|లేదా|కెర|టినాయి|డ||రంగ||కింద|ఉండ||ఛాత||గోధ|మ|రంగ|ల||ఉందని||శాస|త|రవ|త|తల||చెబుత|న్నార|."", ""44"": "".|ఈ జంత|వ||యొక|క|ప్ల|మ|జ్|పైన|లేత|లేదా|కెర|టినాయి|డ||రంగ||కింద|ఉండ||ఛాత||గోధుమ|రంగ|లో|ఉందని||శాస|త|రవ|త|తల||చెబుత|న్నార|."", ""45"": "".|ఈ జంత|వు|యొక|క|ప్ల|మ|జ్|పైన|లేత|లేదా|కెర|టినాయి|డ్|రంగ||కింద|ఉండ||ఛాత||గోధ|మ|రంగ|ల||ఉందని||శాస్త|రవ|త|తల||చెబుత|న్నార|."", ""46"": "".|ఈ జంత|వు|యొక్క|ప్ల|మ|జ||పైన|లేత|లేదా|కెర|టినాయి|డ||రంగ||కింద|ఉండ||ఛాత||గోధుమ|రంగ|ల||ఉందని||శాస్త|రవ|త|తల||చెబుత|న్నార|.""}"
te,1 రింగ్ ధరించడం కూడా ఉపయోగకరం (ఖరీదైనదిగా కనిపించేదే కాకుండా).,1,1,5,5,True,1|Ġà°°|à°¿à°Ĥ|à°Ĺ|à±į|Ġà°§à°°|à°¿à°Ĥ|à°ļà°¡|à°Ĥ|Ġà°ķ|à±Ĥà°¡|à°¾|Ġà°īà°ªà°¯|à±ĭà°Ĺ|à°ķà°°|à°Ĥ|Ġ(|à°ĸà°°|à±Ģà°¦|à±Īà°¨à°¦|à°¿à°Ĺ|à°¾|Ġà°ķà°¨|à°¿à°ª|à°¿à°Ĥ|à°ļ|à±ĩà°¦|à±ĩ|Ġà°ķ|à°¾à°ķ|à±ģà°Ĥ|à°¡|à°¾|).,1|రింగ||ధరి|ంచడం|కూడా|ఉపయోగకరం|(ఖర|దైనది|గ|ా|కనిపి|ంచ|దే|కాక|ండా).,"{""42"": ""1|రింగ||ధరి|ంచడం|కూడా|ఉపయోగకరం|(ఖర|దైనది|గ|ా|కనిపి|ంచ|దే|కాక|ండా)."", ""43"": ""1|రింగ||ధరి|ంచడం|కూడా|ఉపయ|గకరం|(ఖర|ద|నది|గా|కనిపి|ంచ|ద||కాక|ండా)."", ""44"": ""1|రింగ||ధరించడం|కూడా|ఉపయ|గకరం|(ఖర|ద|నది|గ|ా|కనిపి|ంచ|ద||కాక|ండా)."", ""45"": ""1||రింగ||ధరి|ంచడం|కూడా|ఉపయ|గకరం|(ఖర|ద|నదిగ|ా|కనిపి|ంచ|ద||కాక|ండా)."", ""46"": ""1|రింగ||ధరి|ంచడం|కూడా|ఉపయ|గకరం|(ఖర|ద|నదిగా|కనిపి|ంచ|ద||కాక|ండా).""}"
te,100 అడుగుల వెడల్పు ఉన్న విభాగంలో లెవీపై నీరు చిమ్ముతోంది.,1,1,5,5,True,100|Ġà°ħà°¡|à±ģà°Ĺ|à±ģà°²|Ġà°µ|à±Ĩà°¡à°²|à±įà°ª|à±ģ|Ġà°īà°¨|à±įà°¨|Ġà°µ|à°¿à°Ń|à°¾à°Ĺ|à°Ĥà°²|à±ĭ|Ġà°²|à±Ĩà°µ|à±Ģà°ª|à±Ī|Ġà°¨|à±Ģà°°|à±ģ|Ġà°ļ|à°¿à°®|à±įà°®|à±ģà°¤|à±ĭà°Ĥ|à°¦|à°¿.,10|0|అడుగ|ల|వెడల|ప||ఉన్న|విభా|ంల||లెవ|ప||నీర||చిమ|మ|త|ంది.,"{""42"": ""10|0|అడుగ|ల|వెడల|ప||ఉన్న|విభా|ంల||లెవ|ప||నీర||చిమ|మ|త|ంది."", ""43"": ""10|0|అడుగ|ల|వెడల|ప||ఉన్న|విభా|ంల||లెవీప||నీర||చిమ|మ|త|ంది."", ""44"": ""100||అడుగ|ల|వెడల|ప||ఉన్న|విభా|ంల||లెవీప||నీర||చిమ్మ|తోంది."", ""45"": ""100|అడుగ|ల|వెడల|ప||ఉన్న|విభా|ంల||లెవీప||నీరు|చిమ|మ|తోంది."", ""46"": ""100|అడుగ|ల|వెడల|ప||ఉన్న|విభా|ంల||లెవీప||నీర||చిమ్మ|తోంది.""}"
te,"108 ప్లేట్ల ఛప్పన్ భోగ్ (హిందూమతంలో, 56 వివిధ రకాల తినుబండారాలు, స్వీట్లు, పండ్లు, గింజలు, వంటకాలు మొదలైనవి) బాబా శ్యామ్ కు వడ్డించారు.",1,1,5,5,True,"108|Ġà°ª|à±įà°²|à±ĩà°Ł|à±įà°²|Ġà°Ľ|à°ª|à±įà°ªà°¨|à±į|Ġà°Ń|à±ĭà°Ĺ|à±į|Ġ(|à°¹|à°¿à°Ĥ|à°¦|à±Ĥà°®|à°¤|à°Ĥà°²|à±ĭ,|Ġ|56|Ġà°µ|à°¿à°µ|à°¿à°§|Ġà°°à°ķ|à°¾à°²|Ġà°¤|à°¿à°¨|à±ģà°¬|à°Ĥà°¡|à°¾à°°|à°¾à°²|à±ģ,|Ġà°¸|à±įà°µ|à±Ģà°Ł|à±įà°²|à±ģ,|Ġà°ª|à°Ĥà°¡|à±įà°²|à±ģ,|Ġà°Ĺ|à°¿à°Ĥ|à°ľà°²|à±ģ,|Ġà°µ|à°Ĥà°Łà°ķ|à°¾à°²|à±ģ|Ġà°®|à±Ĭà°¦à°²|à±Īà°¨à°µ|à°¿)|Ġà°¬|à°¾à°¬|à°¾|Ġà°¶|à±įà°¯|à°¾à°®|à±į|Ġà°ķ|à±ģ|Ġà°µà°¡|à±įà°¡|à°¿à°Ĥ|à°ļ|à°¾à°°|à±ģ.","108|ప్ల|ట్ల|ఛప్పన||భోగ||(హింద|మతంల|,|56|వివి|ధ|రకాల|తిన|బండారాల|,|స్వీట్ల|,|పండ|ల|,|గింజల|,|వంటకా|||మొదల|నవి)|బాబా|శ్యామ||కు|వడ్డి|ంచార|.","{""42"": ""108|ప్ల|ట్ల|ఛప్పన||భోగ||(హింద|మతంల|,|56|వివి|ధ|రకాల|తిన|బండారాల|,|స్వీట్ల|,|పండ|ల|,|గింజల|,|వంటకా|||మొదల|నవి)|బాబా|శ్యామ||కు|వడ్డి|ంచార|."", ""43"": ""1|0|8|ప్ల|ట్ల|ఛప్పన||భోగ్|(హింద|మతంల|,|56|వివి|ధ|రకాల|తిన|బండారాల|,|స్వ|ట్ల|,|పండ|ల|,|గింజల|,|వంటకాల||మొదల|నవి)|బాబా|శ్యామ||కు|వడ్డి|ంచార|."", ""44"": ""108|ప్ల|ట్ల|ఛప్పన||భోగ్|(హింద|మతంల|,|56|వివి|ధ|రకాల|తిన|బండారా||,|స్వ|ట|ల|,|పండ|ల|,|గింజల|,|వంటకాల||మొదల|నవి)|బాబా|శ్యా|||కు|వడ్డి|ంచార|."", ""45"": ""10|8|ప్ల|ట్ల|ఛప్పన||భోగ||(హింద|మతంల|,|56|వివి|ధ|రకాల|తిన|బండారాల|,|స్వ|ట్ల|,|పండ|ల|,|గింజల|,|వంటకాల||మొదల|నవి)|బాబా|శ్యా|||కు|వడ్డి|ంచార|."", ""46"": ""108|ప్ల|ట్ల|ఛప్పన||భోగ||(హింద|మతంల|,|56|వివి|ధ|రకాల|తిన|బండారాల|,|స్వ|ట్ల|,|పండ|ల|,|గింజల|,|వంటకాల||మొదల|నవి)|బాబా|శ్యా|||కు|వడ్డి|ంచార|.""}"
te,"11:00 తరువాత, నిరసనకారులు వైట్‌హాల్‌‌‌లోని నార్త్‌బౌండ్ క్యారేజీపై ట్రాఫిక్‌ను అడ్డుకున్నారు.",1,1,5,5,True,"11|:|00|Ġà°¤à°°|à±ģà°µ|à°¾à°¤|,|Ġà°¨|à°¿à°°à°¸à°¨|à°ķ|à°¾à°°|à±ģà°²|à±ģ|Ġà°µ|à±Īà°Ł|à±į|âĢ|Į|à°¹|à°¾à°²|à±į|âĢ|Į|âĢ|Į|âĢ|Į|à°²|à±ĭà°¨|à°¿|Ġà°¨|à°¾à°°|à±įà°¤|à±į|âĢ|Į|à°¬|à±Įà°Ĥ|à°¡|à±į|Ġà°ķ|à±įà°¯|à°¾à°°|à±ĩà°ľ|à±Ģà°ª|à±Ī|Ġà°Ł|à±įà°°|à°¾à°«|à°¿à°ķ|à±į|âĢ|Į|à°¨|à±ģ|Ġà°ħà°¡|à±įà°¡|à±ģà°ķ|à±ģà°¨|à±įà°¨|à°¾à°°|à±ģ.","11|:0|0|తర|వాత,|నిరసనకా||లు|వైట్‌హాల|‌‌‌ల|ని|నార|త్‌బౌండ||క్యా||జీప||ట్రా|ి|క|‌ను|అడ్డ|క|న్నార|.","{""42"": ""11|:0|0|తర|వాత,|నిరసనకా||లు|వైట్‌హాల|‌‌‌ల|ని|నార|త్‌బౌండ||క్యా||జీప||ట్రా|ి|క|‌ను|అడ్డ|క|న్నార|."", ""43"": ""11:00|తరువాత,|నిరసనకా||లు|వైట్‌హా||‌‌‌ల|ని|నార|త|‌బ|ండ||క్యార|జీప||ట్రా|ిక|‌ను|అడ్డ|క|న|నార|."", ""44"": ""11:0|0|తర|వాత,|నిరసనకా||లు|వైట్‌హాల|‌‌‌ల|ని|నార|త|‌బౌండ||క్యా||జీప||ట్రా|ిక|‌ను|అడ్డ|క|న్నార|."", ""45"": ""11:0|0|తర|వాత,|నిరసనకా||లు|వైట్‌హాల|‌‌‌ల|ని|నార|త|‌బౌండ||క్యా||జీప||ట్రాఫిక|‌ను|అడ్డ|క|న్నార|."", ""46"": ""11:0|0|తరువాత,|నిరసనకా||లు|వైట్‌హాల|‌‌‌ల|ని|నార|త|‌బ|ండ||క్యా||జీప||ట్రా|ిక|‌న||అడ్డ|క|న్నార|.""}"
te,"11:20 కి, పోలీసులు నిరసనకారులను పేవ్ మెంట్ పై తిరిగి కదలమని కోరారు, వారు ట్రాఫిక్ ను నిర్మించడానికి నిరసన తెలిపే హక్కును సమతుల్యం చేయాల్సిన అవసరం ఉందని పేర్కొన్నారు.",1,1,5,5,True,"11|:|20|Ġà°ķ|à°¿,|Ġà°ª|à±ĭà°²|à±Ģà°¸|à±ģà°²|à±ģ|Ġà°¨|à°¿à°°à°¸à°¨|à°ķ|à°¾à°°|à±ģà°²à°¨|à±ģ|Ġà°ª|à±ĩà°µ|à±į|Ġà°®|à±Ĩà°Ĥ|à°Ł|à±į|Ġà°ª|à±Ī|Ġà°¤|à°¿à°°|à°¿à°Ĺ|à°¿|Ġà°ķà°¦à°²|à°®à°¨|à°¿|Ġà°ķ|à±ĭà°°|à°¾à°°|à±ģ,|Ġà°µ|à°¾à°°|à±ģ|Ġà°Ł|à±įà°°|à°¾à°«|à°¿à°ķ|à±į|Ġà°¨|à±ģ|Ġà°¨|à°¿à°°|à±įà°®|à°¿à°Ĥ|à°ļà°¡|à°¾à°¨|à°¿à°ķ|à°¿|Ġà°¨|à°¿à°°à°¸à°¨|Ġà°¤|à±Ĩà°²|à°¿à°ª|à±ĩ|Ġà°¹à°ķ|à±įà°ķ|à±ģà°¨|à±ģ|Ġà°¸à°®à°¤|à±ģà°²|à±įà°¯|à°Ĥ|Ġà°ļ|à±ĩà°¯|à°¾à°²|à±įà°¸|à°¿à°¨|Ġà°ħà°µà°¸à°°|à°Ĥ|Ġà°ī|à°Ĥà°¦à°¨|à°¿|Ġà°ª|à±ĩà°°|à±įà°ķ|à±Ĭà°¨|à±įà°¨|à°¾à°°|à±ģ.","11|:20|కి,|పోల|సుల||నిరసనకా||లన||పేవ్|మెంట||పై|తిరిగి||కదలమని|కోరార|,|వార||ట్రాఫి|క||ను|నిర|మించడా|ి|కి|నిరసన|తెలిప||హక్క|ను|సమత|ల్యం|చేయాల|సి|న|అవసరం|ఉందని||పేర|కొన|నార|.","{""42"": ""11|:20|కి,|పోల|సుల||నిరసనకా||లన||పేవ్|మెంట||పై|తిరిగి||కదలమని|కోరార|,|వార||ట్రాఫి|క||ను|నిర|మించడా|ి|కి|నిరసన|తెలిప||హక్క|ను|సమత|ల్యం|చేయాల|సి|న|అవసరం|ఉందని||పేర|కొన|నార|."", ""43"": ""11:2|0|కి,|పోల|సుల||నిరసనక|||లన||పేవ||మెంట్|పై|తిరిగి||కదలమని||కోరార|,|వార||ట్రా|ిక||ను|నిర|మించడా|ి|కి|నిరసన|తెలిప||హక్క|ను|సమత|ల్యం|చేయాల|సిన|అవసరం|ఉందని||పేర|కొన్నార|."", ""44"": ""11:2|0|కి,|పోల|సుల||నిరసనక|||లన||పేవ్|మెంట||పై|తిరిగి||కదలమని||కోరార|,|వార||ట్రా|ిక||ను|నిర|మించడాని|కి|నిరసన|తెలిప||హక్క|ను|సమత|ల్యం|చేయాల|సి|న|అవసరం|ఉందని||పేర|క|న|నార|."", ""45"": ""11:2|0|కి,|పోల|సుల||నిరసనకా||లన||పేవ్|మెంట్|పై|తిరిగి||కదలమని||కోరార|,|వార||ట్రా|ిక||ను|నిర|మించడాని|కి|నిరసన|తెలిప||హక్క|ను|సమత|ల్యం|చేయాల|సి|న|అవసరం|ఉందని||పేర|క|న్నార|."", ""46"": ""11:2|0|కి,|పోల|సుల||నిరసనకా||లన||పేవ||మెంట||పై|తిరిగి||కదలమని||కోరార|,|వార||ట్రా|ిక్|ను|నిర|మించడాని|కి|నిరసన|తెలిప||హక్క|ను|సమత|ల్యం|చేయాల|సిన|అవసరం|ఉందని||పేర|కొన|నార|.""}"
te,1200 షెల్ కంపెనీలలో మూడవ వంతు సాధించడానికి డ్యూయిష్ బ్యాంక్ నియంత్రించిందని బ్రిటిష్ వార్తాపత్రిక ది గార్డియన్ సూచించింది.,1,1,5,5,True,120|0|Ġà°·|à±Ĩà°²|à±į|Ġà°ķ|à°Ĥà°ª|à±Ĩà°¨|à±Ģà°²à°²|à±ĭ|Ġà°®|à±Ĥà°¡à°µ|Ġà°µ|à°Ĥà°¤|à±ģ|Ġà°¸|à°¾à°§|à°¿à°Ĥ|à°ļà°¡|à°¾à°¨|à°¿à°ķ|à°¿|Ġà°¡|à±įà°¯|à±Ĥà°¯|à°¿à°·|à±į|Ġà°¬|à±įà°¯|à°¾à°Ĥ|à°ķ|à±į|Ġà°¨|à°¿à°¯|à°Ĥà°¤|à±įà°°|à°¿à°Ĥ|à°ļ|à°¿à°Ĥ|à°¦à°¨|à°¿|Ġà°¬|à±įà°°|à°¿à°Ł|à°¿à°·|à±į|Ġà°µ|à°¾à°°|à±įà°¤|à°¾à°ªà°¤|à±įà°°|à°¿à°ķ|Ġà°¦|à°¿|Ġà°Ĺ|à°¾à°°|à±įà°¡|à°¿à°¯à°¨|à±į|Ġà°¸|à±Ĥà°ļ|à°¿à°Ĥ|à°ļ|à°¿à°Ĥ|à°¦|à°¿.,120|0|షెల్|కంప|నీలల||మూడవ|వంత||సాధి|ంచడాని|కి|డ్య|యి|ష||బ్యా|క||నియంత|రి|ంచి|ందని||బ్రి|టి|ష||వార|తాపత|రిక|ది|గార|డియన||సూచి|ంచి|ంది.,"{""42"": ""120|0|షెల్|కంప|నీలల||మూడవ|వంత||సాధి|ంచడాని|కి|డ్య|యి|ష||బ్యా|క||నియంత|రి|ంచి|ందని||బ్రి|టి|ష||వార|తాపత|రిక|ది|గార|డియన||సూచి|ంచి|ంది."", ""43"": ""1200||షెల్|కంప|నీలల||మూడవ|వంత||సాధి|ంచడా|ి|కి|డ్య|యిష||బ్యా|క||నియంత|రించి|ందని||బ్రి|టి|ష||వార|తాపత|రిక|ది|గార|డియన||సూచి|ంచి|ంది|."", ""44"": ""1200||షెల్|కంప|నీలల||మూడవ|వంత||సాధి|ంచడా|ి|కి|డ్య|యి|ష||బ్యా|క||నియంత|రించి|ందని||బ్రిటి|ష||వార|తాపత|రిక|ది|గార|డియన||సూచి|ంచి|ంది|."", ""45"": ""1200|షెల||కంప|నీలల||మూడవ|వంత||సాధి|ంచడాని|కి|డ్య|యి|ష||బ్యా|క||నియంత|రించి|ందని||బ్రిటి|ష||వార|తాపత|రిక|ది|గార|డియన||సూచి|ంచి|ంది."", ""46"": ""1200||షెల||కంప|నీలల||మూడవ|వంత||సాధి|ంచడా|ి|కి|డ్యూయి|ష||బ్యా|క||నియంత|రించి|ందని||బ్రిటి|ష||వార|తాపత|రిక|ది|గార|డియన||సూచి|ంచి|ంది.""}"
te,"1480లలో దీని నిర్మాణం లార్డ్ హాస్టింగ్స్ చే ప్రారంభించబడినప్పుడు, దేశం సాపేక్షంగా శాంతియుతంగా ఉండి చిన్న చిన్న రోవింగ్ మారౌడర్లకు వ్యతిరేకంగా మాత్రమే రక్షణ అవసరం.",1,1,5,5,True,"148|0|à°²à°²|à±ĭ|Ġà°¦|à±Ģà°¨|à°¿|Ġà°¨|à°¿à°°|à±įà°®|à°¾à°£|à°Ĥ|Ġà°²|à°¾à°°|à±įà°¡|à±į|Ġà°¹|à°¾à°¸|à±įà°Ł|à°¿à°Ĥ|à°Ĺ|à±įà°¸|à±į|Ġà°ļ|à±ĩ|Ġà°ª|à±įà°°|à°¾à°°|à°Ĥà°Ń|à°¿à°Ĥ|à°ļà°¬à°¡|à°¿à°¨à°ª|à±įà°ª|à±ģà°¡|à±ģ,|Ġà°¦|à±ĩà°¶|à°Ĥ|Ġà°¸|à°¾à°ª|à±ĩà°ķ|à±įà°·|à°Ĥà°Ĺ|à°¾|Ġà°¶|à°¾à°Ĥ|à°¤|à°¿à°¯|à±ģà°¤|à°Ĥà°Ĺ|à°¾|Ġà°ī|à°Ĥà°¡|à°¿|Ġà°ļ|à°¿à°¨|à±įà°¨|Ġà°ļ|à°¿à°¨|à±įà°¨|Ġà°°|à±ĭà°µ|à°¿à°Ĥ|à°Ĺ|à±į|Ġà°®|à°¾à°°|à±Į|à°¡à°°|à±įà°²à°ķ|à±ģ|Ġà°µ|à±įà°¯à°¤|à°¿à°°|à±ĩà°ķ|à°Ĥà°Ĺ|à°¾|Ġà°®|à°¾à°¤|à±įà°°à°®|à±ĩ|Ġà°°à°ķ|à±įà°·à°£|Ġà°ħà°µà°¸à°°|à°Ĥ.","148|0లలో|దీని||నిర|మాణం|లార|డ్|హాస|టింగ|స్|చే|ప్రా|ంభి|ంచబడి|నప|ప|డు,|దేశం|సాప|క|షంగా|శాంతి|య|తంగా|ఉండి|చిన|న|చిన|న|రోవింగ||మార|డర|లక||వ్యతి|ర|కంగా|మాత|రమ||రక్షణ|అవసరం.","{""42"": ""148|0లలో|దీని||నిర|మాణం|లార|డ్|హాస|టింగ|స్|చే|ప్రా|ంభి|ంచబడి|నప|ప|డు,|దేశం|సాప|క|షంగా|శాంతి|య|తంగా|ఉండి|చిన|న|చిన|న|రోవింగ||మార|డర|లక||వ్యతి|ర|కంగా|మాత|రమ||రక్షణ|అవసరం."", ""43"": ""1|480లల||దీని||నిర|మాణం|లార|డ్|హాస|టి|ంగ|స్|చే|ప్రా|ంభి|ంచబడి|నప|ప|డు,|దేశం|సాప|క|షంగ|ా|శాంతి|య|తంగ|ా|ఉండి||చిన|న|చిన|న|రోవింగ||మార|డర|లక||వ్యతి|ర|కంగ|ా|మాత|రమ||రక్షణ|అవసరం."", ""44"": ""1|480లల||దీని|నిర|మాణం|లార|డ్|హాస|టింగ|స్|చే|ప్రా|ంభి|ంచబడి|నప|ప|డు,|దేశం|సాప|క|షంగ|ా|శాంతి|య|తంగ|ా|ఉండి||చిన్న|చిన|న|రోవింగ||మార|డర|లక||వ్యతి|ర|కంగ|ా|మాత|రమ||రక|షణ|అవసరం."", ""45"": ""1|480|లల||దీని|నిర|మాణం|లార|డ్|హాస|టి|ంగ్స్|చే|ప్రా|ంభి|ంచబడి|నప|ప|డు,|దేశం|సాప|క|షంగా|శాంతి|య|తంగ|ా|ఉండి||చిన|న|చిన|న|రోవింగ||మార|డర|లక||వ్యతి|ర|కంగా|మాత|రమ||రక్షణ|అవసరం."", ""46"": ""148|0|లల||దీని|నిర|మాణం|లార|డ్|హాస|టింగ|స్|చే|ప్రా|ంభి|ంచబడి|నప|ప|డు,|దేశం|సాప|క|షంగా|శాంతి|య|తంగ|ా|ఉండి||చిన|న|చిన|న|రోవింగ||మార|డర|లక||వ్యతి|ర|కంగా|మాత|రమ||రక|షణ|అవసరం.""}"
te,"1492 మరియు 1498 మధ్య ఫ్రే బార్టోలోమే డి లాస్ కాసాస్ (ట్రాటడో డి లాస్ ఇండియాస్) ఆధారంగా స్పానిష్ ఆక్రమణ దారులు సుమారు 100,000 టైనోలను చంపారు.",1,1,5,5,True,"149|2|Ġà°®à°°|à°¿à°¯|à±ģ|Ġ|149|8|Ġà°®à°§|à±įà°¯|Ġà°«|à±įà°°|à±ĩ|Ġà°¬|à°¾à°°|à±įà°Ł|à±ĭà°²|à±ĭà°®|à±ĩ|Ġà°¡|à°¿|Ġà°²|à°¾à°¸|à±į|Ġà°ķ|à°¾à°¸|à°¾à°¸|à±į|Ġ(|à°Ł|à±įà°°|à°¾à°Ł|à°¡|à±ĭ|Ġà°¡|à°¿|Ġà°²|à°¾à°¸|à±į|Ġà°ĩ|à°Ĥà°¡|à°¿à°¯|à°¾à°¸|à±į)|Ġà°Ĩà°§|à°¾à°°|à°Ĥà°Ĺ|à°¾|Ġà°¸|à±įà°ª|à°¾à°¨|à°¿à°·|à±į|Ġà°Ĩà°ķ|à±įà°°à°®à°£|Ġà°¦|à°¾à°°|à±ģà°²|à±ģ|Ġà°¸|à±ģà°®|à°¾à°°|à±ģ|Ġ|100|,|000|Ġà°Ł|à±Īà°¨|à±ĭà°²à°¨|à±ģ|Ġà°ļ|à°Ĥà°ª|à°¾à°°|à±ģ.","14|92|మరియ||1498|మధ్య|ఫ్రే|బార|టోల|మ||డి|లాస్|కాసాస||(ట్రాట|డ||డి|లాస్|ఇండియాస|)|ఆధారంగ|ా|స్పా|ి|ష||ఆక|రమణ|దార|లు|సుమా|||100,000|టైనోలన||చంపార|.","{""42"": ""14|92|మరియ||1498|మధ్య|ఫ్రే|బార|టోల|మ||డి|లాస్|కాసాస||(ట్రాట|డ||డి|లాస్|ఇండియాస|)|ఆధారంగ|ా|స్పా|ి|ష||ఆక|రమణ|దార|లు|సుమా|||100,000|టైనోలన||చంపార|."", ""43"": ""1|492|మరియు|1498|మధ్య|ఫ్రే|బార|టోల|మ||డి|లాస||కాసాస||(ట్రాటడ||డి|లాస||ఇండి|యాస|)|ఆధారంగ|ా|స్పాని|ష||ఆక|రమణ|దార|లు|సుమార||100,000|టైన|లన||చంపార|."", ""44"": ""14|92|మరియ||1498|మధ్య|ఫ్రే|బార|టోల|మ||డి|లాస||కాసాస||(ట్రా|డో|డి|లాస||ఇండి|యాస|)|ఆధారంగ|ా|స్పాని|ష||ఆక్రమణ|దార|లు|సుమార||100,000|టైనోలన||చంపార|."", ""45"": ""1492|మరియు|1498|మధ్య|ఫ్ర||బార|టోల|మే|డి|లాస||కాసాస||(ట్రా|డ||డి|లాస్|ఇండియాస|)|ఆధారంగ|ా|స్పాని|ష||ఆక్రమణ|దార|లు|సుమార||100,000|టైన|లన||చంపార|."", ""46"": ""1|492|మరియ||1498|మధ్య|ఫ్ర||బార|టోల|మే|డి|లాస్|కాసాస||(ట్రాటడ||డి|లాస్|ఇండి|యాస|)|ఆధారంగ|ా|స్పాని|ష్|ఆక్రమణ|దార|లు|సుమార||100,000|టైనోలన||చంపార|.""}"
te,"15 వ శతాబ్దంలో, ఉత్తర ఎస్టోనియా జర్మనీ యొక్క గొప్ప సాంస్కృతిక ప్రభావంలో ఉంది.",1,1,5,5,True,"15|Ġà°µ|Ġà°¶à°¤|à°¾à°¬|à±įà°¦|à°Ĥà°²|à±ĭ,|Ġà°īà°¤|à±įà°¤à°°|Ġà°İà°¸|à±įà°Ł|à±ĭà°¨|à°¿à°¯|à°¾|Ġà°ľà°°|à±įà°®à°¨|à±Ģ|Ġà°¯|à±Ĭà°ķ|à±įà°ķ|Ġà°Ĺ|à±Ĭà°ª|à±įà°ª|Ġà°¸|à°¾à°Ĥ|à°¸|à±įà°ķ|à±ĥà°¤|à°¿à°ķ|Ġà°ª|à±įà°°à°Ń|à°¾à°µ|à°Ĥà°²|à±ĭ|Ġà°ī|à°Ĥà°¦|à°¿.","15|వ|శతాబ|దంల|,|ఉత|తర|ఎస్టోని|యా|జర్మన||యొక్క|గొప|ప|సాంస|క|తిక|ప్రభా|ంల||ఉంది.","{""42"": ""15|వ|శతాబ|దంల|,|ఉత|తర|ఎస్టోని|యా|జర్మన||యొక్క|గొప|ప|సాంస|క|తిక|ప్రభా|ంల||ఉంది."", ""43"": ""15||వ|శతాబ|దంల|,|ఉత|తర|ఎస్ట|ని|యా|జర్మన||యొక్క|గొప్ప|సాంస|క|తిక|ప్రభా|ంల||ఉంది."", ""44"": ""15|వ|శతాబ|దంల|,|ఉత|తర|ఎస్ట|నియా|జర్మన||యొక్క|గొప|ప|సాంస|క|తిక|ప్రభా|ంల||ఉంది."", ""45"": ""15|వ|శతా||దంల|,|ఉత|తర|ఎస్ట|నియా|జర్మన||యొక|క|గొప|ప|సాంస|క|తిక|ప్రభా|ంల||ఉంది."", ""46"": ""15||వ|శతాబ|దంల|,|ఉత|తర|ఎస్ట|నియా|జర్మన||యొక|క|గొప|ప|సాంస|క|తిక|ప్రభా|ంల||ఉంది.""}"
te,"1537 లో అసున్సియోన్ స్థాపించినప్పటి నుండి, పరాగ్వే దాని స్వదేశీ స్వభావం మరియు గుర్తింపును చాలా వరకు ఉంచగలిగింది.",1,1,5,5,True,"153|7|Ġà°²|à±ĭ|Ġà°ħà°¸|à±ģà°¨|à±įà°¸|à°¿à°¯|à±ĭà°¨|à±į|Ġà°¸|à±įà°¥|à°¾à°ª|à°¿à°Ĥ|à°ļ|à°¿à°¨à°ª|à±įà°ªà°Ł|à°¿|Ġà°¨|à±ģà°Ĥ|à°¡|à°¿,|Ġà°ªà°°|à°¾à°Ĺ|à±įà°µ|à±ĩ|Ġà°¦|à°¾à°¨|à°¿|Ġà°¸|à±įà°µà°¦|à±ĩà°¶|à±Ģ|Ġà°¸|à±įà°µà°Ń|à°¾à°µ|à°Ĥ|Ġà°®à°°|à°¿à°¯|à±ģ|Ġà°Ĺ|à±ģà°°|à±įà°¤|à°¿à°Ĥ|à°ª|à±ģà°¨|à±ģ|Ġà°ļ|à°¾à°²|à°¾|Ġà°µà°°à°ķ|à±ģ|Ġà°ī|à°Ĥà°ļ|à°Ĺà°²|à°¿à°Ĺ|à°¿à°Ĥ|à°¦|à°¿.","15|37|లో|అసున|సియోన||స్థాపి|ంచి|నప|పటి||నుండి,|పరా||వ||దాని||స్వ||శ||స్వభావం|మరియు|గుర|తింప|ను|చాలా|వరక||ఉంచగలి|గి|ంది.","{""42"": ""15|37|లో|అసున|సియోన||స్థాపి|ంచి|నప|పటి||నుండి,|పరా||వ||దాని||స్వ||శ||స్వభావం|మరియు|గుర|తింప|ను|చాలా|వరక||ఉంచగలి|గి|ంది."", ""43"": ""153|7|లో|అసున|సియ|న||స్థాపి|ంచి|నప|పటి||నుండి,|పరా||వ||దాని||స్వద|శీ|స్వభా|ం|మరియు|గుర|తింప|ను|చాలా|వరక||ఉంచగలి|గి|ంది|."", ""44"": ""1537|లో|అసున|సి|య|న్|స్థా|ి|ంచి|నప|పటి||నుండి,|పరా||వ||దాని||స్వద|శ||స్వభా|ం|మరియు|గుర|తింప|ను|చాలా|వరక||ఉంచగలి|గి|ంది."", ""45"": ""15|3|7|లో|అసున|సి|య|న్|స్థా|ి|ంచి|నప|పటి||నుండి,|పరాగ|వ||దాని||స్వద|శ||స్వభా|ం|మరియు|గుర|తింప|ను|చాలా|వరక||ఉంచగలి|గి|ంది."", ""46"": ""1537|లో|అసున|సి|య|న్|స్థా|ి|ంచి|నప|పటి||నుండి|,|పరా||వే|దాని||స్వద|శ||స్వభా|ం|మరియు|గుర|తింప|ను|చాలా|వరక||ఉంచగలి|గి|ంది.""}"
te,15వ శతాబ్దంలో తైవాన్ ప్రారంభం ఇక్కడ ఐరోపా నావికులు ఇల్హా ఫోర్మోసా లేదా అందమైన ద్వీపంగా పేరు నమోదు చేశారు.,1,1,5,5,True,15|à°µ|Ġà°¶à°¤|à°¾à°¬|à±įà°¦|à°Ĥà°²|à±ĭ|Ġà°¤|à±Īà°µ|à°¾à°¨|à±į|Ġà°ª|à±įà°°|à°¾à°°|à°Ĥà°Ń|à°Ĥ|Ġà°ĩà°ķ|à±įà°ķà°¡|Ġà°Ĳà°°|à±ĭà°ª|à°¾|Ġà°¨|à°¾à°µ|à°¿à°ķ|à±ģà°²|à±ģ|Ġà°ĩà°²|à±įà°¹|à°¾|Ġà°«|à±ĭà°°|à±įà°®|à±ĭà°¸|à°¾|Ġà°²|à±ĩà°¦|à°¾|Ġà°ħ|à°Ĥà°¦à°®|à±Īà°¨|Ġà°¦|à±įà°µ|à±Ģà°ª|à°Ĥà°Ĺ|à°¾|Ġà°ª|à±ĩà°°|à±ģ|Ġà°¨à°®|à±ĭà°¦|à±ģ|Ġà°ļ|à±ĩà°¶|à°¾à°°|à±ģ.,15వ|శతాబ|దంల||తైవాన||ప్రా|ంభం|ఇక|కడ|ఐర|పా|నావి|క|లు|ఇల్హా|ఫోర|మోసా|లేదా|అందమ|న|ద్వ|పంగ|ా|పేర||నమోదు|చేశార|.,"{""42"": ""15వ|శతాబ|దంల||తైవాన||ప్రా|ంభం|ఇక|కడ|ఐర|పా|నావి|క|లు|ఇల్హా|ఫోర|మోసా|లేదా|అందమ|న|ద్వ|పంగ|ా|పేర||నమోదు|చేశార|."", ""43"": ""1|5|వ|శతాబ|దంల||తైవాన||ప్రా|ంభం|ఇక|కడ|ఐర|పా|నావిక|లు|ఇల్హా|ఫోర|మోసా|లేదా|అందమ|న|ద్వ|పంగ|ా|పేర||నమోద||చేశార|."", ""44"": ""15|వ|శతా||దంల||తైవాన||ప్రా|ంభం|ఇక|కడ|ఐర|పా|నావి|క|ల||ఇల|హా|ఫోర|మోసా|లేదా|అందమ|న|ద్వ|పంగ|ా|పేర||నమోద||చేశార|."", ""45"": ""15|వ|శతాబ|దంల||తైవాన||ప్రా|ంభం|ఇక|కడ|ఐర|పా|నావిక|లు|ఇల|హా|ఫోర|మోసా|లేదా|అందమ|న|ద్వ|పంగ|ా|పేర||నమోద||చేశార|."", ""46"": ""15||శతాబ|దంల||తైవాన||ప్రా|ంభం|ఇక|కడ|ఐర|పా|నావి|క|లు|ఇల్హా|ఫోర|మోసా|లేదా|అందమ|న|ద్వ|పంగ|ా|పేర||నమోద||చేశార|.""}"
te,"15వ శతాబ్దంలో పోర్చుగీస్ అన్వేషకుడు వాస్కోడగామా ఐరోపా నుండి భారతదేశానికి కేప్ మార్గం కనుగొన్నప్పటి నుండి యూరోపియన్ ప్రభావము, ఇంకా వలసవాదం ప్రారంభమైంది.",1,1,5,5,True,"15|à°µ|Ġà°¶à°¤|à°¾à°¬|à±įà°¦|à°Ĥà°²|à±ĭ|Ġà°ª|à±ĭà°°|à±įà°ļ|à±ģà°Ĺ|à±Ģà°¸|à±į|Ġà°ħà°¨|à±įà°µ|à±ĩà°·à°ķ|à±ģà°¡|à±ģ|Ġà°µ|à°¾à°¸|à±įà°ķ|à±ĭà°¡|à°Ĺ|à°¾à°®|à°¾|Ġà°Ĳà°°|à±ĭà°ª|à°¾|Ġà°¨|à±ģà°Ĥ|à°¡|à°¿|Ġà°Ń|à°¾à°°à°¤à°¦|à±ĩà°¶|à°¾à°¨|à°¿à°ķ|à°¿|Ġà°ķ|à±ĩà°ª|à±į|Ġà°®|à°¾à°°|à±įà°Ĺ|à°Ĥ|Ġà°ķà°¨|à±ģà°Ĺ|à±Ĭà°¨|à±įà°¨à°ª|à±įà°ªà°Ł|à°¿|Ġà°¨|à±ģà°Ĥ|à°¡|à°¿|Ġà°¯|à±Ĥà°°|à±ĭà°ª|à°¿à°¯à°¨|à±į|Ġà°ª|à±įà°°à°Ń|à°¾à°µà°®|à±ģ,|Ġà°ĩ|à°Ĥà°ķ|à°¾|Ġà°µà°²à°¸|à°µ|à°¾à°¦|à°Ĥ|Ġà°ª|à±įà°°|à°¾à°°|à°Ĥà°Ńà°®|à±Īà°Ĥ|à°¦|à°¿.","15వ|శతాబ|దంల||పోర|చుగ|స్|అన|వ|షక|డు|వాస|క|డగామా|ఐర|పా|నుండి||భారతద|శా|ి|కి|కేప||మార|గం|కన|గ|న|నప|పటి||నుండి|యూర|పి|యన||ప్రభా|మ|,|ఇంకా|వలసవాదం|ప్రా|ంభమ|ంది.","{""42"": ""15వ|శతాబ|దంల||పోర|చుగ|స్|అన|వ|షక|డు|వాస|క|డగామా|ఐర|పా|నుండి||భారతద|శా|ి|కి|కేప||మార|గం|కన|గ|న|నప|పటి||నుండి|యూర|పి|యన||ప్రభా|మ|,|ఇంకా|వలసవాదం|ప్రా|ంభమ|ంది."", ""43"": ""1|5|వ|శతా||దంల||పోర|చుగ|స్|అన్వ|షక|డు|వాస|క|డగా|ా|ఐర|పా|నుండి|భారతద|శాని|కి|కేప||మార|గం|కన|గ|న|నప|పటి||నుండి|యూర|పి|యన||ప్రభా|మ|,|ఇంకా|వలసవాదం|ప్రారంభమ|ంది|."", ""44"": ""15వ|శతాబ|దంల||పోర|చుగ|స్|అన|వ|షక|డు|వాస|క|డగామా|ఐర|పా|నుండి|భారతద|శాని|కి|కేప||మార|గం|కన|గ|న|నప|పటి||నుండి|యూర|పి|యన||ప్రభా|మ|,|ఇంకా|వలసవాదం|ప్రా|ంభమ|ంది."", ""45"": ""15||శతాబ|దంల||పోర|చుగీస్|అన|వ|షక|డు|వాస|క|డగా|ా|ఐర|పా|నుండి|భారతద|శాని|కి|కేప||మార|గం|కన|గొన్నప|పటి||నుండి|యూర|పి|యన||ప్రభావమ|,|ఇంకా|వలసవా|ం|ప్రా|ంభమ|ంది|."", ""46"": ""15వ|శతాబ|దంల||పోర|చ|గ|స||అన్వ|షక|డు|వాస|క|డగా|ా|ఐరోపా|నుండి|భారతద|శాని|కి|కేప||మార|గం|కన|గ|న్నప|పటి||నుండి||యూర|పి|యన||ప్రభా|మ|,|ఇంకా|వలసవాదం|ప్రా|ంభమ|ంది.""}"
te,"1624లో డచ్ ఈస్ట్ ఇండియా కంపెనీ నైరుతి తైవాన్ లో ఒక స్థావరాన్ని ఏర్పాటు చేసింది, ఆదివాసీ ధాన్య ఉత్పత్తి విధానాల్లో పరివర్తనను ప్రారంభించింది మరియు దాని వరి మరియు చక్కెర తోటలపై పనిచేయడానికి చైనా కార్మికులను నియమించుకుంది.",1,1,5,5,True,"162|4|à°²|à±ĭ|Ġà°¡|à°ļ|à±į|Ġà°Īà°¸|à±įà°Ł|à±į|Ġà°ĩ|à°Ĥà°¡|à°¿à°¯|à°¾|Ġà°ķ|à°Ĥà°ª|à±Ĩà°¨|à±Ģ|Ġà°¨|à±Īà°°|à±ģà°¤|à°¿|Ġà°¤|à±Īà°µ|à°¾à°¨|à±į|Ġà°²|à±ĭ|Ġà°Ĵà°ķ|Ġà°¸|à±įà°¥|à°¾à°µà°°|à°¾à°¨|à±įà°¨|à°¿|Ġà°ıà°°|à±įà°ª|à°¾à°Ł|à±ģ|Ġà°ļ|à±ĩà°¸|à°¿à°Ĥ|à°¦|à°¿,|Ġà°Ĩà°¦|à°¿à°µ|à°¾à°¸|à±Ģ|Ġà°§|à°¾à°¨|à±įà°¯|Ġà°īà°¤|à±įà°ªà°¤|à±įà°¤|à°¿|Ġà°µ|à°¿à°§|à°¾à°¨|à°¾à°²|à±įà°²|à±ĭ|Ġà°ªà°°|à°¿à°µà°°|à±įà°¤à°¨|à°¨|à±ģ|Ġà°ª|à±įà°°|à°¾à°°|à°Ĥà°Ń|à°¿à°Ĥ|à°ļ|à°¿à°Ĥ|à°¦|à°¿|Ġà°®à°°|à°¿à°¯|à±ģ|Ġà°¦|à°¾à°¨|à°¿|Ġà°µà°°|à°¿|Ġà°®à°°|à°¿à°¯|à±ģ|Ġà°ļà°ķ|à±įà°ķ|à±Ĩà°°|Ġà°¤|à±ĭà°Łà°²|à°ª|à±Ī|Ġà°ªà°¨|à°¿à°ļ|à±ĩà°¯à°¡|à°¾à°¨|à°¿à°ķ|à°¿|Ġà°ļ|à±Īà°¨|à°¾|Ġà°ķ|à°¾à°°|à±įà°®|à°¿à°ķ|à±ģà°²à°¨|à±ģ|Ġà°¨|à°¿à°¯à°®|à°¿à°Ĥ|à°ļ|à±ģà°ķ|à±ģà°Ĥ|à°¦|à°¿.","16|24||ో|డచ్|ఈస్ట్|ఇండి|యా|కంప|నీ|నైరుతి|తైవాన||లో|ఒక|స్థావరా||ని|ఏర|పాట||చేసింది,|ఆదివా|||ధాన|య|ఉత|పత|తి|విధా|ాల|లో|పరివర|తనన||ప్రా|ంభి|ంచి|ంది||మరియ||దాని||వరి||మరియ||చక|క|ర|తోటలప||పనిచ|యడాని|కి|చైనా|కార|మిక|లన||నియమి|ంచ|కుంది.","{""42"": ""16|24||ో|డచ్|ఈస్ట్|ఇండి|యా|కంప|నీ|నైరుతి|తైవాన||లో|ఒక|స్థావరా||ని|ఏర|పాట||చేసింది,|ఆదివా|||ధాన|య|ఉత|పత|తి|విధా|ాల|లో|పరివర|తనన||ప్రా|ంభి|ంచి|ంది||మరియ||దాని||వరి||మరియ||చక|క|ర|తోటలప||పనిచ|యడాని|కి|చైనా|కార|మిక|లన||నియమి|ంచ|కుంది."", ""43"": ""1624ల||డచ్|ఈస్ట||ఇండియా|కంప|నీ|నైరుతి|తైవాన||లో|ఒక|స్థావరా||ని|ఏర|పాటు|చేసింది,|ఆదివా|ీ|ధాన|య|ఉత|పత|తి|విధా|ాల|లో|పరివర|తనన||ప్రా|ంభి|ంచి|ంది|మరియు|దాని||వరి|మరియు|చక్క|ర|తోటలప||పనిచ|యడా|ి|కి|చైనా|కార|మిక|లన||నియమి|ంచ|కుంది."", ""44"": ""1624లో|డచ్|ఈస్ట||ఇండి|యా|కంప|నీ|నైరుతి|తైవాన||లో|ఒక|స్థావరా||ని|ఏర|పాటు|చేసి|ంది|,|ఆదివా|||ధాన|య|ఉత|పత|తి|విధానాల|ల||పరివర|తనన||ప్రా|ంభి|ంచి|ంది|మరియ||దాని||వరి|మరియు|చక్క|ర|తోటలప||పనిచ|యడాని|కి|చైనా|కార|మిక|లన||నియమి|ంచ|కుంది."", ""45"": ""16|24|ో|డచ్|ఈస్ట్|ఇండి|యా|కంప|నీ|నైర|తి|తైవాన||లో|ఒక|స్థా|రాన|ని|ఏర|పాట||చేసింది,|ఆదివా|||ధాన|య|ఉత|పత|తి|విధానాల|లో|పరివర|తనన||ప్రా|ంభి|ంచి|ంది|మరియ||దాని||వరి|మరియు|చక్క|ర|తోటలప||పనిచ|యడాని|కి|చైనా|కార|మిక|లన||నియమి|ంచ|క|ంది."", ""46"": ""16|24లో|డచ్|ఈస్ట||ఇండి|యా|కంప|నీ|నైర|తి|తైవాన||లో|ఒక|స్థావరాన|ని|ఏర|పాట||చేసింది|,|ఆది|వా|||ధాన|య|ఉత|పత|తి|విధా|ా||లో|పరివర|తనన||ప్రా|ంభి|ంచి|ంది|మరియు|దాని||వరి||మరియు|చక|క|ర|తోటలప||పనిచ|యడా|ి|కి|చైనా|కార|మిక|లన||నియమి|ంచ|క|ంది.""}"
te,"1649లో, జాబ్ద్రుంగ్ నగావాంగ్ నామ్గ్యేల్ టిబెట్-మంగోల్ దళాలకు వ్యతిరేకంగా తన విజయాన్ని జ్ఞాపకార్థం కోటను రూపొందించాడని చెప్పబడింది.",1,1,5,5,True,"164|9|à°²|à±ĭ,|Ġà°ľ|à°¾à°¬|à±įà°¦|à±įà°°|à±ģà°Ĥ|à°Ĺ|à±į|Ġà°¨à°Ĺ|à°¾à°µ|à°¾à°Ĥ|à°Ĺ|à±į|Ġà°¨|à°¾à°®|à±įà°Ĺ|à±įà°¯|à±ĩà°²|à±į|Ġà°Ł|à°¿à°¬|à±Ĩà°Ł|à±į-|à°®|à°Ĥà°Ĺ|à±ĭà°²|à±į|Ġà°¦à°³|à°¾à°²à°ķ|à±ģ|Ġà°µ|à±įà°¯à°¤|à°¿à°°|à±ĩà°ķ|à°Ĥà°Ĺ|à°¾|Ġà°¤à°¨|Ġà°µ|à°¿à°ľà°¯|à°¾à°¨|à±įà°¨|à°¿|Ġà°ľ|à±įà°ŀ|à°¾à°ªà°ķ|à°¾à°°|à±įà°¥|à°Ĥ|Ġà°ķ|à±ĭà°Ł|à°¨|à±ģ|Ġà°°|à±Ĥà°ª|à±Ĭà°Ĥ|à°¦|à°¿à°Ĥ|à°ļ|à°¾à°¡à°¨|à°¿|Ġà°ļ|à±Ĩà°ª|à±įà°ªà°¬à°¡|à°¿à°Ĥ|à°¦|à°¿.","1649లో,|జాబ|ద|ర|ంగ||నగావా|గ||నామ|గ్య|ల||టిబ|ట్-|మంగ|ల||దళాలక||వ్యతి|ర|కంగా|తన|విజయాన|ని|జ్ఞాపకా||థం|కోటన||రూప|ంది|ంచాడని||చెప్పబడి|ంది|.","{""42"": ""1649లో,|జాబ|ద|ర|ంగ||నగావా|గ||నామ|గ్య|ల||టిబ|ట్-|మంగ|ల||దళాలక||వ్యతి|ర|కంగా|తన|విజయాన|ని|జ్ఞాపకా||థం|కోటన||రూప|ంది|ంచాడని||చెప్పబడి|ంది|."", ""43"": ""164|9లో,|జాబ|ద|ర|ంగ||నగావాంగ||నామ|గ|య|ల్|టిబ|ట్-|మంగ|ల||దళాలక||వ్యతి|ర|కంగా|తన|విజయా||ని|జ్ఞాపకా||థం|కోటన||రూప|ంది|ంచాడని||చెప్పబడి|ంది."", ""44"": ""1649లో,|జాబ|ద|ర|ంగ||నగా|ా|గ||నామ|గ|య|ల||టిబ|ట్-|మంగ|ల||దళాలక||వ్యతి|ర|కంగ|ా|తన|విజయాన|ని|జ్ఞా|కా||థం|కోటన||రూప|ంది|ంచాడని||చెప్పబడి|ంది|."", ""45"": ""1649లో,|జాబ్ద|ర|ంగ||నగావా|గ||నామ|గ్య|ల||టిబ|ట్-|మంగ|ల||దళాలక||వ్యతి|ర|కంగా|తన|విజయాన|ని|జ్ఞా|కా||థం|కోటన||రూప|ంది|ంచాడని||చెప్పబడి|ంది."", ""46"": ""1649|ో,|జాబ|ద|ర|ంగ||నగావా|గ||నామ|గ|య|ల||టిబ|ట్-|మంగ|ల||దళాలక||వ్యతి|ర|కంగా|తన|విజయాన|ని|జ్ఞాపకా||థం|కోటన||రూప|ంది|ంచాడని||చెప్పబడి|ంది.""}"
te,"1683 లో, క్వింగ్ రాజవంశం (1644-1912) దళాలు తైవాన్ యొక్క పశ్చిమ మరియు ఉత్తర తీర ప్రాంతాలను నియంత్రించాయి మరియు 1885 లో తైవాన్‌ను క్వింగ్ సామ్రాజ్యం యొక్క ప్రావిన్స్‌గా ప్రకటించాయి.",1,1,5,5,True,"168|3|Ġà°²|à±ĭ,|Ġà°ķ|à±įà°µ|à°¿à°Ĥ|à°Ĺ|à±į|Ġà°°|à°¾à°ľ|à°µ|à°Ĥà°¶|à°Ĥ|Ġ(|164|4|-|191|2|)|Ġà°¦à°³|à°¾à°²|à±ģ|Ġà°¤|à±Īà°µ|à°¾à°¨|à±į|Ġà°¯|à±Ĭà°ķ|à±įà°ķ|Ġà°ªà°¶|à±įà°ļ|à°¿à°®|Ġà°®à°°|à°¿à°¯|à±ģ|Ġà°īà°¤|à±įà°¤à°°|Ġà°¤|à±Ģà°°|Ġà°ª|à±įà°°|à°¾à°Ĥ|à°¤|à°¾à°²à°¨|à±ģ|Ġà°¨|à°¿à°¯|à°Ĥà°¤|à±įà°°|à°¿à°Ĥ|à°ļ|à°¾à°¯|à°¿|Ġà°®à°°|à°¿à°¯|à±ģ|Ġ|188|5|Ġà°²|à±ĭ|Ġà°¤|à±Īà°µ|à°¾à°¨|à±į|âĢ|Į|à°¨|à±ģ|Ġà°ķ|à±įà°µ|à°¿à°Ĥ|à°Ĺ|à±į|Ġà°¸|à°¾à°®|à±įà°°|à°¾à°ľ|à±įà°¯|à°Ĥ|Ġà°¯|à±Ĭà°ķ|à±įà°ķ|Ġà°ª|à±įà°°|à°¾à°µ|à°¿à°¨|à±įà°¸|à±į|âĢ|Į|à°Ĺ|à°¾|Ġà°ª|à±įà°°à°ķà°Ł|à°¿à°Ĥ|à°ļ|à°¾à°¯|à°¿.","16|8|3||లో,|క్వింగ||రాజవంశం|(1644-1912)|దళా|||తైవాన||యొక|క|పశ్చి|మ|మరియ||ఉత|తర|తీర|ప్రా|తాలన||నియంత|రించాయి||మరియు|1885|లో|తైవాన|‌ను|క్వింగ||సామ|రాజ|యం|యొక|క|ప్రా|ి|న|స్‌గా|ప్రకట|ి|ంచాయి|.","{""42"": ""16|8|3||లో,|క్వింగ||రాజవంశం|(1644-1912)|దళా|||తైవాన||యొక|క|పశ్చి|మ|మరియ||ఉత|తర|తీర|ప్రా|తాలన||నియంత|రించాయి||మరియు|1885|లో|తైవాన|‌ను|క్వింగ||సామ|రాజ|యం|యొక|క|ప్రా|ి|న|స్‌గా|ప్రకట|ి|ంచాయి|."", ""43"": ""16|83||లో,|క్వింగ||రాజవంశం|(1644-1912)|దళాల||తైవాన||యొక|క|పశ|చి|మ|మరియ||ఉత|తర|తీర|ప్రా|తాలన||నియంత|రించాయి||మరియు|1885|లో|తైవాన|‌ను|క్వింగ||సామ|రాజ|యం|యొక్క|ప్రా|ి|న|స|‌గా|ప్రకటి|ంచాయి|."", ""44"": ""1683|లో,|క్వింగ||రాజవంశం|(1644-|1912)|దళాల||తైవాన||యొక్క|పశ్చి|మ|మరియు|ఉత|తర|తీర|ప్రా|తాలన||నియంత|రించాయి||మరియ||1885|లో|తైవాన|‌ను|క్వింగ||సామ|రాజ|యం|యొక్క|ప్రా|ి|న|స్‌గా|ప్రకటి|ంచాయి|."", ""45"": ""16|8|3||లో,|క్వింగ||రాజవంశం|(1644-1912)|దళాల||తైవాన||యొక్క|పశ్చి|మ|మరియు|ఉత|తర|తీర|ప్రా|తాలన||నియంత|రించాయి||మరియు|1885|లో|తైవాన|‌ను|క్వింగ||సామ|రాజ|యం|యొక్క|ప్రా|ి|న|స్‌గా|ప్రకటి|ంచాయి|."", ""46"": ""168|3|లో,|క్వింగ||రాజవంశం|(1644-1912)|దళాల||తైవాన||యొక్క|పశ్చి|మ|మరియు|ఉత|తర|తీర|ప్రా|తా|న||నియంత|రించాయి||మరియు|1885|లో|తైవాన|‌ను|క్వింగ||సామ|రా||యం|యొక్క|ప్రా|ి|న|స్‌గా|ప్రకటి|ంచాయి|.""}"
te,16వ శతాబ్దం నాటికే ఇంగ్లాండులో వ్యాగన్వేలు నిర్మించారు.,1,1,5,5,True,16|à°µ|Ġà°¶à°¤|à°¾à°¬|à±įà°¦|à°Ĥ|Ġà°¨|à°¾à°Ł|à°¿à°ķ|à±ĩ|Ġà°ĩ|à°Ĥà°Ĺ|à±įà°²|à°¾à°Ĥ|à°¡|à±ģà°²|à±ĭ|Ġà°µ|à±įà°¯|à°¾à°Ĺà°¨|à±įà°µ|à±ĩà°²|à±ģ|Ġà°¨|à°¿à°°|à±įà°®|à°¿à°Ĥ|à°ļ|à°¾à°°|à±ģ.,16వ|శతాబ|దం|నాటి|క||ఇంగ|లాండ|ల||వ్యాగన|వేల||నిర|మించార|.,"{""42"": ""16వ|శతాబ|దం|నాటి|క||ఇంగ|లాండ|ల||వ్యాగన|వేల||నిర|మించార|."", ""43"": ""16వ|శతాబ|దం|నాటి|క||ఇంగ|లాండ|ల||వ్యా|న|వేలు|నిర|మించార|."", ""44"": ""16|వ|శతాబ|దం|నాటి|క||ఇంగ|లాండ|ల||వ్యా|న|వ|ల||నిర|మించార|."", ""45"": ""16వ|శతా||దం|నాటి|క||ఇంగ|లాండ|ల||వ్యా|న|వేల||నిర|మించార|."", ""46"": ""16|వ|శతాబ|ద||నాటి|క||ఇంగ|లా|డ|ల||వ్యా|న|వేల||నిర|మించార|.""}"
te,"16వ శతాబ్దంలో స్పానిష్ వారు ప్రవేశించకముందు, స్థానిక అరౌకానియన్లు (మాపుచె) మధ్య మరియు దక్షిణ చిలీలో నివసిస్తూ ఉన్నప్పుడు ఉత్తర చిలీ ఇన్కా పాలనలో ఉండేది.",1,1,5,5,True,"16|à°µ|Ġà°¶à°¤|à°¾à°¬|à±įà°¦|à°Ĥà°²|à±ĭ|Ġà°¸|à±įà°ª|à°¾à°¨|à°¿à°·|à±į|Ġà°µ|à°¾à°°|à±ģ|Ġà°ª|à±įà°°à°µ|à±ĩà°¶|à°¿à°Ĥ|à°ļà°ķ|à°®|à±ģà°Ĥ|à°¦|à±ģ,|Ġà°¸|à±įà°¥|à°¾à°¨|à°¿à°ķ|Ġà°ħà°°|à±Įà°ķ|à°¾à°¨|à°¿à°¯à°¨|à±įà°²|à±ģ|Ġ(|à°®|à°¾à°ª|à±ģà°ļ|à±Ĩ|)|Ġà°®à°§|à±įà°¯|Ġà°®à°°|à°¿à°¯|à±ģ|Ġà°¦à°ķ|à±įà°·|à°¿à°£|Ġà°ļ|à°¿à°²|à±Ģà°²|à±ĭ|Ġà°¨|à°¿à°µà°¸|à°¿à°¸|à±įà°¤|à±Ĥ|Ġà°īà°¨|à±įà°¨à°ª|à±įà°ª|à±ģà°¡|à±ģ|Ġà°īà°¤|à±įà°¤à°°|Ġà°ļ|à°¿à°²|à±Ģ|Ġà°ĩà°¨|à±įà°ķ|à°¾|Ġà°ª|à°¾à°²à°¨à°²|à±ĭ|Ġà°ī|à°Ĥà°¡|à±ĩà°¦|à°¿.","16వ|శతాబ|దంల||స్పాని|ష||వార||ప్రవ|శి|ంచకమ|ంద|,|స్థాని|క|అర|కాని|యన|ల||(మాప|చె)||మధ్య|మరియు|దక|షి|ణ|చిల|ల||నివసి|స్త||ఉన్నప|ప|డు|ఉత|తర|చిల||ఇన్కా|పాలనల||ఉండ|ది.","{""42"": ""16వ|శతాబ|దంల||స్పాని|ష||వార||ప్రవ|శి|ంచకమ|ంద|,|స్థాని|క|అర|కాని|యన|ల||(మాప|చె)||మధ్య|మరియు|దక|షి|ణ|చిల|ల||నివసి|స్త||ఉన్నప|ప|డు|ఉత|తర|చిల||ఇన్కా|పాలనల||ఉండ|ది."", ""43"": ""16వ|శతాబ|దంల||స్పా|ి|ష||వార||ప్రవ|శి|ంచకమ|ంద|,|స్థాని|క|అర|కాని|యన|ల||(మాప|చె)|మధ్య|మరియు|దక్షిణ|చిల|ల||నివసి|స్త||ఉన్నప|ప|డు|ఉత|తర|చిల||ఇన|కా|పాలనల||ఉండ|ది."", ""44"": ""16వ|శతాబ|దంల||స్పా|ి|ష||వార||ప్రవ|శి|ంచకమ|ంద|,|స్థాని|క|అర|కాని|యన|ల||(మాప|చె)|మధ్య|మరియు|దక్షి|ణ|చిలీలో|నివసి|స్త||ఉన్నప|ప|డు|ఉత|తర|చిల||ఇన్కా|పాలనల||ఉండ|ది."", ""45"": ""16వ|శతాబ|దంల||స్పా|ి|ష||వార||ప్రవ|శి|ంచకమ|ంద|,|స్థా|ి|క|అర|కాని|యన|ల||(మాప|చె)|మధ్య|మరియ||దక్షి|ణ|చిల|ల||నివసి|స్త||ఉన్నప|ప|డు|ఉత|తర|చిల||ఇన్కా|పాలనల||ఉండ|ది."", ""46"": ""16వ|శతాబ|దంల||స్పా|ి|ష||వార||ప్రవ|శి|ంచకమ|ంద|,|స్థాని|క|అర|కాని|యన|ల||(మాప|చె)|మధ|య|మరియు|దక్షి|ణ|చిల|ల||నివసి|స్త||ఉన్నప|ప|డు|ఉత|తర|చిల||ఇన్కా|పాలనల||ఉండ|ది.""}"
te,"17,000 ద్వీపాలను ఎంచుకోవడానికి, ఇండోనేషియన్ ఆహార గొడుగు పదం, ఇది దేశ వ్యాప్తంగా కనిపించే వివిధ ప్రాంతీయ వంటకాలను ఇమిడి ఉంది.",1,1,5,5,True,"17|,|000|Ġà°¦|à±įà°µ|à±Ģà°ª|à°¾à°²à°¨|à±ģ|Ġà°İ|à°Ĥà°ļ|à±ģà°ķ|à±ĭà°µà°¡|à°¾à°¨|à°¿à°ķ|à°¿,|Ġà°ĩ|à°Ĥà°¡|à±ĭà°¨|à±ĩà°·|à°¿à°¯à°¨|à±į|Ġà°Ĩà°¹|à°¾à°°|Ġà°Ĺ|à±Ĭà°¡|à±ģà°Ĺ|à±ģ|Ġà°ªà°¦|à°Ĥ,|Ġà°ĩà°¦|à°¿|Ġà°¦|à±ĩà°¶|Ġà°µ|à±įà°¯|à°¾à°ª|à±įà°¤|à°Ĥà°Ĺ|à°¾|Ġà°ķà°¨|à°¿à°ª|à°¿à°Ĥ|à°ļ|à±ĩ|Ġà°µ|à°¿à°µ|à°¿à°§|Ġà°ª|à±įà°°|à°¾à°Ĥ|à°¤|à±Ģà°¯|Ġà°µ|à°Ĥà°Łà°ķ|à°¾à°²à°¨|à±ģ|Ġà°ĩà°®|à°¿à°¡|à°¿|Ġà°ī|à°Ĥà°¦|à°¿.","1|7,0|00|ద్వ|పాలన||ఎంచ|క|వడాని|కి,|ఇండ|న|షి|యన||ఆహార|గొడుగ||పదం,|ఇది|దేశ|వ్యా||తంగా|కనిపి|ంచ||వివి|ధ|ప్రా|త|య|వంటకా|న||ఇమిడి||ఉంది.","{""42"": ""1|7,0|00|ద్వ|పాలన||ఎంచ|క|వడాని|కి,|ఇండ|న|షి|యన||ఆహార|గొడుగ||పదం,|ఇది|దేశ|వ్యా||తంగా|కనిపి|ంచ||వివి|ధ|ప్రా|త|య|వంటకా|న||ఇమిడి||ఉంది."", ""43"": ""17|,0|00|ద్వ|పా|న||ఎంచ|క|వడాని|కి,|ఇండ|న|షి|యన||ఆహార|గొడుగ||పదం,|ఇది|దేశ|వ్యా||తంగా|కనిపి|ంచ||వివి|ధ|ప్రా|త|య|వంటకా|న||ఇమిడి||ఉంది."", ""44"": ""1|7|,0|00|ద్వ|పాలన||ఎంచ|కోవడా|ి|కి,|ఇండ|నేషి|యన||ఆహార|గొడుగ||పదం,|ఇది|దేశ|వ్యా||తంగా|కనిపి|ంచ||వివి|ధ|ప్రా|త|య|వంటకాలన||ఇమిడి|ఉంది."", ""45"": ""17,0|00||ద్వ|పాలన||ఎంచ|కోవడా|ి|కి,|ఇండ|నేషి|యన||ఆహా||గొడుగ||పదం,|ఇది|దేశ|వ్యా||తంగా|కనిపి|ంచ||వివి|ధ|ప్రా|త|య|వంటకాలన||ఇమిడి||ఉంది."", ""46"": ""17,0|00|ద్వ|పా|న||ఎంచ|కోవడాని|కి,|ఇండ|నేషి|యన||ఆహా||గొడుగ||పదం,|ఇది|దేశ|వ్యా||తంగా|కనిపి|ంచ||వివి|ధ|ప్రా|త|య|వంటకా|న||ఇమిడి||ఉంది|.""}"
te,"17వ శతాబ్దం నుండి డౌన్‌హిల్ స్కీయింగ్ ఒక క్రీడగా గుర్తింపు పొందింది, మరియు 1861లో మొదటి వినోదభరితమైన స్కీ క్లబ్ ఆస్ట్రేలియాలోని నార్వేజియన్‌‌ల చేత ప్రారంభించబడింది.",1,1,5,5,True,"17|à°µ|Ġà°¶à°¤|à°¾à°¬|à±įà°¦|à°Ĥ|Ġà°¨|à±ģà°Ĥ|à°¡|à°¿|Ġà°¡|à±Įà°¨|à±į|âĢ|Į|à°¹|à°¿à°²|à±į|Ġà°¸|à±įà°ķ|à±Ģà°¯|à°¿à°Ĥ|à°Ĺ|à±į|Ġà°Ĵà°ķ|Ġà°ķ|à±įà°°|à±Ģà°¡|à°Ĺ|à°¾|Ġà°Ĺ|à±ģà°°|à±įà°¤|à°¿à°Ĥ|à°ª|à±ģ|Ġà°ª|à±Ĭà°Ĥ|à°¦|à°¿à°Ĥ|à°¦|à°¿,|Ġà°®à°°|à°¿à°¯|à±ģ|Ġ|186|1|à°²|à±ĭ|Ġà°®|à±Ĭà°¦à°Ł|à°¿|Ġà°µ|à°¿à°¨|à±ĭà°¦|à°Ńà°°|à°¿à°¤à°®|à±Īà°¨|Ġà°¸|à±įà°ķ|à±Ģ|Ġà°ķ|à±įà°²à°¬|à±į|Ġà°Ĩà°¸|à±įà°Ł|à±įà°°|à±ĩà°²|à°¿à°¯|à°¾à°²|à±ĭà°¨|à°¿|Ġà°¨|à°¾à°°|à±įà°µ|à±ĩà°ľ|à°¿à°¯à°¨|à±į|âĢ|Į|âĢ|Į|à°²|Ġà°ļ|à±ĩà°¤|Ġà°ª|à±įà°°|à°¾à°°|à°Ĥà°Ń|à°¿à°Ĥ|à°ļà°¬à°¡|à°¿à°Ĥ|à°¦|à°¿.","17వ|శతాబ|దం|నుండి|డౌన్‌హి|ల||స్క|యి|ంగ||ఒక|క్ర|డగా|గుర|తి|ంప||పొంది|ంది,|మరియు|1861లో|మొదటి||విన|దభరి|తమ|న|స్క||క్లబ||ఆస్ట|ర|లియాల|ని|నార|వేజి|యన|‌|ల|చేత|ప్రా|ంభి|ంచబడి|ంది.","{""42"": ""17వ|శతాబ|దం|నుండి|డౌన్‌హి|ల||స్క|యి|ంగ||ఒక|క్ర|డగా|గుర|తి|ంప||పొంది|ంది,|మరియు|1861లో|మొదటి||విన|దభరి|తమ|న|స్క||క్లబ||ఆస్ట|ర|లియాల|ని|నార|వేజి|యన|‌|ల|చేత|ప్రా|ంభి|ంచబడి|ంది."", ""43"": ""17వ|శతాబ|దం|నుండి|డౌన్‌హి|ల||స్క|యి|ంగ||ఒక|క్ర|డగా|గుర|తింప||పొంది|ంది,|మరియ||1861లో|మొదటి||విన|దభరి|తమ|న|స్క||క్లబ||ఆస్ట|ర|లియాల|ని|నార|వేజి|యన|‌‌ల|చేత|ప్రా|ంభి|ంచబడి|ంది."", ""44"": ""1|7వ|శతాబ|దం|నుండి|డౌన్‌హి|ల||స్క|యి|ంగ||ఒక|క్ర|డగా|గుర|తింప||పొంది|ంది,|మరియు|1861లో|మొదటి||విన|దభరి|తమ|న|స్క||క్లబ||ఆస్ట|ర|లియా||ని|నార|వేజి|యన|‌‌ల|చేత|ప్రా|ంభి|ంచబడి|ంది|."", ""45"": ""17వ|శతాబ|దం|నుండి|డౌన్‌హిల||స్క|యి|ంగ||ఒక|క్ర|డగా|గుర|తింప||పొందింది,|మరియ||1861లో|మొదటి||విన|దభరి|తమ|న|స్క||క్లబ||ఆస్ట|ర|లి|యాల|ని|నార|వేజియన|‌‌ల|చేత|ప్రా|ంభి|ంచబడి|ంది."", ""46"": ""1|7వ|శతాబ|దం|నుండి||డౌన్‌హి|ల||స్క|యి|ంగ||ఒక|క్ర|డగా|గుర|తింప||పొంది|ంది,|మరియు|1861లో|మొదటి||విన|దభరి|తమ|న|స్క||క్లబ||ఆస్ట్ర|లియాల|ని|నార|వేజి|యన|‌‌ల|చేత|ప్రా|ంభి|ంచబడి|ంది.""}"
te,"18 శాతం మంది వెనిజులా దేశస్తులే నిరుద్యోగులుగా ఉన్నారు, వీరిలో ఎక్కువ మంది అనధికారిక ఆర్థిక వ్యవస్థలో పనిచేస్తున్నారు.",1,1,5,5,True,"18|Ġà°¶|à°¾à°¤|à°Ĥ|Ġà°®|à°Ĥà°¦|à°¿|Ġà°µ|à±Ĩà°¨|à°¿à°ľ|à±ģà°²|à°¾|Ġà°¦|à±ĩà°¶|à°¸|à±įà°¤|à±ģà°²|à±ĩ|Ġà°¨|à°¿à°°|à±ģà°¦|à±įà°¯|à±ĭà°Ĺ|à±ģà°²|à±ģà°Ĺ|à°¾|Ġà°īà°¨|à±įà°¨|à°¾à°°|à±ģ,|Ġà°µ|à±Ģà°°|à°¿à°²|à±ĭ|Ġà°İà°ķ|à±įà°ķ|à±ģà°µ|Ġà°®|à°Ĥà°¦|à°¿|Ġà°ħà°¨|à°§|à°¿à°ķ|à°¾à°°|à°¿à°ķ|Ġà°Ĩà°°|à±įà°¥|à°¿à°ķ|Ġà°µ|à±įà°¯à°µà°¸|à±įà°¥à°²|à±ĭ|Ġà°ªà°¨|à°¿à°ļ|à±ĩà°¸|à±įà°¤|à±ģà°¨|à±įà°¨|à°¾à°°|à±ģ.","18|శాతం|మంది||వెనిజ|లా|దేశస|త|లే|నిర|ద|య|గ|ల|గా|ఉన్నార|,|వీరిల||ఎక|క|వ|మంది|అనధి|కా|ి|క|ఆర|థి|క|వ్యవస|థల||పనిచ|స్త|న్నార|.","{""42"": ""18|శాతం|మంది||వెనిజ|లా|దేశస|త|లే|నిర|ద|య|గ|ల|గా|ఉన్నార|,|వీరిల||ఎక|క|వ|మంది|అనధి|కా|ి|క|ఆర|థి|క|వ్యవస|థల||పనిచ|స్త|న్నార|."", ""43"": ""18|శాతం|మంది||వెనిజ|లా|దేశస|త|ల||నిర|ద|య|గ|ల|గా|ఉన్నార|,|వీరిల||ఎక్క|వ|మంది|అనధి|కా|ి|క|ఆర|థి|క|వ్యవస|థల||పనిచ|స్త|న్నార|."", ""44"": ""18|శాతం|మంది||వెనిజ|లా|దేశస|త|లే|నిర|ద|య|గ|ల|గా|ఉన|నార|,|వీరిల||ఎక|క|వ|మంది|అనధి|కా|ి|క|ఆర|థిక|వ్యవస|థల||పనిచ|స్త|న్నార|."", ""45"": ""18|శాతం|మంది||వెనిజ|లా|దేశస|త|లే|నిర|ద|య|గుల|గా|ఉన్నార|,|వీరిల||ఎక్క|వ|మంది|అనధి|కా|ి|క|ఆర|థిక|వ్యవస|థల||పనిచేస్త|న్నార|."", ""46"": ""18|శాతం|మంది|వెనిజ|లా|దేశస|త|లే|నిర|ద|య|గ|ల|గా|ఉన్నార|,|వీరిల||ఎక్క|వ|మంది|అనధి|కా|ి|క|ఆర|థిక|వ్యవస|థల||పనిచ|స్త|న్నార|.""}"
te,"1819లో కనుగొనబడిన సౌత్ షెట్లాండ్ దీవులను అనేక దేశాలు తమవి అని చెప్పాయి మరియు ఎక్కువ స్థావరాలను కలిగి ఉన్నాయి, 2020లో పదహారు చురుకుగా ఉన్నాయి.",1,1,5,5,True,"181|9|à°²|à±ĭ|Ġà°ķà°¨|à±ģà°Ĺ|à±Ĭà°¨|à°¬à°¡|à°¿à°¨|Ġà°¸|à±Įà°¤|à±į|Ġà°·|à±Ĩà°Ł|à±įà°²|à°¾à°Ĥ|à°¡|à±į|Ġà°¦|à±Ģà°µ|à±ģà°²à°¨|à±ģ|Ġà°ħà°¨|à±ĩà°ķ|Ġà°¦|à±ĩà°¶|à°¾à°²|à±ģ|Ġà°¤à°®|à°µ|à°¿|Ġà°ħà°¨|à°¿|Ġà°ļ|à±Ĩà°ª|à±įà°ª|à°¾à°¯|à°¿|Ġà°®à°°|à°¿à°¯|à±ģ|Ġà°İà°ķ|à±įà°ķ|à±ģà°µ|Ġà°¸|à±įà°¥|à°¾à°µà°°|à°¾à°²à°¨|à±ģ|Ġà°ķà°²|à°¿à°Ĺ|à°¿|Ġà°īà°¨|à±įà°¨|à°¾à°¯|à°¿,|Ġ|202|0|à°²|à±ĭ|Ġà°ªà°¦|à°¹|à°¾à°°|à±ģ|Ġà°ļ|à±ģà°°|à±ģà°ķ|à±ģà°Ĺ|à°¾|Ġà°īà°¨|à±įà°¨|à°¾à°¯|à°¿.","18|19|ల||కన|గ|నబడి|న|సౌత||షెట్లాండ||దీవ|లన||అనేక|దేశాల||తమవి||అని|చెప్పాయి||మరియు|ఎక్క|వ|స్థావరాలన||కలిగి||ఉన్నాయి|,|2020లో|పదహార||చుర|క|గా|ఉన్నాయి|.","{""42"": ""18|19|ల||కన|గ|నబడి|న|సౌత||షెట్లాండ||దీవ|లన||అనేక|దేశాల||తమవి||అని|చెప్పాయి||మరియు|ఎక్క|వ|స్థావరాలన||కలిగి||ఉన్నాయి|,|2020లో|పదహార||చుర|క|గా|ఉన్నాయి|."", ""43"": ""1819ల||కన|గ|నబడి|న|సౌత||షెట్లాండ||దీవ|లన||అనేక|దేశాల||తమవి||అని|చెప్పాయి||మరియ||ఎక్క|వ|స్థావరా|న||కలిగి||ఉన్నాయి|,|2020లో|పదహార||చుర|కుగా|ఉన్నాయి|."", ""44"": ""1819|ో|కన|గ|నబడి|న|సౌత||షెట్లాండ||దీవ|లన||అన|క|దేశాల||తమవి||అని|చెప్పాయి||మరియు|ఎక్క|వ|స్థా|రాలన||కలిగి||ఉన్నాయి|,|2020ల||పదహా|||చురుక|గా|ఉన్నాయి|."", ""45"": ""1819|ో|కన|గ|నబడి|న|సౌత||షెట్లాండ||దీవ|లన||అనేక|దేశాల||తమవి||అని|చెప్పాయి||మరియు|ఎక్క|వ|స్థావరా|న||కలిగి||ఉన్నాయి|,|2020లో|పదహార||చురుకుగా|ఉన్నాయి|."", ""46"": ""181|9లో|కనుగ|నబడి|న|సౌత||షెట్లాండ||దీవ|లన||అనేక|దేశాల||తమవి||అని|చెప్పాయి||మరియు|ఎక్క|వ|స్థావరాలన||కలిగి||ఉన్నాయి|,|2020లో|పదహార||చుర|క|గా|ఉన్నాయి|.""}"
te,"1835లో చార్లెస్ డార్విన్ చేసినట్టుగా, గాలాపాగోస్ దీవుల ప్రదేశాలని మరియు వన్యప్రాణులని పడవ ప్రయాణంలో వెళ్తున్నప్పుడు చూడటం చాలా బావుంటుంది.",1,1,5,5,True,"183|5|à°²|à±ĭ|Ġà°ļ|à°¾à°°|à±įà°²|à±Ĩà°¸|à±į|Ġà°¡|à°¾à°°|à±įà°µ|à°¿à°¨|à±į|Ġà°ļ|à±ĩà°¸|à°¿à°¨à°Ł|à±įà°Ł|à±ģà°Ĺ|à°¾,|Ġà°Ĺ|à°¾à°²|à°¾à°ª|à°¾à°Ĺ|à±ĭà°¸|à±į|Ġà°¦|à±Ģà°µ|à±ģà°²|Ġà°ª|à±įà°°à°¦|à±ĩà°¶|à°¾à°²à°¨|à°¿|Ġà°®à°°|à°¿à°¯|à±ģ|Ġà°µà°¨|à±įà°¯à°ª|à±įà°°|à°¾à°£|à±ģà°²à°¨|à°¿|Ġà°ªà°¡|à°µ|Ġà°ª|à±įà°°à°¯|à°¾à°£|à°Ĥà°²|à±ĭ|Ġà°µ|à±Ĩà°³|à±įà°¤|à±ģà°¨|à±įà°¨à°ª|à±įà°ª|à±ģà°¡|à±ģ|Ġà°ļ|à±Ĥà°¡à°Ł|à°Ĥ|Ġà°ļ|à°¾à°²|à°¾|Ġà°¬|à°¾à°µ|à±ģà°Ĥ|à°Ł|à±ģà°Ĥ|à°¦|à°¿.","1835||ో|చార|లెస్|డార|విన||చేసి|నట్ట|గా,|గాలాపా|||స్|దీవుల|ప్రద|శాలని||మరియు|వన్యప|రా||లని|పడవ|ప్రయా|ంల||వెళ్త|న్నప|ప|డు|చూడటం|చాలా|బావ|ంట|ంది.","{""42"": ""1835||ో|చార|లెస్|డార|విన||చేసి|నట్ట|గా,|గాలాపా|||స్|దీవుల|ప్రద|శాలని||మరియు|వన్యప|రా||లని|పడవ|ప్రయా|ంల||వెళ్త|న్నప|ప|డు|చూడటం|చాలా|బావ|ంట|ంది."", ""43"": ""183|5|ల||చార|లెస్|డార|విన||చేసినట్ట|గా,|గాలాపాగ||స||దీవ|ల|ప్రద|శాలని||మరియు|వన్యప|రా||లని||పడవ|ప్రయా|ంల||వెళ్త|న్నప|ప|డు|చూడటం|చాలా|బావ|ంట|ంది."", ""44"": ""1835|ల||చార|లెస్|డార|విన||చేసినట్ట|గా,|గాలాపా||స్|దీవ|ల|ప్రద|శాలని||మరియు|వన్యప|రా||లని||పడవ|ప్రయా|ంల||వెళ్త|న్నప|ప|డు|చూడటం|చాలా|బావ|ంట|ంది."", ""45"": ""1|83|5|ల||చార|లెస్|డార|విన||చేసినట్ట|గా,|గాలాపా||స్|దీవ|ల|ప్రద|శాలని||మరియు|వన్యప|రా||లని||పడవ|ప్రయాణంల||వెళ్త|న్నప|ప|డు|చూడటం|చాలా|బావ|ంట|ంది."", ""46"": ""183|5|లో|చార|లెస్|డార|విన||చేసినట్ట|గా,|గాలాపా||స్|దీవ|ల|ప్రద|శాలని||మరియ||వన్యప|రా||లని||పడవ|ప్రయా|ంల||వెళ్త|న్నప|ప|డు|చూడటం|చాలా|బావ|ంట|ంది.""}"
te,"1895లో, మొదటి సైనో-జపనీస్ యుద్ధం (1894-1895)లో ఓడిపోయిన తరువాత, క్వింగ్ ప్రభుత్వం షిమోనోసెకి ఒప్పందంపై సంతకం చేసింది, దీనితో తైవాన్‌పై సర్వ అధికారాలని జపాన్‌కు అప్పగించింది, ఇది 1945 వరకు ఈ ద్వీపాన్ని పాలించింది.",1,1,5,5,True,"189|5|à°²|à±ĭ,|Ġà°®|à±Ĭà°¦à°Ł|à°¿|Ġà°¸|à±Īà°¨|à±ĭ-|à°ľ|à°ªà°¨|à±Ģà°¸|à±į|Ġà°¯|à±ģà°¦|à±įà°§|à°Ĥ|Ġ(|189|4|-|189|5|)|à°²|à±ĭ|Ġà°ĵà°¡|à°¿à°ª|à±ĭà°¯|à°¿à°¨|Ġà°¤à°°|à±ģà°µ|à°¾à°¤|,|Ġà°ķ|à±įà°µ|à°¿à°Ĥ|à°Ĺ|à±į|Ġà°ª|à±įà°°à°Ń|à±ģà°¤|à±įà°µ|à°Ĥ|Ġà°·|à°¿à°®|à±ĭà°¨|à±ĭà°¸|à±Ĩà°ķ|à°¿|Ġà°Ĵà°ª|à±įà°ª|à°Ĥà°¦|à°Ĥà°ª|à±Ī|Ġà°¸|à°Ĥà°¤à°ķ|à°Ĥ|Ġà°ļ|à±ĩà°¸|à°¿à°Ĥ|à°¦|à°¿,|Ġà°¦|à±Ģà°¨|à°¿à°¤|à±ĭ|Ġà°¤|à±Īà°µ|à°¾à°¨|à±į|âĢ|Į|à°ª|à±Ī|Ġà°¸à°°|à±įà°µ|Ġà°ħà°§|à°¿à°ķ|à°¾à°°|à°¾à°²à°¨|à°¿|Ġà°ľà°ª|à°¾à°¨|à±į|âĢ|Į|à°ķ|à±ģ|Ġà°ħà°ª|à±įà°ªà°Ĺ|à°¿à°Ĥ|à°ļ|à°¿à°Ĥ|à°¦|à°¿,|Ġà°ĩà°¦|à°¿|Ġ|194|5|Ġà°µà°°à°ķ|à±ģ|Ġà°Ī|Ġà°¦|à±įà°µ|à±Ģà°ª|à°¾à°¨|à±įà°¨|à°¿|Ġà°ª|à°¾à°²|à°¿à°Ĥ|à°ļ|à°¿à°Ĥ|à°¦|à°¿.","1|895|లో,|మొదటి||సైనో-|జపన|స్|యుద|ధం|(1894-1895)ల||ఓడిప|యి|న|తర|వాత,|క్వింగ||ప్రభ|త|వం|షిమ|న|సెకి|ఒప్పందంప||సంతకం|చేసింది,|దీనిత||తైవాన|‌ప||సర|వ|అధికా|ా|ని||జపాన|‌క||అప్పగి|ంచి|ంది,|ఇది|1945|వరక||ఈ|ద్వ|పాన|ని|పాలి|ంచి|ంది.","{""42"": ""1|895|లో,|మొదటి||సైనో-|జపన|స్|యుద|ధం|(1894-1895)ల||ఓడిప|యి|న|తర|వాత,|క్వింగ||ప్రభ|త|వం|షిమ|న|సెకి|ఒప్పందంప||సంతకం|చేసింది,|దీనిత||తైవాన|‌ప||సర|వ|అధికా|ా|ని||జపాన|‌క||అప్పగి|ంచి|ంది,|ఇది|1945|వరక||ఈ|ద్వ|పాన|ని|పాలి|ంచి|ంది."", ""43"": ""1895||,|మొదటి||సైన|-|జపన|స్|యుద|ధం|(1894-1895)|ో|ఓడిప|యి|న|తర|వాత,|క్వింగ||ప్రభ|త|వం|షిమోన|సెకి|ఒప|పందంప||సంతకం|చేసింది,|దీని|త||తైవాన|‌ప||సర|వ|అధికా|ా|ని||జపాన|‌క||అప్పగి|ంచి|ంది,|ఇది|1945|వరక||ఈ|ద్వ|పా||ని|పాలి|ంచి|ంది."", ""44"": ""1|8|9|5|లో,|మొదటి||సైన|-|జపన|స్|యుద|ధం|(1894-1895)|ో|ఓడిప|యిన|తర|వాత,|క్వింగ||ప్రభ|త|వం|షిమ|న|సెకి|ఒప్పందంప||సంతకం|చేసి|ంది|,|దీనిత||తైవాన|‌పై|సర|వ|అధికా|ాలని||జపాన|‌క||అప్పగి|ంచి|ంది,|ఇది|1945|వరక||ఈ|ద్వ|పాన|ని|పాలి|ంచి|ంది."", ""45"": ""189|5|లో,|మొదటి||సైనో-|జపన|స్|యుద|ధం|(1894-1895)|||ఓడిప|యి|న|తర|వాత,|క్వింగ||ప్రభ|త|వం|షిమ|నోసెకి|ఒప్పందంప||సంతకం|చేసి|ంది,|దీని|త||తైవాన|‌ప||సర|వ|అధికా|ాలని||జపాన|‌క||అప్పగి|ంచి|ంది,|ఇది|1945|వరక||ఈ|ద్వ|పాన|ని|పాలి|ంచి|ంది."", ""46"": ""1895ల|,|మొదటి||సైన|-|జపన|స్|యుద|ధం|(1894-|1895|)|ో|ఓడి|ప|యి|న|తర|వాత,|క్వింగ||ప్రభ|త|వం|షిమ|నోసెకి|ఒప్పందంప||సంతకం|చేసింది,|దీనిత||తైవాన|‌ప||సర|వ|అధికా|ా|ని||జపాన|‌క||అప్పగి|ంచి|ంది,|ఇది|1945|వరక||ఈ|ద్వ|పాన|ని|పాలి|ంచి|ంది.""}"
te,18వ శతాబ్దంలో కంబోడియా రెండు శక్తివంతమైన పొరుగు దేశాలైన థాయిలాండ్ మరియు వియత్నాం మధ్య నలిగిపోయింది.,1,1,5,5,True,18|à°µ|Ġà°¶à°¤|à°¾à°¬|à±įà°¦|à°Ĥà°²|à±ĭ|Ġà°ķ|à°Ĥà°¬|à±ĭà°¡|à°¿à°¯|à°¾|Ġà°°|à±Ĩà°Ĥ|à°¡|à±ģ|Ġà°¶à°ķ|à±įà°¤|à°¿à°µ|à°Ĥà°¤à°®|à±Īà°¨|Ġà°ª|à±Ĭà°°|à±ģà°Ĺ|à±ģ|Ġà°¦|à±ĩà°¶|à°¾à°²|à±Īà°¨|Ġà°¥|à°¾à°¯|à°¿à°²|à°¾à°Ĥ|à°¡|à±į|Ġà°®à°°|à°¿à°¯|à±ģ|Ġà°µ|à°¿à°¯|à°¤|à±įà°¨|à°¾à°Ĥ|Ġà°®à°§|à±įà°¯|Ġà°¨à°²|à°¿à°Ĺ|à°¿à°ª|à±ĭà°¯|à°¿à°Ĥ|à°¦|à°¿.,18వ|శతాబ|దంల||కంబ|డి|యా|రెండ||శక్తివంతమ|న|పొర|గు|దేశాల|న|థాయి|లాండ||మరియు|వియత|నాం|మధ్య|నలిగి|ప|యి|ంది.,"{""42"": ""18వ|శతాబ|దంల||కంబ|డి|యా|రెండ||శక్తివంతమ|న|పొర|గు|దేశాల|న|థాయి|లాండ||మరియు|వియత|నాం|మధ్య|నలిగి|ప|యి|ంది."", ""43"": ""18|వ|శతాబ|దంల||కంబ|డి|యా|రెండ||శక|తివంతమ|న|పొర|గు|దేశాల|న|థాయి|లా|డ||మరియ||వియత|నాం|మధ్య|నలిగి|ప|యింది|."", ""44"": ""18వ|శతాబ|దంల||కంబ|డి|యా|రెండ||శక|తివంతమ|న|పొర|గ||దేశాల|న|థాయి|లాండ||మరియు|వియత|నాం|మధ్య|నలిగి|ప|యి|ంది."", ""45"": ""18వ|శతాబ|దంల||కంబ|డి|యా|రెండ||శక్తి|వంతమ|న|పొర|గు|దేశాల|న|థాయి|లా|డ||మరియు|వియత|నాం|మధ్య|నలిగి|ప|యి|ంది."", ""46"": ""18వ|శతా||దంల||కంబ|డి|యా|రెండ||శక్తివంతమ|న|పొర|గు|దేశాల|న|థాయి|లాండ||మరియ||వియత|నాం|మధ్య|నలి|గి|ప|యి|ంది|.""}"
te,18వ శతాబ్దంలో థాయ్​లు కంబోడియాపై అనేకసార్లు దాడి చేశారు మరియు 1772లో వారు నామ్ ఫెన్‌ను ధ్వంసం చేశారు.,1,1,5,5,True,18|à°µ|Ġà°¶à°¤|à°¾à°¬|à±įà°¦|à°Ĥà°²|à±ĭ|Ġà°¥|à°¾à°¯|à±į|âĢ|ĭ|à°²|à±ģ|Ġà°ķ|à°Ĥà°¬|à±ĭà°¡|à°¿à°¯|à°¾à°ª|à±Ī|Ġà°ħà°¨|à±ĩà°ķ|à°¸|à°¾à°°|à±įà°²|à±ģ|Ġà°¦|à°¾à°¡|à°¿|Ġà°ļ|à±ĩà°¶|à°¾à°°|à±ģ|Ġà°®à°°|à°¿à°¯|à±ģ|Ġ|177|2|à°²|à±ĭ|Ġà°µ|à°¾à°°|à±ģ|Ġà°¨|à°¾à°®|à±į|Ġà°«|à±Ĩà°¨|à±į|âĢ|Į|à°¨|à±ģ|Ġà°§|à±įà°µ|à°Ĥà°¸|à°Ĥ|Ġà°ļ|à±ĩà°¶|à°¾à°°|à±ģ.,18వ|శతాబ|దంల||థాయ|​ల||కంబ|డి|యాప||అనేకసార|ల||దాడి||చేశార||మరియు|1772లో|వార||నామ||ఫెన్‌న||ధ్వంసం|చేశార|.,"{""42"": ""18వ|శతాబ|దంల||థాయ|​ల||కంబ|డి|యాప||అనేకసార|ల||దాడి||చేశార||మరియు|1772లో|వార||నామ||ఫెన్‌న||ధ్వంసం|చేశార|."", ""43"": ""18వ|శతాబ|దంల||థాయ|​ల||కంబ|డియాప||అనేకసార|లు|దాడి||చేశార||మరియు|1772లో|వార||నామ||ఫెన్‌ను|ధ్వంసం|చేశార|."", ""44"": ""1|8వ|శతాబ|దంల||థాయ|​ల||కంబ|డి|యాప||అనేకసార|లు|దాడి||చేశార||మరియ||1772లో|వార||నామ||ఫెన్‌ను|ధ్వంసం|చేశార|."", ""45"": ""18వ|శతాబ|దంల||థాయ|​ల||కంబ|డి|యాప||అనేకసార|లు|దాడి||చేశార||మరియు|1772లో|వార||నామ||ఫెన్‌ను|ధ్వంసం|చేశార|."", ""46"": ""18వ|శతాబ|దంల||థాయ|​ల||కంబ|డియా|||అనేకసార|లు|దాడి||చేశార||మరియు|1772లో|వార||నామ||ఫెన్‌ను|ధ్వంసం|చేశార|.""}"
te,"1920లలో, శాంతివాదం మరియు ఒంటరితనం అనేది చాలా మంది పౌరులు, దేశాల చాలా బలంగా ఉన్న విధానాలు.",1,1,5,5,True,"192|0|à°²à°²|à±ĭ,|Ġà°¶|à°¾à°Ĥ|à°¤|à°¿à°µ|à°¾à°¦|à°Ĥ|Ġà°®à°°|à°¿à°¯|à±ģ|Ġà°Ĵ|à°Ĥà°Łà°°|à°¿à°¤à°¨|à°Ĥ|Ġà°ħà°¨|à±ĩà°¦|à°¿|Ġà°ļ|à°¾à°²|à°¾|Ġà°®|à°Ĥà°¦|à°¿|Ġà°ª|à±Įà°°|à±ģà°²|à±ģ,|Ġà°¦|à±ĩà°¶|à°¾à°²|Ġà°ļ|à°¾à°²|à°¾|Ġà°¬à°²|à°Ĥà°Ĺ|à°¾|Ġà°īà°¨|à±įà°¨|Ġà°µ|à°¿à°§|à°¾à°¨|à°¾à°²|à±ģ.","1|920లలో,|శాంతి|వాదం|మరియ||ఒంటరి|తనం|అన|ది|చాలా|మంది|పౌర|లు,|దేశాల|చాలా|బలంగ|ా|ఉన్న|విధా|ా||.","{""42"": ""1|920లలో,|శాంతి|వాదం|మరియ||ఒంటరి|తనం|అన|ది|చాలా|మంది|పౌర|లు,|దేశాల|చాలా|బలంగ|ా|ఉన్న|విధా|ా||."", ""43"": ""192|0లల|,|శాంతి|వాదం|మరియు|ఒంటరి|తనం|అనేది|చాలా|మంది||పౌర|లు,|దేశాల|చాలా|బలంగ|ా|ఉన్న|విధా|ాల|."", ""44"": ""1920లల|,|శాంతి|వా|ం|మరియ||ఒంటరి|తనం|అన|ది|చాలా|మంది||పౌర|లు,|దేశాల|చాలా|బలంగ|ా|ఉన్న|విధానాల|."", ""45"": ""192|0లల|,|శాంతి|వాదం|మరియు|ఒంటరి|తనం|అన|ది|చాలా|మంది||పౌర|లు,|దేశాల|చాలా|బలంగ|ా|ఉన్న|విధా|ాల|."", ""46"": ""1920లల|,|శాంతి|వాదం|మరియ||ఒంటరి|తనం|అనేది|చాలా|మంది||పౌర|లు,|దేశాల|చాలా|బలంగ|ా|ఉన్న|విధా|ాల|.""}"
te,"1939 సెప్టెంబరు 17 నాటికి, పోలిష్ రక్షణ అప్పటికే విచ్ఛిన్నమైంది, రోమేనియన్ వంతెన హెడ్ వెంట వెనుకకు తిరిగి పునర్వ్యవస్థీకరించడానికి ఏకైక ఆశ.",1,1,5,5,True,"193|9|Ġà°¸|à±Ĩà°ª|à±įà°Ł|à±Ĩà°Ĥ|à°¬à°°|à±ģ|Ġ|17|Ġà°¨|à°¾à°Ł|à°¿à°ķ|à°¿,|Ġà°ª|à±ĭà°²|à°¿à°·|à±į|Ġà°°à°ķ|à±įà°·à°£|Ġà°ħà°ª|à±įà°ªà°Ł|à°¿à°ķ|à±ĩ|Ġà°µ|à°¿à°ļ|à±įà°Ľ|à°¿à°¨|à±įà°¨à°®|à±Īà°Ĥ|à°¦|à°¿,|Ġà°°|à±ĭà°®|à±ĩà°¨|à°¿à°¯à°¨|à±į|Ġà°µ|à°Ĥà°¤|à±Ĩà°¨|Ġà°¹|à±Ĩà°¡|à±į|Ġà°µ|à±Ĩà°Ĥ|à°Ł|Ġà°µ|à±Ĩà°¨|à±ģà°ķà°ķ|à±ģ|Ġà°¤|à°¿à°°|à°¿à°Ĺ|à°¿|Ġà°ª|à±ģà°¨à°°|à±įà°µ|à±įà°¯à°µà°¸|à±įà°¥|à±Ģà°ķà°°|à°¿à°Ĥ|à°ļà°¡|à°¾à°¨|à°¿à°ķ|à°¿|Ġà°ıà°ķ|à±Īà°ķ|Ġà°Ĩà°¶|.","1|93|9||సెప|టెంబర||17|నాటికి,|పోలి|ష||రక్షణ|అప్పటి|క||విచ|ఛి|న|నమ|ంది,|రోమేనియన||వంత|న|హెడ్|వెంట|వెన|కక||తిరిగి||పునర|వ్యవస|థ|కరి|ంచడా|ి|కి|ఏక|క|ఆశ.","{""42"": ""1|93|9||సెప|టెంబర||17|నాటికి,|పోలి|ష||రక్షణ|అప్పటి|క||విచ|ఛి|న|నమ|ంది,|రోమేనియన||వంత|న|హెడ్|వెంట|వెన|కక||తిరిగి||పునర|వ్యవస|థ|కరి|ంచడా|ి|కి|ఏక|క|ఆశ."", ""43"": ""193|9|సెప|ట|ంబర||17|నాటికి,|పోలి|ష||రక్షణ|అప్పటి|క||విచ|ఛి|న|నమ|ంది,|రోమేనియన||వంత|న|హెడ్|వెంట|వెనుకక||తిరిగి||పునర|వ్యవస|థ|కరి|ంచడాని|కి|ఏక|క|ఆశ."", ""44"": ""193|9|సెప్ట|ంబర||17|నాటికి,|పోలి|ష||రక్షణ|అప్పటి|క||విచ|ఛి|న|నమ|ంది|,|రోమేని|యన||వంత|న|హెడ్|వెంట|వెన|కక||తిరిగి||పునర|వ్యవస|థ|కరి|ంచడాని|కి|ఏక|క|ఆశ."", ""45"": ""1|93|9|సెప|ట|ంబ|ర||17|నాటి|కి,|పోలిష||రక్షణ|అప్పటి|క||విచ|ఛి|న|నమ|ంది|,|రోమ|ని|యన||వంత|న|హెడ్|వెంట|వెన|కక||తిరిగి||పునర|వ్యవస|థ|కరి|ంచడాని|కి|ఏక|క|ఆశ."", ""46"": ""1939|సెప్టెంబర||17|నాటికి,|పోలిష||రక్షణ|అప్పటి|క||విచ|ఛి|న|నమ|ంది,|రోమేని|యన||వంత|న|హెడ్|వెంట|వెన|కక||తిరిగి||పునర|వ్యవస|థ|కరి|ంచడా|ి|కి|ఏక|క|ఆశ.""}"
te,"1951లో జరిగిన అగ్ని ప్రమాదం వలన, Zhabdrung Ngawang Namgyal యొక్క చిత్రం వంటి Drukgyal Dzongకు సంబంధించిన కొన్ని అవశేషాలు మాత్రమే మిగిలి ఉన్నాయి.",1,1,5,5,True,"195|1|à°²|à±ĭ|Ġà°ľà°°|à°¿à°Ĺ|à°¿à°¨|Ġà°ħà°Ĺ|à±įà°¨|à°¿|Ġà°ª|à±įà°°à°®|à°¾à°¦|à°Ĥ|Ġà°µà°²à°¨|,|ĠZ|hab|dr|ung|ĠN|ga|w|ang|ĠN|am|gy|al|Ġà°¯|à±Ĭà°ķ|à±įà°ķ|Ġà°ļ|à°¿à°¤|à±įà°°|à°Ĥ|Ġà°µ|à°Ĥà°Ł|à°¿|ĠD|ru|k|gy|al|ĠD|z|ong|à°ķ|à±ģ|Ġà°¸|à°Ĥà°¬|à°Ĥà°§|à°¿à°Ĥ|à°ļ|à°¿à°¨|Ġà°ķ|à±Ĭà°¨|à±įà°¨|à°¿|Ġà°ħà°µ|à°¶|à±ĩà°·|à°¾à°²|à±ģ|Ġà°®|à°¾à°¤|à±įà°°à°®|à±ĩ|Ġà°®|à°¿à°Ĺ|à°¿à°²|à°¿|Ġà°īà°¨|à±įà°¨|à°¾à°¯|à°¿.","195|1|ల||జరిగి|న|అగ్ని||ప్రమా|ం|వలన,|Zhabd ru ng|Ngawang|Namgyal|యొక్క|చిత|రం|వంటి||D ru kgyal|Dzongక||సంబంధి|ంచి|న|కొన|ని|అవశ|షాల||మాత|రమ||మిగి|లి||ఉన్నాయి|.","{""42"": ""195|1|ల||జరిగి|న|అగ్ని||ప్రమా|ం|వలన,|Zhabd ru ng|Ngawang|Namgyal|యొక్క|చిత|రం|వంటి||D ru kgyal|Dzongక||సంబంధి|ంచి|న|కొన|ని|అవశ|షాల||మాత|రమ||మిగి|లి||ఉన్నాయి|."", ""43"": ""195|1లో|జరిగి|న|అగ|ని|ప్రమా|ం|వలన,|Zhabd ru ng|Ngawang|Namgyal|యొక|క|చిత|రం|వంటి||D ru kgyal|Dzongక||సంబంధి|ంచి|న|కొన|ని|అవశ|షాల||మాత|రమ||మిగి|లి||ఉన్నాయి|."", ""44"": ""19|51లో|జరిగి|న|అగ|ని|ప్రమా|ం|వలన,|Zhabd ru ng|Ngawang|Namgyal|యొక్క|చిత|రం|వంటి||D ru kgyal|Dzongక||సంబంధి|ంచి|న|కొన్ని|అవశ|షాల||మాత|రమ||మిగిలి|ఉన్నాయి|."", ""45"": ""1|951ల||జరిగి|న|అగ|ని||ప్రమా|ం|వలన,|Zhabd ru ng|Ngawang|Namgyal|యొక్క|చిత|రం|వంటి||D ru kgyal|Dzongక||సంబంధి|ంచి|న|కొన|ని|అవశ|షాల||మాత|రమ||మిగిలి||ఉన్నాయి|."", ""46"": ""1951ల||జరిగి|న|అగ్ని|ప్రమా|ం|వలన,|Zhabd ru ng|Ngawang|Namgyal|యొక్క|చిత|రం|వంటి||D ru kgyal|Dzongక||సంబంధి|ంచి|న|కొన|ని|అవశ|షాల||మాత|రమ||మిగి|లి|ఉన్నాయి|.""}"
te,"1956లో స్వానియా స్వీడన్ కు తరలివెళ్లింది, అక్కడ మూడు సంవత్సరాల తరువాత స్వీడిష్ పోస్ట్ ఆఫీస్ లో పని ప్రారంభించి వారి ప్రధాన చెక్కారుఅయ్యారు.",1,1,5,5,True,"195|6|à°²|à±ĭ|Ġà°¸|à±įà°µ|à°¾à°¨|à°¿à°¯|à°¾|Ġà°¸|à±įà°µ|à±Ģà°¡à°¨|à±į|Ġà°ķ|à±ģ|Ġà°¤à°°à°²|à°¿à°µ|à±Ĩà°³|à±įà°²|à°¿à°Ĥ|à°¦|à°¿,|Ġà°ħà°ķ|à±įà°ķà°¡|Ġà°®|à±Ĥà°¡|à±ģ|Ġà°¸|à°Ĥà°µà°¤|à±įà°¸à°°|à°¾à°²|Ġà°¤à°°|à±ģà°µ|à°¾à°¤|Ġà°¸|à±įà°µ|à±Ģà°¡|à°¿à°·|à±į|Ġà°ª|à±ĭà°¸|à±įà°Ł|à±į|Ġà°Ĩà°«|à±Ģà°¸|à±į|Ġà°²|à±ĭ|Ġà°ªà°¨|à°¿|Ġà°ª|à±įà°°|à°¾à°°|à°Ĥà°Ń|à°¿à°Ĥ|à°ļ|à°¿|Ġà°µ|à°¾à°°|à°¿|Ġà°ª|à±įà°°à°§|à°¾à°¨|Ġà°ļ|à±Ĩà°ķ|à±įà°ķ|à°¾à°°|à±ģà°|ħ|à°¯|à±įà°¯|à°¾à°°|à±ģ.","195|6లో|స్వా|ి|యా|స్వ|డన||కు|తరలివ|ళ్లి|ంది,|అక|కడ|మూడ||సంవత|సరాల|తర|వాత|స్వ|డి|ష||పోస|ట||ఆఫీస్|లో|పని|ప్రా|ంభి|ంచి||వారి||ప్రధా||చెక|కార|అయ|యార|.","{""42"": ""195|6లో|స్వా|ి|యా|స్వ|డన||కు|తరలివ|ళ్లి|ంది,|అక|కడ|మూడ||సంవత|సరాల|తర|వాత|స్వ|డి|ష||పోస|ట||ఆఫీస్|లో|పని|ప్రా|ంభి|ంచి||వారి||ప్రధా||చెక|కార|అయ|యార|."", ""43"": ""195|6|లో|స్వా|ి|యా|స్వ|డన||కు|తరలివ|ళ్లి|ంది|,|అక|కడ|మూడ||సంవత|సరాల|తర|వాత|స్వ|డి|ష||పోస్ట్|ఆఫీస్|లో|పని|ప్రా|ంభి|ంచి||వారి||ప్రధా||చెక్కార|అయ్యా||."", ""44"": ""1|956|ో|స్వా|ి|యా|స్వ|డన||కు|తరలివ|ళ్లి|ంది,|అక|కడ|మూడ||సంవత|సరా||తర|వాత|స్వ|డిష||పోస్ట్|ఆఫ|స్|లో|పని|ప్రా|ంభి|ంచి||వారి||ప్రధా||చెక|కార|అయ్యార|."", ""45"": ""1956లో|స్వా|ి|యా|స్వ|డన||కు|తరలి|వ|ళ్లి|ంది,|అక|కడ|మూడ||సంవత|సరాల|తర|వాత|స్వ|డి|ష||పోస్ట||ఆఫీస్|లో|పని|ప్రా|ంభి|ంచి||వారి||ప్రధా||చెక|కా||అయ్యార|."", ""46"": ""1956|ల||స్వా|ి|యా|స్వ|డన||కు|తరలి|వ|ళ్లి|ంది,|అక|కడ|మూడ||సంవత|సరా||తర|వాత|స్వ|డి|ష||పోస్ట||ఆఫీస్|లో|పని|ప్రా|ంభి|ంచి||వారి||ప్రధా||చెక|కార|అయ్యార|.""}"
te,"1960ల అంతటా, బ్రెజిన్స్కీ జాన్ F. కెన్నెడీ కి తన సలహాదారుగా మరియు ఆ తరువాత లిండన్ B. జాన్సన్ పరిపాలనలో పనిచేశాడు.",1,1,5,5,True,"196|0|à°²|Ġà°ħ|à°Ĥà°¤à°Ł|à°¾,|Ġà°¬|à±įà°°|à±Ĩà°ľ|à°¿à°¨|à±įà°¸|à±įà°ķ|à±Ģ|Ġà°ľ|à°¾à°¨|à±į|ĠF|.|Ġà°ķ|à±Ĩà°¨|à±įà°¨|à±Ĩà°¡|à±Ģ|Ġà°ķ|à°¿|Ġà°¤à°¨|Ġà°¸à°²à°¹|à°¾à°¦|à°¾à°°|à±ģà°Ĺ|à°¾|Ġà°®à°°|à°¿à°¯|à±ģ|Ġà°Ĩ|Ġà°¤à°°|à±ģà°µ|à°¾à°¤|Ġà°²|à°¿à°Ĥ|à°¡à°¨|à±į|ĠB|.|Ġà°ľ|à°¾à°¨|à±įà°¸à°¨|à±į|Ġà°ªà°°|à°¿à°ª|à°¾à°²à°¨à°²|à±ĭ|Ġà°ªà°¨|à°¿à°ļ|à±ĩà°¶|à°¾à°¡|à±ģ.","1960|ల|అంతటా,|బ్ర|జిన|స్క||జాన||F.|కెన్న|డీ|కి|తన|సలహాదార|గా|మరియు|ఆ తర|వాత|లిండన||B.|జాన|సన||పరిపాలనల||పనిచ|శాడ|.","{""42"": ""1960|ల|అంతటా,|బ్ర|జిన|స్క||జాన||F.|కెన్న|డీ|కి|తన|సలహాదార|గా|మరియు|ఆ తర|వాత|లిండన||B.|జాన|సన||పరిపాలనల||పనిచ|శాడ|."", ""43"": ""19|60ల|అంతటా,|బ్ర|జిన|స్క||జాన||F.|కెన|న|డీ|కి|తన|సలహా|ార|గా|మరియు|ఆ తర|వాత|లిండన||B.|జాన|సన||పరిపా|నల||పనిచ|శాడ|."", ""44"": ""196|0|ల|అంతటా,|బ్ర|జిన|స్క||జాన||F.|కెన్నెడీ|కి|తన|సలహాదా||గా|మరియు|ఆ తర|వాత|లిండన||B.|జాన|సన||పరిపాలనల||పనిచ|శాడ|."", ""45"": ""1960ల|అంతటా,|బ్ర|జిన|స|క||జాన||F.|కెన్న|డీ|కి|తన|సలహాదార|గా|మరియు|ఆ తర|వాత|లిండన||B.|జాన|సన||పరిపాలనల||పనిచ|శాడ|."", ""46"": ""196|0ల|అంతటా,|బ్ర|జిన|స్క||జాన||F.|కెన్నెడీ|కి|తన|సలహాదార|గా|మరియ||ఆ తర|వాత|లిండన||B.|జాన|సన||పరిపా|నల||పనిచ|శాడ|.""}"
te,1960లలో అతను సినిమా దర్శకత్వాన్ని బోధించడానికి కొత్త-స్వతంత్ర అల్జీరియాకు తిరిగి వెళ్లాడు.,1,1,5,5,True,196|0|à°²à°²|à±ĭ|Ġà°ħà°¤à°¨|à±ģ|Ġà°¸|à°¿à°¨|à°¿à°®|à°¾|Ġà°¦à°°|à±įà°¶à°ķà°¤|à±įà°µ|à°¾à°¨|à±įà°¨|à°¿|Ġà°¬|à±ĭà°§|à°¿à°Ĥ|à°ļà°¡|à°¾à°¨|à°¿à°ķ|à°¿|Ġà°ķ|à±Ĭà°¤|à±įà°¤|-à°¸|à±įà°µà°¤|à°Ĥà°¤|à±įà°°|Ġà°ħà°²|à±įà°ľ|à±Ģà°°|à°¿à°¯|à°¾à°ķ|à±ģ|Ġà°¤|à°¿à°°|à°¿à°Ĺ|à°¿|Ġà°µ|à±Ĩà°³|à±įà°²|à°¾à°¡|à±ģ.,196|0|లల||అతన||సిని|మా|దర|శకత|వాన|ని|బోధి|ంచడాని|కి|కొత|త-|స్వతంత|ర|అల|జీరియా|||తిరిగి||వెళ్లాడ|.,"{""42"": ""196|0|లల||అతన||సిని|మా|దర|శకత|వాన|ని|బోధి|ంచడాని|కి|కొత|త-|స్వతంత|ర|అల|జీరియా|||తిరిగి||వెళ్లాడ|."", ""43"": ""196|0|లల||అతన||సినిమా|దర|శకత|వా||ని|బోధి|ంచడా|ి|కి|కొత|త-|స్వ|ంత|ర|అల|జ|రి|యాక||తిరిగి||వెళ్లాడ|."", ""44"": ""196|0లల||అతన||సినిమా|దర|శకత|వాన|ని|బోధి|ంచడాని|కి|కొత|త-|స్వతంత|ర|అల|జ|రియాక||తిరిగి||వెళ్లాడ|."", ""45"": ""1960లల||అతన||సినిమా|దర|శకత|వా||ని|బోధి|ంచడా|ి|కి|కొత|త-|స్వతంత|ర|అల|జ|రి|యాక||తిరిగి||వెళ్లాడ|."", ""46"": ""196|0లల||అతన||సినిమా|దర|శకత|వాన|ని|బోధి|ంచడాని|కి|కొత|త-|స్వతంత|ర|అల|జ|రియాక||తిరిగి||వెళ్లా||.""}"
te,"1963లో డ్యామ్ నిర్మించాకా, నది అంతటా వ్యార్ధాలని తీసుకువచ్చే సీజనల్ వరదలు ఆగిపోయాయి.",1,1,5,5,True,"196|3|à°²|à±ĭ|Ġà°¡|à±įà°¯|à°¾à°®|à±į|Ġà°¨|à°¿à°°|à±įà°®|à°¿à°Ĥ|à°ļ|à°¾à°ķ|à°¾,|Ġà°¨à°¦|à°¿|Ġà°ħ|à°Ĥà°¤à°Ł|à°¾|Ġà°µ|à±įà°¯|à°¾à°°|à±įà°§|à°¾à°²à°¨|à°¿|Ġà°¤|à±Ģà°¸|à±ģà°ķ|à±ģà°µà°ļ|à±įà°ļ|à±ĩ|Ġà°¸|à±Ģà°ľ|à°¨à°²|à±į|Ġà°µà°°à°¦à°²|à±ģ|Ġà°Ĩà°Ĺ|à°¿à°ª|à±ĭà°¯|à°¾à°¯|à°¿.","1963||||డ్యా|||నిర|మించాకా,|నది|అంతటా|వ్యార||ధాలని||తీసుక|వచ|చ||సీజనల||వరదల||ఆగిప|యాయి|.","{""42"": ""1963||||డ్యా|||నిర|మించాకా,|నది|అంతటా|వ్యార||ధాలని||తీసుక|వచ|చ||సీజనల||వరదల||ఆగిప|యాయి|."", ""43"": ""196|3లో|డ్యామ||నిర|మించాకా,|నది|అంతటా|వ్యా||ధాలని||తీసుక|వచ|చ||సీజనల||వరదల||ఆగిప|యాయి|."", ""44"": ""19|63|ో|డ్యామ||నిర|మించాకా,|నది|అంతటా|వ్యా||ధాలని||తీసుక|వచ|చ||సీజనల||వరదల||ఆగిప|యాయి|."", ""45"": ""1963|ో|డ్యామ||నిర|మించాకా,|నది|అంతటా|వ్యా||ధా|ని||తీసుక|వచ్చ||సీజనల||వరదల||ఆగిప|యాయి|."", ""46"": ""196|3|||డ్యా|||నిర|మించాకా,|నది|అంతటా|వ్యా||ధాలని||తీసుక|వచ్చ||సీజనల||వరదల||ఆగిప|యాయి|.""}"
te,"1966 నుండి సుందర్‌బన్స్ అడవి జంతువులకు అభయారణ్యంగా ఉంది, ఇప్పుడు ఆ ప్రాంతంలో 400 రాయల్ బెంగాల్ పులులు మరియు 30,000 మచ్చల జింకలు ఉన్నాయని అంచనా వేయడమైనది.",1,1,5,5,True,"196|6|Ġà°¨|à±ģà°Ĥ|à°¡|à°¿|Ġà°¸|à±ģà°Ĥ|à°¦à°°|à±į|âĢ|Į|à°¬|à°¨|à±įà°¸|à±į|Ġà°ħà°¡à°µ|à°¿|Ġà°ľ|à°Ĥà°¤|à±ģà°µ|à±ģà°²à°ķ|à±ģ|Ġà°ħà°Ń|à°¯|à°¾à°°à°£|à±įà°¯|à°Ĥà°Ĺ|à°¾|Ġà°ī|à°Ĥà°¦|à°¿,|Ġà°ĩà°ª|à±įà°ª|à±ģà°¡|à±ģ|Ġà°Ĩ|Ġà°ª|à±įà°°|à°¾à°Ĥ|à°¤|à°Ĥà°²|à±ĭ|Ġ|400|Ġà°°|à°¾à°¯à°²|à±į|Ġà°¬|à±Ĩà°Ĥ|à°Ĺ|à°¾à°²|à±į|Ġà°ª|à±ģà°²|à±ģà°²|à±ģ|Ġà°®à°°|à°¿à°¯|à±ģ|Ġ|30|,|000|Ġà°®à°ļ|à±įà°ļà°²|Ġà°ľ|à°¿à°Ĥ|à°ķà°²|à±ģ|Ġà°īà°¨|à±įà°¨|à°¾à°¯à°¨|à°¿|Ġà°ħ|à°Ĥà°ļà°¨|à°¾|Ġà°µ|à±ĩà°¯à°¡à°®|à±Īà°¨à°¦|à°¿.","1966|నుండి||సుందర|‌బన|స్|అడవి||జంత|వులక||అభయారణ|యంగ|ా|ఉంది|,|ఇప్ప|డు|ఆ ప్రా|తంల||400|రాయల||బెంగా|||పుల|లు|మరియు|30,000|మచ్చల|జింకల||ఉన్నాయని||అంచనా|వేయడమ|నది|.","{""42"": ""1966|నుండి||సుందర|‌బన|స్|అడవి||జంత|వులక||అభయారణ|యంగ|ా|ఉంది|,|ఇప్ప|డు|ఆ ప్రా|తంల||400|రాయల||బెంగా|||పుల|లు|మరియు|30,000|మచ్చల|జింకల||ఉన్నాయని||అంచనా|వేయడమ|నది|."", ""43"": ""196|6||నుండి|సుందర|‌బన|స్|అడవి||జంత|వ|లక||అభయారణ|యంగా|ఉంది,|ఇప్ప|డు|ఆ ప్రా|తంల||400|రాయల||బెంగాల||పులుల||మరియ||30,000|మచ్చల|జింకల||ఉన్నాయని||అంచనా|వేయడమ|నది|."", ""44"": ""1|966|నుండి|సుందర|‌బన్స్|అడవి||జంత|వులక||అభయారణ|యంగ|ా|ఉంది|,|ఇప్ప|డు|ఆ ప్రా|తంల||400|రాయల||బెంగ|ాల||పుల|లు|మరియు|30,000|మచ్చల|జింకల||ఉన్నాయని||అంచనా|వేయడమ|నది."", ""45"": ""1966|నుండి||సుందర|‌బన|స్|అడవి||జంత|వ|లక||అభయా|ణ|యంగ|ా|ఉంది,|ఇప్ప|డు|ఆ ప్రా|తంల||400|రాయల||బెంగాల||పులులు|మరియు|30,000|మచ్చల|జింకల||ఉన్నాయని||అంచనా|వేయడమ|నది|."", ""46"": ""1966|నుండి|సుందర|‌బన|స్|అడవి||జంత|వ|లక||అభయా|ణ్యంగ|ా|ఉంది|,|ఇప్ప|డు|ఆ ప్రా|తంల||400|రాయల||బెంగాల||పుల|లు|మరియ||30,000|మచ్చల|జింకల||ఉన్నాయని||అంచనా|వేయడమ|నది.""}"
te,"1970 ల నుండి రష్యన్ మరియు సోవియట్ సైనిక దళం రెండింటిలో Il-76 ప్రధాన భాగంగా ఉంది, మరియు గత నెలలో రష్యాలో ఇప్పటికే ఒక తీవ్రమైన దుర్ఘటన ను చూసింది.",1,1,5,5,True,"197|0|Ġà°²|Ġà°¨|à±ģà°Ĥ|à°¡|à°¿|Ġà°°à°·|à±įà°¯à°¨|à±į|Ġà°®à°°|à°¿à°¯|à±ģ|Ġà°¸|à±ĭà°µ|à°¿à°¯à°Ł|à±į|Ġà°¸|à±Īà°¨|à°¿à°ķ|Ġà°¦à°³|à°Ĥ|Ġà°°|à±Ĩà°Ĥ|à°¡|à°¿à°Ĥ|à°Ł|à°¿à°²|à±ĭ|ĠIl|-|76|Ġà°ª|à±įà°°à°§|à°¾à°¨|Ġà°Ń|à°¾à°Ĺ|à°Ĥà°Ĺ|à°¾|Ġà°ī|à°Ĥà°¦|à°¿,|Ġà°®à°°|à°¿à°¯|à±ģ|Ġà°Ĺà°¤|Ġà°¨|à±Ĩà°²à°²|à±ĭ|Ġà°°à°·|à±įà°¯|à°¾à°²|à±ĭ|Ġà°ĩà°ª|à±įà°ªà°Ł|à°¿à°ķ|à±ĩ|Ġà°Ĵà°ķ|Ġà°¤|à±Ģà°µ|à±įà°°à°®|à±Īà°¨|Ġà°¦|à±ģà°°|à±įà°ĺ|à°Łà°¨|Ġà°¨|à±ģ|Ġà°ļ|à±Ĥà°¸|à°¿à°Ĥ|à°¦|à°¿.","1970|ల|నుండి|రష|యన||మరియు|సోవియట్|సైనిక|దళం|రెండి|ంటి|ల||Il-76|ప్రధా||భాగంగా|ఉంది,|మరియు|గత|నెలల||రష్యాల||ఇప్పటి|క||ఒక|తీవ|రమ|న|దుర|ఘటన|ను|చూసింది.","{""42"": ""1970|ల|నుండి|రష|యన||మరియు|సోవియట్|సైనిక|దళం|రెండి|ంటి|ల||Il-76|ప్రధా||భాగంగా|ఉంది,|మరియు|గత|నెలల||రష్యాల||ఇప్పటి|క||ఒక|తీవ|రమ|న|దుర|ఘటన|ను|చూసింది."", ""43"": ""1|97|0|ల|నుండి|రష|యన||మరియు|సోవియట||సైనిక|దళం|రెండి|ంటి|ల||Il-76|ప్రధాన|భాగంగా|ఉంది,|మరియ||గత|నెలల||రష్యాల||ఇప్పటి|క||ఒక|తీవ|రమ|న|దుర|ఘట|న|ను|చూసి|ంది."", ""44"": ""197|0||ల|నుండి|రష|యన||మరియు|సోవియట||సైనిక|దళం|రెండి|ంటి|ల||Il-76|ప్రధా||భాగంగా|ఉంది,|మరియు|గత|నెలల||రష|యాల||ఇప్పటి|క||ఒక|తీవ|రమ|న|దుర|ఘట|న|ను|చూసింది."", ""45"": ""1970|ల|నుండి||రష|యన||మరియు|సోవియట||సైనిక|దళం|రెండి|ంటి|ల||Il-76|ప్రధా||భాగంగా|ఉంది,|మరియు|గత|నెలల||రష|యాల||ఇప్పటి|క||ఒక|తీవ|రమ|న|దుర|ఘట|న|ను|చూసింది."", ""46"": ""1|970|ల|నుండి|రష|యన||మరియు|సోవియట్|సైనిక|దళం|రెండి|ంటి|ల||Il-|76|ప్రధాన|భాగంగా|ఉంది,|మరియ||గత|నెలల||రష|యాల||ఇప్పటి|క||ఒక|తీవ|రమ|న|దుర|ఘటన|ను|చూసింది.""}"
te,"1970వ స౦వత్సర౦లో, రేమ౦డ్ డమాడియన్ అనే వైద్యుడు, పరిశోధనా శాస్త్రవేత్త, వైద్య రోగనిర్ధారణకోస౦ ఒక టూల్ గా మాగ్నటిక్ రెసోనెన్స్ ఇమేజింగ్ ను ఉపయోగించే ఆధారాన్ని కనుగొన్నారు.",1,1,5,5,True,"197|0|à°µ|Ġà°¸|à±¦|à°µà°¤|à±įà°¸à°°|à±¦|à°²|à±ĭ,|Ġà°°|à±ĩà°®|à±¦|à°¡|à±į|Ġà°¡|à°®|à°¾à°¡|à°¿à°¯à°¨|à±į|Ġà°ħà°¨|à±ĩ|Ġà°µ|à±Īà°¦|à±įà°¯|à±ģà°¡|à±ģ,|Ġà°ªà°°|à°¿à°¶|à±ĭà°§à°¨|à°¾|Ġà°¶|à°¾à°¸|à±įà°¤|à±įà°°à°µ|à±ĩà°¤|à±įà°¤|,|Ġà°µ|à±Īà°¦|à±įà°¯|Ġà°°|à±ĭà°Ĺà°¨|à°¿à°°|à±įà°§|à°¾à°°à°£à°ķ|à±ĭà°¸|à±¦|Ġà°Ĵà°ķ|Ġà°Ł|à±Ĥà°²|à±į|Ġà°Ĺ|à°¾|Ġà°®|à°¾à°Ĺ|à±įà°¨à°Ł|à°¿à°ķ|à±į|Ġà°°|à±Ĩà°¸|à±ĭà°¨|à±Ĩà°¨|à±įà°¸|à±į|Ġà°ĩà°®|à±ĩà°ľ|à°¿à°Ĥ|à°Ĺ|à±į|Ġà°¨|à±ģ|Ġà°īà°ªà°¯|à±ĭà°Ĺ|à°¿à°Ĥ|à°ļ|à±ĩ|Ġà°Ĩà°§|à°¾à°°|à°¾à°¨|à±įà°¨|à°¿|Ġà°ķà°¨|à±ģà°Ĺ|à±Ĭà°¨|à±įà°¨|à°¾à°°|à±ģ.","1970వ|స౦వత|సర|ల|,|రేమ|డ||డమాడి|యన||అన||వైద|య|డు,|పరిశ|ధనా|శాస|త|రవ|త|త,|వైద|య|రోగని|ర|ధారణక|స||ఒక|టూల||గా|మాగ|నటి|క||రెసోన|న్స్|ఇమేజి|ంగ||ను|ఉపయోగి|ంచ||ఆధా|ా||ని|కన|గొన|నార|.","{""42"": ""1970వ|స౦వత|సర|ల|,|రేమ|డ||డమాడి|యన||అన||వైద|య|డు,|పరిశ|ధనా|శాస|త|రవ|త|త,|వైద|య|రోగని|ర|ధారణక|స||ఒక|టూల||గా|మాగ|నటి|క||రెసోన|న్స్|ఇమేజి|ంగ||ను|ఉపయోగి|ంచ||ఆధా|ా||ని|కన|గొన|నార|."", ""43"": ""1|970వ|స౦వత|సర|ల|,|రేమ౦డ||డమాడి|యన||అనే|వైద|య|డు,|పరిశ|ధనా|శాస్త|రవ|త|త,|వైద|య|రోగని|ర|ధారణక|స||ఒక|టూల||గా|మాగ|నటి|క||రెసోన|న్స్|ఇమేజింగ||ను|ఉపయోగి|ంచ||ఆధారాన|ని|కన|గ|న|నార|."", ""44"": ""197|0వ|స౦వత|సర|ల|,|రేమ౦డ||డమా|ి|యన||అనే|వైద|య|డు,|పరిశ|ధనా|శాస|త|రవ|త|త,|వైద|య|రోగని|ర|ధారణక|స||ఒక|టూల||గా|మాగ|నటి|క||రెసోన|న్స్|ఇమ|జింగ||ను|ఉపయ|గించ||ఆధారా||ని|కన|గ|న|నార|."", ""45"": ""1970వ|స౦వత|సర|ల|,|రేమ౦డ||డమాడి|యన||అనే|వైద|య|డు,|పరిశ|ధనా|శాస|త|రవ|త|త,|వైద|య|రోగని|ర|ధారణక|స||ఒక|టూల||గా|మాగ|నటి|క||రెసోన|న్స్|ఇమేజి|ంగ||ను|ఉపయ|గి|ంచ||ఆధా|ా||ని|కనుగ|న|నార|."", ""46"": ""197|0|వ|స౦వత|సర|ల|,|రేమ|డ||డమా|ి|యన||అనే|వైద|య|డు,|పరిశ|ధనా|శాస|త|రవ|త|త,|వైద|య|రోగనిర|ధారణక|స౦|ఒక|టూల||గా|మాగ|నటి|క||రెసోన|న|స్|ఇమేజి|ంగ||ను|ఉపయోగి|ంచ||ఆధారా||ని|కన|గ|న్నార|.""}"
te,"1976 ఎంపికల సమయంలో అతను కార్టర్‌కు విదేశాంగ విధానంపై సలహా ఇచ్చాడు, తరువాత 1977 నుండి 1981 వరకు జాతీయ భద్రతా సలహాదారుగా (ఎన్‌ఎస్‌ఏ) పనిచేశాడు, హెన్రీ కిస్సింజర్ తరువాత.",1,1,5,5,True,"197|6|Ġà°İ|à°Ĥà°ª|à°¿à°ķà°²|Ġà°¸à°®à°¯|à°Ĥà°²|à±ĭ|Ġà°ħà°¤à°¨|à±ģ|Ġà°ķ|à°¾à°°|à±įà°Łà°°|à±į|âĢ|Į|à°ķ|à±ģ|Ġà°µ|à°¿à°¦|à±ĩà°¶|à°¾à°Ĥ|à°Ĺ|Ġà°µ|à°¿à°§|à°¾à°¨|à°Ĥà°ª|à±Ī|Ġà°¸à°²à°¹|à°¾|Ġà°ĩà°ļ|à±įà°ļ|à°¾à°¡|à±ģ,|Ġà°¤à°°|à±ģà°µ|à°¾à°¤|Ġ|197|7|Ġà°¨|à±ģà°Ĥ|à°¡|à°¿|Ġ|198|1|Ġà°µà°°à°ķ|à±ģ|Ġà°ľ|à°¾à°¤|à±Ģà°¯|Ġà°Ńà°¦|à±įà°°à°¤|à°¾|Ġà°¸à°²à°¹|à°¾à°¦|à°¾à°°|à±ģà°Ĺ|à°¾|Ġ(|à°İà°¨|à±į|âĢ|Į|à°İà°¸|à±į|âĢ|Į|à°ı|)|Ġà°ªà°¨|à°¿à°ļ|à±ĩà°¶|à°¾à°¡|à±ģ,|Ġà°¹|à±Ĩà°¨|à±įà°°|à±Ģ|Ġà°ķ|à°¿à°¸|à±įà°¸|à°¿à°Ĥ|à°ľà°°|à±į|Ġà°¤à°°|à±ģà°µ|à°¾à°¤|.","1976||ఎంపి|కల|సమయంల||అతన||కార|టర|‌క||విద|శాంగ|విధా|ంప||సలహా|ఇచ్చాడ|,|తర|వాత|1977|నుండి|1981|వరక||జాత|య|భద్రతా|సలహాదా||గా|(ఎన|‌ఎస్‌ఏ)|పనిచ|శాడ|,|హెన్ర||కిస్సి|ంజర||తర|వాత.","{""42"": ""1976||ఎంపి|కల|సమయంల||అతన||కార|టర|‌క||విద|శాంగ|విధా|ంప||సలహా|ఇచ్చాడ|,|తర|వాత|1977|నుండి|1981|వరక||జాత|య|భద్రతా|సలహాదా||గా|(ఎన|‌ఎస్‌ఏ)|పనిచ|శాడ|,|హెన్ర||కిస్సి|ంజర||తర|వాత."", ""43"": ""197|6||ఎంపి|కల|సమయంల||అతన||కార|టర|‌క||విద|శాంగ|విధా|ంప||సలహా|ఇచ్చాడ|,|తర|వాత|1977|నుండి|1981|వరక||జాత|య|భద|రతా|సలహాదార|గా|(ఎన|‌ఎస|‌ఏ)|పనిచ|శాడ|,|హెన్ర||కిస్సి|ంజర||తర|వాత."", ""44"": ""1|976|ఎంపి|కల|సమయంల||అతన||కార|టర|‌క||విద|శాంగ|విధా|ంప||సలహా|ఇచ్చాడ|,|తర|వాత|1977|నుండి|1981|వరక||జాత|య|భద|రతా|సలహాదార|గా|(ఎన|‌ఎస్‌ఏ)|పనిచ|శాడ|,|హెన్ర||కిస్సింజర||తర|వాత."", ""45"": ""1|976|ఎంపి|కల|సమయంల||అతన||కార|టర|‌క||విద|శాంగ|విధా|ంప||సలహా|ఇచ్చాడ|,|తర|వాత|1977|నుండి|1981|వరక||జాత|య|భద్రతా|సలహాదార|గా|(ఎన|‌ఎస్‌ఏ)|పనిచ|శాడ|,|హెన్ర||కిస్సింజర||తర|వాత."", ""46"": ""1976|ఎంపి|కల|సమయంల||అతన||కార|టర|‌క||విద|శాంగ|విధా|ంప||సలహా|ఇచ్చాడ|,|తర|వాత|1977|నుండి||1981|వరక||జాత|య|భద|రతా|సలహాదార|గా|(ఎన|‌ఎస్‌ఏ)|పనిచ|శాడ|,|హెన్రీ|కిస్సి|ంజర||తర|వాత.""}"
te,1976 నాటికి మ్యాచు పిచ్చులో ముప్పై శాతం పునరుద్ధరించబడింది నేటి వరకు పునరుద్ధరణ కొనసాగింది.,1,1,5,5,True,197|6|Ġà°¨|à°¾à°Ł|à°¿à°ķ|à°¿|Ġà°®|à±įà°¯|à°¾à°ļ|à±ģ|Ġà°ª|à°¿à°ļ|à±įà°ļ|à±ģà°²|à±ĭ|Ġà°®|à±ģà°ª|à±įà°ª|à±Ī|Ġà°¶|à°¾à°¤|à°Ĥ|Ġà°ª|à±ģà°¨à°°|à±ģà°¦|à±įà°§à°°|à°¿à°Ĥ|à°ļà°¬à°¡|à°¿à°Ĥ|à°¦|à°¿|Ġà°¨|à±ĩà°Ł|à°¿|Ġà°µà°°à°ķ|à±ģ|Ġà°ª|à±ģà°¨à°°|à±ģà°¦|à±įà°§|à°°à°£|Ġà°ķ|à±Ĭà°¨à°¸|à°¾à°Ĺ|à°¿à°Ĥ|à°¦|à°¿.,1976|నాటి|కి|మ్యా|||పిచ|చ|లో|ముప|ప||శాతం|పునర|ద|ధరి|ంచబడి|ంది||నేటి|వరక||పునర|ద|ధరణ|కొనసాగి|ంది.,"{""42"": ""1976|నాటి|కి|మ్యా|||పిచ|చ|లో|ముప|ప||శాతం|పునర|ద|ధరి|ంచబడి|ంది||నేటి|వరక||పునర|ద|ధరణ|కొనసాగి|ంది."", ""43"": ""1|976|నాటి|కి|మ్యాచ||పిచ్చ|లో|ముప|ప||శాతం|పునర|ద|ధరి|ంచబడి|ంది|నేటి|వరక||పునర|ద|ధరణ|కొనసా|ి|ంది."", ""44"": ""1976|నాటి|కి|మ్యాచ||పిచ్చ|లో|ముప్ప||శాతం|పునర|ద|ధరి|ంచబడి|ంది|నేటి|వరక||పునర|ద|ధరణ|కొనసా|ి|ంది."", ""45"": ""1976|నాటికి|మ్యాచ||పిచ|చ|లో|ముప్ప||శాతం|పునర|ద|ధరి|ంచబడి|ంది||నేటి|వరక||పునర|ద|ధరణ|కొనసా|ి|ంది."", ""46"": ""1|976|నాటి|కి|మ్యా|||పిచ్చ|లో|ముప|ప||శాతం|పునర|ద్ధరి|ంచబడి|ంది|నేటి|వరక||పునర|ద|ధరణ|కొనసా|ి|ంది.""}"
te,"1980 లలో అతను టాక్సీ, చీర్స్ మరియు ది ట్రేసీ ఉల్మాన్ షో వంటి ప్రదర్శనలలో పనిచేశాడు.",1,1,5,5,True,"198|0|Ġà°²à°²|à±ĭ|Ġà°ħà°¤à°¨|à±ģ|Ġà°Ł|à°¾à°ķ|à±įà°¸|à±Ģ,|Ġà°ļ|à±Ģà°°|à±įà°¸|à±į|Ġà°®à°°|à°¿à°¯|à±ģ|Ġà°¦|à°¿|Ġà°Ł|à±įà°°|à±ĩà°¸|à±Ģ|Ġà°īà°²|à±įà°®|à°¾à°¨|à±į|Ġà°·|à±ĭ|Ġà°µ|à°Ĥà°Ł|à°¿|Ġà°ª|à±įà°°à°¦à°°|à±įà°¶à°¨à°²|à°²|à±ĭ|Ġà°ªà°¨|à°¿à°ļ|à±ĩà°¶|à°¾à°¡|à±ģ.","198|0||లలో|అతన||టాక|సీ,|చీర|స్|మరియు|ది|ట్ర|సీ|ఉల్మాన||షో|వంటి||ప్రదర|శనలల||పనిచ|శాడ|.","{""42"": ""198|0||లలో|అతన||టాక|సీ,|చీర|స్|మరియు|ది|ట్ర|సీ|ఉల్మాన||షో|వంటి||ప్రదర|శనలల||పనిచ|శాడ|."", ""43"": ""1980|లలో|అతన||టాక|సీ,|చీర్స్|మరియ||ది|ట్ర|సీ|ఉల్మాన||షో|వంటి||ప్రదర|శనలల||పనిచ|శాడ|."", ""44"": ""1980|లలో|అతన||టాక|సీ,|చీర|స్|మరియు|ది|ట్ర|సీ|ఉల్మాన||షో|వంటి||ప్రదర|శనలల||పనిచ|శాడ|."", ""45"": ""1980|లలో|అతను|టాక|సీ,|చీర్స్|మరియు|ది|ట్ర|సీ|ఉల|మాన||షో|వంటి||ప్రదర|శనలల||పనిచ|శాడ|."", ""46"": ""1|98|0|లలో|అతన||టాక|సీ,|చీర|స్|మరియు|ది|ట్ర|సీ|ఉల్మాన||షో|వంటి||ప్రదర|శనలల||పనిచ|శాడ|.""}"
te,"1988 నుండి, బ్యాలెట్ బాక్స్ లు పారదర్శకంగా ఉండాలి, దానివలన ఓటర్లు మరియు పరిశీలకులు ఓటు వేసే సమయంలో ఎటువంటి ఎన్వలప్‌లు లేవని మరియు సరిగ్గా లెక్కపెట్టినవి మరియు అధికారిక ఓటర్లు మినహా ఎన్వలప్‌లు అదనంగా వేయకుండా ప్రత్యక్షంగా చూడచ్చు.",1,1,5,5,True,"198|8|Ġà°¨|à±ģà°Ĥ|à°¡|à°¿,|Ġà°¬|à±įà°¯|à°¾à°²|à±Ĩà°Ł|à±į|Ġà°¬|à°¾à°ķ|à±įà°¸|à±į|Ġà°²|à±ģ|Ġà°ª|à°¾à°°à°¦à°°|à±įà°¶à°ķ|à°Ĥà°Ĺ|à°¾|Ġà°ī|à°Ĥà°¡|à°¾à°²|à°¿,|Ġà°¦|à°¾à°¨|à°¿à°µ|à°²à°¨|Ġà°ĵà°Łà°°|à±įà°²|à±ģ|Ġà°®à°°|à°¿à°¯|à±ģ|Ġà°ªà°°|à°¿à°¶|à±Ģà°²à°ķ|à±ģà°²|à±ģ|Ġà°ĵà°Ł|à±ģ|Ġà°µ|à±ĩà°¸|à±ĩ|Ġà°¸à°®à°¯|à°Ĥà°²|à±ĭ|Ġà°İà°Ł|à±ģà°µ|à°Ĥà°Ł|à°¿|Ġà°İà°¨|à±įà°µà°²|à°ª|à±į|âĢ|Į|à°²|à±ģ|Ġà°²|à±ĩà°µà°¨|à°¿|Ġà°®à°°|à°¿à°¯|à±ģ|Ġà°¸à°°|à°¿à°Ĺ|à±įà°Ĺ|à°¾|Ġà°²|à±Ĩà°ķ|à±įà°ķà°ª|à±Ĩà°Ł|à±įà°Ł|à°¿à°¨à°µ|à°¿|Ġà°®à°°|à°¿à°¯|à±ģ|Ġà°ħà°§|à°¿à°ķ|à°¾à°°|à°¿à°ķ|Ġà°ĵà°Łà°°|à±įà°²|à±ģ|Ġà°®|à°¿à°¨à°¹|à°¾|Ġà°İà°¨|à±įà°µà°²|à°ª|à±į|âĢ|Į|à°²|à±ģ|Ġà°ħà°¦à°¨|à°Ĥà°Ĺ|à°¾|Ġà°µ|à±ĩà°¯à°ķ|à±ģà°Ĥ|à°¡|à°¾|Ġà°ª|à±įà°°à°¤|à±įà°¯à°ķ|à±įà°·|à°Ĥà°Ĺ|à°¾|Ġà°ļ|à±Ĥà°¡|à°ļ|à±įà°ļ|à±ģ.","1988|నుండి,|బ్యాల|ట్|బాక|స్|లు|పారదర|శకంగ|ా|ఉండాలి|,|దాని|వలన|ఓటర|ల||మరియు|పరిశ|లక|లు|ఓటు|వేసే|సమయంల||ఎటువంటి||ఎన|వలప|‌ల||లేవని||మరియ||సరిగ|గా|లెక|కప|ట్టి|నవి||మరియు|అధికా|ి|క|ఓటర|లు|మినహా|ఎన|వలప|‌ల||అదనంగ|ా|వేయక|ండా|ప్రత|యక|షంగా|చూడచ|చ|.","{""42"": ""1988|నుండి,|బ్యాల|ట్|బాక|స్|లు|పారదర|శకంగ|ా|ఉండాలి|,|దాని|వలన|ఓటర|ల||మరియు|పరిశ|లక|లు|ఓటు|వేసే|సమయంల||ఎటువంటి||ఎన|వలప|‌ల||లేవని||మరియ||సరిగ|గా|లెక|కప|ట్టి|నవి||మరియు|అధికా|ి|క|ఓటర|లు|మినహా|ఎన|వలప|‌ల||అదనంగ|ా|వేయక|ండా|ప్రత|యక|షంగా|చూడచ|చ|."", ""43"": ""1988|నుండి|,|బ్యాల|ట్|బాక|స్|లు|పారదర|శకంగ|ా|ఉండాలి|,|దాని|వలన|ఓటర|లు|మరియు|పరిశ|లక|లు|ఓటు|వేసే|సమయంల||ఎటువంటి||ఎన|వలప|‌ల||లేవని||మరియు|సరిగ|గా|లెక్కప|ట్టి|నవి|మరియు|అధిక||ి|క|ఓటర|లు|మినహా|ఎన|వలప|‌ల||అదనంగ|ా|వేయక|ండా|ప్రత|యక|షంగా|చూడచ||చ|."", ""44"": ""1988|నుండి|,|బ్యా||ట్|బాక|స్|లు|పారదర|శకంగ|ా|ఉండాలి|,|దాని|వలన|ఓటర|ల||మరియ||పరిశ|లక|లు|ఓటు|వేసే|సమయంల||ఎటువంటి||ఎన|వలప|‌ల||లేవని||మరియు|సరిగ|గా|లెక|కప|ట్టి|నవి||మరియ||అధికా|ి|క|ఓటర|ల||మినహా|ఎన|వలప|‌ల||అదనంగ|ా|వేయక|ండా|ప్రత|యక|షంగా|చూడచ|చ|."", ""45"": ""1988||నుండి|,|బ్యా||ట్|బాక|స్|లు|పారదర|శకంగ|ా|ఉండాలి|,|దాని|వలన|ఓటర|లు|మరియ||పరిశ|లక|ల||ఓటు|వేసే|సమయంల||ఎటువంటి||ఎన|వలప|‌ల||లేవని||మరియు|సరిగ|గా|లెక|కప|ట్టి|నవి|మరియు|అధికా|ి|క|ఓటర|లు|మినహా|ఎన|వలప|‌ల||అదనంగ|ా|వేయక|ండా|ప్రత|యక|షంగ|ా|చూడచ|చ|."", ""46"": ""1988||నుండి,|బ్యా||ట్|బాక|స్|లు|పారదర|శకంగ|ా|ఉండాలి|,|దాని|వలన|ఓటర|లు|మరియ||పరిశ|లక|లు|ఓటు|వేసే|సమయంల||ఎటువంటి||ఎన|వలప|‌ల||లేవని||మరియు|సరిగ|గా|లెక|కప|ట్టి|నవి|మరియు|అధికా|ి|క|ఓటర|లు|మినహా|ఎన|వలప|‌ల||అదనంగ|ా|వేయక|ండా|ప్రత|యక|షంగ|ా|చూడచ|చ|.""}"
te,1989లో అతను సింప్సన్స్ ki బ్రూక్స్ ఇంక గ్రోనింగ్ రూపొందించడానికి సహాయపడ్డాడు మరియు షోలో మొదటి గెలిచిన బృందం నియామకంలో బాధ్యత వహించాడు.,1,1,5,5,True,198|9|à°²|à±ĭ|Ġà°ħà°¤à°¨|à±ģ|Ġà°¸|à°¿à°Ĥ|à°ª|à±įà°¸à°¨|à±įà°¸|à±į|Ġki|Ġà°¬|à±įà°°|à±Ĥà°ķ|à±įà°¸|à±į|Ġà°ĩ|à°Ĥà°ķ|Ġà°Ĺ|à±įà°°|à±ĭà°¨|à°¿à°Ĥ|à°Ĺ|à±į|Ġà°°|à±Ĥà°ª|à±Ĭà°Ĥ|à°¦|à°¿à°Ĥ|à°ļà°¡|à°¾à°¨|à°¿à°ķ|à°¿|Ġà°¸à°¹|à°¾à°¯à°ªà°¡|à±įà°¡|à°¾à°¡|à±ģ|Ġà°®à°°|à°¿à°¯|à±ģ|Ġà°·|à±ĭà°²|à±ĭ|Ġà°®|à±Ĭà°¦à°Ł|à°¿|Ġà°Ĺ|à±Ĩà°²|à°¿à°ļ|à°¿à°¨|Ġà°¬|à±ĥà°Ĥ|à°¦|à°Ĥ|Ġà°¨|à°¿à°¯|à°¾à°®à°ķ|à°Ĥà°²|à±ĭ|Ġà°¬|à°¾à°§|à±įà°¯à°¤|Ġà°µà°¹|à°¿à°Ĥ|à°ļ|à°¾à°¡|à±ģ.,1|989ల||అతన||సింప|సన|స్|ki బ్ర|క్స్|ఇంక|గ్ర|నింగ||రూప|ంది|ంచడాని|కి|సహా|పడ|డాడ||మరియు|షోల||మొదటి||గెలిచి|న|బృందం|నియామకంల||బాధ|యత|వహి|ంచాడ|.,"{""42"": ""1|989ల||అతన||సింప|సన|స్|ki బ్ర|క్స్|ఇంక|గ్ర|నింగ||రూప|ంది|ంచడాని|కి|సహా|పడ|డాడ||మరియు|షోల||మొదటి||గెలిచి|న|బృందం|నియామకంల||బాధ|యత|వహి|ంచాడ|."", ""43"": ""198|9|లో|అతన||సింప|సన|స్|ki బ్రూక్స్|ఇంక|గ్ర|నింగ||రూప|ంది|ంచడాని|కి|సహాయప||డాడ||మరియు|షోల||మొదటి||గెలిచి|న|బృందం|నియామకంల||బాధ|యత|వహి|ంచాడ|."", ""44"": ""1989లో|అతన||సింప|సన|స్|ki బ్రూక్స్|ఇంక|గ్ర|నింగ||రూప|ంది|ంచడాని|కి|సహా|పడ|డా|||మరియు|షోల||మొదటి||గెలిచి|న|బృందం|నియామకంల||బాధ|యత|వహి|ంచాడ|."", ""45"": ""198|9|ల||అతన||సింప|సన|స్|ki బ్రూక్స్|ఇంక|గ్ర|నింగ||రూప|ంది|ంచడా|ి|కి|సహాయపడ|డాడ||మరియ||షోల||మొదటి||గెలిచి|న|బృందం|నియామకంల||బాధ|యత|వహి|ంచాడ|."", ""46"": ""1989ల||అతన||సింప|సన|స||ki బ్రూక్స్|ఇంక|గ్ర|నింగ||రూప|ంది|ంచడా|ి|కి|సహా|పడ|డాడ||మరియ||షోల||మొదటి||గెలిచి|న|బృందం|నియామకంల||బాధ|యత|వహించాడ|.""}"
te,"1990 లో, ఎడారి ఇసుక ముప్పు కారణంగా ప్రమాదంలో ఉన్న ప్రపంచ వారసత్వ ప్రదేశాల జాబితాలో ఇది కూడా చేర్చబడింది.",1,1,5,5,True,"199|0|Ġà°²|à±ĭ,|Ġà°İà°¡|à°¾à°°|à°¿|Ġà°ĩà°¸|à±ģà°ķ|Ġà°®|à±ģà°ª|à±įà°ª|à±ģ|Ġà°ķ|à°¾à°°à°£|à°Ĥà°Ĺ|à°¾|Ġà°ª|à±įà°°à°®|à°¾à°¦|à°Ĥà°²|à±ĭ|Ġà°īà°¨|à±įà°¨|Ġà°ª|à±įà°°à°ª|à°Ĥà°ļ|Ġà°µ|à°¾à°°à°¸à°¤|à±įà°µ|Ġà°ª|à±įà°°à°¦|à±ĩà°¶|à°¾à°²|Ġà°ľ|à°¾à°¬|à°¿à°¤|à°¾à°²|à±ĭ|Ġà°ĩà°¦|à°¿|Ġà°ķ|à±Ĥà°¡|à°¾|Ġà°ļ|à±ĩà°°|à±įà°ļà°¬à°¡|à°¿à°Ĥ|à°¦|à°¿.","1|990||లో,|ఎడారి||ఇసుక|ముప|ప||కారణంగ|ా|ప్రమా|ంల||ఉన్న|ప్రపంచ||వారసత|వ|ప్రద|శాల|జాబి|తాల||ఇది|కూడా|చేర|చబడి|ంది.","{""42"": ""1|990||లో,|ఎడారి||ఇసుక|ముప|ప||కారణంగ|ా|ప్రమా|ంల||ఉన్న|ప్రపంచ||వారసత|వ|ప్రద|శాల|జాబి|తాల||ఇది|కూడా|చేర|చబడి|ంది."", ""43"": ""1|99|0|లో,|ఎడారి||ఇసుక|ముప|ప||కారణంగా|ప్రమ||ంల||ఉన్న|ప్రపంచ||వారసత|వ|ప్రద|శాల|జాబి|తాల||ఇది|కూడా|చేర|చబడి|ంది."", ""44"": ""1990||లో,|ఎడారి||ఇసుక|ముప|ప||కారణంగ|ా|ప్రమా|ంల||ఉన్న|ప్రపంచ||వారసత|వ|ప్రద|శాల|జాబితాల||ఇది|కూడా|చేర|చబడి|ంది."", ""45"": ""1990||లో,|ఎడారి|ఇసుక|ముప|ప||కారణంగ|ా|ప్రమాదంల||ఉన్న|ప్రపంచ||వారసత|వ|ప్రద|శాల|జాబి|తా|||ఇది|కూడా|చేర|చబడి|ంది."", ""46"": ""1990|లో,|ఎడా|ి||ఇసుక|ముప|ప||కారణంగ|ా|ప్రమా|ంల||ఉన్న|ప్రపంచ||వారసత|వ|ప్రద|శాల|జాబి|తాల||ఇది|కూడా|చేర|చబడి|ంది.""}"
te,1993లో షోని వదిలిపెట్టినప్పటికి ఆయన ఎగ్జిక్యూటివ్ నిర్మాత బిరుదుని కొనసాగించారు మరియు రాయల్టీలలో ప్రతి సీజన్ లో పది కంటే ఎక్కువ మిలియన్ల డాలర్లను అందుకునేవారు.,1,1,5,5,True,199|3|à°²|à±ĭ|Ġà°·|à±ĭà°¨|à°¿|Ġà°µà°¦|à°¿à°²|à°¿à°ª|à±Ĩà°Ł|à±įà°Ł|à°¿à°¨à°ª|à±įà°ªà°Ł|à°¿à°ķ|à°¿|Ġà°Ĩà°¯à°¨|Ġà°İà°Ĺ|à±įà°ľ|à°¿à°ķ|à±įà°¯|à±Ĥà°Ł|à°¿à°µ|à±į|Ġà°¨|à°¿à°°|à±įà°®|à°¾à°¤|Ġà°¬|à°¿à°°|à±ģà°¦|à±ģà°¨|à°¿|Ġà°ķ|à±Ĭà°¨à°¸|à°¾à°Ĺ|à°¿à°Ĥ|à°ļ|à°¾à°°|à±ģ|Ġà°®à°°|à°¿à°¯|à±ģ|Ġà°°|à°¾à°¯à°²|à±įà°Ł|à±Ģà°²à°²|à±ĭ|Ġà°ª|à±įà°°à°¤|à°¿|Ġà°¸|à±Ģà°ľà°¨|à±į|Ġà°²|à±ĭ|Ġà°ªà°¦|à°¿|Ġà°ķ|à°Ĥà°Ł|à±ĩ|Ġà°İà°ķ|à±įà°ķ|à±ģà°µ|Ġà°®|à°¿à°²|à°¿à°¯à°¨|à±įà°²|Ġà°¡|à°¾à°²à°°|à±įà°²à°¨|à±ģ|Ġà°ħ|à°Ĥà°¦|à±ģà°ķ|à±ģà°¨|à±ĩà°µ|à°¾à°°|à±ģ.,1993|||షోని|వదిలి|ప|ట్టి|నప|పటి|కి|ఆయన|ఎగ|జి|క|య|టివ||నిర|మాత|బిర|దుని|కొనసా|ి|ంచార||మరియు|రాయల|టీలల||ప్రతి||సీజన||లో|పది|కంట||ఎక|క|వ|మిలి|యన|ల|డాలర|లన||అంద|కునేవార|.,"{""42"": ""1993|||షోని|వదిలి|ప|ట్టి|నప|పటి|కి|ఆయన|ఎగ|జి|క|య|టివ||నిర|మాత|బిర|దుని|కొనసా|ి|ంచార||మరియు|రాయల|టీలల||ప్రతి||సీజన||లో|పది|కంట||ఎక|క|వ|మిలి|యన|ల|డాలర|లన||అంద|కునేవార|."", ""43"": ""1993|||షోని|వదిలి|ప|ట్టి|నప|పటి|కి|ఆయన|ఎగ్జి|క|య|టివ||నిర|మాత|బిర|ద|ని|కొనసా|ి|ంచార||మరియ||రాయల|టీలల||ప్రతి||సీజన||లో|పది|కంట||ఎక్క|వ|మిలి|యన|ల|డాలర|లన||అంద|కునేవార|."", ""44"": ""1993||||షోని|వదిలి|ప|ట్టి|నప|పటి|కి|ఆయన|ఎగ్జి|క|యూటివ||నిర|మాత|బిర|ద|ని|కొనసాగి|ంచార||మరియు|రాయల|టీలల||ప్రతి||సీజన||లో|పది|కంట||ఎక్క|వ|మిలియన|ల|డాలర|లన||అంద|కునేవార|."", ""45"": ""1993|||షోని|వదిలి|ప|ట్టి|నప|పటి|కి|ఆయన|ఎగ|జి|క|య|టివ||నిర|మాత|బిర|ద|ని|కొనసా|ి|ంచార||మరియ||రాయల|టీలల||ప్రతి||సీజన||లో|పది|కంట||ఎక|క|వ|మిలి|యన|ల|డాలర|లన||అంద|కున|వార|."", ""46"": ""1993ల||షోని|వదిలి|ప|ట్టి|నప|పటి|కి|ఆయన|ఎగ|జి|క|య|టివ||నిర|మాత|బిర|ద|ని|కొనసా|ి|ంచార||మరియ||రాయల|టీలల||ప్రతి||సీజన||లో|పది|కంట||ఎక్క|వ|మిలి|యన|ల|డాలర|లన||అంద|కునేవార|.""}"
te,"1994 లో, ఈ వివాదం తూర్పు మోల్డోవాలో స్వయం ప్రకటిత ట్రాన్స్నిస్ట్రియా రిపబ్లిక్ ఏర్పడటానికి దారితీసింది, ఇది దాని స్వంత ప్రభుత్వం మరియు కరెన్సీని కలిగి ఉంది, కానీ ఏ UN సభ్య దేశం గుర్తించలేదు.",1,1,5,5,True,"199|4|Ġà°²|à±ĭ,|Ġà°Ī|Ġà°µ|à°¿à°µ|à°¾à°¦|à°Ĥ|Ġà°¤|à±Ĥà°°|à±įà°ª|à±ģ|Ġà°®|à±ĭà°²|à±įà°¡|à±ĭà°µ|à°¾à°²|à±ĭ|Ġà°¸|à±įà°µà°¯|à°Ĥ|Ġà°ª|à±įà°°à°ķà°Ł|à°¿à°¤|Ġà°Ł|à±įà°°|à°¾à°¨|à±įà°¸|à±įà°¨|à°¿à°¸|à±įà°Ł|à±įà°°|à°¿à°¯|à°¾|Ġà°°|à°¿à°ªà°¬|à±įà°²|à°¿à°ķ|à±į|Ġà°ıà°°|à±įà°ªà°¡|à°Ł|à°¾à°¨|à°¿à°ķ|à°¿|Ġà°¦|à°¾à°°|à°¿à°¤|à±Ģà°¸|à°¿à°Ĥ|à°¦|à°¿,|Ġà°ĩà°¦|à°¿|Ġà°¦|à°¾à°¨|à°¿|Ġà°¸|à±įà°µ|à°Ĥà°¤|Ġà°ª|à±įà°°à°Ń|à±ģà°¤|à±įà°µ|à°Ĥ|Ġà°®à°°|à°¿à°¯|à±ģ|Ġà°ķà°°|à±Ĩà°¨|à±įà°¸|à±Ģà°¨|à°¿|Ġà°ķà°²|à°¿à°Ĺ|à°¿|Ġà°ī|à°Ĥà°¦|à°¿,|Ġà°ķ|à°¾à°¨|à±Ģ|Ġà°ı|ĠUN|Ġà°¸à°Ń|à±įà°¯|Ġà°¦|à±ĩà°¶|à°Ĥ|Ġà°Ĺ|à±ģà°°|à±įà°¤|à°¿à°Ĥ|à°ļà°²|à±ĩà°¦|à±ģ.","1994|లో,|ఈ వివాదం|తూర|ప||మోల|డోవాల||స్వయం|ప్రకటి|త|ట్రా||స్ని|స్ట్రి|యా|రిపబ|లి|క||ఏర|పడట|ాని|కి|దారి|త|సి|ంది,|ఇది|దాని||స్వ|త|ప్రభ|త|వం|మరియు|కర|న్సీని|కలిగి||ఉంది,|కాన||ఏ UN|సభ్య|దేశం|గుర|తించల|దు.","{""42"": ""1994|లో,|ఈ వివాదం|తూర|ప||మోల|డోవాల||స్వయం|ప్రకటి|త|ట్రా||స్ని|స్ట్రి|యా|రిపబ|లి|క||ఏర|పడట|ాని|కి|దారి|త|సి|ంది,|ఇది|దాని||స్వ|త|ప్రభ|త|వం|మరియు|కర|న్సీని|కలిగి||ఉంది,|కాన||ఏ UN|సభ్య|దేశం|గుర|తించల|దు."", ""43"": ""1994||లో,|ఈ వివాదం|తూర|ప||మోల|డోవా|||స్వయం|ప్రకటి|త|ట్రాన|స్నిస్ట|రి|యా|రిపబ|లి|క||ఏర|పడటాని|కి|దారి|త|సి|ంది,|ఇది|దాని||స్వంత|ప్రభ|త|వం|మరియ||కర|న్సీని|కలిగి||ఉంది,|కాన||ఏ UN|సభ్య|దేశం|గుర|తించల|దు."", ""44"": ""1994|లో,|ఈ వివా|ం|తూర|ప||మోల|డోవాల||స్వయం|ప్రకటి|త|ట్రా||స్ని|స|ట|రియా|రిపబ|లి|క||ఏర|పడటాని|కి|దారిత|సి|ంది,|ఇది|దాని||స్వంత|ప్రభ|త|వం|మరియు|కర|న్స|ని|కలిగి||ఉంది,|కాన||ఏ UN|సభ్య|దేశం|గుర|తించల|దు."", ""45"": ""199|4|లో,|ఈ వివా|ం|తూర|పు|మోల|డోవాల||స్వయం|ప్రకటి|త|ట్రా||స్ని|స్ట|రి|యా|రిపబ|లి|క||ఏర|పడటాని|కి|దారి|త|సి|ంది,|ఇది|దాని||స్వంత|ప్రభ|త|వం|మరియ||కర|న్సీని|కలిగి||ఉంది,|కాన||ఏ UN|సభ్య|దేశం|గుర|తించల|దు."", ""46"": ""1994|లో,|ఈ వివా|ం|తూర|పు|మోల|డోవాల||స్వయం|ప్రకట|ి|త|ట్రా||స్నిస్ట|రి|యా|రిపబ|లి|క||ఏర|పడటాని|కి|దారిత|సింది,|ఇది|దాని||స్వంత|ప్రభ|త|వం|మరియ||కర|న్సీని|కలిగి||ఉంది,|కాన||ఏ UN|సభ్య|దేశం|గుర|తించల|ద|.""}"
te,"1994లో, అజర్ బైజాన్ కి చెందిన స్థానిక ఆర్మేనియన్ నగోర్నో- కారాబాఖ్ ప్రాంతం అజేరిస్ పై యుద్ధం చేసింది.",1,1,5,5,True,"199|4|à°²|à±ĭ,|Ġà°ħà°ľ|à°°|à±į|Ġà°¬|à±Īà°ľ|à°¾à°¨|à±į|Ġà°ķ|à°¿|Ġà°ļ|à±Ĩà°Ĥ|à°¦|à°¿à°¨|Ġà°¸|à±įà°¥|à°¾à°¨|à°¿à°ķ|Ġà°Ĩà°°|à±įà°®|à±ĩà°¨|à°¿à°¯à°¨|à±į|Ġà°¨à°Ĺ|à±ĭà°°|à±įà°¨|à±ĭ-|Ġà°ķ|à°¾à°°|à°¾à°¬|à°¾à°ĸ|à±į|Ġà°ª|à±įà°°|à°¾à°Ĥ|à°¤|à°Ĥ|Ġà°ħà°ľ|à±ĩà°°|à°¿à°¸|à±į|Ġà°ª|à±Ī|Ġà°¯|à±ģà°¦|à±įà°§|à°Ĥ|Ġà°ļ|à±ĩà°¸|à°¿à°Ĥ|à°¦|à°¿.","1994ల|,|అజర||బైజాన||కి|చెంది|న|స్థాని|క|ఆర|మేనియన||నగోర|నో-||కారా|ాఖ||ప్రా|తం|అజేరిస్|పై|యుద్ధం|చేసింది|.","{""42"": ""1994ల|,|అజర||బైజాన||కి|చెంది|న|స్థాని|క|ఆర|మేనియన||నగోర|నో-||కారా|ాఖ||ప్రా|తం|అజేరిస్|పై|యుద్ధం|చేసింది|."", ""43"": ""1994|ో,|అజర||బైజాన||కి|చెంది|న|స్థాని|క|ఆర|మేనియన||నగోర|నో-||కారాబా|||ప్రా|తం|అజేరిస్|పై|యుద|ధం|చేసింది."", ""44"": ""1994ల|,|అజర||బైజాన||కి|చెంది|న|స్థా|ి|క|ఆర|మేనియన||నగోర|నో-||కారాబాఖ||ప్రా|తం|అజేరి|స్|పై|యుద|ధం|చేసింది."", ""45"": ""199|4||,|అజర||బైజాన||కి|చెంది|న|స్థాని|క|ఆర|మేనియన||నగోర|నో-||కారా|ాఖ||ప్రా|తం|అజ|రి|స్|పై|యుద|ధం|చేసి|ంది."", ""46"": ""1994|ల|,|అజర||బైజాన||కి|చెంది|న|స్థానిక|ఆర్మేనియన||నగోర|నో-||కారాబాఖ||ప్రా|తం|అజేరిస్|పై|యుద|ధం|చేసింది.""}"
te,1995లో పార్టిజాన్ చరిత్రలో అత్యుత్తమ ఆటగాడిగా అతను ఓటు వేయబడ్డాడు.,1,1,5,5,True,199|5|à°²|à±ĭ|Ġà°ª|à°¾à°°|à±įà°Ł|à°¿à°ľ|à°¾à°¨|à±į|Ġà°ļà°°|à°¿à°¤|à±įà°°à°²|à±ĭ|Ġà°ħà°¤|à±įà°¯|à±ģà°¤|à±įà°¤à°®|Ġà°Ĩà°Łà°Ĺ|à°¾à°¡|à°¿à°Ĺ|à°¾|Ġà°ħà°¤à°¨|à±ģ|Ġà°ĵà°Ł|à±ģ|Ġà°µ|à±ĩà°¯à°¬à°¡|à±įà°¡|à°¾à°¡|à±ģ.,1995లో|పార|టిజాన||చరిత|రల||అత|య|త|తమ|ఆటగాడి|గా|అతన||ఓటు|వేయబడ|డాడ|.,"{""42"": ""1995లో|పార|టిజాన||చరిత|రల||అత|య|త|తమ|ఆటగాడి|గా|అతన||ఓటు|వేయబడ|డాడ|."", ""43"": ""1995లో|పార|టిజా|||చరిత|రల||అత|యుత|తమ|ఆటగా|ి|గా|అతన||ఓటు|వేయబడ|డాడ|."", ""44"": ""1995|లో|పార|టిజాన||చరిత|రల||అత|య|త|తమ|ఆటగాడి|గా|అతన||ఓటు|వేయబడ|డాడ|."", ""45"": ""199|5|ల||పార|టిజా|||చరిత|రల||అత|య|త|తమ|ఆటగాడి|గా|అతన||ఓటు|వేయబడ|డాడ|."", ""46"": ""1995||||పార|టిజాన||చరిత|రల||అత|య|త|తమ|ఆటగాడి|గా|అతన||ఓటు|వేయబడ|డాడ|.""}"
te,1998లో రాసిన పుస్తకంలో ఆయన స్వయంగా డాక్యుమెంట్ చేశారు.,1,1,5,5,True,199|8|à°²|à±ĭ|Ġà°°|à°¾à°¸|à°¿à°¨|Ġà°ª|à±ģà°¸|à±įà°¤à°ķ|à°Ĥà°²|à±ĭ|Ġà°Ĩà°¯à°¨|Ġà°¸|à±įà°µà°¯|à°Ĥà°Ĺ|à°¾|Ġà°¡|à°¾à°ķ|à±įà°¯|à±ģà°®|à±Ĩà°Ĥ|à°Ł|à±į|Ġà°ļ|à±ĩà°¶|à°¾à°°|à±ģ.,1998|ల||రాసిన|పుస|తకంల||ఆయన|స్వయంగ|ా|డాక|యుమ|ంట||చేశార|.,"{""42"": ""1998|ల||రాసిన|పుస|తకంల||ఆయన|స్వయంగ|ా|డాక|యుమ|ంట||చేశార|."", ""43"": ""1998|లో|రాసిన|పుస|తకంల||ఆయన|స్వయంగ|ా|డాక|యుమ|ంట||చేశార|."", ""44"": ""1998ల||రాసిన|పుస్తకంల||ఆయన|స్వయంగ|ా|డాక|యుమ|ంట||చేశార|."", ""45"": ""1998ల||రాసి|న|పుస|తకంల||ఆయన|స్వయంగ|ా|డాక|యుమ|ంట||చేశార|."", ""46"": ""1998|||రాసి|న|పుస|తకంల||ఆయన|స్వయంగ|ా|డాక|యుమ|ంట||చేశార|.""}"
te,"19వ శతాబ్దం నుండి ట్రావెల్ ఏజెన్సీలు ఉన్నాయి. ఒక ట్రావెల్ ఏజెంట్ సాధారణంగా ఒక ప్రయాణికుని కి మంచి ఎంపిక, ఇది ప్రకృతి, సంస్కృతి, భాష లేదా అల్పాదాయ దేశాల యొక్క గత అనుభవాన్ని దాటి ప్రయాణిస్తుంది.",1,1,5,5,True,"19|à°µ|Ġà°¶à°¤|à°¾à°¬|à±įà°¦|à°Ĥ|Ġà°¨|à±ģà°Ĥ|à°¡|à°¿|Ġà°Ł|à±įà°°|à°¾à°µ|à±Ĩà°²|à±į|Ġà°ıà°ľ|à±Ĩà°¨|à±įà°¸|à±Ģà°²|à±ģ|Ġà°īà°¨|à±įà°¨|à°¾à°¯|à°¿.|Ġà°Ĵà°ķ|Ġà°Ł|à±įà°°|à°¾à°µ|à±Ĩà°²|à±į|Ġà°ıà°ľ|à±Ĩà°Ĥ|à°Ł|à±į|Ġà°¸|à°¾à°§|à°¾à°°à°£|à°Ĥà°Ĺ|à°¾|Ġà°Ĵà°ķ|Ġà°ª|à±įà°°à°¯|à°¾à°£|à°¿à°ķ|à±ģà°¨|à°¿|Ġà°ķ|à°¿|Ġà°®|à°Ĥà°ļ|à°¿|Ġà°İ|à°Ĥà°ª|à°¿à°ķ|,|Ġà°ĩà°¦|à°¿|Ġà°ª|à±įà°°à°ķ|à±ĥà°¤|à°¿,|Ġà°¸|à°Ĥà°¸|à±įà°ķ|à±ĥà°¤|à°¿,|Ġà°Ń|à°¾à°·|Ġà°²|à±ĩà°¦|à°¾|Ġà°ħà°²|à±įà°ª|à°¾à°¦|à°¾à°¯|Ġà°¦|à±ĩà°¶|à°¾à°²|Ġà°¯|à±Ĭà°ķ|à±įà°ķ|Ġà°Ĺà°¤|Ġà°ħà°¨|à±ģà°Ńà°µ|à°¾à°¨|à±įà°¨|à°¿|Ġà°¦|à°¾à°Ł|à°¿|Ġà°ª|à±įà°°à°¯|à°¾à°£|à°¿à°¸|à±įà°¤|à±ģà°Ĥ|à°¦|à°¿.","19వ|శతాబ|దం|నుండి|ట్రా||ల||ఏజెన|స|ల||ఉన్నాయి|.|ఒక|ట్రావ|ల||ఏజెంట||సాధారణంగ|ా|ఒక|ప్రయా|ి|క|ని|కి|మంచి|ఎంపి|క,|ఇది|ప్రక|తి,|సంస|క|తి|,|భాష|లేదా|అల|పాదాయ|దేశాల|యొక్క|గత|అన|భవా||ని|దాటి||ప్రయా|ి|స్త|ంది.","{""42"": ""19వ|శతాబ|దం|నుండి|ట్రా||ల||ఏజెన|స|ల||ఉన్నాయి|.|ఒక|ట్రావ|ల||ఏజెంట||సాధారణంగ|ా|ఒక|ప్రయా|ి|క|ని|కి|మంచి|ఎంపి|క,|ఇది|ప్రక|తి,|సంస|క|తి|,|భాష|లేదా|అల|పాదాయ|దేశాల|యొక్క|గత|అన|భవా||ని|దాటి||ప్రయా|ి|స్త|ంది."", ""43"": ""19వ|శతాబ|దం|నుండి|ట్రా||ల||ఏజెన|సీల||ఉన్నాయి|.|ఒక|ట్రా||ల||ఏజెంట||సాధా|ణంగ|ా|ఒక|ప్రయా|ి|క|ని|కి|మంచి||ఎంపి|క,|ఇది|ప్రక|తి,|సంస|క|తి|,|భాష|లేదా|అల|పాదాయ|దేశాల|యొక|క|గత|అన|భవా||ని|దాటి||ప్రయా|ి|స్త|ంది."", ""44"": ""19వ|శతాబ|దం|నుండి|ట్రా||ల||ఏజెన|సీల||ఉన్నాయి|.|ఒక|ట్రావ|ల||ఏజెంట||సాధా|ణంగ|ా|ఒక|ప్రయా|ి|క|ని|కి|మంచి||ఎంపి|క,|ఇది|ప్రక|తి,|సంస|క|తి,|భాష|లేదా|అల|పాదాయ|దేశాల|యొక|క|గత|అన|భవా||ని|దాటి||ప్రయా|ి|స్త|ంది."", ""45"": ""19వ|శతాబ|దం|నుండి|ట్రా||ల||ఏజెన్స|ల||ఉన్నాయి|.|ఒక|ట్రా||ల||ఏజెంట||సాధారణంగ|ా|ఒక|ప్రయా|ి|క|ని|కి|మంచి||ఎంపి|క,|ఇది|ప్రక|తి|,|సంస|క|తి,|భాష|లేదా|అల|పాదాయ|దేశాల|యొక్క|గత|అన|భవా||ని|దాటి||ప్రయా|ి|స్త|ంది."", ""46"": ""1|9|వ|శతాబ|దం|నుండి|ట్రా||ల||ఏజెన|స|ల||ఉన్నాయి|.|ఒక|ట్రావ|ల||ఏజెంట||సాధా|ణంగ|ా|ఒక|ప్రయా|ి|క|ని|కి|మంచి||ఎంపి|క,|ఇది|ప్రక|తి,|సంస|క|తి,|భాష|లేదా|అల|పాదాయ|దేశాల|యొక|క|గత|అన|భవాన|ని|దాటి||ప్రయా|ి|స్త|ంది.""}"
te,"2 కంటే ఎక్కువ మంది ప్యాసింజర్ లు ఉండటం కొరకు సర్ ఛార్జీ ఉంది, అందువల్ల ఈ ఆప్షన్ అవసరమైన దానికంటే మరింత ఖరీదైనది.",1,1,5,5,True,"2|Ġà°ķ|à°Ĥà°Ł|à±ĩ|Ġà°İà°ķ|à±įà°ķ|à±ģà°µ|Ġà°®|à°Ĥà°¦|à°¿|Ġà°ª|à±įà°¯|à°¾à°¸|à°¿à°Ĥ|à°ľà°°|à±į|Ġà°²|à±ģ|Ġà°ī|à°Ĥà°¡à°Ł|à°Ĥ|Ġà°ķ|à±Ĭà°°à°ķ|à±ģ|Ġà°¸à°°|à±į|Ġà°Ľ|à°¾à°°|à±įà°ľ|à±Ģ|Ġà°ī|à°Ĥà°¦|à°¿,|Ġà°ħ|à°Ĥà°¦|à±ģà°µà°²|à±įà°²|Ġà°Ī|Ġà°Ĩà°ª|à±įà°·à°¨|à±į|Ġà°ħà°µà°¸à°°à°®|à±Īà°¨|Ġà°¦|à°¾à°¨|à°¿à°ķ|à°Ĥà°Ł|à±ĩ|Ġà°®à°°|à°¿à°Ĥ|à°¤|Ġà°ĸà°°|à±Ģà°¦|à±Īà°¨à°¦|à°¿.","2|కంట||ఎక్క|వ|మంది|ప్యా|ి|ంజర||లు|ఉండటం|కొరక||సర||ఛార|జీ|ఉంది,|అంద|వల|ల|ఈ|ఆప్షన||అవసరమ|న|దాని|కంట||మరింత|ఖర|దైనది|.","{""42"": ""2|కంట||ఎక్క|వ|మంది|ప్యా|ి|ంజర||లు|ఉండటం|కొరక||సర||ఛార|జీ|ఉంది,|అంద|వల|ల|ఈ|ఆప్షన||అవసరమ|న|దాని|కంట||మరింత|ఖర|దైనది|."", ""43"": ""2|కంట||ఎక్క|వ|మంది|ప్యా|ి|ంజర||లు|ఉండట|ం|కొరక||సర||ఛార|జీ|ఉంది,|అంద|వల|ల|ఈ|ఆప్షన||అవస|మ|న|దాని|కంట||మరింత|ఖర|దైనది."", ""44"": ""2|కంట||ఎక్క|వ|మంది||ప్యా|ి|ంజర||లు|ఉండటం|కొరక||సర||ఛార|జీ|ఉంది,|అంద|వల|ల|ఈ|ఆప్షన||అవసరమ|న|దాని|కంట||మరింత|ఖర|ద|నది."", ""45"": ""2|కంట||ఎక్క|వ|మంది|ప్యా|ి|ంజర||లు|ఉండటం|కొరక||సర||ఛార|జీ|ఉంది,|అంద|వల|ల|ఈ|ఆప్షన||అవసరమ|న|దాని|కంట||మరింత|ఖర|దైనది."", ""46"": ""2||కంట||ఎక్క|వ|మంది||ప్యా|ి|ంజర||లు|ఉండట|ం|కొరక||సర||ఛార|జీ|ఉంది,|అంద|వల|ల|ఈ|ఆప్షన||అవసరమ|న|దాని|కంట||మరింత|ఖర|దైనది.""}"
te,2 గంటల వ్యవధిలో మరో 3 బాంబులు ప్రభుత్వ భవనాల సమీపంలో పేలిపోయాయి.,1,1,5,5,True,2|Ġà°Ĺ|à°Ĥà°Łà°²|Ġà°µ|à±įà°¯à°µà°§|à°¿à°²|à±ĭ|Ġà°®à°°|à±ĭ|Ġ|3|Ġà°¬|à°¾à°Ĥ|à°¬|à±ģà°²|à±ģ|Ġà°ª|à±įà°°à°Ń|à±ģà°¤|à±įà°µ|Ġà°Ńà°µà°¨|à°¾à°²|Ġà°¸à°®|à±Ģà°ª|à°Ĥà°²|à±ĭ|Ġà°ª|à±ĩà°²|à°¿à°ª|à±ĭà°¯|à°¾à°¯|à°¿.,2|గంటల|వ్యవధి|ల||మర||3 బాంబ|లు|ప్రభ|త|వ|భవనాల|సమీపంల||పేలిప|యాయి|.,"{""42"": ""2|గంటల|వ్యవధి|ల||మర||3 బాంబ|లు|ప్రభ|త|వ|భవనాల|సమీపంల||పేలిప|యాయి|."", ""43"": ""2|గంటల|వ్యవధి|ల||మర||3 బాంబ|లు|ప్రభ|త|వ|భవనా||సమీపంల||పేలి|ప|యాయి|."", ""44"": ""2||గంటల|వ్యవధి|ల||మర||3 బాంబ|లు|ప్రభ|త|వ|భవనాల|సమీపంల||పేలి|ప|యాయి|."", ""45"": ""2|గంటల|వ్యవధి|ల||మర||3 బాంబులు|ప్రభ|త|వ|భవనాల|సమీపంల||పేలి|ప|యాయి|."", ""46"": ""2|గంటల|వ్యవధి|ల||మర||3 బాంబ|లు|ప్రభ|త|వ|భవనాల|సమ|పంల||పేలి|ప|యాయి|.""}"
te,"2,400 మంది పురుషుల ప్రధాన పోరాట దళం Trenton‌కు ఉత్తరాన తొమ్మిది మైళ్ల దూరం దాటి, ఆపై తెల్లవారు జామున ఒకటి, Greene ఆధ్వర్యంలో ఇంకోటి, Sullivan ఆధ్వర్యంలో దాడిని ప్రారంభించడానికి రెండు గ్రూపులుగా విభజించబడింది.",1,1,5,5,True,"2|,|400|Ġà°®|à°Ĥà°¦|à°¿|Ġà°ª|à±ģà°°|à±ģà°·|à±ģà°²|Ġà°ª|à±įà°°à°§|à°¾à°¨|Ġà°ª|à±ĭà°°|à°¾à°Ł|Ġà°¦à°³|à°Ĥ|ĠTr|ent|on|âĢ|Į|à°ķ|à±ģ|Ġà°īà°¤|à±įà°¤à°°|à°¾à°¨|Ġà°¤|à±Ĭà°®|à±įà°®|à°¿à°¦|à°¿|Ġà°®|à±Īà°³|à±įà°²|Ġà°¦|à±Ĥà°°|à°Ĥ|Ġà°¦|à°¾à°Ł|à°¿,|Ġà°Ĩà°ª|à±Ī|Ġà°¤|à±Ĩà°²|à±įà°²à°µ|à°¾à°°|à±ģ|Ġà°ľ|à°¾à°®|à±ģà°¨|Ġà°Ĵà°ķà°Ł|à°¿,|ĠGre|ene|Ġà°Ĩà°§|à±įà°µà°°|à±įà°¯|à°Ĥà°²|à±ĭ|Ġà°ĩ|à°Ĥà°ķ|à±ĭà°Ł|à°¿,|ĠS|ull|ivan|Ġà°Ĩà°§|à±įà°µà°°|à±įà°¯|à°Ĥà°²|à±ĭ|Ġà°¦|à°¾à°¡|à°¿à°¨|à°¿|Ġà°ª|à±įà°°|à°¾à°°|à°Ĥà°Ń|à°¿à°Ĥ|à°ļà°¡|à°¾à°¨|à°¿à°ķ|à°¿|Ġà°°|à±Ĩà°Ĥ|à°¡|à±ģ|Ġà°Ĺ|à±įà°°|à±Ĥà°ª|à±ģà°²|à±ģà°Ĺ|à°¾|Ġà°µ|à°¿à°Ńà°ľ|à°¿à°Ĥ|à°ļà°¬à°¡|à°¿à°Ĥ|à°¦|à°¿.","2,4|00|మంది|పుర|ష|ల|ప్రధా||పోరాట|దళం|Tr en ton‌క||ఉత|తరాన|తొమ్మి|ది|మైళ్ల|దూరం|దాటి|,|ఆపై|తెల|లవా|||జామ|న|ఒకటి|,|Gre en e|ఆధ్వర|యంల||ఇంక|టి,|Sullivan|ఆధ్వర|యంల||దాడి|ని|ప్రా|ంభి|ంచడా|ి|కి|రెండ||గ్ర|ప|ల|గా|విభజ|ి|ంచబడి|ంది|.","{""42"": ""2,4|00|మంది|పుర|ష|ల|ప్రధా||పోరాట|దళం|Tr en ton‌క||ఉత|తరాన|తొమ్మి|ది|మైళ్ల|దూరం|దాటి|,|ఆపై|తెల|లవా|||జామ|న|ఒకటి|,|Gre en e|ఆధ్వర|యంల||ఇంక|టి,|Sullivan|ఆధ్వర|యంల||దాడి|ని|ప్రా|ంభి|ంచడా|ి|కి|రెండ||గ్ర|ప|ల|గా|విభజ|ి|ంచబడి|ంది|."", ""43"": ""2,400||మంది||పుర|ష|ల|ప్రధా||పోరాట|దళం|Tr en ton‌క||ఉత|తరాన|తొమ్మి|ది||మైళ్ల|దూరం|దాటి|,|ఆపై|తెల|లవార||జామ|న|ఒకటి|,|Gre en e|ఆధ|వర|యంల||ఇంక|టి,|Sullivan|ఆధ్వర|యంల||దాడి|ని|ప్రా|ంభి|ంచడా|ి|కి|రెండ||గ్ర|ప|లుగా|విభజ|ి|ంచబడి|ంది."", ""44"": ""2,4|00|మంది|పుర|ష|ల|ప్రధా||పోరాట|దళం|Tr en ton‌క||ఉత|తరాన|తొమ|మి|ది||మైళ్ల|దూరం|దాటి|,|ఆప||తెల|లవా|||జామ|న|ఒకటి|,|Gre en e|ఆధ|వర|యంల||ఇంక|టి,|Sullivan|ఆధ్వర|యంల||దాడి|ని|ప్రా|ంభి|ంచడాని|కి|రెండ||గ్ర|ప|లుగా|విభజ|ి|ంచబడి|ంది."", ""45"": ""2|,4|00|మంది||పుర|ష|ల|ప్రధా||పోరాట|దళం|Tr en ton‌కు|ఉత|తరాన|తొమ్మి|ది|మైళ్ల|దూరం|దాటి|,|ఆపై|తెల|లవార||జామ|న|ఒకటి|,|Gre en e|ఆధ్వర|యంల||ఇంక|టి,|Sullivan|ఆధ్వర|యంల||దాడి|ని|ప్రా|ంభి|ంచడాని|కి|రెండ||గ్ర|ప|ల|గా|విభజి|ంచబడి|ంది."", ""46"": ""2,4|00||మంది|పుర|ష|ల|ప్రధా||పోరాట|దళం|Tr en ton‌క||ఉత|తరాన|తొమ|మి|ది||మైళ్ల|దూరం|దాటి|,|ఆపై|తెల|లవా|||జామ|న|ఒకటి|,|Gre en e|ఆధ|వర|యంల||ఇంక|టి,|Sullivan|ఆధ్వర|యంల||దాడి|ని|ప్రా|ంభి|ంచడాని|కి|రెండ||గ్ర|ప|లుగా|విభజ|ి|ంచబడి|ంది.""}"
te,2001 సెప్టెంబరు 11 అనంతర కాలంలో భద్రతా తనిఖీ కేంద్రాల వద్ద శోధనలు కూడా చాలా ఎక్కువ లోతుగా తయారయ్యాయి.,1,1,5,5,True,200|1|Ġà°¸|à±Ĩà°ª|à±įà°Ł|à±Ĩà°Ĥ|à°¬à°°|à±ģ|Ġ|11|Ġà°ħà°¨|à°Ĥà°¤à°°|Ġà°ķ|à°¾à°²|à°Ĥà°²|à±ĭ|Ġà°Ńà°¦|à±įà°°à°¤|à°¾|Ġà°¤à°¨|à°¿à°ĸ|à±Ģ|Ġà°ķ|à±ĩà°Ĥ|à°¦|à±įà°°|à°¾à°²|Ġà°µà°¦|à±įà°¦|Ġà°¶|à±ĭà°§à°¨à°²|à±ģ|Ġà°ķ|à±Ĥà°¡|à°¾|Ġà°ļ|à°¾à°²|à°¾|Ġà°İà°ķ|à±įà°ķ|à±ģà°µ|Ġà°²|à±ĭà°¤|à±ģà°Ĺ|à°¾|Ġà°¤à°¯|à°¾à°°à°¯|à±įà°¯|à°¾à°¯|à°¿.,2|001|సెప్టెంబర||11|అనంతర|కాలంల||భద్రతా|తనిఖ||కేంద|రాల|వద్ద|శోధనల||కూడా|చాలా|ఎక|క|వ|లోత|గా|తయారయ|యాయి|.,"{""42"": ""2|001|సెప్టెంబర||11|అనంతర|కాలంల||భద్రతా|తనిఖ||కేంద|రాల|వద్ద|శోధనల||కూడా|చాలా|ఎక|క|వ|లోత|గా|తయారయ|యాయి|."", ""43"": ""20|0|1|సెప|టెంబర||11|అనంతర|కాలంల||భద్రతా|తనిఖ||కేంద|రాల|వద్ద|శోధనల||కూడా|చాలా|ఎక|క|వ|లోత|గా|తయారయ|యాయి|."", ""44"": ""2|001|సెప్టెంబర||11|అనంతర|కాలంల||భద|రతా|తనిఖ||కేంద|రాల|వద|ద|శోధనల||కూడా|చాలా|ఎక్క|వ|లోత|గా|తయారయ|యాయి|."", ""45"": ""2001|సెప|టెంబర||11|అనంతర|కాలంల||భద|రతా|తనిఖ||కేంద|రా||వద్ద|శోధనల||కూడా|చాలా|ఎక్క|వ|లోత|గా|తయారయ|యాయి|."", ""46"": ""200|1|సెప|ట|ంబర||11|అనంత|ర|కాలంల||భద్రతా|తనిఖ||కేంద|రా||వద్ద|శోధనల||కూడా|చాలా|ఎక్క|వ|లోత|గా|తయారయ|యాయి|.""}"
te,"2002లో గోమా పట్టణం యొక్క చాలా వీధులను, ముఖ్యంగా పట్టణ కేంద్రం పూడ్చిపెట్టిన నైరాగోంగో అగ్నిపర్వతం నుండి లావా ద్వారా నాశనం చేయబడింది.",1,1,5,5,True,"200|2|à°²|à±ĭ|Ġà°Ĺ|à±ĭà°®|à°¾|Ġà°ªà°Ł|à±įà°Łà°£|à°Ĥ|Ġà°¯|à±Ĭà°ķ|à±įà°ķ|Ġà°ļ|à°¾à°²|à°¾|Ġà°µ|à±Ģà°§|à±ģà°²à°¨|à±ģ,|Ġà°®|à±ģà°ĸ|à±įà°¯|à°Ĥà°Ĺ|à°¾|Ġà°ªà°Ł|à±įà°Łà°£|Ġà°ķ|à±ĩà°Ĥ|à°¦|à±įà°°|à°Ĥ|Ġà°ª|à±Ĥà°¡|à±įà°ļ|à°¿à°ª|à±Ĩà°Ł|à±įà°Ł|à°¿à°¨|Ġà°¨|à±Īà°°|à°¾à°Ĺ|à±ĭà°Ĥ|à°Ĺ|à±ĭ|Ġà°ħà°Ĺ|à±įà°¨|à°¿à°ªà°°|à±įà°µà°¤|à°Ĥ|Ġà°¨|à±ģà°Ĥ|à°¡|à°¿|Ġà°²|à°¾à°µ|à°¾|Ġà°¦|à±įà°µ|à°¾à°°|à°¾|Ġà°¨|à°¾à°¶à°¨|à°Ĥ|Ġà°ļ|à±ĩà°¯à°¬à°¡|à°¿à°Ĥ|à°¦|à°¿.","2|002లో|గోమా|పట్టణం|యొక్క|చాలా|వీధ|లన|,|ముఖ్యంగ|ా|పట్టణ|కేంద|రం|పూడ|చి|ప|ట్టి|న|నైరాగ|ంగ||అగ్నిపర|వతం|నుండి|లావా|ద్వా|ా|నాశనం|చేయబడి|ంది.","{""42"": ""2|002లో|గోమా|పట్టణం|యొక్క|చాలా|వీధ|లన|,|ముఖ్యంగ|ా|పట్టణ|కేంద|రం|పూడ|చి|ప|ట్టి|న|నైరాగ|ంగ||అగ్నిపర|వతం|నుండి|లావా|ద్వా|ా|నాశనం|చేయబడి|ంది."", ""43"": ""20|0|2|||గోమా|పట్టణం|యొక్క|చాలా|వీధ|లన|,|ముఖ|యంగ|ా|పట|టణ|కేంద|రం|పూడ|చి|ప|ట్టి|న|నైరాగ|ంగ||అగ్నిపర|వతం|నుండి|లావా|ద్వా|ా|నాశనం|చేయబడి|ంది."", ""44"": ""2002ల||గోమా|పట్టణం|యొక్క|చాలా|వీధ|లన|,|ముఖ|యంగా|పట్టణ|కేంద|రం|పూడ|చి|ప|ట|టి|న|నైరాగ|ంగ||అగ|నిపర|వతం|నుండి|లావా|ద్వా|ా|నాశనం|చేయబడి|ంది|."", ""45"": ""20|02లో|గోమా|పట్టణం|యొక|క|చాలా|వీధ|లన|,|ముఖ|యంగ|ా|పట్టణ|కేంద|రం|పూడ|చి|ప|ట్టి|న|నైరాగ|ంగ||అగ|నిపర|వతం|నుండి|లావా|ద్వా|ా|నాశనం|చేయబడి|ంది."", ""46"": ""2|002|ో|గోమా|పట్టణం|యొక్క|చాలా|వీధ|లన|,|ముఖ్యంగా|పట్టణ|కేంద|రం|పూడ|చి|ప|ట్టి|న|నైరాగ|ంగ||అగ|ని|పర|వతం|నుండి|లావా|ద్వా|ా|నాశనం|చేయబడి|ంది.""}"
te,2008 400 మంది రిచెస్ట్ అమెరికన్స్ జాబితాలో 2.3 బిలియన్ డాలర్ల సంపాదనతో బాటెన్ 190వ స్థానంలో నిలిచింది.,1,1,5,5,True,200|8|Ġ|400|Ġà°®|à°Ĥà°¦|à°¿|Ġà°°|à°¿à°ļ|à±Ĩà°¸|à±įà°Ł|à±į|Ġà°ħà°®|à±Ĩà°°|à°¿à°ķà°¨|à±įà°¸|à±į|Ġà°ľ|à°¾à°¬|à°¿à°¤|à°¾à°²|à±ĭ|Ġ|2|.|3|Ġà°¬|à°¿à°²|à°¿à°¯à°¨|à±į|Ġà°¡|à°¾à°²à°°|à±įà°²|Ġà°¸|à°Ĥà°ª|à°¾à°¦à°¨|à°¤|à±ĭ|Ġà°¬|à°¾à°Ł|à±Ĩà°¨|à±į|Ġ|190|à°µ|Ġà°¸|à±įà°¥|à°¾à°¨|à°Ĥà°²|à±ĭ|Ġà°¨|à°¿à°²|à°¿à°ļ|à°¿à°Ĥ|à°¦|à°¿.,20|08|400|మంది||రిచ|స్ట||అమెరి|కన|స్|జాబి|తాల||2.3|బిలి|యన||డాలర|ల|సంపాదనత||బాటెన్|190వ|స్థా|ంల||నిలిచి|ంది.,"{""42"": ""20|08|400|మంది||రిచ|స్ట||అమెరి|కన|స్|జాబి|తాల||2.3|బిలి|యన||డాలర|ల|సంపాదనత||బాటెన్|190వ|స్థా|ంల||నిలిచి|ంది."", ""43"": ""200|8|400|మంది||రిచ|స్ట||అమెరికన|స్|జాబి|తా|||2.3|బిలియన||డాలర|ల|సంపాదనత||బాటెన్|190వ|స్థానంల||నిలిచి|ంది."", ""44"": ""2|008|400|మంది|రిచ|స్ట||అమెరి|కన|స్|జాబి|తాల||2.3|బిలియన||డాలర|ల|సంపాదనత||బాటెన||190వ|స్థానంల||నిలిచి|ంది."", ""45"": ""2|008|400|మంది|రిచ|స్ట్|అమెరికన|స్|జాబి|తాల||2.3|బిలియన||డాలర|ల|సంపాదనత||బాటెన్|190వ|స్థానంల||నిలిచి|ంది."", ""46"": ""2008|400|మంది||రిచ|స్ట||అమెరి|కన|స్|జాబి|తాల||2.3|బిలియన||డాలర|ల|సంపాదనత||బాటెన||190వ|స్థానంల||నిలిచి|ంది.""}"
te,"2008 సింగపూర్ గ్రాండ్ ప్రిక్స్​లో ఫెర్నాండో అలోన్సో కోసం పిట్ స్టాప్ చేసిన తరువాత పికెట్ జూనియర్ క్రాష్ అయ్యాడు, భద్రతా కారును బయటకు తీసుకువచ్చారు.",1,1,5,5,True,"200|8|Ġà°¸|à°¿à°Ĥ|à°Ĺà°ª|à±Ĥà°°|à±į|Ġà°Ĺ|à±įà°°|à°¾à°Ĥ|à°¡|à±į|Ġà°ª|à±įà°°|à°¿à°ķ|à±įà°¸|à±į|âĢ|ĭ|à°²|à±ĭ|Ġà°«|à±Ĩà°°|à±įà°¨|à°¾à°Ĥ|à°¡|à±ĭ|Ġà°ħà°²|à±ĭà°¨|à±įà°¸|à±ĭ|Ġà°ķ|à±ĭà°¸|à°Ĥ|Ġà°ª|à°¿à°Ł|à±į|Ġà°¸|à±įà°Ł|à°¾à°ª|à±į|Ġà°ļ|à±ĩà°¸|à°¿à°¨|Ġà°¤à°°|à±ģà°µ|à°¾à°¤|Ġà°ª|à°¿à°ķ|à±Ĩà°Ł|à±į|Ġà°ľ|à±Ĥà°¨|à°¿à°¯à°°|à±į|Ġà°ķ|à±įà°°|à°¾à°·|à±į|Ġà°ħà°¯|à±įà°¯|à°¾à°¡|à±ģ,|Ġà°Ńà°¦|à±įà°°à°¤|à°¾|Ġà°ķ|à°¾à°°|à±ģà°¨|à±ģ|Ġà°¬à°¯à°Łà°ķ|à±ģ|Ġà°¤|à±Ģà°¸|à±ģà°ķ|à±ģà°µà°ļ|à±įà°ļ|à°¾à°°|à±ģ.","2008|సింగప|ర||గ్రా|డ||ప్రి|క|స్​ల||ఫెర|నాండ||అల|న|సో|కోసం|పిట్|స్టాప||చేసి|న|తర|వాత|పిక|ట్|జూనియర||క్రాష||అయ్యాడ|,|భద|రతా|కార|ను|బయటక||తీసుక|వచ|చార|.","{""42"": ""2008|సింగప|ర||గ్రా|డ||ప్రి|క|స్​ల||ఫెర|నాండ||అల|న|సో|కోసం|పిట్|స్టాప||చేసి|న|తర|వాత|పిక|ట్|జూనియర||క్రాష||అయ్యాడ|,|భద|రతా|కార|ను|బయటక||తీసుక|వచ|చార|."", ""43"": ""2|00|8|సింగప|ర||గ్రా|డ||ప్రిక|స్​ల||ఫెర|నాండ||అల|న|సో|కోసం|పిట్|స్టా|||చేసిన|తర|వాత|పిక|ట్|జూని|యర||క్రాష||అయ్యాడ|,|భద్రతా|కార|ను|బయటక||తీసుక|వచ|చార|."", ""44"": ""2|00|8|సింగప|ర||గ్రా|డ||ప్రిక|స్​ల||ఫెర|నాండ||అలోన్సో|కోసం|పిట్|స్టాప||చేసిన|తర|వాత|పిక|ట్|జూని|యర||క్రాష||అయ్యాడ|,|భద|రతా|కార|ను|బయటక||తీసుక|వచ్చార|."", ""45"": ""2008|సింగప|ర||గ్రా|డ||ప్రిక|స్​ల||ఫెర|నాండ||అల|న|సో|కోసం|పిట్|స్టాప||చేసి|న|తర|వాత|పిక|ట్|జూనియర||క్రా|||అయ్యాడ|,|భద|రతా|కార|ను|బయటక||తీసుక|వచ|చార|."", ""46"": ""2|00|8|సింగప|ర||గ్రా|డ||ప్రి|క్స్​ల||ఫెర|నాండ||అల|న|సో|కోసం|పిట||స్టాప||చేసిన|తర|వాత|పిక|ట్|జూని|యర||క్రాష||అయ్యాడ|,|భద్రతా|కార|ను|బయటక||తీసుక|వచ్చార|.""}"
te,2009 లో ఆమెకు నేషనల్ సూపరింటెండెంట్ ఆఫ్ ది ఇయర్ బిరుదు లభించింది.,1,1,5,5,True,200|9|Ġà°²|à±ĭ|Ġà°Ĩà°®|à±Ĩà°ķ|à±ģ|Ġà°¨|à±ĩà°·à°¨à°²|à±į|Ġà°¸|à±Ĥà°ªà°°|à°¿à°Ĥ|à°Ł|à±Ĩà°Ĥ|à°¡|à±Ĩà°Ĥ|à°Ł|à±į|Ġà°Ĩà°«|à±į|Ġà°¦|à°¿|Ġà°ĩà°¯à°°|à±į|Ġà°¬|à°¿à°°|à±ģà°¦|à±ģ|Ġà°²à°Ń|à°¿à°Ĥ|à°ļ|à°¿à°Ĥ|à°¦|à°¿.,200|9|లో|ఆమెక||నేషనల||సూపరి|ంట|ండ|ంట||ఆఫ్|ది|ఇయర||బిర|దు|లభించి|ంది.,"{""42"": ""200|9|లో|ఆమెక||నేషనల||సూపరి|ంట|ండ|ంట||ఆఫ్|ది|ఇయర||బిర|దు|లభించి|ంది."", ""43"": ""2009|లో|ఆమెక||నేషనల||సూపరి|ంట|ండ|ంట||ఆఫ్|ది|ఇయర||బిర|ద||లభించి|ంది."", ""44"": ""2009|లో|ఆమెక||నేషనల||సూపరి|ంటెండ|ంట||ఆఫ్|ది|ఇయర||బిర|ద||లభించి|ంది."", ""45"": ""20|09|లో|ఆమెక||నేషనల||సూపరి|ంట|ండ|ంట్|ఆఫ్|ది|ఇయర||బిర|ద||లభించి|ంది."", ""46"": ""2009|లో|ఆమెక||నేషనల||సూపరి|ంట|ండ|ంట్|ఆఫ్|ది|ఇయర||బిర|ద||లభించి|ంది.""}"
te,2009 హంగేరియన్ గ్రాండ్ ప్రిక్స్ తరువాత పిక్వెట్ జూనియర్ ను తొలగించారు.,1,1,5,5,True,200|9|Ġà°¹|à°Ĥà°Ĺ|à±ĩà°°|à°¿à°¯à°¨|à±į|Ġà°Ĺ|à±įà°°|à°¾à°Ĥ|à°¡|à±į|Ġà°ª|à±įà°°|à°¿à°ķ|à±įà°¸|à±į|Ġà°¤à°°|à±ģà°µ|à°¾à°¤|Ġà°ª|à°¿à°ķ|à±įà°µ|à±Ĩà°Ł|à±į|Ġà°ľ|à±Ĥà°¨|à°¿à°¯à°°|à±į|Ġà°¨|à±ģ|Ġà°¤|à±Ĭà°²à°Ĺ|à°¿à°Ĥ|à°ļ|à°¾à°°|à±ģ.,200|9|హంగ|రియన||గ్రా|డ||ప్రి|క|స్|తర|వాత|పిక|వ|ట్|జూనియర||ను|తొలగి|ంచార|.,"{""42"": ""200|9|హంగ|రియన||గ్రా|డ||ప్రి|క|స్|తర|వాత|పిక|వ|ట్|జూనియర||ను|తొలగి|ంచార|."", ""43"": ""2009|హంగ|రియన||గ్రా|డ||ప్రిక|స్|తర|వాత|పిక|వెట్|జూనియర||ను|తొలగి|ంచార|."", ""44"": ""20|0|9|హంగ|రియన||గ్రా|డ||ప్రి|క|స్|తర|వాత|పిక|వెట్|జూని|యర||ను|తొలగి|ంచార|."", ""45"": ""200|9|హంగేరియన||గ్రా|డ||ప్రి|క|స్|తర|వాత|పిక|వెట్|జూనియర||ను|తొలగి|ంచార|."", ""46"": ""2009|హంగ|రియన||గ్రా|డ||ప్రి|క|స్|తర|వాత|పిక|వ|ట్|జూని|యర||ను|తొలగి|ంచార|.""}"
te,2009 హంగేరియన్ గ్రాండ్ ప్రిక్స్ సమయంలో ఒక క్రాష్ తరువాత బ్రెజిలియన్ తలకు తీవ్రమైన గాయం తగిలింది.,1,1,5,5,True,200|9|Ġà°¹|à°Ĥà°Ĺ|à±ĩà°°|à°¿à°¯à°¨|à±į|Ġà°Ĺ|à±įà°°|à°¾à°Ĥ|à°¡|à±į|Ġà°ª|à±įà°°|à°¿à°ķ|à±įà°¸|à±į|Ġà°¸à°®à°¯|à°Ĥà°²|à±ĭ|Ġà°Ĵà°ķ|Ġà°ķ|à±įà°°|à°¾à°·|à±į|Ġà°¤à°°|à±ģà°µ|à°¾à°¤|Ġà°¬|à±įà°°|à±Ĩà°ľ|à°¿à°²|à°¿à°¯à°¨|à±į|Ġà°¤à°²à°ķ|à±ģ|Ġà°¤|à±Ģà°µ|à±įà°°à°®|à±Īà°¨|Ġà°Ĺ|à°¾à°¯|à°Ĥ|Ġà°¤à°Ĺ|à°¿à°²|à°¿à°Ĥ|à°¦|à°¿.,2009|హంగ|రియన||గ్రా|డ||ప్రి|క|స్|సమయంల||ఒక|క్రాష||తర|వాత|బ్ర|జిలి|యన||తలక||తీవ|రమ|న|గాయం|తగిలి|ంది.,"{""42"": ""2009|హంగ|రియన||గ్రా|డ||ప్రి|క|స్|సమయంల||ఒక|క్రాష||తర|వాత|బ్ర|జిలి|యన||తలక||తీవ|రమ|న|గాయం|తగిలి|ంది."", ""43"": ""200|9|హంగ|రియన||గ్రా|డ||ప్రి|క|స్|సమయంల||ఒక|క్రా|||తర|వాత|బ్ర|జిలి|యన||తలక||తీవ|రమ|న|గాయం|తగి|లింది|."", ""44"": ""2|00|9|హంగ|రి|యన||గ్రా|డ||ప్రి|క|స్|సమయంల||ఒక|క్రాష||తర|వాత|బ్ర|జిలి|యన||తలక||తీవ|రమ|న|గాయం|తగిలి|ంది."", ""45"": ""200|9|హంగ|రియన||గ్రా|డ||ప్రి|క|స్|సమయంల||ఒక|క్రాష||తర|వాత|బ్ర|జిలి|యన||తలక||తీవ|రమ|న|గాయం|తగిలి|ంది."", ""46"": ""2|0|0|9|హంగ|రియన||గ్రా|డ||ప్రి|క|స్|సమయంల||ఒక|క్రాష||తర|వాత|బ్ర|జిలి|యన||తలక||తీవ|రమ|న|గాయం|తగి|లి|ంది.""}"
te,"2010 అట్లాంటిక్ హరికేన్ సీజన్లో నాల్గవ తుఫాన్ అయిన ఉష్ణమండల తుఫాన్ డ్యానియెల్, తూర్పు అట్లాంటిక్ మహాసముద్రంలో ఏర్పడింది.",1,1,5,5,True,"201|0|Ġà°ħà°Ł|à±įà°²|à°¾à°Ĥ|à°Ł|à°¿à°ķ|à±į|Ġà°¹à°°|à°¿à°ķ|à±ĩà°¨|à±į|Ġà°¸|à±Ģà°ľà°¨|à±įà°²|à±ĭ|Ġà°¨|à°¾à°²|à±įà°Ĺà°µ|Ġà°¤|à±ģà°«|à°¾à°¨|à±į|Ġà°ħà°¯|à°¿à°¨|Ġà°īà°·|à±įà°£à°®|à°Ĥà°¡à°²|Ġà°¤|à±ģà°«|à°¾à°¨|à±į|Ġà°¡|à±įà°¯|à°¾à°¨|à°¿à°¯|à±Ĩà°²|à±į,|Ġà°¤|à±Ĥà°°|à±įà°ª|à±ģ|Ġà°ħà°Ł|à±įà°²|à°¾à°Ĥ|à°Ł|à°¿à°ķ|à±į|Ġà°®à°¹|à°¾à°¸à°®|à±ģà°¦|à±įà°°|à°Ĥà°²|à±ĭ|Ġà°ıà°°|à±įà°ªà°¡|à°¿à°Ĥ|à°¦|à°¿.","2|0|10|అట్లాంటి|క||హరిక|న్|సీజన|ల||నాల|గవ|తుఫాన||అయిన|ఉష్ణమండల|తుఫాన||డ్యాని|య|ల|,|తూర|ప||అట్లాంటి|క||మహా|||ద|రంల||ఏర|పడి|ంది.","{""42"": ""2|0|10|అట్లాంటి|క||హరిక|న్|సీజన|ల||నాల|గవ|తుఫాన||అయిన|ఉష్ణమండల|తుఫాన||డ్యాని|య|ల|,|తూర|ప||అట్లాంటి|క||మహా|||ద|రంల||ఏర|పడి|ంది."", ""43"": ""20|10|అట్లా|టి|క||హరి|క|న్|సీజన|ల||నాల|గవ|తుఫాన||అయిన|ఉష్ణమండల|తుఫాన||డ్యాని|య|ల్,|తూర|ప||అట్లాంటి|క||మహా|మ|ద|రంల||ఏర|పడి|ంది."", ""44"": ""2010|అట్లాంటి|క||హరి|క|న||సీజన్లో|నాల|గవ|తుఫాన||అయిన|ఉష్ణమండల|తుఫాన||డ్యాని|య|ల|,|తూర|ప||అట్లాంటి|క||మహా|మ|ద|రంల||ఏర|పడి|ంది|."", ""45"": ""2010|అట్లాంటి|క||హరి|క|న్|సీజన|ల||నాల|గవ|తుఫాన||అయిన|ఉష్ణమ|డల|తుఫాన||డ్యాని|య|ల|,|తూర|ప||అట్లా|టి|క||మహాసమ|ద|రంల||ఏర|పడి|ంది|."", ""46"": ""2010|అట్లా|టి|క||హరిక|న్|సీజన|ల||నాల|గవ|తుఫాన||అయిన|ఉష్ణమండల|తుఫాన||డ్యాని|య|ల|,|తూర|ప||అట్లాంటి|క||మహా|మ|ద|రంల||ఏర|పడి|ంది.""}"
te,"2010 ఫెడరల్ ఎలెక్షన్ కి ముందు పోల్ అయిన 1,400 మందిలో, ఆస్ట్రేలియా రిపబ్లిక్ కావడాన్ని వ్యతిరేకించే వారు 2008 నుండి 8 శాతం పెరిగారు.",1,1,5,5,True,"201|0|Ġà°«|à±Ĩà°¡|à°°à°²|à±į|Ġà°İà°²|à±Ĩà°ķ|à±įà°·à°¨|à±į|Ġà°ķ|à°¿|Ġà°®|à±ģà°Ĥ|à°¦|à±ģ|Ġà°ª|à±ĭà°²|à±į|Ġà°ħà°¯|à°¿à°¨|Ġ|1|,|400|Ġà°®|à°Ĥà°¦|à°¿à°²|à±ĭ,|Ġà°Ĩà°¸|à±įà°Ł|à±įà°°|à±ĩà°²|à°¿à°¯|à°¾|Ġà°°|à°¿à°ªà°¬|à±įà°²|à°¿à°ķ|à±į|Ġà°ķ|à°¾à°µà°¡|à°¾à°¨|à±įà°¨|à°¿|Ġà°µ|à±įà°¯à°¤|à°¿à°°|à±ĩà°ķ|à°¿à°Ĥ|à°ļ|à±ĩ|Ġà°µ|à°¾à°°|à±ģ|Ġ|200|8|Ġà°¨|à±ģà°Ĥ|à°¡|à°¿|Ġ|8|Ġà°¶|à°¾à°¤|à°Ĥ|Ġà°ª|à±Ĩà°°|à°¿à°Ĺ|à°¾à°°|à±ģ.","2010|ఫెడరల||ఎలెక|షన||కి|ముంద||పోల||అయిన|1,400|మందిల|,|ఆస్ట|ర|లి|యా|రిపబ|లి|క||కావడా||ని|వ్యతి|ర|కించ||వార||2008|నుండి|8 శాతం|పెరిగార|.","{""42"": ""2010|ఫెడరల||ఎలెక|షన||కి|ముంద||పోల||అయిన|1,400|మందిల|,|ఆస్ట|ర|లి|యా|రిపబ|లి|క||కావడా||ని|వ్యతి|ర|కించ||వార||2008|నుండి|8 శాతం|పెరిగార|."", ""43"": ""20|10|ఫెడరల||ఎలెక|షన||కి|ముంద||పోల||అయిన|1,400|మందిల|,|ఆస్ట్ర|లి|యా|రిపబ|లి|క||కావడాన|ని|వ్యతి|ర|కించ||వార||2008|నుండి|8 శాతం|పెరిగార|."", ""44"": ""2010|ఫెడరల||ఎలెక|షన||కి|ముంద||పోల||అయిన|1,400|మందిల|,|ఆస్ట|ర|లియా|రిపబ|లిక||కావడా||ని|వ్యతి|ర|కించ||వార||2008|నుండి|8 శాతం|పెరిగా||."", ""45"": ""2010|ఫెడరల||ఎలెక|షన||కి|ముంద||పోల||అయిన|1,400|మంది|ల|,|ఆస్ట|ర|లి|యా|రిపబ|లి|క||కావడాన|ని|వ్యతి|ర|కించ||వార||2008|నుండి|8 శాతం|పెరిగార|."", ""46"": ""2|0|10|ఫెడరల||ఎలెక|షన||కి|ముంద||పోల||అయిన|1,400|మందిల|,|ఆస్ట్ర|లియా|రిపబ్లి|క||కావడాన|ని|వ్యతి|ర|కించ||వార||2008|నుండి|8|శాతం|పెరిగా||.""}"
te,"2010 భూకంపం తరువాత హైతీకి చేరుకున్న UN శాంతి రక్షకులు, దళాల శిబిరం సమీపంలో ప్రారంభమైన ఈ వ్యాధి వ్యాప్తికి కారణమని ఆరోపించారు.",1,1,5,5,True,"201|0|Ġà°Ń|à±Ĥà°ķ|à°Ĥà°ª|à°Ĥ|Ġà°¤à°°|à±ģà°µ|à°¾à°¤|Ġà°¹|à±Īà°¤|à±Ģà°ķ|à°¿|Ġà°ļ|à±ĩà°°|à±ģà°ķ|à±ģà°¨|à±įà°¨|ĠUN|Ġà°¶|à°¾à°Ĥ|à°¤|à°¿|Ġà°°à°ķ|à±įà°·à°ķ|à±ģà°²|à±ģ,|Ġà°¦à°³|à°¾à°²|Ġà°¶|à°¿à°¬|à°¿à°°|à°Ĥ|Ġà°¸à°®|à±Ģà°ª|à°Ĥà°²|à±ĭ|Ġà°ª|à±įà°°|à°¾à°°|à°Ĥà°Ńà°®|à±Īà°¨|Ġà°Ī|Ġà°µ|à±įà°¯|à°¾à°§|à°¿|Ġà°µ|à±įà°¯|à°¾à°ª|à±įà°¤|à°¿à°ķ|à°¿|Ġà°ķ|à°¾à°°à°£à°®à°¨|à°¿|Ġà°Ĩà°°|à±ĭà°ª|à°¿à°Ĥ|à°ļ|à°¾à°°|à±ģ.","2010|భూకంపం|తర|వాత|హైతీకి|చేర|క|న్న|UN|శాంతి||రక్షక|లు,|దళాల|శిబి|రం|సమ|పంల||ప్రా|ంభమ|న|ఈ|వ్యాధి||వ్యా||తికి|కారణమని||ఆర|పి|ంచార|.","{""42"": ""2010|భూకంపం|తర|వాత|హైతీకి|చేర|క|న్న|UN|శాంతి||రక్షక|లు,|దళాల|శిబి|రం|సమ|పంల||ప్రా|ంభమ|న|ఈ|వ్యాధి||వ్యా||తికి|కారణమని||ఆర|పి|ంచార|."", ""43"": ""2|010|భూకంపం|తర|వాత|హైత|కి|చేర|క|న్న|UN|శాంతి||రక్షక|లు,|దళాల|శిబి|రం|సమ|పంల||ప్రా|ంభమ|న|ఈ|వ్యా|ి||వ్యా||తికి|కారణమని||ఆర|పి|ంచార|."", ""44"": ""2|0|10|భూకంపం|తర|వాత|హైతీకి|చేర|క|న్న|UN|శాంతి||రక|షక|లు,|దళాల|శిబి|రం|సమ|పంల||ప్రా|ంభమ|న|ఈ|వ్యా|ి||వ్యా||తి|కి||కారణమని||ఆర|పి|ంచార|."", ""45"": ""2010|భూకంపం|తర|వాత|హైత|కి|చేర|క|న|న|UN|శాంతి||రక|షక|లు,|దళాల|శిబి|రం|సమ|పంల||ప్రా|ంభమ|న|ఈ|వ్యా|ి||వ్యా||తికి|కారణమని||ఆర|పి|ంచార|."", ""46"": ""2010|భూకంపం|తర|వాత|హైత|కి|చేర|క|న్న|UN|శాంతి||రక|షక|లు,|దళాల|శిబి|రం|సమ|పంల||ప్రా|ంభమ|న|ఈ|వ్యా|ి||వ్యా||తికి|కారణమని||ఆర|పి|ంచార|.""}"
te,2010 వింటర్ ఒలింపిక్స్ కారణంగా విస్లెర్ (వాంకోవర్ నుండి 1.5 గంటల డ్రైవ్) ఖరీదైనది కాని ప్రసిద్ధి చెందింది.,1,1,5,5,True,201|0|Ġà°µ|à°¿à°Ĥ|à°Łà°°|à±į|Ġà°Ĵà°²|à°¿à°Ĥ|à°ª|à°¿à°ķ|à±įà°¸|à±į|Ġà°ķ|à°¾à°°à°£|à°Ĥà°Ĺ|à°¾|Ġà°µ|à°¿à°¸|à±įà°²|à±Ĩà°°|à±į|Ġ(|à°µ|à°¾à°Ĥ|à°ķ|à±ĭà°µà°°|à±į|Ġà°¨|à±ģà°Ĥ|à°¡|à°¿|Ġ|1|.|5|Ġà°Ĺ|à°Ĥà°Łà°²|Ġà°¡|à±įà°°|à±Īà°µ|à±į)|Ġà°ĸà°°|à±Ģà°¦|à±Īà°¨à°¦|à°¿|Ġà°ķ|à°¾à°¨|à°¿|Ġà°ª|à±įà°°à°¸|à°¿à°¦|à±įà°§|à°¿|Ġà°ļ|à±Ĩà°Ĥ|à°¦|à°¿à°Ĥ|à°¦|à°¿.,20|10|వింటర||ఒలింపి|క|స్|కారణంగ|ా|విస్ల|ర్|(వాంక|వర||నుండి|1.5|గంటల|డ్ర|వ్)|ఖర|ద|నది|కాని||ప్రసి|ద|ధి|చెంది|ంది.,"{""42"": ""20|10|వింటర||ఒలింపి|క|స్|కారణంగ|ా|విస్ల|ర్|(వాంక|వర||నుండి|1.5|గంటల|డ్ర|వ్)|ఖర|ద|నది|కాని||ప్రసి|ద|ధి|చెంది|ంది."", ""43"": ""2010||వింటర||ఒలింపి|క|స్|కారణంగ|ా|విస్ల|ర్|(వాంక|వర||నుండి|1.5|గంటల|డ్ర|వ్)|ఖర|దైనది||కాని||ప్రసి|ద|ధి|చెంది|ంది|."", ""44"": ""2|010|వింటర||ఒలింపి|క|స్|కారణంగ|ా|విస్ల|ర||(వాంక|వర||నుండి|1.5|గంటల|డ్ర|వ్)|ఖర|దైనది|కాని||ప్రసి|ద|ధి||చెంది|ంది."", ""45"": ""2010|వింటర||ఒలింపి|క|స్|కారణంగ|ా|విస్ల|ర||(వాంక|వర||నుండి|1.5|గంటల|డ్ర|వ్)|ఖర|దైనది||కాని||ప్రసి|ద|ధి|చెంది|ంది."", ""46"": ""20|10|వింటర||ఒలింపి|క|స్|కారణంగ|ా|విస్ల|ర||(వాం||వర||నుండి|1.5|గంటల|డ్ర|వ|)|ఖర|దైనది|కాని||ప్రసి|ద|ధి|చెంది|ంది.""}"
te,"2010 సమాఖ్య ఎన్నికల ప్రచార సమయంలో కేర్ టేకర్ ప్రధానమంత్రి జూలియా గిల్లార్డ్ మాట్లాడుతూ, క్వీన్ ఎలిజబెత్ II యొక్క పాలన ముగింపులో ఆస్ట్రేలియా ఒక గణతంత్రంగా మారాలని తాను విశ్వసిస్తున్నానని పేర్కొన్నారు.",1,1,5,5,True,"201|0|Ġà°¸à°®|à°¾à°ĸ|à±įà°¯|Ġà°İà°¨|à±įà°¨|à°¿à°ķà°²|Ġà°ª|à±įà°°à°ļ|à°¾à°°|Ġà°¸à°®à°¯|à°Ĥà°²|à±ĭ|Ġà°ķ|à±ĩà°°|à±į|Ġà°Ł|à±ĩà°ķà°°|à±į|Ġà°ª|à±įà°°à°§|à°¾à°¨à°®|à°Ĥà°¤|à±įà°°|à°¿|Ġà°ľ|à±Ĥà°²|à°¿à°¯|à°¾|Ġà°Ĺ|à°¿à°²|à±įà°²|à°¾à°°|à±įà°¡|à±į|Ġà°®|à°¾à°Ł|à±įà°²|à°¾à°¡|à±ģà°¤|à±Ĥ,|Ġà°ķ|à±įà°µ|à±Ģà°¨|à±į|Ġà°İà°²|à°¿à°ľ|à°¬|à±Ĩà°¤|à±į|ĠII|Ġà°¯|à±Ĭà°ķ|à±įà°ķ|Ġà°ª|à°¾à°²à°¨|Ġà°®|à±ģà°Ĺ|à°¿à°Ĥ|à°ª|à±ģà°²|à±ĭ|Ġà°Ĩà°¸|à±įà°Ł|à±įà°°|à±ĩà°²|à°¿à°¯|à°¾|Ġà°Ĵà°ķ|Ġà°Ĺà°£|à°¤|à°Ĥà°¤|à±įà°°|à°Ĥà°Ĺ|à°¾|Ġà°®|à°¾à°°|à°¾à°²à°¨|à°¿|Ġà°¤|à°¾à°¨|à±ģ|Ġà°µ|à°¿à°¶|à±įà°µà°¸|à°¿à°¸|à±įà°¤|à±ģà°¨|à±įà°¨|à°¾à°¨à°¨|à°¿|Ġà°ª|à±ĩà°°|à±įà°ķ|à±Ĭà°¨|à±įà°¨|à°¾à°°|à±ģ.","2010|సమాఖ|య|ఎన|నికల|ప్రచ|ార|సమయంల||కేర||టేకర||ప్రధా|మంత|రి|జూలి|యా|గిల|లార|డ్|మాట|లాడ|త|,|క్వ|న్|ఎలిజబ|త||II|యొక్క|పాలన|ముగి|ంప|లో|ఆస్ట|ర|లియా|ఒక|గణతంత|రంగా|మారాలని||తాన||విశ|వసి|స్త|న్నానని||పేర|క|న|నార|.","{""42"": ""2010|సమాఖ|య|ఎన|నికల|ప్రచ|ార|సమయంల||కేర||టేకర||ప్రధా|మంత|రి|జూలి|యా|గిల|లార|డ్|మాట|లాడ|త|,|క్వ|న్|ఎలిజబ|త||II|యొక్క|పాలన|ముగి|ంప|లో|ఆస్ట|ర|లియా|ఒక|గణతంత|రంగా|మారాలని||తాన||విశ|వసి|స్త|న్నానని||పేర|క|న|నార|."", ""43"": ""20|10|సమా||య|ఎన|నికల|ప్రచ|ా||సమయంల||కేర||టేకర||ప్రధా|మంత|రి|జూలి|యా|గిల|లార|డ్|మాట|లాడ|త|,|క్వ|న||ఎలిజబ|త||II|యొక్క|పాలన|ముగి|ంప|లో|ఆస్ట్ర|లి|యా|ఒక|గణతంత|రంగ|ా|మారాలని||తాన||విశ|వసి|స్త|న్నానని||పేర|క|న|నార|."", ""44"": ""2010|సమా||య|ఎన|నికల|ప్రచ|ా||సమయంల||కేర||టేకర||ప్రధా|మంత|రి||జూలియా|గిల|లార|డ్|మాట్లాడ|త|,|క్వ|న్|ఎలిజబ|త||II|యొక్క|పాలన|ముగి|ంప|లో|ఆస్ట్ర|లియా|ఒక|గణతంత|రంగ|ా|మారాలని||తాన||విశ|వసి|స్త|న్నానని||పేర|కొన|నార|."", ""45"": ""2010|సమాఖ|య|ఎన|నికల|ప్రచ|ార|సమయంల||కేర్|టేకర||ప్రధా|మంత|రి|జూలి|యా|గిల|లార|డ్|మాట|లాడ|త|,|క్వ|న్|ఎలిజబ|త||II|యొక్క|పాలన|ముగి|ంప|లో|ఆస్ట్ర|లియా|ఒక|గణతంత|రంగ|ా|మారాలని||తాన||విశ|వసి|స్త|న్నానని||పేర|క|న్నార|."", ""46"": ""20|10|సమాఖ|య|ఎన|నికల|ప్రచ|ా||సమయంల||కేర||టేకర||ప్రధానమంత|రి|జూలి|యా|గిల|లార|డ్|మాట్లాడ|త|,|క్వ|న్|ఎలిజబ|త్|II|యొక్క|పాలన|ముగి|ంప|లో|ఆస్ట్ర|లి|యా|ఒక|గణతంత|రంగా|మారా|ని||తాన||విశ|వసి|స్త|న్నానని||పేర|క|న్నార|.""}"
te,"2010లో, జాతీయం చేయబడినప్పుడు, ప్రస్తుత హై స్ట్రీట్ బ్యాంక్ నార్తర్న్ రాక్ plc 'బ్యాడ్ బ్యాంకు' నార్తర్న్ రాక్ (అసెట్ మేనేజ్మెంట్) నుండి విడిపోయింది.",1,1,5,5,True,"201|0|à°²|à±ĭ,|Ġà°ľ|à°¾à°¤|à±Ģà°¯|à°Ĥ|Ġà°ļ|à±ĩà°¯à°¬à°¡|à°¿à°¨à°ª|à±įà°ª|à±ģà°¡|à±ģ,|Ġà°ª|à±įà°°à°¸|à±įà°¤|à±ģà°¤|Ġà°¹|à±Ī|Ġà°¸|à±įà°Ł|à±įà°°|à±Ģà°Ł|à±į|Ġà°¬|à±įà°¯|à°¾à°Ĥ|à°ķ|à±į|Ġà°¨|à°¾à°°|à±įà°¤à°°|à±įà°¨|à±į|Ġà°°|à°¾à°ķ|à±į|Ġpl|c|Ġ'|à°¬|à±įà°¯|à°¾à°¡|à±į|Ġà°¬|à±įà°¯|à°¾à°Ĥ|à°ķ|à±ģ'|Ġà°¨|à°¾à°°|à±įà°¤à°°|à±įà°¨|à±į|Ġà°°|à°¾à°ķ|à±į|Ġ(|à°ħà°¸|à±Ĩà°Ł|à±į|Ġà°®|à±ĩà°¨|à±ĩà°ľ|à±įà°®|à±Ĩà°Ĥ|à°Ł|à±į)|Ġà°¨|à±ģà°Ĥ|à°¡|à°¿|Ġà°µ|à°¿à°¡|à°¿à°ª|à±ĭà°¯|à°¿à°Ĥ|à°¦|à°¿.","2010ల|,|జాత|యం|చేయబడి|నప|ప|డు,|ప్రస|త|త|హై|స్ట|ర|ట్|బ్యా|క||నార|తర|న్|రాక||plc|'బ్యాడ||బ్యా|క|'|నార|తర|న్|రాక||(అసెట్|మేనేజ్మ|ంట|)|నుండి|విడిప|యింది.","{""42"": ""2010ల|,|జాత|యం|చేయబడి|నప|ప|డు,|ప్రస|త|త|హై|స్ట|ర|ట్|బ్యా|క||నార|తర|న్|రాక||plc|'బ్యాడ||బ్యా|క|'|నార|తర|న్|రాక||(అసెట్|మేనేజ్మ|ంట|)|నుండి|విడిప|యింది."", ""43"": ""2|0|10లో,|జాత|యం|చేయబడి|నప|ప|డు,|ప్రస|త|త|హై|స్ట్ర|ట్|బ్యా|క||నార|తర|న్|రాక||plc|'బ్యాడ||బ్యా|క|'|నార|తర|న్|రాక||(అసెట్|మేనేజ్మ|ంట్)|నుండి||విడిప|యి|ంది."", ""44"": ""2|010ల|,|జాత|యం|చేయబడి|నప|ప|డు,|ప్రస|త|త|హై|స్ట|ర|ట్|బ్యా|క||నార|తర|న్|రాక||plc|'బ్యా|||బ్యా|క|'|నార|తర|న్|రాక||(అసెట్|మేన|జ్మ|ంట|)|నుండి|విడిప|యి|ంది."", ""45"": ""2010ల|,|జాత|యం|చేయబడి|నప|ప|డు,|ప్రస|త|త|హై|స్ట్ర|ట్|బ్యాంక||నార|తర|న్|రాక||plc|'బ్యా|||బ్యాంక|'|నార|తర|న్|రాక||(అసెట్|మేన|జ్మ|ంట్)|నుండి||విడిప|యింది."", ""46"": ""2010ల|,|జాత|యం|చేయబడి|నప|ప|డు,|ప్రస|త|త|హై|స్ట|ర|ట్|బ్యా|క||నార|తర|న్|రాక||plc|'బ్యా|||బ్యా|క|'|నార|తర|న్|రాక||(అసెట్|మేన|జ్మ|ంట్)|నుండి|విడి|ప|యింది.""}"
te,2014 నాటికి టర్కిష్ ఎయిర్ లైన్స్ 30 ఆఫ్రికా దేశాల్లోని 39 గమ్య స్థానాలకు వెళ్తుంది.,1,1,5,5,True,201|4|Ġà°¨|à°¾à°Ł|à°¿à°ķ|à°¿|Ġà°Łà°°|à±įà°ķ|à°¿à°·|à±į|Ġà°İà°¯|à°¿à°°|à±į|Ġà°²|à±Īà°¨|à±įà°¸|à±į|Ġ|30|Ġà°Ĩà°«|à±įà°°|à°¿à°ķ|à°¾|Ġà°¦|à±ĩà°¶|à°¾à°²|à±įà°²|à±ĭà°¨|à°¿|Ġ|39|Ġà°Ĺà°®|à±įà°¯|Ġà°¸|à±įà°¥|à°¾à°¨|à°¾à°²à°ķ|à±ģ|Ġà°µ|à±Ĩà°³|à±įà°¤|à±ģà°Ĥ|à°¦|à°¿.,2|014|నాటి|కి|టర|కిష||ఎయిర||లైన్స్|30|ఆఫ్రికా|దేశాల|లోని|39|గమ్య|స్థా|ాలక||వెళ్త|ంది.,"{""42"": ""2|014|నాటి|కి|టర|కిష||ఎయిర||లైన్స్|30|ఆఫ్రికా|దేశాల|లోని|39|గమ్య|స్థా|ాలక||వెళ్త|ంది."", ""43"": ""20|14|నాటి|కి|టర|కిష||ఎయిర||లైన్స్|30|ఆఫ్రికా|దేశాల|లోని|39|గమ్య|స్థానాలక||వెళ్త|ంది."", ""44"": ""2014|నాటి|కి|టర|కిష||ఎయిర||లైన్స్|30|ఆఫ్రికా|దేశాల|లోని|39|గమ్య|స్థానాలక||వెళ్త|ంది."", ""45"": ""2|014|నాటి|కి|టర|కిష||ఎయిర||లైన్స్|30|ఆఫ్రికా|దేశాల|లోని|39|గమ్య|స్థా|ా|క||వెళ్త|ంది."", ""46"": ""2014|నాటికి|టర|కిష||ఎయిర||లైన్స్|30|ఆఫ్రికా|దేశాల|లోని|39|గమ్య|స్థానాలక||వెళ్త|ంది.""}"
te,"2015 చివరీ ఆఖరిలో, టోగినెట్ ఆస్ట్రోనెట్ రేడియోను అనుబంధ కేంద్రంగా స్థాపించింది.",1,1,5,5,True,"201|5|Ġà°ļ|à°¿à°µà°°|à±Ģ|Ġà°Ĩà°ĸà°°|à°¿à°²|à±ĭ,|Ġà°Ł|à±ĭà°Ĺ|à°¿à°¨|à±Ĩà°Ł|à±į|Ġà°Ĩà°¸|à±įà°Ł|à±įà°°|à±ĭà°¨|à±Ĩà°Ł|à±į|Ġà°°|à±ĩà°¡|à°¿à°¯|à±ĭà°¨|à±ģ|Ġà°ħà°¨|à±ģà°¬|à°Ĥà°§|Ġà°ķ|à±ĩà°Ĥ|à°¦|à±įà°°|à°Ĥà°Ĺ|à°¾|Ġà°¸|à±įà°¥|à°¾à°ª|à°¿à°Ĥ|à°ļ|à°¿à°Ĥ|à°¦|à°¿.","20|15|చివర||ఆఖరి|ల|,|టోగి|న|ట్|ఆస్ట|ర|నెట్|రేడియ|న||అనుబంధ|కేంద|రంగ|ా|స్థా|ి|ంచి|ంది.","{""42"": ""20|15|చివర||ఆఖరి|ల|,|టోగి|న|ట్|ఆస్ట|ర|నెట్|రేడియ|న||అనుబంధ|కేంద|రంగ|ా|స్థా|ి|ంచి|ంది."", ""43"": ""2|015|చివర||ఆఖరి|ల|,|టోగి|న|ట్|ఆస్ట|ర|నెట్|రేడియ|న||అనుబంధ|కేంద|రంగా|స్థాపి|ంచి|ంది."", ""44"": ""2015|చివర||ఆఖరి|ల|,|టోగి|న|ట్|ఆస్ట|ర|నెట్|రేడియ|న||అన|బంధ||కేంద|రంగా|స్థాపి|ంచి|ంది."", ""45"": ""2015|చివర||ఆఖరి|ల|,|టోగి|న|ట్|ఆస్ట్ర|నెట్|రేడియ|న||అనుబంధ|కేంద|రంగ|ా|స్థాపి|ంచి|ంది."", ""46"": ""2015|చివర||ఆఖరి|ల|,|టోగి|న|ట్|ఆస్ట|ర|న|ట్|రేడియ|న||అనుబంధ||కేంద|రంగ|ా|స్థాపి|ంచి|ంది.""}"
te,2016లో అతను అధ్యక్ష పదవికి పోటీ చేస్తాడని ఊహించడం జరిగింది.,1,1,5,5,True,201|6|à°²|à±ĭ|Ġà°ħà°¤à°¨|à±ģ|Ġà°ħà°§|à±įà°¯à°ķ|à±įà°·|Ġà°ªà°¦à°µ|à°¿à°ķ|à°¿|Ġà°ª|à±ĭà°Ł|à±Ģ|Ġà°ļ|à±ĩà°¸|à±įà°¤|à°¾à°¡à°¨|à°¿|Ġà°Ĭà°¹|à°¿à°Ĥ|à°ļà°¡|à°Ĥ|Ġà°ľà°°|à°¿à°Ĺ|à°¿à°Ĥ|à°¦|à°¿.,201|6ల||అతన||అధ్యక|ష|పదవి|కి|పోట||చేస్తాడని||ఊహించడం|జరిగి|ంది|.,"{""42"": ""201|6ల||అతన||అధ్యక|ష|పదవి|కి|పోట||చేస్తాడని||ఊహించడం|జరిగి|ంది|."", ""43"": ""2016|ో|అతన||అధ్యక|ష|పదవి|కి|పోట||చేస్తాడని||ఊహించడం|జరిగి|ంది."", ""44"": ""2|0|16|||అతన||అధ్యక|ష|పదవి|కి||పోటీ|చేస్తాడని||ఊహించడం|జరిగి|ంది."", ""45"": ""20|16ల||అతన||అధ్యక|ష|పదవి|కి|పోట||చేస్తాడని||ఊహించడం|జరిగి|ంది."", ""46"": ""2016లో|అతన||అధ్యక|ష|పదవి|కి|పోటీ|చేస్తాడని||ఊహించడం|జరిగి|ంది.""}"
