sentence_id,split,row_index,text,segments,segment_count
0,dev,0,"On Monday, scientists from the Stanford University School of Medicine announced the invention of a new diagnostic tool that can sort cells by type: a tiny printable chip that can be manufactured using standard inkjet printers for possibly about one U.S. cent each.","[""On"","" "",""Mon"",""day, "",""sci en t"",""ist"",""s "",""from "",""t"",""he "",""St"",""anford "",""Univer"",""sit"",""y "",""School"","" "",""of "",""Med"",""icin"",""e "",""ann"",""ounc"",""ed "",""t"",""he "",""inv en t"",""ion "",""of "",""a "",""new "",""diag"",""n"",""ost"",""ic "",""t"",""ool "",""t"",""hat "",""can "",""sor"",""t"","" "",""cel"",""l"",""s "",""by "",""t"",""ype: "",""a "",""t"",""iny "",""print"",""able "",""c hi p "",""t"",""hat "",""can "",""be "",""man"",""uf"",""act"",""ured "",""using "",""st"",""andard"","" "",""inkjet "",""prin te r"",""s "",""for"","" "",""possib"",""ly "",""about"","" "",""one "",""U.S"","". "",""c en t"","" "",""each.""]",82
1,dev,1,"Lead researchers say this may bring early detection of cancer, tuberculosis, HIV and malaria to patients in low-income countries, where the survival rates for illnesses such as breast cancer can be half those of richer countries.","[""L"",""ead"","" "",""r es ear"",""ch"",""er"",""s "",""say "",""t"",""hi s "",""may "",""bring "",""earl"",""y "",""de te ct"",""ion "",""of "",""canc"",""er"","", "",""t"",""uberculosis, "",""HIV "",""and "",""mal"",""aria "",""t"",""o "",""pat"",""i en ts "",""in "",""low-"",""income "",""count"",""ri es, "",""wher"",""e "",""t"",""he "",""sur"",""viv"",""al "",""ra te s "",""for"","" "",""ill"",""n es s"",""es  "",""such "",""as "",""breast"","" "",""canc"",""er"","" "",""can "",""be "",""hal"",""f "",""t"",""hose "",""of "",""richer"","" "",""count"",""ri es.""]",66
2,dev,2,"The JAS 39C Gripen crashed onto a runway at around 9:30 am local time (0230 UTC) and exploded, closing the airport to commercial flights.","[""T"",""he "",""JAS "",""39C"","" "",""Grip en  "",""crashed "",""ont"",""o "",""a "",""ru nway "",""at"","" "",""around"","" "",""9:3"",""0 "",""am "",""local"","" "",""t"",""ime "",""(0230 "",""UTC) "",""and "",""exploded, "",""closing "",""t"",""he "",""airport"","" "",""t"",""o "",""comm"",""er"",""cial"","" "",""flight"",""s.""]",39
3,dev,3,The pilot was identified as Squadron Leader Dilokrit Pattavee.,"[""T"",""he "",""pilot"","" "",""was "",""id en t"",""ified "",""as "",""Squadr"",""on "",""Leader"","" "",""Dilokrit"","" "",""Pat"",""tavee.""]",16
4,dev,4,Local media reports an airport fire vehicle rolled over while responding.,"[""L"",""oc"",""al"","" "",""med"",""ia "",""report"",""s "",""an "",""airport"","" "",""fire "",""ve hi cle "",""roll"",""ed "",""over"","" "",""w hi le "",""r es pon"",""din"",""g.""]",21
5,dev,5,"28-year-old Vidal had joined Barça three seasons ago, from Sevilla.","[""28-"",""year"",""-"",""old "",""Vidal "",""had "",""joined "",""Bar"",""ça "",""t"",""hree "",""season"",""s "",""ago, "",""fr"",""om "",""Sevill"",""a.""]",18
6,dev,6,"Since moving to the Catalan-capital, Vidal had played 49 games for the club.","[""S"",""in"",""ce "",""moving "",""t"",""o "",""t"",""he "",""Cat"",""alan-"",""cap"",""it"",""al, "",""Vidal "",""had "",""played "",""49 "",""gam es  "",""for"","" "",""t"",""he "",""club.""]",23
7,dev,7,"The protest started around 11:00 local time (UTC+1) on Whitehall opposite the police-guarded entrance to Downing Street, the Prime Minister's official residence.","[""T"",""he "",""pro te"",""st"","" "",""st"",""ar te d "",""around"","" "",""11:0"",""0 "",""local"","" "",""t"",""ime "",""(UT"",""C+1) "",""on "",""W hi te hall"","" "",""opposi te"","" "",""t"",""he "",""police-"",""guard"",""ed "",""en t"",""rance "",""t"",""o "",""Down"",""ing "",""St"",""reet"","", "",""t"",""he "",""Prime "",""Min"",""is te r"",""'"",""s "",""off"",""icial"","" "",""r es id en ce.""]",47
8,dev,8,"Just after 11:00, protesters blocked traffic on the northbound carriage in Whitehall.","[""Just"","" "",""af te r"","" "",""11:0"",""0, "",""pro te"",""s te"",""r"",""s "",""blocked "",""t"",""raff"",""ic "",""on "",""t"",""he "",""nor"",""t"",""hbound"","" "",""car"",""riag"",""e "",""in "",""W hi te hall"","".""]",27
9,dev,9,"At 11:20, the police asked the protesters to move back on to the pavement, stating that they needed to balance the right to protest with the traffic building up.","[""At"","" "",""11:2"",""0, "",""t"",""he "",""pol"",""ice "",""asked "",""t"",""he "",""pro te"",""s te"",""r"",""s "",""t"",""o "",""move "",""back"","" "",""on "",""t"",""o "",""t"",""he "",""pavem en t"","", "",""st"",""ating "",""t"",""hat "",""t"",""hey "",""needed "",""t"",""o "",""balanc"",""e "",""t"",""he "",""right"","" "",""t"",""o "",""pro te"",""st"","" "",""wit"",""h "",""t"",""he "",""t"",""raff"",""ic "",""buildin"",""g "",""up.""]",57
10,dev,10,"Around 11:29, the protest moved up Whitehall, past Trafalgar Square, along the Strand, passing by Aldwych and up Kingsway towards Holborn where the Conservative Party were holding their Spring Forum in the Grand Connaught Rooms hotel.","[""Ar"",""ou"",""nd"","" "",""11:2"",""9, "",""t"",""he "",""pro te"",""st"","" "",""moved "",""up "",""W hi te hall"","", "",""past"","" "",""T"",""rafalgar "",""Square, "",""alon"",""g "",""t"",""he "",""St"",""rand, "",""pass"",""in"",""g "",""by "",""Aldw"",""ych "",""and "",""up "",""Kin"",""gsway "",""t"",""owards "",""Hol"",""bor"",""n "",""wher"",""e "",""t"",""he "",""Conser"",""vat"",""ive "",""Part"",""y "",""were "",""hol"",""din"",""g "",""t"",""heir "",""Sprin"",""g "",""Fo ru m "",""in "",""t"",""he "",""Gran"",""d"","" "",""Conn"",""aug"",""h"",""t"","" "",""Rooms "",""ho te l.""]",72
11,dev,11,Nadal's head to head record against the Canadian is 7–2.,"[""N"",""adal"",""'"",""s "",""head "",""t"",""o "",""head "",""recor"",""d "",""against"","" "",""t"",""he "",""Canadian"","" "",""is "",""7–"",""2.""]",19
12,dev,12,He recently lost against Raonic in the Brisbane Open.,"[""H"",""e "",""rec en t"",""ly "",""lost"","" "",""against"","" "",""Raonic "",""in "",""t"",""he "",""Brisb"",""ane "",""Op en.""]",15
13,dev,13,Nadal bagged 88% net points in the match winning 76 points in the first serve.,"[""N"",""adal"","" "",""bagged "",""88% "",""net"","" "",""point"",""s "",""in "",""t"",""he "",""mat"",""ch "",""winn"",""ing "",""76 "",""point"",""s "",""in "",""t"",""he "",""first"","" "",""ser"",""ve.""]",26
14,dev,14,"After the match, King of Clay said, ""I am just excited about being back in the final rounds of the most important events. I am here to try to win this.""","[""Af"",""te r"","" "",""t"",""he "",""mat"",""ch, "",""Kin"",""g "",""of "",""Clay "",""said, "",""\"""",""I "",""am "",""just"","" "",""exc"",""i te d "",""about"","" "",""being "",""back"","" "",""in "",""t"",""he "",""fin"",""al "",""round"",""s "",""of "",""t"",""he "",""most"","" "",""import"",""ant "",""ev en t"",""s. "",""I "",""am "",""her"",""e "",""t"",""o "",""t"",""ry "",""t"",""o "",""win "",""t"",""hi s.\""""]",53
15,dev,15,"""Panama Papers"" is an umbrella term for roughly ten million documents from Panamanian law firm Mossack Fonseca, leaked to the press in spring 2016.","[""\"""",""P"",""an"",""ama "",""Paper"",""s\"""","" "",""is "",""an "",""umbr"",""el"",""l"",""a "",""te rm "",""for"","" "",""rough"",""l"",""y "",""te n "",""mil"",""lion"","" "",""docum en t"",""s "",""from "",""Panaman"",""ian"","" "",""law "",""firm "",""Mossack "",""Fonseca, "",""leaked "",""t"",""o "",""t"",""he "",""pr es s "",""in "",""sprin"",""g "",""2016.""]",43
16,dev,16,The documents showed fourteen banks helped wealthy clients hide billions of US dollars of wealth to avoid taxes and other regulations.,"[""T"",""he "",""docum en t"",""s "",""show"",""ed "",""four"",""te"",""en  "",""banks "",""hel"",""ped "",""wealt"",""hy "",""cli en t"",""s "",""hi de "",""bill"",""ion"",""s "",""of "",""US "",""dollars "",""of "",""wealt"",""h "",""t"",""o "",""avoid "",""t"",""ax es  "",""and "",""ot"",""her "",""regul"",""at"",""ion"",""s.""]",38
17,dev,17,British newspaper The Guardian suggested Deutsche Bank controlled roughly a third of the 1200 shell companies used to accomplish this.,"[""B"",""r"",""it"",""ish "",""newspaper"","" "",""T"",""he "",""Guard"",""ian"","" "",""sugg es te d "",""Deut"",""sche "",""Bank "",""cont"",""roll"",""ed "",""rough"",""l"",""y "",""a "",""t"",""hi rd "",""of "",""t"",""he "",""1200 "",""shell"","" "",""comp"",""ani es  "",""used "",""t"",""o "",""accomp"",""l"",""ish "",""t"",""hi s.""]",40
18,dev,18,"There were protests worldwide, several criminal prosecutions, and the leaders of the governments of Iceland and Pakistan both resigned.","[""T"",""her"",""e "",""were "",""pro te"",""st"",""s "",""wor"",""ldw"",""ide, "",""sever"",""al "",""crimin"",""al "",""prose"",""cut"",""ion"",""s, "",""and "",""t"",""he "",""leader"",""s "",""of "",""t"",""he "",""governm en t"",""s "",""of "",""Icel"",""an"",""d "",""and "",""Pakist"",""an "",""bot"",""h "",""r es ign"",""ed.""]",39
19,dev,19,"Born in Hong Kong, Ma studied at New York University and Harvard Law School and once held an American permanent resident ""green card"".","[""B"",""or"",""n "",""in "",""Hon"",""g "",""Kong, "",""Ma "",""st"",""udied "",""at"","" "",""New "",""Yor"",""k "",""Univer"",""sit"",""y "",""and "",""Har"",""vard "",""Law "",""School"","" "",""and "",""onc"",""e "",""hel"",""d "",""an "",""Amer"",""ican"","" "",""perman"",""en t"","" "",""r es id en t"","" "",""\"""",""gre en  "",""car"",""d\"""","".""]",43
20,dev,20,Hsieh implied during the election that Ma might flee the country during a time of crisis.,"[""H"",""sieh "",""implied "",""dur"",""ing "",""t"",""he "",""elect"",""ion "",""t"",""hat "",""Ma "",""might"","" "",""flee "",""t"",""he "",""count"",""ry "",""during "",""a "",""t"",""ime "",""of "",""crisis.""]",25
21,dev,21,Hsieh also argued that the photogenic Ma was more style than substance.,"[""H"",""sieh "",""also "",""argued "",""t"",""hat "",""t"",""he "",""phot"",""og en i"",""c "",""Ma "",""was "",""mor"",""e "",""st"",""yle "",""t"",""han "",""sub"",""st"",""ance.""]",22
22,dev,22,"Despite these accusations, Ma won handily on a platform advocating closer ties with the Chinese mainland.","[""D"",""es pi te  "",""t"",""h es e "",""accusat"",""ion"",""s, "",""Ma "",""won "",""hand"",""il"",""y "",""on "",""a "",""plat"",""form "",""adv"",""ocating "",""close"",""r"","" "",""t"",""i es  "",""wit"",""h "",""t"",""he "",""C hi n es e "",""mainl"",""and.""]",30
23,dev,23,Today's Player of the Day is Alex Ovechkin of the Washington Capitals.,"[""T"",""oday'"",""s "",""Player "",""of "",""t"",""he "",""Day "",""is "",""Alex "",""Ovechkin "",""of "",""t"",""he "",""Was hi ngt"",""on "",""Cap"",""it"",""als.""]",19
24,dev,24,He had 2 goals and 2 assists in Washington's 5-3 win over the Atlanta Thrashers.,"[""H"",""e "",""had "",""2 "",""goals "",""and "",""2 "",""ass"",""ist"",""s "",""in "",""Was hi ngt"",""on'"",""s "",""5-"",""3 "",""win "",""over"","" "",""t"",""he "",""At"",""lanta "",""T"",""hrashers.""]",25
25,dev,25,Ovechkin's first assist of the night was on the game-winning goal by rookie Nicklas Backstrom;,"[""Ov"",""ech"",""kin'"",""s "",""first"","" "",""ass"",""ist"","" "",""of "",""t"",""he "",""night"","" "",""was "",""on "",""t"",""he "",""game-"",""winn"",""ing "",""goal "",""by "",""rookie "",""Nic"",""kl"",""as "",""Back"",""st"",""rom"","";""]",31
26,dev,26,"his second goal of the night was his 60th of the season, becoming the first player to score 60 or more goals in a season since 1995-96, when Jaromir Jagr and Mario Lemieux each reached that milestone.","[""hi s "",""second"","" "",""goal "",""of "",""t"",""he "",""night"","" "",""was "",""hi s "",""60t"",""h "",""of "",""t"",""he "",""season"","", "",""becomin"",""g "",""t"",""he "",""first"","" "",""player "",""t"",""o "",""score "",""60 "",""or "",""mor"",""e "",""goals "",""in "",""a "",""season"","" "",""sin"",""ce "",""1995-"",""96, "",""wh en  "",""Jaromir "",""Jagr "",""and "",""Mar"",""io "",""Lemieux "",""each "",""reached "",""t"",""hat "",""mil"",""es t"",""one.""]",55
27,dev,27,Batten was ranked 190th on the 2008 400 Richest Americans list with an estimated fortune of $2.3 billion.,"[""B"",""at"",""te n "",""was "",""ranked "",""190t"",""h "",""on "",""t"",""he "",""2008 "",""400 "",""Rich es t"","" "",""Amer"",""ican"",""s "",""list"","" "",""wit"",""h "",""an "",""es t"",""ima te d "",""for"",""t"",""une "",""of "",""$2.3"","" "",""bill"",""ion"","".""]",33
28,dev,28,He graduated from the College of Arts & Sciences of the University of Virginia in 1950 and was a significant donor to that institution.,"[""H"",""e "",""grad"",""ua te d "",""fr"",""om "",""t"",""he "",""Col"",""l"",""ege "",""of "",""Art"",""s "",""& "",""Sci en c"",""es  "",""of "",""t"",""he "",""Univer"",""sit"",""y "",""of "",""Virgin"",""ia "",""in "",""1950 "",""and "",""was "",""a "",""sign"",""ifican"",""t"","" "",""donor "",""t"",""o "",""t"",""hat "",""inst"",""itution"","".""]",43
29,dev,29,Iraq's Abu Ghraib prison has been set alight during a riot.,"[""Ir"",""aq'"",""s "",""Abu "",""Ghraib "",""prison"","" "",""has "",""be en  "",""set"","" "",""alight"","" "",""during "",""a "",""riot.""]",16
30,dev,30,The jail became notorious after prisoner abuse was discovered there after US forces took over.,"[""T"",""he "",""jail "",""became "",""not"",""orious "",""af te r"","" "",""prison"",""er"","" "",""abuse "",""was "",""disc"",""over"",""ed "",""t"",""here "",""af te r"","" "",""US "",""for"",""c es  "",""t"",""ook "",""over"","".""]",27
31,dev,31,"Piquet Jr. crashed in the 2008 Singapore Grand Prix just after an early pit stop for Fernando Alonso, bringing out the safety car.","[""P"",""iquet"","" "",""Jr. "",""crashed "",""in "",""t"",""he "",""2008 "",""Sin"",""gapore "",""Gran"",""d"","" "",""Prix "",""just"","" "",""af te r"","" "",""an "",""earl"",""y "",""pit"","" "",""st"",""op "",""for"","" "",""Fer"",""nando "",""Alon"",""so, "",""bringing "",""out"","" "",""t"",""he "",""safet"",""y "",""car"","".""]",41
32,dev,32,"As the cars ahead of Alonso went in for fuel under the safety car, he moved up the pack to take victory.","[""As"","" t"",""he "",""car"",""s "",""ahead "",""of "",""Alonso "",""w en t"","" "",""in "",""for"","" "",""fuel"","" "",""under"","" "",""t"",""he "",""safet"",""y "",""car"","", "",""he "",""moved "",""up "",""t"",""he "",""pack "",""t"",""o "",""t"",""ake "",""victory.""]",34
33,dev,33,Piquet Jr. was sacked after the 2009 Hungarian Grand Prix.,"[""P"",""iquet"","" "",""Jr. "",""was "",""sacked "",""af te r"","" "",""t"",""he "",""2009 "",""Hungarian"","" "",""Gran"",""d"","" "",""Prix.""]",17
34,dev,34,"At exactly 8:46 a.m. a hush fell across the city, marking the exact moment the first jet struck its target.","[""At"","" "",""exact"",""ly "",""8:4"",""6 "",""a.m"","". "",""a "",""hush "",""fell"","" "",""acr"",""oss "",""t"",""he "",""cit"",""y, "",""mar"",""king "",""t"",""he "",""exact"","" "",""mom en t"","" "",""t"",""he "",""first"","" "",""jet "",""st"",""ru ck "",""its "",""t"",""arget.""]",36
35,dev,35,Two beams of light have been rigged up to point skywards overnight.,"[""T"",""wo "",""beams "",""of "",""light"","" "",""have "",""be en  "",""rigged "",""up "",""t"",""o "",""point"","" "",""skywards "",""over"",""night"","".""]",18
36,dev,36,"Construction is ongoing for five new skyscrapers at the site, with a transportation center and memorial park in the middle.","[""C"",""onst"",""ru ct"",""ion "",""is "",""ongoing "",""for"","" "",""five "",""new "",""skyscraper"",""s "",""at"","" "",""t"",""he "",""si te, "",""wit"",""h "",""a "",""t"",""ransp"",""ort"",""ation"","" "",""c en te r"","" "",""and "",""memor"",""ial"","" "",""park "",""in "",""t"",""he "",""mid"",""dl"",""e.""]",38
37,dev,37,"The PBS show has more than two-dozen Emmy awards, and its run is shorter only than Sesame Street and Mister Rogers' Neighborhood.","[""T"",""he "",""PBS "",""show"","" "",""has "",""mor"",""e "",""t"",""han "",""t"",""wo-"",""doz en  "",""Emmy "",""awar"",""ds, "",""and "",""its "",""ru n "",""is "",""shor te r "",""only "",""t"",""han "",""S es ame "",""St"",""reet"","" "",""and "",""Mis te r"","" "",""Rogers'"","" "",""Neighb"",""or"",""hood"","".""]",37
38,dev,38,Each episode of the show would focus on a theme in a specific book and then explore that theme through multiple stories.,"[""E"",""ac"",""h "",""episod"",""e "",""of "",""t"",""he "",""show"","" "",""would"","" "",""focus "",""on "",""a "",""t"",""heme "",""in "",""a "",""specific"","" "",""book "",""and "",""t"",""h en  "",""explore "",""t"",""hat "",""t"",""heme "",""t"",""hrough"","" "",""mul"",""t"",""iple "",""st"",""ori es.""]",38
39,dev,39,Each show would also provide recommendations for books that children should look for when they went to their library.,"[""E"",""ac"",""h "",""show"","" "",""would"","" "",""also "",""prov"",""id"",""e "",""recomm"",""en dation"",""s "",""for"","" "",""book"",""s "",""t"",""hat "",""c hi ldr"",""en  "",""should"","" "",""look "",""for"","" "",""wh en  "",""t"",""hey "",""w en t"","" "",""t"",""o "",""t"",""heir "",""libr"",""ary.""]",38
40,dev,40,"John Grant, from WNED Buffalo (Reading Rainbow's home station) said ""Reading Rainbow taught kids why to read,... the love of reading — [the show] encouraged kids to pick up a book and to read.""","[""John"","" "",""Gran"",""t"","", "",""fr"",""om "",""WNED "",""Buffalo "",""(R"",""ead"",""in"",""g "",""Rainbow"",""'"",""s "",""hom"",""e "",""st"",""ation"","") "",""said "",""\"""",""R"",""ead"",""in"",""g "",""Rainbow"","" "",""t"",""aught "",""kids "",""why "",""t"",""o "",""read,... "",""t"",""he "",""love "",""of "",""reading "",""—"","" "",""["",""t"",""he "",""show"",""]"","" "",""en courag"",""ed "",""kids "",""t"",""o "",""pick "",""up "",""a "",""book "",""and "",""t"",""o "",""read.\""""]",62
41,dev,41,"It is believed by some, including John Grant, that both the funding crunch and a shift in the philosophy of educational television programming contributed to ending the series.","[""It"","" "",""is "",""bel"",""ieved "",""by "",""som"",""e, "",""inc"",""l"",""udin"",""g "",""John"","" "",""Gran"",""t"","", "",""t"",""hat "",""bot"",""h "",""t"",""he "",""funding "",""c ru nch "",""and "",""a "",""s hi ft"","" "",""in "",""t"",""he "",""p hi losop"",""h"",""y "",""of "",""educat"",""ion"",""al "",""te levision"","" "",""program"",""m"",""in"",""g "",""cont"",""ribu te d "",""t"",""o "",""en ding "",""t"",""he "",""ser"",""i es.""]",54
42,dev,42,"The storm, situated about 645 miles (1040 km) west of the Cape Verde islands, is likely to dissipate before threatening any land areas, forecasters say.","[""T"",""he "",""st"",""orm, "",""sit"",""ua te d "",""about"","" "",""645 "",""mil"",""es  "",""(1040 "",""km) "",""w es t"","" "",""of "",""t"",""he "",""Cap"",""e "",""Ver"",""de "",""isl"",""ands"","", "",""is "",""likel"",""y "",""t"",""o "",""diss"",""ip"",""a te  "",""befor"",""e "",""t"",""hrea te ning "",""any "",""land "",""areas, "",""for"",""ecas te r"",""s "",""say.""]",44
43,dev,43,Fred currently has winds of 105 miles per hour (165 km/h) and is moving towards the northwest.,"[""F"",""r"",""ed"","" "",""cur"",""r en t"",""ly "",""has "",""win"",""ds "",""of "",""105 "",""mil"",""es  "",""per "",""hour "",""(165"","" "",""km/"",""h)"","" "",""and "",""is "",""moving "",""t"",""owards "",""t"",""he "",""nor"",""t"",""hw es t"","".""]",32
44,dev,44,"Fred is the strongest tropical cyclone ever recorded so far south and east in the Atlantic since the advent of satellite imagery, and only the third major hurricane on record east of 35°W.","[""F"",""r"",""ed"","" "",""is "",""t"",""he "",""st"",""rong es t"","" "",""t"",""rop"",""ical "",""cycl"",""one "",""ever"","" "",""recor"",""ded "",""so "",""far"","" "",""sout"",""h "",""and "",""east"","" "",""in "",""t"",""he "",""At"",""lantic "",""sin"",""ce "",""t"",""he "",""adv"",""en t"","" "",""of "",""sa te ll"",""i te  "",""imag"",""ery, "",""and "",""only "",""t"",""he "",""t"",""hi rd "",""major"","" "",""hurrican"",""e "",""on "",""recor"",""d "",""east"","" "",""of "",""35"",""W"","".""]",63
45,dev,45,"On September 24, 1759, Arthur Guinness signed a 9,000 year lease for the St James' Gate Brewery in Dublin, Ireland.","[""On"","" "",""Sep te mber"","" "",""24, "",""175"",""9, "",""Art"",""hur "",""Guin"",""n"",""es s"","" "",""sign"",""ed "",""a "",""9,0"",""00 "",""year"","" "",""lease"","" "",""for"","" "",""t"",""he "",""St"","" "",""Jam es '"","" "",""Ga te  "",""Brew"",""ery "",""in "",""Dublin"","", "",""Irel"",""and.""]",38
46,dev,46,"250 years later, Guinness has grown to a global business that turns over 10 billion euros (US$14.7 billion) every year.","[""250 "",""year"",""s "",""la te r, "",""Guin"",""n"",""es s"","" "",""has "",""grown "",""t"",""o "",""a "",""global "",""busin es s"","" "",""t"",""hat "",""t"",""urns "",""over"","" "",""10 "",""bill"",""ion"","" "",""euros "",""(U"",""S$14.7"","" "",""bill"",""ion"","")"","" "",""ever"",""y "",""year"","".""]",38
47,dev,47,"Jonny Reid, co-driver for the A1GP New Zealand team, today made history by driving the fastest over the 48-year-old Auckland Harbour Bridge, New Zealand, legally.","[""Jon"",""n"",""y "",""Reid, "",""co-"",""driver"","" "",""for"","" "",""t"",""he "",""A1GP "",""New "",""Zealan"",""d "",""te am, "",""t"",""oday "",""made "",""hi st"",""ory "",""by "",""driving "",""t"",""he "",""fas te st"","" "",""over"","" "",""t"",""he "",""48-"",""year"",""-"",""old "",""Auck"",""l"",""and "",""Har"",""bour"","" "",""Bridg"",""e, "",""New "",""Zealan"",""d, "",""legall"",""y.""]",48
48,dev,48,"Mr Reid managed to drive the New Zealand's A1GP car, Black Beauty at speeds over 160km/h seven times over the bridge.","[""M"",""r"","" "",""Reid "",""man"",""ag"",""ed "",""t"",""o "",""drive "",""t"",""he "",""New "",""Zealan"",""d'"",""s "",""A1GP "",""car"","", "",""Black"","" "",""Beaut"",""y "",""at"","" "",""speeds "",""over"","" "",""160km/"",""h "",""sev en  "",""t"",""im es  "",""over"","" "",""t"",""he "",""bridge.""]",38
49,dev,49,"The New Zealand police had trouble using their speed radar guns to see how fast Mr Reid was going because of how low Black Beauty is, and the only time the police managed to clock Mr Reid was when he slowed down to 160km/h.","[""T"",""he "",""New "",""Zealan"",""d "",""pol"",""ice "",""had "",""t"",""rouble "",""using "",""t"",""heir "",""speed"","" "",""radar "",""gun"",""s "",""t"",""o "",""see"","" "",""how fast"","" "",""Mr "",""Reid "",""was "",""going "",""because"","" "",""of "",""how low "",""Black"","" "",""Beaut"",""y "",""is, "",""and "",""t"",""he "",""only "",""t"",""ime "",""t"",""he "",""pol"",""ice "",""man"",""ag"",""ed "",""t"",""o "",""clock "",""Mr "",""Reid "",""was "",""wh en  "",""he "",""slowed "",""down"","" "",""t"",""o "",""160km/"",""h.""]",65
50,dev,50,"In the last 3 months, over 80 arrestees were released from the Central Booking facility without being formally charged.","[""In "",""t"",""he "",""last"","" "",""3 "",""mon"",""t"",""hs, "",""over"","" "",""80 "",""arr"",""es te es  "",""were "",""rel"",""ease"",""d "",""fr"",""om "",""t"",""he "",""C en t"",""ral "",""Book"",""ing "",""facilit"",""y "",""wit"",""hout "",""being "",""for"",""mall"",""y "",""char"",""ged.""]",36
51,dev,51,"In April this year, a temporary restaining order was issued by Judge Glynn against the facility to enforce the release of those held more than 24 hours after their intake who did not receive a hearing by a court commissioner.","[""In "",""April"","" "",""t"",""hi s "",""year, "",""a "",""te mporary "",""r es t"",""aining "",""order"","" "",""was "",""iss"",""ued "",""by "",""Judge "",""Glyn"",""n"","" "",""against"","" "",""t"",""he "",""facilit"",""y "",""t"",""o "",""en force "",""t"",""he "",""rel"",""ease"","" "",""of "",""t"",""hose "",""hel"",""d "",""mor"",""e "",""t"",""han "",""24 "",""hours "",""af te r"","" "",""t"",""heir "",""int"",""ake "",""who "",""did "",""not"","" "",""recei"",""ve "",""a "",""hear"",""ing "",""by "",""a "",""cour"",""t"","" "",""comm"",""ission"",""er"","".""]",69
52,dev,52,"The commissioner sets bail, if granted, and formalizes the charges filed by the arresting officer. The charges are then entered into the state's computer system where the case is tracked.","[""T"",""he "",""comm"",""ission"",""er"","" "",""set"",""s "",""bail, "",""if gran te d, "",""and "",""for"",""maliz es  "",""t"",""he "",""char"",""g es  "",""filed "",""by "",""t"",""he "",""arr"",""es t"",""ing "",""off"",""icer"","". "",""T"",""he "",""char"",""g es  "",""are "",""t"",""h en  "",""en te red "",""int"",""o "",""t"",""he "",""st"",""a te '"",""s "",""comp"",""u te r "",""sys te m"","" "",""wher"",""e "",""t"",""he "",""case "",""is "",""t"",""racked.""]",54
53,dev,53,The hearing also marks the date for the suspect’s right to a speedy trial.,"[""T"",""he "",""hear"",""ing "",""also "",""mar"",""ks "",""t"",""he "",""da te  "",""for"","" "",""t"",""he "",""susp"",""ect"",""’s "",""right"","" "",""t"",""o "",""a "",""speedy "",""t"",""rial.""]",25
54,dev,54,"Peter Costello, Australian treasurer and the man most likely to succeed Prime Minister John Howard as Liberal party leader has thrown his support behind a nuclear power industry in Australia.","[""P"",""e te"",""r"","" "",""Cos te"",""ll"",""o, "",""Aust"",""ralian"","" "",""t"",""reasur"",""er"","" "",""and "",""t"",""he "",""man"","" "",""most"","" "",""likel"",""y "",""t"",""o "",""succeed "",""Prime "",""Min"",""is te r"","" "",""John"","" "",""Howard "",""as "",""Liber"",""al "",""part"",""y "",""leader"","" "",""has "",""t"",""hrown "",""hi s "",""support"","" "",""be hi"",""nd "",""a "",""nucl"",""ear "",""power "",""indust"",""ry "",""in "",""Aust"",""ralia.""]",57
55,dev,55,"Mr Costello said that when nuclear power generation becomes economically viable, Australia should pursue its use.","[""M"",""r"","" "",""Cos te"",""ll"",""o "",""said "",""t"",""hat "",""wh en  "",""nucl"",""ear"","" "",""power "",""g en er"",""ation"","" "",""becom es  "",""econom"",""icall"",""y "",""viable, "",""Aust"",""ralia "",""should"","" "",""pursu"",""e "",""its "",""use.""]",30
56,dev,56,"""If it becomes commercial, we should have it. That is, there's no in-principle objection to nuclear energy"" Mr Costello said.","[""\"""",""If it "",""becom es  "",""comm"",""er"",""cial"","", "",""we "",""should"","" "",""have "",""it. "",""T"",""hat "",""is, "",""t"",""here'"",""s "",""no "",""in-"",""princip"",""l"",""e "",""object"",""ion "",""t"",""o "",""nucl"",""ear"","" "",""en er"",""gy\"""","" "",""Mr "",""Cos te"",""ll"",""o "",""said.""]",38
57,dev,57,"According to Ansa, ""police were concerned by a couple of top-level hits they feared might spark a full-blown war of succession.","[""Ac"",""c"",""or"",""din"",""g "",""t"",""o "",""Ansa, "",""\"""",""pol"",""ice "",""wer"",""e "",""conc"",""er"",""ned "",""by "",""a "",""coup"",""l"",""e "",""of "",""t"",""op-"",""level"","" "",""hi ts "",""t"",""hey "",""feared "",""might"","" "",""spark "",""a "",""full"",""-"",""blow"",""n "",""war"","" "",""of "",""succ es s"",""ion"","".""]",44
58,dev,58,Police said Lo Piccolo had the upper hand because he had been Provenzano's right-hand man in Palermo and his greater experience won him the respect of the older generation of bosses as they pursued Provenzano's policy of keeping as low as possible while strengthening their power network.,"[""P"",""ol"",""ice "",""said "",""Lo Piccol"",""o "",""had "",""t"",""he "",""upper"","" "",""hand"","" "",""because"","" "",""he "",""had "",""be en  "",""Prov"",""en z"",""an"",""o'"",""s "",""right"",""-"",""hand"","" "",""man"","" "",""in "",""Palermo "",""and "",""hi s "",""grea te r "",""exper"",""i en c"",""e "",""won "",""hi m "",""t"",""he "",""r es pect"","" "",""of "",""t"",""he "",""older"","" "",""g en er"",""ation"","" "",""of "",""boss es  "",""as "",""t"",""hey "",""pursu"",""ed"","" "",""Prov"",""en z"",""an"",""o'"",""s "",""pol"",""icy "",""of "",""keeping "",""as "",""low "",""as "",""possib"",""le "",""w hi le "",""st"",""r en gt"",""h en ing "",""t"",""heir "",""power "",""net"",""wor"",""k.""]",83
59,dev,59,"These bosses had been reined in by Provenzano when he put an end to the Riina-driven war against the state that claimed the lives of Mafia crusaders Giovanni Falcone and Paolo Borsellino in 1992.""","[""T"",""h es e "",""boss"",""es  "",""had "",""be en  "",""reined "",""in "",""by "",""Prov"",""en z"",""an"",""o "",""wh en  "",""he "",""put"","" "",""an "",""en d "",""t"",""o "",""t"",""he "",""Riina-"",""driv en  "",""war "",""against"","" "",""t"",""he "",""st"",""a te  "",""t"",""hat "",""claimed "",""t"",""he "",""liv es  "",""of "",""Mafia "",""c ru sader"",""s "",""Giovann"",""i "",""Fal"",""cone "",""and "",""Paolo "",""Bor"",""sel"",""lino "",""in "",""1992.\""""]",53
60,dev,60,Apple CEO Steve Jobs unveiled the device by walking onto the stage and taking the iPhone out of his jeans pocket.,"[""Ap"",""p"",""l"",""e "",""CEO "",""S te ve "",""Jobs "",""unveiled "",""t"",""he "",""device "",""by "",""walking "",""ont"",""o "",""t"",""he "",""st"",""age "",""and "",""t"",""aking "",""t"",""he "",""iPhon"",""e "",""out"","" "",""of "",""hi s "",""jeans "",""pocket"","".""]",33
61,dev,61,"During his 2 hour speech he stated that ""Today Apple is going to reinvent the phone, We are going to make history today"".","[""D"",""ur"",""in"",""g "",""hi s "",""2 "",""hour "",""speech "",""he "",""st"",""a te d "",""t"",""hat "",""\"""",""T"",""oday "",""Appl"",""e "",""is "",""going "",""t"",""o "",""reinv en t"","" "",""t"",""he "",""phon"",""e, "",""We "",""are "",""going "",""t"",""o "",""make "",""hi st"",""ory "",""t"",""oday\"""","".""]",39
62,dev,62,"Brazil is the largest Roman Catholic country on Earth, and the Roman Catholic Church has consistently opposed the legalization of same-sex marriage in the country.","[""B"",""r"",""azil "",""is "",""t"",""he "",""lar"",""g es t"","" "",""Roman"","" "",""Cat"",""holic "",""count"",""ry "",""on "",""Eart"",""h, "",""and "",""t"",""he "",""Roman"","" "",""Cat"",""holic "",""Church"","" "",""has "",""consis te n"",""t"",""ly "",""oppose"",""d "",""t"",""he "",""legalizat"",""ion"","" "",""of "",""same-"",""sex "",""mar"",""r"",""iag"",""e "",""in "",""t"",""he "",""count"",""ry.""]",50
63,dev,63,"The National Congress of Brazil has debated legalization for 10 years, and such civil marriages are currently only legal in Rio Grande do Sul.","[""T"",""he "",""Nat"",""ional "",""Cong"",""r es s "",""of "",""Brazil "",""has "",""deb"",""a te d "",""legalizat"",""ion"","" "",""for"","" "",""10 "",""year"",""s, "",""and "",""such "",""civil"","" "",""mar"",""r"",""iag"",""es  "",""are "",""cur"",""r en t"",""ly "",""only "",""legal "",""in "",""Rio "",""Gran"",""d"",""e "",""do "",""Sul.""]",40
64,dev,64,"The original bill was drafted by former mayor of São Paulo, Marta Suplicy. The proposed legislation, after being amended, is now in the hands of Roberto Jefferson.","[""T"",""he "",""origin"",""al "",""bill"","" "",""was "",""draf te d "",""by "",""for"",""mer"","" "",""mayor"","" "",""of "",""São "",""Paulo, "",""Mar"",""t"",""a "",""Suplicy. "",""T"",""he "",""prop"",""osed "",""legisl"",""at"",""ion"","", "",""af te r"","" "",""being "",""am en ded, "",""is "",""now "",""in "",""t"",""he "",""hand"",""s"","" "",""of "",""Robert"",""o "",""Jeff"",""er"",""son"","".""]",48
65,dev,65,Protesters hope to collect a petition of 1.2 million signatures to present to the National Congress in November.,"[""P"",""r"",""o te"",""s te"",""r"",""s "",""hop"",""e "",""t"",""o "",""col"",""l"",""ect"","" "",""a "",""pet"",""ition"","" "",""of "",""1.2"","" "",""mil"",""lion"","" "",""sign"",""at"",""ur es  "",""t"",""o "",""pr es en t"","" "",""t"",""o "",""t"",""he "",""Nat"",""ional "",""Congr es s "",""in "",""November"","".""]",41
66,dev,66,"After it became apparent that many families were seeking legal help to fight the evictions, a meeting was held on March 20 at the East Bay Community Law Center for the victims of the housing scam.","[""Af"",""te r"","" "",""it "",""became "",""appar"",""en t"","" "",""t"",""hat "",""man"",""y "",""famil"",""i es  "",""were "",""see"",""king "",""legal "",""hel"",""p "",""t"",""o "",""fight"","" "",""t"",""he "",""evictions, "",""a "",""meet"",""ing "",""was "",""hel"",""d "",""on "",""Mar"",""ch "",""20 "",""at"","" "",""t"",""he "",""East"","" "",""Bay "",""Comm"",""unit"",""y "",""Law "",""C en te r "",""for"","" "",""t"",""he "",""victims "",""of "",""t"",""he "",""housing "",""scam.""]",59
67,dev,67,"When the tenants started sharing what had occurred to them, most of the families involved suddenly realized that Carolyn Wilson of the OHA had stolen their security deposits, and skipped out of town.","[""W"",""h en  "",""t"",""he "",""te nant"",""s "",""st"",""ar te d "",""sharing "",""what "",""had "",""occur"",""red "",""t"",""o "",""t"",""hem, "",""most"","" "",""of "",""t"",""he "",""famil"",""i es  "",""invol"",""ved "",""sudd en l"",""y "",""realized "",""t"",""hat "",""Car"",""olyn"","" "",""Wilson"","" "",""of "",""t"",""he "",""OHA "",""had "",""st"",""ol en  "",""t"",""heir "",""securit"",""y "",""deposit"",""s, "",""and "",""skipped"","" "",""out"","" "",""of "",""t"",""own.""]",57
68,dev,68,"Tenants at Lockwood Gardens believe that there may be another 40 families or more to face eviction, since they learned that OHA police are also investigating other public housing properties in Oakland that may be caught up in the housing scam.","[""T"",""en ant"",""s "",""at"","" "",""Lockw"",""ood "",""Gard en s "",""bel"",""ieve "",""t"",""hat "",""t"",""here "",""may "",""be "",""anot"",""her "",""40 "",""famil"",""i es  "",""or "",""mor"",""e "",""t"",""o "",""face "",""eviction, "",""sin"",""ce "",""t"",""hey "",""learned "",""t"",""hat "",""OHA "",""police "",""are "",""also "",""inv es t"",""igating "",""ot"",""her "",""public"","" "",""housing "",""prop"",""ert"",""i es  "",""in "",""Oaklan"",""d "",""t"",""hat "",""may "",""be "",""caught"","" "",""up "",""in "",""t"",""he "",""housing "",""scam.""]",64
69,dev,69,"The band canceled the show at Maui's War Memorial Stadium, which was set to be attended by 9,000 people, and apologized to fans.","[""T"",""he "",""band "",""canc"",""el"",""ed "",""t"",""he "",""show"","" "",""at"","" "",""Maui'"",""s "",""War"","" "",""Memor"",""ial"","" "",""St"",""adium, "",""w hi ch "",""was "",""set"","" "",""t"",""o "",""be "",""at"",""te nded "",""by "",""9,0"",""00 "",""people, "",""and "",""apolog"",""ized "",""t"",""o "",""fans.""]",40
70,dev,70,"The band's management company, HK Management Inc., gave no initial reason when they canceled on September 20, but blamed logistical reasons by the next day.","[""T"",""he "",""band'"",""s "",""man"",""ag"",""em en t"","" "",""comp"",""any, "",""HK "",""Man"",""ag"",""em en t"","" "",""Inc., "",""gave "",""no "",""init"",""ial "",""reason"","" "",""wh en  "",""t"",""hey "",""canc"",""eled "",""on "",""Sep te mber"","" "",""20, "",""but"","" "",""blamed "",""logist"",""ical "",""reason"",""s "",""by "",""t"",""he "",""next"","" "",""day.""]",44
71,dev,71,"The famous Greek lawyers, Sakis Kechagioglou and George Nikolakopoulos have been imprisoned in the Athens' jail of Korydallus, as they were found guilty of graft and corruption.","[""T"",""he "",""famous "",""Greek "",""lawyers, "",""Sak"",""is "",""Kechag"",""iog"",""lou "",""and "",""Geor"",""ge "",""Nikolakop"",""oul"",""os "",""have "",""be en  "",""impr"",""ison"",""ed "",""in "",""t"",""he "",""At"",""h en s'"","" "",""jail "",""of "",""Kor"",""ydall"",""us, "",""as "",""t"",""hey "",""were "",""found"","" "",""guilt"",""y "",""of "",""graf"",""t"","" "",""and "",""cor"",""ru ption"","".""]",48
72,dev,72,"As a result of this, a big scandal within the Greek legal community has been raised through the exposure of illegal actions that judges, lawyers, solicitors and attorneys have done during the previous years.","[""As"","" a "",""r es ult"","" "",""of "",""t"",""hi s, "",""a "",""big "",""scand"",""al "",""wit"",""hi n "",""t"",""he "",""Greek "",""legal "",""comm"",""unit"",""y "",""has "",""be en  "",""raised "",""t"",""hrough"","" "",""t"",""he "",""exposu"",""r"",""e "",""of "",""ill"",""egal "",""act"",""ions "",""t"",""hat "",""judg es, "",""lawyers, "",""sol"",""icit"",""ors "",""and "",""at"",""t"",""orneys "",""have "",""done "",""during "",""t"",""he "",""previous "",""year"",""s.""]",55
73,dev,73,"A few weeks ago, after the information published by the journalist Makis Triantafylopoulos in his popular Television show ""Zoungla"" in Alpha TV, the member of Parliament and lawyer, Petros Mantouvalos was abdicated as members of his office had been involved in illegal graft and corruption.","[""A "",""few "",""weeks "",""ago, "",""af te r"","" "",""t"",""he "",""infor"",""mation"","" "",""published "",""by "",""t"",""he "",""journ"",""alist"","" "",""Mak"",""is "",""T"",""riantafylop"",""oul"",""os "",""in "",""hi s "",""popul"",""ar "",""T"",""elevision"","" "",""show"","" "",""\"""",""Zoungl"",""a\"""","" "",""in "",""Alpha "",""T"",""V, "",""t"",""he "",""member"","" "",""of "",""Parliam en t"","" "",""and "",""lawyer, "",""Pet"",""ros "",""Man"",""t"",""ouvalos "",""was "",""abdica te d "",""as "",""member"",""s "",""of "",""hi s "",""off"",""ice "",""had "",""be en  "",""invol"",""ved "",""in "",""ill"",""egal "",""graft"","" "",""and "",""cor"",""ru ption"","".""]",77
74,dev,74,"Moreover, top judge Evangelos Kalousis is imprisoned as he found guilty of corruption and degenerate behaviour.","[""M"",""or"",""eov"",""er"","", "",""t"",""op "",""judge "",""Evangel"",""os "",""Kalousis"","" "",""is "",""impr"",""ison"",""ed "",""as "",""he "",""found"","" "",""guil"",""t"",""y "",""of "",""cor"",""ru ption"","" "",""and "",""deg en er"",""a te  "",""behaviou"",""r"","".""]",33
75,dev,75,"Roberts flatly refused to say about when he believes life begins, an important question when considering the ethics of abortion, saying that it would be unethical to comment on the specifics of likely cases.","[""R"",""ob"",""er"",""t"",""s "",""flat"",""ly "",""refused "",""t"",""o "",""say "",""about"","" "",""wh en  "",""he "",""bel"",""iev es  "",""life "",""begins, "",""an "",""import"",""ant "",""qu es t"",""ion"","" "",""wh en  "",""consider"",""ing "",""t"",""he "",""et"",""hi cs "",""of "",""abor"",""t"",""ion, "",""saying "",""t"",""hat "",""it "",""would"","" "",""be "",""unet"",""hi cal "",""t"",""o "",""comm"",""en t"","" "",""on "",""t"",""he "",""specific"",""s "",""of "",""likel"",""y "",""cas es.""]",59
76,dev,76,"He did, however, reiterate his earlier statement that Roe v. Wade was the ""settled law of the land"", emphasizing the importance of consistent Supreme Court rulings.","[""H"",""e "",""did, "",""how"",""ever"","", "",""rei te r"",""a te  "",""hi s "",""earl"",""ier "",""st"",""a te m en t"","" "",""t"",""hat "",""Roe "",""v. "",""Wade "",""was "",""t"",""he "",""\"""",""set"",""tled "",""law "",""of "",""t"",""he "",""land\"""","", "",""emp"",""hasizin"",""g "",""t"",""he "",""import"",""ance "",""of "",""consis te n"",""t"","" "",""Suprem"",""e "",""Cour"",""t"","" "",""ru lings.""]",48
77,dev,77,He also confirmed that he believed in the implied right to privacy which the Roe decision depended upon.,"[""H"",""e "",""also "",""conf"",""irmed"","" "",""t"",""hat "",""he "",""bel"",""ieved "",""in "",""t"",""he "",""implied "",""right"","" "",""t"",""o "",""privacy "",""w hi ch "",""t"",""he "",""Roe "",""decision"","" "",""dep en ded "",""upon.""]",28
78,dev,78,"Maroochydore had finished on top of the ladder, six points clear of Noosa in second.","[""M"",""ar"",""ooc"",""h"",""ydor"",""e "",""had "",""fin"",""ished "",""on "",""t"",""op "",""of "",""t"",""he "",""ladder"","", "",""six "",""point"",""s "",""clear "",""of "",""Noosa "",""in "",""second"","".""]",26
79,dev,79,The two sides would meet in the major semi final where Noosa ran out winners by 11 points.,"[""T"",""he "",""t"",""wo "",""sid es  "",""would"","" "",""meet"","" "",""in "",""t"",""he "",""major"","" "",""semi "",""fin"",""al "",""where "",""Noosa "",""ran "",""out"","" "",""winn"",""ers "",""by "",""11 "",""point"",""s.""]",28
80,dev,80,Maroochydore then defeated Caboolture in the Preliminary Final.,"[""M"",""ar"",""ooc"",""h"",""ydor"",""e "",""t"",""h en  "",""defea te d "",""Cabool"",""t"",""ure "",""in "",""t"",""he "",""Prel"",""imin"",""ary "",""Fin"",""al.""]",20
81,dev,81,Hesperonychus elizabethae is a species of the family Dromaeosauridae and is a cousin of Velociraptor .,"[""H"",""es per"",""onyc"",""hus "",""elizab"",""et"",""hae "",""is "",""a "",""speci es  "",""of "",""t"",""he "",""famil"",""y "",""Dromaeosaur"",""id"",""ae "",""and "",""is "",""a "",""cousin "",""of "",""Velocirapt"",""or "","".""]",26
82,dev,82,"This fully feathered, warm blooded bird of prey was believed to have walked upright on two legs with claws like the Velociraptor.","[""T"",""hi s "",""full"",""y "",""feat"",""hered, "",""war"",""m "",""blood"",""ed "",""bird "",""of "",""prey "",""was "",""bel"",""ieved "",""t"",""o "",""have "",""walked "",""upright"","" "",""on "",""t"",""wo "",""legs "",""wit"",""h "",""claws "",""like "",""t"",""he "",""Vel"",""ocirapt"",""or.""]",35
83,dev,83,"Its second claw was larger, giving rise to the name Hesperonychus which means ""western claw.""","[""It"",""s "",""second"","" "",""claw "",""was "",""lar"",""ger, "",""giving "",""rise "",""t"",""o "",""t"",""he "",""name "",""H es per"",""onyc"",""hus "",""w hi ch "",""means "",""\"""",""w es te rn "",""claw.\""""]",23
84,dev,84,"In addition to the crushing ice, extreme weather conditions have been hampering rescue efforts.","[""In "",""addit"",""ion"","" "",""t"",""o "",""t"",""he "",""c ru s hi ng "",""ice, "",""ext"",""rem"",""e "",""weat"",""her "",""condit"",""ion"",""s "",""have "",""be en  "",""hamp"",""er"",""ing "",""r es cue "",""effor"",""t"",""s.""]",27
85,dev,85,Pittman suggested that conditions wouldn't improve until sometime next week.,"[""P"",""it"",""t"",""man "",""sugg es te d "",""t"",""hat "",""condit"",""ion"",""s "",""would"",""n"",""'t"","" "",""impr"",""ov"",""e "",""unt"",""il "",""som"",""et"",""ime "",""next"","" "",""week.""]",25
86,dev,86,"The amount and thickness of the pack ice, according to Pittman, is the worst it has been for sealers in the past 15 years.","[""T"",""he "",""amount"","" "",""and "",""t"",""hi ckn es s"","" "",""of "",""t"",""he "",""pack "",""ice, "",""accor"",""din"",""g "",""t"",""o "",""Pit"",""tman, "",""is "",""t"",""he "",""wor"",""st"","" "",""it "",""has "",""be en  "",""for"","" "",""sealers "",""in "",""t"",""he "",""past"","" "",""15 "",""years.""]",39
87,dev,87,News spread in the Red Lake community today as funerals for Jeff Weise and three of the nine victims were held that another student was arrested in connection with the school shootings of March 21.,"[""N"",""ews "",""spread"","" "",""in "",""t"",""he "",""Red"","" "",""Lake "",""comm"",""unit"",""y "",""t"",""oday "",""as "",""funerals "",""for"","" "",""Jeff"","" "",""Weise "",""and "",""t"",""hree "",""of "",""t"",""he "",""nine "",""victims "",""were "",""hel"",""d "",""t"",""hat "",""anot"",""her "",""st"",""ud en t"","" "",""was "",""arr"",""es te d "",""in "",""conn"",""ect"",""ion "",""wit"",""h "",""t"",""he "",""school"","" "",""shoot"",""ings "",""of "",""Mar"",""ch "",""21.""]",59
88,dev,88,Authorities said little officially beyond confirming today's arrest.,"[""Au"",""t"",""hor"",""it"",""i es  "",""said "",""lit"",""tle "",""off"",""icial"",""l"",""y "",""beyon"",""d "",""conf"",""irmin"",""g "",""t"",""oday'"",""s "",""arr"",""es t"","".""]",23
89,dev,89,"However, a source with knowledge of the investigation told the Minneapolis Star-Tribune that it was Louis Jourdain, 16-year old son of Red Lake Tribal Chairman Floyd Jourdain.","[""H"",""ow"",""ever"","", "",""a "",""sour"",""ce "",""wit"",""h "",""knowledg"",""e "",""of "",""t"",""he "",""inv es t"",""igation"","" "",""t"",""old "",""t"",""he "",""Min"",""neapol"",""is "",""St"",""ar-"",""T"",""ribune "",""t"",""hat "",""it "",""was "",""Louis "",""Jourd"",""ain, "",""16-"",""year"","" "",""old "",""son"","" "",""of "",""Red"","" "",""Lake "",""T"",""ribal "",""Chairman"","" "",""Floyd "",""Jourd"",""ain.""]",52
90,dev,90,It is not known at this time what charges will be laid or what led authorities to the boy but juvenile proceedings have begun in federal court.,"[""It"","" "",""is "",""not"","" "",""known "",""at"","" "",""t"",""hi s "",""t"",""ime "",""what "",""char"",""g es  "",""will"","" "",""be "",""laid "",""or "",""what "",""led "",""aut"",""horit"",""i es  "",""t"",""o "",""t"",""he "",""boy "",""but"","" "",""juv en ile "",""proc"",""eedin"",""gs "",""have "",""begun "",""in "",""feder"",""al "",""cour"",""t"","".""]",44
91,dev,91,Lodin also said officials decided to cancel the runoff in order to save Afghans the expense and security risk of another election.,"[""L"",""od"",""in"","" "",""also "",""said "",""off"",""icial"",""s "",""dec"",""ided "",""t"",""o "",""canc"",""el "",""t"",""he "",""ru noff"","" "",""in "",""order"","" "",""t"",""o "",""save "",""Afghans "",""t"",""he "",""exp en se "",""and "",""securit"",""y "",""risk "",""of "",""anot"",""her "",""elect"",""ion.""]",38
92,dev,92,Diplomats said that they had found enough ambiguity in the Afghan constitution to determine the runoff as unnecessary.,"[""D"",""ip"",""lomat"",""s "",""said "",""t"",""hat "",""t"",""hey "",""had "",""found"","" "",""en ough"","" "",""amb"",""iguit"",""y "",""in "",""t"",""he "",""Afghan "",""const"",""itution"","" "",""t"",""o "",""de te rmin"",""e "",""t"",""he "",""ru noff"","" "",""as "",""unn"",""ec es s"",""ar"",""y.""]",37
93,dev,93,"This contradicts earlier reports, which said that cancelling the runoff would have been against the constitution.","[""T"",""hi s "",""cont"",""radict"",""s "",""earl"",""ier "",""rep"",""ort"",""s, "",""w hi ch "",""said "",""t"",""hat "",""canc"",""ell"",""ing "",""t"",""he "",""ru noff"","" "",""would"","" "",""have "",""be en  "",""against"","" "",""t"",""he "",""const"",""itution"","".""]",32
94,dev,94,The aircraft had been headed to Irkutsk and was being operated by interior troops.,"[""T"",""he "",""aircr"",""aft"","" "",""had "",""be en  "",""headed "",""t"",""o "",""Irkutsk "",""and "",""was "",""being "",""opera te d "",""by "",""in te r"",""ior "",""t"",""roop"",""s.""]",21
95,dev,95,An inquiry was established to investigate.,"[""An"","" "",""inquir"",""y "",""was "",""es t"",""ablished "",""t"",""o "",""inv es t"",""iga te.""]",11
96,dev,96,"The Il-76 has been a major component of both the Russian and Soviet military since the 1970s, and had already seen a serious accident in Russia last month.","[""T"",""he "",""Il-"",""76 "",""has "",""be en  "",""a "",""major"","" "",""comp"",""on en t"","" "",""of "",""bot"",""h "",""t"",""he "",""Russian"","" "",""and "",""Soviet"","" "",""mil"",""it"",""ary "",""sin"",""ce "",""t"",""he "",""1970s, "",""and "",""had "",""alread"",""y "",""se en  "",""a "",""ser"",""ious "",""accid en t"","" "",""in "",""Russ"",""ia "",""last"","" "",""mon"",""t"",""h.""]",48
97,dev,97,"On October 7 an engine separated on takeoff, without injuries. Russia briefly grounded Il-76s after that accident.","[""On"","" "",""Oct"",""ober"","" "",""7 "",""an "",""en gin"",""e "",""separa te"",""d "",""on "",""t"",""akeoff"","", "",""wit"",""hout "",""injuri es. "",""R"",""uss"",""ia "",""briefl"",""y "",""ground"",""ed "",""Il-"",""76s "",""af te r"","" "",""t"",""hat "",""accid en t"","".""]",33
98,dev,98,"800 miles of the Trans-Alaska Pipeline System were closed down following a spill of thousands of barrels of crude oil south of Fairbanks, Alaska.","[""800 "",""mil"",""es  "",""of "",""t"",""he "",""T"",""rans-"",""Alask"",""a "",""Pipel"",""ine "",""Sys te m"","" "",""were "",""close"",""d "",""down"","" "",""foll"",""owing "",""a "",""spill "",""of "",""t"",""housands "",""of "",""barr"",""el"",""s "",""of "",""c ru de "",""oil "",""sout"",""h "",""of "",""Fairbanks, "",""Alask"",""a.""]",39
99,dev,99,A power failure following a routine fire-command system test caused relief valves to open and crude oil overflowed near the Fort Greely pump station 9.,"[""A "",""power "",""failure "",""foll"",""owing "",""a "",""rout"",""ine "",""fire-"",""comm"",""an"",""d "",""sys te m"","" "",""te st"","" "",""cause"",""d "",""rel"",""ief "",""val"",""v es  "",""t"",""o "",""op en  "",""and "",""c ru de "",""oil "",""over"",""flowed "",""near"","" "",""t"",""he "",""For"",""t"","" "",""Greel"",""y "",""pump "",""st"",""ation"","" "",""9.""]",44
100,dev,100,"The valves opening allowed a pressure release for the system and oil flowed on a pad to a tank that can hold 55,000 barrels (2.3 million gallons).","[""T"",""he "",""valv es  "",""op en ing "",""all"",""owed "",""a "",""pr es sur"",""e "",""rel"",""ease"","" "",""for"","" "",""t"",""he "",""sys te m"","" "",""and "",""oil "",""flowed "",""on "",""a "",""pad "",""t"",""o "",""a "",""t"",""ank "",""t"",""hat "",""can "",""hol"",""d "",""55,0"",""00 "",""barr"",""el"",""s "",""(2.3"","" "",""mil"",""lion"","" "",""gal"",""l"",""ons)"","".""]",48
101,dev,101,"As of Wednesday afternoon, the tank vents were still leaking probably from thermal expansion inside the tank.","[""As"","" of "",""Wedn es d"",""ay "",""af te r"",""noon"","", "",""t"",""he "",""t"",""ank "",""v en t"",""s "",""were "",""st"",""ill "",""leaking "",""probab"",""ly "",""from "",""t"",""hermal "",""expansion"","" "",""insid"",""e "",""t"",""he "",""t"",""ank.""]",30
102,dev,102,"Another secondary containment area below the tanks capable of holding 104,500 barrels was not yet filled to capacity.","[""An"",""ot"",""her"","" "",""second"",""ary "",""cont"",""ainm en t"","" "",""area "",""bel"",""ow "",""t"",""he "",""t"",""anks "",""cap"",""able "",""of "",""hol"",""din"",""g "",""104,5"",""00 "",""barr"",""el"",""s "",""was "",""not"","" "",""yet"","" "",""filled "",""t"",""o "",""cap"",""acit"",""y.""]",38
103,dev,103,"The comments, live on television, were the first time that senior Iranian sources have admitted that the sanctions are having any effect.","[""T"",""he "",""comm"",""en t"",""s, "",""live "",""on "",""te levision"","", "",""wer"",""e "",""t"",""he "",""first"","" "",""t"",""ime "",""t"",""hat "",""s en ior"","" "",""Iranian"","" "",""sour"",""c es  "",""have "",""admit te d "",""t"",""hat "",""t"",""he "",""sanct"",""ions "",""are "",""having "",""any "",""effect"","".""]",38
104,dev,104,"They include financial restrictions and a ban by the European Union on the export of crude oil, from which the Iranian economy receives 80% of its foreign income.","[""T"",""hey "",""incl"",""ude "",""fin"",""ancial"","" "",""r es t"",""rictions "",""and "",""a "",""ban "",""by "",""t"",""he "",""Europ"",""ean"","" "",""Union"","" "",""on "",""t"",""he "",""export"","" "",""of "",""c ru de "",""oil, "",""fr"",""om "",""w hi ch "",""t"",""he "",""Iranian"","" "",""econom"",""y "",""recei"",""v es  "",""80% "",""of "",""its "",""for"",""eign"","" "",""income.""]",46
105,dev,105,"In its most recent monthly report, OPEC said exports of crude had fallen to their lowest level for two decades at 2.8 million barrels per day.","[""In "",""its "",""most"","" "",""rec en t"","" "",""mon"",""t"",""hly "",""report"","", "",""OPEC "",""said "",""export"",""s "",""of "",""c ru de "",""had "",""fall"",""en  "",""t"",""o "",""t"",""heir "",""low es t"","" "",""level"","" "",""for"","" "",""t"",""wo "",""decad es  "",""at"","" "",""2.8"","" "",""mil"",""lion"","" "",""barr"",""el"",""s "",""per "",""day.""]",45
106,dev,106,"The country's supreme leader, Ayatollah Ali Khamenei, has described the dependency on oil as ""a trap"" dating from before Iran's Islamic revolution in 1979 and from which the country should free itself.","[""T"",""he "",""count"",""ry'"",""s "",""suprem"",""e "",""leader"","", "",""Ayat"",""oll"",""ah "",""Ali "",""Kham en ei, "",""has "",""d es c"",""ribed "",""t"",""he "",""dep en d en c"",""y "",""on "",""oil "",""as "",""\"""",""a "",""t"",""rap\"" "",""dat"",""ing "",""fr"",""om "",""befor"",""e "",""Iran'"",""s "",""Isl"",""amic "",""rev"",""olution"","" "",""in "",""1979 "",""and "",""fr"",""om "",""w hi ch "",""t"",""he "",""count"",""ry "",""should"","" "",""fr"",""ee "",""itself.""]",56
107,dev,107,"When the capsule gets to Earth and enters the atmosphere, at about 5am (eastern time), it is expected to put on quite a light show for folks in Northern California, Oregon, Nevada, and Utah.","[""W"",""h en  "",""t"",""he "",""cap"",""sule "",""gets "",""t"",""o "",""Eart"",""h "",""and "",""en te rs "",""t"",""he "",""at"",""mospher"",""e, "",""at"","" "",""about"","" "",""5am "",""(eas te r"",""n "",""t"",""ime)"","", "",""it "",""is "",""expec te d "",""t"",""o "",""put "",""on "",""qui te  "",""a "",""light"","" "",""show"","" "",""for"","" "",""folks "",""in "",""Nor"",""t"",""hern "",""Cal"",""ifor"",""nia, "",""Or"",""eg"",""on"","", "",""Nevada, "",""and "",""Ut"",""ah.""]",59
108,dev,108,The capsule will look much like a shooting star going across the sky.,"[""T"",""he "",""cap"",""sule "",""will"","" "",""look "",""much"","" "",""like "",""a "",""shoot"",""ing "",""st"",""ar "",""going "",""acr"",""oss "",""t"",""he "",""sky.""]",21
109,dev,109,"The capsule will be traveling at about 12.8 km or 8 miles per second, fast enough to go from San Francisco to Los Angeles in one minute.","[""T"",""he "",""cap"",""sule "",""will"","" "",""be "",""t"",""ravel"",""ing "",""at"","" "",""about"","" "",""12.8"","" "",""km "",""or "",""8 "",""mil"",""es  "",""per "",""second"","", "",""fast"","" "",""en ough"","" "",""t"",""o "",""go "",""from "",""San"","" "",""Francisc"",""o "",""t"",""o "",""Los "",""Ang"",""el"",""es  "",""in "",""one "",""min"",""u te.""]",46
110,dev,110,"Stardust will set a new all-time record for being the fastest spacecraft to return to Earth, breaking the previous record set in May of 1969 during the return of the Apollo X command module.","[""S"",""t"",""ardust"","" "",""will"","" "",""set"","" "",""a "",""new "",""all"",""-"",""t"",""ime "",""recor"",""d "",""for"","" "",""being "",""t"",""he "",""fas te st"","" "",""spacecr"",""aft"","" "",""t"",""o "",""ret"",""urn "",""t"",""o "",""Eart"",""h, "",""breaking "",""t"",""he "",""previous "",""recor"",""d "",""set"","" "",""in "",""May "",""of "",""1969 "",""during "",""t"",""he "",""ret"",""urn "",""of "",""t"",""he "",""Apoll"",""o "",""X "",""comm"",""and "",""modul"",""e.""]",61
111,dev,111,"“It will move over the west coast of northern California and will light the sky from California through central Oregon and on through Nevada and Idaho and into Utah,” Tom Duxbury, Stardust's project manager said.","[""“"",""It"","" will"","" "",""move "",""over"","" "",""t"",""he "",""w es t"","" "",""coast"","" "",""of "",""nor"",""t"",""hern "",""Cal"",""ifor"",""nia "",""and "",""will"","" "",""light"","" "",""t"",""he "",""sky "",""from "",""Cal"",""ifor"",""nia "",""t"",""hrough"","" "",""c en t"",""ral "",""Oregon "",""and "",""on "",""t"",""hrough"","" "",""Nevada "",""and "",""Idaho "",""and "",""int"",""o "",""Ut"",""ah,"","""","" "",""T"",""om "",""Duxbury, "",""St"",""ardust"",""'"",""s "",""project"","" "",""man"",""ag"",""er "",""said.""]",66
112,dev,112,"Mr. Rudd's decision to sign the Kyoto climate accord isolates the United States, which will now be the only developed nation not to ratify the agreement.","[""M"",""r"","". "",""Rudd'"",""s "",""dec"",""ision"","" "",""t"",""o "",""sign"","" "",""t"",""he "",""Kyot"",""o "",""clima te  "",""accor"",""d "",""isol"",""a te s "",""t"",""he "",""Uni te d "",""St"",""a te s, "",""w hi ch "",""will"","" "",""now "",""be "",""t"",""he "",""only "",""devel"",""oped "",""nat"",""ion "",""not"","" "",""t"",""o "",""rat"",""ify "",""t"",""he "",""agreem en t"","".""]",48
113,dev,113,"Australia's former conservative government refused to ratify Kyoto, saying it would damage the economy with its heavy reliance on coal exports, while countries like India and China were not bound by emissions targets.","[""Au"",""s"",""t"",""ralia'"",""s "",""for"",""mer"","" "",""conse"",""r"",""vat"",""ive "",""governm en t"","" "",""refused "",""t"",""o "",""rat"",""ify "",""Kyot"",""o, "",""saying "",""it "",""would"","" "",""damag"",""e "",""t"",""he "",""econom"",""y "",""wit"",""h "",""its "",""heavy "",""rel"",""ian"",""ce "",""on "",""coal "",""export"",""s, "",""w hi le "",""count"",""ri es  "",""like "",""India "",""and "",""C hi na "",""were "",""not"","" "",""bound"","" "",""by "",""emission"",""s "",""t"",""argets.""]",59
114,dev,114,It is the biggest acquisition in eBay's history.,"[""It"","" "",""is "",""t"",""he "",""bigg es t"","" "",""acquisit"",""ion"","" "",""in "",""eBay'"",""s "",""hi st"",""ory.""]",15
115,dev,115,"The company hopes to diversify its profit sources and gain popularity in areas where Skype holds a strong position, such as China, Eastern Europe, and Brazil.","[""T"",""he "",""comp"",""any "",""hop"",""es  "",""t"",""o "",""diver"",""sify "",""its "",""profit"","" "",""sour"",""c es  "",""and "",""gain "",""popul"",""arit"",""y "",""in "",""areas "",""wher"",""e "",""Skype "",""hol"",""ds "",""a "",""st"",""rong "",""posit"",""ion"","", "",""such "",""as "",""C hi na, "",""Eas te r"",""n "",""Europ"",""e, "",""and "",""Brazil.""]",42
116,dev,116,Scientists have suspected Enceladus as geologically active and a possible source of Saturn's icy E ring.,"[""S"",""c"",""i en t"",""ist"",""s "",""have "",""susp"",""ec te d "",""Enc"",""el"",""adus "",""as "",""geol"",""og"",""icall"",""y "",""act"",""ive "",""and "",""a "",""possib"",""le "",""sour"",""ce "",""of "",""Sat"",""urn's "",""icy "",""E "",""ring.""]",30
117,dev,117,"Enceladus is the most reflective object in the solar system, reflecting about 90 percent of the sunlight that hits it.","[""E"",""n"",""c"",""el"",""adus "",""is "",""t"",""he "",""most"","" "",""reflect"",""ive "",""object"","" "",""in "",""t"",""he "",""sol"",""ar "",""sys te m"","", "",""reflect"",""ing "",""about"","" "",""90 "",""perc en t"","" "",""of "",""t"",""he "",""sunl"",""ight"","" "",""t"",""hat "",""hi ts "",""it.""]",38
118,dev,118,The game publisher Konami stated today in a Japanese newspaper that they will not be releasing the game Six Days in Fallujah.,"[""T"",""he "",""game "",""publisher"","" "",""Konami "",""st"",""a te d "",""t"",""oday "",""in "",""a "",""Japan"",""es e"","" "",""newspaper"","" "",""t"",""hat "",""t"",""hey "",""will"","" "",""not"","" "",""be "",""rel"",""easing "",""t"",""he "",""game "",""Six "",""Days "",""in "",""Fal"",""l"",""ujah.""]",37
119,dev,119,"The game is based on the Second Battle of Fallujah, a vicious battle between American and Iraqi forces.","[""T"",""he "",""game "",""is "",""based "",""on "",""t"",""he "",""Second"","" "",""Bat"",""t"",""le "",""of "",""Fal"",""l"",""ujah, "",""a "",""vicious "",""bat"",""tle "",""bet"",""we en  "",""Amer"",""ican"","" "",""and "",""Iraqi "",""for"",""c es.""]",30
120,dev,120,"The ACMA also found that despite the video being streamed on the Internet, Big Brother had not breached online content censorship laws as the media had not been stored on Big Brother's website.","[""T"",""he "",""ACMA "",""also "",""found"","" "",""t"",""hat "",""d es pi te  "",""t"",""he "",""video "",""being "",""st"",""reamed "",""on "",""t"",""he "",""In te r"",""net"","", "",""Big "",""Brot"",""her "",""had "",""not"","" "",""breached "",""online "",""con te"",""nt"","" "",""c en sors hi"",""p "",""laws "",""as "",""t"",""he "",""med"",""ia "",""had "",""not"","" "",""be en  "",""st"",""ored "",""on "",""Big "",""Brot"",""her'"",""s "",""websi te.""]",52
121,dev,121,"The Broadcasting Services Act provides for the regulation of Internet content, however to be considered Internet content, it must physically reside on a server.","[""T"",""he "",""Broadc"",""ast"",""ing "",""Ser"",""vic es  "",""Act"","" "",""prov"",""id"",""es  "",""for"","" "",""t"",""he "",""regul"",""at"",""ion"","" "",""of "",""In te r"",""net"","" "",""con te"",""nt"","", "",""however"","" "",""t"",""o "",""be "",""consider"",""ed "",""In te r"",""net"","" "",""con te"",""nt"","", "",""it "",""must"","" "",""physic"",""all"",""y "",""r es ide "",""on "",""a "",""ser"",""ver"","".""]",52
122,dev,122,"The United States embassy located in Nairobi, Kenya has issued a warning that ""extremists from Somalia"" are planning to launch suicide bomb attacks in Kenya and Ethiopia.","[""T"",""he "",""Uni te d "",""St"",""a te s "",""embass"",""y "",""loca te d "",""in "",""Nairob"",""i, "",""K en ya "",""has "",""iss"",""ued "",""a "",""war"",""ning "",""t"",""hat "",""\"""",""ext"",""rem"",""ist"",""s "",""from "",""Som"",""al"",""ia\"""","" "",""are "",""plan"",""n"",""ing "",""t"",""o "",""launch "",""suic"",""ide "",""bomb"","" "",""at"",""t"",""acks "",""in "",""K en ya "",""and "",""Et"",""hi opia.""]",49
123,dev,123,"The U.S. says it has received information from an undisclosed source that specifically mentions the use of suicide bombers to will blow up ""prominent landmarks"" in Ethiopia and Kenya.","[""T"",""he "",""U.S"","". "",""says "",""it "",""has "",""recei"",""ved "",""infor"",""mat"",""ion"","" "",""from "",""an "",""undisc"",""lose"",""d "",""sour"",""ce "",""t"",""hat "",""specific"",""all"",""y "",""m en t"",""ions "",""t"",""he "",""use "",""of "",""suic"",""ide "",""bomb"",""er"",""s "",""t"",""o "",""will"","" "",""blow"","" "",""up "",""\"""",""prom"",""in"",""en t"","" "",""landm"",""arks\"""","" "",""in "",""Et"",""hi opia "",""and "",""K en ya.""]",56
124,dev,124,"Long before The Daily Show and The Colbert Report, Heck and Johnson envisioned a publication that would parody the news—and news reporting—when they were students at UW in 1988.","[""L"",""on"",""g"","" "",""befor"",""e "",""T"",""he "",""Daily "",""Show"","" "",""and "",""T"",""he "",""Col"",""ber"",""t"","" "",""Rep"",""ort"","", "",""Hec"",""k"","" "",""and "",""John"",""son"","" "",""en vision"",""ed "",""a "",""public"",""ation"","" "",""t"",""hat "",""would"","" "",""parody "",""t"",""he "",""news"","""",""and "",""news "",""report"",""ing"","""",""w"",""h en  "",""t"",""hey "",""were "",""st"",""ud en t"",""s "",""at"","" "",""UW "",""in "",""1988.""]",61
125,dev,125,"Since its inception, The Onion has become a veritable news parody empire, with a print edition, a website that drew 5,000,000 unique visitors in the month of October, personal ads, a 24 hour news network, podcasts, and a recently launched world atlas called Our Dumb World.","[""S"",""in"",""ce "",""its "",""incept"",""ion"","", "",""T"",""he "",""Onion"","" "",""has "",""become "",""a "",""ver"",""itable "",""news "",""parody "",""emp"",""ire, "",""wit"",""h "",""a "",""print"","" "",""edit"",""ion"","", "",""a "",""websi te  "",""t"",""hat "",""drew"","" "",""5,0"",""00,0"",""00 "",""unique "",""visit"",""ors "",""in "",""t"",""he "",""mon"",""t"",""h "",""of "",""Oct"",""ober, "",""person"",""al "",""ads, "",""a "",""24 "",""hour "",""news "",""net"",""wor"",""k, "",""podc"",""ast"",""s, "",""and "",""a "",""rec en t"",""ly "",""launched "",""wor"",""ld "",""at"",""las "",""call"",""ed "",""Our "",""Dumb "",""Wor"",""ld.""]",77
126,dev,126,Al Gore and General Tommy Franks casually rattle off their favorite headlines (Gore's was when The Onion reported he and Tipper were having the best sex of their lives after his 2000 Electoral College defeat).,"[""Al"","" "",""Gor"",""e "",""and "",""G en er"",""al "",""T"",""ommy "",""Fr"",""ank"",""s "",""casuall"",""y "",""rat"",""tle "",""off"","" "",""t"",""heir "",""favor"",""i te  "",""headl"",""in"",""es  "",""(Gor"",""e'"",""s "",""was "",""wh en  "",""T"",""he "",""Onion"","" "",""repor te"",""d "",""he "",""and "",""T"",""ipper"","" "",""were "",""having "",""t"",""he "",""b es t"","" "",""sex "",""of "",""t"",""heir "",""liv es  "",""af te r"","" "",""hi s "",""2000 "",""Elect"",""oral "",""Col"",""l"",""ege "",""defeat"","").""]",63
127,dev,127,Many of their writers have gone on to wield great influence on Jon Stewart and Stephen Colbert's news parody shows.,"[""M"",""an"",""y "",""of "",""t"",""heir "",""wri te r"",""s "",""have "",""gone "",""on "",""t"",""o "",""wield "",""great"","" "",""infl"",""u en ce "",""on "",""Jon"","" "",""S te wart"","" "",""and "",""S te ph en  "",""Col"",""ber"",""t"",""'"",""s "",""news "",""parody "",""show"",""s.""]",34
128,dev,128,The artistic event is also part of a campaign by the Bucharest City Hall that seeks to relaunch the image of the Romanian capital as a creative and colourful metropolis.,"[""T"",""he "",""art"",""ist"",""ic "",""ev en t"","" "",""is "",""also "",""part"","" "",""of "",""a "",""camp"",""aign"","" "",""by "",""t"",""he "",""Buchar es t"","" "",""Cit"",""y "",""Hal"",""l"","" "",""t"",""hat "",""see"",""ks "",""t"",""o "",""rel"",""aunch "",""t"",""he "",""imag"",""e "",""of "",""t"",""he "",""Romanian"","" "",""cap"",""it"",""al "",""as "",""a "",""creat"",""ive "",""and "",""col"",""ourf"",""ul "",""met"",""ropol"",""is.""]",57
129,dev,129,"The city will be the first in southeastern Europe to host CowParade, the world's largest public art event, between June and August this year.","[""T"",""he "",""cit"",""y "",""will"","" "",""be "",""t"",""he "",""first"","" "",""in "",""sout"",""heas te r"",""n "",""Europ"",""e "",""t"",""o "",""host"","" "",""CowParade, "",""t"",""he "",""wor"",""ld'"",""s "",""lar"",""g es t"","" "",""public"","" "",""art"","" "",""ev en t"","", "",""bet"",""we en  "",""Jun"",""e "",""and "",""August"","" "",""t"",""hi s "",""year.""]",46
130,dev,130,Today's announcement also extended the government's commitment made in March of this year to fund extra carriages.,"[""T"",""oday'"",""s "",""ann"",""ounc"",""em en t"","" "",""also "",""ex te nded "",""t"",""he "",""governm en t"",""'"",""s "",""comm"",""itm en t"","" "",""made "",""in "",""Mar"",""ch "",""of "",""t"",""hi s "",""year "",""t"",""o "",""fund "",""ext"",""ra "",""car"",""riag"",""es.""]",33
131,dev,131,"An additional 300 brings the total to 1,300 carriages to be acquired to relieve overcrowding.","[""An"","" "",""addit"",""ion"",""al "",""300 "",""brings "",""t"",""he "",""t"",""otal "",""t"",""o "",""1,3"",""00 "",""car"",""riag"",""es  "",""t"",""o "",""be "",""acquir"",""ed "",""t"",""o "",""rel"",""ieve "",""over"",""cr"",""ow"",""din"",""g.""]",32
132,dev,132,"Christopher Garcia, a spokesperson of the Los Angeles Police Department, said the suspected male offender is being investigated for trespassing rather than vandalism.","[""C"",""h"",""r"",""ist"",""oph"",""er"","" "",""Gar"",""cia, "",""a "",""spok es per"",""son"","" "",""of "",""t"",""he "",""Los "",""Ang"",""el"",""es  "",""Pol"",""ice "",""Depart"",""m en t"","", "",""said "",""t"",""he "",""susp"",""ec te d "",""mal"",""e "",""off"",""en der"","" "",""is "",""being "",""inv es t"",""iga te d "",""for"","" "",""t"",""r es pass"",""in"",""g "",""rat"",""her "",""t"",""han "",""vandalism.""]",50
133,dev,133,"The sign was not physically damaged; the modification was done using black tarpaulins decorated with signs of peace and heart to alter the ""O"" to read lowercase ""e"".","[""T"",""he "",""sign"","" "",""was "",""not"","" "",""physic"",""all"",""y "",""damag"",""ed; "",""t"",""he "",""modificat"",""ion"","" "",""was "",""done "",""using "",""black"","" "",""t"",""arpaul"",""in"",""s "",""dec"",""ora te"",""d "",""wit"",""h "",""sign"",""s "",""of "",""peace "",""and "",""hear"",""t"","" "",""t"",""o "",""al te r"","" "",""t"",""he "",""\"""",""O\"""","" "",""t"",""o "",""read "",""lowercase "",""\"""",""e\"""","".""]",55
134,dev,134,"Red tide is caused by a higher than normal concentration of Karenia brevis, a naturally-occurring single-celled marine organism.","[""R"",""ed"","" "",""t"",""ide "",""is "",""cause"",""d "",""by "",""a "",""hi gher"","" "",""t"",""han "",""nor"",""mal "",""conc"",""en t"",""ration"","" "",""of "",""Kar en ia "",""brev"",""is, "",""a "",""nat"",""urall"",""y-"",""occur"",""rin"",""g "",""sin"",""gl"",""e-"",""cel"",""led "",""mar"",""ine "",""organ"",""ism"","".""]",41
135,dev,135,"Natural factors can intersect to produce ideal conditions, allowing this algae to increase in number dramatically.","[""N"",""at"",""ural "",""fact"",""ors "",""can "",""in te r"",""sect"","" "",""t"",""o "",""produc"",""e "",""ideal "",""condit"",""ion"",""s, "",""all"",""owing "",""t"",""hi s "",""algae "",""t"",""o "",""incr"",""ease"","" "",""in "",""number"","" "",""dramat"",""icall"",""y.""]",33
136,dev,136,The algae produces a neurotoxin that can disable nerves in both humans and fish.,"[""T"",""he "",""algae "",""produc"",""es  "",""a "",""neurot"",""oxin "",""t"",""hat "",""can "",""disable "",""ner"",""v es  "",""in "",""bot"",""h "",""hum"",""an"",""s "",""and "",""fish.""]",22
137,dev,137,Fish often die because of the high concentrations of the toxin in the waters.,"[""F"",""is"",""h "",""of te n "",""die "",""because"","" "",""of "",""t"",""he "",""hi gh "",""conc"",""en t"",""ration"",""s "",""of "",""t"",""he "",""t"",""oxin "",""in "",""t"",""he "",""wa te rs.""]",24
138,dev,138,Humans can be affected by breathing affected water taken into the air by wind and waves.,"[""H"",""um"",""an"",""s "",""can "",""be "",""aff"",""ec te d "",""by "",""breat"",""hi ng "",""aff"",""ec te d "",""wa te r "",""t"",""ak en  "",""int"",""o "",""t"",""he "",""air "",""by "",""win"",""d "",""and "",""wav es.""]",26
139,dev,139,"At its peak, Tropical Cyclone Gonu, named for a bag of palm leaves in the language of the Maldives, reached sustained winds of 240 kilometers an hour (149 miles per hour) .","[""At"","" "",""its "",""peak, "",""T"",""rop"",""ical "",""Cycl"",""on"",""e "",""Gonu, "",""named "",""for"","" "",""a "",""bag "",""of "",""palm "",""leav es  "",""in "",""t"",""he "",""languag"",""e "",""of "",""t"",""he "",""Mal"",""div es, "",""reached "",""sust"",""ained "",""win"",""ds "",""of "",""240 "",""kilome te rs "",""an "",""hour "",""(149"","" "",""mil"",""es  "",""per "",""hour) "","".""]",46
140,dev,140,"By early today, winds were around 83 km/h, and it was expect to keep weakening.","[""B"",""y "",""earl"",""y "",""t"",""oday, "",""win"",""ds "",""wer"",""e "",""around"","" "",""83 "",""km/"",""h, "",""and "",""it "",""was "",""expect"","" "",""t"",""o "",""keep "",""weak"",""en in"",""g.""]",26
141,dev,141,"On Wednesday, the United States' National Basketball Association (NBA) suspended its professional basketball season due to concerns regarding COVID-19.","[""On"","" "",""Wedn es d"",""ay, "",""t"",""he "",""Uni te d "",""St"",""a te s'"","" "",""Nat"",""ion"",""al "",""Bask"",""et"",""ball"","" "",""Ass"",""ociat"",""ion"","" "",""(N"",""BA)"","" "",""susp"",""en ded "",""its "",""prof es sion"",""al "",""bask"",""et"",""ball"","" "",""season"","" "",""due "",""t"",""o "",""conc"",""er"",""ns "",""regard"",""in"",""g "",""COVID-"",""19.""]",46
142,dev,142,The NBA's decision followed a Utah Jazz player testing positive for the COVID-19 virus.,"[""T"",""he "",""NBA'"",""s "",""dec"",""ision"","" "",""foll"",""owed "",""a "",""Ut"",""ah "",""Jazz "",""player "",""te st"",""ing "",""posit"",""ive "",""for"","" "",""t"",""he "",""COVID-"",""19 "",""vi ru s.""]",25
143,dev,143,"""Based on this fossil, that means the split is much earlier than has been anticipated by the molecular evidence.","[""\"""",""B"",""ase"",""d "",""on "",""t"",""hi s "",""fossil"","", "",""t"",""hat "",""means "",""t"",""he "",""split"","" "",""is "",""much"","" "",""earl"",""ier "",""t"",""han "",""has "",""be en  "",""ant"",""icipa te d "",""by "",""t"",""he "",""mol"",""ecular "",""evid en ce.""]",33
144,dev,144,"That means everything has to be put back,"" said researcher at the Rift Valley Research Service in Ethiopia and a co-author of the study, Berhane Asfaw.","[""T"",""hat "",""means "",""ever"",""yt"",""hi ng "",""has "",""t"",""o "",""be "",""put "",""back"","",\"""","" "",""said "",""r es ear"",""ch"",""er"","" "",""at"","" "",""t"",""he "",""Rift"","" "",""Val"",""l"",""ey "",""R es ear"",""ch"","" "",""Ser"",""vice "",""in "",""Et"",""hi opia "",""and "",""a "",""co-"",""aut"",""hor "",""of "",""t"",""he "",""st"",""udy, "",""Ber"",""hane "",""Asfaw.""]",49
145,dev,145,"Until now, AOL has been able to move and develop the IM market at its own pace, due to its widespread use within the United States.","[""U"",""n"",""t"",""il "",""now, "",""AOL "",""has "",""be en  "",""able "",""t"",""o "",""move "",""and "",""devel"",""op "",""t"",""he "",""IM "",""market"","" "",""at"","" "",""its "",""own "",""pace, "",""due "",""t"",""o "",""its "",""wid es pread"","" "",""use "",""wit"",""hi n "",""t"",""he "",""Uni te d "",""St"",""a te s.""]",39
146,dev,146,"With this arrangement in place, this freedom might end.","[""W"",""it"",""h "",""t"",""hi s "",""arr"",""ang"",""em en t"","" "",""in "",""place, "",""t"",""hi s "",""freed"",""om"","" "",""might"","" "",""en d.""]",19
147,dev,147,The number of users of the Yahoo! and Microsoft services combined will rival the number of AOL's customers.,"[""T"",""he "",""number"","" "",""of "",""users "",""of "",""t"",""he "",""Yahoo! "",""and "",""Micr"",""osof"",""t"","" "",""ser"",""vic es  "",""comb"",""ined "",""will"","" "",""rival "",""t"",""he "",""number"","" "",""of "",""AOL'"",""s "",""cust"",""omer"",""s.""]",32
148,dev,148,The Northern Rock bank had been nationalised in 2008 following the revelation that the company had received emergency support from the UK Government.,"[""T"",""he "",""Nor"",""t"",""hern "",""Rock "",""bank "",""had "",""be en  "",""nat"",""ionalised "",""in "",""2008 "",""foll"",""owing "",""t"",""he "",""rev"",""el"",""at"",""ion"","" "",""t"",""hat "",""t"",""he "",""comp"",""any "",""had "",""recei"",""ved "",""emer"",""g en c"",""y "",""support"","" "",""from "",""t"",""he "",""UK "",""Governm en t"","".""]",42
149,dev,149,Northern Rock had required support due to its exposure during the subprime mortgage crisis in 2007.,"[""N"",""or"",""t"",""hern "",""Rock "",""had "",""requir"",""ed "",""support"","" "",""due "",""t"",""o "",""its "",""exposu"",""r"",""e "",""during "",""t"",""he "",""sub"",""pr"",""ime "",""mor"",""t"",""gage "",""crisis "",""in "",""2007.""]",29
150,dev,150,Sir Richard Branson's Virgin Group had a bid for the bank rejected prior to the bank’s nationalisation.,"[""S"",""ir"","" "",""Richard"","" "",""Br"",""anson"",""'"",""s "",""Virgin"","" "",""Group "",""had "",""a "",""bid "",""for"","" "",""t"",""he "",""bank "",""rejec te d "",""prior"","" "",""t"",""o "",""t"",""he "",""bank’"",""s "",""nat"",""ionalisat"",""ion"","".""]",33
151,dev,151,"In 2010, while nationalised, the current high street bank Northern Rock plc was split from the ‘bad bank’, Northern Rock (Asset Management).","[""In "",""2010, "",""w hi le "",""nat"",""ionalised, "",""t"",""he "",""cur"",""r en t"","" "",""hi gh "",""st"",""reet"","" "",""bank "",""Nor"",""t"",""hern "",""Rock "",""plc "",""was "",""split"","" "",""from "",""t"",""he "",""‘"",""bad "",""bank’"","", "",""Nor"",""t"",""hern "",""Rock "",""(A"",""ss"",""et"","" "",""Man"",""ag"",""em en t"","").""]",42
152,dev,152,"Virgin have only purchased the ‘good bank’ of Northern Rock, not the asset management company.","[""V"",""ir"",""gin"","" "",""have "",""only "",""purchased "",""t"",""he "",""‘"",""good"","" "",""bank’"","" "",""of "",""Nor"",""t"",""hern "",""Rock, "",""not"","" "",""t"",""he "",""ass"",""et"","" "",""man"",""ag"",""em en t"","" "",""comp"",""any.""]",32
153,dev,153,This is believed to be the fifth time in history that people have observed what turned out to be chemically confirmed martian material falling to Earth.,"[""T"",""hi s "",""is "",""bel"",""ieved "",""t"",""o "",""be "",""t"",""he "",""fift"",""h "",""t"",""ime "",""in "",""hi st"",""ory "",""t"",""hat "",""people "",""have "",""obser"",""ved "",""what "",""t"",""urned "",""out"","" "",""t"",""o "",""be "",""chemicall"",""y "",""conf"",""irmed "",""mar"",""t"",""ian "",""ma te rial"","" "",""fall"",""ing "",""t"",""o "",""Eart"",""h.""]",46
154,dev,154,"Out of the approximately 24,000 known meteorites to have fallen to Earth, only about 34 have been verified to be martian in origin.","[""Ou"",""t"","" "",""of "",""t"",""he "",""appr"",""oxima te l"",""y "",""24,0"",""00 "",""known "",""me te or"",""i te"",""s "",""t"",""o "",""have "",""fall"",""en  "",""t"",""o "",""Eart"",""h, "",""only "",""about"","" "",""34 "",""have "",""be en  "",""ver"",""ified "",""t"",""o "",""be "",""mar"",""t"",""ian "",""in "",""origin"","".""]",41
155,dev,155,Fifteen of these rocks are attributed to the meteorite shower last July.,"[""F"",""if te en  "",""of "",""t"",""h es e "",""rocks "",""are "",""at"",""t"",""ribu te d "",""t"",""o "",""t"",""he "",""me te ori te"","" "",""show"",""er "",""last"","" "",""Jul"",""y.""]",22
156,dev,156,"Some of the rocks, which are very rare on Earth, are being sold from US$11,000 to $22,500 per ounce, which is about ten times more than the cost of gold.","[""S"",""om"",""e "",""of "",""t"",""he "",""rocks, "",""w hi ch "",""are "",""ver"",""y "",""rare "",""on "",""Eart"",""h, "",""are "",""being "",""sol"",""d "",""fr"",""om "",""US$11,0"",""00 "",""t"",""o "",""$22,5"",""00 "",""per "",""ounce, "",""w hi ch "",""is "",""about"","" "",""te n "",""t"",""im es  "",""mor"",""e "",""t"",""han "",""t"",""he "",""cost"","" "",""of "",""gol"",""d.""]",47
157,dev,157,"Following the race, Keselowski remains the Drivers' Championship leader with 2,250 points.","[""F"",""ol"",""l"",""owin"",""g "",""t"",""he "",""race, "",""K es el"",""owski "",""rem"",""ains "",""t"",""he "",""Driver"",""s'"","" "",""Champ"",""ion"",""s hi"",""p "",""leader"","" "",""wit"",""h "",""2,2"",""50 "",""point"",""s.""]",29
158,dev,158,"Seven points behind, Johnson is second with 2,243.","[""S"",""e"",""v"",""en  "",""point"",""s "",""be hi"",""nd, "",""John"",""son"","" "",""is "",""second"","" "",""wit"",""h "",""2,2"",""43.""]",18
159,dev,159,"In third, Hamlin is twenty points behind, but five ahead of Bowyer. Kahne and Truex, Jr. are fifth and sixth respectively with 2,220 and 2,207 points.","[""In "",""t"",""hi rd, "",""Haml"",""in"","" "",""is "",""t"",""w en ty "",""point"",""s "",""be hi nd, "",""but"","" "",""five "",""ahead "",""of "",""Bowyer. "",""Kahne "",""and "",""T"",""ru ex, "",""Jr. "",""are "",""fift"",""h "",""and "",""sixt"",""h "",""r es pect"",""ivel"",""y "",""wit"",""h "",""2,2"",""20 "",""and "",""2,2"",""07 "",""point"",""s.""]",41
160,dev,160,"Stewart, Gordon, Kenseth, and Harvick round out the top-ten positions for the Drivers' Championship with four races remaining in the season.","[""S"",""te w"",""art"","", "",""Gor"",""don"","", "",""K en set"",""h, "",""and "",""Har"",""vick "",""round"","" "",""out"","" "",""t"",""he "",""t"",""op-"",""te n "",""posit"",""ion"",""s "",""for"","" "",""t"",""he "",""Driver"",""s' "",""Champ"",""ion"",""s hi"",""p "",""wit"",""h "",""four"","" "",""rac es  "",""rem"",""aining "",""in "",""t"",""he "",""season"","".""]",46
161,dev,161,The US Navy also said they were investigating the incident.,"[""T"",""he "",""US "",""Navy "",""also "",""said "",""t"",""hey "",""were "",""inv es t"",""igating "",""t"",""he "",""incid en t"","".""]",15
162,dev,162,"They also said in a statement, ""The crew is currently working to determine the best method of safely extracting the ship"".","[""T"",""hey "",""also "",""said "",""in "",""a "",""st"",""a te m en t"","", "",""\"""",""T"",""he "",""crew "",""is "",""cur"",""r en t"",""ly "",""wor"",""king "",""t"",""o "",""de te rmin"",""e "",""t"",""he "",""b es t"","" "",""met"",""hod "",""of "",""safel"",""y "",""ext"",""ract"",""ing "",""t"",""he "",""s hi p\"""","".""]",39
163,dev,163,"An Avenger class mine countermeasures ship, the ship was on its way to Puerto Princesa in Palawan.","[""An"","" "",""Av en ger "",""class"","" "",""min"",""e "",""coun te"",""r"",""m"",""easur"",""es  "",""s hi p, "",""t"",""he "",""s hi p "",""was "",""on "",""its "",""way "",""t"",""o "",""Puert"",""o "",""Prin"",""c es a "",""in "",""Palawan.""]",28
164,dev,164,"It is assigned to the U.S. Navy’s Seventh Fleet and based in Sasebo, Nagasaki in Japan.","[""It"","" "",""is "",""ass"",""ign"",""ed "",""t"",""o "",""t"",""he "",""U.S"","". "",""Navy’"",""s "",""Sev en t"",""h "",""Fleet"","" "",""and "",""base"",""d "",""in "",""Sasebo, "",""Nagasaki "",""in "",""Japan"","".""]",27
165,dev,165,"The Mumbai attackers arrived via boat on Novemeber 26, 2008, bringing with them grenades, automatic weapons and hit multiple targets including the crowded Chhatrapati Shivaji Terminus railway station and the famous Taj Mahal Hotel.","[""T"",""he "",""Mumbai "",""at"",""t"",""acker"",""s "",""arr"",""ived "",""via "",""boat"","" "",""on "",""Novemeber"","" "",""26, "",""200"",""8, "",""bringin"",""g "",""wit"",""h "",""t"",""hem "",""gr en ad es, "",""aut"",""omat"",""ic "",""weap"",""on"",""s "",""and "",""hi t "",""mul"",""t"",""iple "",""t"",""argets "",""incl"",""udin"",""g "",""t"",""he "",""crowded "",""Chhatrapat"",""i "",""S hi vaji "",""T"",""er"",""minus "",""railway "",""st"",""ation"","" "",""and "",""t"",""he "",""famous "",""T"",""aj "",""Mahal "",""Ho te l.""]",62
166,dev,166,David Headley's scouting and information gathering had helped to enable the operation by the 10 gunmen from the Pakistani militant group Laskhar-e-Taiba.,"[""D"",""avid"","" "",""Head"",""l"",""ey'"",""s "",""scout"",""ing "",""and "",""infor"",""mat"",""ion"","" "",""gat"",""hering "",""had "",""hel"",""ped "",""t"",""o "",""en able "",""t"",""he "",""operat"",""ion"","" "",""by "",""t"",""he "",""10 "",""gunm en  "",""from "",""t"",""he "",""Pakist"",""ani "",""mil"",""it"",""ant "",""group "",""Laskhar-"",""e-"",""T"",""aiba.""]",45
167,dev,167,The attack put a huge strain on relations between India and Pakistan.,"[""T"",""he "",""at"",""t"",""ack "",""put"","" "",""a "",""huge "",""st"",""rain "",""on "",""rel"",""at"",""ions "",""bet"",""we en  "",""India "",""and "",""Pakist"",""an.""]",21
168,dev,168,"Accompanied by those officials, he assured Texas citizens that steps were being taken to protect the public's safety.","[""Ac"",""c"",""om"",""p"",""an"",""ied"","" "",""by "",""t"",""hose "",""off"",""icial"",""s, "",""he "",""ass"",""ur"",""ed "",""T"",""exas "",""cit"",""iz en s"","" "",""t"",""hat "",""s te ps "",""were "",""being "",""t"",""ak en  "",""t"",""o "",""pro te"",""ct"","" "",""t"",""he "",""public"",""'"",""s "",""safet"",""y.""]",41
169,dev,169,"Perry specifically said, ""There are few places in the world better equipped to meet the challenge that is posed in this case.""","[""P"",""er"",""r"",""y "",""specific"",""all"",""y "",""said, "",""\"""",""T"",""here "",""are "",""few "",""plac es  "",""in "",""t"",""he "",""wor"",""ld "",""bet"",""te r "",""equipped"","" "",""t"",""o "",""meet "",""t"",""he "",""chall"",""en ge "",""t"",""hat "",""is "",""posed "",""in "",""t"",""hi s "",""case.\""""]",38
170,dev,170,"The governor also stated, ""Today, we learned that some school aged children have been identified as having had contact with the patient.""","[""T"",""he "",""governor"","" "",""also "",""st"",""a te d, "",""\"""",""T"",""oday, "",""we "",""learned "",""t"",""hat "",""som"",""e "",""school"","" "",""aged "",""c hi ldr"",""en  "",""have "",""be en  "",""id en t"",""ified "",""as "",""having "",""had "",""cont"",""act "",""wit"",""h "",""t"",""he "",""pat"",""i en t.\""""]",36
171,dev,171,"He went on to say, ""This case is serious. Rest assured that our system is working as well as it should.""","[""H"",""e "",""w en t"","" "",""on "",""t"",""o "",""say, "",""\"""",""T"",""hi s "",""case "",""is "",""ser"",""ious. "",""R es t"","" "",""ass"",""ured "",""t"",""hat "",""our "",""sys te m"","" "",""is "",""wor"",""king "",""as "",""well"","" "",""as "",""it "",""should"","".\""""]",34
172,dev,172,"If confirmed, the find completes Allen's eight-year search for the Musashi.","[""If conf"",""irmed"","", "",""t"",""he "",""fin"",""d "",""comp"",""l"",""e te s "",""All"",""en '"",""s "",""eight"",""-"",""year"","" "",""search"","" "",""for"","" "",""t"",""he "",""Musas hi.""]",24
173,dev,173,Following seabed mapping the wreck was found using an ROV.,"[""F"",""ol"",""l"",""owin"",""g "",""seab"",""ed "",""mappin"",""g "",""t"",""he "",""wreck "",""was "",""found"","" "",""using "",""an "",""ROV.""]",18
174,dev,174,"One of the world's richest people, Allen has reportedly invested much of his wealth in marine exploration and began his quest to find the Musashi out of a lifelong interest in the war.","[""On"",""e "",""of "",""t"",""he "",""wor"",""ld'"",""s "",""rich es t"","" "",""people, "",""All"",""en  "",""has "",""repor te"",""dl"",""y "",""inv es te d "",""much"","" "",""of "",""hi s "",""wealt"",""h "",""in "",""mar"",""ine "",""explorat"",""ion"","" "",""and "",""began "",""hi s "",""qu es t"","" "",""t"",""o "",""fin"",""d "",""t"",""he "",""Musas hi  "",""out"","" "",""of "",""a "",""lifel"",""ong "",""in te r"",""es t"","" "",""in "",""t"",""he "",""war.""]",55
175,dev,175,She gained critical acclaim during her time in Atlanta and was recognized for innovative urban education.,"[""S"",""he "",""gained "",""crit"",""ical "",""accl"",""aim "",""dur"",""ing "",""her"","" "",""t"",""ime "",""in "",""At"",""lanta "",""and "",""was "",""recog"",""nized "",""for"","" "",""innovative "",""urban "",""educat"",""ion"","".""]",27
176,dev,176,In 2009 she was awarded the title of National Superintendent of the Year.,"[""In "",""2009 "",""she "",""was "",""awar"",""ded "",""t"",""he "",""t"",""itle "",""of "",""Nat"",""ional "",""Super"",""in te nd en t"","" "",""of "",""t"",""he "",""Year.""]",20
177,dev,177,"At the time of the award, Atlanta schools had seen a large improvement on test scores.","[""At"","" "",""t"",""he "",""t"",""ime "",""of "",""t"",""he "",""awar"",""d, "",""At"",""lant"",""a "",""school"",""s "",""had "",""se en  "",""a "",""lar"",""ge "",""impr"",""ovem en t"","" "",""on "",""te st"","" "",""scor es.""]",28
178,dev,178,"Shortly after, The Atlanta Journal-Constitution published a report showing problems with test results.","[""S"",""hor"",""t"",""ly "",""af te r"","", "",""T"",""he "",""At"",""lant"",""a "",""Journ"",""al-"",""Const"",""itution"","" "",""published "",""a "",""report"","" "",""show"",""ing "",""problem"",""s "",""wit"",""h "",""te st"","" "",""r es ult"",""s.""]",30
179,dev,179,"The report showed test scores had increased implausibly fast, and alleged the school internally detected problems but didn't act on the findings.","[""T"",""he "",""report"","" "",""show"",""ed "",""te st"","" "",""scor es  "",""had "",""incr"",""ease"",""d "",""implausib"",""ly "",""fast"","", "",""and "",""all"",""eged "",""t"",""he "",""school"","" "",""in te r"",""nall"",""y "",""de te c te d "",""problem"",""s "",""but"","" "",""didn't"","" "",""act"","" "",""on "",""t"",""he "",""fin"",""din"",""gs.""]",42
180,dev,180,"Evidence thereafter indicated test papers were tampered with Hall, along with 34 other education officials, was indicted in 2013.","[""E"",""v"",""id"",""en c"",""e "",""t"",""hereaf te r"","" "",""indica te d "",""te st"","" "",""paper"",""s "",""were "",""t"",""ampered "",""wit"",""h "",""Hal"",""l"","", "",""alon"",""g "",""wit"",""h "",""34 "",""ot"",""her "",""educat"",""ion"","" "",""off"",""icial"",""s, "",""was "",""indic te d "",""in "",""2013.""]",38
181,dev,181,The Irish government is stressing the urgency of parliamentary legislation to rectify the situation.,"[""T"",""he "",""Irish "",""governm en t"","" "",""is "",""st"",""r es sing "",""t"",""he "",""urg en cy "",""of "",""parl"",""iam en t"",""ary "",""legisl"",""at"",""ion"","" "",""t"",""o "",""rect"",""ify "",""t"",""he "",""sit"",""uation"","".""]",28
182,dev,182,"""It is now important from both a public health and criminal justice perspective that the legislation be enacted as soon as possible"", said a government spokesperson.","[""\"""",""It"","" is "",""now "",""import"",""ant "",""from "",""bot"",""h "",""a "",""public"","" "",""healt"",""h "",""and "",""crimin"",""al "",""just"",""ice "",""perspect"",""ive "",""t"",""hat "",""t"",""he "",""legisl"",""at"",""ion"","" "",""be "",""en ac te d "",""as "",""soon"","" "",""as "",""possib"",""le\"""","", "",""said "",""a "",""governm en t"","" "",""spok es per"",""son"","".""]",45
183,dev,183,"The Health Minister expressed concern both for the welfare of individuals taking advantage of the temporary legality of the substances involved, and for drug-related convictions handed down since the now-unconstitutional changes came into effect.","[""T"",""he "",""Healt"",""h "",""Min"",""is te r"","" "",""expr"",""es sed "",""conc"",""er"",""n "",""bot"",""h "",""for"","" "",""t"",""he "",""welfare "",""of "",""individual"",""s "",""t"",""aking "",""adv"",""ant"",""age "",""of "",""t"",""he "",""te mporary "",""legalit"",""y "",""of "",""t"",""he "",""sub"",""st"",""anc es  "",""invol"",""ved, "",""and "",""for"","" "",""d ru g-"",""rel"",""a te d "",""conv"",""ictions "",""hand"",""ed "",""down"","" "",""sin"",""ce "",""t"",""he "",""now-"",""unconst"",""itution"",""al "",""chang es  "",""came "",""int"",""o "",""effect"","".""]",67
184,dev,184,Jarque was practicing during pre-season training at Coverciano in Italy earlier in the day. He was staying in the team hotel ahead of a match planned for Sunday against Bolonia.,"[""Jar"",""qu"",""e "",""was "",""pract"",""icing "",""during "",""pre-"",""season"","" "",""t"",""raining "",""at"","" "",""Cover"",""cian"",""o "",""in "",""Italy "",""earl"",""ier "",""in "",""t"",""he "",""day. "",""He "",""was "",""st"",""aying "",""in "",""t"",""he "",""te am "",""ho te l "",""ahead "",""of "",""a "",""mat"",""ch "",""plan"",""n"",""ed "",""for"","" "",""Sun"",""day "",""against"","" "",""Bol"",""on"",""ia.""]",51
185,dev,185,He was staying in the team hotel ahead of a match planned for Sunday against Bolonia.,"[""H"",""e "",""was "",""st"",""aying "",""in "",""t"",""he "",""te am "",""ho te l "",""ahead "",""of "",""a "",""mat"",""ch "",""plan"",""n"",""ed "",""for"","" "",""Sun"",""day "",""against"","" "",""Bol"",""on"",""ia.""]",27
186,dev,186,The bus was headed to Six Flags St. Louis in Missouri for the band to play to a sold-out crowd.,"[""T"",""he "",""bus "",""was "",""headed "",""t"",""o "",""Six "",""Flags "",""St"","". "",""Louis "",""in "",""Miss"",""our"",""i "",""for"","" "",""t"",""he "",""band "",""t"",""o "",""play "",""t"",""o "",""a "",""sol"",""d-"",""out"","" "",""crowd.""]",32
187,dev,187,"At 1:15 a.m. Saturday, according to witnesses, the bus was going through a green light when the car made a turn in front of it.","[""At"","" "",""1:1"",""5 "",""a.m"","". "",""Sat"",""urday, "",""accor"",""din"",""g "",""t"",""o "",""wit"",""n es s"",""es, "",""t"",""he "",""bus "",""was "",""going "",""t"",""hrough"","" "",""a "",""gre en  "",""light"","" "",""wh en  "",""t"",""he "",""car"","" "",""made "",""a "",""t"",""urn "",""in "",""front"","" "",""of "",""it.""]",42
188,dev,188,"As of the night of August 9, the eye of Morakot was about seventy kilometres away from the Chinese province of Fujian.","[""As"","" of "",""t"",""he "",""night"","" "",""of "",""August"","" "",""9, "",""t"",""he "",""eye "",""of "",""Mor"",""akot "",""was "",""about"","" "",""sev en t"",""y "",""kilomet"",""r es  "",""away "",""from "",""t"",""he "",""C hi n es e "",""prov"",""ince "",""of "",""Fujian"","".""]",33
189,dev,189,The typhoon is estimated to be moving toward China at eleven kph.,"[""T"",""he "",""t"",""yphoon"","" "",""is "",""es t"",""ima te d "",""t"",""o "",""be "",""moving "",""t"",""oward "",""C hi na "",""at"","" "",""elev en  "",""kph.""]",19
190,dev,190,Passengers were given water as they waited in 90(F)-degree heat.,"[""P"",""ass"",""en g"",""er"",""s "",""wer"",""e "",""giv en  "",""wa te r "",""as "",""t"",""hey "",""wai te d "",""in "",""90("",""F"","")"",""-"",""degree "",""heat"","".""]",21
191,dev,191,"Fire captain Scott Kouns said, ""It was a hot day in the Santa Clara with temperatures in the 90s.","[""F"",""ir"",""e "",""cap"",""t"",""ain "",""Scot"",""t "",""Kouns "",""said, "",""\"""",""It was "",""a "",""hot"","" "",""day "",""in "",""t"",""he "",""Sant"",""a "",""Clar"",""a "",""wit"",""h "",""te mper"",""atur es  "",""in "",""t"",""he "",""90s.""]",31
192,dev,192,"Any length of time trapped on a roller coaster would be uncomfortable, to say the least, and it took at least an hour to get the first person off the ride.""","[""An"",""y "",""l en gt"",""h "",""of "",""t"",""ime "",""t"",""rapped"","" "",""on "",""a "",""roller "",""coas te r"","" "",""would"","" "",""be "",""uncomfor"",""t"",""able, "",""t"",""o say "",""t"",""he "",""least"","", "",""and "",""it "",""t"",""ook "",""at"","" "",""least"","" "",""an "",""hour "",""t"",""o "",""get "",""t"",""he "",""first"","" "",""person"","" "",""off"","" "",""t"",""he "",""ride.\""""]",51
193,dev,193,"Schumacher who retired in 2006 after winning the Formula 1 championship seven times, was due to replace the injured Felipe Massa.","[""S"",""c"",""hum"",""ach"",""er"","" "",""who "",""ret"",""ired "",""in "",""200"",""6 "",""af te r"","" "",""win"",""n"",""ing "",""t"",""he "",""For"",""mula "",""1 "",""champ"",""ion"",""s hi"",""p "",""sev en  "",""t"",""im es, "",""was "",""due "",""t"",""o "",""repl"",""ace "",""t"",""he "",""injured "",""Fel"",""ipe "",""Mass"",""a.""]",42
194,dev,194,The Brazilian suffered a serious head injury after a crash during the 2009 Hungarian Grand Prix.,"[""T"",""he "",""Brazilian"","" "",""suffered "",""a "",""ser"",""ious "",""head "",""injur"",""y "",""af te r"","" "",""a "",""crash "",""during "",""t"",""he "",""200"",""9 "",""Hungarian"","" "",""Gran"",""d"","" "",""Prix.""]",26
195,dev,195,Massa is due to be out for at least the rest of the 2009 season.,"[""M"",""as"",""s"",""a "",""is "",""due "",""t"",""o "",""be "",""out"","" "",""for"","" "",""at"","" "",""least"","" "",""t"",""he "",""r es t"","" "",""of "",""t"",""he "",""2009 "",""season"","".""]",27
196,dev,196,"Arias tested positive for a mild case of the virus, Presidential Minister Rodrigo Arias said.","[""Ar"",""ias "",""te s te d "",""posit"",""ive "",""for"","" "",""a "",""mil"",""d "",""case "",""of "",""t"",""he "",""vi ru s, "",""Pr es id"",""en t"",""ial "",""Min"",""is te r"","" "",""Rodrig"",""o "",""Arias "",""said.""]",25
197,dev,197,"The president's condition is stable, though he will be isolated at home for several days.","[""T"",""he "",""pr es id en t"",""'s "",""condit"",""ion"","" "",""is "",""st"",""able, "",""t"",""hough"","" "",""he "",""will"","" "",""be "",""isol"",""a te d "",""at"","" "",""hom"",""e "",""for"","" "",""sever"",""al "",""days.""]",28
198,dev,198,"""Apart from the fever and a sore throat, I feel well and in good shape to carry out my work by telecommuting.","[""\"""",""Apar"",""t"","" "",""from "",""t"",""he "",""fever"","" "",""and "",""a "",""sor"",""e "",""t"",""hroat, "",""I "",""feel"","" "",""well"","" "",""and "",""in "",""good"","" "",""shape "",""t"",""o "",""car"",""ry "",""out"","" "",""my "",""wor"",""k "",""by "",""te lecomm"",""uting.""]",37
199,dev,199,"I expect to return to all my duties on Monday,"" Arias said in a statement.","[""I "",""expect"","" "",""t"",""o "",""ret"",""urn "",""t"",""o "",""all"","" "",""my "",""dut"",""i es  "",""on "",""Mon"",""day,\"""","" "",""Arias "",""said "",""in "",""a "",""st"",""a te m en t"","".""]",25
200,dev,200,"Felicia, once a Category 4 storm on the Saffir-Simpson Hurricane Scale, weakened to a tropical depression before dissipating Tuesday.","[""F"",""el"",""ic"",""ia, "",""onc"",""e "",""a "",""Ca te gory "",""4 "",""st"",""orm "",""on "",""t"",""he "",""Saff"",""ir-"",""Sim"",""pson"","" "",""Hur"",""rican"",""e "",""Scale, "",""weak"",""en ed "",""t"",""o "",""a "",""t"",""ropical "",""depr es sion"","" "",""befor"",""e "",""diss"",""ip"",""at"",""ing "",""T"",""u es d"",""ay.""]",41
201,dev,201,"Its remnants produced showers across most of the islands, though as of yet, no damage or flooding has been reported.","[""It"",""s "",""rem"",""nant"",""s "",""produc"",""ed "",""show"",""ers "",""acr"",""oss "",""most"","" "",""of "",""t"",""he "",""isl"",""ands"","", "",""t"",""hough"","" "",""as "",""of "",""yet"","", "",""no "",""damag"",""e "",""or "",""flood"",""in"",""g "",""has "",""be en  "",""repor te"",""d.""]",37
202,dev,202,"The precipitation, reaching 6.34 inches at a gauge on Oahu, was described as ""beneficial"".","[""T"",""he "",""preci"",""p"",""it"",""ation"","", "",""reac hi ng "",""6.3"",""4 "",""inch es  "",""at"","" "",""a "",""gauge "",""on "",""Oahu, "",""was "",""d es c"",""ribed "",""as "",""\"""",""b en eficial"",""\"".""]",24
203,dev,203,Some of the rainfall was accompanied by thunderstorms and frequent lightning.,"[""S"",""om"",""e "",""of "",""t"",""he "",""rainfall"","" "",""was "",""accomp"",""an"",""ied "",""by "",""t"",""hunder"",""st"",""orms "",""and "",""fr"",""equ en t"","" "",""light"",""ning.""]",23
204,dev,204,"The Twin Otter had been trying to land at Kokoda yesterday as Airlines PNG Flight CG4684, but had aborted once already.","[""T"",""he "",""T"",""win "",""Ot"",""te r "",""had "",""be en  "",""t"",""rying "",""t"",""o "",""land "",""at"","" "",""Kokoda "",""y es te r"",""day "",""as "",""Airl"",""in"",""es  "",""PNG "",""Flight"","" "",""CG4684, "",""but"","" "",""had "",""abor"",""te d "",""onc"",""e "",""alread"",""y.""]",35
205,dev,205,About ten minutes before it was due to land from its second approach it disapeared.,"[""Ab"",""out"","" "",""te n "",""min"",""u te s "",""befor"",""e "",""it "",""was "",""due "",""t"",""o "",""land "",""from "",""its "",""second"","" "",""appr"",""oach "",""it "",""disapeared.""]",22
206,dev,206,The crash site was located today and is so inaccessable that two policemen were dropped into the jungle in order to hike to the scene and seek survivors.,"[""T"",""he "",""crash "",""si te  "",""was "",""loca te d "",""t"",""oday "",""and "",""is "",""so "",""inacc es s"",""ab"",""le "",""t"",""hat "",""t"",""wo "",""pol"",""icem en  "",""were "",""dropped"","" "",""int"",""o "",""t"",""he "",""jungl"",""e "",""in "",""order"","" "",""t"",""o "",""hi ke "",""t"",""o "",""t"",""he "",""sc en e "",""and "",""see"",""k "",""sur"",""viv"",""or"",""s.""]",47
207,dev,207,The search had been hampered by the same bad weather that had caused the aborted landing.,"[""T"",""he "",""search"","" "",""had "",""be en  "",""hamp"",""er"",""ed "",""by "",""t"",""he "",""same "",""bad "",""weat"",""her "",""t"",""hat "",""had "",""cause"",""d "",""t"",""he "",""abor"",""te d "",""landing.""]",26
208,dev,208,"According to reports, an apartment on Macbeth Street exploded due to a gas leak.","[""Ac"",""c"",""or"",""din"",""g "",""t"",""o "",""report"",""s, "",""an "",""apar"",""t"",""m en t"","" "",""on "",""Macbet"",""h "",""St"",""reet"","" "",""exploded "",""due "",""t"",""o "",""a "",""gas "",""leak.""]",27
209,dev,209,An official with the gas company was reporting to the scene after a neighbor called about a gas leak.,"[""An"","" "",""off"",""icial"","" "",""wit"",""h "",""t"",""he "",""gas "",""comp"",""any "",""was "",""report"",""ing "",""t"",""o "",""t"",""he "",""sc en e "",""af te r"","" "",""a "",""neighb"",""or"","" "",""call"",""ed "",""about"","" "",""a "",""gas "",""leak.""]",33
210,dev,210,"When the official arrived, the apartment exploded.","[""W"",""h en  "",""t"",""he "",""off"",""icial"","" "",""arr"",""ived, "",""t"",""he "",""apar"",""t"",""m en t"","" "",""exploded.""]",16
211,dev,211,"No major injuries were reported, but at least five people on scene at the time of the explosion were treated for symptoms of shock.","[""N"",""o "",""major"","" "",""injur"",""i es  "",""were "",""rep"",""or te"",""d, "",""but"","" "",""at"","" "",""least"","" "",""five "",""people "",""on "",""sc en e "",""at"","" "",""t"",""he "",""t"",""ime "",""of "",""t"",""he "",""explosion"","" "",""were "",""t"",""rea te d "",""for"","" "",""sym"",""pt"",""oms "",""of "",""shock.""]",41
212,dev,212,No one was inside the apartment.,"[""N"",""o "",""one "",""was "",""inside "",""t"",""he "",""apar"",""t"",""m en t"","".""]",11
213,dev,213,"At the time, nearly 100 residents were evacuated from the area.","[""At"","" "",""t"",""he "",""t"",""ime, "",""near"",""l"",""y "",""100 "",""r es id en t"",""s "",""were "",""evacua te"",""d "",""fr"",""om "",""t"",""he "",""area.""]",20
214,dev,214,Both golf and rugby are set to return to the Olympic Games.,"[""B"",""ot"",""h "",""gol"",""f "",""and "",""ru gby "",""are "",""set"","" "",""t"",""o "",""ret"",""urn "",""t"",""o "",""t"",""he "",""Olymp"",""ic "",""Gam es.""]",21
215,dev,215,"The International Olympic Committee voted to include the sports at its executive board meeting in Berlin today. Rugby, specifically rugby union, and golf were selected over five other sports to be considered to participate in the Olympics.","[""T"",""he "",""In te r"",""nat"",""ion"",""al "",""Olymp"",""ic "",""Comm"",""it te e "",""vo te d "",""t"",""o "",""incl"",""ude "",""t"",""he "",""sport"",""s "",""at"","" "",""its "",""execut"",""ive "",""board"","" "",""meet"",""ing "",""in "",""Ber"",""lin "",""t"",""oday. "",""R"",""ugby, "",""specific"",""all"",""y "",""ru gby "",""union"","", "",""and "",""gol"",""f "",""were "",""sel"",""ec te d "",""over"","" "",""five "",""ot"",""her "",""sport"",""s "",""t"",""o "",""be "",""consider"",""ed "",""t"",""o "",""part"",""icipa te  "",""in "",""t"",""he "",""Olymp"",""ics.""]",68
216,dev,216,"Squash, karate and roller sports tried to get onto the Olympic program as well as baseball and softball, which were voted out of the Olympic Games in 2005.","[""S"",""qu"",""ash, "",""kara te  "",""and "",""roll"",""er "",""sport"",""s "",""t"",""ried "",""t"",""o "",""get "",""ont"",""o "",""t"",""he "",""Olymp"",""ic "",""program"","" "",""as "",""well"","" "",""as "",""baseball"","" "",""and "",""soft"",""ball"","", "",""w hi ch "",""were "",""vo te d "",""out"","" "",""of "",""t"",""he "",""Olymp"",""ic "",""Gam es  "",""in "",""2005.""]",45
217,dev,217,The vote must still be ratified by the full IOC at it's October meeting in Copenhagen.,"[""T"",""he "",""vo te  "",""must"","" "",""st"",""ill "",""be "",""rat"",""ified "",""by "",""t"",""he "",""full"","" "",""IOC "",""at"","" "",""it's "",""Oct"",""ober "",""meeting "",""in "",""Cop"",""en hag en.""]",25
218,dev,218,Not all were supportive of the inclusion of the women’s ranks.,"[""N"",""ot"","" "",""all"","" "",""were "",""support"",""ive "",""of "",""t"",""he "",""incl"",""usion"","" "",""of "",""t"",""he "",""wom en ’"",""s "",""ranks.""]",20
219,dev,219,"2004 Olympic silver medallist Amir Khan said, ""Deep down I think women shouldn’t fight. That’s my opinion.""","[""2004 "",""Olymp"",""ic "",""sil"",""ver"","" "",""med"",""all"",""ist"","" "",""Amir"","" "",""Khan "",""said, "",""\"""",""Deep "",""down"","" "",""I "",""t"",""hi nk "",""wom en  "",""should"",""n"",""’t"","" "",""fight"","". "",""T"",""hat’"",""s "",""my "",""opinion"","".\""""]",34
220,dev,220,Despite his comments he said he will be supporting the British competitors at the 2012 Olympics being held in London.,"[""D"",""es pi te  "",""hi s "",""comm"",""en t"",""s "",""he "",""said "",""he "",""will"","" "",""be "",""support"",""ing "",""t"",""he "",""Brit"",""ish "",""comp"",""etit"",""ors "",""at"","" "",""t"",""he "",""2012 "",""Olymp"",""ics "",""being "",""hel"",""d "",""in "",""London"","".""]",34
221,dev,221,The trial took place at Birmingham Crown Court and concluded on August 3.,"[""T"",""he "",""t"",""rial "",""t"",""ook "",""place "",""at"","" "",""Birmin"",""gham "",""Crown "",""Cour"",""t"","" "",""and "",""conc"",""luded "",""on "",""August"","" "",""3.""]",22
222,dev,222,"The presenter, who was arrested at the scene, denied the attack and claimed he used the pole to protect himself from bottles being thrown at him by up to thirty people.","[""T"",""he "",""pr es en te r"","", "",""who "",""was "",""arr"",""es te d "",""at"","" "",""t"",""he "",""sc en e, "",""d en ied"","" "",""t"",""he "",""at"",""t"",""ack "",""and "",""claimed "",""he "",""used "",""t"",""he "",""pol"",""e "",""t"",""o "",""pro te"",""ct"","" "",""hi msel"",""f "",""from "",""bot"",""tl es  "",""being "",""t"",""hrown "",""at"","" "",""hi m "",""by "",""up "",""t"",""o "",""t"",""hi rty "",""people.""]",51
223,dev,223,Blake was also convicted of attempting to pervert the course of justice.,"[""B"",""l"",""ak"",""e "",""was "",""also "",""conv"",""ic te d "",""of "",""at"",""te mpting "",""t"",""o "",""perver"",""t"","" "",""t"",""he "",""cour"",""se "",""of "",""just"",""ice.""]",23
224,dev,224,"The judge told Blake it was ""almost inevitable"" he was going to be sent to jail.","[""T"",""he "",""judge "",""t"",""old "",""Blak"",""e "",""it "",""was "",""\"""",""almost"","" "",""inevit"",""ab"",""le\"""","" "",""he "",""was "",""going "",""t"",""o "",""be "",""s en t"","" "",""t"",""o "",""jail.""]",27
225,dev,225,Dark energy is a completely invisible force that is constantly acting upon the universe.,"[""D"",""ark "",""en er"",""gy "",""is "",""a "",""comp"",""l"",""e te l"",""y "",""invisib"",""le "",""for"",""ce "",""t"",""hat "",""is "",""const"",""ant"",""ly "",""act"",""ing "",""upon "",""t"",""he "",""univer"",""se.""]",27
226,dev,226,Its existence is known only because of its effects on the expansion of the universe.,"[""It"",""s "",""exis te n"",""ce "",""is "",""known "",""only "",""because"","" "",""of "",""its "",""effect"",""s "",""on "",""t"",""he "",""expansion"","" "",""of "",""t"",""he "",""univer"",""se.""]",23
227,dev,227,Scientists have discovered landforms littered across the moon's surface called lobate scarps that have apparently resulted from the moon's shrinking very slowly.,"[""S"",""c"",""i en t"",""ist"",""s "",""have "",""disc"",""over"",""ed "",""landf"",""or"",""ms "",""lit"",""te red "",""acr"",""oss "",""t"",""he "",""moon'"",""s "",""sur"",""face "",""call"",""ed "",""loba te  "",""scarps "",""t"",""hat "",""have "",""appar"",""en t"",""ly "",""r es ul te d "",""fr"",""om "",""t"",""he "",""moon'"",""s "",""shrin"",""king "",""ver"",""y "",""slowly.""]",44
228,dev,228,"These scarps were found all over the moon and appear to be minimally weathered, indicating that the geologic events that created them were fairly recent.","[""T"",""h es e "",""scarps "",""were "",""found"","" "",""all"","" "",""over"","" "",""t"",""he "",""moon "",""and "",""appear "",""t"",""o "",""be "",""min"",""imall"",""y "",""weat"",""hered, "",""indicating "",""t"",""hat "",""t"",""he "",""geol"",""og"",""ic "",""ev en t"",""s "",""t"",""hat "",""crea te d "",""t"",""hem "",""were "",""fairl"",""y "",""rec en t"","".""]",43
229,dev,229,This theory contradicts the claim that the moon is completely devoid of geologic activity.,"[""T"",""hi s "",""t"",""heory "",""cont"",""radicts "",""t"",""he "",""claim "",""t"",""hat "",""t"",""he "",""moon "",""is "",""comp"",""l"",""e te l"",""y "",""devoid "",""of "",""geol"",""og"",""ic "",""act"",""ivity.""]",26
230,dev,230,The man allegedly drove a three-wheeled vehicle armed with explosives into a crowd.,"[""T"",""he "",""man"","" "",""all"",""egedl"",""y "",""drove "",""a "",""t"",""hree-"",""wheel"",""ed "",""ve hi cl"",""e "",""armed "",""wit"",""h "",""explosiv"",""es  "",""int"",""o "",""a "",""crowd.""]",24
231,dev,231,"The man suspected of detonating the bomb was detained, after sustaining injuries from the blast.","[""T"",""he "",""man"","" "",""susp"",""ec te d "",""of "",""det"",""onating "",""t"",""he "",""bomb"","" "",""was "",""det"",""ained, "",""af te r"","" "",""sust"",""aining "",""injuri es  "",""from "",""t"",""he "",""blast"","".""]",26
232,dev,232,"His name is still unknown to authorities, although they do know he is a member of the Uighur ethnic group.","[""H"",""is "",""name "",""is "",""st"",""ill "",""unkn"",""own"","" "",""t"",""o "",""aut"",""horit"",""i es, "",""alt"",""hough"","" "",""t"",""hey "",""do "",""know "",""he "",""is "",""a "",""member"","" "",""of "",""t"",""he "",""Uighur "",""et"",""hnic "",""group.""]",33
233,dev,233,"Nadia, born on September 17, 2007, by Cesarean section at a maternity clinic in Aleisk, Russia, weighed in at a massive 17 pounds 1 ounce.","[""N"",""adia, "",""bor"",""n "",""on "",""Sep te mber"","" "",""17, "",""200"",""7, "",""by "",""C es ar"",""ean"","" "",""sect"",""ion "",""at"","" "",""a "",""ma te rnit"",""y "",""clinic"","" "",""in "",""Aleisk, "",""Russ"",""ia, "",""weighed "",""in "",""at"","" "",""a "",""mass"",""ive "",""17 "",""pound"",""s "",""1 "",""ounce.""]",39
234,dev,234,"""We were all simply in shock,"" the mother stated.","[""\"""",""W"",""e "",""were "",""all"","" "",""sim"",""ply "",""in "",""shock,\"""","" "",""t"",""he "",""mot"",""her "",""st"",""a te d.""]",17
235,dev,235,"When asked what the father said, she answered ""He couldn't say a thing - he just stood there blinking.""","[""W"",""h en  "",""asked "",""what"","" "",""t"",""he "",""fat"",""her "",""said, "",""she "",""answered "",""\"""",""H"",""e "",""could"",""n't"","" "",""say "",""a "",""t"",""hi ng "",""- "",""he "",""just"","" "",""st"",""ood "",""t"",""here "",""blinking.\""""]",31
236,dev,236,"""It's going to behave like water. It's transparent just the way water is.","[""\"""",""It"",""'s "",""going "",""t"",""o "",""behave "",""like "",""wa te r. "",""It'"",""s "",""t"",""ransp"",""ar en t"","" "",""just"","" "",""t"",""he "",""way "",""wa te r "",""is.""]",22
237,dev,237,"So if you were standing by the shoreline, you would be able to see down to whatever pebbles or gunk that was on the bottom.","[""S"",""o "",""if you "",""were "",""st"",""anding "",""by "",""t"",""he "",""shorel"",""ine, "",""you "",""would"","" "",""be "",""able "",""t"",""o "",""see"","" "",""down"","" "",""t"",""o "",""wha te ver"","" "",""pebbl es  "",""or "",""gun"",""k "",""t"",""hat "",""was "",""on "",""t"",""he "",""bot"",""tom.""]",38
238,dev,238,"As far as we know, there is only one planetary body that displays more dynamism than Titan, and its name is Earth,"" added Stofan.","[""As"","" far"","" "",""as "",""we know, "",""t"",""here "",""is "",""only "",""one "",""plan"",""et"",""ary "",""body "",""t"",""hat "",""disp"",""lays "",""mor"",""e "",""dyn"",""amism "",""t"",""han "",""T"",""it"",""an, "",""and "",""its "",""name "",""is "",""Eart"",""h,\"""","" "",""add"",""ed "",""St"",""ofan.""]",38
239,dev,239,The issue started on January 1st when dozens of local residents started complaining to the Obanazawa Post Office that they hadn't received their traditional and regular New Year cards.,"[""T"",""he "",""iss"",""ue "",""st"",""ar te d "",""on "",""Jan"",""uary "",""1st"","" "",""wh en  "",""doz en s "",""of "",""local"","" "",""r es id en t"",""s "",""st"",""ar te d "",""comp"",""l"",""aining "",""t"",""o "",""t"",""he "",""Obanazaw"",""a "",""Post"","" "",""Off"",""ice "",""t"",""hat "",""t"",""hey "",""hadn't"","" "",""recei"",""ved "",""t"",""heir "",""t"",""radition"",""al "",""and "",""regul"",""ar "",""New "",""Year "",""car"",""ds.""]",53
240,dev,240,"Yesterday, the post office released their apology to citizens and the media after discovering that the boy had hidden more than 600 postal documents, including 429 New Year postcards, which weren't delivered to their intended recipients.","[""Y"",""es te r"",""d"",""ay, "",""t"",""he "",""post"","" "",""off"",""ice "",""rel"",""ease"",""d "",""t"",""heir "",""apology "",""t"",""o "",""cit"",""iz en s "",""and "",""t"",""he "",""med"",""ia "",""af te r"","" "",""disc"",""over"",""ing "",""t"",""hat "",""t"",""he "",""boy "",""had "",""hi dd en  "",""mor"",""e "",""t"",""han "",""600 "",""post"",""al "",""docum en t"",""s, "",""incl"",""udin"",""g "",""429 "",""New "",""Year "",""post"",""card"",""s, "",""w hi ch "",""wer en 't"","" "",""deliver"",""ed "",""t"",""o "",""t"",""heir "",""in te nded "",""reci"",""p"",""i en t"",""s.""]",69
241,dev,241,"The unmanned lunar orbiter Chandrayaan-1 ejected its Moon Impact Probe (MIP), which hurtled across the surface of the Moon at 1.5 kilometres per second (3000 miles per hour), and successfully crash landed near the Moon's south pole.","[""T"",""he "",""unman"",""ned "",""lunar "",""orbi te r"","" "",""Chandr"",""ayaan"",""-"",""1 "",""ejec te d "",""its "",""Moon "",""Impact"","" "",""Probe "",""(MIP)"","", "",""w hi ch "",""hurt"",""led "",""acr"",""oss "",""t"",""he "",""sur"",""face "",""of "",""t"",""he "",""Moon "",""at"","" "",""1.5"","" "",""kilomet"",""r es  "",""per "",""second"","" "",""(3000 "",""mil"",""es  "",""per "",""hour), "",""and "",""succ es s"",""full"",""y "",""crash "",""landed "",""near"","" "",""t"",""he "",""Moon'"",""s "",""sout"",""h "",""pol"",""e.""]",62
242,dev,242,"Besides carrying three important scientific instruments, the lunar probe also carried the image of the Indian national flag, painted on all sides.","[""B"",""es id"",""es  "",""car"",""rying "",""t"",""hree "",""import"",""ant "",""sci en t"",""ific "",""inst"",""ru m en t"",""s, "",""t"",""he "",""lunar "",""probe "",""also "",""car"",""ried "",""t"",""he "",""imag"",""e "",""of "",""t"",""he "",""Indian"","" "",""nat"",""ion"",""al "",""flag, "",""pain te d "",""on "",""all"","" "",""sid es.""]",39
243,dev,243,"""Thanks for those who supported a convict like me,"" Siriporn was quoted as saying at a press conference.","[""\"""",""T"",""hanks "",""for"","" "",""t"",""hose "",""who "",""suppor te"",""d "",""a "",""conv"",""ict "",""like "",""me,\"""","" "",""Sir"",""iporn "",""was "",""quo te d "",""as "",""saying "",""at"","" "",""a "",""pr es s "",""conf"",""er en ce.""]",28
244,dev,244,"""Some may not agree but I don't care.","[""\"""",""Som"",""e "",""may "",""not"","" "",""agree "",""but"","" "",""I "",""don't"","" "",""car"",""e.""]",14
245,dev,245,I am happy that there are people willing to support me.,"[""I "",""am "",""happy "",""t"",""hat "",""t"",""here "",""are "",""people "",""will"",""ing "",""t"",""o "",""support"","" "",""me.""]",16
246,dev,246,"Since Pakistani independence from British rule in 1947, the Pakistani President has appointed ""Political Agents"" to govern FATA, who exercise near-complete autonomous control over the areas.","[""S"",""in"",""ce "",""Pakist"",""ani "",""indep en d en c"",""e "",""fr"",""om "",""Brit"",""ish "",""ru le "",""in "",""1947, "",""t"",""he "",""Pakist"",""ani "",""Pr es id"",""en t"","" "",""has "",""appoin te"",""d "",""\"""",""Pol"",""it"",""ical "",""Ag en t"",""s\"""","" "",""t"",""o "",""govern "",""FAT"",""A, "",""who "",""exer"",""cise "",""near"",""-"",""comp"",""l"",""e te  "",""aut"",""onom"",""ous "",""cont"",""rol "",""over"","" "",""t"",""he "",""areas.""]",54
247,dev,247,These agents are responsible for providing government and judicial services under Article 247 of the Pakistani Constitution.,"[""T"",""h es e "",""ag en t"",""s "",""are "",""r es pon"",""sib"",""le "",""for"","" "",""prov"",""id"",""ing "",""governm en t"","" "",""and "",""judicial"","" "",""ser"",""vic es  "",""under"","" "",""Art"",""icle "",""247 "",""of "",""t"",""he "",""Pakist"",""ani "",""Const"",""itution"","".""]",33
248,dev,248,"A hostel collapsed in Mecca, the holy city of Islam at about 10 o'clock this morning local time.","[""A "",""hos te l "",""col"",""l"",""apsed "",""in "",""Mecca, "",""t"",""he "",""hol"",""y "",""cit"",""y "",""of "",""Isl"",""am "",""at"","" "",""about"","" "",""10 "",""o'clock "",""t"",""hi s "",""mor"",""ning "",""local"","" "",""t"",""ime.""]",30
249,dev,249,The building housed a number of pilgrims who came to visit the holy city at the eve of hajj pilgrimage.,"[""T"",""he "",""build"",""in"",""g "",""house"",""d "",""a "",""number"","" "",""of "",""pilgrim"",""s "",""who "",""came "",""t"",""o "",""visit"","" "",""t"",""he "",""hol"",""y "",""cit"",""y "",""at"","" "",""t"",""he "",""eve "",""of "",""hajj "",""pilgrim"",""ag"",""e.""]",35
250,dev,250,The hostel's guests were mostly citizens of the United Arab Emirates.,"[""T"",""he "",""hos te l'"",""s "",""gu es ts "",""were "",""most"",""ly "",""cit"",""iz en s "",""of "",""t"",""he "",""Uni te d "",""Arab "",""Emira te s.""]",16
251,dev,251,"The death toll is at least 15, a figure which is expected to rise.","[""T"",""he "",""deat"",""h "",""t"",""oll"","" "",""is "",""at"","" "",""least"","" "",""15, "",""a "",""figure "",""w hi ch "",""is "",""expec te d "",""t"",""o "",""rise.""]",21
252,dev,252,"Leonov, also known as ""cosmonaut No. 11"", was part of the Soviet Union's original team of cosmonauts.","[""L"",""eon"",""ov"","", "",""also "",""known"","" "",""as "",""\"""",""cosm"",""on"",""aut"","" "",""No. "",""11\"""","", "",""was "",""part"","" "",""of "",""t"",""he "",""Soviet"","" "",""Union"",""'"",""s "",""origin"",""al "",""te am "",""of "",""cosm"",""on"",""aut"",""s.""]",35
253,dev,253,"On March 18, 1965, he performed the first manned extravehicular activity (EVA), or ""spacewalk"", remaining alone outside the spacecraft for just over twelve minutes.","[""On"","" "",""Mar"",""ch "",""18, "",""1965, "",""he "",""performed"","" "",""t"",""he "",""first"","" "",""man"",""ned "",""ext"",""rave hi"",""cul"",""ar"","" "",""act"",""ivity "",""(E"",""VA)"","", "",""or "",""\"""",""spacew"",""alk\"""","", "",""rem"",""aining "",""alone "",""out"",""side "",""t"",""he "",""spacecr"",""aft"","" "",""for"","" "",""just"","" "",""over"","" "",""t"",""welve "",""min"",""u te s.""]",50
254,dev,254,"He received the ""Hero of the Soviet Union"", the Soviet Union's highest honor, for his work.","[""H"",""e "",""recei"",""ved "",""t"",""he "",""\"""",""Her"",""o "",""of "",""t"",""he "",""Soviet"","" "",""Union"",""\"""","", "",""t"",""he "",""Soviet"","" "",""Union"",""'"",""s "",""hi gh es t"","" "",""hon"",""or, "",""for"","" "",""hi s "",""wor"",""k.""]",33
255,dev,255,"Ten years later, he led the Soviet part of the Apollo–Soyuz mission symbolizing that the Space Race was over.","[""T"",""en  "",""years "",""la te r, "",""he "",""led "",""t"",""he "",""Soviet"","" "",""part"","" "",""of "",""t"",""he "",""Apoll"",""o–"",""Soyuz "",""mission"","" "",""sym"",""bol"",""izin"",""g "",""t"",""hat "",""t"",""he "",""Space "",""Race "",""was "",""over"","".""]",33
256,dev,256,"She said, ""There is no intelligence to suggest that an attack is expected imminently.","[""S"",""he "",""said, "",""\"""",""T"",""here "",""is "",""no "",""in te ll"",""ig en c"",""e "",""t"",""o "",""sugg es t"","" "",""t"",""hat "",""an "",""at"",""tack "",""is "",""expec te d "",""imm"",""in"",""en t"",""ly.""]",26
257,dev,257,"However, the reduction of the threat level to severe does not mean the overall threat has gone away.""","[""H"",""ow"",""ever"","", "",""t"",""he "",""red"",""uct"",""ion "",""of "",""t"",""he "",""t"",""hreat "",""level"","" "",""t"",""o "",""sever"",""e "",""do es  "",""not"","" "",""mean "",""t"",""he "",""over"",""all"","" "",""t"",""hreat "",""has "",""gone "",""away.\""""]",34
258,dev,258,"While authorities are unsure of the credibility of the threat, the Maryland Transportaion Authority made the closure with the urging of the FBI.","[""W"",""hi l"",""e "",""aut"",""horit"",""i es  "",""are "",""unsu"",""r"",""e "",""of "",""t"",""he "",""credib"",""ilit"",""y "",""of "",""t"",""he "",""t"",""hreat, "",""t"",""he "",""Mar"",""yland "",""T"",""ransp"",""ort"",""aion"","" "",""Aut"",""horit"",""y "",""made "",""t"",""he "",""closu"",""r"",""e "",""wit"",""h "",""t"",""he "",""urgin"",""g "",""of "",""t"",""he "",""FBI.""]",49
259,dev,259,Dump trucks were used to block tube entrances and assistance of 80 police were on hand to direct motorists to detours.,"[""D"",""ump"","" "",""t"",""ru cks "",""were "",""used "",""t"",""o "",""block "",""t"",""ube "",""en t"",""ranc es  "",""and "",""ass"",""ist"",""ance "",""of "",""80 "",""police "",""were "",""on "",""hand"","" "",""t"",""o "",""direct"","" "",""mot"",""orist"",""s "",""t"",""o "",""det"",""ours.""]",36
260,dev,260,"There were no heavy traffic delays reported on the beltway, the city's alternate route.","[""T"",""her"",""e "",""were "",""no "",""heavy "",""t"",""raff"",""ic "",""delays "",""rep"",""or te"",""d "",""on "",""t"",""he "",""bel"",""t"",""way, "",""t"",""he "",""cit"",""y'"",""s "",""al te r"",""na te  "",""rou te.""]",27
261,dev,261,Nigeria previously announced it planned to join the AfCFTA in the week leading up to the summit.,"[""N"",""iger"",""ia "",""previou"",""sl"",""y "",""ann"",""ounc"",""ed "",""it "",""plan"",""n"",""ed "",""t"",""o "",""join "",""t"",""he "",""AfCFT"",""A "",""in "",""t"",""he "",""week "",""leading "",""up "",""t"",""o "",""t"",""he "",""summ"",""it.""]",32
262,dev,262,AU trade and industry commissioner Albert Muchanga announced Benin was to join.,"[""AU"","" "",""t"",""rade "",""and "",""indust"",""ry "",""comm"",""ission"",""er"","" "",""Alb"",""er"",""t"","" "",""Much"",""ang"",""a "",""ann"",""ounc"",""ed "",""B en in"","" "",""was "",""t"",""o "",""join.""]",27
263,dev,263,"The commissioner said, ""We haven't yet agreed on rules of origin and tariff con[c]essions, but the framework we have is enough to start trading on July 1, 2020"".","[""T"",""he "",""comm"",""ission"",""er"","" "",""said, "",""\"""",""W"",""e "",""hav en '"",""t"","" "",""yet"","" "",""agreed "",""on "",""ru l es  "",""of "",""origin"","" "",""and "",""t"",""ariff "",""con["",""c] es"",""s"",""ion"",""s, "",""but"","" "",""t"",""he "",""framewor"",""k "",""we "",""have "",""is "",""en ough"","" "",""t"",""o "",""st"",""art "",""t"",""rading "",""on "",""Jul"",""y "",""1, "",""2020\"""","".""]",52
264,dev,264,"The station maintained its attitude, despite the loss of a gyroscope earlier in the space station mission, until the end of the spacewalk.","[""T"",""he "",""st"",""ation "",""maint"",""ained "",""its "",""at"",""t"",""itude, "",""d es pi te  "",""t"",""he "",""loss "",""of "",""a "",""gyr"",""oscop"",""e "",""earl"",""ier "",""in "",""t"",""he "",""space "",""st"",""ation"","" "",""miss"",""ion"","", "",""unt"",""il "",""t"",""he "",""en d "",""of "",""t"",""he "",""spacew"",""alk.""]",41
265,dev,265,Chiao and Sharipov reported being a safe distance from the attitude adjustment thrusters.,"[""C"",""hi"",""ao "",""and "",""Sharipov "",""rep"",""or te"",""d "",""being "",""a "",""safe "",""dist"",""ance "",""from "",""t"",""he "",""at"",""t"",""itude "",""adjust"",""m en t"","" "",""t"",""h ru s te r"",""s.""]",25
266,dev,266,Russian ground control activated the jets and normal attitude of the station was regained.,"[""R"",""uss"",""ian"","" "",""ground"","" "",""cont"",""rol "",""act"",""iva te d "",""t"",""he "",""jets "",""and "",""nor"",""mal "",""at"",""t"",""itude "",""of "",""t"",""he "",""st"",""ation "",""was "",""regained.""]",26
267,dev,267,"The case was prosecuted in Virginia because it is the home to the leading internet service provider AOL, the company who instigated the charges.","[""T"",""he "",""case "",""was "",""prose"",""cu te d "",""in "",""Virgin"",""ia "",""because"","" "",""it "",""is "",""t"",""he "",""hom"",""e "",""t"",""o "",""t"",""he "",""leading "",""in te r"",""net"","" "",""ser"",""vice "",""prov"",""id"",""er"","" "",""AOL, "",""t"",""he "",""comp"",""any "",""who "",""inst"",""iga te d "",""t"",""he "",""char"",""g es.""]",43
268,dev,268,"This is the first time a conviction has been gained using the legislation enacted in 2003 to curb bulk e-mail, aka spam, from unsolicited distribution into users mailboxes.","[""T"",""hi s "",""is "",""t"",""he "",""first"","" "",""t"",""ime "",""a "",""conv"",""iction "",""has "",""be en  "",""gained "",""using "",""t"",""he "",""legisl"",""at"",""ion"","" "",""en ac te d "",""in "",""200"",""3 "",""t"",""o "",""cur"",""b "",""bulk "",""e-"",""mail, "",""aka "",""spam, "",""fr"",""om "",""unsol"",""ici te d "",""dist"",""ribut"",""ion"","" "",""int"",""o "",""users "",""mailbox es.""]",47
269,dev,269,21-year-old Jesus joined Manchester City last year in January 2017 from Brazilian club Palmeiras for a reported fee of £27 million.,"[""21-"",""year"",""-"",""old "",""J es us "",""joined "",""Man"",""ch es te r"","" "",""Cit"",""y "",""last"","" "",""year"","" "",""in "",""Jan"",""uary "",""2017 "",""from "",""Brazilian"","" "",""club "",""Palmeiras "",""for"","" "",""a "",""repor te"",""d "",""fee "",""of "","""",""27 "",""mil"",""lion"","".""]",36
270,dev,270,"Since then, the Brazilian has featured in 53 matches for the club in all competitions and has scored 24 goals.","[""S"",""in"",""ce "",""t"",""h en, "",""t"",""he "",""Brazilian"","" "",""has "",""feat"",""ured "",""in "",""53 "",""mat"",""ch es  "",""for"","" "",""t"",""he "",""club "",""in "",""all"","" "",""comp"",""etition"",""s "",""and "",""has "",""scored "",""24 "",""goals.""]",32
271,dev,271,Dr. Lee also expressed his concern about reports that children in Turkey have now become infected with the A(H5N1) avian influenza virus without becoming ill.,"[""D"",""r"","". "",""Lee "",""also "",""expr"",""es sed "",""hi s "",""conc"",""er"",""n "",""about"","" "",""report"",""s "",""t"",""hat "",""c hi ldr"",""en  "",""in "",""T"",""urkey "",""have "",""now "",""become "",""infec te d "",""wit"",""h "",""t"",""he "",""A("",""H"",""5N"",""1) "",""avian "",""infl"",""u en z"",""a "",""vi ru s "",""wit"",""hout "",""becomin"",""g "",""ill"","".""]",45
272,dev,272,"Some studies suggest that the disease must become less lethal before it can cause a global epidemic, he noted.","[""S"",""om"",""e "",""st"",""udi es  "",""sugg es t"","" "",""t"",""hat "",""t"",""he "",""disease"","" "",""must"","" "",""become "",""l es s "",""let"",""hal "",""befor"",""e "",""it "",""can "",""cause"","" "",""a "",""global "",""epidem"",""ic, "",""he "",""no te d.""]",31
273,dev,273,There is concern that patients may continue to infect more people by going through their daily routines if the flu symptoms remain mild.,"[""T"",""her"",""e "",""is "",""conc"",""er"",""n "",""t"",""hat "",""pat"",""i en ts "",""may "",""cont"",""inue "",""t"",""o "",""infect"","" "",""mor"",""e "",""people "",""by "",""going "",""t"",""hrough"","" "",""t"",""heir "",""daily "",""rout"",""in es  "",""if t"",""he "",""flu "",""sym"",""pt"",""oms "",""rem"",""ain "",""mil"",""d.""]",41
274,dev,274,"Leslie Aun, a spokesperson for the Komen Foundation, said the organization adopted a new rule that does not allow grants or funding to be awarded to organizations that are under legal investigation.","[""L"",""es l"",""ie "",""Aun, "",""a "",""spok es per"",""son"","" "",""for"","" "",""t"",""he "",""Kom en  "",""Found"",""ation"","", "",""said "",""t"",""he "",""organizat"",""ion"","" "",""adop te d "",""a "",""new "",""ru le "",""t"",""hat "",""do es  "",""not"","" "",""all"",""ow "",""grant"",""s "",""or "",""funding "",""t"",""o "",""be "",""awar"",""ded "",""t"",""o "",""organizat"",""ion"",""s "",""t"",""hat "",""are "",""under"","" "",""legal "",""inv es t"",""igation"","".""]",56
275,dev,275,Komen's policy disqualified Planned Parenthood due to a pending investigation on how Planned Parenthood spends and reports its money that is being conducted by Representative Cliff Stearns.,"[""Kom en '"",""s "",""pol"",""icy "",""disqual"",""if"",""ied"","" "",""Plan"",""n"",""ed "",""Par en t"",""hood"","" "",""due "",""t"",""o "",""a "",""p en ding "",""inv es t"",""igation"","" "",""on "",""how Plan"",""n"",""ed "",""Par en t"",""hood"","" "",""sp en ds "",""and "",""rep"",""ort"",""s "",""its "",""mon"",""ey "",""t"",""hat "",""is "",""being "",""conduc te d "",""by "",""Rep"",""r"",""es en t"",""ative "",""Cliff "",""S te ar"",""ns.""]",50
276,dev,276,"Stearns is investigating whether taxes are used to fund abortions through Planned Parenthood in his role as chairman of the Oversight and Investigations Subcommittee, which is under the umbrella of the House Energy and Commerce Committee.","[""S"",""te ar"",""ns "",""is "",""inv es t"",""igating "",""whet"",""her"","" "",""t"",""ax es  "",""are "",""used "",""t"",""o "",""fund "",""abor"",""t"",""ions "",""t"",""hrough"","" "",""Plan"",""n"",""ed "",""Par en t"",""hood"","" "",""in "",""hi s "",""role "",""as "",""chairman "",""of "",""t"",""he "",""Over"",""sight"","" "",""and "",""Inv es t"",""igation"",""s "",""Sub"",""comm"",""it te e, "",""w hi ch "",""is "",""under"","" "",""t"",""he "",""umbr"",""el"",""l"",""a "",""of "",""t"",""he "",""House "",""Ener"",""gy "",""and "",""Comm"",""er"",""ce "",""Comm"",""it te e.""]",68
277,dev,277,Former Massachusetts governor Mitt Romney won the Florida Republican Party presidential primary election on Tuesday with over 46 percent of the vote.,"[""F"",""or"",""mer"","" "",""Mass"",""achuset"",""ts "",""governor"","" "",""Mit"",""t "",""Romney "",""won "",""t"",""he "",""Flor"",""ida "",""Rep"",""ublic"",""an"","" "",""Part"",""y "",""pr es id en t"",""ial "",""primar"",""y "",""elect"",""ion "",""on "",""T"",""u es d"",""ay "",""wit"",""h "",""over"","" "",""46 "",""perc en t"","" "",""of "",""t"",""he "",""vo te.""]",44
278,dev,278,Former U.S. Speaker of the House Newt Gingrich came in second with 32 percent.,"[""F"",""or"",""mer"","" "",""U.S"","". "",""Speaker"","" "",""of "",""t"",""he "",""House "",""Newt"","" "",""Gin"",""gr"",""ich "",""came "",""in "",""second"","" "",""wit"",""h "",""32 "",""perc en t"","".""]",26
279,dev,279,"As a winner-takes-all state, Florida awarded all fifty of its delegates to Romney, pushing him ahead as the front-runner for the Republican Party nomination.","[""As"","" a "",""win"",""n"",""er-"",""t"",""ak es -"",""all"","" "",""st"",""a te, "",""Flor"",""ida "",""awar"",""ded "",""all"","" "",""fift"",""y "",""of "",""its "",""delega te s "",""t"",""o "",""Romney, "",""pus hi n"",""g "",""hi m "",""ahead "",""as "",""t"",""he "",""front"",""-"",""ru nner "",""for"","" "",""t"",""he "",""Republic"",""an"","" "",""Part"",""y "",""nomination"","".""]",46
280,dev,280,"Organisers of the protest said about 100,000 people turned up in German cities such as Berlin, Cologne, Hamburg, and Hanover.","[""Or"",""gan"",""ise"",""r"",""s "",""of "",""t"",""he "",""pro te"",""st"","" "",""said "",""about"","" "",""100,0"",""00 "",""people "",""t"",""urned "",""up "",""in "",""Ger"",""man"","" "",""cit"",""i es  "",""such "",""as "",""Ber"",""lin, "",""Col"",""og"",""ne, "",""Hambur"",""g, "",""and "",""Hanover"","".""]",38
281,dev,281,"In Berlin, police estimated 6,500 protestors.","[""In "",""Ber"",""lin, "",""pol"",""ice "",""es t"",""ima te d "",""6,5"",""00 "",""pro te"",""st"",""ors.""]",12
282,dev,282,"Protests also took place in Paris, Sofia in Bulgaria, Vilnius in Lithuania, Valetta in Malta, Tallinn in Estonia, and Edinburgh and Glasgow in Scotland.","[""P"",""r"",""o te"",""st"",""s "",""also "",""t"",""ook "",""place "",""in "",""Paris, "",""Sofia "",""in "",""Bulgaria, "",""Viln"",""ius "",""in "",""Lit"",""huania, "",""Val"",""et"",""ta "",""in "",""Mal"",""t"",""a, "",""T"",""all"",""inn"","" "",""in "",""Est"",""onia, "",""and "",""Edin"",""bur"",""gh"","" "",""and "",""Glasg"",""ow "",""in "",""Scot"",""land.""]",44
283,dev,283,"In London, about 200 people protested outside some major copyright holders' offices.","[""In "",""London"","", "",""about"","" "",""200 "",""people "",""pro te"",""s te"",""d "",""out"",""side "",""som"",""e "",""major"","" "",""cop"",""yright"","" "",""hol"",""der"",""s'"","" "",""off"",""ic es.""]",25
284,dev,284,"Last month, there were major protests in Poland when that country signed ACTA, which has led to the Polish government deciding not to ratify the agreement, for now.","[""L"",""ast"","" "",""mon"",""t"",""h, "",""t"",""here "",""were "",""major"","" "",""pro te"",""st"",""s "",""in "",""Pol"",""an"",""d "",""wh en  "",""t"",""hat "",""count"",""ry "",""sign"",""ed "",""ACT"",""A, "",""w hi ch "",""has "",""led "",""t"",""o "",""t"",""he "",""Pol"",""ish "",""governm en t"","" "",""dec"",""idin"",""g "",""not"","" "",""t"",""o "",""rat"",""ify "",""t"",""he "",""agreem en t"","", "",""for"","" "",""now.""]",54
285,dev,285,Latvia and Slovakia have both delayed the process of joining ACTA.,"[""L"",""at"",""via "",""and "",""Slovakia "",""have "",""bot"",""h "",""delayed "",""t"",""he "",""proc"",""es s"","" "",""of "",""joining "",""ACT"",""A.""]",18
286,dev,286,Animal Liberation and the Royal Society for the Prevention of Cruelty to Animals (RSPCA) are again calling for the mandatory installation of CCTV cameras in all Australian abattoirs.,"[""An"",""im"",""al "",""Liber"",""at"",""ion"","" "",""and "",""t"",""he "",""Royal "",""Societ"",""y "",""for"","" "",""t"",""he "",""Prev en t"",""ion "",""of "",""C ru elt"",""y "",""t"",""o "",""Animals "",""(R"",""SPCA)"","" "",""are "",""again "",""call"",""ing "",""for"","" "",""t"",""he "",""man"",""datory "",""inst"",""all"",""ation"","" "",""of "",""CCT"",""V "",""camer"",""as "",""in "",""all"","" "",""Aust"",""ralian"","" "",""abat"",""toirs.""]",55
287,dev,287,RSPCA New South Wales chief inspector David O'Shannessy told the ABC that surveillance and inspections of abattoirs should be commonplace in Australia.,"[""R"",""SP"",""CA "",""New "",""Sout"",""h "",""Wal"",""es  "",""c hi ef "",""insp"",""ect"",""or "",""David "",""O'"",""Shann"",""es s"",""y "",""t"",""old "",""t"",""he "",""ABC "",""t"",""hat "",""sur"",""veill"",""an"",""ce "",""and "",""insp"",""ect"",""ions "",""of "",""abat"",""toirs "",""should"","" "",""be "",""comm"",""onpl"",""ace "",""in "",""Aust"",""ralia.""]",44
288,dev,288,"""The CCTV would certainly send a strong signal to those people working with animals that their welfare is of the highest priority.""","[""\"""",""T"",""he "",""CCT"",""V "",""would"","" "",""cer"",""t"",""ainl"",""y "",""s en d "",""a "",""st"",""rong "",""sign"",""al "",""t"",""o "",""t"",""hose "",""people "",""wor"",""king "",""wit"",""h "",""animals "",""t"",""hat "",""t"",""heir "",""welfare "",""is "",""of "",""t"",""he "",""hi gh es t"","" "",""priorit"",""y.\""""]",40
289,dev,289,The United States Geological Survey international earthquake map showed no earthquakes in Iceland in the week prior.,"[""T"",""he "",""Uni te d "",""St"",""a te s "",""Geol"",""og"",""ical "",""Sur"",""vey "",""in te r"",""nat"",""ion"",""al "",""eart"",""hquak"",""e "",""map "",""show"",""ed "",""no "",""eart"",""hquak"",""es  "",""in "",""Icel"",""and "",""in "",""t"",""he "",""week "",""prior"","".""]",33
290,dev,290,The Icelandic Meteorological Office also reported no earthquake activity in the Hekla area in the past 48 hours.,"[""T"",""he "",""Icel"",""an"",""dic "",""Me te or"",""olog"",""ical "",""Off"",""ice "",""also "",""rep"",""or te"",""d "",""no "",""eart"",""hquak"",""e "",""act"",""ivit"",""y "",""in "",""t"",""he "",""Hekla "",""area "",""in "",""t"",""he "",""past"","" "",""48 "",""hours.""]",33
291,dev,291,The significant earthquake activity resulting in the phase change had took place on March 10 on the northeast side of the volcano's summit caldera.,"[""T"",""he "",""sign"",""ific"",""an"",""t"","" "",""eart"",""hquak"",""e "",""act"",""ivit"",""y "",""r es ult"",""ing "",""in "",""t"",""he "",""phase "",""change "",""had "",""t"",""ook "",""place "",""on "",""Mar"",""ch "",""10 "",""on "",""t"",""he "",""nor"",""t"",""heast"","" "",""side "",""of "",""t"",""he "",""vol"",""cano'"",""s "",""summ"",""it "",""calder"",""a.""]",46
292,dev,292,Dark clouds unrelated to any volcanic activity were reported at the base of the mountain.,"[""D"",""ark "",""clouds"","" "",""unrel"",""a te d "",""t"",""o "",""any "",""vol"",""canic"","" "",""act"",""ivity "",""were "",""repor te"",""d "",""at"","" "",""t"",""he "",""base "",""of "",""t"",""he "",""mount"",""ain.""]",27
293,dev,293,The clouds presented the potential for confusion as to whether an actual eruption had taken place.,"[""T"",""he "",""clouds"","" "",""pr es en te d "",""t"",""he "",""po te nt"",""ial "",""for"","" "",""conf"",""usion"","" "",""as "",""t"",""o "",""whether "",""an "",""act"",""ual "",""e ru ption "",""had "",""t"",""ak en  "",""place.""]",26
294,dev,294,The Luno had 120–160 cubic metres of fuel aboard when it broke down and high winds and waves pushed it into the breakwater.,"[""T"",""he "",""Luno "",""had "",""120–"",""160 "",""cubic "",""met"",""r es  "",""of "",""fuel"","" "",""aboar"",""d"","" "",""wh en  "",""it "",""broke "",""down"","" "",""and "",""hi gh "",""winds "",""and "",""wav es  "",""pushed "",""it "",""int"",""o "",""t"",""he "",""breakw"",""a te r.""]",33
295,dev,295,Helicopters rescued the twelve crewmembers and the only injury was a broken nose.,"[""H"",""el"",""ic"",""op"",""te"",""r"",""s "",""r es cued"","" "",""t"",""he "",""t"",""welve "",""crewm"",""ember"",""s "",""and "",""t"",""he "",""only "",""injury "",""was "",""a "",""brok en  "",""nose.""]",25
296,dev,296,The 100-metre ship was en route to pick up its usual fertiliser cargo and initially officials feared the vessel could spill a load.,"[""T"",""he "",""100-"",""met"",""re "",""s hi p "",""was "",""en  "",""rou te  "",""t"",""o "",""pick "",""up "",""its "",""usual "",""fer"",""t"",""iliser"","" "",""car"",""go "",""and "",""init"",""iall"",""y "",""off"",""icial"",""s "",""feared "",""t"",""he "",""v es sel"","" "",""could"","" "",""spill"","" "",""a "",""load.""]",39
297,dev,297,The proposed amendment already passed both houses in 2011.,"[""T"",""he "",""prop"",""osed "",""am en dm en t"","" "",""alread"",""y "",""pass"",""ed "",""bot"",""h "",""hous es  "",""in "",""2011.""]",15
298,dev,298,A change was made this legislative session when the second sentence was deleted first by the House of Representatives and then was passed in a similar form by the Senate Monday.,"[""A "",""change "",""was "",""made "",""t"",""hi s "",""legisl"",""at"",""ive "",""s es sion"","" "",""wh en  "",""t"",""he "",""second"","" "",""s en te n"",""ce "",""was "",""dele te d "",""first"","" "",""by "",""t"",""he "",""House "",""of "",""Repr es en t"",""ativ es  "",""and "",""t"",""h en  "",""was "",""pass"",""ed "",""in "",""a "",""sim"",""il"",""ar "",""for"",""m "",""by "",""t"",""he "",""S en a te  "",""Mon"",""day.""]",48
299,dev,299,"The failure of the second sentence, which proposes to ban same-sex civil unions, could possibly open the door for civil unions in the future.","[""T"",""he "",""failure "",""of "",""t"",""he "",""second"","" "",""s en te n"",""ce, "",""w hi ch "",""prop"",""os es  "",""t"",""o "",""ban "",""same-"",""sex "",""civil"","" "",""union"",""s, "",""could"","" "",""possib"",""ly "",""op en  "",""t"",""he "",""door "",""for"","" "",""civil"","" "",""union"",""s "",""in "",""t"",""he "",""fut"",""ure.""]",41
300,dev,300,"Following the process, HJR-3 will be reviewed again by the next elected legislature in either 2015 or 2016 to remain in process.","[""F"",""ol"",""l"",""owin"",""g "",""t"",""he "",""proc"",""es s"","", "",""HJR-"",""3 "",""will"","" "",""be "",""rev"",""iew"",""ed "",""again "",""by "",""t"",""he "",""next"","" "",""elec te d "",""legisl"",""at"",""ure "",""in "",""eit"",""her "",""2015 "",""or "",""2016 "",""t"",""o "",""rem"",""ain "",""in "",""proc"",""es s"","".""]",42
301,dev,301,Vautier's achievements outside of directing include a hunger strike in 1973 against what he viewed as political censorship.,"[""V"",""au"",""t"",""ier'"",""s "",""ac hi evem en t"",""s "",""out"",""side "",""of "",""direct"",""ing "",""incl"",""ude "",""a "",""hunger"","" "",""st"",""rike "",""in "",""1973 "",""against"","" "",""what "",""he "",""viewed "",""as "",""pol"",""itical "",""c en sor"",""s hi"",""p.""]",32
302,dev,302,French law was changed. His activism went back to age 15 when he joined the French Resistance during World War II.,"[""F"",""r"",""en c"",""h "",""law "",""was "",""changed. "",""His "",""act"",""ivism"","" "",""w en t"","" "",""back"","" "",""t"",""o "",""age "",""15 "",""wh en  "",""he "",""joined "",""t"",""he "",""Fr"",""en ch "",""R es ist"",""ance "",""during "",""Wor"",""ld "",""War"","" "",""II.""]",34
303,dev,303,He documented himself in a 1998 book.,"[""H"",""e "",""docum en te d "",""hi msel"",""f "",""in "",""a "",""1998 "",""book.""]",9
304,dev,304,In the 1960s he headed back to newly-independent Algeria to teach film directing.,"[""In "",""t"",""he "",""1960s "",""he "",""headed "",""back"","" "",""t"",""o "",""newly-"",""indep en d en t"","" "",""Algeria "",""t"",""o "",""te ach "",""film "",""direct"",""ing.""]",20
305,dev,305,"Japanese judoka Hitoshi Saito, winner of two Olympic gold medals, has died at the age of 54.","[""Japan"",""es e"","" "",""judoka "",""Hit"",""os hi"","" "",""Sait"",""o, "",""win"",""n"",""er "",""of "",""t"",""wo "",""Olymp"",""ic "",""gol"",""d "",""med"",""als, "",""has "",""died "",""at"","" "",""t"",""he "",""age "",""of "",""54.""]",30
306,dev,306,The cause of death was announced as intrahepatic bile duct cancer.,"[""T"",""he "",""cause"","" "",""of "",""deat"",""h "",""was "",""ann"",""ounc"",""ed "",""as "",""int"",""rahep"",""at"",""ic "",""bile "",""duct"","" "",""canc"",""er"","".""]",22
307,dev,307,He died in Osaka on Tuesday.,"[""H"",""e "",""died "",""in "",""Osaka "",""on "",""T"",""u es day.""]",8
308,dev,308,"As well as a former Olympic and World champion, Saito was the All Japan Judo Federation training committee chairman at the time of his death.","[""As"","" well"","" "",""as "",""a "",""for"",""mer "",""Olymp"",""ic "",""and "",""Wor"",""ld "",""champ"",""ion"","", "",""Sait"",""o "",""was "",""t"",""he "",""All"","" "",""Japan"","" "",""Judo "",""Feder"",""ation"","" "",""t"",""raining "",""comm"",""it te e "",""chairman"","" "",""at"","" "",""t"",""he "",""t"",""ime "",""of "",""hi s "",""deat"",""h.""]",44
309,dev,309,"At least 100 people had attended the party, in order to celebrate the first anniversary of a couple whose wedding was held last year.","[""At"","" "",""least"","" "",""100 "",""people "",""had "",""at"",""te nded "",""t"",""he "",""part"",""y, "",""in "",""order"","" "",""t"",""o "",""cel"",""ebra te  "",""t"",""he "",""first"","" "",""ann"",""iver"",""sary "",""of "",""a "",""coup"",""l"",""e "",""whose "",""wedding "",""was "",""hel"",""d "",""last"","" "",""year"","".""]",41
310,dev,310,"A formal anniversary event was scheduled for a later date, officials said.","[""A "",""for"",""mal "",""ann"",""iver"",""sary "",""ev en t"","" "",""was "",""schedul"",""ed "",""for"","" "",""a "",""la te r "",""da te, "",""off"",""icial"",""s "",""said.""]",20
311,dev,311,The couple had married in Texas one year ago and came to Buffalo to celebrate with friends and relatives.,"[""T"",""he "",""coup"",""l"",""e "",""had "",""mar"",""r"",""ied"","" "",""in "",""T"",""exas "",""one "",""year"","" "",""ago "",""and "",""came "",""t"",""o "",""Buffalo "",""t"",""o "",""cel"",""ebra te  "",""wit"",""h "",""fri en ds "",""and "",""rel"",""at"",""iv es.""]",33
312,dev,312,"The 30-year-old husband, who was born in Buffalo, was one of the four killed in the shooting, but his wife was not hurt.","[""T"",""he "",""30-"",""year"",""-"",""old "",""husband, "",""who "",""was "",""bor"",""n "",""in "",""Buffalo, "",""was "",""one "",""of "",""t"",""he "",""four"","" "",""killed "",""in "",""t"",""he "",""shoot"",""ing, "",""but"","" "",""hi s "",""wife "",""was "",""not"","" "",""hurt"","".""]",35
313,dev,313,"Karno is a well-known but controversial English tutor who taught under Modern Education and King's Glory who claimed to have 9,000 students at the peak of his career.","[""Karno "",""is "",""a "",""well"",""-"",""known "",""but"","" "",""cont"",""rover"",""sial"","" "",""Engl"",""ish "",""t"",""utor "",""who "",""t"",""aught "",""under"","" "",""Moder"",""n "",""Educat"",""ion"","" "",""and "",""Kin"",""g'"",""s "",""Glor"",""y "",""who "",""claimed "",""t"",""o "",""have "",""9,0"",""00 "",""st"",""ud en t"",""s "",""at"","" "",""t"",""he "",""peak "",""of "",""hi s "",""car"",""eer.""]",51
314,dev,314,"In his notes he used words which some parents considered coarse, and he reportedly used profanity in class.","[""In "",""hi s "",""no te s "",""he "",""used "",""wor"",""ds "",""w hi ch "",""som"",""e "",""par en t"",""s "",""consider"",""ed "",""coar"",""se, "",""and "",""he "",""repor te"",""dl"",""y "",""used "",""profan"",""it"",""y "",""in "",""class"","".""]",28
315,dev,315,Modern Education accused him of printing large advertisements on buses without authorisation and lying by saying that he was the chief English tutor.,"[""M"",""od"",""er"",""n "",""Educat"",""ion"","" "",""accused "",""hi m "",""of "",""print"",""ing "",""lar"",""ge "",""adv"",""er"",""t"",""isem"",""en t"",""s "",""on "",""bus es  "",""wit"",""hout "",""aut"",""horisat"",""ion"","" "",""and "",""lying "",""by "",""saying "",""t"",""hat "",""he "",""was "",""t"",""he "",""c hi ef "",""Engl"",""ish "",""t"",""utor.""]",43
316,dev,316,"He has also been accused previously of copyright infringement, but was not charged.","[""H"",""e "",""has "",""also "",""be en  "",""accused "",""previou"",""sl"",""y "",""of "",""cop"",""yright"","" "",""infr"",""ingem en t"","", "",""but"","" "",""was "",""not"","" "",""char"",""ged.""]",23
317,dev,317,"A former student said that he 'used slang in class, taught dating skills in notes, and was just like the students' friend.'","[""A "",""for"",""mer "",""st"",""ud en t"","" "",""said "",""t"",""hat "",""he "",""'used "",""slan"",""g "",""in "",""class"","", "",""t"",""aught "",""dating "",""skills "",""in "",""no te s, "",""and "",""was "",""just"","" "",""like "",""t"",""he "",""st"",""ud en t"",""s' "",""fri en d.'""]",33
318,dev,318,"During the last three decades, despite officially remaining a communist state, China has developed a market economy.","[""D"",""ur"",""in"",""g "",""t"",""he "",""last"","" "",""t"",""hree "",""dec"",""ad es, "",""d es pi te  "",""off"",""icial"",""l"",""y "",""rem"",""aining "",""a "",""comm"",""unist"","" "",""st"",""a te, "",""C hi na "",""has "",""devel"",""oped "",""a "",""mar"",""ket"","" "",""econom"",""y.""]",35
319,dev,319,The first economic reforms were made under the leadership of Deng Xiaoping.,"[""T"",""he "",""first"","" "",""econom"",""ic "",""refor"",""ms "",""were "",""made "",""under"","" "",""t"",""he "",""leader"",""s hi p "",""of "",""D en g "",""Xiaop"",""in"",""g.""]",21
320,dev,320,"Since then, China's economic size has grown by 90 times.","[""S"",""in"",""ce "",""t"",""h en, "",""C hi na'"",""s "",""econom"",""ic "",""size "",""has "",""grown "",""by "",""90 "",""t"",""im es.""]",16
321,dev,321,"For the first time, last year China exported more cars than Germany and surpassed the United States as the biggest market for this industry.","[""F"",""or"","" "",""t"",""he "",""first"","" "",""t"",""ime, "",""last"","" "",""year "",""C hi na "",""expor te"",""d "",""mor"",""e "",""car"",""s "",""t"",""han "",""Ger"",""man"",""y "",""and "",""sur"",""pass"",""ed "",""t"",""he "",""Uni te d "",""St"",""a te s "",""as "",""t"",""he "",""bigg es t"","" "",""mar"",""ket"","" "",""for"","" "",""t"",""hi s "",""indust"",""ry.""]",47
322,dev,322,China's GDP could be larger than the United States within two decades.,"[""C"",""hi"",""n"",""a'"",""s "",""GDP "",""could"","" "",""be "",""lar"",""ger "",""t"",""han "",""t"",""he "",""Uni te d "",""St"",""a te s "",""wit"",""hi n "",""t"",""wo "",""decad es.""]",23
323,dev,323,"Tropical Storm Danielle, fourth named storm of the 2010 Atlantic hurricane season, has formed in the eastern Atlantic Ocean.","[""T"",""rop"",""ical "",""St"",""orm "",""Daniel"",""l"",""e, "",""four"",""t"",""h "",""named "",""st"",""orm "",""of "",""t"",""he "",""2010 "",""At"",""lantic "",""hurrican"",""e "",""season"","", "",""has "",""for"",""med"","" "",""in "",""t"",""he "",""eas te r"",""n "",""At"",""lant"",""ic "",""Ocean"","".""]",38
324,dev,324,"The storm, located approximately 3,000 miles from Miami, Florida, has maximum sustained winds of 40 mph (64 kph).","[""T"",""he "",""st"",""orm, "",""loca te d "",""appr"",""oxim"",""a te l"",""y "",""3,0"",""00 "",""mil"",""es  "",""from "",""Miami, "",""Flor"",""ida, "",""has "",""maxim"",""um "",""sust"",""ained "",""win"",""ds "",""of "",""40 "",""mph "",""(64 "",""kph)"","".""]",30
325,dev,325,Scientists at the National Hurricane Center predict that Danielle will strengthen to a hurricane by Wednesday.,"[""S"",""c"",""i en t"",""ist"",""s "",""at"","" "",""t"",""he "",""Nat"",""ional "",""Hur"",""rican"",""e "",""C en te r"","" "",""pred"",""ict"","" "",""t"",""hat "",""Daniel"",""l"",""e "",""will"","" "",""st"",""r en gt"",""h en  "",""t"",""o "",""a "",""hurrican"",""e "",""by "",""Wedn es d"",""ay.""]",37
326,dev,326,"As the storm is far from landfall, it remains difficult to assess potential impact to the United States or Caribbean.","[""As"","" t"",""he "",""st"",""orm "",""is "",""far"","" "",""from "",""landf"",""all"","", "",""it "",""rem"",""ains "",""difficul"",""t"","" "",""t"",""o "",""ass"",""es s "",""po te nt"",""ial "",""impact"","" "",""t"",""o "",""t"",""he "",""Uni te d "",""St"",""a te s "",""or "",""Car"",""ibb"",""ean.""]",37
327,dev,327,"Born in the Croatian capital, Zagreb, Bobek gained fame while playing for Partizan Belgrade.","[""B"",""or"",""n "",""in "",""t"",""he "",""Croat"",""ian "",""cap"",""it"",""al, "",""Zagreb, "",""Bobek"","" "",""gained "",""fame "",""w hi le "",""playing "",""for"","" "",""Part"",""izan "",""Bel"",""grade.""]",24
328,dev,328,He joined them in 1945 and stayed until 1958.,"[""H"",""e "",""joined "",""t"",""hem "",""in "",""1945 "",""and "",""st"",""ayed "",""unt"",""il "",""1958.""]",13
329,dev,329,"During his time with the team, he scored 403 goals in 468 appearances.","[""D"",""ur"",""in"",""g "",""hi s "",""t"",""ime "",""wit"",""h "",""t"",""he "",""te am, "",""he "",""scored "",""403 "",""goals "",""in "",""468 "",""appearan"",""c"",""es.""]",21
330,dev,330,No one else has ever made more appearances or scored more goals for the club than Bobek.,"[""N"",""o "",""one "",""else "",""has "",""ever"","" "",""made "",""mor"",""e "",""appearan"",""c"",""es  "",""or "",""scored "",""mor"",""e "",""goals "",""for"","" "",""t"",""he "",""club "",""t"",""han "",""Bobek"","".""]",27
331,dev,331,In 1995 he was voted the best player in Partizan's history.,"[""In "",""1995 "",""he "",""was "",""vo te d "",""t"",""he "",""b es t"","" "",""player "",""in "",""Part"",""izan'"",""s "",""hi st"",""ory.""]",16
332,dev,332,The celebrations started with a special show by the world-renowned group Cirque du Soleil.,"[""T"",""he "",""cel"",""ebrat"",""ion"",""s "",""st"",""ar te d "",""wit"",""h "",""a "",""special"","" "",""show"","" "",""by "",""t"",""he "",""wor"",""ld-"",""r en owned "",""group "",""Cir"",""qu"",""e "",""du "",""Sol"",""eil.""]",28
333,dev,333,"It was followed by the Istanbul State Symphony Orchestra, a Janissary band, and the singers Fatih Erkoç and Müslüm Gürses.","[""It"","" "",""was "",""foll"",""owed "",""by "",""t"",""he "",""Ist"",""anbul "",""St"",""a te  "",""Sym"",""phon"",""y "",""Orch es t"",""ra, "",""a "",""Janiss"",""ary "",""band, "",""and "",""t"",""he "",""sin"",""gers "",""Fat"",""ih "",""Erkoç "",""and "",""Müslüm "",""Gürs es.""]",32
334,dev,334,Then Whirling Dervishes took to the stage.,"[""T"",""h en  "",""W hi rlin"",""g "",""Der"",""vish es  "",""t"",""ook "",""t"",""o "",""t"",""he "",""st"",""age.""]",14
335,dev,335,Turkish diva Sezen Aksu performed with the Italian tenor Alessandro Safina and Greek singer Haris Alexiou.,"[""T"",""ur"",""kish "",""diva "",""Sez en  "",""Aksu "",""performed "",""wit"",""h "",""t"",""he "",""Italian"","" "",""te nor "",""Al es sandr"",""o "",""Safin"",""a "",""and "",""Greek "",""sin"",""ger "",""Har"",""is "",""Alexiou.""]",25
336,dev,336,"To finish, Turkish dance group Fire of Anatolia performed the show ""Troy"".","[""T"",""o "",""fin"",""ish, "",""T"",""urkish "",""dance "",""group "",""Fire "",""of "",""Anat"",""olia "",""performed"","" "",""t"",""he "",""show"","" "",""\"""",""T"",""roy\"""","".""]",22
337,dev,337,"Peter Lenz, a 13-year-old motorcycle racer, has died after being involved in a crash at the Indianapolis Motor Speedway.","[""P"",""e te"",""r"","" "",""L en z, "",""a "",""13-"",""year"",""-"",""old "",""mot"",""orcycl"",""e "",""racer"","", "",""has "",""died "",""af te r"","" "",""being "",""invol"",""ved "",""in "",""a "",""crash "",""at"","" "",""t"",""he "",""Indian"",""apol"",""is "",""Mot"",""or "",""Speed"",""w"",""ay.""]",37
338,dev,338,"While on his warm-up lap, Lenz fell off his bike, and was then struck by fellow racer Xavier Zayat.","[""W"",""hi l"",""e "",""on "",""hi s "",""warm-"",""up "",""lap, "",""L en z "",""fell"","" "",""off"","" "",""hi s "",""bike, "",""and "",""was "",""t"",""h en  "",""st"",""ru ck "",""by "",""fell"",""ow "",""racer"","" "",""Xavier"","" "",""Zayat"","".""]",30
339,dev,339,He was immediately attended to by the on-track medical staff and transported to a local hospital where he later died.,"[""H"",""e "",""was "",""imm"",""ed"",""ia te l"",""y "",""at"",""te nded "",""t"",""o "",""by "",""t"",""he "",""on-"",""t"",""rack "",""med"",""ical "",""st"",""aff "",""and "",""t"",""ransp"",""or te"",""d "",""t"",""o "",""a "",""local "",""hospit"",""al "",""wher"",""e "",""he "",""la te r "",""died.""]",37
340,dev,340,Zayat was unhurt in the accident.,"[""Zayat"","" "",""was "",""unhurt"","" "",""in "",""t"",""he "",""accid en t"","".""]",10
341,dev,341,"Regarding the global financial situation, Zapatero continued by saying that ""the financial system is a part of the economy, a crucial part.","[""R"",""eg"",""ard"",""in"",""g "",""t"",""he "",""global "",""fin"",""ancial"","" "",""sit"",""uation"","", "",""Zapa te r"",""o "",""cont"",""inued "",""by "",""saying "",""t"",""hat "",""\"""",""t"",""he "",""fin"",""ancial"","" "",""sys te m"","" "",""is "",""a "",""part"","" "",""of "",""t"",""he "",""econom"",""y, "",""a "",""c ru cial"","" "",""part"","".""]",44
342,dev,342,"We have a year-long financial crisis, which has had its most acute moment in the past two months, and I think now the financial markets are beginning to recover.""","[""W"",""e "",""have "",""a "",""year"",""-"",""long "",""fin"",""ancial"","" "",""crisis, "",""w hi ch "",""has "",""had "",""its "",""most"","" "",""acu te  "",""mom en t"","" "",""in "",""t"",""he "",""past"","" "",""t"",""wo "",""mon"",""t"",""hs, "",""and "",""I "",""t"",""hi nk "",""now "",""t"",""he "",""fin"",""ancial"","" "",""mar"",""ket"",""s "",""are "",""beginning "",""t"",""o "",""recover"","".\""""]",49
343,dev,343,"Last week, Naked News announced that it would dramatically increase its international language mandate to news reporting, with three new broadcasts.","[""L"",""ast"","" "",""week, "",""Naked "",""News "",""ann"",""ounc"",""ed "",""t"",""hat "",""it "",""would"","" "",""dramat"",""icall"",""y "",""incr"",""ease"","" "",""its "",""in te r"",""nat"",""ion"",""al "",""languag"",""e "",""man"",""da te  "",""t"",""o "",""news "",""report"",""ing, "",""wit"",""h "",""t"",""hree "",""new "",""broadc"",""ast"",""s.""]",42
344,dev,344,"Already reporting in English and Japanese, the global organization is launching Spanish, Italian, and Korean-language programs, for television, the web, and mobile devices.","[""Al"",""r"",""ead"",""y "",""rep"",""ort"",""ing "",""in "",""Engl"",""ish "",""and "",""Japan"",""es e"","", "",""t"",""he "",""global "",""organizat"",""ion"","" "",""is "",""launc hi ng "",""Span"",""ish, "",""Italian"","", "",""and "",""Kor"",""ean"",""-"",""languag"",""e "",""progr"",""am"",""s, "",""for"","" "",""te levision"","", "",""t"",""he "",""web, "",""and "",""mobile "",""devic es.""]",45
345,dev,345,"""Luckily nothing happened to me, but I saw a macabre scene, as people tried to break windows in order to get out.","[""\"""",""Luck"",""il"",""y "",""not"",""hi ng "",""happ en ed "",""t"",""o "",""me, "",""but"","" "",""I "",""saw "",""a "",""macabre "",""sc en e, "",""as "",""people "",""t"",""ried "",""t"",""o "",""break "",""win"",""dow"",""s "",""in "",""order"","" "",""t"",""o "",""get "",""out"","".""]",35
346,dev,346,"People were hitting the panes with chairs, but the windows were unbreakable.","[""P"",""eop"",""l"",""e "",""were "",""hi tting "",""t"",""he "",""pan es  "",""wit"",""h "",""chairs, "",""but"","" "",""t"",""he "",""window"",""s "",""were "",""unbr"",""eakab"",""le.""]",22
347,dev,347,"One of the panes finally broke, and they started to get out by the window,"" said survivor Franciszek Kowal.","[""On"",""e "",""of "",""t"",""he "",""pan es  "",""fin"",""all"",""y "",""broke, "",""and "",""t"",""hey "",""st"",""ar te d "",""t"",""o "",""get "",""out"","" "",""by "",""t"",""he "",""window,\"""","" "",""said "",""sur"",""v"",""iv"",""or"","" "",""Fr"",""ancisz"",""ek "",""Kowal.""]",35
348,dev,348,Stars give off light and heat because of the energy made when hydrogen atoms are merged (or fused) together to form heavier elements.,"[""S"",""t"",""ars "",""give "",""off"","" "",""light"","" "",""and "",""heat"","" "",""because"","" "",""of "",""t"",""he "",""en er"",""gy "",""made "",""wh en  "",""hydr"",""og en  "",""at"",""oms "",""are "",""mer"",""ged "",""(or"","" "",""fused)"","" "",""t"",""ogether "",""t"",""o "",""for"",""m "",""heavier"","" "",""elem en t"",""s.""]",41
349,dev,349,Scientists are working to create a reactor that can make energy in the same way.,"[""S"",""c"",""i en t"",""ist"",""s "",""are "",""wor"",""king "",""t"",""o "",""crea te  "",""a "",""react"",""or "",""t"",""hat "",""can "",""make "",""en er"",""gy "",""in "",""t"",""he "",""same "",""way.""]",25
350,dev,350,"This, however, is a very hard problem to solve and will take many years before we see useful fusion reactors built.","[""T"",""hi s, "",""how"",""ever"","", "",""is "",""a "",""ver"",""y "",""har"",""d"","" "",""problem"","" "",""t"",""o "",""sol"",""ve "",""and "",""will"","" "",""t"",""ake "",""man"",""y "",""year"",""s "",""befor"",""e "",""we "",""see"","" "",""useful "",""fusion"","" "",""react"",""ors "",""built"","".""]",39
351,dev,351,The steel needle floats on top of the water because of surface tension.,"[""T"",""he "",""s te el "",""needl"",""e "",""float"",""s "",""on "",""t"",""op "",""of "",""t"",""he "",""wa te r "",""because"","" "",""of "",""sur"",""face "",""te nsion"","".""]",21
352,dev,352,Surface tension happens because the water molecules at the surface of the water are strongly attracted to each other more than they are to the air molecules above them.,"[""S"",""ur"",""face "",""te nsion"","" "",""happ"",""en s "",""because"","" "",""t"",""he "",""wa te r "",""mol"",""ecul es  "",""at"","" "",""t"",""he "",""sur"",""face "",""of "",""t"",""he "",""wa te r "",""are "",""st"",""rongl"",""y "",""at"",""t"",""rac te d "",""t"",""o "",""each "",""ot"",""her "",""mor"",""e "",""t"",""han "",""t"",""hey "",""are "",""t"",""o "",""t"",""he "",""air "",""mol"",""ecul es  "",""above "",""t"",""hem.""]",53
353,dev,353,The water molecules make an invisible skin on the water’s surface that allows things like the needle to float on top of the water.,"[""T"",""he "",""wa te r "",""mol"",""ecul es  "",""make "",""an "",""invisib"",""le "",""skin "",""on "",""t"",""he "",""wa te r’"",""s "",""sur"",""face "",""t"",""hat "",""all"",""ows "",""t"",""hi ngs "",""like "",""t"",""he "",""needl"",""e "",""t"",""o "",""float "",""on "",""t"",""op "",""of "",""t"",""he "",""wa te r.""]",38
354,dev,354,"The blade on a modern ice skate has a double edge with a concave hollow between them. The two edges allow for a better grasp of the ice, even when tilted.","[""T"",""he "",""blade "",""on "",""a "",""moder"",""n "",""ice "",""ska te  "",""has "",""a "",""double "",""edge "",""wit"",""h "",""a "",""conc"",""ave "",""hol"",""l"",""ow "",""bet"",""we en  "",""t"",""hem. "",""T"",""he "",""t"",""wo "",""edg es  "",""all"",""ow "",""for"","" "",""a "",""bet"",""te r "",""grasp"","" "",""of "",""t"",""he "",""ice, "",""ev en  "",""wh en  "",""t"",""il te d.""]",47
355,dev,355,"Because the bottom of the blade is slightly curved, as the blade tilts to one side or the other, the edge which is in contact with the ice also curves.","[""B"",""ec"",""ause"","" "",""t"",""he "",""bot"",""tom "",""of "",""t"",""he "",""blade "",""is "",""slight"",""l"",""y "",""cur"",""ved, "",""as "",""t"",""he "",""blade "",""t"",""ilts "",""t"",""o "",""one "",""side "",""or "",""t"",""he "",""other, "",""t"",""he "",""edge "",""w hi ch "",""is "",""in "",""cont"",""act "",""wit"",""h "",""t"",""he "",""ice "",""also "",""cur"",""v es.""]",48
356,dev,356,"This causes the skater to turn. If the skates tilt to the right, the skater turns right, if the skates tilt to the left, the skater turns left.","[""T"",""hi s "",""caus es  "",""t"",""he "",""ska te r "",""t"",""o "",""t"",""urn. "",""If t"",""he "",""ska te s "",""t"",""ilt "",""t"",""o "",""t"",""he "",""right"","", "",""t"",""he "",""ska te r "",""t"",""urns "",""right"","", "",""if t"",""he "",""ska te s "",""t"",""ilt "",""t"",""o "",""t"",""he "",""left"","", "",""t"",""he "",""ska te r "",""t"",""urns "",""left"","".""]",46
357,dev,357,"To return to their previous energy level, they must get rid of the extra energy they got from the light.","[""T"",""o "",""ret"",""urn "",""t"",""o "",""t"",""heir "",""previous "",""en er"",""gy "",""level"","", "",""t"",""hey "",""must"","" "",""get "",""rid "",""of "",""t"",""he "",""ext"",""ra "",""en er"",""gy "",""t"",""hey "",""got "",""from "",""t"",""he "",""light"","".""]",34
358,dev,358,"They do this by emitting a tiny particle of light called a ""photon"".","[""T"",""hey "",""do "",""t"",""hi s "",""by "",""emit"",""ting "",""a "",""t"",""iny "",""part"",""icle "",""of "",""light"","" "",""call"",""ed "",""a "",""\"""",""phot"",""on\"""","".""]",23
359,dev,359,"Scientists call this process ""stimulated emission of radiation"" because the atoms are stimulated by the bright light, causing the emission of a photon of light, and light is a type of radiation.","[""S"",""c"",""i en t"",""ist"",""s "",""call"","" "",""t"",""hi s "",""proc"",""es s"","" "",""\"""",""st"",""imula te d "",""emission"","" "",""of "",""radiation"",""\"""","" "",""because"","" "",""t"",""he "",""at"",""oms "",""are "",""st"",""imula te d "",""by "",""t"",""he "",""bright"","" "",""light"","", "",""causing "",""t"",""he "",""emission"","" "",""of "",""a "",""phot"",""on "",""of "",""light"","", "",""and "",""light"","" "",""is "",""a "",""t"",""ype "",""of "",""radiation"","".""]",59
360,dev,360,"The next picture shows the atoms emitting photons. Of course, in reality photons are a lot smaller than those in the picture.","[""T"",""he "",""next"","" "",""picture "",""show"",""s "",""t"",""he "",""at"",""oms "",""emit"",""ting "",""phot"",""ons. "",""Of cour"",""se, "",""in "",""realit"",""y "",""phot"",""ons "",""are "",""a "",""lot "",""small"",""er "",""t"",""han "",""t"",""hose "",""in "",""t"",""he "",""picture.""]",35
361,dev,361,Photons are even smaller than the stuff that makes up atoms!,"[""P"",""h"",""ot"",""ons "",""are "",""ev en  "",""small"",""er "",""t"",""han "",""t"",""he "",""st"",""uff "",""t"",""hat "",""mak es  "",""up "",""at"",""oms!""]",20
362,dev,362,After hundreds of hours of operation the filament in the bulb eventually burns out and the light bulb no longer works.,"[""Af"",""te r"","" "",""hundr"",""eds "",""of "",""hours "",""of "",""operat"",""ion"","" "",""t"",""he "",""filam en t"","" "",""in "",""t"",""he "",""bulb"","" "",""ev en t"",""uall"",""y "",""bur"",""ns "",""out"","" "",""and "",""t"",""he "",""light"","" "",""bulb"","" "",""no "",""longer "",""wor"",""ks.""]",38
363,dev,363,The light bulb then needs replacing. It is necessary to be careful in replacing the light bulb.,"[""T"",""he "",""light"","" "",""bulb"","" "",""t"",""h en  "",""needs "",""repl"",""acing. "",""It "",""is "",""nec es s"",""ar"",""y "",""t"",""o "",""be "",""car"",""ef"",""ul "",""in "",""repl"",""acing "",""t"",""he "",""light"","" "",""bulb"","".""]",31
364,dev,364,"First, the switch for the light fixture needs to be turned off or the cable disconnected.","[""F"",""ir"",""st"","", "",""t"",""he "",""swit"",""ch "",""for"","" "",""t"",""he "",""light"","" "",""fixt"",""ure "",""needs "",""t"",""o "",""be "",""t"",""urned "",""off"","" "",""or "",""t"",""he "",""cable "",""disc"",""onn"",""ec te d.""]",31
365,dev,365,This is because electricity flowing into the socket where the metallic part of bulb sits can give you a severe electric shock if you touch the inside of the socket or the metal base of the bulb while it is still partly in the socket.,"[""T"",""hi s "",""is "",""because"","" "",""elect"",""ricit"",""y "",""flowing "",""int"",""o "",""t"",""he "",""socket"","" "",""wher"",""e "",""t"",""he "",""met"",""all"",""ic "",""part"","" "",""of "",""bulb"","" "",""sit"",""s "",""can "",""give "",""you "",""a "",""sever"",""e "",""elect"",""ric "",""shock "",""if you "",""t"",""ouch "",""t"",""he "",""inside "",""of "",""t"",""he "",""socket"","" "",""or "",""t"",""he "",""met"",""al "",""base "",""of "",""t"",""he "",""bulb"","" "",""w hi le "",""it "",""is "",""st"",""ill "",""part"",""ly "",""in "",""t"",""he "",""socket"","".""]",72
366,dev,366,"The major organ of the circulatory system is the heart, which pumps the blood.","[""T"",""he "",""major"","" "",""organ "",""of "",""t"",""he "",""circu"",""l"",""at"",""ory "",""sys te m"","" "",""is "",""t"",""he "",""heart"","", "",""w hi ch "",""pumps "",""t"",""he "",""blood.""]",24
367,dev,367,Blood goes away from the heart in tubes called arteries and comes back to the heart in tubes called veins. The smallest tubes are called capillaries.,"[""B"",""l"",""ood"","" "",""go es  "",""away "",""fr"",""om "",""t"",""he "",""heart"","" "",""in "",""t"",""ub es  "",""call"",""ed "",""ar te r"",""i es  "",""and "",""com es  "",""back"","" "",""t"",""o "",""t"",""he "",""heart"","" "",""in "",""t"",""ub es  "",""call"",""ed "",""veins. "",""T"",""he "",""small"",""es t"","" "",""t"",""ub es  "",""are "",""call"",""ed "",""cap"",""ill"",""ari es.""]",48
368,dev,368,A triceratops' teeth would have been able to crush not only leaves but even very tough branches and roots.,"[""A "",""t"",""ricer"",""at"",""ops'"","" "",""te et"",""h "",""would"","" "",""have "",""be en  "",""able "",""t"",""o "",""c ru sh "",""not"","" "",""only "",""leav es  "",""but"","" "",""ev en  "",""ver"",""y "",""t"",""ough "",""branch es  "",""and "",""root"",""s.""]",31
369,dev,369,"Some scientists think Triceratops ate cycads, which are a type of plant that was common in the Cretaceous.","[""S"",""om"",""e "",""sci en t"",""ist"",""s "",""t"",""hi nk "",""T"",""ricer"",""atops "",""a te  "",""cycads, "",""w hi ch "",""are "",""a "",""t"",""ype "",""of "",""plan"",""t"","" "",""t"",""hat "",""was "",""comm"",""on "",""in "",""t"",""he "",""Cret"",""aceous.""]",32
370,dev,370,"These plants look like a small palm tree with a crown of sharp, spiky leaves.","[""T"",""h es e "",""plan"",""t"",""s "",""look "",""like "",""a "",""small"","" "",""palm "",""t"",""ree "",""wit"",""h "",""a "",""crown "",""of "",""sharp, "",""spiky "",""leav es.""]",21
371,dev,371,A Triceratops could have used its strong beak to strip off the leaves before eating the trunk.,"[""A "",""T"",""ricer"",""at"",""ops "",""could"","" "",""have "",""used "",""its "",""st"",""rong "",""beak"","" "",""t"",""o "",""st"",""rip "",""off"","" "",""t"",""he "",""leav es  "",""befor"",""e "",""eat"",""ing "",""t"",""he "",""t"",""ru nk.""]",31
372,dev,372,"Other scientists argue that these plants are very poisonous so it is unlikely that any dinosaur ate them, even though today the sloth and other animals like the parrot (a descendant of the dinosaurs) can eat poisonous leaves or fruit.","[""Ot"",""her"","" "",""sci en t"",""ist"",""s "",""argue "",""t"",""hat "",""t"",""h es e "",""plan"",""t"",""s "",""are "",""ver"",""y "",""poison"",""ous "",""so "",""it "",""is "",""unl"",""ikel"",""y "",""t"",""hat "",""any "",""din"",""osaur"","" "",""a te  "",""t"",""hem, "",""ev en  "",""t"",""hough"","" "",""t"",""oday "",""t"",""he "",""sloth "",""and "",""other "",""animals "",""like "",""t"",""he "",""parrot"","" "",""(a "",""d es c en dant"","" "",""of "",""t"",""he "",""din"",""osaur"",""s)"","" "",""can "",""eat"","" "",""poison"",""ous "",""leav es  "",""or "",""f ru it"","".""]",70
373,dev,373,"How would Io's gravity pull on me? If you stood on the surface of Io, you would weigh less than you do on Earth.","[""H"",""ow"","" would"","" "",""Io'"",""s "",""grav"",""it"",""y "",""pull"","" "",""on "",""me? "",""If you "",""st"",""ood "",""on "",""t"",""he "",""sur"",""face "",""of "",""Io, "",""you "",""would"","" "",""weigh "",""l es s "",""t"",""han "",""you "",""do "",""on "",""Eart"",""h.""]",35
374,dev,374,"A person who weighs 200 pounds (90kg) on Earth would weigh about 36 pounds (16kg) on Io. So the gravity, of course, pulls less on you.","[""A "",""person"","" "",""who "",""weighs "",""200"","" "",""pound"",""s "",""(90kg)"","" "",""on "",""Eart"",""h "",""would"","" "",""weigh "",""about"","" "",""36 "",""pound"",""s "",""(16kg)"","" "",""on "",""Io. "",""So "",""t"",""he "",""grav"",""it"",""y, "",""of "",""cour"",""se, "",""pull"",""s "",""l es s "",""on "",""you.""]",40
375,dev,375,"The Sun doesn't have a crust like the Earth that you can stand on. The whole Sun is made out of gases, fire, and plasma.","[""T"",""he "",""Sun"","" "",""do esn't"","" "",""have "",""a "",""c ru st"","" "",""like "",""t"",""he "",""Eart"",""h "",""t"",""hat "",""you "",""can "",""st"",""and "",""on. "",""T"",""he "",""whol"",""e "",""Sun "",""is "",""made "",""out"","" "",""of "",""gas es, "",""fire, "",""and "",""plasm"",""a.""]",37
376,dev,376,The gas becomes thinner as you go farther from the center of the Sun.,"[""T"",""he "",""gas "",""becom es  "",""t"",""hi nner "",""as "",""you "",""go "",""far"",""t"",""her "",""from "",""t"",""he "",""c en te r "",""of "",""t"",""he "",""Sun.""]",20
377,dev,377,"The outer-part we see when we look at the Sun is called the photosphere, which means ""ball of light"".","[""T"",""he "",""ou te r-"",""part"","" "",""we "",""see"","" "",""wh en  "",""we "",""look "",""at"","" "",""t"",""he "",""Sun "",""is "",""call"",""ed "",""t"",""he "",""phot"",""ospher"",""e, "",""w hi ch "",""means "",""\"""",""ball"","" "",""of "",""light"",""\"".""]",32
378,dev,378,"About three thousand years later, in 1610, Italian astronomer Galileo Galilei used a telescope to observe that Venus has phases, just as the moon does.","[""Ab"",""out"","" "",""t"",""hree "",""t"",""housand "",""year"",""s "",""la te r, "",""in "",""1610, "",""Italian"","" "",""ast"",""ronom"",""er"","" "",""Gal"",""ileo "",""Gal"",""ilei "",""used "",""a "",""te l es cop"",""e "",""t"",""o "",""obser"",""ve "",""t"",""hat "",""V en us "",""has "",""phas es, "",""just"","" "",""as "",""t"",""he "",""moon "",""do es.""]",42
379,dev,379,Phases happen because only the side of Venus (or of the Moon) facing the Sun is lighted. The phases of Venus supported the theory of Copernicus that the planets go around the Sun.,"[""P"",""h"",""as es  "",""happ"",""en  "",""because"","" "",""only "",""t"",""he "",""sid"",""e "",""of "",""V en us "",""(or"","" "",""of "",""t"",""he "",""Moon)"","" "",""facing "",""t"",""he "",""Sun"","" "",""is "",""ligh te d. "",""T"",""he "",""phas es  "",""of "",""V en us "",""suppor te"",""d "",""t"",""he "",""t"",""heory "",""of "",""Cop"",""ernic"",""us "",""t"",""hat "",""t"",""he "",""plan"",""et"",""s "",""go "",""around"","" "",""t"",""he "",""Sun"","".""]",57
380,dev,380,"Then, a few years later in 1639, an English astronomer named Jeremiah Horrocks observed a transit of Venus.","[""T"",""h en, "",""a "",""few "",""year"",""s "",""la te r "",""in "",""1639, "",""an "",""Engl"",""ish "",""ast"",""ronom"",""er"","" "",""named "",""Jer"",""emiah "",""Hor"",""rocks "",""obser"",""ved "",""a "",""t"",""ransit"","" "",""of "",""V en us.""]",29
381,dev,381,England had experienced a long period of peace after the reconquest of the Danelaw.,"[""E"",""n"",""g"",""l"",""an"",""d "",""had "",""exper"",""i en c"",""ed "",""a "",""lon"",""g "",""period"","" "",""of "",""peace "",""af te r"","" "",""t"",""he "",""reconqu"",""es t"","" "",""of "",""t"",""he "",""Danel"",""aw"","".""]",30
382,dev,382,However in 991 Ethelred was faced with a Viking fleet larger than any since Guthrum's a century earlier.,"[""H"",""ow"",""ever"","" "",""in "",""991 "",""Et"",""helred "",""was "",""faced "",""wit"",""h "",""a "",""Viking "",""fleet"","" "",""lar"",""ger "",""t"",""han "",""any "",""sin"",""ce "",""Gut"",""h ru m'"",""s "",""a "",""c en t"",""ury "",""earl"",""ier.""]",31
383,dev,383,"This fleet was led by Olaf Trygvasson, a Norwegian with ambitions to reclaim his country from Danish domination.","[""T"",""hi s "",""fleet"","" "",""was "",""led "",""by "",""Olaf "",""T"",""rygvass"",""on"","", "",""a "",""Nor"",""wegian"","" "",""wit"",""h "",""amb"",""it"",""ion"",""s "",""t"",""o "",""recl"",""aim "",""hi s "",""count"",""ry "",""from "",""Danish "",""domin"",""ation"","".""]",34
384,dev,384,"After initial military setbacks, Ethelred was able to agree to terms with Olaf, who returned to Norway to try to gain his kingdom with mixed success.","[""Af"",""te r"","" "",""init"",""ial "",""mil"",""it"",""ary "",""set"",""backs, "",""Et"",""helred "",""was "",""able "",""t"",""o "",""agree "",""t"",""o "",""te rms "",""wit"",""h "",""Olaf, "",""who "",""ret"",""urned "",""t"",""o "",""Nor"",""way "",""t"",""o "",""t"",""ry "",""t"",""o "",""gain "",""hi s "",""kingdom"","" "",""wit"",""h "",""mixed "",""succ es s"","".""]",45
385,dev,385,Hangeul is the only purposely invented alphabet in popular daily use. The alphabet was invented in 1444 during the reign of King Sejong (1418 – 1450).,"[""H"",""an"",""g"",""eul"","" "",""is "",""t"",""he "",""only "",""purposel"",""y "",""inv en te d "",""alphab"",""et"","" "",""in "",""popul"",""ar "",""daily "",""use. "",""T"",""he "",""alphab"",""et"","" "",""was "",""inv en te d "",""in "",""1444 "",""during "",""t"",""he "",""reign"","" "",""of "",""Kin"",""g "",""Sejon"",""g "",""(1418 "",""– "",""1450).""]",42
386,dev,386,King Sejong was the fourth king of the Joseon Dynasty and is one of the most highly regarded.,"[""Kin"",""g "",""Sejon"",""g "",""was "",""t"",""he "",""four"",""t"",""h "",""king "",""of "",""t"",""he "",""Joseon"","" "",""Dyn"",""ast"",""y "",""and "",""is "",""one "",""of "",""t"",""he "",""most"","" "",""hi ghl"",""y "",""regard"",""ed.""]",31
387,dev,387,"He originally named the Hangeul alphabet Hunmin Jeongeum, which means ""the correct sounds for the instruction of the people"".","[""H"",""e "",""origin"",""all"",""y "",""named "",""t"",""he "",""Hang"",""eul"","" "",""alphab"",""et"","" "",""Hunm"",""in"","" "",""Jeon"",""geum, "",""w hi ch "",""means "",""\"""",""t"",""he "",""cor"",""rect"","" "",""sound"",""s "",""for"","" "",""t"",""he "",""inst"",""ru ct"",""ion "",""of "",""t"",""he "",""people\"""","".""]",41
388,dev,388,There are many theories to how Sanskrit came into existence. One of them is about an Aryan migration from the west into India who brought their language with them.,"[""T"",""her"",""e "",""are "",""man"",""y "",""t"",""heori es  "",""t"",""o "",""how Sanskrit"","" "",""came "",""int"",""o "",""exis te n"",""ce. "",""One "",""of "",""t"",""hem "",""is "",""about"","" "",""an "",""Aryan "",""migration"","" "",""from "",""t"",""he "",""w es t"","" "",""int"",""o "",""India "",""who "",""brough"",""t"","" "",""t"",""heir "",""languag"",""e "",""wit"",""h "",""t"",""hem.""]",48
389,dev,389,Sanskrit is an ancient language and is comparable to the Latin language spoken in Europe.,"[""S"",""an"",""skrit"","" "",""is "",""an "",""anc"",""i en t"","" "",""languag"",""e "",""and "",""is "",""comp"",""arab"",""le "",""t"",""o "",""t"",""he "",""Lat"",""in "",""languag"",""e "",""spok en  "",""in "",""Europ"",""e.""]",28
390,dev,390,"The earliest known book in the world was written in Sanskrit. After the compilation of Upanishads, Sanskrit just faded due to hierarchy.","[""T"",""he "",""earl"",""i es t"","" "",""known "",""book"","" "",""in "",""t"",""he "",""wor"",""ld "",""was "",""writ"",""te n "",""in "",""Sanskrit"","". "",""Af te r"","" "",""t"",""he "",""comp"",""ilation"","" "",""of "",""Upanishads"","", "",""San"",""skrit"","" "",""just"","" "",""faded "",""due "",""t"",""o "",""hi erarch"",""y.""]",40
391,dev,391,"Sanskrit is a very complex and rich language, which has served to be the source for many modern Indian languages, just like Latin is the source for European languages like French and Spanish.","[""S"",""an"",""skrit"","" "",""is "",""a "",""ver"",""y "",""comp"",""l"",""ex "",""and "",""rich "",""languag"",""e, "",""w hi ch "",""has "",""ser"",""ved "",""t"",""o "",""be "",""t"",""he "",""sour"",""ce "",""for"","" "",""man"",""y "",""moder"",""n "",""Indian"","" "",""languag"",""es, "",""just"","" "",""like "",""Lat"",""in "",""is "",""t"",""he "",""sour"",""ce "",""for"","" "",""Europ"",""ean"","" "",""languag"",""es  "",""like "",""Fr"",""en ch "",""and "",""Span"",""ish.""]",59
392,dev,392,"With the battle for France over, Germany began to get ready to invade the island of Britain.","[""W"",""it"",""h "",""t"",""he "",""bat"",""tle "",""for"","" "",""Fr"",""ance "",""over"","", "",""Ger"",""man"",""y "",""began "",""t"",""o "",""get "",""ready "",""t"",""o "",""invade "",""t"",""he "",""isl"",""and "",""of "",""Brit"",""ain.""]",31
393,dev,393,"Germany code-named the attack “Operation Sealion”. Most of the British Army's heavy weapons and supplies had been lost when it evacuated from Dunkirk, so the army was fairly weak.","[""G"",""er"",""man"",""y "",""code-"",""named "",""t"",""he "",""at"",""t"",""ack "",""“"",""Operat"",""ion"","" "",""Sealion"",""”"","". "",""Most"","" "",""of "",""t"",""he "",""Brit"",""ish "",""Army'"",""s "",""heavy "",""weap"",""on"",""s "",""and "",""suppl"",""i es  "",""had "",""be en  "",""lost"","" "",""wh en  "",""it "",""evacua te"",""d "",""from "",""Dunkirk, "",""so "",""t"",""he "",""army "",""was "",""fairl"",""y "",""weak"","".""]",53
394,dev,394,But the Royal Navy was still much stronger than the German Navy (“Kriegsmarine”) and could have destroyed any invasion fleet sent across the English Channel.,"[""B"",""u"",""t"","" "",""t"",""he "",""Royal "",""Navy "",""was "",""st"",""ill "",""much"","" "",""st"",""ronger "",""t"",""han "",""t"",""he "",""Ger"",""man"","" "",""Navy "",""(“"",""Kriegsm"",""arine”"","") "",""and "",""could"","" "",""have "",""d es t"",""royed "",""any "",""invasion"","" "",""fleet"","" "",""s en t"","" "",""acr"",""oss "",""t"",""he "",""Engl"",""ish "",""Channel"","".""]",48
395,dev,395,"However, very few Royal Navy ships were based near the likely invasion routes as the admirals were afraid they would be sunk by German air attack.","[""H"",""ow"",""ever"","", "",""ver"",""y "",""few "",""Royal "",""Navy "",""s hi ps "",""were "",""base"",""d "",""near"","" "",""t"",""he "",""likel"",""y "",""invasion"","" "",""rou te s "",""as "",""t"",""he "",""admirals "",""were "",""afr"",""aid "",""t"",""hey "",""would"","" "",""be "",""sunk "",""by "",""Ger"",""man"","" "",""air "",""at"",""t"",""ack.""]",43
396,dev,396,"Let's start with an explanation about Italy's plans. Italy was mainly the ""little brother"" of Germany and Japan.","[""L"",""et"",""'s "",""st"",""art "",""wit"",""h "",""an "",""explan"",""at"",""ion "",""about"","" "",""Italy'"",""s "",""plan"",""s. "",""Italy "",""was "",""mainl"",""y "",""t"",""he "",""\"""",""lit"",""tle "",""brot"",""her\"""","" "",""of "",""Ger"",""man"",""y "",""and "",""Japan"","".""]",36
397,dev,397,"It had a weaker army and a weaker navy, although they had just built four new ships right before the beginning of the war.","[""It"","" "",""had "",""a "",""weaker "",""army "",""and "",""a "",""weaker "",""navy, "",""alt"",""hough"","" "",""t"",""hey "",""had "",""just"","" "",""built"","" "",""four"","" "",""new "",""s hi ps "",""right"","" "",""befor"",""e "",""t"",""he "",""beginning "",""of "",""t"",""he "",""war.""]",35
398,dev,398,"Italy's main goals were African countries. To capture those countries, they would need to have a troop launching pad, so as troops could sail across the Mediterranean Sea and invade Africa.","[""It"",""aly'"",""s "",""main "",""goals "",""were "",""Afr"",""ican"","" "",""count"",""ri es. "",""T"",""o cap"",""ture "",""t"",""hose "",""count"",""ri es, "",""t"",""hey "",""would"","" "",""need "",""t"",""o "",""have "",""a "",""t"",""roop"","" "",""launc hi ng "",""pad, "",""so "",""as "",""t"",""roop"",""s "",""could"","" "",""sail "",""acr"",""oss "",""t"",""he "",""Med"",""i te rr"",""anean"","" "",""Sea "",""and "",""invade "",""Afr"",""ica.""]",53
399,dev,399,"For that, they had to get rid of British bases and ships in Egypt. Besides those actions, Italy's battleships were not supposed to do anything else.","[""F"",""or"","" "",""t"",""hat, "",""t"",""hey "",""had "",""t"",""o "",""get "",""rid "",""of "",""Brit"",""ish "",""bas es  "",""and "",""s hi ps "",""in "",""Egypt"","". "",""B es id es  "",""t"",""hose "",""act"",""ions, "",""Italy'"",""s "",""bat"",""tl es hi"",""ps "",""were "",""not"","" "",""supposed "",""t"",""o "",""do "",""anyt"",""hi ng "",""else.""]",41
400,dev,400,"Now for Japan. Japan was an island country, just like Britain.","[""N"",""ow"","" "",""for"","" "",""Japan"","". "",""Japan"","" "",""was "",""an "",""isl"",""and "",""count"",""ry, "",""just"","" "",""like "",""Brit"",""ain.""]",20
401,dev,401,"Submarines are ships designed to travel underwater, and remain there for an extended amount of time.","[""S"",""ub"",""mar"",""in es  "",""are "",""s hi ps "",""d es ign"",""ed "",""t"",""o "",""t"",""ravel"","" "",""under"",""w"",""a te r, "",""and "",""rem"",""ain "",""t"",""here "",""for"","" "",""an "",""ex te nded "",""amount"","" "",""of "",""t"",""ime.""]",30
402,dev,402,Submarines were used in World War I and World War II. Back then they were very slow and had a very limited shooting range.,"[""S"",""ub"",""mar"",""in es  "",""wer"",""e "",""used "",""in "",""Wor"",""ld "",""War"","" "",""I "",""and "",""Wor"",""ld "",""War"","" "",""II. "",""Back"","" "",""t"",""h en  "",""t"",""hey "",""were "",""ver"",""y "",""slow "",""and "",""had "",""a "",""ver"",""y "",""limi te d "",""shoot"",""ing "",""rang"",""e.""]",39
403,dev,403,"In the beginning of the war they mostly travelled on top of the sea, but as radar began developing and becoming more accurate the submarines were forced to go under water to avoid being seen.","[""In "",""t"",""he "",""beginning "",""of "",""t"",""he "",""war "",""t"",""hey "",""most"",""ly "",""t"",""ravel"",""l"",""ed "",""on "",""t"",""op "",""of "",""t"",""he "",""sea, "",""but"","" "",""as "",""radar "",""began "",""devel"",""oping "",""and "",""becomin"",""g "",""mor"",""e "",""accur"",""a te  "",""t"",""he "",""sub"",""marin es  "",""were "",""for"",""ced "",""t"",""o "",""go "",""under"","" "",""wa te r "",""t"",""o "",""avoid "",""being "",""se en.""]",55
404,dev,404,German submarines were called U-Boats. The Germans were very good at navigating and operating their submarines.,"[""G"",""er"",""man"","" "",""sub"",""marin es  "",""wer"",""e "",""call"",""ed "",""U-"",""Boat"",""s. "",""T"",""he "",""Ger"",""man"",""s "",""were "",""ver"",""y "",""good"","" "",""at"","" "",""navigating "",""and "",""operat"",""ing "",""t"",""heir "",""sub"",""marin es.""]",33
405,dev,405,"Because of their success with submarines, after the war Germans aren't trusted to have many of them.","[""B"",""ec"",""ause"","" "",""of "",""t"",""heir "",""succ es s"","" "",""wit"",""h "",""sub"",""marin es, "",""af te r"","" "",""t"",""he "",""war"","" "",""Ger"",""man"",""s "",""ar en 't"","" "",""t"",""ru s te d "",""t"",""o "",""have "",""man"",""y "",""of "",""t"",""hem.""]",34
406,dev,406,"Yes! King Tutankhamun, sometimes referred to as ""King Tut"" or ""The Boy King"", is one of the most well known ancient Egyptian kings in modern times.","[""Y"",""es! "",""Kin"",""g "",""T"",""utankhamun, "",""som"",""et"",""im es  "",""refer"",""red "",""t"",""o "",""as "",""\"""",""Kin"",""g "",""T"",""ut\"" "",""or "",""\"""",""T"",""he "",""Boy "",""King\"""","", "",""is "",""one "",""of "",""t"",""he "",""most"","" "",""well"","" "",""known "",""anc"",""i en t"","" "",""Egypt"",""ian "",""kings "",""in "",""moder"",""n "",""t"",""im es.""]",47
407,dev,407,"Interestingly, he was not considered to be very important in ancient times and was not recorded on most ancient king lists.","[""In te r"",""es t"",""ingl"",""y, "",""he "",""was "",""not"","" "",""consider"",""ed "",""t"",""o "",""be "",""ver"",""y "",""import"",""ant "",""in "",""anc"",""i en t"","" "",""t"",""im es  "",""and "",""was "",""not"","" "",""recor"",""ded "",""on "",""most"","" "",""anc"",""i en t"","" "",""king "",""list"",""s.""]",38
408,dev,408,"However, the discovery of his tomb in 1922 made him a celebrity. While many tombs of the past were robbed, this tomb was left virtually undisturbed.","[""H"",""ow"",""ever"","", "",""t"",""he "",""disc"",""over"",""y "",""of "",""hi s "",""t"",""omb "",""in "",""1922 "",""made "",""hi m "",""a "",""cel"",""ebrit"",""y. "",""W hi le "",""man"",""y "",""t"",""ombs "",""of "",""t"",""he "",""past"","" "",""were "",""robb"",""ed, "",""t"",""hi s "",""t"",""omb "",""was "",""left"","" "",""virt"",""uall"",""y "",""undist"",""urb"",""ed.""]",47
409,dev,409,"Most of the items buried with Tutankhamun have been well preserved, including thousands of artefacts made from precious metals and rare stones.","[""M"",""ost"","" "",""of "",""t"",""he "",""i te ms "",""bur"",""ied"","" "",""wit"",""h "",""T"",""utankhamun "",""have "",""be en  "",""well"","" "",""pr es er"",""ved, "",""incl"",""udin"",""g "",""t"",""housands "",""of "",""ar te fact"",""s "",""made "",""from "",""preci"",""ous "",""met"",""als "",""and "",""rare "",""st"",""on es.""]",38
410,dev,410,"The invention of spoke wheels made Assyrian chariots lighter, faster, and better prepared to outrun soldiers and other chariots.","[""T"",""he "",""inv en t"",""ion "",""of "",""spoke "",""wheel"",""s "",""made "",""Ass"",""yrian"","" "",""char"",""iot"",""s "",""ligh te r"","", "",""fas te r"","", "",""and "",""bet"",""te r "",""prep"",""ared "",""t"",""o "",""out"",""ru n "",""sol"",""diers "",""and "",""ot"",""her "",""char"",""iot"",""s.""]",36
411,dev,411,"Arrows from their deadly crossbows could penetrate the armor of rival soldiers. About 1000 B.C., the Assyrians introduced the first cavalry.","[""Ar"",""r"",""ow"",""s "",""from "",""t"",""heir "",""deadl"",""y "",""crossb"",""ows "",""could"","" "",""p en et"",""ra te  "",""t"",""he "",""armor"","" "",""of "",""rival "",""sol"",""diers. "",""About"","" "",""1000 "",""B.C"",""., "",""t"",""he "",""Ass"",""yrian"",""s "",""int"",""roduc"",""ed "",""t"",""he "",""first"","" "",""cavalr"",""y.""]",42
412,dev,412,"A cavalry is an army that fights on horseback. The saddle had not yet been invented, so the Assyrian cavalry fought on the bare backs of their horses.","[""A "",""cavalr"",""y "",""is "",""an "",""army "",""t"",""hat "",""fight"",""s "",""on "",""hor"",""seb"",""ack"","". "",""T"",""he "",""sadd"",""l"",""e "",""had "",""not"","" "",""yet"","" "",""be en  "",""inv en te d, "",""so "",""t"",""he "",""Ass"",""yrian"","" "",""cavalr"",""y "",""fough"",""t"","" "",""on "",""t"",""he "",""bare "",""back"",""s "",""of "",""t"",""heir "",""hor"",""s es.""]",49
413,dev,413,"We know many Greek politicians, scientists, and artists. Possibly the most known person of this culture is Homer, the legendary blind poet, who composed two masterpieces of Greek literature: the poems Iliad and Odyssey.","[""W"",""e "",""know "",""man"",""y "",""Greek "",""pol"",""itician"",""s, "",""sci en t"",""ist"",""s, "",""and "",""art"",""ist"",""s. "",""Possib"",""ly "",""t"",""he "",""most"","" "",""known "",""person"","" "",""of "",""t"",""hi s "",""cult"",""ure "",""is "",""Hom"",""er"","", "",""t"",""he "",""leg en dary "",""blin"",""d "",""poet"","", "",""who "",""comp"",""osed "",""t"",""wo "",""mas te r"",""piec es  "",""of "",""Greek "",""li te r"",""ature: "",""t"",""he "",""poems "",""Iliad"","" "",""and "",""Odyss"",""ey.""]",60
414,dev,414,Sophocles and Aristophanes are still popular playwrights and their plays are considered to be among the greatest works of world literature.,"[""S"",""op"",""h"",""oc"",""l"",""es  "",""and "",""Arist"",""ophan es  "",""are "",""st"",""ill"","" "",""popul"",""ar "",""playw"",""r"",""ight"",""s "",""and "",""t"",""heir "",""plays "",""are "",""consider"",""ed "",""t"",""o "",""be "",""amon"",""g "",""t"",""he "",""grea te st"","" "",""wor"",""ks "",""of "",""wor"",""ld "",""li te r"",""ature.""]",42
415,dev,415,"Another famous Greek is a mathematician Pythagoras, mostly known for his famous theorem about relations of the sides of right triangles.","[""An"",""ot"",""her"","" "",""famous "",""Greek "",""is "",""a "",""mat"",""hemat"",""ician"","" "",""Pyt"",""hagor"",""as, "",""most"",""ly "",""known "",""for"","" "",""hi s "",""famous "",""t"",""heorem"","" "",""about"","" "",""rel"",""at"",""ions "",""of "",""t"",""he "",""sid es  "",""of "",""right"","" "",""t"",""riangl"",""es.""]",40
416,dev,416,There are varying estimates for how many people speak Hindi. It is estimated to be between the second and fourth most commonly spoken language in the world.,"[""T"",""her"",""e "",""are "",""varying "",""es t"",""ima te s "",""for"","" "",""how man"",""y "",""people "",""speak "",""Hindi. "",""It "",""is "",""es t"",""ima te d "",""t"",""o "",""be "",""bet"",""we en  "",""t"",""he "",""second"","" "",""and "",""four"",""t"",""h "",""most"","" "",""comm"",""only "",""spok en  "",""languag"",""e "",""in "",""t"",""he "",""wor"",""ld.""]",43
417,dev,417,The number of native speakers varies depending on whether or not very closely related dialects are counted.,"[""T"",""he "",""number"","" "",""of "",""nat"",""ive "",""speaker"",""s "",""vari es  "",""dep en ding "",""on "",""whether "",""or "",""not"","" "",""ver"",""y "",""close"",""l"",""y "",""rel"",""a te d "",""dialect"",""s "",""are "",""coun te"",""d.""]",28
418,dev,418,"Estimates range from 340 million to 500 million speakers, and as many as 800 million people can understand the language.","[""E"",""st"",""ima te s "",""rang"",""e "",""fr"",""om "",""340 "",""mil"",""lion"","" "",""t"",""o "",""500 "",""mil"",""lion"","" "",""speaker"",""s, "",""and "",""as "",""man"",""y "",""as "",""800 "",""mil"",""lion"","" "",""people "",""can "",""under"",""st"",""and "",""t"",""he "",""languag"",""e.""]",37
419,dev,419,"Hindi and Urdu are similar in vocabulary but different in script; in everyday conversations, speakers of both languages can usually understand each other.","[""H"",""in"",""di "",""and "",""Urdu "",""are "",""sim"",""il"",""ar "",""in "",""vocabulary "",""but"","" "",""differ en t"","" "",""in "",""scr"",""ipt; "",""in "",""ever"",""yday "",""conv"",""er"",""sat"",""ion"",""s, "",""speaker"",""s "",""of "",""bot"",""h "",""languag"",""es  "",""can "",""usuall"",""y "",""under"",""st"",""and "",""each "",""ot"",""her.""]",42
420,dev,420,"Around the 15th century, northern Estonia was under great cultural influence of Germany.","[""Ar"",""ou"",""nd"","" "",""t"",""he "",""15t"",""h "",""c en t"",""ury, "",""nor"",""t"",""hern "",""Est"",""onia "",""was "",""under"","" "",""great"","" "",""cult"",""ural "",""infl"",""u en ce "",""of "",""Ger"",""man"",""y.""]",28
421,dev,421,"Some German monks wanted to bring God closer to the native people, so they invented the Estonian literal language.","[""S"",""om"",""e "",""Ger"",""man"","" "",""mon"",""ks "",""wan te d "",""t"",""o "",""bring "",""God "",""close"",""r"","" "",""t"",""o "",""t"",""he "",""nat"",""ive "",""people, "",""so "",""t"",""hey "",""inv en te d "",""t"",""he "",""Est"",""onian"","" "",""li te ral "",""languag"",""e.""]",35
422,dev,422,"It was based on the German alphabet and one character ""Õ/õ"" was added.","[""It"","" "",""was "",""base"",""d "",""on "",""t"",""he "",""Ger"",""man"","" "",""alphab"",""et"","" "",""and "",""one "",""char"",""ac te r"","" "",""\"""",""Õ/"",""õ\"""","" "",""was "",""added.""]",25
423,dev,423,"As time passed, many words that were borrowed from German coalesced. This was the beginning of enlightenment.","[""As"","" t"",""ime "",""pass"",""ed, "",""man"",""y "",""wor"",""ds "",""t"",""hat "",""were "",""bor"",""rowed "",""fr"",""om "",""Ger"",""man"","" "",""coal es ced. "",""T"",""hi s "",""was "",""t"",""he "",""beginning "",""of "",""en ligh te nm en t"","".""]",29
424,dev,424,"Traditionally, the heir to the throne would go straight into the military after finishing school.","[""T"",""radit"",""ion"",""all"",""y, "",""t"",""he "",""heir "",""t"",""o "",""t"",""he "",""t"",""hrone "",""would"","" "",""go "",""st"",""raight"","" "",""int"",""o "",""t"",""he "",""mil"",""it"",""ary "",""af te r"","" "",""fin"",""is hi n"",""g "",""school"","".""]",34
425,dev,425,"However, Charles went to university at Trinity College, Cambridge where he studied Anthropology and Archaeology, and later History, earning a 2:2 (a lower second class degree).","[""H"",""ow"",""ever"","", "",""Char"",""l"",""es  "",""w en t"","" "",""t"",""o "",""univer"",""sit"",""y "",""at"","" "",""T"",""rinit"",""y "",""Col"",""l"",""ege, "",""Cambr"",""idg"",""e "",""wher"",""e "",""he "",""st"",""udied "",""Ant"",""hrop"",""ol"",""og"",""y "",""and "",""Archaeol"",""og"",""y, "",""and "",""la te r "",""Hist"",""ory, "",""earning "",""a "",""2:2"","" "",""(a "",""lower "",""second"","" "",""class"","" "",""degree)"","".""]",55
426,dev,426,Charles was the first member of the British Royal Family to be awarded a degree.,"[""C"",""h"",""ar"",""l"",""es  "",""was "",""t"",""he "",""first"","" "",""member"","" "",""of "",""t"",""he "",""Brit"",""ish "",""Royal "",""Famil"",""y "",""t"",""o "",""be "",""awar"",""ded "",""a "",""degree.""]",27
427,dev,427,European Turkey (eastern Thrace or Rumelia in the Balkan peninsula) includes 3% of the country.,"[""E"",""ur"",""op"",""ean"","" "",""T"",""urkey "",""(eas te r"",""n "",""T"",""hrace "",""or "",""Rumel"",""ia "",""in "",""t"",""he "",""Balk"",""an "",""p en insu"",""la) "",""incl"",""ud es  "",""3% "",""of "",""t"",""he "",""count"",""ry.""]",29
428,dev,428,"The territory of Turkey is more than 1,600 kilometres (1,000 mi) long and 800 km (500 mi) wide, with a roughly rectangular shape.","[""T"",""he "",""te rr"",""it"",""ory "",""of "",""T"",""urkey "",""is "",""mor"",""e "",""t"",""han "",""1,600 "",""kilomet"",""r es  "",""(1,0"",""00 "",""mi) "",""long "",""and "",""800 "",""km "",""(500 "",""mi) "",""wide, "",""wit"",""h "",""a "",""rough"",""l"",""y "",""rect"",""angul"",""ar "",""shape.""]",36
429,dev,429,"Turkey's area, including lakes, occupies 783,562 square kilometres (300,948 sq mi), of which 755,688 square kilometres (291,773 sq mi) are in south west Asia and 23,764 square kilometres (9,174 sq mi) in Europe.","[""T"",""ur"",""key'"",""s "",""area, "",""incl"",""udin"",""g "",""lak es, "",""occup"",""i es  "",""783,5"",""62 "",""squar"",""e "",""kilomet"",""r es  "",""(300,9"",""48 "",""sq "",""mi), "",""of "",""w hi ch "",""755,6"",""88 "",""square "",""kilomet"",""r es  "",""(291,7"",""73 "",""sq "",""mi) "",""are "",""in "",""sout"",""h "",""w es t"","" "",""Asia "",""and "",""23,7"",""64 "",""square "",""kilomet"",""r es  "",""(9,1"",""74 "",""sq "",""mi) "",""in "",""Europ"",""e.""]",52
430,dev,430,"Turkey's area makes it the world's 37th-largest country, and is about the size of Metropolitan France and the United Kingdom combined.","[""T"",""ur"",""key'"",""s "",""area "",""mak es  "",""it "",""t"",""he "",""wor"",""ld'"",""s "",""37t"",""h-"",""lar"",""g es t"","" "",""count"",""ry, "",""and "",""is "",""about"","" "",""t"",""he "",""size "",""of "",""Met"",""ropol"",""it"",""an "",""Fr"",""ance "",""and "",""t"",""he "",""Uni te d "",""Kin"",""gdom"","" "",""comb"",""ined.""]",42
431,dev,431,"Turkey is encircled by seas on three sides: the Aegean Sea to the west, the Black Sea to the north and the Mediterranean Sea to the south.","[""T"",""ur"",""key "",""is "",""en circl"",""ed "",""by "",""seas "",""on "",""t"",""hree "",""sid"",""es : "",""t"",""he "",""Aegean "",""Sea "",""t"",""o "",""t"",""he "",""w es t"","", "",""t"",""he "",""Black"","" "",""Sea "",""t"",""o "",""t"",""he "",""nor"",""t"",""h "",""and "",""t"",""he "",""Med"",""i te rr"",""anean"","" "",""Sea "",""t"",""o "",""t"",""he "",""sout"",""h.""]",49
432,dev,432,Luxembourg has a long history but its independence dates from 1839.,"[""L"",""uxem"",""bour"",""g"","" "",""has "",""a "",""lon"",""g "",""hi st"",""ory "",""but"","" "",""its "",""indep en d en c"",""e "",""da te s "",""from "",""1839.""]",19
433,dev,433,Present-day parts of Belgium were part of Luxembourg in the past but became Belgian after the 1830s Belgian Revolution.,"[""P"",""r"",""es en t"",""-"",""day "",""part"",""s "",""of "",""Bel"",""gium "",""were "",""part"","" "",""of "",""Luxembour"",""g "",""in "",""t"",""he "",""past"","" "",""but"","" "",""became "",""Bel"",""gian"","" "",""af te r"","" "",""t"",""he "",""1830s "",""Bel"",""gian"","" "",""Rev"",""olution"","".""]",38
434,dev,434,Luxembourg has always tried to remain a neutral country but it was occupied in both World War I and World War II by Germany.,"[""L"",""uxem"",""bour"",""g"","" "",""has "",""always "",""t"",""ried "",""t"",""o "",""rem"",""ain "",""a "",""neut"",""ral "",""count"",""ry "",""but"","" "",""it "",""was "",""occup"",""ied "",""in "",""bot"",""h "",""Wor"",""ld "",""War"","" "",""I "",""and "",""Wor"",""ld "",""War"","" "",""II "",""by "",""Ger"",""man"",""y.""]",42
435,dev,435,In 1957 Luxembourg became a founding member of the organization which is today known as the European Union.,"[""In "",""1957 "",""Luxembour"",""g "",""became "",""a "",""found"",""in"",""g "",""member"","" "",""of "",""t"",""he "",""organizat"",""ion"","" "",""w hi ch "",""is "",""t"",""oday "",""known "",""as "",""t"",""he "",""Europ"",""ean"","" "",""Union"","".""]",30
436,dev,436,The Drukgyal Dzong is a ruined fortress and Buddhist monastery in the upper part of the Paro District (in Phondey Village).,"[""T"",""he "",""D ru kgyal "",""Dzong "",""is "",""a "",""ru ined "",""for"",""t"",""r es s "",""and "",""Budd"",""hi st"","" "",""mon"",""as te r"",""y "",""in "",""t"",""he "",""upper"","" "",""part"","" "",""of "",""t"",""he "",""Paro "",""Dist"",""rict "",""(in "",""Phon"",""dey "",""Vill"",""age)"","".""]",36
437,dev,437,"It is said that in 1649, Zhabdrung Ngawang Namgyel created the fortress to commemorate his victory against the Tibetan-Mongol forces.","[""It"","" "",""is "",""said "",""t"",""hat "",""in "",""1649, "",""Zhabd ru ng "",""Ngawang "",""Namgyel "",""crea te d "",""t"",""he "",""for"",""t"",""r es s "",""t"",""o "",""comm"",""emor"",""a te"","" "",""hi s "",""victory "",""against"","" "",""t"",""he "",""T"",""ibetan-"",""Mon"",""gol"","" "",""for"",""c es.""]",36
438,dev,438,"In 1951, a fire caused for only some of the relics of the Drukgyal Dzong to remain, such as the image of Zhabdrung Ngawang Namgyal.","[""In "",""1951, "",""a "",""fire "",""cause"",""d "",""for"","" "",""only "",""som"",""e "",""of "",""t"",""he "",""rel"",""ics "",""of "",""t"",""he "",""D ru kgyal "",""Dzong "",""t"",""o "",""rem"",""ain, "",""such "",""as "",""t"",""he "",""imag"",""e "",""of "",""Zhabd ru ng "",""Ngawang "",""Namgyal.""]",35
439,dev,439,"After the fire, the fortress was preserved and protected, remaining to be one of Bhutan's most sensational attractions.","[""Af"",""te r"","" "",""t"",""he "",""fire, "",""t"",""he "",""for"",""t"",""r es s "",""was "",""pr es er"",""ved "",""and "",""pro te"",""c te"",""d, "",""rem"",""aining "",""t"",""o "",""be "",""one "",""of "",""Bhutan'"",""s "",""most"","" "",""s en sat"",""ion"",""al "",""at"",""t"",""ract"",""ions.""]",36
440,dev,440,"During the 18th century Cambodia found itself squeezed between two powerful neighbors, Thailand and Vietnam.","[""D"",""ur"",""in"",""g "",""t"",""he "",""18t"",""h "",""c en t"",""ury "",""Cambodia "",""found"","" "",""itself "",""squeez"",""ed "",""bet"",""we en  "",""t"",""wo "",""powerful "",""neighb"",""or"",""s, "",""T"",""hailan"",""d "",""and "",""Viet"",""nam.""]",30
441,dev,441,The Thais invaded Cambodia several times in the 18th century and in 1772 they destroyed Phnom Phen.,"[""T"",""he "",""T"",""hais "",""invaded "",""Cambodia "",""sever"",""al "",""t"",""im es  "",""in "",""t"",""he "",""18t"",""h "",""c en t"",""ury "",""and "",""in "",""1772 "",""t"",""hey "",""d es t"",""royed "",""Phn"",""om"","" "",""Ph en.""]",28
442,dev,442,In the last years of the 18th century the Vietnamese also invaded Cambodia.,"[""In "",""t"",""he "",""last"","" "",""years "",""of "",""t"",""he "",""18t"",""h "",""c en t"",""ury "",""t"",""he "",""Vietnam es e "",""also "",""invaded "",""Cambodia.""]",19
443,dev,443,"Eighteen percent of Venezuelans are unemployed, and most of those who are employed work in the informal economy.","[""E"",""igh te en  "",""perc en t"","" "",""of "",""V en ezuelan"",""s "",""are "",""unemp"",""l"",""oyed, "",""and "",""most"","" "",""of "",""t"",""hose "",""who "",""are "",""emp"",""loyed "",""wor"",""k "",""in "",""t"",""he "",""infor"",""mal "",""econom"",""y.""]",30
444,dev,444,"Two thirds of Venezuelans who work do so in the service sector, nearly a quarter work in industry and a fifth work in agriculture.","[""T"",""wo "",""t"",""hi rds "",""of "",""V en ezuelan"",""s "",""who "",""wor"",""k "",""do "",""so "",""in "",""t"",""he "",""ser"",""vice "",""sect"",""or, "",""near"",""l"",""y "",""a "",""quar"",""te r "",""wor"",""k "",""in "",""indust"",""ry "",""and "",""a "",""fift"",""h "",""wor"",""k "",""in "",""agr"",""icul"",""t"",""ure.""]",41
445,dev,445,"An important industry for Venezuelans is oil, where the country is a net exporter, even though only one percent work in the oil industry.","[""An"","" "",""import"",""ant "",""indust"",""ry "",""for"","" "",""V en ezuelan"",""s "",""is "",""oil, "",""wher"",""e "",""t"",""he "",""count"",""ry "",""is "",""a "",""net"","" "",""expor te"",""r, "",""ev en  "",""t"",""hough"","" "",""only "",""one "",""perc en t"","" "",""wor"",""k "",""in "",""t"",""he "",""oil "",""indust"",""ry.""]",40
446,dev,446,"Early in the nation's independence, Singapore Botanic Gardens' expertise helped to transform the island into a tropical Garden City.","[""E"",""ar"",""l"",""y "",""in "",""t"",""he "",""nat"",""ion'"",""s "",""indep en d en c"",""e, "",""Sin"",""gapore "",""Bot"",""anic "",""Gar"",""d en s'"","" "",""exper"",""t"",""ise "",""hel"",""ped "",""t"",""o "",""t"",""ransf"",""orm "",""t"",""he "",""isl"",""and "",""int"",""o "",""a "",""t"",""ropical "",""Gard en  "",""Cit"",""y.""]",41
447,dev,447,"In 1981, Vanda Miss Joaquim, an orchid hybrid, was chosen as the nation's national flower.","[""In "",""1981, "",""Vanda "",""Miss"","" "",""Joaquim"","", "",""an "",""orc hi"",""d "",""hybr"",""id, "",""was "",""chos en  "",""as "",""t"",""he "",""nat"",""ion'"",""s "",""nat"",""ional "",""flower.""]",23
448,dev,448,"Every year around October nearly 1.5 million herbivores travel towards the southern plains, crossing the Mara River, from the northern hills for the rains.","[""E"",""v"",""er"",""y "",""year"","" "",""around"","" "",""Oct"",""ober"","" "",""near"",""l"",""y "",""1.5"","" "",""mil"",""lion"","" "",""her"",""bivor"",""es  "",""t"",""ravel"","" "",""t"",""owards "",""t"",""he "",""sout"",""hern "",""plains, "",""crossin"",""g "",""t"",""he "",""Mar"",""a "",""River"","", "",""fr"",""om "",""t"",""he "",""nor"",""t"",""hern "",""hi ll"",""s "",""for"","" "",""t"",""he "",""rains.""]",54
449,dev,449,"And then back to the north through the west, once again crossing the Mara river, after the rains in around April.","[""An"",""d"","" "",""t"",""h en  "",""back"","" "",""t"",""o "",""t"",""he "",""nor"",""t"",""h "",""t"",""hrough"","" "",""t"",""he "",""w es t"","", "",""onc"",""e "",""again "",""crossin"",""g "",""t"",""he "",""Mar"",""a "",""river"","", "",""af te r"","" "",""t"",""he "",""rains "",""in "",""around"","" "",""April"","".""]",42
450,dev,450,"The Serengeti region contains the Serengeti National Park, the Ngorongoro Conservation Area and Maswa Game Reserve in Tanzania and the Maasai Mara National Reserve in Kenya.","[""T"",""he "",""Ser"",""en geti "",""region"","" "",""cont"",""ains "",""t"",""he "",""Ser"",""en geti "",""Nat"",""ion"",""al "",""Park, "",""t"",""he "",""Ngor"",""ongor"",""o "",""Conser"",""vat"",""ion"","" "",""Area "",""and "",""Maswa "",""Game "",""R es erve "",""in "",""T"",""anzania "",""and "",""t"",""he "",""Maasai "",""Mar"",""a "",""Nat"",""ion"",""al "",""R es erve "",""in "",""K en ya.""]",45
451,dev,451,"Learning to create interactive media requires conventional and traditional skills, as well as tools mastered in interactive classes (storyboarding, audio and video editing, story telling, etc.)","[""L"",""ear"",""nin"",""g "",""t"",""o "",""crea te  "",""in te r"",""act"",""ive "",""med"",""ia "",""requir"",""es  "",""conv"",""en t"",""ional "",""and "",""t"",""radition"",""al "",""skills, "",""as "",""well"","" "",""as "",""t"",""ools "",""mas te r"",""ed "",""in "",""in te r"",""act"",""ive "",""class"",""es  "",""(st"",""oryb"",""oar"",""d"",""in"",""g, "",""aud"",""io "",""and "",""video "",""edit"",""ing, "",""st"",""ory "",""te lling, "",""et"",""c.)""]",53
452,dev,452,Interactive design requires that you re-assess your assumptions about media production and learn to think in a non-linear ways.,"[""In te r"",""act"",""ive "",""d es ign"","" "",""requir"",""es  "",""t"",""hat "",""you "",""re-"",""ass"",""es s "",""your "",""ass"",""umpt"",""ions "",""about"","" "",""med"",""ia "",""produc"",""t"",""ion "",""and "",""learn "",""t"",""o "",""t"",""hi nk "",""in "",""a "",""non-"",""lin"",""ear"","" "",""ways.""]",37
453,dev,453,"Interactive design requires that components of a project connect to each other, but also make sense as a separate entity.","[""In te r"",""act"",""ive "",""d es ign"","" "",""requir"",""es  "",""t"",""hat "",""comp"",""on en t"",""s "",""of "",""a "",""project"","" "",""conn"",""ect"","" "",""t"",""o "",""each "",""ot"",""her, "",""but"","" "",""also "",""make "",""s en se "",""as "",""a "",""separa te  "",""en t"",""ity.""]",34
454,dev,454,The disadvantage of zoom lenses is that the focal complexity and number of lens elements required to achieve a range of focal lengths is much greater than for prime lenses.,"[""T"",""he "",""disadv"",""ant"",""age "",""of "",""zoom "",""l en s es  "",""is "",""t"",""hat "",""t"",""he "",""focal "",""comp"",""l"",""exit"",""y "",""and "",""number"","" "",""of "",""l en s "",""elem en t"",""s "",""requir"",""ed "",""t"",""o "",""ac hi eve "",""a "",""range "",""of "",""focal "",""l en gt"",""hs "",""is "",""much"","" "",""grea te r "",""t"",""han "",""for"","" "",""prime "",""l en s es.""]",46
455,dev,455,This is becoming less of an issue as lens manufacturers achieve higher standards in lens production.,"[""T"",""hi s "",""is "",""becomin"",""g "",""l es s "",""of "",""an "",""iss"",""ue "",""as "",""l en s "",""man"",""uf"",""act"",""urers "",""ac hi eve "",""hi gher"","" "",""st"",""andard"",""s "",""in "",""l en s "",""produc"",""t"",""ion.""]",27
456,dev,456,This has allowed zoom lenses to produce pictures of a quality comparable to that achieved by lenses with fixed focal length.,"[""T"",""hi s "",""has "",""all"",""owed "",""zoom "",""l en s es  "",""t"",""o "",""produc"",""e "",""pictur es  "",""of "",""a "",""qualit"",""y "",""comp"",""arab"",""le "",""t"",""o "",""t"",""hat "",""ac hi eved "",""by "",""l en s es  "",""wit"",""h "",""fixed "",""focal "",""l en gt"",""h.""]",32
457,dev,457,Another disadvantage of zoom lenses is that the maximum aperture (the speed) of the lens is usually lower.,"[""An"",""ot"",""her"","" "",""disadv"",""ant"",""age "",""of "",""zoom "",""l en s es  "",""is "",""t"",""hat "",""t"",""he "",""maximum "",""aper"",""t"",""ure "",""(t"",""he "",""speed)"","" "",""of "",""t"",""he "",""l en s "",""is "",""usuall"",""y "",""lower.""]",31
458,dev,458,This makes inexpensive zoom lenses hard to use in low-light conditions without a flash.,"[""T"",""hi s "",""mak es  "",""inexp en siv"",""e "",""zoom "",""l en s es  "",""har"",""d"","" "",""t"",""o "",""use "",""in "",""low-"",""light"","" "",""condit"",""ion"",""s "",""wit"",""hout "",""a "",""flash.""]",24
459,dev,459,One of the most common problems when trying to convert a movie to DVD format is the overscan.,"[""On"",""e "",""of "",""t"",""he "",""most"","" "",""comm"",""on "",""problem"",""s "",""wh en  "",""t"",""rying "",""t"",""o "",""conv"",""er"",""t "",""a "",""movie "",""t"",""o "",""DVD "",""for"",""mat "",""is "",""t"",""he "",""over"",""sc"",""an.""]",32
460,dev,460,Most televisions are made in a way to please the general public.,"[""M"",""ost"","" "",""te levision"",""s "",""are "",""made "",""in "",""a "",""way "",""t"",""o "",""please"","" "",""t"",""he "",""g en er"",""al "",""public"","".""]",20
461,dev,461,"For that reason, everything you see on the TV had the borders cut, top, bottom and sides.","[""F"",""or"","" "",""t"",""hat "",""reason"","", "",""ever"",""yt"",""hi ng "",""you "",""see"","" "",""on "",""t"",""he "",""T"",""V "",""had "",""t"",""he "",""bor"",""ders "",""cut"","", "",""t"",""op, "",""bot"",""tom "",""and "",""sid es.""]",31
462,dev,462,This is made to ensure that the image covers the whole screen. That is called overscan.,"[""T"",""hi s "",""is "",""made "",""t"",""o "",""en sure "",""t"",""hat "",""t"",""he "",""imag"",""e "",""cover"",""s "",""t"",""he "",""whol"",""e "",""scr"",""e en. "",""T"",""hat "",""is "",""call"",""ed "",""over"",""sc"",""an.""]",29
463,dev,463,"Unfortunately, when you make a DVD, it's borders will most likely be cut too, and if the video had subtitles too close to the bottom, they won't be fully shown.","[""U"",""n"",""f"",""or"",""t"",""una te l"",""y, "",""wh en  "",""you "",""make "",""a "",""DVD, "",""it's "",""bor"",""der"",""s "",""will"","" "",""most"","" "",""likel"",""y "",""be "",""cut"","" "",""t"",""oo, "",""and "",""if t"",""he "",""video "",""had "",""sub"",""t"",""itl es  "",""t"",""oo "",""close"","" "",""t"",""o "",""t"",""he "",""bot"",""tom, "",""t"",""hey "",""won't"","" "",""be "",""full"",""y "",""show"",""n.""]",54
464,dev,464,"The traditional medieval castle has long inspired the imagination, conjuring up images of jousts, banquets and Arthurian chivalry.","[""T"",""he "",""t"",""radition"",""al "",""med"",""ieval "",""cast"",""le "",""has "",""long "",""insp"",""ired "",""t"",""he "",""imag"",""inat"",""ion"","", "",""conjur"",""ing "",""up "",""imag"",""es  "",""of "",""joust"",""s, "",""banqu"",""et"",""s "",""and "",""Art"",""hurian"","" "",""c hi valr"",""y.""]",36
465,dev,465,"Even standing amidst thousand year-old ruins it is easy to bring to mind the sounds and smells of battles long gone, to almost hear the clatter of hooves on the cobbles and to smell the fear rising from the dungeon pits.","[""E"",""v"",""en  "",""st"",""anding "",""amidst"","" "",""t"",""housand "",""year"",""-"",""old "",""ru ins "",""it "",""is "",""easy "",""t"",""o "",""bring "",""t"",""o "",""min"",""d "",""t"",""he "",""sound"",""s "",""and "",""smell"",""s "",""of "",""bat"",""tl es  "",""long "",""gone, "",""t"",""o almost"","" "",""hear "",""t"",""he "",""clat"",""te r "",""of "",""hoov"",""es  "",""on "",""t"",""he "",""cobbl es  "",""and "",""t"",""o "",""smell"","" "",""t"",""he "",""fear "",""rising "",""from "",""t"",""he "",""dungeon "",""pit"",""s.""]",65
466,dev,466,But is our imagination based on reality? Why were castles built in the first place? How were they designed and built?,"[""B"",""u"",""t"","" "",""is "",""our "",""imag"",""inat"",""ion"","" "",""base"",""d "",""on "",""realit"",""y? "",""Why "",""were "",""cast"",""l es  "",""built"","" "",""in "",""t"",""he "",""first"","" "",""place? "",""How were "",""t"",""hey "",""d es ign"",""ed "",""and "",""built"",""?""]",35
467,dev,467,"Typical for the period, Kirby Muxloe Castle is more of a fortified house than a true castle.","[""T"",""ypical "",""for"","" "",""t"",""he "",""period"","", "",""Kirby "",""Muxl"",""oe "",""Cast"",""le "",""is "",""mor"",""e "",""of "",""a "",""for"",""t"",""ified "",""house"","" "",""t"",""han "",""a "",""t"",""ru e "",""cast"",""le.""]",30
468,dev,468,Its large glazed windows and thin walls would not have been able to resist a determined attack for long.,"[""It"",""s "",""lar"",""ge "",""glazed "",""win"",""dow"",""s "",""and "",""t"",""hi n "",""wall"",""s "",""would"","" "",""not"","" "",""have "",""be en  "",""able "",""t"",""o "",""r es ist"","" "",""a "",""de te rmin"",""ed "",""at"",""t"",""ack "",""for"","" "",""long.""]",33
469,dev,469,"In the 1480s, when its construction was begun by Lord Hastings, the country was relatively peaceful and defense was only required against small bands of roving marauders.","[""In "",""t"",""he "",""1480s, "",""wh en  "",""its "",""const"",""ru ct"",""ion "",""was "",""begun "",""by "",""Lor"",""d "",""Hast"",""ings, "",""t"",""he "",""count"",""ry "",""was "",""rel"",""at"",""ivel"",""y "",""peacef"",""ul "",""and "",""def en se "",""was "",""only "",""requir"",""ed "",""against"","" "",""small"","" "",""bands"","" "",""of "",""roving "",""mar"",""auder"",""s.""]",44
470,dev,470,The balance of power was a system in which European nations sought to maintain the national sovereignty of all European states.,"[""T"",""he "",""balan"",""c"",""e "",""of "",""power "",""was "",""a "",""sys te m"","" "",""in "",""w hi ch "",""Europ"",""ean"","" "",""nat"",""ions "",""sough"",""t"","" "",""t"",""o "",""maint"",""ain "",""t"",""he "",""nat"",""ional "",""sover"",""eign"",""t"",""y "",""of "",""all"","" "",""Europ"",""ean"","" "",""st"",""a te s.""]",41
471,dev,471,"The concept was that all European nations had to seek to prevent one nation from becoming powerful, and thus national governments often changed their alliances in order to maintain the balance.","[""T"",""he "",""conc"",""ept"","" "",""was "",""t"",""hat "",""all"","" "",""Europ"",""ean"","" "",""nat"",""ions "",""had "",""t"",""o "",""see"",""k "",""t"",""o "",""prev en t"","" "",""one "",""nat"",""ion "",""from "",""becomin"",""g "",""powerful, "",""and "",""t"",""hus "",""nat"",""ional "",""governm en t"",""s "",""of te n "",""changed "",""t"",""heir "",""all"",""ianc es  "",""in "",""order"","" "",""t"",""o "",""maint"",""ain "",""t"",""he "",""balan"",""c"",""e.""]",56
472,dev,472,The War of Spanish Succession marked the first war whose central issue was the balance of power.,"[""T"",""he "",""War"","" "",""of "",""Span"",""ish "",""Succ es s"",""ion"","" "",""mar"",""ked "",""t"",""he "",""first"","" "",""war"","" "",""whose "",""c en t"",""ral "",""iss"",""ue "",""was "",""t"",""he "",""balan"",""c"",""e "",""of "",""power.""]",31
473,dev,473,"This marked an important change, as European powers would no longer have the pretext of being religious wars. Thus, the Thirty Years' War would be the last war to be labeled a religious war.","[""T"",""hi s "",""marked "",""an "",""import"",""ant "",""change, "",""as "",""Europ"",""ean"","" "",""powers "",""would"","" "",""no "",""lon"",""ger "",""have "",""t"",""he "",""pre te xt"","" "",""of "",""being "",""rel"",""igious "",""war"",""s. "",""T"",""hus, "",""t"",""he "",""T"",""hi rty "",""Years'"","" "",""War"","" "",""would"","" "",""be "",""t"",""he "",""last"","" "",""war "",""t"",""o "",""be "",""labeled "",""a "",""rel"",""igious "",""war"","".""]",55
474,dev,474,"The temple of Artemis at Ephesus was destroyed on July 21, 356 BCE in an act of arson committed by Herostratus.","[""T"",""he "",""te mple "",""of "",""Ar te mis "",""at"","" "",""Eph es us "",""was "",""d es t"",""royed "",""on "",""Jul"",""y "",""21, "",""356 "",""BCE "",""in "",""an "",""act"","" "",""of "",""arson"","" "",""comm"",""it te d "",""by "",""Her"",""ost"",""ratus.""]",30
475,dev,475,"According to the story, his motivation was fame at any cost. The Ephesians, outraged, announced that Herostratus' name never be recorded.","[""Ac"",""c"",""or"",""din"",""g "",""t"",""o "",""t"",""he "",""st"",""ory, "",""hi s "",""mot"",""ivation"","" "",""was "",""fame "",""at"","" "",""any "",""cost"","". "",""T"",""he "",""Eph es ian"",""s, "",""out"",""raged, "",""ann"",""ounc"",""ed "",""t"",""hat "",""Her"",""ost"",""ratus'"","" "",""name "",""never"","" "",""be "",""recor"",""ded.""]",43
476,dev,476,"The Greek historian Strabo later noted the name, which is how we know today. The temple was destroyed on the same night that Alexander the Great was born.","[""T"",""he "",""Greek "",""hi st"",""orian"","" "",""St"",""rabo "",""la te r "",""no te d "",""t"",""he "",""name, "",""w hi ch "",""is "",""how we "",""know "",""t"",""oday. "",""T"",""he "",""te mple "",""was "",""d es t"",""royed "",""on "",""t"",""he "",""same "",""night"","" "",""t"",""hat "",""Alexander"","" "",""t"",""he "",""Great"","" "",""was "",""bor"",""n.""]",42
477,dev,477,"Alexander, as king, offered to pay to rebuild the temple, but his offer was denied. Later, after Alexander died, the temple was rebuilt in 323 BCE.","[""Al"",""ex"",""ander"","", "",""as "",""king, "",""off"",""er"",""ed "",""t"",""o "",""pay "",""t"",""o "",""reb"",""uild"","" "",""t"",""he "",""te mple, "",""but"","" "",""hi s "",""off"",""er "",""was "",""d en ied. "",""La te r, "",""af te r"","" "",""Alexander"","" "",""died, "",""t"",""he "",""te mple "",""was "",""reb"",""uilt"","" "",""in "",""323 "",""BCE.""]",43
478,dev,478,Make sure your hand is as relaxed as possible while still hitting all the notes correctly - also try not to make much extraneous motion with your fingers.,"[""M"",""ak"",""e "",""sur"",""e "",""your "",""hand"","" "",""is "",""as "",""rel"",""axed "",""as "",""possib"",""le "",""w hi le "",""st"",""ill "",""hi tting "",""all"","" "",""t"",""he "",""no te s "",""cor"",""rect"",""ly "",""- "",""also "",""t"",""ry "",""not"","" "",""t"",""o "",""make "",""much"","" "",""ext"",""raneou"",""s "",""mot"",""ion "",""wit"",""h "",""your "",""fin"",""gers.""]",48
479,dev,479,"This way, you will tire yourself out as little as possible. Remember there's no need to hit the keys with a lot of force for extra volume like on the piano.","[""T"",""hi s "",""way, "",""you "",""will"","" "",""t"",""ire "",""yoursel"",""f "",""out"","" "",""as "",""lit"",""tle "",""as "",""possib"",""le. "",""R"",""em"",""ember"","" "",""t"",""here'"",""s "",""no "",""need "",""t"",""o "",""hi t "",""t"",""he "",""keys "",""wit"",""h "",""a "",""lot "",""of "",""for"",""ce "",""for"","" "",""ext"",""ra "",""volume "",""like "",""on "",""t"",""he "",""piano.""]",50
480,dev,480,"On the accordion, to get extra volume, you use the bellows with more pressure or speed.","[""On"","" "",""t"",""he "",""accor"",""dion"","", "",""t"",""o get "",""ext"",""ra "",""volume, "",""you "",""use "",""t"",""he "",""bel"",""l"",""ows "",""wit"",""h "",""mor"",""e "",""pr es sur"",""e "",""or "",""speed.""]",27
481,dev,481,"Mysticism is the pursuit of communion with, identity with, or conscious awareness of an ultimate reality, divinity, spiritual truth, or God.","[""M"",""yst"",""icism"","" "",""is "",""t"",""he "",""pursu"",""it"","" "",""of "",""comm"",""union"","" "",""wit"",""h, "",""id en t"",""it"",""y "",""wit"",""h, "",""or "",""consc"",""ious "",""awar"",""en es s"","" "",""of "",""an "",""ult"",""ima te  "",""realit"",""y, "",""divin"",""it"",""y, "",""spirit"",""ual "",""t"",""ru th, "",""or "",""God.""]",42
482,dev,482,"The believer seeks a direct experience, intuition, or insight into divine reality/the deity or dieties.","[""T"",""he "",""bel"",""iever"","" "",""see"",""ks "",""a "",""direct"","" "",""exper"",""i en c"",""e, "",""int"",""uit"",""ion"","", "",""or"","" "",""insig"",""ht"","" "",""int"",""o "",""divin"",""e "",""realit"",""y/"",""t"",""he "",""deity "",""or "",""diet"",""i es.""]",34
483,dev,483,"Followers pursue certain ways of living, or practices that are intended to nurture those experiences.","[""F"",""ol"",""l"",""ower"",""s "",""pursu"",""e "",""cer"",""t"",""ain "",""ways "",""of "",""living, "",""or"","" "",""pract"",""ic es  "",""t"",""hat "",""are "",""in te nded "",""t"",""o "",""nur"",""t"",""ure "",""t"",""hose "",""exper"",""i en c"",""es.""]",31
484,dev,484,"Mysticism can be distinguished from other forms of religious belief and worship by its emphasis on the direct personal experience of a unique state of consciousness, particularly those of a peaceful, insightful, blissful, or even ecstatic character.","[""M"",""yst"",""icism"","" "",""can "",""be "",""dist"",""inguis"",""hed "",""fr"",""om "",""ot"",""her "",""for"",""ms "",""of "",""rel"",""igious "",""bel"",""ief "",""and "",""wor"",""s hi p "",""by "",""its "",""emp"",""hasis "",""on "",""t"",""he "",""direct"","" "",""person"",""al "",""exper"",""i en c"",""e "",""of "",""a "",""unique "",""st"",""a te  "",""of "",""consc"",""iousn"",""es s"","", "",""part"",""icul"",""ar"",""l"",""y "",""t"",""hose "",""of "",""a "",""peacef"",""ul, "",""insig"",""ht"",""ful, "",""bliss"",""ful, "",""or"","" "",""ev en  "",""ecst"",""atic "",""char"",""ac te r"","".""]",71
485,dev,485,Sikhism is a religion from the Indian sub-continent. It originated in the Punjab region during the 15th century from a sectarian split within the Hindu tradition.,"[""S"",""ik"",""hi sm"","" "",""is "",""a "",""rel"",""igion"","" "",""from "",""t"",""he "",""Indian"","" "",""sub"",""-"",""cont"",""in en t"","". "",""It "",""origin"",""a te d "",""in "",""t"",""he "",""Punjab "",""region"","" "",""during "",""t"",""he "",""15t"",""h "",""c en t"",""ury "",""from "",""a "",""sect"",""arian"","" "",""split"","" "",""wit"",""hi n "",""t"",""he "",""Hindu "",""t"",""radition"","".""]",50
486,dev,486,Sikhs consider their faith to be a separate religion from Hinduism though they acknowledge its Hindu roots and traditions.,"[""S"",""ik"",""hs "",""consider"","" "",""t"",""heir "",""fait"",""h "",""t"",""o "",""be "",""a "",""separa te  "",""rel"",""igion"","" "",""from "",""Hinduism"","" "",""t"",""hough"","" "",""t"",""hey "",""acknowledg"",""e "",""its "",""Hindu "",""root"",""s "",""and "",""t"",""radition"",""s.""]",35
487,dev,487,"Sikhs call their religion Gurmat, which is Punjabi for ""way of the guru"". The guru is a fundamental aspect of all Indian religions but in Sikhism has taken on an importance that forms the core of Sikh beliefs.","[""S"",""ik"",""hs "",""call"","" "",""t"",""heir "",""rel"",""igion"","" "",""Gur"",""mat"","", "",""w hi ch "",""is "",""Punjabi "",""for"","" "",""\"""",""way "",""of "",""t"",""he "",""gu ru \"""","". "",""T"",""he "",""gu ru  "",""is "",""a "",""fundam en t"",""al "",""aspect"","" "",""of "",""all"","" "",""Indian"","" "",""rel"",""igion"",""s "",""but"","" "",""in "",""Sik hi sm"","" "",""has "",""t"",""ak en  "",""on "",""an "",""import"",""ance "",""t"",""hat "",""for"",""ms "",""t"",""he "",""cor"",""e "",""of "",""Sikh "",""bel"",""iefs.""]",66
488,dev,488,The religion was founded in the 15th century by Guru Nanak (1469–1539). There followed in succession a further nine gurus.,"[""T"",""he "",""rel"",""igion"","" "",""was "",""found"",""ed "",""in "",""t"",""he "",""15t"",""h "",""c en t"",""ury "",""by "",""Gu ru  "",""Nanak "",""(1469"","""","""",""1539). "",""T"",""here "",""foll"",""owed "",""in "",""succ es s"",""ion"","" "",""a "",""fur"",""t"",""her "",""nine "",""gu ru s.""]",36
489,dev,489,"However, in June 1956, Krushchev's promises were put to the test when riots in Poland, where workers were protesting against food shortages and wage cuts, turned into a general protest against Communism.","[""H"",""ow"",""ever"","", "",""in "",""Jun"",""e "",""195"",""6, "",""K ru shchev'"",""s "",""prom"",""is es  "",""wer"",""e "",""put"","" "",""t"",""o "",""t"",""he "",""te st"","" "",""wh en  "",""riots "",""in "",""Pol"",""an"",""d, "",""wher"",""e "",""wor"",""kers "",""were "",""pro te"",""st"",""ing "",""against"","" "",""food "",""short"",""ag es  "",""and "",""wage "",""cut"",""s, "",""t"",""urned "",""int"",""o "",""a "",""g en er"",""al "",""pro te"",""st"","" "",""against"","" "",""Comm"",""unism"","".""]",61
490,dev,490,"Although in the end, Krushchev sent in tanks to restore order, he did give way to some economic demands and agreed to appoint the popular Wladyslaw Gomulka as the new prime minister.","[""Al"",""t"",""hough"","" "",""in "",""t"",""he "",""en d, "",""K ru shchev "",""s en t"","" "",""in "",""t"",""anks "",""t"",""o "",""r es t"",""ore "",""order"","", "",""he "",""did "",""give "",""way "",""t"",""o "",""som"",""e "",""econom"",""ic "",""demands "",""and "",""agr"",""eed "",""t"",""o "",""appoint"","" "",""t"",""he "",""popul"",""ar "",""Wladysl"",""aw "",""Gomulka "",""as "",""t"",""he "",""new "",""prime "",""min"",""is te r"","".""]",53
491,dev,491,The Indus Valley Civilization was a Bronze Age civilisation in the northwest Indian subcontinent encompassing most of modern-day Pakistan and some regions in northwest India and northeast Afghanistan.,"[""T"",""he "",""Indus "",""Val"",""l"",""ey "",""Civil"",""izat"",""ion"","" "",""was "",""a "",""Br"",""onz"",""e "",""Age "",""civil"",""isat"",""ion"","" "",""in "",""t"",""he "",""nor"",""t"",""hw es t"","" "",""Indian"","" "",""sub"",""cont"",""in en t"","" "",""en comp"",""ass"",""in"",""g "",""most"","" "",""of "",""moder"",""n-"",""day "",""Pakist"",""an "",""and "",""som"",""e "",""region"",""s "",""in "",""nor"",""t"",""hw es t"","" "",""India "",""and "",""nor"",""t"",""heast"","" "",""Afghanist"",""an.""]",63
492,dev,492,The civilisation flourished in the basins of the Indus River wherefore it derives its name.,"[""T"",""he "",""civil"",""isat"",""ion"","" "",""flourish"",""ed "",""in "",""t"",""he "",""basins "",""of "",""t"",""he "",""Indus "",""River"","" "",""wher"",""efor"",""e "",""it "",""der"",""iv es  "",""its "",""name.""]",26
493,dev,493,"Although some scholars speculate that since the civilisation also existed in the basins of the now dried up Sarasvati River, it should be aptly called the Indus-Sarasvati Civilization, while some call it the Harappan Civilization after Harappa, the first of its sites to be excavated in the 1920s.","[""Al"",""t"",""hough"","" "",""som"",""e "",""schol"",""ars "",""specula te  "",""t"",""hat "",""sin"",""ce "",""t"",""he "",""civil"",""isat"",""ion"","" "",""also "",""exis te d "",""in "",""t"",""he "",""basins "",""of "",""t"",""he "",""now "",""dried"","" "",""up "",""Sar"",""asv"",""ati "",""River"","", "",""it "",""should"","" "",""be "",""apt"",""ly "",""call"",""ed "",""t"",""he "",""Indus-"",""Sar"",""asv"",""at"",""i "",""Civil"",""izat"",""ion"","", "",""w hi le "",""som"",""e "",""call"","" "",""it "",""t"",""he "",""Har"",""appan"","" "",""Civil"",""izat"",""ion"","" "",""af te r"","" "",""Har"",""appa, "",""t"",""he "",""first"","" "",""of "",""its "",""si te s "",""t"",""o "",""be "",""exc"",""ava te d "",""in "",""t"",""he "",""1920s.""]",91
494,dev,494,The militaristic nature of the Roman empire aided in the development of medical advances.,"[""T"",""he "",""mil"",""it"",""arist"",""ic "",""nat"",""ure "",""of "",""t"",""he "",""Roman"","" "",""emp"",""ire "",""aided "",""in "",""t"",""he "",""devel"",""opm en t"","" "",""of "",""med"",""ical "",""adv"",""anc es.""]",27
495,dev,495,Doctors began to be recruited by Emperor Augustus and even formed the first Roman Medical Corps for use in the aftermath of battles.,"[""D"",""oc"",""t"",""or"",""s "",""began "",""t"",""o "",""be "",""rec ru i te d "",""by "",""Emp"",""er"",""or "",""August"",""us "",""and "",""ev en  "",""for"",""med"","" "",""t"",""he "",""first"","" "",""Roman"","" "",""Med"",""ical "",""Cor"",""ps "",""for"","" "",""use "",""in "",""t"",""he "",""af te r"",""mat"",""h "",""of "",""bat"",""tl es.""]",43
496,dev,496,Surgeons had knowledge of various sedatives including morphine from extracts of poppy seeds and scopolamine from herbane seeds.,"[""S"",""ur"",""g"",""eons "",""had "",""knowledg"",""e "",""of "",""various "",""sedat"",""iv es  "",""incl"",""udin"",""g "",""mor"",""p hi"",""n"",""e "",""fr"",""om "",""ext"",""ract"",""s "",""of "",""poppy "",""see"",""ds "",""and "",""scop"",""ol"",""amine "",""fr"",""om "",""her"",""bane "",""see"",""ds.""]",37
497,dev,497,They became proficient at amputation to save patients from gangrene as well as tourniquets and arterial clamps to stem blood flow.,"[""T"",""hey "",""became "",""profici en t"","" "",""at"","" "",""amp"",""utation"","" "",""t"",""o "",""save "",""pat"",""i en ts "",""from "",""gangr"",""en e "",""as "",""well"","" "",""as "",""t"",""ourniquet"",""s "",""and "",""ar te r"",""ial"","" "",""clamp"",""s "",""t"",""o "",""s te m "",""blood"","" "",""flow.""]",37
498,dev,498,"Over multiple centuries, the Roman empire led to great gains in the field of medicine and formed much of the knowledge we know today.","[""Ov"",""er"","" "",""mul"",""t"",""iple "",""c en t"",""uri es, "",""t"",""he "",""Roman"","" "",""emp"",""ire "",""led "",""t"",""o "",""great"","" "",""gains "",""in "",""t"",""he "",""field "",""of "",""med"",""icine "",""and "",""for"",""med"","" "",""much"","" "",""of "",""t"",""he "",""knowledg"",""e "",""we "",""know "",""t"",""oday.""]",42
499,dev,499,"Pureland origami is origami with the restriction that only one fold may be done at a time, more complex folds like reverse folds are not allowed, and all folds have straightforward locations.","[""P"",""u"",""r"",""el"",""and "",""origami "",""is "",""origami "",""wit"",""h "",""t"",""he "",""r es t"",""riction "",""t"",""hat "",""only "",""one "",""fold "",""may "",""be "",""done "",""at"","" "",""a "",""t"",""ime, "",""mor"",""e "",""comp"",""l"",""ex "",""folds "",""like "",""rev"",""er"",""se "",""folds "",""are "",""not"","" "",""all"",""owed, "",""and "",""all"","" "",""folds "",""have "",""st"",""raight"",""forward "",""location"",""s.""]",53
500,dev,500,It was developed by John Smith in the 1970s to help inexperienced folders or those with limited motor skills.,"[""It"","" "",""was "",""devel"",""oped "",""by "",""John"","" "",""Smit"",""h "",""in "",""t"",""he "",""1970s "",""t"",""o "",""hel"",""p "",""inexper"",""i en c"",""ed "",""folder"",""s "",""or "",""t"",""hose "",""wit"",""h "",""limi te d "",""mot"",""or "",""skills.""]",32
501,dev,501,Children develop an awareness of race and racial stereotypes quite young and these racial stereotypes affect behavior.,"[""C"",""hi"",""ldr"",""en  "",""devel"",""op "",""an "",""awar"",""en es s"","" "",""of "",""race "",""and "",""racial"","" "",""s te r"",""eot"",""yp es  "",""qui te  "",""young "",""and "",""t"",""h es e "",""racial"","" "",""s te r"",""eot"",""yp es  "",""aff"",""ect"","" "",""behavior"","".""]",33
502,dev,502,"For instance, children who identify with a racial minority that is stereotyped as not doing well in school tend to not do well in school once they learn about the stereotype associated with their race.","[""F"",""or"","" "",""inst"",""ance, "",""c hi ldr"",""en  "",""who "",""id en t"",""ify "",""wit"",""h "",""a "",""racial"","" "",""min"",""or"",""it"",""y "",""t"",""hat "",""is "",""s te r"",""eot"",""yped "",""as "",""not"","" "",""doing "",""well"","" "",""in "",""school"","" "",""te nd "",""t"",""o "",""not"","" "",""do "",""well"","" "",""in "",""school"","" "",""once "",""t"",""hey "",""learn "",""about"","" "",""t"",""he "",""s te r"",""eot"",""ype "",""ass"",""ocia te"",""d "",""wit"",""h "",""t"",""heir "",""race.""]",64
503,dev,503,MySpace is the third most popular website used in the United States and has 54 million profiles currently.,"[""M"",""ySpace "",""is "",""t"",""he "",""t"",""hi rd "",""most"","" "",""popul"",""ar "",""websi te  "",""used "",""in "",""t"",""he "",""Uni te d "",""St"",""a te s "",""and "",""has "",""54 "",""mil"",""lion"","" "",""profil es  "",""cur"",""r en t"",""ly.""]",29
504,dev,504,"These websites have gotten a lot of attention, especially in the education setting.","[""T"",""h es e "",""websi te s "",""have "",""got te n "",""a "",""lot "",""of "",""at"",""te ntion, "",""es pecial"",""l"",""y "",""in "",""t"",""he "",""educat"",""ion"","" "",""set"",""ting.""]",21
505,dev,505,"There are positive aspects to these websites, which include, being able to easily setup a class page which can include blogs, videos, photos, and other features.","[""T"",""her"",""e "",""are "",""posit"",""ive "",""aspect"",""s "",""t"",""o "",""t"",""h es e "",""websi te s, "",""w hi ch "",""incl"",""ude, "",""being "",""able "",""t"",""o "",""easil"",""y "",""set"",""up "",""a "",""class"","" "",""page "",""w hi ch "",""can "",""incl"",""ude "",""blogs, "",""videos, "",""phot"",""os, "",""and "",""ot"",""her "",""feat"",""ur es.""]",41
506,dev,506,"This page can easily be accessed by providing just one web address, which makes it easy to remember and easy to type in for students who may have trouble using the keyboard or with spelling.","[""T"",""hi s "",""page "",""can "",""easil"",""y "",""be "",""acc es s"",""ed "",""by "",""prov"",""id"",""ing "",""just"","" "",""one "",""web "",""addr"",""es s, "",""w hi ch "",""mak es  "",""it "",""easy "",""t"",""o "",""rem"",""ember"","" "",""and "",""easy "",""t"",""o "",""t"",""ype "",""in "",""for"","" "",""st"",""ud en t"",""s "",""who "",""may "",""have "",""t"",""rouble "",""using "",""t"",""he "",""keyboard"","" "",""or "",""wit"",""h "",""spelling.""]",54
507,dev,507,It can be customized to make it easy to read and also with as much or little color as desired.,"[""It"","" "",""can "",""be "",""cust"",""omized "",""t"",""o "",""make "",""it "",""easy "",""t"",""o "",""read "",""and "",""also "",""wit"",""h "",""as "",""much"","" "",""or "",""lit"",""tle "",""col"",""or "",""as "",""d es ired.""]",28
508,dev,508,"Attention Deficit Disorder ""is a neurological syndrome whose classic defining triad of symptoms including impulsivity, distractibility, and hyperactivity or excess energy"".","[""At"",""te nt"",""ion"","" "",""Deficit"","" "",""Disorder"","" "",""\"""",""is "",""a "",""neurol"",""og"",""ical "",""syn"",""dr"",""om"",""e "",""whose "",""class"",""ic "",""defin"",""ing "",""t"",""riad "",""of "",""sym"",""pt"",""oms "",""incl"",""udin"",""g "",""impul"",""siv"",""it"",""y, "",""dist"",""ract"",""ibilit"",""y, "",""and "",""hyp"",""er"",""act"",""ivit"",""y "",""or "",""exc"",""es s "",""en er"",""gy\"""","".""]",52
509,dev,509,"It is not a learning disability, it is a learning disorder; it ""affects 3 to 5 percent of all children, perhaps as many as 2 million American children"".","[""It"","" "",""is "",""not"","" "",""a "",""learning "",""disabilit"",""y, "",""it "",""is "",""a "",""learning "",""disorder"",""; "",""it "",""\"""",""aff"",""ect"",""s "",""3 "",""t"",""o "",""5 "",""perc en t"","" "",""of "",""all"","" "",""c hi ldr"",""en, "",""perhaps "",""as "",""man"",""y "",""as "",""2 "",""mil"",""lion"","" "",""Amer"",""ican"","" "",""c hi ldr"",""en \"".""]",45
510,dev,510,"Children with ADD have a hard time focusing on things like school work, but they can concentrate on things they enjoy doing like playing games or watching their favorite cartoons or writing sentences without punctuation.","[""C"",""hi"",""ldr"",""en  "",""wit"",""h "",""ADD "",""have "",""a "",""har"",""d"","" "",""t"",""ime "",""focusing "",""on "",""t"",""hi ngs "",""like "",""school"","" "",""wor"",""k, "",""but"","" "",""t"",""hey "",""can "",""conc"",""en t"",""ra te  "",""on "",""t"",""hi ngs "",""t"",""hey "",""en joy "",""doing "",""like "",""playing "",""gam es  "",""or "",""wat"",""c hi ng "",""t"",""heir "",""favor"",""i te  "",""car"",""t"",""oons "",""or "",""writ"",""ing "",""s en te nc es  "",""wit"",""hout "",""punct"",""uation"","".""]",60
511,dev,511,"These children tend to get into a lot of trouble, because they ""engage in risky behaviors, get into fights, and challenge authority"" in order to stimulate their brain, since their brain can not be stimulated by normal methods.","[""T"",""h es e "",""c hi ldr"",""en  "",""te nd "",""t"",""o "",""get "",""int"",""o "",""a "",""lot "",""of "",""t"",""rouble, "",""because"","" "",""t"",""hey "",""\"""",""en gage "",""in "",""risky "",""behavior"",""s, "",""get "",""int"",""o "",""fight"",""s, "",""and "",""chall"",""en ge "",""aut"",""horit"",""y\"""","" "",""in "",""order"","" "",""t"",""o "",""st"",""imula te  "",""t"",""heir "",""brain, "",""sin"",""ce "",""t"",""heir "",""brain "",""can "",""not"","" "",""be "",""st"",""imula te d "",""by "",""nor"",""mal "",""met"",""hods.""]",63
512,dev,512,ADD affects relationships with other peers because other children can not understand why they act the way that they do or why they spell they way they do or that their maturity level is different.,"[""AD"",""D"","" "",""aff"",""ect"",""s "",""rel"",""at"",""ion"",""s hi"",""ps "",""wit"",""h "",""ot"",""her "",""peers "",""because"","" "",""ot"",""her "",""c hi ldr"",""en  "",""can "",""not"","" "",""under"",""st"",""and "",""why "",""t"",""hey "",""act"","" "",""t"",""he "",""way "",""t"",""hat "",""t"",""hey "",""do "",""or "",""why "",""t"",""hey "",""spell "",""t"",""hey "",""way "",""t"",""hey "",""do "",""or "",""t"",""hat "",""t"",""heir "",""mat"",""urit"",""y "",""level"","" "",""is "",""differ en t"","".""]",65
513,dev,513,As the ability to obtain knowledge and to learn changed in such a way as mentioned above the base rate at which knowledge was obtained changed.,"[""As"","" t"",""he "",""abilit"",""y "",""t"",""o "",""obt"",""ain "",""knowledg"",""e "",""and "",""t"",""o "",""learn "",""changed "",""in "",""such "",""a "",""way "",""as "",""m en t"",""ioned "",""above "",""t"",""he "",""base "",""ra te  "",""at"","" "",""w hi ch "",""knowledg"",""e "",""was "",""obt"",""ained "",""changed.""]",37
514,dev,514,"The approach to obtaining information was different. No longer did pressure reside within individual recall, but the ability to recall text became more of a focus.","[""T"",""he "",""appr"",""oach"","" "",""t"",""o "",""obt"",""aining "",""infor"",""mat"",""ion"","" "",""was "",""differ"",""en t"","". "",""No longer "",""did "",""pr es sur"",""e "",""r es ide "",""wit"",""hi n "",""individual"","" "",""recall"","", "",""but"","" "",""t"",""he "",""abilit"",""y "",""t"",""o "",""recall"","" "",""te xt"","" "",""became "",""mor"",""e "",""of "",""a "",""focus.""]",46
515,dev,515,"In essence, the Renaissance made a significant change in the approach to learning and the dissemination of knowledge.","[""In "",""es s en c"",""e, "",""t"",""he "",""R en aiss"",""ance "",""made "",""a "",""sign"",""ifican"",""t"","" "",""change "",""in "",""t"",""he "",""appr"",""oach "",""t"",""o "",""learning "",""and "",""t"",""he "",""diss"",""em"",""inat"",""ion"","" "",""of "",""knowledg"",""e.""]",33
516,dev,516,"Unlike other primates, hominids no longer use their hands in locomotion or bearing weight or swinging through the trees.","[""U"",""n"",""l"",""ike "",""ot"",""her "",""prima te s, "",""hom"",""in"",""ids "",""no "",""lon"",""ger "",""use "",""t"",""heir "",""hand"",""s"","" "",""in "",""locomot"",""ion "",""or "",""bear"",""ing "",""weight"","" "",""or "",""swin"",""gin"",""g "",""t"",""hrough"","" "",""t"",""he "",""t"",""re es.""]",38
517,dev,517,"The chimpanzee's hand and foot are similar in size and length, reflecting the hand's use for bearing weight in knuckle walking.","[""T"",""he "",""c hi mpanzee'"",""s "",""hand"","" "",""and "",""foot"","" "",""are "",""sim"",""il"",""ar "",""in "",""size "",""and "",""l en gt"",""h, "",""reflect"",""ing "",""t"",""he "",""hand"",""'"",""s "",""use "",""for"","" "",""bear"",""ing "",""weight"","" "",""in "",""knuckl"",""e "",""walking.""]",36
518,dev,518,"The human hand is shorter than the foot, with straighter phalanges.","[""T"",""he "",""hum"",""an"","" "",""hand"","" "",""is "",""shor te r "",""t"",""han "",""t"",""he "",""foot"","", "",""wit"",""h "",""st"",""raigh te r"","" "",""phalan"",""g"",""es.""]",23
519,dev,519,Fossil hand bones two million to three million years old reveal this shift in specialization of the hand from locomotion to manipulation.,"[""F"",""oss"",""il"","" "",""hand"","" "",""bon es  "",""t"",""wo "",""mil"",""lion"","" "",""t"",""o "",""t"",""hree "",""mil"",""lion"","" "",""year"",""s "",""old "",""rev"",""eal "",""t"",""hi s "",""s hi ft"","" "",""in "",""special"",""izat"",""ion"","" "",""of "",""t"",""he "",""hand"","" "",""from "",""locomot"",""ion "",""t"",""o "",""man"",""ipul"",""at"",""ion"","".""]",48
520,dev,520,Some people believe that experiencing many artificially induced lucid dreams often enough can be very exhausting.,"[""S"",""om"",""e "",""people "",""bel"",""ieve "",""t"",""hat "",""exper"",""i en c"",""ing "",""man"",""y "",""art"",""ificial"",""l"",""y "",""induced "",""lucid "",""dreams "",""of te n "",""en ough"","" "",""can "",""be "",""ver"",""y "",""exhaust"",""ing.""]",29
521,dev,521,The main reason for this phenomenon is the result of the lucid dreams expanding the length of time between REM states.,"[""T"",""he "",""main "",""reason"","" "",""for"","" "",""t"",""hi s "",""ph en om"",""en on "",""is "",""t"",""he "",""r es ult"","" "",""of "",""t"",""he "",""lucid "",""dreams "",""expandin"",""g "",""t"",""he "",""l en gt"",""h "",""of "",""t"",""ime "",""bet"",""we en  "",""REM "",""st"",""a te s.""]",35
522,dev,522,"With fewer REMs per night, this state in which you experience actual sleep and your body recovers becomes infrequent enough to become a problem.","[""W"",""it"",""h "",""fewer "",""REM"",""s "",""per "",""night"","", "",""t"",""hi s "",""st"",""a te  "",""in "",""w hi ch "",""you "",""exper"",""i en c"",""e "",""act"",""ual "",""sleep "",""and "",""your "",""body "",""recover"",""s "",""becom es  "",""infr"",""equ"",""en t"","" "",""en ough"","" "",""t"",""o "",""become "",""a "",""problem"","".""]",40
523,dev,523,This is just as exhausting as if you were to wake up every twenty or thirty minutes and watch TV.,"[""T"",""hi s "",""is "",""just"","" "",""as "",""exhaust"",""ing "",""as "",""if you "",""were "",""t"",""o "",""wake "",""up "",""ever"",""y "",""t"",""w en ty "",""or "",""t"",""hi rty "",""min"",""u te s "",""and "",""wat"",""ch "",""T"",""V.""]",29
524,dev,524,The effect is dependent on how often your brain attempts to lucidly dream per night.,"[""T"",""he "",""effect"","" "",""is "",""dep en d en t"","" "",""on "",""how of te n "",""your "",""brain "",""at"",""te mpts "",""t"",""o "",""lucidl"",""y "",""dream "",""per "",""night"","".""]",21
525,dev,525,"Things did not go well for the Italians in North Africa almost from the start. Within a week of Italy's declaration of war on June 10, 1940, the British 11th Hussars had seized Fort Capuzzo in Libya.","[""T"",""hi ngs "",""did "",""not"","" "",""go "",""well"","" "",""for"","" "",""t"",""he "",""Italian"",""s "",""in "",""Nor"",""t"",""h "",""Afr"",""ica "",""almost"","" "",""from "",""t"",""he "",""st"",""art. "",""Wit"",""hi n "",""a "",""week "",""of "",""Italy'"",""s "",""declarat"",""ion"","" "",""of "",""war "",""on "",""Jun"",""e "",""10, "",""1940, "",""t"",""he "",""Brit"",""ish "",""11t"",""h "",""Hussars "",""had "",""seized "",""For"",""t"","" "",""Cap"",""uzz"",""o "",""in "",""Libya.""]",61
526,dev,526,"In an ambush east of Bardia, the British captured the Italian Tenth Army's Engineer-in-Chief, General Lastucci.","[""In "",""an "",""amb"",""ush"","" "",""east"","" "",""of "",""Bardia, "",""t"",""he "",""Brit"",""ish "",""cap"",""t"",""ured "",""t"",""he "",""Italian"","" "",""T"",""en t"",""h "",""Army'"",""s "",""Engin"",""eer"",""-"",""in-"",""C hi ef, "",""G en er"",""al "",""Last"",""ucci.""]",34
527,dev,527,"On June 28, Marshal Italo Balbo, the Governor-General of Libya and apparent heir to Mussolini, was killed by friendly fire while landing in Tobruk.","[""On"","" "",""Jun"",""e "",""28, "",""Mar"",""shal "",""Italo "",""Balb"",""o, "",""t"",""he "",""Governor"",""-"",""G en er"",""al "",""of "",""Libya "",""and "",""appar"",""en t"","" "",""heir "",""t"",""o "",""Muss"",""olini, "",""was "",""killed "",""by "",""fri en dl"",""y "",""fire "",""w hi le "",""landing "",""in "",""T"",""ob ru k.""]",38
528,dev,528,"The modern sport of fencing is played at many levels, from students learning at a university to professional and Olympic competition.","[""T"",""he "",""moder"",""n "",""sport"","" "",""of "",""f en cing "",""is "",""played "",""at"","" "",""man"",""y "",""level"",""s, "",""fr"",""om "",""st"",""ud en t"",""s "",""learning "",""at"","" "",""a "",""univer"",""sit"",""y "",""t"",""o "",""prof es sion"",""al "",""and "",""Olymp"",""ic "",""comp"",""etit"",""ion"","".""]",39
529,dev,529,"The sport is primarily played in a duel format, one fencer dueling another.","[""T"",""he "",""sport"","" "",""is "",""primar"",""il"",""y "",""played "",""in "",""a "",""duel "",""for"",""mat, "",""one "",""f en cer "",""dueling "",""anot"",""her.""]",19
530,dev,530,Golf is a game in which players use clubs to hit balls into holes.,"[""G"",""ol"",""f "",""is "",""a "",""game "",""in "",""w hi ch "",""players "",""use "",""clubs "",""t"",""o "",""hi t "",""ball"",""s "",""int"",""o "",""hol"",""es.""]",20
531,dev,531,"Eighteen holes are played during a regular round, with players usually starting on the first hole on the course and finishing on the eighteenth.","[""E"",""igh te en  "",""hol"",""es  "",""are "",""played "",""during "",""a "",""regul"",""ar "",""round"","", "",""wit"",""h "",""players "",""usuall"",""y "",""st"",""arting "",""on "",""t"",""he "",""first"","" "",""hol"",""e "",""on "",""t"",""he "",""cour"",""se "",""and "",""fin"",""is hi n"",""g "",""on "",""t"",""he "",""eigh te en t"",""h.""]",40
532,dev,532,"The player who takes the fewest strokes, or swings of the club, to complete the course wins.","[""T"",""he "",""player "",""who "",""t"",""ak es  "",""t"",""he "",""few es t"","" "",""st"",""rok es, "",""or "",""swings "",""of "",""t"",""he "",""club, "",""t"",""o comp"",""l"",""e te  "",""t"",""he "",""cour"",""se "",""win"",""s.""]",28
533,dev,533,"The game is played on grass, and the grass around the hole is mown shorter and called the green.","[""T"",""he "",""game "",""is "",""played "",""on "",""grass"","", "",""and "",""t"",""he "",""grass"","" "",""around"","" "",""t"",""he "",""hol"",""e "",""is "",""mown "",""shor te r "",""and "",""call"",""ed "",""t"",""he "",""gre en.""]",28
534,dev,534,Perhaps the most common type of tourism is what most people associate with traveling: Recreation tourism.,"[""P"",""er"",""haps"","" "",""t"",""he "",""most"","" "",""comm"",""on "",""t"",""ype "",""of "",""t"",""ourism "",""is "",""what "",""most"","" "",""people "",""ass"",""ocia te"","" "",""wit"",""h "",""t"",""ravel"",""ing: "",""Recr"",""eat"",""ion"","" "",""t"",""ourism"","".""]",35
535,dev,535,This is when people go to a place that is very different from their regular day-to-day life to relax and have fun.,"[""T"",""hi s "",""is "",""wh en  "",""people "",""go "",""t"",""o "",""a "",""place "",""t"",""hat "",""is "",""ver"",""y "",""differ en t"","" "",""from "",""t"",""heir "",""regul"",""ar "",""day-"",""t"",""o-"",""day "",""life "",""t"",""o "",""rel"",""ax "",""and "",""have "",""fun.""]",34
536,dev,536,"Beaches, theme parks and camp grounds are often the most common places frequented by recreational tourists.","[""B"",""each es, "",""t"",""heme "",""parks "",""and "",""camp"","" "",""ground"",""s "",""are "",""of te n "",""t"",""he "",""most"","" "",""comm"",""on "",""plac es  "",""frequ en te d "",""by "",""recr"",""eat"",""ion"",""al "",""t"",""ourist"",""s.""]",28
537,dev,537,If the objective of one’s visit to a particular place is to get to know its history and culture then this type of tourism is known as cultural tourism.,"[""If t"",""he "",""object"",""ive "",""of "",""one’"",""s "",""visit"","" "",""t"",""o "",""a "",""part"",""icul"",""ar "",""place "",""is "",""t"",""o "",""get "",""t"",""o "",""know "",""its "",""hi st"",""ory "",""and "",""cult"",""ure "",""t"",""h en  "",""t"",""hi s "",""t"",""ype "",""of "",""t"",""ourism "",""is "",""known "",""as "",""cult"",""ural "",""t"",""ourism.""]",45
538,dev,538,Tourists may visit different landmarks of a particular country or they may simply opt to focus on just one area.,"[""T"",""ourist"",""s "",""may "",""visit"","" "",""differ"",""en t"","" "",""landm"",""arks "",""of "",""a "",""part"",""icul"",""ar"","" "",""count"",""ry "",""or "",""t"",""hey "",""may "",""sim"",""ply "",""opt "",""t"",""o "",""focus "",""on "",""just"","" "",""one "",""area.""]",34
539,dev,539,"The Colonists, seeing this activity, had also called for reinforcements.","[""T"",""he "",""Col"",""onist"",""s, "",""see"",""i"",""ng "",""t"",""hi s "",""act"",""ivit"",""y, "",""had "",""also "",""call"",""ed "",""for"","" "",""reinfor"",""cem en t"",""s.""]",22
540,dev,540,"Troops reinforcing the forward positions included the 1st and 3rd New Hampshire regiments of 200 men, under Colonels John Stark and James Reed (both later became generals).","[""T"",""roop"",""s "",""reinfor"",""cing "",""t"",""he "",""for"",""ward "",""posit"",""ion"",""s "",""incl"",""uded "",""t"",""he "",""1st"","" "",""and "",""3rd "",""New "",""Hamp"",""s hi re "",""regim en t"",""s "",""of "",""200 "",""m en, "",""under"","" "",""Col"",""on"",""els "",""John"","" "",""St"",""ark "",""and "",""Jam es  "",""Reed"","" "",""(bot"",""h "",""la te r "",""became "",""g en er"",""als)"","".""]",48
541,dev,541,Stark's men took positions along the fence on the north end of the Colonist's position.,"[""S"",""t"",""ark'"",""s "",""m en  "",""t"",""ook "",""posit"",""ions "",""along "",""t"",""he "",""f en ce "",""on "",""t"",""he "",""nor"",""t"",""h "",""en d "",""of "",""t"",""he "",""Col"",""onist"",""'s "",""posit"",""ion.""]",28
542,dev,542,"When low tide opened a gap along the Mystic River along the northeast of the peninsula, they quickly extended the fence with a short stone wall to the north ending at the water's edge on a small beach.","[""W"",""h en  "",""low "",""t"",""ide "",""op en ed "",""a "",""gap "",""along "",""t"",""he "",""Myst"",""ic "",""River"","" "",""along "",""t"",""he "",""nor"",""t"",""heast"","" "",""of "",""t"",""he "",""p en insu"",""la, "",""t"",""hey "",""quick"",""l"",""y "",""ex te nded "",""t"",""he "",""f en ce "",""wit"",""h "",""a "",""short"","" "",""st"",""one "",""wall"","" "",""t"",""o "",""t"",""he "",""nor"",""t"",""h "",""en ding "",""at"","" "",""t"",""he "",""wa te r'"",""s "",""edge "",""on "",""a "",""small"","" "",""beach.""]",65
543,dev,543,Gridley or Stark placed a stake about 100 feet (30 m) in front of the fence and ordered that no one fire until the regulars passed it.,"[""G"",""r"",""id"",""l"",""ey "",""or "",""St"",""ark "",""placed "",""a "",""st"",""ake "",""about"","" "",""100 "",""feet"","" "",""(30 "",""m) "",""in "",""front"","" "",""of "",""t"",""he "",""f en ce "",""and "",""order"",""ed "",""t"",""hat "",""no "",""one "",""fire "",""unt"",""il "",""t"",""he "",""regul"",""ars "",""pass"",""ed "",""it.""]",43
544,dev,544,The American plan relied on launching coordinated attacks from three different directions.,"[""T"",""he "",""Amer"",""ican"","" "",""plan"","" "",""rel"",""ied "",""on "",""launc hi ng "",""coor"",""din"",""a te d "",""at"",""t"",""acks "",""from "",""t"",""hree "",""differ en t"","" "",""direct"",""ions.""]",24
545,dev,545,"General John Cadwalder would launch a diversionary attack against the British garrison at Bordentown, in order to block off any reinforcements.","[""G"",""en er"",""al "",""John"","" "",""Cadwalder"","" "",""would"","" "",""launch "",""a "",""diver"",""sion"",""ary "",""at"",""t"",""ack "",""against"","" "",""t"",""he "",""Brit"",""ish "",""garrison"","" "",""at"","" "",""Bor"",""d en t"",""own, "",""in "",""order"","" "",""t"",""o "",""block "",""off"","" "",""any "",""reinfor"",""cem en t"",""s.""]",42
546,dev,546,"General James Ewing would take 700 militia across the river at Trenton Ferry, seize the bridge over the Assunpink Creek and prevent any enemy troops from escaping.","[""G"",""en er"",""al "",""Jam es  "",""Ewing "",""would"","" "",""t"",""ake "",""700 "",""mil"",""it"",""ia "",""acr"",""oss "",""t"",""he "",""river"","" "",""at"","" "",""T"",""r en ton "",""Fer"",""ry, "",""seize "",""t"",""he "",""bridge "",""over"","" "",""t"",""he "",""Ass"",""unpink "",""Creek "",""and "",""prev en t"","" "",""any "",""en emy "",""t"",""roop"",""s "",""from "",""es caping.""]",46
547,dev,547,"The main assault force of 2,400 men would cross the river nine miles north of Trenton, and then split into two groups, one under Greene and one under Sullivan, in order to launch a pre-dawn attack.","[""T"",""he "",""main "",""ass"",""aul"",""t"","" "",""for"",""ce "",""of "",""2,4"",""00 "",""m en  "",""would"","" "",""cross "",""t"",""he "",""river"","" "",""nine "",""mil"",""es  "",""nor"",""t"",""h "",""of "",""T"",""r en ton, "",""and "",""t"",""h en  "",""split"","" "",""int"",""o "",""t"",""wo "",""groups, "",""one "",""under"","" "",""Gre en e "",""and "",""one "",""under"","" "",""Sull"",""ivan, "",""in "",""order"","" "",""t"",""o "",""launch "",""a "",""pre-"",""dawn "",""at"",""t"",""ack.""]",61
548,dev,548,"With the change from the quarter to the half mile run, speed becomes of much less importance and endurance becomes an absolute necessity.","[""W"",""it"",""h "",""t"",""he "",""change "",""from "",""t"",""he "",""quar"",""te r "",""t"",""o "",""t"",""he "",""hal"",""f "",""mil"",""e "",""ru n, "",""speed"","" "",""becom es  "",""of "",""much"","" "",""l es s "",""import"",""ance "",""and "",""en durance "",""becom es  "",""an "",""absol"",""u te  "",""nec es s"",""it"",""y.""]",38
549,dev,549,"Of course a first-class half-miler, a man who can beat two minutes, must be possessed of a fair amount of speed, but endurance must be cultivated at all hazards.","[""Of"","" cour"",""se "",""a "",""first"",""-"",""class"","" "",""hal"",""f-"",""mil"",""er, "",""a "",""man"","" "",""who "",""can "",""beat"","" "",""t"",""wo "",""min"",""u te s, "",""must"","" "",""be "",""poss es sed "",""of "",""a "",""fair "",""amount"","" "",""of "",""speed"","", "",""but"","" "",""en durance "",""must"","" "",""be "",""cult"",""iva te d "",""at"","" "",""all"","" "",""hazard"",""s.""]",49
550,dev,550,"Some cross country running during the winter, combined with gymnasium work for the upper part of the body, is the best preparation for the running season.","[""S"",""om"",""e "",""cross "",""count"",""ry "",""ru nning "",""during "",""t"",""he "",""win"",""te r"","", "",""comb"",""ined "",""wit"",""h "",""gymnasium"","" "",""wor"",""k "",""for"","" "",""t"",""he "",""upper"","" "",""part"","" "",""of "",""t"",""he "",""body, "",""is "",""t"",""he "",""b es t"","" "",""prep"",""arat"",""ion"","" "",""for"","" "",""t"",""he "",""ru nning "",""season"","".""]",49
551,dev,551,"Proper nutritional practices alone cannot generate elite performances, but they can significantly affect young athletes' overall wellness.","[""P"",""r"",""op"",""er"","" "",""nut"",""rition"",""al "",""pract"",""ic es  "",""alon"",""e "",""cannot"","" "",""g en er"",""a te  "",""eli te  "",""performan"",""c es, "",""but"","" "",""t"",""hey "",""can "",""sign"",""ifican"",""t"",""ly "",""aff"",""ect"","" "",""young "",""at"",""hle te s'"","" "",""over"",""all"","" "",""well"",""n es s"","".""]",41
552,dev,552,"Maintaining a healthy energy balance, practicing effective hydration habits, and understanding the various aspects of supplementation practices can help athletes improve their performance and increase their enjoyment of the sport.","[""M"",""aint"",""aining "",""a "",""healt"",""hy "",""en er"",""gy "",""balan"",""c"",""e, "",""pract"",""icing "",""effect"",""ive "",""hydr"",""ation"","" "",""habit"",""s, "",""and "",""under"",""st"",""andin"",""g "",""t"",""he "",""various "",""aspect"",""s "",""of "",""suppl"",""em en t"",""ation"","" "",""pract"",""ic es  "",""can "",""hel"",""p "",""at"",""hle te s "",""impr"",""ov"",""e "",""t"",""heir "",""performan"",""ce "",""and "",""incr"",""ease"","" "",""t"",""heir "",""en joym en t"","" "",""of "",""t"",""he "",""sport"","".""]",62
553,dev,553,"Middle distance running is a relatively inexpensive sport; however, there are many misconceptions regarding the few pieces of equipment required to participate.","[""M"",""id"",""dl"",""e "",""dist"",""ance "",""ru nning "",""is "",""a "",""rel"",""at"",""ivel"",""y "",""inexp en siv"",""e "",""sport"",""; "",""however"","", "",""t"",""here "",""are "",""man"",""y "",""misc"",""onc"",""ept"",""ion"",""s "",""regard"",""in"",""g "",""t"",""he "",""few "",""piec es  "",""of "",""equipm en t"","" "",""requir"",""ed "",""t"",""o "",""part"",""icipa te.""]",45
554,dev,554,"Products can be purchased as needed, but most will have little or no real impact on performance.","[""P"",""r"",""oduc"",""t"",""s "",""can "",""be "",""purchased "",""as "",""needed, "",""but"","" "",""most"","" "",""will"","" "",""have "",""lit"",""tle "",""or "",""no "",""real "",""impact"","" "",""on "",""performan"",""ce.""]",27
555,dev,555,Athletes may feel that they prefer a product even when it provides no real benefits.,"[""At"",""hl"",""e te s "",""may "",""feel"","" "",""t"",""hat "",""t"",""hey "",""prefer"","" "",""a "",""produc"",""t"","" "",""ev en  "",""wh en  "",""it "",""prov"",""id"",""es  "",""no "",""real "",""b en efit"",""s.""]",26
556,dev,556,The atom can be considered to be one of the fundamental building blocks of all matter.,"[""T"",""he "",""at"",""om "",""can "",""be "",""consider"",""ed "",""t"",""o "",""be "",""one "",""of "",""t"",""he "",""fundam en t"",""al "",""build"",""in"",""g "",""blocks "",""of "",""all"","" "",""mat"",""te r.""]",26
557,dev,557,"Its a very complex entity which consists, according to a simplified Bohr model, of a central nucleus orbited by electrons, somewhat similar to planets orbiting the sun - see Figure 1.1.","[""It"",""s "",""a "",""ver"",""y "",""comp"",""l"",""ex "",""en t"",""ity "",""w hi ch "",""consist"",""s, "",""accor"",""din"",""g "",""t"",""o "",""a "",""sim"",""plified "",""Bohr "",""model"","", "",""of "",""a "",""c en t"",""ral "",""nucl"",""eus "",""orbi te d "",""by "",""elect"",""rons, "",""som"",""ew"",""hat"","" "",""sim"",""il"",""ar "",""t"",""o "",""plan"",""et"",""s "",""orbit"",""ing "",""t"",""he "",""sun "",""- "",""see"","" "",""Figure "",""1.1"","".""]",57
558,dev,558,The nucleus consists of two particles - neutrons and protons.,"[""T"",""he "",""nucl"",""eus "",""consist"",""s "",""of "",""t"",""wo "",""part"",""icl es  "",""- "",""neut"",""rons "",""and "",""prot"",""ons.""]",17
559,dev,559,Protons have a positive electric charge while neutrons have no charge. The electrons have a negative electric charge.,"[""P"",""r"",""ot"",""ons "",""have "",""a "",""posit"",""ive "",""elect"",""ric "",""char"",""ge "",""w hi le "",""neut"",""rons "",""have "",""no "",""char"",""ge. "",""T"",""he "",""elect"",""rons "",""have "",""a "",""negat"",""ive "",""elect"",""ric "",""char"",""ge.""]",31
560,dev,560,"To Check the victim, you must first survey the scene to ensure your safety.","[""T"",""o "",""Check"","" "",""t"",""he "",""victim, "",""you "",""must"","" "",""first"","" "",""sur"",""vey "",""t"",""he "",""sc en e "",""t"",""o "",""en sure "",""your "",""safet"",""y.""]",23
561,dev,561,You need to notice the victim's position as you approach him or her and any automatic red flags.,"[""Y"",""ou "",""need "",""t"",""o "",""not"",""ice "",""t"",""he "",""victim'"",""s "",""posit"",""ion "",""as "",""you "",""appr"",""oach "",""hi m "",""or "",""her"","" "",""and "",""any "",""aut"",""omat"",""ic "",""red"","" "",""flags"","".""]",30
562,dev,562,"If you get hurt trying to help, you may only serve to make matters worse.","[""If you "",""get "",""hurt"","" "",""t"",""rying "",""t"",""o "",""hel"",""p, "",""you "",""may "",""only "",""ser"",""ve "",""t"",""o "",""make "",""mat"",""te rs "",""wor"",""se.""]",22
563,dev,563,"The study found that depression, fear and catastrophising mediated the relationship between pain and disability in lower back pain sufferers.","[""T"",""he "",""st"",""udy "",""found"","" "",""t"",""hat "",""depr es sion"","", "",""fear"","" "",""and "",""cat"",""ast"",""rop"",""hi"",""sing "",""med"",""ia te d "",""t"",""he "",""rel"",""at"",""ions hi"",""p "",""bet"",""we en  "",""pain "",""and "",""disabilit"",""y "",""in "",""lower "",""back"","" "",""pain "",""sufferers.""]",38
564,dev,564,"Only the effects of catastrophizing, not depression and fear was conditional of regular weekly structured PA sessions.","[""On"",""ly "",""t"",""he "",""effect"",""s "",""of "",""cat"",""ast"",""rop"",""hi"",""zin"",""g, "",""not"","" "",""depr es sion"","" "",""and "",""fear"","" "",""was "",""condit"",""ion"",""al "",""of "",""regul"",""ar"","" "",""weekl"",""y "",""st"",""ru ct"",""ured "",""PA "",""s es sion"",""s.""]",36
565,dev,565,Those participating in regular activity required more support in terms of negative perception of pain distinguishing the differences of chronic pain and discomfort feel from normal physical movement.,"[""T"",""hose "",""part"",""icipat"",""ing "",""in "",""regul"",""ar"","" "",""act"",""ivit"",""y "",""requir"",""ed "",""mor"",""e "",""support"","" "",""in "",""te rms "",""of "",""negat"",""ive "",""percept"",""ion "",""of "",""pain "",""dist"",""inguis"",""hi n"",""g "",""t"",""he "",""differ en c es  "",""of "",""chron"",""ic "",""pain "",""and "",""disc"",""om"",""for"",""t"","" "",""feel"","" "",""from "",""nor"",""mal "",""physic"",""al "",""movem en t"","".""]",53
566,dev,566,"Vision, or the ability to see depends on visual system sensory organs or eyes.","[""V"",""ision"","", "",""or"","" "",""t"",""he "",""abilit"",""y "",""t"",""o "",""see"","" "",""dep en ds "",""on "",""visual "",""sys te m"","" "",""s en sory "",""organs "",""or "",""ey es.""]",22
567,dev,567,"There are many different constructions of eyes, ranging in complexity depending on the requirements of the organism.","[""T"",""her"",""e "",""are "",""man"",""y "",""differ"",""en t"","" "",""const"",""ru ct"",""ions "",""of "",""ey es, "",""rang"",""ing "",""in "",""comp"",""l"",""exit"",""y "",""dep en ding "",""on "",""t"",""he "",""requir"",""em"",""en t"",""s "",""of "",""t"",""he "",""organism"","".""]",34
568,dev,568,"The different constructions have different capabilities, are sensitive to different wave-lengths and have differing degrees of acuity, also they require different processing to make sense of the input and different numbers to work optimally.","[""T"",""he "",""differ"",""en t"","" "",""const"",""ru ct"",""ions "",""have "",""differ"",""en t"","" "",""cap"",""abilit"",""i es, "",""are "",""s en sit"",""ive "",""t"",""o "",""differ en t"","" "",""wave-"",""l en gt"",""hs "",""and "",""have "",""differ"",""ing "",""degre es  "",""of "",""acuit"",""y, "",""also "",""t"",""hey "",""requir"",""e "",""differ"",""en t"","" "",""proc"",""es s"",""in"",""g "",""t"",""o "",""make "",""s en se "",""of "",""t"",""he "",""input "",""and "",""differ"",""en t"","" "",""number"",""s "",""t"",""o "",""wor"",""k "",""optimall"",""y.""]",65
569,dev,569,A population is the collection of organisms of a particular species within a given geographic area.,"[""A "",""popul"",""at"",""ion"","" "",""is "",""t"",""he "",""col"",""l"",""ect"",""ion "",""of "",""organism"",""s "",""of "",""a "",""part"",""icul"",""ar "",""speci es  "",""wit"",""hi n "",""a "",""giv en  "",""geograp hi"",""c "",""area.""]",28
570,dev,570,When all individuals in a population are identical with regard to a particular phenotypic trait they are known as monomorphic.,"[""W"",""h en  "",""all"","" "",""individual"",""s "",""in "",""a "",""popul"",""at"",""ion"","" "",""are "",""id en t"",""ical "",""wit"",""h "",""regard"","" "",""t"",""o "",""a "",""part"",""icul"",""ar "",""ph en ot"",""ypic "",""t"",""rait "",""t"",""hey "",""are "",""known "",""as "",""mon"",""om"",""orp hi"",""c.""]",38
571,dev,571,When the individuals show several variants of a particular trait they are polymorphic.,"[""W"",""h en  "",""t"",""he "",""individual"",""s "",""show"","" "",""sever"",""al "",""varian"",""t"",""s "",""of "",""a "",""part"",""icul"",""ar"","" "",""t"",""rait "",""t"",""hey "",""are "",""pol"",""ymor"",""p hi"",""c.""]",28
572,dev,572,Army ant colonies march and nest in different phases as well.,"[""Ar"",""m"",""y "",""ant"","" "",""col"",""oni es  "",""mar"",""ch "",""and "",""n es t"","" "",""in "",""differ en t"","" "",""phas es  "",""as "",""well"","".""]",19
573,dev,573,"In the nomadic phase, army ants march at night and stop to camp during the day.","[""In "",""t"",""he "",""nomadic "",""phase, "",""army "",""ant"",""s "",""mar"",""ch "",""at"","" "",""night"","" "",""and "",""st"",""op "",""t"",""o "",""camp"","" "",""during "",""t"",""he "",""day.""]",25
574,dev,574,"The colony begins a nomadic phase when available food has decreased. During this phase, the colony makes temporary nests that are changed everyday.","[""T"",""he "",""col"",""ony "",""begins "",""a "",""nomadic "",""phase "",""wh en  "",""availab"",""le "",""food "",""has "",""dec"",""r"",""ease"",""d. "",""Dur"",""in"",""g "",""t"",""hi s "",""phase, "",""t"",""he "",""col"",""ony "",""mak es  "",""te mporary "",""n es t"",""s "",""t"",""hat "",""are "",""changed "",""ever"",""yday.""]",37
575,dev,575,Each of these nomadic rampages or marches lasts for approximately 17 days.,"[""E"",""ac"",""h "",""of "",""t"",""h es e "",""nomadic "",""rampag"",""es  "",""or "",""mar"",""ch es  "",""last"",""s "",""for"","" "",""appr"",""oxima te l"",""y "",""17 "",""days.""]",21
576,dev,576,"What is a cell? The word cell comes from the Latin word ""cella"", meaning ""small room"", and it was first coined by a microscopist observing the structure of cork.","[""W"",""hat"","" "",""is "",""a "",""cel"",""l"",""? "",""T"",""he "",""wor"",""d "",""cel"",""l"","" "",""com es  "",""from "",""t"",""he "",""Lat"",""in "",""wor"",""d "",""\"""",""cel"",""l"",""a\"", "",""meaning "",""\"""",""small"","" "",""room\"""","", "",""and "",""it "",""was "",""first"","" "",""coined "",""by "",""a "",""microsc"",""op"",""ist"","" "",""obser"",""ving "",""t"",""he "",""st"",""ru ct"",""ure "",""of "",""cor"",""k.""]",55
577,dev,577,"The cell is the basic unit of all living things, and all organisms are composed of one or more cells.","[""T"",""he "",""cel"",""l"","" "",""is "",""t"",""he "",""basic "",""unit"","" "",""of "",""all"","" "",""living "",""t"",""hi ngs, "",""and "",""all"","" "",""organism"",""s "",""are "",""comp"",""osed "",""of "",""one "",""or "",""mor"",""e "",""cel"",""l"",""s.""]",33
578,dev,578,"Cells are so basic and critical to the study of life, in fact, that they are often referred to as ""the building blocks of life"".","[""C"",""el"",""l"",""s "",""are "",""so "",""basic "",""and "",""crit"",""ical "",""t"",""o "",""t"",""he "",""st"",""udy "",""of "",""life, "",""in "",""fact"","", "",""t"",""hat "",""t"",""hey "",""are "",""of te n "",""refer"",""red "",""t"",""o "",""as "",""\"""",""t"",""he "",""buildin"",""g "",""blocks "",""of "",""life\"""","".""]",41
579,dev,579,The Nervous System maintains homeostasis by sending nerve impulses through out the body to keep the flow of blood going as well as undisturbed.,"[""T"",""he "",""Ner"",""vous "",""Sys te m"","" "",""maint"",""ains "",""hom"",""eost"",""asis "",""by "",""s en ding "",""ner"",""ve "",""impul"",""s es  "",""t"",""hrough"","" "",""out"","" "",""t"",""he "",""body "",""t"",""o "",""keep "",""t"",""he "",""flow "",""of "",""blood"","" "",""going "",""as "",""well"","" "",""as "",""undist"",""urb"",""ed.""]",42
580,dev,580,These nerve impulses can be sent so quickly throughout the body which helps keep the body safe from any potential threat.,"[""T"",""h es e "",""ner"",""ve "",""impul"",""s"",""es  "",""can "",""be "",""s en t"","" "",""so "",""quickl"",""y "",""t"",""hrough"",""out"","" "",""t"",""he "",""body "",""w hi ch "",""hel"",""ps "",""keep "",""t"",""he "",""body "",""safe "",""from "",""any "",""po te nt"",""ial "",""t"",""hreat.""]",35
581,dev,581,"Tornadoes strike a small area compared to other violent storms, but they can destroy everything in their path.","[""T"",""or"",""nado es  "",""st"",""rike "",""a "",""small"","" "",""area "",""comp"",""ared "",""t"",""o "",""ot"",""her "",""viol"",""en t"","" "",""st"",""orms, "",""but"","" "",""t"",""hey "",""can "",""d es t"",""roy "",""ever"",""yt"",""hi ng "",""in "",""t"",""heir "",""pat"",""h.""]",35
582,dev,582,"Tornadoes uproot trees, rip boards from buildings, and fling cars up into the sky. The most violent two percent of tornadoes last more than three hours.","[""T"",""or"",""nado es  "",""uproot"","" "",""t"",""re es, "",""rip "",""board"",""s "",""from "",""build"",""in"",""gs, "",""and "",""flin"",""g "",""car"",""s "",""up "",""int"",""o "",""t"",""he "",""sky. "",""T"",""he "",""most"","" "",""viol"",""en t"","" "",""t"",""wo "",""perc en t"","" "",""of "",""t"",""ornado es  "",""last"","" "",""mor"",""e "",""t"",""han "",""t"",""hree "",""hours.""]",48
583,dev,583,These monster storms have winds up to 480 km/h (133 m/s; 300 mph).,"[""T"",""h es e "",""mon"",""s te r"","" "",""st"",""orms "",""have "",""win"",""ds "",""up "",""t"",""o "",""480 "",""km/"",""h "",""(133 "",""m/"",""s; "",""300 "",""mph).""]",21
584,dev,584,Humans have been making and using lenses for magnification for thousands and thousands of years.,"[""H"",""um"",""an"",""s "",""have "",""be en  "",""making "",""and "",""using "",""l en s es  "",""for"","" "",""mag"",""nificat"",""ion"","" "",""for"","" "",""t"",""housands "",""and "",""t"",""housands "",""of "",""year"",""s.""]",26
585,dev,585,"However, the first true telescopes were made in Europe in the late 16th century.","[""H"",""ow"",""ever"","", "",""t"",""he "",""first"","" "",""t"",""ru e "",""te l es cop"",""es  "",""were "",""made "",""in "",""Europ"",""e "",""in "",""t"",""he "",""la te  "",""16t"",""h "",""c en t"",""ury.""]",25
586,dev,586,These telescopes used a combination of two lenses to make distant objects appear both nearer and larger.,"[""T"",""h es e "",""te l es cop"",""es  "",""used "",""a "",""comb"",""ination"","" "",""of "",""t"",""wo "",""l en s es  "",""t"",""o "",""make "",""dist"",""ant"","" "",""object"",""s "",""appear "",""bot"",""h "",""nearer"","" "",""and "",""lar"",""ger.""]",29
587,dev,587,Greed and selfishness will always be with us and it is the nature of cooperation that when the majority benefit there will always be more to gain in the short term by acting selfishly,"[""G"",""r"",""eed"","" "",""and "",""sel"",""fishn"",""es s"","" "",""will"","" "",""always "",""be "",""wit"",""h "",""us "",""and "",""it "",""is "",""t"",""he "",""nat"",""ure "",""of "",""coop"",""erat"",""ion"","" "",""t"",""hat "",""wh en  "",""t"",""he "",""major"",""it"",""y "",""b en efit"","" "",""t"",""here "",""will"","" "",""always "",""be "",""mor"",""e "",""t"",""o "",""gain "",""in "",""t"",""he "",""short"","" "",""te rm "",""by "",""act"",""ing "",""sel"",""fishl"",""y""]",61
588,dev,588,"Hopefully, most people will realise that their long term best option is to work together with others.","[""H"",""op"",""efull"",""y, "",""most"","" "",""people "",""will"","" "",""real"",""ise "",""t"",""hat "",""t"",""heir "",""long "",""te rm "",""b es t"","" "",""option "",""is "",""t"",""o "",""wor"",""k "",""t"",""ogether "",""wit"",""h "",""others.""]",30
589,dev,589,"Many people dream of the day when humans can travel to another star and explore other worlds, some people wonder what's out there some belive that aliens or other life may live on another plant.","[""M"",""an"",""y "",""people "",""dream "",""of "",""t"",""he "",""day "",""wh en  "",""hum"",""an"",""s "",""can "",""t"",""ravel"","" "",""t"",""o "",""anot"",""her "",""st"",""ar "",""and "",""explore "",""ot"",""her "",""wor"",""lds, "",""som"",""e "",""people "",""wonder "",""what'"",""s "",""out"","" "",""t"",""here "",""som"",""e "",""bel"",""ive "",""t"",""hat "",""ali en s "",""or "",""ot"",""her "",""life "",""may "",""live "",""on "",""anot"",""her "",""plan"",""t"","".""]",58
590,dev,590,"But, if this ever does happen probably won't happen for a very long time. The stars are so spread out that there are trillions of miles between stars that are ""neighbors"".","[""B"",""u"",""t"","", "",""if t"",""hi s "",""ever"","" "",""do es  "",""happ en  "",""probab"",""ly "",""won't"","" "",""happ en  "",""for"","" "",""a "",""ver"",""y "",""long "",""t"",""ime. "",""T"",""he "",""st"",""ars "",""are "",""so "",""spread "",""out"","" "",""t"",""hat "",""t"",""here "",""are "",""t"",""rill"",""ion"",""s "",""of "",""mil"",""es  "",""bet"",""we en  "",""st"",""ars "",""t"",""hat "",""are "",""\"""",""neighb"",""or"",""s\"""","".""]",56
591,dev,591,"Maybe one day, your great grandchildren will be standing atop an alien world wondering about their ancient ancestors?","[""M"",""ayb"",""e "",""one "",""day, "",""your "",""great"","" "",""grand"",""c"",""hi"",""ldr"",""en  "",""will"","" "",""be "",""st"",""anding "",""at"",""op "",""an "",""ali en  "",""wor"",""ld "",""wonder"",""ing "",""about"","" "",""t"",""heir "",""anc"",""i en t"","" "",""anc"",""es t"",""ors?""]",36
592,dev,592,Animals are made of many cells. They eat things and digest them inside. Most animals can move.,"[""An"",""im"",""als "",""are "",""made "",""of "",""man"",""y "",""cel"",""l"",""s. "",""T"",""hey "",""eat"","" "",""t"",""hi ngs "",""and "",""dig es t"","" "",""t"",""hem "",""inside. "",""Most"","" "",""animals "",""can "",""move.""]",28
593,dev,593,"Only animals have brains (though not even all animals do; jellyfish, for example, do not have brains).","[""On"",""ly "",""animal"",""s "",""have "",""brains "",""(t"",""hough"","" "",""not"","" "",""ev en  "",""all"","" "",""animals "",""do; "",""jel"",""l"",""yfish, "",""for"","" "",""exampl"",""e, "",""do not"","" "",""have "",""brains)"","".""]",28
594,dev,594,"Animals are found all over the earth. They dig in the ground, swim in the oceans, and fly in the sky.","[""An"",""im"",""als "",""are "",""found"","" "",""all"","" "",""over"","" "",""t"",""he "",""eart"",""h. "",""T"",""hey "",""dig "",""in "",""t"",""he "",""ground"","", "",""swim "",""in "",""t"",""he "",""oceans, "",""and "",""fly "",""in "",""t"",""he "",""sky.""]",33
595,dev,595,A cell is the smallest structural and functional unit of a living (things) organism.,"[""A "",""cel"",""l"","" "",""is "",""t"",""he "",""small"",""es t"","" "",""st"",""ru ctural "",""and "",""funct"",""ional "",""unit"","" "",""of "",""a "",""living "",""(t"",""hi ngs)"","" "",""organism"","".""]",25
596,dev,596,Cell comes from the Latin word cella which means small room.,"[""C"",""el"",""l"","" "",""com es  "",""from "",""t"",""he "",""Lat"",""in "",""wor"",""d "",""cel"",""l"",""a "",""w hi ch "",""means "",""small"","" "",""room"","".""]",21
597,dev,597,"If you look at living things under a microscope, you will see that they are made of small squares or balls.","[""If you "",""look "",""at"","" "",""living "",""t"",""hi ngs "",""under"","" "",""a "",""microsc"",""op"",""e, "",""you "",""will"","" "",""see"","" "",""t"",""hat "",""t"",""hey "",""are "",""made "",""of "",""small"","" "",""squar es  "",""or "",""ball"",""s.""]",31
598,dev,598,"Robert Hooke, a biologist from England, saw small squares in cork with a microscope.","[""R"",""ob"",""er"",""t"","" "",""Hooke, "",""a "",""biol"",""ogist"","" "",""from "",""Engl"",""and, "",""saw "",""small"","" "",""squar es  "",""in "",""cor"",""k "",""wit"",""h "",""a "",""micr"",""osc"",""op"",""e.""]",27
599,dev,599,They looked like rooms. He was the first person to observe dead cells,"[""T"",""hey "",""looked "",""like "",""rooms. "",""He "",""was "",""t"",""he "",""first"","" "",""person"","" "",""t"",""o "",""obser"",""ve "",""dead "",""cel"",""l"",""s""]",21
600,dev,600,Elements and compounds can move from one state to another and not change.,"[""E"",""l"",""em en t"",""s "",""and "",""comp"",""ound"",""s "",""can "",""move "",""from "",""one "",""st"",""a te  "",""t"",""o "",""anot"",""her "",""and "",""not"","" "",""change.""]",22
601,dev,601,Nitrogen as a gas still has the same properties as liquid nitrogen. The liquid state is denser but the molecules are still the same.,"[""N"",""it"",""rog en  "",""as "",""a "",""gas "",""st"",""ill "",""has "",""t"",""he "",""same "",""prop"",""ert"",""i es  "",""as "",""liquid"","" "",""nit"",""rog en. "",""T"",""he "",""liquid"","" "",""st"",""a te  "",""is "",""d en ser "",""but"","" "",""t"",""he "",""mol"",""ecul es  "",""are "",""st"",""ill "",""t"",""he "",""same.""]",40
602,dev,602,Water is another example. The compound water is made up of two hydrogen atoms and one oxygen atom.,"[""W"",""a te r"","" "",""is "",""anot"",""her "",""exampl"",""e. "",""T"",""he "",""comp"",""ound"","" "",""wa te r "",""is "",""made "",""up "",""of "",""t"",""wo "",""hydr"",""og en  "",""at"",""oms "",""and "",""one "",""oxyg en  "",""at"",""om.""]",29
603,dev,603,"It has the same molecular structure whether it is a gas, liquid, or solid.","[""It"","" "",""has "",""t"",""he "",""same "",""mol"",""ecular "",""st"",""ru ct"",""ure "",""whether "",""it "",""is "",""a "",""gas, "",""liquid"","", "",""or "",""sol"",""id"","".""]",22
604,dev,604,"Although its physical state may change, its chemical state remains the same.","[""Al"",""t"",""hough"","" "",""its "",""physic"",""al "",""st"",""a te  "",""may "",""change, "",""its "",""chem"",""ical "",""st"",""a te  "",""rem"",""ains "",""t"",""he "",""same.""]",21
605,dev,605,"Time is something that is all around us, and affects everything we do, yet is difficult to understand.","[""T"",""ime "",""is "",""som"",""et"",""hi ng "",""t"",""hat "",""is "",""all"","" "",""around"","" "",""us, "",""and "",""aff"",""ect"",""s "",""ever"",""yt"",""hi ng "",""we "",""do, "",""yet"","" "",""is "",""difficul"",""t"","" "",""t"",""o "",""under"",""st"",""and.""]",34
606,dev,606,"Time has been studied by religious, philosophical, and scientific scholars for thousands of years.","[""T"",""ime "",""has "",""be en  "",""st"",""udied "",""by "",""rel"",""igious, "",""p hi losop"",""hi"",""cal, "",""and "",""sci en t"",""ific "",""schol"",""ar"",""s "",""for"","" "",""t"",""housands "",""of "",""year"",""s.""]",25
607,dev,607,We experience time as a series of events passing from the future through the present to the past.,"[""W"",""e "",""exper"",""i en c"",""e "",""t"",""ime "",""as "",""a "",""ser"",""i es  "",""of "",""ev en t"",""s "",""pass"",""ing "",""fr"",""om "",""t"",""he "",""fut"",""ure "",""t"",""hrough"","" "",""t"",""he "",""pr es en t"","" "",""t"",""o "",""t"",""he "",""past"","".""]",35
608,dev,608,Time is also how we compare the duration (length) of events.,"[""T"",""ime "",""is "",""also "",""how we "",""comp"",""are "",""t"",""he "",""duration "",""(l en gt"",""h)"","" "",""of "",""ev en t"",""s.""]",16
609,dev,609,You can mark the passing of time yourself by observing the repetition of a cyclical event. A cyclical event is something that happens again and again regularly.,"[""Y"",""ou "",""can "",""mar"",""k "",""t"",""he "",""pass"",""ing "",""of "",""t"",""ime "",""yoursel"",""f "",""by "",""obser"",""ving "",""t"",""he "",""repet"",""it"",""ion"","" "",""of "",""a "",""cycl"",""ical "",""ev en t"","". "",""A "",""cycl"",""ical "",""ev en t"","" "",""is "",""som"",""et"",""hi ng "",""t"",""hat "",""happ en s "",""again "",""and "",""again "",""regul"",""arl"",""y.""]",47
610,dev,610,Computers today are used to manipulate pictures and videos.,"[""C"",""om"",""p"",""u te r"",""s "",""t"",""oday "",""are "",""used "",""t"",""o "",""man"",""ipul"",""a te  "",""pictur es  "",""and "",""videos.""]",17
611,dev,611,"Sophisticated animations can be constructed on computers, and this kind of animation is increasingly being used in television and films.","[""S"",""op"",""hi"",""st"",""ica te d "",""animat"",""ion"",""s "",""can "",""be "",""const"",""ru c te d "",""on "",""comp"",""u te rs, "",""and "",""t"",""hi s "",""kind "",""of "",""animat"",""ion"","" "",""is "",""incr"",""easingl"",""y "",""being "",""used "",""in "",""te levision"","" "",""and "",""films.""]",34
612,dev,612,Music is often recorded using sophisticated computers to process and mix sounds together.,"[""M"",""usic"","" "",""is "",""of te n "",""recor"",""ded "",""using "",""sop"",""hi"",""st"",""ica te d "",""comp"",""u te rs "",""t"",""o "",""proc"",""es s"","" "",""and "",""mix "",""sound"",""s "",""t"",""ogether"","".""]",26
613,dev,613,"For a long time during the nineteenth and twentieth centuries, it was believed the first inhabitants of New Zealand were the Maori people, who hunted giant birds called moas.","[""F"",""or"","" "",""a "",""long "",""t"",""ime "",""during "",""t"",""he "",""nine te en t"",""h "",""and "",""t"",""w en tieth "",""c en t"",""uri es, "",""it "",""was "",""bel"",""ieved "",""t"",""he "",""first"","" "",""inhabit"",""ants "",""of "",""New "",""Zealan"",""d "",""were "",""t"",""he "",""Maori "",""people, "",""who "",""hun te d "",""giant"","" "",""birds "",""call"",""ed "",""moas.""]",44
614,dev,614,"The theory then established the idea that the Maori people migrated from Polynesia in a Great Fleet and took New Zealand from the Moriori, establishing an agricultural society.","[""T"",""he "",""t"",""heory "",""t"",""h en  "",""es t"",""ablished "",""t"",""he "",""idea "",""t"",""hat "",""t"",""he "",""Maori "",""people "",""migra te d "",""from "",""Pol"",""yn"",""es i"",""a "",""in "",""a "",""Great"","" "",""Fleet"","" "",""and "",""t"",""ook "",""New "",""Zealan"",""d "",""from "",""t"",""he "",""Mor"",""iori, "",""es t"",""ablis hi ng "",""an "",""agricul"",""t"",""ural "",""societ"",""y.""]",48
615,dev,615,"However, new evidence suggests that the Moriori were a group of mainland Maori who migrated from New Zealand to the Chatham Islands, developing their own distinctive, peaceful culture.","[""H"",""ow"",""ever"","", "",""new "",""evid"",""en ce "",""sugg es t"",""s "",""t"",""hat "",""t"",""he "",""Mor"",""ior"",""i "",""were "",""a "",""group "",""of "",""mainl"",""and "",""Maori "",""who "",""migra te d "",""fr"",""om "",""New "",""Zealan"",""d "",""t"",""o "",""t"",""he "",""Chat"",""ham "",""Isl"",""ands"","", "",""devel"",""oping "",""t"",""heir "",""own "",""dist"",""inct"",""ive, "",""peacef"",""ul "",""cult"",""ure.""]",51
616,dev,616,There was also another tribe on the Chatham islands these were Maori who migrated away from New Zealand.,"[""T"",""her"",""e "",""was "",""also "",""anot"",""her "",""t"",""ribe "",""on "",""t"",""he "",""Chat"",""ham "",""isl"",""ands"","" "",""t"",""h es e "",""were "",""Maori "",""who "",""migra te d "",""away "",""from "",""New "",""Zealan"",""d.""]",28
617,dev,617,"They called themselves the Moriori there were a few skirmishes and in the end, the Moriori were wiped out","[""T"",""hey "",""call"",""ed "",""t"",""hemsel"",""v es  "",""t"",""he "",""Mor"",""ior"",""i "",""t"",""here "",""were "",""a "",""few "",""skirmish es  "",""and "",""in "",""t"",""he "",""en d, "",""t"",""he "",""Mor"",""ior"",""i "",""were "",""wiped "",""out""]",31
618,dev,618,Individuals who had been involved for several decades helped us appreciate our strengths and passions while candidly assessing difficulties and even failures.,"[""Ind"",""ivid"",""u"",""al"",""s"","" "",""who "",""had "",""be en  "",""invol"",""ved "",""for"","" "",""sever"",""al "",""dec"",""ad es  "",""hel"",""ped "",""us "",""appr"",""ecia te"","" "",""our "",""st"",""r en gt"",""hs "",""and "",""pass"",""ion"",""s "",""w hi le "",""cand"",""idl"",""y "",""ass"",""es sin"",""g "",""difficul"",""t"",""i es  "",""and "",""ev en  "",""failur es.""]",44
619,dev,619,"While listening to individuals share their individual, family, and organizational stories, we gained valuable insight into the past and some of the personalities who influenced for good or ill the culture of the organization.","[""W"",""hi l"",""e "",""lis te ning "",""t"",""o "",""individual"",""s "",""share "",""t"",""heir "",""individual"","", "",""famil"",""y, "",""and "",""organ"",""iz"",""at"",""ion"",""al "",""st"",""ori es, "",""we "",""gained "",""val"",""uab"",""le "",""insight"","" "",""int"",""o "",""t"",""he "",""past"","" "",""and "",""som"",""e "",""of "",""t"",""he "",""person"",""alit"",""i es  "",""who "",""infl"",""u en ced "",""for"","" "",""good"","" "",""or "",""ill"","" "",""t"",""he "",""cult"",""ure "",""of "",""t"",""he "",""organizat"",""ion"","".""]",65
620,dev,620,"While understanding one’s history does not assume understanding of culture, it does at least help people gain a sense of where they fall within the history of the organization.","[""W"",""hi l"",""e "",""under"",""st"",""andin"",""g "",""one"","""",""s "",""hi st"",""ory "",""do es  "",""not"","" "",""ass"",""ume "",""under"",""st"",""andin"",""g "",""of "",""cult"",""ure, "",""it"","" "",""do es  "",""at"","" "",""least"","" "",""hel"",""p "",""people "",""gain "",""a "",""s en se "",""of "",""wher"",""e "",""t"",""hey "",""fall"","" "",""wit"",""hi n "",""t"",""he "",""hi st"",""ory "",""of "",""t"",""he "",""organizat"",""ion"","".""]",56
621,dev,621,"While assessing the successes and becoming aware of failures, individuals and the whole of the participating persons discover more deeply the values, mission, and driving forces of the organization.","[""W"",""hi l"",""e "",""ass"",""es sin"",""g "",""t"",""he "",""succ es s"",""es  "",""and "",""becomin"",""g "",""awar"",""e "",""of "",""failur es, "",""individ"",""ual"",""s "",""and "",""t"",""he "",""whol"",""e "",""of "",""t"",""he "",""part"",""icipat"",""ing "",""person"",""s "",""disc"",""over"","" "",""mor"",""e "",""deeply "",""t"",""he "",""val"",""u es, "",""miss"",""ion"","", "",""and "",""drivin"",""g "",""for"",""c es  "",""of "",""t"",""he "",""organizat"",""ion"","".""]",57
622,dev,622,"In this instance, recalling previous instances of entrepreneurial behavior and resulting successes helped people to be open to new changes and new direction for the local church.","[""In "",""t"",""hi s "",""inst"",""ance, "",""recall"",""in"",""g "",""previous "",""inst"",""anc es  "",""of "",""en t"",""repr"",""en eu"",""r"",""ial"","" "",""behavior"","" "",""and "",""r es ult"",""ing "",""succ es s"",""es  "",""hel"",""ped "",""peop"",""le "",""t"",""o "",""be "",""op en  "",""t"",""o "",""new "",""chang es  "",""and "",""new "",""direct"",""ion "",""for"","" "",""t"",""he "",""local"","" "",""church"","".""]",49
623,dev,623,"Such success stories lessened the fears of change, while creating positive inclinations toward change in the future.","[""S"",""uc"",""h"","" "",""succ es s"","" "",""st"",""ori es  "",""l es s en ed "",""t"",""he "",""fears "",""of "",""change, "",""w hi le "",""creat"",""ing "",""posit"",""ive "",""incl"",""inat"",""ion"",""s "",""t"",""oward "",""change "",""in "",""t"",""he "",""fut"",""ure.""]",31
624,dev,624,Convergent thinking patterns are problem solving techniques that unite different ideas or fields to find a solution.,"[""C"",""onv"",""er"",""g en t"","" "",""t"",""hi nking "",""pat"",""te rns "",""are "",""problem"","" "",""sol"",""ving "",""te chniqu es  "",""t"",""hat "",""uni te  "",""differ"",""en t"","" "",""ideas "",""or "",""fields "",""t"",""o "",""fin"",""d "",""a "",""sol"",""ution"","".""]",32
625,dev,625,"The focus of this mindset is speed, logic and accuracy, also identification of facts, reapplying existing techniques, gathering information.","[""T"",""he "",""focus "",""of "",""t"",""hi s "",""min"",""dset"","" "",""is "",""speed"","", "",""logic "",""and "",""accur"",""acy, "",""also "",""id en t"",""ificat"",""ion"","" "",""of "",""fact"",""s, "",""reap"",""p"",""l"",""ying "",""exist"",""ing "",""te chniqu es, "",""gat"",""hering "",""infor"",""mat"",""ion"","".""]",37
626,dev,626,"The most important factor of this mindset is: there is only one correct answer. You only think of two answers, namely right or wrong.","[""T"",""he "",""most"","" "",""import"",""ant "",""fact"",""or "",""of "",""t"",""hi s "",""min"",""dset"","" "",""is: "",""t"",""here "",""is "",""only "",""one "",""cor"",""rect"","" "",""answer. "",""You "",""only "",""t"",""hi nk "",""of "",""t"",""wo "",""answers, "",""namel"",""y "",""right"","" "",""or "",""wrong.""]",38
627,dev,627,This type of thinking is associated with certain science or standard procedures.,"[""T"",""hi s "",""t"",""ype "",""of "",""t"",""hi nking "",""is "",""ass"",""ocia te"",""d "",""wit"",""h "",""cer"",""t"",""ain "",""sci en c"",""e "",""or "",""st"",""andard"","" "",""proc"",""edur"",""es.""]",25
628,dev,628,"People with this type of thinking have logical thinking, are able to memorize patterns, solve problems and work on scientific tests.","[""P"",""eop"",""l"",""e "",""wit"",""h "",""t"",""hi s "",""t"",""ype "",""of "",""t"",""hi nking "",""have "",""logical "",""t"",""hi nking, "",""are "",""able "",""t"",""o "",""memor"",""ize "",""pat"",""te rns, "",""sol"",""ve "",""problem"",""s "",""and "",""wor"",""k "",""on "",""sci en t"",""ific "",""te st"",""s.""]",37
629,dev,629,Humans are by far the most talented species in reading the minds of others.,"[""H"",""um"",""an"",""s "",""are "",""by "",""far"","" "",""t"",""he "",""most"","" "",""t"",""al en te d "",""speci es  "",""in "",""reading "",""t"",""he "",""min"",""ds "",""of "",""ot"",""hers.""]",24
630,dev,630,"That means we are able to successfully predict what other humans perceive, intend, believe, know or desire.","[""T"",""hat "",""means "",""we "",""are "",""able "",""t"",""o "",""succ es s"",""full"",""y "",""pred"",""ict"","" "",""what "",""ot"",""her "",""hum"",""an"",""s "",""perceive, "",""in te nd, "",""bel"",""ieve, "",""know"","" "",""or "",""d es ire.""]",28
631,dev,631,"Among these abilities, understanding the intention of others is crucial. It allows us to resolve possible ambiguities of physical actions.","[""Am"",""on"",""g "",""t"",""h es e "",""abilit"",""i es, "",""under"",""st"",""andin"",""g "",""t"",""he "",""in te nt"",""ion"","" "",""of "",""ot"",""hers "",""is "",""c ru cial"","". "",""It "",""all"",""ows "",""us "",""t"",""o "",""r es olve "",""possib"",""le "",""amb"",""iguit"",""i es  "",""of "",""physic"",""al "",""act"",""ions.""]",39
632,dev,632,"For example, if you were to see someone breaking a car window, you would probably assume he was trying to steal a stranger’s car.","[""F"",""or"","" "",""exampl"",""e, "",""if you "",""were "",""t"",""o "",""see"","" "",""som"",""eone "",""breaking "",""a "",""car"","" "",""win"",""dow"","", "",""you "",""would"","" "",""probab"",""ly "",""ass"",""ume "",""he "",""was "",""t"",""rying "",""t"",""o "",""s te al "",""a "",""st"",""ranger"","""",""s "",""car"","".""]",41
633,dev,633,He would need to be judged differently if he had lost his car keys and it was his own car that he was trying to break into.,"[""H"",""e "",""would"","" "",""need "",""t"",""o "",""be "",""judged "",""differ"",""en t"",""ly "",""if he "",""had "",""lost"","" "",""hi s "",""car"","" "",""keys "",""and "",""it "",""was "",""hi s "",""own "",""car"","" "",""t"",""hat "",""he "",""was "",""t"",""rying "",""t"",""o "",""break "",""int"",""o.""]",38
634,dev,634,"MRI is based on a physics phenomenon called nuclear magnetic resonance (NMR), which was discovered in the 1930s by Felix Bloch (working at Stanford University) and Edward Purcell (from Harvard University).","[""M"",""R"",""I "",""is "",""base"",""d "",""on "",""a "",""physic"",""s "",""ph en om"",""en on"","" "",""call"",""ed "",""nucl"",""ear"","" "",""mag"",""net"",""ic "",""r es on"",""anc"",""e "",""(N"",""MR"","")"","", "",""w hi ch "",""was "",""disc"",""over"",""ed "",""in "",""t"",""he "",""1930s "",""by "",""Fel"",""ix "",""Bloch "",""(wor"",""king "",""at"","" "",""St"",""anfor"",""d "",""Univer"",""sit"",""y)"","" "",""and "",""Edward "",""Purcel"",""l"","" "",""(fr"",""om "",""Har"",""vard "",""Univer"",""sit"",""y)"","".""]",65
635,dev,635,"In this resonance, magnetic field and radio waves cause atoms to give off tiny radio signals.","[""In "",""t"",""hi s "",""r es onanc"",""e, "",""mag"",""net"",""ic "",""field "",""and "",""radio "",""wav es  "",""cause"","" "",""at"",""oms "",""t"",""o "",""give "",""off"","" "",""t"",""iny "",""radio "",""sign"",""als.""]",26
636,dev,636,"In the year 1970, Raymond Damadian, a medical doctor and research scientist, discovered the basis for using magnetic resonance imaging as a tool for medical diagnosis.","[""In "",""t"",""he "",""year "",""1970, "",""Raymon"",""d "",""Damadian"","", "",""a "",""med"",""ical "",""doct"",""or "",""and "",""r es ear"",""ch"","" "",""sci en t"",""ist"","", "",""disc"",""over"",""ed "",""t"",""he "",""basis "",""for"","" "",""using "",""mag"",""net"",""ic "",""r es on"",""anc"",""e "",""imag"",""ing "",""as "",""a "",""t"",""ool "",""for"","" "",""med"",""ical "",""diag"",""n"",""osis.""]",49
637,dev,637,"Four years later a patent was granted, which was the world's first patent issued in the field of MRI.","[""F"",""ou"",""r"","" "",""year"",""s "",""la te r "",""a "",""pa te nt"","" "",""was "",""gran te d, "",""w hi ch "",""was "",""t"",""he "",""wor"",""ld'"",""s "",""first"","" "",""pa te nt"","" "",""iss"",""ued "",""in "",""t"",""he "",""field "",""of "",""MRI.""]",31
638,dev,638,"In 1977, Dr. Damadian completed the construction of the first “whole-body” MRI scanner, which he called the ”Indomitable”.","[""In "",""1977, "",""Dr. "",""Damadian"","" "",""comp"",""l"",""e te d "",""t"",""he "",""const"",""ru ct"",""ion "",""of "",""t"",""he "",""first"","" "",""“"",""whol"",""e-"",""body”"","" "",""MRI "",""scann"",""er, "",""w hi ch "",""he "",""call"",""ed "",""t"",""he "",""”"",""Indomitab"",""le”"","".""]",36
639,dev,639,Asynchronous communication encourages time for reflection and reaction to others.,"[""As"",""y"",""n"",""chron"",""ou"",""s "",""comm"",""unic"",""at"",""ion"","" "",""en courag"",""es  "",""t"",""ime "",""for"","" "",""reflect"",""ion "",""and "",""react"",""ion "",""t"",""o "",""ot"",""hers.""]",26
640,dev,640,It allows students the ability to work at their own pace and control the pace of instructional information.,"[""It"","" "",""all"",""ows "",""st"",""ud en t"",""s "",""t"",""he "",""abilit"",""y "",""t"",""o "",""wor"",""k "",""at"","" "",""t"",""heir "",""own "",""pace "",""and "",""cont"",""rol "",""t"",""he "",""pace "",""of "",""inst"",""ru ct"",""ional "",""infor"",""mation"","".""]",34
641,dev,641,"In addition, there are fewer time restrictions with the possibility of flexible working hours. (Bremer, 1998)","[""In "",""addit"",""ion"","", "",""t"",""here "",""are "",""fewer "",""t"",""ime "",""r es t"",""rictions "",""wit"",""h "",""t"",""he "",""possib"",""ilit"",""y "",""of "",""flexib"",""le "",""wor"",""king "",""hours. "",""("",""Br"",""em"",""er"","", "",""1998)""]",31
642,dev,642,The use of the Internet and the World Wide Web allows learners to have access to information at all times.,"[""T"",""he "",""use "",""of "",""t"",""he "",""In te r"",""net"","" "",""and "",""t"",""he "",""Wor"",""ld "",""Wide "",""Web "",""all"",""ows "",""learner"",""s "",""t"",""o "",""have "",""acc es s"","" "",""t"",""o "",""infor"",""mation"","" "",""at"","" "",""all"","" "",""t"",""im es.""]",36
643,dev,643,"Students can also submit questions to instructors at any time of day and expect reasonably quick responses, rather than waiting until the next face-to-face meeting.","[""S"",""t"",""ud en t"",""s "",""can "",""also "",""sub"",""mit"","" "",""qu es t"",""ion"",""s "",""t"",""o "",""inst"",""ru ct"",""ors "",""at"","" "",""any "",""t"",""ime "",""of "",""day "",""and "",""expect"","" "",""reason"",""ab"",""ly "",""quick"","" "",""r es pon"",""s es, "",""rat"",""her "",""t"",""han "",""waiting "",""unt"",""il "",""t"",""he "",""next"","" "",""face-"",""t"",""o-"",""face "",""meeting.""]",50
644,dev,644,The postmodern approach to learning offers the freedom from absolutes. There is no one good way to learn.,"[""T"",""he "",""post"",""moder"",""n "",""appr"",""oach"","" "",""t"",""o "",""learning "",""off"",""ers "",""t"",""he "",""freed"",""om"","" "",""fr"",""om "",""absol"",""u te s. "",""T"",""here "",""is "",""no "",""one "",""good"","" "",""way "",""t"",""o "",""learn.""]",33
645,dev,645,"In fact, there is not one good thing to learn.Learning takes place in the experience between the learner and the knowledge presented.","[""In "",""fact"","", "",""t"",""here "",""is "",""not"","" "",""one "",""good"","" "",""t"",""hi ng "",""t"",""o "",""learn.L"",""ear"",""ning "",""t"",""ak es  "",""place "",""in "",""t"",""he "",""exper"",""i en c"",""e "",""bet"",""we en  "",""t"",""he "",""learner"","" "",""and "",""t"",""he "",""knowledg"",""e "",""pr es en te d.""]",39
646,dev,646,"Our current experience with all the do-it-yourself and information presenting, learning-based television shows illustrates this point.","[""Ou"",""r"","" "",""cur"",""r en t"","" "",""exper"",""i en c"",""e "",""wit"",""h "",""all"","" "",""t"",""he "",""do-"",""it-"",""yoursel"",""f "",""and "",""infor"",""mat"",""ion"","" "",""pr es en t"",""ing, "",""lear"",""ning-"",""base"",""d "",""te levision"","" "",""show"",""s "",""ill"",""ust"",""ra te s "",""t"",""hi s "",""point"","".""]",41
647,dev,647,So many of us find ourselves watching a television show that informs us of a process or experience in which we will never participate or apply that knowledge.,"[""S"",""o "",""man"",""y "",""of "",""us "",""fin"",""d "",""ourselv es  "",""wat"",""c hi ng "",""a "",""te levision"","" "",""show"","" "",""t"",""hat "",""infor"",""ms "",""us "",""of "",""a "",""proc"",""es s"","" "",""or "",""exper"",""i en c"",""e "",""in "",""w hi ch "",""we "",""will"","" "",""never"","" "",""part"",""icipa te  "",""or "",""appl"",""y "",""t"",""hat "",""knowledg"",""e.""]",46
648,dev,648,"We will never overhaul a car, build a fountain in our backyard, travel to Peru to examine ancient ruins, or remodel our neighbour's house.","[""W"",""e "",""will"","" "",""never"","" "",""over"",""haul"","" "",""a "",""car"","", "",""build"","" "",""a "",""fount"",""ain "",""in "",""our "",""back"",""yard"","", "",""t"",""ravel"","" "",""t"",""o "",""Pe ru  "",""t"",""o "",""examine "",""anc"",""i en t"","" "",""ru ins, "",""or "",""rem"",""odel"","" "",""our "",""neighb"",""our"",""'"",""s "",""house.""]",45
649,dev,649,"Thanks to undersea fiber optic cable links to Europe and broadband satellite, Greenland is well connected with 93% of the population having internet access.","[""T"",""hanks "",""t"",""o "",""under"",""sea "",""fiber"","" "",""optic "",""cable "",""lin"",""ks "",""t"",""o "",""Europ"",""e "",""and "",""broadb"",""and "",""sa te ll"",""i te, "",""Gre en l"",""an"",""d "",""is "",""well"","" "",""conn"",""ec te d "",""wit"",""h "",""93% "",""of "",""t"",""he "",""popul"",""at"",""ion"","" "",""having "",""in te r"",""net"","" "",""acc es s"","".""]",45
650,dev,650,"Your hotel or hosts (if staying in a guesthouse or private home) will likely have wifi or an internet connected PC, and all settlements have an internet cafe or some location with public wifi.","[""Y"",""our"","" "",""ho te l "",""or "",""host"",""s "",""(if st"",""aying "",""in "",""a "",""gu es thouse"","" "",""or "",""priva te  "",""hom"",""e)"","" "",""will"","" "",""likel"",""y "",""have "",""wifi "",""or "",""an "",""in te r"",""net"","" "",""conn"",""ec te d "",""PC, "",""and "",""all"","" "",""set"",""tlem en t"",""s "",""have "",""an "",""in te r"",""net"","" "",""cafe "",""or "",""som"",""e "",""location"","" "",""wit"",""h "",""public"","" "",""wifi.""]",54
651,dev,651,"As mentioned above, though the word ""Eskimo"" remains acceptable in the United States, it is considered pejorative by many non-U.S. Arctic peoples, especially in Canada.","[""As"","" m en t"",""ioned "",""above, "",""t"",""hough"","" "",""t"",""he "",""wor"",""d "",""\"""",""Eskimo\"""","" "",""rem"",""ains "",""accept"",""ab"",""le "",""in "",""t"",""he "",""Uni te d "",""St"",""a te s, "",""it "",""is "",""consider"",""ed "",""pejor"",""ative "",""by "",""man"",""y "",""non-"",""U.S"","". "",""Arct"",""ic "",""peopl es, "",""es pecial"",""l"",""y "",""in "",""Canada.""]",45
652,dev,652,"While you may hear the word used by Greenlandic Natives, its use should be avoided by foreigners.","[""W"",""hi l"",""e "",""you "",""may "",""hear"","" "",""t"",""he "",""wor"",""d "",""used "",""by "",""Gre en l"",""an"",""dic "",""Nat"",""iv es, "",""its "",""use "",""should"","" "",""be "",""avoided "",""by "",""for"",""eign"",""er"",""s.""]",29
653,dev,653,"The native inhabitants of Greenland call themselves Inuit in Canada and Kalaalleq (plural Kalaallit), a Greenlander, in Greenland.","[""T"",""he "",""nat"",""ive "",""inhabit"",""ant"",""s "",""of "",""Gre en l"",""an"",""d "",""call"","" "",""t"",""hemsel"",""v es  "",""Inuit"","" "",""in "",""Canada "",""and "",""Kalaall"",""eq "",""(plur"",""al "",""Kalaall"",""it"",""), "",""a "",""Gre en l"",""an"",""der"","", "",""in "",""Gre en l"",""an"",""d.""]",37
654,dev,654,"Crime, and ill-will toward foreigners in general, is virtually unknown in Greenland. Even in the towns, there are no ""rough areas.""","[""C"",""r"",""ime, "",""and "",""ill"",""-"",""will"","" "",""t"",""oward "",""for"",""eign"",""er"",""s "",""in "",""g en er"",""al, "",""is "",""virt"",""uall"",""y "",""unkn"",""own"","" "",""in "",""Gre en l"",""an"",""d. "",""Ev en  "",""in "",""t"",""he "",""t"",""owns, "",""t"",""here "",""are "",""no "",""\"""",""rough"","" "",""areas.\""""]",42
655,dev,655,Cold weather is perhaps the only real danger the unprepared will face.,"[""C"",""ol"",""d"","" "",""weat"",""her"","" "",""is "",""perhaps "",""t"",""he "",""only "",""real "",""danger "",""t"",""he "",""unprep"",""ared "",""will"","" "",""face.""]",21
656,dev,656,"If you visit Greenland during cold seasons (considering that the further north you go, the colder it will be), it is essential to bring warm enough clothing.","[""If you "",""visit"","" "",""Gre en l"",""an"",""d "",""during "",""col"",""d "",""season"",""s "",""(consider"",""ing "",""t"",""hat "",""t"",""he "",""fur"",""t"",""her "",""nor"",""t"",""h "",""you "",""go, "",""t"",""he "",""col"",""der"","" "",""it "",""will"","" "",""be), "",""it "",""is "",""es s en t"",""ial "",""t"",""o "",""bring "",""war"",""m "",""en ough"","" "",""clot hi ng.""]",46
657,dev,657,The very long days in the summer can lead to problems getting sufficient sleep and associated health issues.,"[""T"",""he "",""ver"",""y "",""long "",""days "",""in "",""t"",""he "",""summ"",""er "",""can "",""lead "",""t"",""o "",""problem"",""s "",""getting "",""suffici en t"","" "",""sleep "",""and "",""ass"",""ocia te"",""d "",""healt"",""h "",""iss"",""u es.""]",29
658,dev,658,"During the summer, also watch out for the Nordic mosquitoes. Although they do not transmit any diseases, they can be irritating.","[""D"",""ur"",""in"",""g "",""t"",""he "",""summ"",""er, "",""also "",""wat"",""ch "",""out"","" "",""for"","" "",""t"",""he "",""Nor"",""dic "",""mosquit"",""o es. "",""Alt"",""hough"","" "",""t"",""hey "",""do "",""not"","" "",""t"",""ransm"",""it"","" "",""any "",""diseas es, "",""t"",""hey "",""can "",""be "",""irr"",""it"",""ating.""]",42
659,dev,659,"While San Francisco's economy is linked to it being a world-class tourist attraction, its economy is diversified.","[""W"",""hi l"",""e "",""San"","" "",""Fr"",""ancisc"",""o'"",""s "",""econom"",""y "",""is "",""lin"",""ked "",""t"",""o "",""it "",""being "",""a "",""wor"",""ld-"",""class"","" "",""t"",""ourist"","" "",""at"",""t"",""ract"",""ion, "",""its "",""econom"",""y "",""is "",""diver"",""sified.""]",36
660,dev,660,"The largest employment sectors are professional services, government, finance, trade, and tourism.","[""T"",""he "",""lar"",""g es t"","" "",""emp"",""loym en t"","" "",""sect"",""ors "",""are "",""prof es sion"",""al "",""ser"",""vic es, "",""gover"",""nm en t"","", "",""fin"",""ance, "",""t"",""rade, "",""and "",""t"",""ourism"","".""]",26
661,dev,661,"Its frequent portrayal in music, films, literature and popular culture has helped make the city and its landmarks known throughout the world.","[""It"",""s "",""frequ en t"","" "",""port"",""rayal "",""in "",""music"","", "",""films, "",""li te r"",""ature "",""and "",""popul"",""ar "",""cult"",""ure "",""has "",""hel"",""ped "",""make "",""t"",""he "",""cit"",""y "",""and "",""its "",""landm"",""arks "",""known "",""t"",""hrough"",""out"","" "",""t"",""he "",""wor"",""ld.""]",38
662,dev,662,"San Francisco has developed a large tourist infrastructure with numerous hotels, restaurants, and top-notch convention facilities.","[""S"",""an"","" "",""Francisc"",""o "",""has "",""devel"",""oped "",""a "",""lar"",""ge "",""t"",""ourist"","" "",""infr"",""ast"",""ru ct"",""ure "",""wit"",""h "",""numer"",""ous "",""ho te ls, "",""r es t"",""aurant"",""s, "",""and "",""t"",""op-"",""not"",""ch "",""conv"",""en t"",""ion "",""facilit"",""i es.""]",36
663,dev,663,"San Francisco is also one of the best places in the nation for other Asian cuisine: Korean, Thai, Indian, and Japanese.","[""S"",""an"","" "",""Francisc"",""o "",""is "",""also "",""one "",""of "",""t"",""he "",""b es t"","" "",""plac es  "",""in "",""t"",""he "",""nat"",""ion "",""for"","" "",""ot"",""her "",""Asian"","" "",""cuisine: "",""Kor"",""ean"","", "",""T"",""hai, "",""Indian"","", "",""and "",""Japan"",""es e"","".""]",37
664,dev,664,Traveling to Walt Disney World represents a major pilgrimage for many American families.,"[""T"",""ravel"",""ing "",""t"",""o "",""Wal"",""t"","" "",""Disney "",""Wor"",""ld "",""repr"",""es en t"",""s "",""a "",""major"","" "",""pilgrim"",""ag"",""e "",""for"","" "",""man"",""y "",""Amer"",""ican"","" "",""famil"",""i es.""]",29
665,dev,665,"The ""typical"" visit involves flying into Orlando International Airport, busing to an on-site Disney hotel, spending about a week without leaving Disney property, and returning home.","[""T"",""he "",""\""t"",""ypical\"" "",""visit"","" "",""invol"",""v es  "",""flying "",""int"",""o "",""Orlando "",""In te r"",""nat"",""ion"",""al "",""Airport"","", "",""busing "",""t"",""o "",""an "",""on-"",""si te  "",""Disney "",""ho te l, "",""sp en ding "",""about"","" "",""a "",""week "",""wit"",""hout "",""leaving "",""Disney "",""prop"",""ert"",""y, "",""and "",""ret"",""urning "",""hom"",""e.""]",43
666,dev,666,"There are infinite variations possible, but this remains what most people mean when they talk of ""going to Disney World"".","[""T"",""her"",""e "",""are "",""infin"",""i te  "",""variation"",""s "",""possib"",""le, "",""but"","" "",""t"",""hi s "",""rem"",""ains "",""what"","" "",""most"","" "",""people "",""mean "",""wh en  "",""t"",""hey "",""t"",""alk "",""of "",""\"""",""going "",""t"",""o "",""Disney "",""Wor"",""ld\"""","".""]",36
667,dev,667,Many tickets sold online through auction websites such as eBay or Craigslist are partially used multi-day park-hopper tickets.,"[""M"",""an"",""y "",""t"",""ickets "",""sol"",""d "",""online "",""t"",""hrough"","" "",""auct"",""ion "",""websi te s "",""such "",""as "",""eBay "",""or "",""Craigsl"",""ist"","" "",""are "",""part"",""iall"",""y "",""used "",""mul"",""t"",""i-"",""day "",""park-"",""hop"",""per "",""t"",""ickets.""]",35
668,dev,668,"While this is a very common activity, it is prohibited by Disney: the tickets are non-transferable.","[""W"",""hi l"",""e "",""t"",""hi s "",""is "",""a "",""ver"",""y "",""comm"",""on "",""act"",""ivity, "",""it "",""is "",""pro hi bi te d "",""by "",""Disney: "",""t"",""he "",""t"",""ickets "",""are "",""non-"",""t"",""ransf"",""erab"",""le.""]",28
669,dev,669,Any camping below the rim in Grand Canyon requires a backcountry permit.,"[""An"",""y "",""camp"",""ing "",""bel"",""ow "",""t"",""he "",""rim "",""in "",""Gran"",""d"","" "",""Canyon"","" "",""requir"",""es  "",""a "",""back"",""count"",""ry "",""permit"","".""]",23
670,dev,670,"Permits are limited to protect the canyon, and become available on the 1st day of the month, four months prior to the start month.","[""P"",""er"",""mit"",""s "",""are "",""limi te d "",""t"",""o "",""pro te"",""ct"","" "",""t"",""he "",""canyon"","", "",""and "",""become "",""availab"",""le "",""on "",""t"",""he "",""1st"","" "",""day "",""of "",""t"",""he "",""mon"",""t"",""h, "",""four"","" "",""mon"",""t"",""hs "",""prior"","" "",""t"",""o "",""t"",""he "",""st"",""art "",""mon"",""t"",""h.""]",47
671,dev,671,"Thus, a backcountry permit for any start date in May becomes available on 1 Jan.","[""T"",""hus, "",""a "",""back"",""count"",""ry "",""permit"","" "",""for"","" "",""any "",""st"",""art "",""da te  "",""in "",""May "",""becom es  "",""availab"",""le "",""on "",""1 "",""Jan"","".""]",23
672,dev,672,"Space for the most popular areas, such as the Bright Angel Campground adjacent to Phantom Ranch, generally fill up by the requests received on first date they are opened to reservations.","[""S"",""p"",""ace "",""for"","" "",""t"",""he "",""most"","" "",""popul"",""ar "",""areas, "",""such "",""as "",""t"",""he "",""Brig"",""ht"","" "",""Ang"",""el"","" "",""Camp"",""ground"","" "",""adjac en t"","" "",""t"",""o "",""Phant"",""om "",""Ranch, "",""g en er"",""all"",""y "",""fill "",""up "",""by "",""t"",""he "",""requ es t"",""s "",""recei"",""ved "",""on "",""first"","" "",""da te  "",""t"",""hey "",""are "",""op en ed "",""t"",""o "",""r es ervation"",""s.""]",56
673,dev,673,"There are a limited number permits reserved for walk-in requests available on a first come, first served basis.","[""T"",""her"",""e "",""are "",""a "",""limi te d "",""number"","" "",""permit"",""s "",""r es erved "",""for"","" "",""walk-"",""in "",""requ es t"",""s "",""availab"",""le "",""on "",""a "",""first"","" "",""come, "",""first"","" "",""ser"",""ved "",""basis.""]",29
674,dev,674,Entering Southern Africa by car is an amazing way to see all the region's beauty as well as to get to places off the normal tourist routes.,"[""E"",""n"",""te r"",""ing "",""Sout"",""her"",""n "",""Afr"",""ica "",""by "",""car"","" "",""is "",""an "",""amazing "",""way "",""t"",""o "",""see"","" "",""all"","" "",""t"",""he "",""region"",""'"",""s "",""beaut"",""y "",""as "",""well"","" "",""as "",""t"",""o "",""get "",""t"",""o "",""plac es  "",""off"","" "",""t"",""he "",""nor"",""mal "",""t"",""ourist"","" "",""rou te s.""]",49
675,dev,675,This can be done in a normal car with careful planning but a 4x4 is highly advised and many locations are only accessible with a high wheel base 4x4.,"[""T"",""hi s "",""can "",""be "",""done "",""in "",""a "",""nor"",""mal "",""car"","" "",""wit"",""h "",""car"",""ef"",""ul "",""plan"",""n"",""ing "",""but"","" "",""a "",""4x4 "",""is "",""hi ghl"",""y "",""adv"",""ised "",""and "",""man"",""y "",""location"",""s "",""are "",""only "",""acc es s"",""ib"",""le "",""wit"",""h "",""a "",""hi gh "",""wheel"","" "",""base"","" "",""4x4.""]",47
676,dev,676,Keep in mind while planning that although Southern Africa is stable not all neighboring countries are.,"[""Kee"",""p "",""in "",""min"",""d "",""w hi le "",""plan"",""n"",""ing "",""t"",""hat "",""alt"",""hough"","" "",""Sout"",""her"",""n "",""Afr"",""ica "",""is "",""st"",""able "",""not"","" "",""all"","" "",""neighb"",""or"",""ing "",""count"",""ri es  "",""are.""]",32
677,dev,677,Visa requirements and costs vary from nation to nation and are affected by the country you come from.,"[""V"",""isa "",""requir"",""em"",""en t"",""s "",""and "",""cost"",""s "",""vary "",""from "",""nat"",""ion "",""t"",""o "",""nat"",""ion "",""and "",""are "",""aff"",""ec te d "",""by "",""t"",""he "",""count"",""ry "",""you "",""come "",""from.""]",29
678,dev,678,Each country also has unique laws requiring what emergency items need to be in the car.,"[""E"",""ac"",""h "",""count"",""ry "",""also "",""has "",""unique "",""laws "",""requir"",""in"",""g "",""what"","" "",""emer"",""g en c"",""y "",""i te ms "",""need "",""t"",""o "",""be "",""in "",""t"",""he "",""car"","".""]",27
679,dev,679,"Victoria Falls is a town in the western portion of Zimbabwe, across the border from Livingstone, Zambia, and near Botswana.","[""V"",""ic"",""t"",""oria "",""Fal"",""l"",""s "",""is "",""a "",""t"",""own "",""in "",""t"",""he "",""w es te rn "",""port"",""ion "",""of "",""Zimbabwe, "",""acr"",""oss "",""t"",""he "",""bor"",""der"","" "",""from "",""Livingst"",""one, "",""Zambia, "",""and "",""near"","" "",""Bot"",""swana.""]",35
680,dev,680,"The town lies immediately next to the falls, and they are the major attraction, but this popular tourist destination offers both adventure seekers and sightseers plenty of opportunities for a longer stay.","[""T"",""he "",""t"",""own "",""li es  "",""imm"",""ed"",""ia te l"",""y "",""next"","" "",""t"",""o "",""t"",""he "",""fall"",""s, "",""and "",""t"",""hey "",""are "",""t"",""he "",""major"","" "",""at"",""t"",""ract"",""ion, "",""but"","" "",""t"",""hi s "",""popul"",""ar "",""t"",""ourist"","" "",""d es t"",""ination"","" "",""off"",""ers "",""bot"",""h "",""adv"",""en t"",""ure "",""see"",""ker"",""s "",""and "",""sight"",""see"",""r"",""s "",""pl en t"",""y "",""of "",""opport"",""unit"",""i es  "",""for"","" "",""a "",""longer "",""st"",""ay.""]",68
681,dev,681,"In the rainy season (November to March), the water volume will be higher and the Falls will be more dramatic.","[""In "",""t"",""he "",""rainy "",""season"","" "",""(N"",""ovember"","" "",""t"",""o "",""Mar"",""ch)"","", "",""t"",""he "",""wa te r "",""vol"",""ume "",""will"","" "",""be "",""hi gher "",""and "",""t"",""he "",""Fal"",""l"",""s "",""will"","" "",""be "",""mor"",""e "",""dramat"",""ic.""]",36
682,dev,682,You are guaranteed to get wet if you cross the bridge or walk along the trails winding near the Falls.,"[""Y"",""ou "",""are "",""guaran te ed "",""t"",""o "",""get "",""wet "",""if you "",""cross "",""t"",""he "",""bridge "",""or "",""walk "",""along "",""t"",""he "",""t"",""rails "",""win"",""ding "",""near"","" "",""t"",""he "",""Fal"",""l"",""s.""]",29
683,dev,683,"On the other hand, it is precisely because the volume of water is so high that your viewing of the actual Falls will be obscured—by all the water!","[""On"","" "",""t"",""he "",""other "",""hand"","", "",""it "",""is "",""preci"",""sel"",""y "",""because"","" "",""t"",""he "",""vol"",""ume "",""of "",""wa te r "",""is "",""so "",""hi gh "",""t"",""hat "",""your "",""viewing "",""of "",""t"",""he "",""act"",""ual "",""Fal"",""l"",""s "",""will"","" "",""be "",""obscured"","""",""by "",""all"","" "",""t"",""he "",""wa te r!""]",46
684,dev,684,"Tomb of Tutankhamun (KV62). KV62 may be the most famous of the tombs in the Valley, the scene of Howard Carter's 1922 discovery of the almost intact royal burial of the young king.","[""T"",""omb"","" "",""of "",""T"",""utankhamun "",""(KV62). "",""KV62 "",""may "",""be "",""t"",""he "",""most"","" "",""famous "",""of "",""t"",""he "",""t"",""ombs "",""in "",""t"",""he "",""Val"",""l"",""ey, "",""t"",""he "",""sc en e "",""of "",""Howard "",""Car"",""te r'"",""s "",""1922 "",""disc"",""over"",""y "",""of "",""t"",""he "",""almost"","" "",""int"",""act "",""royal "",""bur"",""ial "",""of "",""t"",""he "",""young "",""king.""]",53
685,dev,685,"Compared to most of the other royal tombs, however, the tomb of Tutankhamun is barely worth visiting, being much smaller and with limited decoration.","[""C"",""om"",""p"",""ar"",""ed "",""t"",""o "",""most"","" "",""of "",""t"",""he "",""other "",""royal "",""t"",""ombs, "",""however"","", "",""t"",""he "",""t"",""omb "",""of "",""T"",""utankhamun "",""is "",""barel"",""y "",""wor"",""t"",""h "",""visit"",""ing, "",""being "",""much"","" "",""small"",""er "",""and "",""wit"",""h "",""limi te d "",""dec"",""oration"","".""]",45
686,dev,686,Anyone interested in seeing evidence of the damage to the mummy done during attempts to remove it from the coffin will be disappointed as only the head and shoulders are visible.,"[""An"",""yon"",""e "",""in te r"",""es te d "",""in "",""see"",""i"",""ng "",""evid"",""en ce "",""of "",""t"",""he "",""damag"",""e "",""t"",""o "",""t"",""he "",""mummy "",""done "",""during "",""at"",""te mpts "",""t"",""o "",""rem"",""ove "",""it "",""from "",""t"",""he "",""coff"",""in"","" "",""will"","" "",""be "",""disappoin te"",""d "",""as "",""only "",""t"",""he "",""head "",""and "",""should"",""er"",""s "",""are "",""visib"",""le.""]",53
687,dev,687,"The fabulous riches of the tomb are no longer in it, but have been removed to the Egyptian Museum in Cairo.","[""T"",""he "",""fabulous "",""rich es  "",""of "",""t"",""he "",""t"",""omb "",""are "",""no "",""longer "",""in "",""it, "",""but"","" "",""have "",""be en  "",""rem"",""oved "",""t"",""o "",""t"",""he "",""Egypt"",""ian "",""Museum "",""in "",""Cairo.""]",29
688,dev,688,Visitors with limited time would be best to spend their time elsewhere.,"[""V"",""isit"",""ors "",""wit"",""h "",""limi te d "",""t"",""ime "",""would"","" "",""be "",""b es t"","" "",""t"",""o "",""sp en d "",""t"",""heir "",""t"",""ime "",""elsewher"",""e.""]",22
689,dev,689,"Phnom Krom, 12 km southwest of Siem Reap. This hilltop temple was built at the end of the 9th century, during the reign of King Yasovarman.","[""P"",""h"",""n"",""om"","" "",""Krom, "",""12 "",""km "",""sout"",""hw es t"","" "",""of "",""Siem "",""Reap. "",""T"",""hi s "",""hi llt"",""op "",""te mple "",""was "",""built"","" "",""at"","" "",""t"",""he "",""en d "",""of "",""t"",""he "",""9th "",""c en t"",""ury, "",""during "",""t"",""he "",""reign"","" "",""of "",""King "",""Yasovarman.""]",41
690,dev,690,The gloomy atmosphere of the temple and the view over the Tonle Sap lake make the climb to the hill worthwhile.,"[""T"",""he "",""gloom"",""y "",""at"",""mosph"",""er"",""e "",""of "",""t"",""he "",""te mple "",""and "",""t"",""he "",""view "",""over"","" "",""t"",""he "",""T"",""onle "",""Sap "",""lake "",""make "",""t"",""he "",""climb "",""t"",""o "",""t"",""he "",""hi ll"","" "",""wor"",""t"",""hw hi le.""]",37
691,dev,691,A visit to the site can be conveniently combined with a boat trip to the lake.,"[""A "",""visit"","" "",""t"",""o "",""t"",""he "",""si te  "",""can "",""be "",""conv"",""en i en tly "",""comb"",""ined "",""wit"",""h "",""a "",""boat"","" "",""t"",""rip "",""t"",""o "",""t"",""he "",""lake.""]",26
692,dev,692,The Angkor Pass is needed to enter the temple so do not forget to bring your passport along when heading to Tonle Sap.,"[""T"",""he "",""Ang"",""kor "",""Pass"","" "",""is "",""needed "",""t"",""o "",""en te r "",""t"",""he "",""te mple "",""so "",""do "",""not"","" "",""for"",""get "",""t"",""o "",""bring "",""your "",""pass"",""p"",""ort"","" "",""along "",""wh en  "",""heading "",""t"",""o "",""T"",""onle "",""Sap.""]",36
693,dev,693,"Jerusalem is the capital and largest city of Israel, though most other countries and the United Nations do not recognize it as Israel's capital.","[""Je ru salem "",""is "",""t"",""he "",""cap"",""it"",""al "",""and "",""lar"",""g es t"","" "",""cit"",""y "",""of "",""Israel"","", "",""t"",""hough"","" "",""most"","" "",""other "",""count"",""ri es  "",""and "",""t"",""he "",""Uni te d "",""Nat"",""ion"",""s "",""do "",""not"","" "",""recog"",""nize "",""it "",""as "",""Israel"",""'"",""s "",""cap"",""it"",""al.""]",44
694,dev,694,The ancient city in the Judean Hills has a fascinating history spanning thousands of years.,"[""T"",""he "",""anc"",""i en t"","" "",""cit"",""y "",""in "",""t"",""he "",""Judean "",""Hil"",""l"",""s "",""has "",""a "",""fascinat"",""ing "",""hi st"",""ory "",""spann"",""ing "",""t"",""housands "",""of "",""year"",""s.""]",27
695,dev,695,"The city is holy to the three monotheistic religions - Judaism, Christianity and Islam, and serves as a spiritual, religious, and cultural center.","[""T"",""he "",""cit"",""y "",""is "",""hol"",""y "",""t"",""o "",""t"",""he "",""t"",""hree "",""mon"",""ot"",""heist"",""ic "",""rel"",""igion"",""s "",""- "",""Judaism"","", "",""Christ"",""ianit"",""y "",""and "",""Isl"",""am, "",""and "",""ser"",""v es  "",""as "",""a "",""spirit"",""ual, "",""rel"",""igious, "",""and "",""cult"",""ural "",""c en te r"","".""]",43
696,dev,696,"Due to the religious significance of the city, and in particular the many sites of the Old City area, Jerusalem is one of the main tourist destinations in Israel.","[""D"",""ue "",""t"",""o "",""t"",""he "",""rel"",""igious "",""sign"",""ifican"",""c"",""e "",""of "",""t"",""he "",""cit"",""y, "",""and "",""in "",""part"",""icul"",""ar"","" "",""t"",""he "",""man"",""y "",""si te s "",""of "",""t"",""he "",""Old "",""Cit"",""y "",""area, "",""Je ru salem "",""is "",""one "",""of "",""t"",""he "",""main "",""t"",""ourist"","" "",""d es t"",""ination"",""s "",""in "",""Israel"","".""]",51
697,dev,697,"Jerusalem has many historic, archeological and cultural sites, along with vibrant and crowded shopping centers, cafés, and restaurants.","[""Je ru salem "",""has "",""man"",""y "",""hi st"",""oric, "",""arch"",""eol"",""og"",""ical "",""and "",""cult"",""ural "",""si te s, "",""alon"",""g "",""wit"",""h "",""vibr"",""ant"","" "",""and "",""crowded "",""shop"",""pin"",""g "",""c en te r"",""s, "",""cafés, "",""and "",""r es t"",""aurant"",""s.""]",33
698,dev,698,Ecuador requires that Cuban citizens receive an invitation letter prior to entering Ecuador through international airports or frontier admission points.,"[""E"",""c"",""uad"",""or"","" "",""requir"",""es  "",""t"",""hat "",""Cub"",""an "",""cit"",""iz en s "",""recei"",""ve "",""an "",""invitation"","" "",""let"",""te r "",""prior"","" "",""t"",""o "",""en te ring "",""Ecuador "",""t"",""hrough"","" "",""in te r"",""nat"",""ion"",""al "",""airport"",""s "",""or "",""front"",""ier "",""admission"","" "",""point"",""s.""]",42
699,dev,699,"This letter must be legalized by the Ecuadorian Ministry of Foreign Affairs, and comply with certain requirements.","[""T"",""hi s "",""let"",""te r "",""must"","" "",""be "",""legalized "",""by "",""t"",""he "",""Ecuadorian"","" "",""Min"",""ist"",""ry "",""of "",""For"",""eign"","" "",""Aff"",""airs, "",""and "",""comp"",""l"",""y "",""wit"",""h "",""cer"",""t"",""ain "",""requir"",""em"",""en t"",""s.""]",35
700,dev,700,These requirements are designed to provide an organized migratory flow between both countries.,"[""T"",""h es e "",""requir"",""em"",""en t"",""s "",""are "",""d es ign"",""ed "",""t"",""o "",""prov"",""id"",""e "",""an "",""organized "",""migrator"",""y "",""flow "",""bet"",""we en  "",""bot"",""h "",""count"",""ri es.""]",25
701,dev,701,Cuban citizens who are US green card holders should visit an Ecuadorian Consulate to obtain an exemption to this requirement.,"[""C"",""u"",""b"",""an "",""cit"",""iz en s"","" "",""who "",""are "",""US "",""gre en  "",""car"",""d "",""hol"",""der"",""s "",""should"","" "",""visit"","" "",""an "",""Ecuadorian"","" "",""Consu"",""la te  "",""t"",""o "",""obt"",""ain "",""an "",""exempt"",""ion "",""t"",""o "",""t"",""hi s "",""requir"",""em"",""en t"","".""]",40
702,dev,702,Your passport must be valid for at least 6 months beyond your travel dates. A round/onward trip ticket is needed to prove the length of your stay.,"[""Y"",""our"","" "",""pass"",""p"",""ort"","" "",""must"","" "",""be "",""valid "",""for"","" "",""at"","" "",""least"","" "",""6 "",""mon"",""t"",""hs "",""beyond "",""your "",""t"",""ravel"","" "",""da te s. "",""A "",""round"",""/"",""onw"",""ard "",""t"",""rip "",""t"",""icket "",""is "",""needed "",""t"",""o "",""prov"",""e "",""t"",""he "",""l en gt"",""h "",""of "",""your "",""st"",""ay.""]",50
703,dev,703,"Tours are cheaper for larger groups, so if you're by yourself or with just one friend, try to meet other people and form a group of four to six for a better per-person rate.","[""T"",""ours "",""are "",""cheap"",""er"","" "",""for"","" "",""lar"",""ger "",""groups, "",""so "",""if you'"",""re "",""by "",""yoursel"",""f "",""or "",""wit"",""h "",""just"","" "",""one "",""fri en d, "",""t"",""ry "",""t"",""o "",""meet "",""other "",""people "",""and "",""for"",""m "",""a "",""group "",""of "",""four"","" "",""t"",""o "",""six "",""for"","" "",""a "",""bet"",""te r "",""per-"",""person"","" "",""ra te.""]",51
704,dev,704,"However, this shouldn't really be off your concern, because often tourists are shuffled around to fill the cars.","[""H"",""ow"",""ever"","", "",""t"",""hi s "",""should"",""n"",""'t"","" "",""reall"",""y "",""be "",""off"","" "",""your "",""conc"",""er"",""n, "",""because"","" "",""of te n "",""t"",""ourist"",""s "",""are "",""shuff"",""l"",""ed "",""around"","" "",""t"",""o "",""fill "",""t"",""he "",""car"",""s.""]",38
705,dev,705,It seems actually to be more a way of tricking people into believing they have to pay more.,"[""It"","" "",""see"",""ms "",""act"",""uall"",""y "",""t"",""o "",""be "",""mor"",""e "",""a "",""way "",""of "",""t"",""ricking "",""people "",""int"",""o "",""bel"",""ieving "",""t"",""hey "",""have "",""t"",""o "",""pay "",""mor"",""e.""]",30
706,dev,706,"Towering above the north end of Machu Picchu is this steep mountain, often the backdrop to many photos of the ruins.","[""T"",""owering "",""abov"",""e "",""t"",""he "",""nor"",""t"",""h "",""en d "",""of "",""Machu "",""Picchu "",""is "",""t"",""hi s "",""s te ep "",""mount"",""ain, "",""of te n "",""t"",""he "",""back"",""dr"",""op"","" "",""t"",""o "",""man"",""y "",""phot"",""os "",""of "",""t"",""he "",""ru ins.""]",36
707,dev,707,"It looks a bit daunting from below, and it is a steep and difficult ascent, but most reasonably fit persons should be able to make it in about 45 minutes.","[""It"","" "",""looks "",""a "",""bit"","" "",""daunt"",""ing "",""from "",""bel"",""ow, "",""and "",""it "",""is "",""a "",""s te ep "",""and "",""difficul"",""t"","" "",""asc"",""en t"","", "",""but"","" "",""most"","" "",""reason"",""ab"",""ly "",""fit"","" "",""person"",""s "",""should"","" "",""be "",""able "",""t"",""o "",""make "",""it "",""in "",""about"","" "",""45 "",""min"",""u te s.""]",48
708,dev,708,"Stone steps are laid along most of the path, and in the steeper sections steel cables provide a supporting handrail.","[""S"",""t"",""one "",""s te ps "",""are "",""laid "",""along "",""most"","" "",""of "",""t"",""he "",""pat"",""h, "",""and "",""in "",""t"",""he "",""s te eper"","" "",""sect"",""ions "",""s te el "",""cabl es  "",""prov"",""id"",""e "",""a "",""support"",""ing "",""hand"",""r"",""ail.""]",33
709,dev,709,"That said, expect to be out of breath, and take care in the steeper portions, especially when wet, as it can become dangerous quickly.","[""T"",""hat "",""said, "",""expect"","" "",""t"",""o "",""be "",""out"","" "",""of "",""breat"",""h, "",""and "",""t"",""ake "",""car"",""e "",""in "",""t"",""he "",""s te eper"","" "",""port"",""ions, "",""es pecial"",""l"",""y "",""wh en  "",""wet"","", "",""as "",""it "",""can "",""become "",""dangerous "",""quick"",""l"",""y.""]",39
710,dev,710,"There's a tiny cave near the top that must be passed through, it is quite low and a rather tight squeeze.","[""T"",""her"",""e'"",""s "",""a "",""t"",""iny "",""cave "",""near "",""t"",""he "",""t"",""op "",""t"",""hat "",""must"","" "",""be "",""pass"",""ed "",""t"",""hrough"","", "",""it "",""is "",""qui te  "",""low "",""and "",""a "",""rat"",""her "",""t"",""ight "",""squeez"",""e.""]",35
711,dev,711,"Seeing the sites and wildlife of the Galapagos is best done by boat, just as Charles Darwin did it in 1835.","[""S"",""e"",""e"",""i"",""n"",""g "",""t"",""he "",""si te s "",""and "",""wildl"",""ife "",""of "",""t"",""he "",""Gal"",""apag"",""os "",""is "",""b es t"","" "",""done "",""by "",""boat"","", "",""just"","" "",""as "",""Char"",""l"",""es  "",""Darwin"","" "",""did "",""it "",""in "",""1835.""]",37
712,dev,712,Over 60 cruise ships ply the Galapagos waters - ranging in size from 8 to 100 passengers.,"[""Ov"",""er"","" "",""60 "",""c ru ise "",""s hi ps "",""ply "",""t"",""he "",""Gal"",""apag"",""os "",""wa te rs "",""- "",""rang"",""ing "",""in "",""size "",""from "",""8 "",""t"",""o "",""100 "",""pass"",""en g"",""ers.""]",26
713,dev,713,Most people book their place well in advance (as the boats are usually full during the high season).,"[""M"",""ost"","" "",""people "",""book "",""t"",""heir "",""place "",""well"","" "",""in "",""adv"",""ance "",""(as "",""t"",""he "",""boat"",""s "",""are "",""usuall"",""y "",""full"","" "",""during "",""t"",""he "",""hi gh "",""season"","")"","".""]",30
714,dev,714,Be sure the agent through whom you book is a Galapagos specialist with a good knowledge of a wide variety of ships.,"[""B"",""e "",""sur"",""e "",""t"",""he "",""ag en t"","" "",""t"",""hrough"","" "",""whom"","" "",""you "",""book "",""is "",""a "",""Gal"",""apag"",""os "",""special"",""ist"","" "",""wit"",""h "",""a "",""good "",""knowledg"",""e "",""of "",""a "",""wide "",""variet"",""y "",""of "",""s hi ps.""]",36
715,dev,715,This will ensure that your particular interests and/or constraints are matched with the ship most suitable to them.,"[""T"",""hi s "",""will"","" "",""en sure "",""t"",""hat "",""your "",""part"",""icul"",""ar "",""in te r"",""es t"",""s "",""and/"",""or "",""const"",""raint"",""s "",""are "",""mat"",""ched "",""wit"",""h "",""t"",""he "",""s hi p "",""most"","" "",""suit"",""able "",""t"",""o "",""t"",""hem.""]",35
716,dev,716,"Before the Spanish arrived in the 16th century, northern Chile was under Inca rule while the indigenous Araucanians (Mapuche) inhabited central and southern Chile.","[""B"",""ef"",""or"",""e "",""t"",""he "",""Span"",""ish "",""arr"",""ived "",""in "",""t"",""he "",""16t"",""h "",""c en t"",""ury, "",""nor"",""t"",""hern "",""C hi le "",""was "",""under"","" "",""Inca "",""ru le "",""w hi le "",""t"",""he "",""indig en ous "",""Araucan"",""ian"",""s "",""(Mapuch"",""e)"","" "",""inhab"",""i te d "",""c en t"",""ral "",""and "",""sout"",""hern "",""C hi le.""]",44
717,dev,717,"The Mapuche were also one of the last independent American indigenous groups, that were not fully absorbed into Spanish-speaking rule until after Chile's independence.","[""T"",""he "",""Mapuch"",""e "",""were "",""also "",""one "",""of "",""t"",""he "",""last"","" "",""indep en d en t"","" "",""Amer"",""ican"","" "",""indig en ou"",""s "",""groups, "",""t"",""hat "",""were "",""not"","" "",""full"",""y "",""absor"",""b"",""ed "",""int"",""o "",""Span"",""ish-"",""speaking "",""ru le "",""unt"",""il "",""af te r"","" "",""C hi le'"",""s "",""indep en d en c"",""e.""]",44
718,dev,718,"Although Chile declared independence in 1810 (amid the Napoleonic wars that left Spain without a functioning central government for a couple of years), decisive victory over the Spanish was not achieved until 1818.","[""Al"",""t"",""hough"","" "",""C hi le "",""dec"",""lared "",""indep en d en c"",""e "",""in "",""1810 "",""(amid "",""t"",""he "",""Napoleonic "",""war"",""s "",""t"",""hat "",""left"","" "",""Spain "",""wit"",""hout "",""a "",""funct"",""ioning "",""c en t"",""ral "",""governm en t"","" "",""for"","" "",""a "",""coup"",""l"",""e "",""of "",""year"",""s)"","", "",""dec"",""isiv"",""e "",""victory "",""over"","" "",""t"",""he "",""Span"",""ish "",""was "",""not"","" "",""ac hi eved "",""unt"",""il "",""1818.""]",58
719,dev,719,"The Dominican Republic (Spanish: República Dominicana) is a Caribbean country that occupies the eastern half of the island of Hispaniola, which it shares with Haiti","[""T"",""he "",""Domin"",""ican"","" "",""Rep"",""ublic"","" "",""(Span"",""ish: "",""Rep"",""úblic"",""a "",""Domin"",""ic"",""an"",""a)"","" "",""is "",""a "",""Car"",""ibb"",""ean"","" "",""count"",""ry "",""t"",""hat "",""occup"",""i es  "",""t"",""he "",""eas te r"",""n "",""hal"",""f "",""of "",""t"",""he "",""isl"",""and "",""of "",""Hisp"",""an"",""iol"",""a, "",""w hi ch "",""it "",""shar es  "",""wit"",""h "",""Hait"",""i""]",53
720,dev,720,"Besides white sand beaches and mountain landscapes, the country is home to the oldest European city in the Americas, now part of Santo Domingo.","[""B"",""es id"",""es  "",""w hi te  "",""sand "",""beach es  "",""and "",""mount"",""ain "",""landsc"",""ap"",""es, "",""t"",""he "",""count"",""ry "",""is "",""hom"",""e "",""t"",""o "",""t"",""he "",""old es t"","" "",""Europ"",""ean"","" "",""cit"",""y "",""in "",""t"",""he "",""Amer"",""icas, "",""now "",""part"","" "",""of "",""San"",""t"",""o "",""Domin"",""go.""]",44
721,dev,721,"The island was first inhabited by the Taínos and Caribes. The Caribes were an Arawakan-speaking people who had arrived around 10,000 BCE.","[""T"",""he "",""isl"",""and "",""was "",""first"","" "",""inhabi te d "",""by "",""t"",""he "",""T"",""aínos "",""and "",""Car"",""ib es. "",""T"",""he "",""Car"",""ib es  "",""were "",""an "",""Araw"",""akan-"",""speaking "",""people "",""who "",""had "",""arr"",""ived "",""around"","" "",""10,0"",""00 "",""BCE.""]",35
722,dev,722,"Within a few short years following the arrival of European explorers, the population of Tainos had significantly been reduced by the Spanish conquerors","[""W"",""it"",""hi n "",""a "",""few "",""short"","" "",""year"",""s "",""foll"",""owing "",""t"",""he "",""arr"",""ival "",""of "",""Europ"",""ean"","" "",""explorers, "",""t"",""he "",""popul"",""at"",""ion"","" "",""of "",""T"",""ainos "",""had "",""sign"",""ifican"",""t"",""ly "",""be en  "",""red"",""uced "",""by "",""t"",""he "",""Span"",""ish "",""conqu"",""er"",""or"",""s""]",46
723,dev,723,"Based on Fray Bartolomé de las Casas (Tratado de las Indias) between 1492 and 1498 the Spanish conquerors killed around 100,000 Taínos.","[""B"",""ase"",""d "",""on "",""Fr"",""ay "",""Bar"",""t"",""olomé "",""de "",""las "",""Casas "",""(T"",""ratado "",""de "",""las "",""Indias)"","" "",""bet"",""we en  "",""1492 "",""and "",""1498 "",""t"",""he "",""Spanish "",""conqu"",""er"",""ors "",""killed "",""around"","" "",""100,0"",""00 "",""T"",""aínos.""]",36
724,dev,724,"Jardín de la Unión. This space was built as the atrium for a 17th-century convent, of which the Templo de San Diego is the sole surviving building.","[""Jar"",""d"",""ín "",""de "",""la "",""Unión. "",""T"",""hi s "",""space "",""was "",""built"","" "",""as "",""t"",""he "",""at"",""rium "",""for"","" "",""a "",""17t"",""h-"",""c en t"",""ury "",""conv"",""en t"","", "",""of "",""w hi ch "",""t"",""he "",""T"",""emplo "",""de "",""San "",""Diego "",""is "",""t"",""he "",""sol"",""e "",""sur"",""viv"",""ing "",""build"",""in"",""g.""]",47
725,dev,725,"It now functions as the central plaza, and always has a lot of things going on, day and night.","[""It"","" "",""now "",""funct"",""ions "",""as "",""t"",""he "",""c en t"",""ral "",""plaza, "",""and "",""always "",""has "",""a "",""lot "",""of "",""t"",""hi ngs "",""going "",""on, "",""day "",""and "",""night"","".""]",25
726,dev,726,"There are a number of restaurants surrounding the garden, and in the afternoons and evening there free concerts are often given from the central gazebo.","[""T"",""her"",""e "",""are "",""a "",""number"","" "",""of "",""r es t"",""aurant"",""s "",""sur"",""round"",""in"",""g "",""t"",""he "",""gard"",""en, "",""and "",""in "",""t"",""he "",""af te r"",""noon"",""s "",""and "",""ev en ing "",""t"",""here "",""free "",""conc"",""er"",""t"",""s "",""are "",""of te n "",""giv en  "",""from "",""t"",""he "",""c en t"",""ral "",""gazebo.""]",44
727,dev,727,Callejon del Beso (Alley of the Kiss). Two balconies separated by only 69 centimeters is home of an old love legend.,"[""C"",""al"",""l"",""ejon"","" "",""del "",""B es o "",""(A"",""ll"",""ey "",""of "",""t"",""he "",""Kiss"","")"","". "",""T"",""wo "",""balconi es  "",""separa te d "",""by "",""only "",""69 "",""c en t"",""ime te rs "",""is "",""hom"",""e "",""of "",""an "",""old "",""love "",""leg en d.""]",33
728,dev,728,For a few pennies some children will tell you the story.,"[""F"",""or"","" "",""a "",""few "",""p en n"",""i es  "",""som"",""e "",""c hi ldr"",""en  "",""will"","" "",""te ll "",""you "",""t"",""he "",""st"",""ory.""]",19
729,dev,729,"Bowen Island is a popular day trip or weekend excursion offering kayaking, hiking, shops, restaurants, and more.","[""B"",""ow"",""en  "",""Isl"",""an"",""d "",""is "",""a "",""popul"",""ar "",""day "",""t"",""rip "",""or "",""week en d "",""exc"",""ursion"","" "",""off"",""ering "",""kayaking, "",""hi kin"",""g, "",""shop"",""s, "",""r es t"",""aurant"",""s, "",""and "",""mor"",""e.""]",31
730,dev,730,"This authentic community is located in Howe Sound just off Vancouver, and is easily accessed via scheduled water taxis departing Granville Island in downtown Vancouver.","[""T"",""hi s "",""aut"",""h en t"",""ic "",""comm"",""unit"",""y "",""is "",""loca te d "",""in "",""Howe "",""Sound"","" "",""just"","" "",""off"","" "",""Vancouver"","", "",""and "",""is "",""easil"",""y "",""acc es s"",""ed "",""via "",""schedul"",""ed "",""wa te r "",""t"",""axis "",""depart"",""ing "",""Gran"",""vil"",""l"",""e "",""Isl"",""and "",""in "",""down"",""t"",""own "",""Vancouv"",""er"","".""]",47
731,dev,731,"For those who enjoy outdoor activities, a trek up the Sea to Sky corridor is essential.","[""F"",""or"","" "",""t"",""hose "",""who "",""en joy "",""out"",""door "",""act"",""iviti es, "",""a "",""t"",""rek "",""up "",""t"",""he "",""Sea "",""t"",""o "",""Sky "",""cor"",""ridor "",""is "",""es s en t"",""ial.""]",26
732,dev,732,Whistler (1.5 hour drive from Vancouver) is expensive but well-known because of the 2010 Winter Olympics.,"[""W"",""hi st"",""ler "",""(1.5"","" "",""hour "",""drive "",""from "",""Vancouver"","") "",""is "",""exp en siv"",""e "",""but"","" "",""well"",""-"",""known "",""because"","" "",""of "",""t"",""he "",""2010 "",""Win"",""te r"","" "",""Olymp"",""ics.""]",29
733,dev,733,"In the winter, enjoy some of the best skiing in North America, and in the summer try some authentic mountain biking.","[""In "",""t"",""he "",""win te r"","", "",""en joy "",""som"",""e "",""of "",""t"",""he "",""b es t"","" "",""skiing "",""in "",""Nor"",""t"",""h "",""Amer"",""ica, "",""and "",""in "",""t"",""he "",""summ"",""er "",""t"",""ry "",""som"",""e "",""aut"",""h en tic "",""mount"",""ain "",""biking.""]",35
734,dev,734,Permits must be reserved in advance. You must have a permit to stay overnight at Sirena.,"[""P"",""er"",""mit"",""s "",""must"","" "",""be "",""r es erved "",""in "",""adv"",""ance. "",""You "",""must"","" "",""have "",""a "",""permit"","" "",""t"",""o "",""st"",""ay "",""over"",""night"","" "",""at"","" "",""Sir"",""en a.""]",29
735,dev,735,"Sirena is the only ranger station that offers dormitory lodging and hot meals in addition to camping. La Leona, San Pedrillo, and Los Patos offer only camping with no food service.","[""S"",""ir"",""en a "",""is "",""t"",""he "",""only "",""ranger "",""st"",""ation"","" "",""t"",""hat "",""off"",""ers "",""dormitory "",""lodging "",""and "",""hot"","" "",""meals "",""in "",""addit"",""ion"","" "",""t"",""o "",""camp"",""ing. "",""La "",""Leona, "",""San"","" "",""Pedrill"",""o, "",""and "",""Los "",""Pat"",""os "",""off"",""er "",""only "",""camp"",""ing "",""wit"",""h "",""no "",""food "",""ser"",""vice.""]",50
736,dev,736,"It is possible to secure park permits directly from the Ranger Station in Puerto Jiménez, but they do not accept credit cards","[""It"","" "",""is "",""possib"",""le "",""t"",""o "",""secure "",""park "",""permit"",""s "",""direct"",""ly "",""from "",""t"",""he "",""Rang"",""er "",""St"",""ation"","" "",""in "",""Puert"",""o "",""Jiménez"","", "",""but"","" "",""t"",""hey "",""do "",""not"","" "",""accept"","" "",""credit"","" "",""car"",""ds""]",39
737,dev,737,The Park Service (MINAE) does not issue park permits more than one month in advance of anticipated arrival.,"[""T"",""he "",""Park "",""Ser"",""vice "",""(MIN"",""AE)"","" "",""do es  "",""not"","" "",""iss"",""ue "",""park "",""permit"",""s "",""mor"",""e "",""t"",""han "",""one "",""mon"",""t"",""h "",""in "",""adv"",""ance "",""of "",""ant"",""icipa te d "",""arr"",""ival.""]",32
738,dev,738,"CafeNet El Sol offers a reservation service for a fee of US$30, or $10 for one-day passes; details on their Corcovado page.","[""C"",""af"",""eN"",""et"","" "",""El "",""Sol"","" "",""off"",""ers "",""a "",""r es ervation"","" "",""ser"",""vice "",""for"","" "",""a "",""fee "",""of "",""US$30"","", "",""or "",""$10 "",""for"","" "",""one-"",""day "",""pass"",""es ; "",""det"",""ails "",""on "",""t"",""heir "",""Cor"",""covado "",""page.""]",38
739,dev,739,"The Cook Islands are an island country in free association with New Zealand, located in Polynesia, in the middle of the South Pacific Ocean.","[""T"",""he "",""Cook "",""Isl"",""ands"","" "",""are "",""an "",""isl"",""and "",""count"",""ry "",""in "",""free "",""ass"",""ociat"",""ion"","" "",""wit"",""h "",""New "",""Zealan"",""d, "",""loca te d "",""in "",""Pol"",""yn"",""es i"",""a, "",""in "",""t"",""he "",""mid"",""dl"",""e "",""of "",""t"",""he "",""Sout"",""h "",""Pacific"","" "",""Ocean"","".""]",44
740,dev,740,It is an archipelago with 15 islands spread out over 2.2 million km2 of ocean.,"[""It"","" "",""is "",""an "",""arc hi"",""pel"",""ago "",""wit"",""h "",""15 "",""isl"",""ands"","" "",""spread "",""out"","" "",""over"","" "",""2.2"","" "",""mil"",""lion"","" "",""km2 "",""of "",""ocean"","".""]",27
741,dev,741,"With the same time zone as Hawaii, the islands are sometimes thought of as ""Hawaii down under"".","[""W"",""it"",""h "",""t"",""he "",""same "",""t"",""ime "",""zone "",""as "",""Haw"",""aii, "",""t"",""he "",""isl"",""ands"","" "",""are "",""som"",""et"",""im es  "",""t"",""hough"",""t "",""of "",""as "",""\"""",""Haw"",""aii "",""down"","" "",""under"",""\"".""]",33
742,dev,742,"Though smaller, it reminds some elderly visitors of Hawaii before statehood without all the large tourist hotels and other development.","[""T"",""hough"","" "",""small"",""er, "",""it "",""rem"",""inds "",""som"",""e "",""elder"",""l"",""y "",""visit"",""ors "",""of "",""Haw"",""aii "",""befor"",""e "",""st"",""a te hood"","" "",""wit"",""hout "",""all"","" "",""t"",""he "",""lar"",""ge "",""t"",""ourist"","" "",""ho te ls "",""and "",""ot"",""her "",""devel"",""opm en t"","".""]",41
743,dev,743,The Cook Islands do not have any cities but are composed of 15 different islands. The main ones are Rarotonga and Aitutaki.,"[""T"",""he "",""Cook "",""Isl"",""ands"","" "",""do "",""not"","" "",""have "",""any "",""cit"",""i es  "",""but"","" "",""are "",""comp"",""osed "",""of "",""15 "",""differ en t"","" "",""isl"",""ands"","". "",""T"",""he "",""main "",""on es  "",""are "",""Rarotonga "",""and "",""Ait"",""utaki.""]",34
744,dev,744,"In developed countries today, providing deluxe bed and breakfasts has been raised to a sort of art-form.","[""In "",""devel"",""oped "",""count"",""ri es  "",""t"",""oday, "",""prov"",""id"",""in"",""g "",""deluxe "",""bed "",""and "",""breakf"",""ast"",""s "",""has "",""be en  "",""raised "",""t"",""o "",""a "",""sor"",""t"","" "",""of "",""art"",""-"",""for"",""m.""]",31
745,dev,745,"At the top end, B&Bs obviously compete mainly on two main things: bedding and breakfast.","[""At"","" "",""t"",""he "",""t"",""op "",""en d, "",""B&Bs "",""obviousl"",""y "",""comp"",""e te  "",""mainl"",""y "",""on "",""t"",""wo "",""main "",""t"",""hi ngs: "",""beddin"",""g "",""and "",""breakf"",""ast"","".""]",26
746,dev,746,"Accordingly, at the finest such establishments one is apt to find the most luxurious bedding, maybe a handmade quilt or an antique bed.","[""Ac"",""c"",""or"",""din"",""gl"",""y, "",""at"","" "",""t"",""he "",""fin"",""es t"","" "",""such "",""es t"",""ablishm"",""en t"",""s "",""one "",""is "",""apt"","" "",""t"",""o "",""fin"",""d "",""t"",""he "",""most"","" "",""luxurious "",""beddin"",""g, "",""maybe "",""a "",""hand"",""m"",""ade "",""quilt"","" "",""or "",""an "",""ant"",""ique "",""bed.""]",45
747,dev,747,Breakfast may include seasonal delights of the region or the host's speciality dish.,"[""B"",""r"",""eakf"",""ast"","" "",""may "",""incl"",""ude "",""season"",""al "",""delight"",""s "",""of "",""t"",""he "",""region"","" "",""or "",""t"",""he "",""host"",""'s "",""special"",""it"",""y "",""dish.""]",26
748,dev,748,"The setting might be an historic old building with antique furnishings, manicured grounds and a swimming pool.","[""T"",""he "",""set"",""ting "",""might"","" "",""be "",""an "",""hi st"",""oric "",""old "",""build"",""in"",""g "",""wit"",""h "",""ant"",""ique "",""fur"",""nis hi n"",""gs, "",""man"",""icur"",""ed "",""ground"",""s "",""and "",""a "",""swimm"",""in"",""g "",""pool"","".""]",33
749,dev,749,Getting into your own car and heading off on a long road trip has an intrinsic appeal in its simplicity.,"[""G"",""et"",""ting "",""int"",""o "",""your "",""own "",""car"","" "",""and "",""heading "",""off"","" "",""on "",""a "",""lon"",""g "",""road "",""t"",""rip "",""has "",""an "",""int"",""rinsic"","" "",""appeal "",""in "",""its "",""sim"",""plicit"",""y.""]",31
750,dev,750,"Unlike larger vehicles, you are probably already familiar with driving your car and know its limitations.","[""U"",""n"",""l"",""ike "",""lar"",""ger "",""ve hi cl"",""es, "",""you "",""are "",""probab"",""ly "",""alread"",""y "",""famil"",""iar "",""wit"",""h "",""driving "",""your "",""car"","" "",""and "",""know "",""its "",""limit"",""ation"",""s.""]",28
751,dev,751,Setting up a tent on private property or in a town of any size can easily attract unwanted attention.,"[""S"",""e"",""t"",""t"",""ing "",""up "",""a "",""te nt"","" "",""on "",""priva te  "",""prop"",""ert"",""y "",""or "",""in "",""a "",""t"",""own "",""of "",""any "",""size "",""can "",""easil"",""y "",""at"",""t"",""ract"","" "",""unw"",""an te d "",""at"",""te ntion.""]",33
752,dev,752,"In short, using your car is a great way to take a road trip but seldom in itself a way to ""camp"".","[""In "",""short"","", "",""using "",""your "",""car"","" "",""is "",""a "",""great"","" "",""way "",""t"",""o "",""t"",""ake "",""a "",""road "",""t"",""rip "",""but"","" "",""sel"",""dom "",""in "",""itself "",""a "",""way "",""t"",""o "",""\"""",""camp"",""\"""","".""]",34
753,dev,753,"Car camping is possible if you have a large minivan, SUV, Sedan or Station Wagon with seats that lay down.","[""C"",""ar"","" "",""camp"",""ing "",""is "",""possib"",""le "",""if you "",""have "",""a "",""lar"",""ge "",""min"",""ivan, "",""SUV, "",""Sedan"","" "",""or "",""St"",""ation"","" "",""Wagon"","" "",""wit"",""h "",""seat"",""s "",""t"",""hat "",""lay "",""down"","".""]",33
754,dev,754,"Some hotels have a heritage from the golden age of steam railways and ocean liners; before the Second World War, in the 19th or early 20th centuries.","[""S"",""om"",""e "",""ho te ls "",""have "",""a "",""her"",""it"",""age "",""from "",""t"",""he "",""gol"",""d en  "",""age "",""of "",""s te am "",""railways "",""and "",""ocean "",""lin"",""ers; "",""befor"",""e "",""t"",""he "",""Second"","" "",""Wor"",""ld "",""War"","", "",""in "",""t"",""he "",""19t"",""h "",""or "",""earl"",""y "",""20t"",""h "",""c en t"",""uri es.""]",44
755,dev,755,"These hotels were where the rich and the famous of the day would stay, and often had fine dining and nightlife.","[""T"",""h es e "",""ho te ls "",""were "",""wher"",""e "",""t"",""he "",""rich "",""and "",""t"",""he "",""famous "",""of "",""t"",""he "",""day "",""would"","" "",""st"",""ay, "",""and "",""of te n "",""had "",""fin"",""e "",""din"",""ing "",""and "",""night"",""l"",""ife.""]",32
756,dev,756,"The old fashioned fittings, the lack of the latest amenities, and a certain graceful agedness are also part of their character.","[""T"",""he "",""old "",""fas hi on"",""ed "",""fit"",""tings, "",""t"",""he "",""lack "",""of "",""t"",""he "",""la te st"","" "",""am en it"",""i es, "",""and "",""a "",""cer"",""t"",""ain "",""gracef"",""ul "",""agedn"",""es s"","" "",""are "",""also "",""part"","" "",""of "",""t"",""heir "",""char"",""ac te r"","".""]",37
757,dev,757,"While they are usually privately owned, they sometimes accommodate visiting heads of state and other dignitaries.","[""W"",""hi l"",""e "",""t"",""hey "",""are "",""usuall"",""y "",""priva te l"",""y "",""owned, "",""t"",""hey "",""som"",""et"",""im es  "",""accomm"",""oda te  "",""visit"",""ing "",""heads "",""of "",""st"",""a te  "",""and "",""ot"",""her "",""dign"",""it"",""ari es.""]",30
758,dev,758,"A traveller with piles of money might consider a round the world flight, broken up with stays in many of these hotels.","[""A "",""t"",""ravel"",""l"",""er "",""wit"",""h "",""pil es  "",""of "",""mon"",""ey "",""might"","" "",""consider"","" "",""a "",""round"","" "",""t"",""he "",""wor"",""ld "",""flight"","", "",""brok"",""en  "",""up "",""wit"",""h "",""st"",""ays "",""in "",""man"",""y "",""of "",""t"",""h es e "",""ho te ls.""]",38
759,dev,759,A hospitality exchange network is the organization that connects travelers with locals in the cities they are going to visit.,"[""A "",""hospit"",""alit"",""y "",""exc"",""hang"",""e "",""net"",""wor"",""k "",""is "",""t"",""he "",""organizat"",""ion"","" "",""t"",""hat "",""connect"",""s "",""t"",""ravel"",""ers "",""wit"",""h "",""local"",""s "",""in "",""t"",""he "",""cit"",""i es  "",""t"",""hey "",""are "",""going "",""t"",""o "",""visit"","".""]",40
760,dev,760,Joining such a network usually just requires filling out an online form; although some networks offer or require additional verification.,"[""Joining "",""such "",""a "",""net"",""wor"",""k "",""usuall"",""y "",""just"","" "",""requir"",""es  "",""filling "",""out"","" "",""an "",""online "",""for"",""m; "",""alt"",""hough"","" "",""som"",""e "",""net"",""wor"",""ks "",""off"",""er "",""or "",""requir"",""e "",""addit"",""ion"",""al "",""ver"",""ification"","".""]",38
761,dev,761,"A listing of available hosts is then provided either in print and/or online, sometimes with references and reviews by other travelers.","[""A "",""list"",""ing "",""of "",""availab"",""le "",""host"",""s "",""is "",""t"",""h en  "",""prov"",""id"",""ed "",""eit"",""her "",""in "",""print"","" "",""and/"",""or "",""online, "",""som"",""et"",""im es  "",""wit"",""h "",""refer"",""en c es  "",""and "",""rev"",""iew"",""s "",""by "",""ot"",""her "",""t"",""ravel"",""ers.""]",39
762,dev,762,Couchsurfing was founded in January 2004 after computer programmer Casey Fenton found a cheap flight to Iceland but did not have a place to stay.,"[""C"",""ou"",""c"",""h"",""s"",""u"",""r"",""fin"",""g "",""was "",""found"",""ed "",""in "",""Jan"",""uary "",""200"",""4 "",""af te r"","" "",""comp"",""u te r "",""progr"",""am"",""m"",""er"","" "",""Casey "",""F en t"",""on "",""found"","" "",""a "",""cheap"","" "",""flight"","" "",""t"",""o "",""Icel"",""and "",""but"","" "",""did "",""not"","" "",""have "",""a "",""place "",""t"",""o "",""st"",""ay.""]",52
763,dev,763,He emailed students at the local university and received an overwhelming number of offers for free accommodation.,"[""H"",""e "",""emailed "",""st"",""ud en t"",""s "",""at"","" "",""t"",""he "",""local "",""univer"",""sit"",""y "",""and "",""recei"",""ved "",""an "",""over"",""w"",""hel"",""ming "",""number"","" "",""of "",""off"",""ers "",""for"","" "",""free "",""accomm"",""odation"","".""]",33
764,dev,764,Hostels cater primarily to young people – a typical guest is in their twenties – but you can often find older travellers there too.,"[""H"",""os te"",""ls "",""ca te r "",""primar"",""il"",""y "",""t"",""o "",""young "",""people "",""–"","" "",""a "",""t"",""ypical "",""gu es t "",""is "",""in "",""t"",""heir "",""t"",""w en ti es  "",""–"","" "",""but"","" "",""you "",""can "",""of te n "",""fin"",""d "",""older"","" "",""t"",""ravel"",""l"",""ers "",""t"",""here "",""t"",""oo.""]",42
765,dev,765,"Families with children are a rare sight, but some hostels do allow them in private rooms.","[""F"",""am"",""il"",""i es  "",""wit"",""h "",""c hi ldr"",""en  "",""are "",""a "",""rare "",""sight"","", "",""but"","" "",""som"",""e "",""hos te ls "",""do "",""all"",""ow "",""t"",""hem "",""in "",""priva te  "",""rooms.""]",26
766,dev,766,"The city of Beijing in China will be the host city of the Olympic Winter Games in 2022, which will make it the first city to have hosted both the summer and winter Olympics.","[""T"",""he "",""cit"",""y "",""of "",""Beijing "",""in "",""C hi na "",""will"","" "",""be "",""t"",""he "",""host"","" "",""cit"",""y "",""of "",""t"",""he "",""Olymp"",""ic "",""Win"",""te r"","" "",""Gam es  "",""in "",""2022, "",""w hi ch "",""will"","" "",""make "",""it "",""t"",""he "",""first"","" "",""cit"",""y "",""t"",""o "",""have "",""hos te d "",""bot"",""h "",""t"",""he "",""summ"",""er "",""and "",""win"",""te r"","" "",""Olymp"",""ics.""]",55
767,dev,767,Beijing will host the opening and closing ceremonies and the indoor ice events.,"[""B"",""ei"",""jin"",""g "",""will"","" "",""host"","" "",""t"",""he "",""op en ing "",""and "",""closing "",""cer"",""emoni es  "",""and "",""t"",""he "",""indoor "",""ice "",""ev en t"",""s.""]",22
768,dev,768,"Other skiing events will be at the Taizicheng ski area in Zhangjiakou, about 220 km (140 miles) from Beijing.","[""Ot"",""her"","" "",""skiing "",""ev en t"",""s "",""will"","" "",""be "",""at"","" "",""t"",""he "",""T"",""aizich en g"","" "",""ski "",""area "",""in "",""Zhangjiakou, "",""about"","" "",""220 "",""km "",""(140 "",""mil"",""es )"","" "",""from "",""Beijing.""]",30
769,dev,769,"Most of the temples do have an Annual festival starting from November end to Mid of May, which varies according to each temple's annual calendar.","[""M"",""ost"","" "",""of "",""t"",""he "",""te mpl es  "",""do "",""have "",""an "",""Ann"",""ual "",""f es t"",""ival "",""st"",""arting "",""from "",""November"","" "",""en d "",""t"",""o "",""Mid"","" "",""of "",""May, "",""w hi ch "",""vari es  "",""accor"",""din"",""g "",""t"",""o "",""each "",""te mple'"",""s "",""ann"",""ual "",""cal en dar.""]",39
770,dev,770,Most of the temple festivals is celebrated as part of temple's anniversary or presiding deity's birthday or any other major event associated with the temple.,"[""M"",""ost"","" "",""of "",""t"",""he "",""te mple "",""f es t"",""ivals "",""is "",""cel"",""ebra te d "",""as "",""part"","" "",""of "",""te mple'"",""s "",""ann"",""iver"",""sary "",""or "",""pr es idin"",""g "",""deity'"",""s "",""birt"",""hday "",""or "",""any "",""ot"",""her "",""major"","" "",""ev en t"","" "",""ass"",""ocia te"",""d "",""wit"",""h "",""t"",""he "",""te mple.""]",44
771,dev,771,"Kerala's temple festivals are very interesting to see, with regular procession of decorated elephants, temple orchestra and other festivities.","[""Ker"",""ala'"",""s "",""te mple "",""f es t"",""ivals "",""are "",""ver"",""y "",""in te r"",""es t"",""ing "",""t"",""o "",""see"","", "",""wit"",""h "",""regul"",""ar"","" "",""proc"",""es s"",""ion"","" "",""of "",""dec"",""ora te"",""d "",""elephant"",""s, "",""te mple "",""orch es t"",""ra "",""and "",""ot"",""her "",""f es t"",""ivit"",""i es.""]",40
772,dev,772,"A World's Fair (commonly called World Exposition, or simply Expo) is large international festival of arts and sciences.","[""A "",""Wor"",""ld'"",""s "",""Fair "",""(comm"",""onl"",""y "",""call"",""ed "",""Wor"",""ld "",""Exposit"",""ion"","", "",""or"","" "",""sim"",""ply "",""Expo)"","" "",""is "",""lar"",""ge "",""in te r"",""nat"",""ion"",""al "",""f es t"",""ival "",""of "",""art"",""s "",""and "",""sci en c"",""es.""]",36
773,dev,773,Participating countries present artistic and educational displays in national pavilions to showcase world issues or their country's culture and history.,"[""P"",""ar"",""t"",""icip"",""at"",""ing "",""count"",""ri es  "",""pr es en t"","" "",""art"",""ist"",""ic "",""and "",""educat"",""ion"",""al "",""disp"",""lays "",""in "",""nat"",""ion"",""al "",""pavil"",""ion"",""s "",""t"",""o "",""show"",""case "",""wor"",""ld "",""iss"",""u es  "",""or "",""t"",""heir "",""count"",""ry'"",""s "",""cult"",""ure "",""and "",""hi st"",""ory.""]",45
774,dev,774,"International Horticultural Expositions are specialised events which showcase floral displays, botanical gardens and anything else to do with plants.","[""In te r"",""nat"",""ion"",""al "",""Hor"",""t"",""icul"",""t"",""ural "",""Exposit"",""ion"",""s "",""are "",""special"",""ised "",""ev en t"",""s "",""w hi ch "",""show"",""case "",""flor"",""al "",""disp"",""lays, "",""bot"",""anical "",""gard en s "",""and "",""anyt"",""hi ng "",""else "",""t"",""o "",""do "",""wit"",""h "",""plan"",""t"",""s.""]",39
775,dev,775,"Although in theory they can take place annually (so long as they are in different countries), in practice they are not.","[""Al"",""t"",""hough"","" "",""in "",""t"",""heory "",""t"",""hey "",""can "",""t"",""ake "",""place "",""ann"",""uall"",""y "",""(so "",""long "",""as "",""t"",""hey "",""are "",""in "",""differ en t"","" "",""count"",""ri es )"","", "",""in "",""pract"",""ice "",""t"",""hey "",""are "",""not"","".""]",36
776,dev,776,"These events normally last anywhere between three and six months, and are held on sites no smaller than 50 hectares.","[""T"",""h es e "",""ev en t"",""s "",""nor"",""mall"",""y "",""last"","" "",""anywher"",""e "",""bet"",""we en  "",""t"",""hree "",""and "",""six "",""mon"",""t"",""hs, "",""and "",""are "",""hel"",""d "",""on "",""si te s "",""no "",""small"",""er "",""t"",""han "",""50 "",""hect"",""ar es.""]",34
777,dev,777,There are many different film formats that have been used over the years. Standard 35 mm film (36 by 24 mm negative) is much the commonest.,"[""T"",""her"",""e "",""are "",""man"",""y "",""differ"",""en t"","" "",""film "",""for"",""mats "",""t"",""hat "",""have "",""be en  "",""used "",""over"","" "",""t"",""he "",""years. "",""St"",""andard"","" "",""35 "",""mm "",""film "",""(36 "",""by "",""24 "",""mm "",""negat"",""ive)"","" "",""is "",""much"","" "",""t"",""he "",""comm"",""on es t"","".""]",43
778,dev,778,"It can usually be replenished fairly easily if you run out, and gives resolution roughly comparable to a current DSLR.","[""It"","" "",""can "",""usuall"",""y "",""be "",""repl"",""en ished "",""fairl"",""y "",""easil"",""y "",""if you "",""ru n "",""out"","", "",""and "",""giv es  "",""r es olution"","" "",""rough"",""l"",""y "",""comp"",""arab"",""le "",""t"",""o "",""a "",""cur"",""r en t"","" "",""DSLR.""]",33
779,dev,779,"Some medium-format film cameras use a 6 by 6 cm format, more precisely a 56 by 56 mm negative.","[""S"",""om"",""e "",""med"",""ium-"",""for"",""mat "",""film "",""camer"",""as "",""use "",""a "",""6 "",""by "",""6 "",""cm "",""for"",""mat, "",""mor"",""e "",""preci"",""sel"",""y "",""a "",""56 "",""by "",""56 "",""mm "",""negat"",""ive.""]",30
780,dev,780,This gives resolution almost four times that of a 35 mm negative (3136 mm2 versus 864).,"[""T"",""hi s "",""giv es  "",""r es olution"","" "",""almost"","" "",""four"","" "",""t"",""im es  "",""t"",""hat "",""of "",""a "",""35 "",""mm "",""negat"",""ive "",""(3136 "",""mm2 "",""ver"",""sus "",""864).""]",24
781,dev,781,"Wildlife is among the most challenging motifs for a photographer, and needs a combination of good luck, patience, experience and good equipment.","[""W"",""il"",""dl"",""ife "",""is "",""amon"",""g "",""t"",""he "",""most"","" "",""chall"",""en ging "",""mot"",""ifs "",""for"","" "",""a "",""phot"",""ograph"",""er"","", "",""and "",""needs "",""a "",""comb"",""ination"","" "",""of "",""good"","" "",""luck"","", "",""pat"",""i en c"",""e, "",""exper"",""i en c"",""e "",""and "",""good"","" "",""equipm en t"","".""]",44
782,dev,782,"Wildlife photography is often taken for granted, but like photography in general, a picture is worth a thousand words.","[""W"",""il"",""dl"",""ife "",""phot"",""ograph"",""y "",""is "",""of te n "",""t"",""ak en  "",""for"","" "",""gran te d, "",""but"","" "",""like "",""phot"",""ograph"",""y "",""in "",""g en er"",""al, "",""a "",""picture "",""is "",""wor"",""t"",""h "",""a "",""t"",""housand "",""wor"",""ds.""]",34
783,dev,783,"Wildlife photography often requires a long telephoto lens, though things like a flock of birds or a tiny creature need other lenses.","[""W"",""il"",""dl"",""ife "",""phot"",""ograph"",""y "",""of te n "",""requir"",""es  "",""a "",""lon"",""g "",""te lephot"",""o "",""l en s, "",""t"",""hough"","" "",""t"",""hi ngs "",""like "",""a "",""flock "",""of "",""birds "",""or "",""a "",""t"",""iny "",""creat"",""ure "",""need "",""ot"",""her "",""l en s es.""]",36
784,dev,784,"Many exotic animals are hard to find, and parks sometimes have rules about taking photographs for commercial purposes.","[""M"",""an"",""y "",""exot"",""ic "",""animals "",""are "",""har"",""d"","" "",""t"",""o "",""fin"",""d, "",""and "",""parks "",""som"",""et"",""im es  "",""have "",""ru l es  "",""about"","" "",""t"",""aking "",""phot"",""ograph"",""s "",""for"","" "",""comm"",""er"",""cial"","" "",""purpos es.""]",35
785,dev,785,"Wild animals might either be shy or aggressive. The environment might be cold, hot, or otherwise hostile.","[""W"",""il"",""d "",""animal"",""s "",""might"","" "",""eit"",""her "",""be "",""shy "",""or "",""aggr"",""es s"",""iv"",""e. "",""T"",""he "",""en vironm en t"","" "",""might"","" "",""be "",""col"",""d, "",""hot"","", "",""or "",""ot"",""herw"",""ise "",""host"",""ile.""]",33
786,dev,786,"The world has over 5,000 different languages, including more than twenty with 50 million or more speakers.","[""T"",""he "",""wor"",""ld "",""has "",""over"","" "",""5,0"",""00 "",""differ"",""en t"","" "",""languag"",""es, "",""inc"",""l"",""udin"",""g "",""mor"",""e "",""t"",""han "",""t"",""w en ty "",""wit"",""h "",""50 "",""mil"",""lion"","" "",""or "",""mor"",""e "",""speaker"",""s.""]",35
787,dev,787,"Written words are often easier to understand than spoken words, also. This is especially true of addresses, which are often difficult to pronounce intelligibly.","[""W"",""r"",""it"",""te n "",""wor"",""ds "",""are "",""of te n "",""easier"","" "",""t"",""o "",""under"",""st"",""and "",""t"",""han "",""spok en  "",""wor"",""ds, "",""also. "",""T"",""hi s "",""is "",""es pecial"",""l"",""y "",""t"",""ru e "",""of "",""addr"",""es s es, "",""w hi ch "",""are "",""of te n "",""difficul"",""t"","" "",""t"",""o "",""pronounc"",""e "",""in te ll"",""igib"",""ly.""]",45
788,dev,788,"Many entire nations are completely fluent in English, and in even more you can expect a limited knowledge - especially among younger people.","[""M"",""an"",""y "",""en t"",""ire "",""nat"",""ions "",""are "",""comp"",""l"",""e te l"",""y "",""flu en t"","" "",""in "",""Engl"",""ish, "",""and "",""in "",""ev en  "",""mor"",""e "",""you "",""can "",""expect"","" "",""a "",""limi te d "",""knowledg"",""e "",""- "",""es pecial"",""l"",""y "",""amon"",""g "",""younger"","" "",""people.""]",39
789,dev,789,"Imagine, if you will, a Mancunian, Bostonian, Jamaican and Sydneysider sitting around a table having dinner at a restaurant in Toronto.","[""Im"",""ag"",""in"",""e, "",""if you "",""will"","", "",""a "",""Man"",""cunian"","", "",""Bost"",""onian"","", "",""Jamaican"","" "",""and "",""Sydneysid"",""er"","" "",""sit"",""ting "",""around"","" "",""a "",""t"",""able "",""having "",""din"",""n"",""er "",""at"","" "",""a "",""r es t"",""aurant"","" "",""in "",""T"",""oront"",""o.""]",41
790,dev,790,"They're regaling each other with stories from their hometowns, told in their distinct accents and local argot.","[""T"",""hey'"",""re "",""regaling "",""each "",""ot"",""her "",""wit"",""h "",""st"",""ori es  "",""from "",""t"",""heir "",""hom"",""et"",""owns, "",""t"",""old "",""in "",""t"",""heir "",""dist"",""inct"","" "",""acc en t"",""s "",""and "",""local"","" "",""argot"","".""]",32
791,dev,791,"Buying food in supermarkets is usually the cheapest way to get fed. Without cooking opportunities, choices are however limited to ready-made food.","[""B"",""u"",""ying "",""food"","" "",""in "",""super"",""market"",""s "",""is "",""usuall"",""y "",""t"",""he "",""cheap"",""es t"","" "",""way "",""t"",""o "",""get "",""fed. "",""Wit"",""hout "",""cooking "",""opport"",""unit"",""i es, "",""choic es  "",""are "",""however"","" "",""limi te d "",""t"",""o "",""ready-"",""made "",""food.""]",38
792,dev,792,Increasingly supermarkets are getting a more varied section of ready-made food. Some even provide a microwave oven or other means to heat food.,"[""Inc"",""r"",""easin"",""gl"",""y "",""super"",""mar"",""ket"",""s "",""are "",""getting "",""a "",""mor"",""e "",""varied"","" "",""sect"",""ion "",""of "",""read"",""y-"",""made "",""food. "",""Som"",""e "",""ev en  "",""prov"",""id"",""e "",""a "",""micr"",""ow"",""ave "",""ov en  "",""or "",""ot"",""her "",""means "",""t"",""o "",""heat"","" "",""food.""]",43
793,dev,793,"In some countries or types of stores there is at least one on-site restaurant, often a rather informal one with affordable prices.","[""In "",""som"",""e "",""count"",""ri es  "",""or "",""t"",""yp es  "",""of "",""st"",""or es  "",""t"",""here "",""is "",""at"","" "",""least"","" "",""one "",""on-"",""si te  "",""r es t"",""aurant"","", "",""of te n "",""a "",""rat"",""her "",""infor"",""mal "",""one "",""wit"",""h "",""aff"",""or"",""dab"",""le "",""pric es.""]",38
794,dev,794,Make and carry copies of your policy and your insurer's contact details with you.,"[""M"",""ak"",""e "",""and "",""car"",""ry "",""cop"",""i es  "",""of "",""your "",""pol"",""icy "",""and "",""your "",""insu"",""r"",""er'"",""s "",""cont"",""act "",""det"",""ails "",""wit"",""h "",""you.""]",25
795,dev,795,They need to show the insurer's e-mail address and international phone numbers for advice/authorizations and making claims.,"[""T"",""hey "",""need "",""t"",""o "",""show"","" "",""t"",""he "",""insu"",""r"",""er'"",""s "",""e-"",""mail "",""addr"",""es s "",""and "",""in te r"",""nat"",""ion"",""al "",""phon"",""e "",""number"",""s "",""for"","" "",""adv"",""ice/"",""aut"",""horizat"",""ion"",""s "",""and "",""making "",""claims.""]",37
796,dev,796,"Have another copy in your luggage and online (e-mail to yourself with attachment, or stored in the ""cloud"").","[""H"",""ave "",""anot"",""her "",""cop"",""y "",""in "",""your "",""luggag"",""e "",""and "",""online "",""(e-"",""mail "",""t"",""o "",""yoursel"",""f "",""wit"",""h "",""at"",""tachm en t"","", "",""or "",""st"",""ored "",""in "",""t"",""he "",""\"""",""cloud\"""","")"","".""]",33
797,dev,797,"If traveling with a laptop or tablet, store a copy in its memory or disc (accessible without the internet).","[""If t"",""ravel"",""ing "",""wit"",""h "",""a "",""laptop "",""or "",""t"",""ablet, "",""st"",""ore "",""a "",""cop"",""y "",""in "",""its "",""memor"",""y "",""or "",""disc"","" "",""(acc es s"",""ib"",""le "",""wit"",""hout "",""t"",""he "",""in te r"",""net"","").""]",32
798,dev,798,Also give policy/contact copies to traveling companions and relatives or friends back home willing to help.,"[""Al"",""s"",""o "",""give "",""pol"",""icy/"",""cont"",""act "",""cop"",""i es  "",""t"",""o "",""t"",""ravel"",""ing "",""comp"",""anion"",""s "",""and "",""rel"",""at"",""iv es  "",""or "",""fri en ds "",""back"","" "",""hom"",""e "",""will"",""ing "",""t"",""o "",""hel"",""p.""]",34
799,dev,799,"Moose (also known as elk) aren't inherently aggressive, but will defend themselves if they perceive a threat.","[""M"",""oose"","" "",""(also "",""known "",""as "",""elk) "",""ar en 't"","" "",""inher"",""en t"",""ly "",""aggr"",""es s"",""iv"",""e, "",""but"","" "",""will"","" "",""def en d "",""t"",""hemsel"",""v es  "",""if t"",""hey "",""perceive "",""a "",""t"",""hreat.""]",30
800,dev,800,"When people don't see moose as potentially dangerous, they may approach too closely and put themselves at risk.","[""W"",""h en  "",""people "",""don't"","" "",""see"","" "",""moose"","" "",""as "",""po te nt"",""iall"",""y "",""dangerou"",""s, "",""t"",""hey "",""may "",""appr"",""oach "",""t"",""oo "",""close"",""l"",""y "",""and "",""put"","" "",""t"",""hemsel"",""v es  "",""at"","" "",""risk.""]",34
801,dev,801,"Drink alcoholic drinks with moderation. Alcohol affects everyone differently, and knowing your limit is very important.","[""D"",""r"",""in"",""k "",""alcohol"",""ic "",""drinks "",""wit"",""h "",""moder"",""at"",""ion"","". "",""Alcohol"","" "",""aff"",""ect"",""s "",""ever"",""yon"",""e "",""differ"",""en t"",""ly, "",""and "",""knowing "",""your "",""limit"","" "",""is "",""ver"",""y "",""import"",""ant.""]",34
802,dev,802,Possible long term health events from excessive drinking can include liver damage and even blindness and death. The potential danger is increased when consuming illegally produced alcohol.,"[""P"",""oss"",""ib"",""le "",""lon"",""g "",""te rm "",""healt"",""h "",""ev en t"",""s "",""from "",""exc"",""es siv"",""e "",""drinking "",""can "",""incl"",""ude "",""liver"","" "",""damag"",""e "",""and "",""ev en  "",""blindn"",""es s"","" "",""and "",""deat"",""h. "",""T"",""he "",""po te nt"",""ial "",""danger "",""is "",""incr"",""ease"",""d "",""wh en  "",""consu"",""m"",""ing "",""ill"",""egall"",""y "",""produc"",""ed "",""alcohol"","".""]",51
803,dev,803,"Illegal spirits can contain various dangerous impurities including methanol, which can cause blindness or death even in small doses.","[""Il"",""l"",""egal "",""spirit"",""s "",""can "",""cont"",""ain "",""various "",""dangerou"",""s "",""impur"",""it"",""i es  "",""incl"",""udin"",""g "",""met"",""hanol, "",""w hi ch "",""can "",""cause"","" "",""blin"",""dn"",""es s"","" "",""or "",""deat"",""h "",""ev en  "",""in "",""small"","" "",""dos es.""]",35
804,dev,804,"Eyeglasses can be cheaper in a foreign country, especially in low-income countries where labour costs are lower.","[""E"",""y"",""eg"",""l"",""ass"",""es  "",""can "",""be "",""cheap"",""er"","" "",""in "",""a "",""for"",""eign"","" "",""count"",""ry, "",""es pecial"",""l"",""y "",""in "",""low-"",""income "",""count"",""ri es  "",""wher"",""e "",""labour"","" "",""cost"",""s "",""are "",""lower.""]",34
805,dev,805,"Consider getting an eye exam at home, especially if insurance covers it, and bringing the prescription along to be filed elsewhere.","[""C"",""onsid"",""er"","" "",""getting "",""an "",""eye "",""exam "",""at"","" "",""hom"",""e, "",""es pecial"",""l"",""y "",""if insu"",""r"",""ance "",""cover"",""s "",""it, "",""and "",""bringin"",""g "",""t"",""he "",""pr es cript"",""ion"","" "",""along "",""t"",""o "",""be "",""filed "",""elsewher"",""e.""]",36
806,dev,806,"High-end brand-name frames available in such areas may have two problems; some may be knock-offs, and the real imported ones may be more expensive than at home.","[""H"",""ig"",""h-"",""en d "",""brand"",""-"",""name "",""fr"",""am es  "",""availab"",""le "",""in "",""such "",""areas "",""may "",""have "",""t"",""wo "",""problem"",""s; "",""som"",""e "",""may "",""be "",""knock-"",""off"",""s, "",""and "",""t"",""he "",""real "",""impor te"",""d "",""on es  "",""may "",""be "",""mor"",""e "",""exp en siv"",""e "",""t"",""han "",""at"","" "",""hom"",""e.""]",46
807,dev,807,"Coffee is one of the world's most traded commodities, and you can probably find many types in your home region.","[""C"",""of"",""f"",""ee "",""is "",""one "",""of "",""t"",""he "",""wor"",""ld'"",""s "",""most"","" "",""t"",""raded "",""comm"",""odit"",""i es, "",""and "",""you "",""can "",""probab"",""ly "",""fin"",""d "",""man"",""y "",""t"",""yp es  "",""in "",""your "",""hom"",""e "",""region"","".""]",36
808,dev,808,"Nevertheless, there are many distinctive ways of drinking coffee around the world that are worth experiencing.","[""N"",""ever"",""t"",""hel"",""es s, "",""t"",""here "",""are "",""man"",""y "",""dist"",""inct"",""ive "",""ways "",""of "",""drinking "",""coff"",""ee "",""around"","" "",""t"",""he "",""wor"",""ld "",""t"",""hat "",""are "",""wor"",""t"",""h "",""exper"",""i en c"",""ing.""]",33
809,dev,809,"Canyoning (or: canyoneering) is about going in a bottom of a canyon, which is either dry or full of water.","[""C"",""an"",""yon"",""ing "",""(or"","": "",""canyon"",""eer"",""ing)"","" "",""is "",""about"","" "",""going "",""in "",""a "",""bot"",""tom "",""of "",""a "",""canyon"","", "",""w hi ch "",""is "",""eit"",""her "",""dry "",""or "",""full"","" "",""of "",""wa te r.""]",32
810,dev,810,"Canyoning combines elements from swimming, climbing and jumping--but requires relatively little training or physical shape to get started (compared to rock climbing, scuba diving or alpine skiing, for example).","[""C"",""an"",""yon"",""ing "",""comb"",""in es  "",""elem en t"",""s "",""from "",""swimm"",""in"",""g, "",""climbing "",""and "",""jumping-"",""-but"","" "",""requir"",""es  "",""rel"",""at"",""ivel"",""y "",""lit"",""tle "",""t"",""raining "",""or "",""physic"",""al "",""shape "",""t"",""o "",""get "",""st"",""ar te d "",""(comp"",""ared "",""t"",""o "",""rock "",""climbing, "",""scuba "",""diving "",""or "",""alpine "",""skiing, "",""for"","" "",""exampl"",""e)"","".""]",52
811,dev,811,"Hiking is an outdoor activity which consists of walking in natural environments, often on hiking trails.","[""H"",""ikin"",""g "",""is "",""an "",""out"",""door "",""act"",""ivity "",""w hi ch "",""consist"",""s "",""of "",""walking "",""in "",""nat"",""ural "",""en vironm"",""en t"",""s, "",""of te n "",""on "",""hi king "",""t"",""rails.""]",25
812,dev,812,Day hiking involves distances of less than a mile up to longer distances that can be covered in a single day.,"[""D"",""ay "",""hi king "",""invol"",""v es  "",""dist"",""anc es  "",""of "",""l es s "",""t"",""han "",""a "",""mil"",""e "",""up "",""t"",""o "",""longer "",""dist"",""anc es  "",""t"",""hat "",""can "",""be "",""cover"",""ed "",""in "",""a "",""sin"",""gl"",""e "",""day.""]",32
813,dev,813,"For a day hike along an easy trail little preparations are needed, and any moderately fit person can enjoy them.","[""F"",""or"","" "",""a "",""day "",""hi ke "",""along "",""an "",""easy "",""t"",""rail "",""lit"",""tle "",""prep"",""arat"",""ion"",""s "",""are "",""needed, "",""and "",""any "",""moder"",""a te l"",""y "",""fit"","" "",""person"","" "",""can "",""en joy "",""t"",""hem.""]",32
814,dev,814,"Families with small children may need more preparations, but a day outdoors is easily possible even with babies and pre-school children.","[""F"",""am"",""il"",""i es  "",""wit"",""h "",""small"","" "",""c hi ldr"",""en  "",""may "",""need "",""mor"",""e "",""prep"",""arat"",""ion"",""s, "",""but"","" "",""a "",""day "",""out"",""doors "",""is "",""easil"",""y "",""possib"",""le "",""ev en  "",""wit"",""h "",""babi es  "",""and "",""pre-"",""school"","" "",""c hi ldr"",""en.""]",39
815,dev,815,"Internationally, there are nearly 200 running tour organizations. Most of them operate independently.","[""In te r"",""nat"",""ion"",""all"",""y, "",""t"",""here "",""are "",""near"",""l"",""y "",""200"","" "",""ru nning "",""t"",""our "",""organizat"",""ion"",""s. "",""Most"","" "",""of "",""t"",""hem "",""opera te  "",""indep en d en t"",""ly.""]",27
816,dev,816,"The Global Running Tours successor, Go Running Tours networks dozens of sightrunning providers on four continents.","[""T"",""he "",""Global "",""Runn"",""ing "",""T"",""ours "",""succ es s"",""or"","", "",""Go Runn"",""ing "",""T"",""ours "",""net"",""wor"",""ks "",""doz en s "",""of "",""sight"",""ru nn"",""ing "",""prov"",""id"",""er"",""s "",""on "",""four"","" "",""cont"",""in en t"",""s.""]",32
817,dev,817,"With roots in Barcelona's Running Tours Barcelona and Copenhagen's Running Copenhagen, it was quickly joined by Running Tours Prague based in Prague and others.","[""W"",""it"",""h "",""root"",""s "",""in "",""Bar"",""cel"",""ona'"",""s "",""Runn"",""ing "",""T"",""ours "",""Bar"",""cel"",""ona "",""and "",""Cop"",""en h"",""ag"",""en '"",""s "",""Runn"",""ing "",""Cop"",""en h"",""ag"",""en, "",""it"","" "",""was "",""quickl"",""y "",""joined "",""by "",""Runn"",""ing "",""T"",""ours "",""Prague "",""base"",""d "",""in "",""Prague "",""and "",""ot"",""hers.""]",48
818,dev,818,There are many things you have to take into consideration before and when you travel somewhere.,"[""T"",""her"",""e "",""are "",""man"",""y "",""t"",""hi ngs "",""you "",""have "",""t"",""o "",""t"",""ake "",""int"",""o "",""consider"",""at"",""ion"","" "",""befor"",""e "",""and "",""wh en  "",""you "",""t"",""ravel"","" "",""som"",""ew"",""her"",""e.""]",32
819,dev,819,"When you travel, expect things not to be like they are ""back home"". Manners, laws, food, traffic, lodging, standards, language and so on will to some extent differ from where you live.","[""W"",""h en  "",""you "",""t"",""ravel"","", "",""expect"","" "",""t"",""hi ngs "",""not"","" "",""t"",""o "",""be "",""like "",""t"",""hey "",""are "",""\""back"","" "",""hom"",""e\"""","". "",""Man"",""ners, "",""laws, "",""food"","", "",""t"",""raff"",""ic, "",""lodging, "",""st"",""andard"",""s, "",""lan"",""guag"",""e "",""and "",""so "",""on "",""will"","" "",""t"",""o "",""som"",""e "",""ex te nt"","" "",""differ"","" "",""fr"",""om "",""wher"",""e "",""you "",""live.""]",58
820,dev,820,"This is something you always need to keep in mind, to avoid disappointment or perhaps even distaste over local ways to do things.","[""T"",""hi s "",""is "",""som"",""et"",""hi ng "",""you "",""always "",""need "",""t"",""o "",""keep "",""in "",""min"",""d, "",""t"",""o avoid "",""disappoint"",""m en t"","" "",""or "",""perhaps "",""ev en  "",""dist"",""as te  "",""over"","" "",""local"","" "",""ways "",""t"",""o "",""do "",""t"",""hi ngs.""]",35
821,dev,821,"Travel agencies have been around since the 19th century. A travel agent is usually a good option for a journey which extends beyond a traveller's previous experience of nature, culture, language or low-income countries.","[""T"",""ravel"","" "",""ag en ci es  "",""have "",""be en  "",""around"","" "",""sin"",""ce "",""t"",""he "",""19t"",""h "",""c en t"",""ury. "",""A "",""t"",""ravel"","" "",""ag en t"","" "",""is "",""usuall"",""y "",""a "",""good "",""option "",""for"","" "",""a "",""journ"",""ey "",""w hi ch "",""ex te nds "",""beyon"",""d "",""a "",""t"",""ravel"",""l"",""er'"",""s "",""previous "",""exper"",""i en c"",""e "",""of "",""nat"",""ure, "",""cult"",""ure, "",""languag"",""e "",""or "",""low-"",""income "",""count"",""ri es.""]",59
822,dev,822,"Although most agencies are willing to take on most regular bookings, many agents specialise in particular types of travel, budget ranges or destinations.","[""Al"",""t"",""hough"","" "",""most"","" "",""ag en ci es  "",""are "",""will"",""ing "",""t"",""o "",""t"",""ake "",""on "",""most"","" "",""regul"",""ar "",""bookings, "",""man"",""y "",""ag en t"",""s "",""special"",""ise "",""in "",""part"",""icul"",""ar"","" "",""t"",""yp es  "",""of "",""t"",""ravel"","", "",""budg"",""et "",""rang"",""es  "",""or "",""d es t"",""ination"",""s.""]",45
823,dev,823,It can be better to use an agent who frequently books similar trips to yours.,"[""It"","" "",""can "",""be "",""bet"",""te r "",""t"",""o "",""use "",""an "",""ag en t"","" "",""who "",""frequ en t"",""ly "",""books "",""sim"",""il"",""ar "",""t"",""rips "",""t"",""o "",""yours.""]",24
824,dev,824,"Take a look at what trips the agent is promoting, whether on a website or in a shop window.","[""T"",""ake "",""a "",""look "",""at"","" "",""what "",""t"",""rips "",""t"",""he "",""ag en t"","" "",""is "",""prom"",""ot"",""ing, "",""whet"",""her "",""on "",""a "",""websi te  "",""or "",""in "",""a "",""shop "",""window.""]",27
825,dev,825,"If you want to see the world on the cheap, for necessity, lifestyle or challenge, there are some ways to do that.","[""If you "",""want"","" "",""t"",""o "",""see"","" "",""t"",""he "",""wor"",""ld "",""on "",""t"",""he "",""cheap"","", "",""for"","" "",""nec es s"",""it"",""y, "",""lif es t"",""yle "",""or "",""chall"",""en ge, "",""t"",""here "",""are "",""som"",""e "",""ways "",""t"",""o "",""do "",""t"",""hat.""]",37
826,dev,826,"Basically, they fall into two categories: Either work while you travel or try and limit your expenses. This article is focused on the latter.","[""B"",""asic"",""all"",""y, "",""t"",""hey "",""fall"","" "",""int"",""o "",""t"",""wo "",""ca te gori es : "",""Eit"",""her "",""wor"",""k "",""w hi le "",""you "",""t"",""ravel"","" "",""or "",""t"",""ry "",""and "",""limit "",""your "",""exp en s es. "",""T"",""hi s "",""art"",""icle "",""is "",""focused "",""on "",""t"",""he "",""lat"",""te r.""]",40
827,dev,827,"For those willing to sacrifice comfort, time and predictability to push expenses down close to zero, see minimum budget travel.","[""F"",""or"","" "",""t"",""hose "",""will"",""ing "",""t"",""o "",""sacrifice "",""comf"",""or"",""t"","", "",""t"",""ime "",""and "",""pred"",""ict"",""ab"",""ilit"",""y "",""t"",""o "",""push "",""exp en s es  "",""down"","" "",""close"","" "",""t"",""o "",""zer"",""o, "",""see"","" "",""min"",""imum "",""budget "",""t"",""ravel"","".""]",42
828,dev,828,"The advice assumes that travellers do not steal, trespass, participate in the illegal market, beg, or otherwise exploit other people for their own gain.","[""T"",""he "",""adv"",""ice "",""ass"",""um es  "",""t"",""hat "",""t"",""ravel"",""l"",""ers "",""do "",""not"","" "",""s te al, "",""t"",""r es pass"","", "",""part"",""icipa te  "",""in "",""t"",""he "",""ill"",""egal "",""mar"",""ket"","", "",""beg, "",""or "",""ot"",""herw"",""ise "",""exploit"","" "",""ot"",""her "",""people "",""for"","" "",""t"",""heir "",""own "",""gain.""]",45
829,dev,829,"An immigration checkpoint is usually the first stop when disembarking from a plane, a ship, or another vehicle.","[""An"","" "",""imm"",""igration"","" "",""checkpoint"","" "",""is "",""usuall"",""y "",""t"",""he "",""first"","" "",""st"",""op "",""wh en  "",""disem"",""bar"",""king "",""fr"",""om "",""a "",""plan"",""e, "",""a "",""s hi p, "",""or "",""anot"",""her "",""ve hi cle.""]",31
830,dev,830,In some cross-border trains inspections are done on the running train and you should have valid ID with you when boarding one of those trains.,"[""In "",""som"",""e "",""cross-"",""bor"",""der"","" "",""t"",""rains "",""insp"",""ect"",""ions "",""are "",""done "",""on "",""t"",""he "",""ru nning "",""t"",""rain "",""and "",""you "",""should"","" "",""have "",""valid "",""ID "",""wit"",""h "",""you "",""wh en  "",""board"",""in"",""g "",""one "",""of "",""t"",""hose "",""t"",""rains.""]",40
831,dev,831,"On night sleeper trains, passports may be collected by the conductor so that you do not have your sleep interrupted.","[""On"","" "",""night"","" "",""sleeper"","" "",""t"",""rains, "",""pass"",""p"",""ort"",""s "",""may "",""be "",""col"",""l"",""ec te d "",""by "",""t"",""he "",""conduct"",""or "",""so "",""t"",""hat "",""you "",""do "",""not"","" "",""have "",""your "",""sleep "",""in te r"",""ru p te d.""]",34
832,dev,832,"Registration is an additional requirement for the visa process. In some countries, you must register your presence and address where you are staying with the local authorities.","[""R"",""eg"",""ist"",""ration"","" "",""is "",""an "",""addit"",""ion"",""al "",""requir"",""em"",""en t"","" "",""for"","" "",""t"",""he "",""visa "",""proc"",""es s"","". "",""In "",""som"",""e "",""count"",""ri es, "",""you "",""must"","" "",""regis te r"","" "",""your "",""pr es en c"",""e "",""and "",""add"",""r"",""es s "",""wher"",""e "",""you "",""are "",""st"",""aying "",""wit"",""h "",""t"",""he "",""local"","" "",""aut"",""horit"",""i es.""]",54
833,dev,833,This might require filling out a form with the local police or a visit to the immigration offices.,"[""T"",""hi s "",""might"","" "",""requir"",""e "",""filling "",""out"","" "",""a "",""for"",""m "",""wit"",""h "",""t"",""he "",""local"","" "",""pol"",""ice "",""or "",""a "",""visit"","" "",""t"",""o "",""t"",""he "",""imm"",""igration"","" "",""off"",""ic es.""]",33
834,dev,834,"In many countries with such a law, local hotels will handle the registration (make sure to ask).","[""In "",""man"",""y "",""count"",""ri es  "",""wit"",""h "",""such "",""a "",""law, "",""local"","" "",""ho te ls "",""will"","" "",""hand"",""l"",""e "",""t"",""he "",""regist"",""ration"","" "",""(mak"",""e "",""sur"",""e "",""t"",""o "",""ask).""]",30
835,dev,835,"In other cases, only those staying outside of tourist accommodations need to register.  However, this makes the law much more obscure, so find out beforehand.","[""In "",""ot"",""her "",""cas es, "",""only "",""t"",""hose "",""st"",""aying "",""out"",""side "",""of "",""t"",""ourist"","" "",""accomm"",""odation"",""s "",""need "",""t"",""o "",""regis te r"","". "","" "",""However"","", "",""t"",""hi s "",""mak es  "",""t"",""he "",""law "",""much"","" "",""mor"",""e "",""obscure, "",""so "",""fin"",""d "",""out"","" "",""befor"",""eh"",""and.""]",45
836,dev,836,Architecture is concerned with the design and construction of buildings. The architecture of a place is often a tourist attraction in its own right.,"[""Ar"",""c"",""hi"",""te ct"",""ur"",""e "",""is "",""conc"",""er"",""ned "",""wit"",""h "",""t"",""he "",""d es ign"","" "",""and "",""const"",""ru ct"",""ion "",""of "",""build"",""in"",""gs. "",""T"",""he "",""arc hi"",""te ct"",""ure "",""of "",""a "",""place "",""is "",""of te n "",""a "",""t"",""ourist"","" "",""at"",""t"",""ract"",""ion "",""in "",""its "",""own "",""right"","".""]",47
837,dev,837,Many buildings are quite beautiful to look at and the view from a tall building or from a cleverly-positioned window can be a beauty to behold.,"[""M"",""an"",""y "",""build"",""in"",""gs "",""are "",""qui te  "",""beaut"",""iful "",""t"",""o "",""look "",""at"","" "",""and "",""t"",""he "",""view "",""from "",""a "",""t"",""all"","" "",""buildin"",""g "",""or "",""from "",""a "",""clever"",""l"",""y-"",""posit"",""ion"",""ed "",""win"",""dow"","" "",""can "",""be "",""a "",""beaut"",""y "",""t"",""o "",""behol"",""d.""]",47
838,dev,838,"Architecture overlaps considerably with other fields including urban planning, civil engineering, decorative arts, interior design and landscape design.","[""Ar"",""c"",""hi"",""te ct"",""ur"",""e "",""over"",""l"",""aps "",""consider"",""ab"",""ly "",""wit"",""h "",""ot"",""her "",""fields "",""incl"",""udin"",""g "",""urban "",""plan"",""n"",""ing, "",""civil"","" "",""en gin"",""eer"",""in"",""g, "",""dec"",""or"",""ative "",""art"",""s, "",""in te r"",""ior"","" "",""d es ign"","" "",""and "",""lands"",""c"",""ap"",""e "",""d es ign"","".""]",47
839,dev,839,"Given how remote many of the pueblos are, you won't be able to find a significant amount of nightlife without traveling to Albuquerque or Santa Fe.","[""G"",""iv"",""en  "",""how rem"",""o te  "",""man"",""y "",""of "",""t"",""he "",""pueblos "",""are, "",""you "",""won't"","" "",""be "",""able "",""t"",""o "",""fin"",""d "",""a "",""sign"",""ifican"",""t"","" "",""amount"","" "",""of "",""night"",""l"",""ife "",""wit"",""hout "",""t"",""ravel"",""ing "",""t"",""o "",""Alb"",""uqu"",""er"",""que "",""or "",""Sant"",""a "",""Fe.""]",47
840,dev,840,"However, nearly all of the casinos listed above serve drinks, and several of them bring in name-brand entertainment (primarily the large ones immediately surrounding Albuquerque and Santa Fe).","[""H"",""ow"",""ever"","", "",""near"",""l"",""y "",""all"","" "",""of "",""t"",""he "",""casinos "",""lis te d "",""above "",""ser"",""ve "",""drinks, "",""and "",""sever"",""al "",""of "",""t"",""hem "",""bring "",""in "",""name-"",""brand"","" "",""en te rt"",""ainm en t"","" "",""(primar"",""il"",""y "",""t"",""he "",""lar"",""ge "",""on es  "",""imm"",""ed"",""ia te l"",""y "",""sur"",""round"",""in"",""g "",""Alb"",""uqu"",""er"",""que "",""and "",""San"",""t"",""a "",""Fe)"","".""]",58
841,dev,841,Beware: small-town bars here are not always good places for the out-of-state visitor to hang out.,"[""B"",""ew"",""are: "",""small"",""-"",""t"",""own "",""bar"",""s "",""her"",""e "",""are "",""not"","" "",""always "",""good"","" "",""plac es  "",""for"","" "",""t"",""he "",""out"",""-"",""of-"",""st"",""a te  "",""visit"",""or "",""t"",""o "",""hang "",""out"","".""]",34
842,dev,842,"For one thing, northern New Mexico has significant problems with drunk driving, and the concentration of intoxicated drivers is high close to small-town bars.","[""F"",""or"","" "",""one "",""t"",""hi ng, "",""nor"",""t"",""hern "",""New "",""Mexic"",""o "",""has "",""sign"",""ifican"",""t"","" "",""problem"",""s "",""wit"",""h "",""d ru nk "",""drivin"",""g, "",""and "",""t"",""he "",""conc"",""en t"",""ration"","" "",""of "",""int"",""oxic"",""a te"",""d "",""driver"",""s "",""is "",""hi gh "",""close"","" "",""t"",""o "",""small"",""-"",""t"",""own "",""bar"",""s.""]",50
843,dev,843,Unwanted murals or scribble is known as graffiti.,"[""U"",""n"",""w"",""an te d "",""mur"",""als "",""or "",""scribb"",""le "",""is "",""known "",""as "",""graff"",""it"",""i.""]",15
844,dev,844,"While it's far from a modern phenomenon, most people probably associate it with youth vandalizing public and private property using spray paint.","[""W"",""hi l"",""e "",""it's "",""far"","" "",""from "",""a "",""moder"",""n "",""ph en om"",""en on"","", "",""most"","" "",""people "",""probab"",""ly "",""ass"",""ocia te"","" "",""it "",""wit"",""h "",""yout"",""h "",""vandalizin"",""g "",""public"","" "",""and "",""priva te  "",""prop"",""ert"",""y "",""using "",""spray "",""paint"","".""]",39
845,dev,845,"However, nowadays there are established graffiti artists, graffiti events and ""legal"" walls. Graffiti paintings in this context often resemble artworks rather than illegible tags.","[""H"",""ow"",""ever"","", "",""nowadays "",""t"",""here "",""are "",""es t"",""ablished "",""graf"",""f"",""it"",""i "",""art"",""ist"",""s, "",""graf"",""f"",""it"",""i "",""ev en t"",""s "",""and "",""\"""",""legal\"" "",""wall"",""s. "",""Graf"",""f"",""it"",""i "",""paint"",""ings "",""in "",""t"",""hi s "",""con te"",""xt"","" "",""of te n "",""r es emble "",""art"",""wor"",""ks "",""rat"",""her "",""t"",""han "",""ill"",""egib"",""le "",""t"",""ags.""]",54
846,dev,846,Boomerang throwing is a popular skill that many tourists want to acquire.,"[""B"",""oo"",""m"",""er"",""ang"","" "",""t"",""hrowing "",""is "",""a "",""popul"",""ar "",""skill "",""t"",""hat "",""man"",""y "",""t"",""ourist"",""s "",""want"","" "",""t"",""o "",""acquire.""]",25
847,dev,847,"If you want to learn throwing a boomerang that comes back to your hand, make sure you have a suitable boomerang for returning.","[""If you "",""want"","" "",""t"",""o "",""learn "",""t"",""hrowing "",""a "",""boomer"",""ang"","" "",""t"",""hat "",""com es  "",""back"","" "",""t"",""o "",""your "",""hand"","", "",""make "",""sur"",""e "",""you "",""have "",""a "",""suit"",""able "",""boomer"",""ang"","" "",""for"","" "",""ret"",""urning.""]",37
848,dev,848,Most boomerangs available in Australia are in fact non-returning. It is best for beginners to not try throwing in windy,"[""M"",""ost"","" "",""boomer"",""ang"",""s "",""availab"",""le "",""in "",""Aust"",""ralia "",""are "",""in "",""fact"","" "",""non-"",""ret"",""urning. "",""It "",""is "",""b es t"","" "",""for"","" "",""beginner"",""s "",""t"",""o "",""not"","" "",""t"",""ry "",""t"",""hrowing "",""in "",""win"",""dy""]",37
849,dev,849,A Hangi Meal is cooked in a hot pit in the ground.,"[""A "",""Hang"",""i "",""Meal "",""is "",""cooked "",""in "",""a "",""hot"","" "",""pit"","" "",""in "",""t"",""he "",""ground"","".""]",17
850,dev,850,"The pit is either heated with hot stones from a fire, or in some places geothermal heat makes areas of ground naturally hot.","[""T"",""he "",""pit"","" "",""is "",""eit"",""her "",""hea te d "",""wit"",""h "",""hot"","" "",""st"",""on es  "",""from "",""a "",""fire, "",""or "",""in "",""som"",""e "",""plac es  "",""geot"",""hermal "",""heat"","" "",""mak es  "",""areas "",""of "",""ground"","" "",""nat"",""urall"",""y "",""hot"","".""]",36
851,dev,851,The hangi is often used to cook a traditional roast style dinner.,"[""T"",""he "",""hangi "",""is "",""of te n "",""used "",""t"",""o "",""cook "",""a "",""t"",""radition"",""al "",""roast"","" "",""st"",""yle "",""din"",""n"",""er.""]",20
852,dev,852,"Several places in Rotorua offer geothermal hangi, while other hangi can be sampled in Christchurch, Wellington and elsewhere.","[""S"",""e"",""v"",""er"",""al "",""plac es  "",""in "",""Rot"",""o ru a "",""off"",""er "",""geot"",""hermal "",""hangi, "",""w hi le "",""ot"",""her "",""hangi "",""can "",""be "",""sampl"",""ed "",""in "",""Christ"",""church"","", "",""Well"",""ingt"",""on "",""and "",""elsewher"",""e.""]",32
853,dev,853,MetroRail has two classes on commuter trains in and around Cape Town: MetroPlus (also called First Class) and Metro (called Third Class).,"[""M"",""et"",""roR"",""ail "",""has "",""t"",""wo "",""class"",""es  "",""on "",""comm"",""u te r "",""t"",""rains "",""in "",""and "",""around"","" "",""Cap"",""e "",""T"",""own: "",""Met"",""roP"",""lus "",""(also "",""call"",""ed "",""First"","" "",""Class"","")"","" "",""and "",""Met"",""ro "",""(call"",""ed "",""T"",""hi rd "",""Class"","")"","".""]",43
854,dev,854,"MetroPlus is more comfortable and less crowded but slightly more expensive, though still cheaper than normal metro tickets in Europe.","[""M"",""et"",""roP"",""l"",""us "",""is "",""mor"",""e "",""comfor"",""t"",""ab"",""le "",""and "",""l es s "",""crowded "",""but"","" "",""slight"",""l"",""y "",""mor"",""e "",""exp en siv"",""e, "",""t"",""hough"","" "",""st"",""ill"","" "",""cheap"",""er"","" "",""t"",""han "",""nor"",""mal "",""met"",""ro "",""t"",""ickets "",""in "",""Europ"",""e.""]",44
855,dev,855,Every train has both MetroPlus and Metro coaches; the MetroPlus coaches are always on the end of the train nearest Cape Town.,"[""E"",""v"",""er"",""y "",""t"",""rain "",""has "",""bot"",""h "",""Met"",""roP"",""lus "",""and "",""Met"",""ro "",""coach es ; "",""t"",""he "",""Met"",""roP"",""lus "",""coach es  "",""are "",""always "",""on "",""t"",""he "",""en d "",""of "",""t"",""he "",""t"",""rain "",""near es t"","" "",""Cap"",""e "",""T"",""own.""]",39
856,dev,856,"Carrying for others - Never let your bags out of your sight, especially when you are crossing international borders.","[""C"",""ar"",""r"",""ying "",""for"","" "",""ot"",""hers "",""- "",""Never"","" "",""let"","" "",""your "",""bags "",""out"","" "",""of "",""your "",""sight"","", "",""es pecial"",""l"",""y "",""wh en  "",""you "",""are "",""crossin"",""g "",""in te r"",""nat"",""ion"",""al "",""bor"",""der"",""s.""]",36
857,dev,857,"You could find yourself being used as a drug carrier without your knowledge, which will land you in a great deal of trouble.","[""Y"",""ou "",""could"","" "",""fin"",""d "",""yoursel"",""f "",""being "",""used "",""as "",""a "",""d ru g "",""car"",""rier "",""wit"",""hout "",""your "",""knowledg"",""e, "",""w hi ch "",""will"","" "",""land "",""you "",""in "",""a "",""great"","" "",""deal "",""of "",""t"",""rouble.""]",33
858,dev,858,"This includes waiting in line, as drug-sniffing dogs could be used at any time without notice.","[""T"",""hi s "",""incl"",""ud es  "",""waiting "",""in "",""lin"",""e, "",""as "",""d ru g-"",""sniffin"",""g "",""dogs "",""could"","" "",""be "",""used "",""at"","" "",""any "",""t"",""ime "",""wit"",""hout "",""not"",""ice.""]",26
859,dev,859,Some countries have exceedingly draconian punishments even for first time offenses; these can include prison sentences of over 10 years or death.,"[""S"",""om"",""e "",""count"",""ri es  "",""have "",""exc"",""eedin"",""gl"",""y "",""draconian"","" "",""punishm"",""en t"",""s "",""ev en  "",""for"","" "",""first"","" "",""t"",""ime "",""off"",""en s es ; "",""t"",""h es e "",""can "",""incl"",""ude "",""prison"","" "",""s en te n"",""c es  "",""of "",""over"","" "",""10 "",""year"",""s "",""or "",""deat"",""h.""]",42
860,dev,860,Unattended bags are a target for theft and can also attract attention from authorities wary of bomb threats.,"[""U"",""n"",""at"",""te nded "",""bags "",""are "",""a "",""t"",""arget "",""for"","" "",""t"",""heft"","" "",""and "",""can "",""also "",""at"",""t"",""ract"","" "",""at"",""te ntion "",""from "",""aut"",""horit"",""i es  "",""war"",""y "",""of "",""bomb"","" "",""t"",""hreats.""]",34
861,dev,861,"At home, due to this constant exposure to the local germs, odds are very high that you're already immune to them.","[""At"","" "",""hom"",""e, "",""due "",""t"",""o "",""t"",""hi s "",""const"",""ant"","" "",""exposu"",""r"",""e "",""t"",""o "",""t"",""he "",""local "",""ger"",""ms, "",""odds "",""are "",""ver"",""y "",""hi gh "",""t"",""hat "",""you'"",""re "",""alread"",""y "",""imm"",""une "",""t"",""o "",""t"",""hem.""]",39
862,dev,862,"But in other parts of the world, where the bacteriological fauna are new to you, you're far more likely to run into problems.","[""B"",""u"",""t"","" "",""in "",""ot"",""her "",""part"",""s "",""of "",""t"",""he "",""wor"",""ld, "",""wher"",""e "",""t"",""he "",""bac te r"",""iol"",""ogical "",""fauna "",""are "",""new "",""t"",""o "",""you, "",""you'"",""re "",""far"","" "",""mor"",""e "",""likel"",""y "",""t"",""o "",""ru n "",""int"",""o "",""problem"",""s.""]",42
863,dev,863,"Also, in warmer climates bacteria both grow more quickly and survive longer outside the body.","[""Al"",""s"",""o, "",""in "",""war"",""mer "",""clima te s "",""bac te r"",""ia "",""bot"",""h "",""grow "",""mor"",""e "",""quick"",""l"",""y "",""and "",""sur"",""v"",""iv"",""e "",""lon"",""ger "",""out"",""side "",""t"",""he "",""body.""]",29
864,dev,864,"Thus the scourges of Delhi Belly, the Pharaoh's Curse, Montezuma's Revenge, and their many friends.","[""T"",""hus "",""t"",""he "",""scour"",""g es  "",""of "",""Del"",""hi  "",""Bel"",""l"",""y, "",""t"",""he "",""Phar"",""aoh'"",""s "",""Cur"",""se, "",""Mon"",""te zuma'"",""s "",""Rev"",""en ge, "",""and "",""t"",""heir "",""man"",""y "",""fr"",""i en ds.""]",31
865,dev,865,"As with respiratory problems in colder climates, intestinal problems in hot climates are fairly common and in most cases are distinctly annoying but not really dangerous.","[""As"","" wit"",""h "",""r es pirat"",""or"",""y "",""problem"",""s "",""in "",""col"",""der"","" "",""clima te s, "",""in te st"",""inal "",""problem"",""s "",""in "",""hot"","" "",""clima te s "",""are "",""fairl"",""y "",""comm"",""on "",""and "",""in "",""most"","" "",""cas es  "",""are "",""dist"",""inct"",""ly "",""ann"",""oying "",""but"","" "",""not"","" "",""reall"",""y "",""dangerou"",""s.""]",45
866,dev,866,If traveling in a developing country for the first time – or in a new part of the world – don't underestimate the potential culture shock.,"[""If t"",""ravel"",""ing "",""in "",""a "",""devel"",""oping "",""count"",""ry "",""for"","" "",""t"",""he "",""first"","" "",""t"",""ime "",""–"","" "",""or "",""in "",""a "",""new "",""part"","" "",""of "",""t"",""he "",""wor"",""ld "",""–"","" "",""don't"","" "",""under"",""es t"",""ima te  "",""t"",""he "",""po te nt"",""ial "",""cult"",""ure "",""shock.""]",44
867,dev,867,"Many a stable, capable traveler has been overcome by the newness of developing world travel, where many little cultural adjustments can add up quickly.","[""M"",""an"",""y "",""a "",""st"",""able, "",""cap"",""able "",""t"",""ravel"",""er "",""has "",""be en  "",""over"",""come "",""by "",""t"",""he "",""newn es s "",""of "",""devel"",""oping "",""wor"",""ld "",""t"",""ravel"","", "",""wher"",""e "",""man"",""y "",""lit"",""tle "",""cult"",""ural "",""adjust"",""m en t"",""s "",""can "",""add "",""up "",""quickl"",""y.""]",43
868,dev,868,"Especially in your initial days, consider splurging on Western-style and -quality hotels, food, and services to help acclimatize.","[""E"",""sp"",""ecial"",""l"",""y "",""in "",""your "",""init"",""ial "",""days, "",""consider"","" "",""splur"",""gin"",""g "",""on "",""W es te r"",""n-"",""st"",""yle "",""and "",""-qualit"",""y "",""ho te ls, "",""food"","", "",""and "",""ser"",""vic es  "",""t"",""o "",""hel"",""p "",""accl"",""imat"",""ize.""]",36
869,dev,869,Do not sleep on a mattress or pad on the ground in areas where you do not know the local fauna.,"[""D"",""o "",""not"","" "",""sleep "",""on "",""a "",""mat"",""tr es s "",""or "",""pad "",""on "",""t"",""he "",""ground"","" "",""in "",""areas "",""wher"",""e "",""you "",""do "",""not"","" "",""know "",""t"",""he "",""local "",""fauna.""]",29
870,dev,870,"If you are going to camp out, bring a camp cot or hammock to keep you away from snakes, scorpions and such.","[""If you "",""are "",""going "",""t"",""o "",""camp"","" "",""out"","", "",""bring "",""a "",""camp"","" "",""cot"","" "",""or "",""hamm"",""ock "",""t"",""o "",""keep "",""you "",""away "",""from "",""snak es, "",""scorpion"",""s "",""and "",""such.""]",29
871,dev,871,Fill your home with a rich coffee in the morning and some relaxing chamomile tea at night.,"[""F"",""ill"","" "",""your "",""hom"",""e "",""wit"",""h "",""a "",""rich "",""coff"",""ee "",""in "",""t"",""he "",""mor"",""ning "",""and "",""som"",""e "",""rel"",""axing "",""chamom"",""ile "",""te a "",""at"","" "",""night"","".""]",29
872,dev,872,"When you're on a staycation, you have the time to treat yourself and take a few extra minutes to brew up something special.","[""W"",""h en  "",""you'"",""re "",""on "",""a "",""st"",""aycat"",""ion"","", "",""you "",""have "",""t"",""he "",""t"",""ime "",""t"",""o "",""t"",""reat "",""yourself "",""and "",""t"",""ake "",""a "",""few "",""ext"",""ra "",""min"",""u te s "",""t"",""o "",""brew"","" "",""up "",""som"",""et"",""hi ng "",""special"","".""]",40
873,dev,873,"If you're feeling more adventurous, take the opportunity to juice or blend up some smoothies:","[""If you'"",""re "",""feel"",""ing "",""mor"",""e "",""adv"",""en t"",""urou"",""s, "",""t"",""ake "",""t"",""he "",""opport"",""unit"",""y "",""t"",""o "",""juice "",""or "",""bl en d "",""up "",""som"",""e "",""smoot"",""hi es :""]",27
874,dev,874,maybe you'll discover a simple beverage that you can make for breakfast when you're back to your daily routine.,"[""m"",""ayb"",""e "",""you'"",""ll "",""disc"",""over"","" "",""a "",""sim"",""ple "",""bever"",""ag"",""e "",""t"",""hat "",""you "",""can "",""make "",""for"","" "",""breakf"",""ast"","" "",""wh en  "",""you'"",""re "",""back"","" "",""t"",""o "",""your "",""daily "",""rout"",""ine.""]",35
875,dev,875,"If you live in a city with a varied drinking culture, go to bars or pubs in neighborhoods you don't frequent.","[""If you "",""live "",""in "",""a "",""cit"",""y "",""wit"",""h "",""a "",""varied "",""drinking "",""cult"",""ure, "",""go t"",""o "",""bars "",""or "",""pubs "",""in "",""neighb"",""or"",""hood"",""s "",""you "",""don't"","" "",""frequ en t"","".""]",28
876,dev,876,"For those unfamiliar with medical jargon, the words infectious and contagious have distinct meanings.","[""F"",""or"","" "",""t"",""hose "",""unfamil"",""iar "",""wit"",""h "",""med"",""ical "",""jargon"","", "",""t"",""he "",""wor"",""ds "",""infect"",""ious "",""and "",""cont"",""agious "",""have "",""dist"",""inct"","" "",""meanings.""]",27
877,dev,877,"An infectious disease is one that is caused by a pathogen, such as a virus, bacterium, fungus or other parasites.","[""An"","" "",""infect"",""ious "",""disease"","" "",""is "",""one "",""t"",""hat "",""is "",""cause"",""d "",""by "",""a "",""pat"",""hog en, "",""such "",""as "",""a "",""vi ru s, "",""bac te r"",""ium"","", "",""fungus "",""or "",""ot"",""her "",""parasi te s.""]",29
878,dev,878,A contagious disease is a disease which is easily transmitted by being in the vicinity of an infected person.,"[""A "",""cont"",""agious "",""disease"","" "",""is "",""a "",""disease"","" "",""w hi ch "",""is "",""easil"",""y "",""t"",""ransm"",""it"",""te d "",""by "",""being "",""in "",""t"",""he "",""vicinit"",""y "",""of "",""an "",""infec te d "",""person"","".""]",29
879,dev,879,"Many governments require visitors entering, or residents leaving, their countries to be vaccinated for a range of diseases.","[""M"",""an"",""y "",""governm en t"",""s "",""requir"",""e "",""visit"",""ors "",""en te ring, "",""or"","" "",""r es id en t"",""s "",""leaving, "",""t"",""heir "",""count"",""ri es  "",""t"",""o "",""be "",""vaccina te d "",""for"","" "",""a "",""range "",""of "",""diseas es.""]",29
880,dev,880,These requirements may often depend on what countries a traveller has visited or intends to visit.,"[""T"",""h es e "",""requir"",""em"",""en t"",""s "",""may "",""of te n "",""dep en d "",""on "",""what "",""count"",""ri es  "",""a "",""t"",""ravel"",""l"",""er "",""has "",""visi te d "",""or "",""in te nds "",""t"",""o "",""visit"","".""]",26
881,dev,881,"One of strong points of Charlotte, North Carolina, is that it has an abundance of high-quality options for families.","[""On"",""e "",""of "",""st"",""rong "",""point"",""s "",""of "",""Char"",""l"",""ot te, "",""Nor"",""t"",""h "",""Car"",""olin"",""a, "",""is "",""t"",""hat "",""it "",""has "",""an "",""abundance "",""of "",""hi gh-"",""qualit"",""y "",""options "",""for"","" "",""famil"",""i es.""]",33
882,dev,882,"Residents from other areas often cite family-friendliness as a primary reason for moving there, and visitors often find the city easy to enjoy with children around.","[""R"",""es id"",""en t"",""s "",""from "",""ot"",""her "",""areas "",""of te n "",""ci te  "",""famil"",""y-"",""fr"",""i en dl"",""in"",""es s"","" "",""as "",""a "",""primar"",""y "",""reason"","" "",""for"","" "",""moving "",""t"",""here, "",""and "",""visit"",""ors "",""of te n "",""fin"",""d "",""t"",""he "",""cit"",""y "",""easy "",""t"",""o "",""en joy "",""wit"",""h "",""c hi ldr"",""en  "",""around"","".""]",48
883,dev,883,"In the past 20 years, the amount of child-friendly options in Uptown Charlotte has grown exponentially.","[""In "",""t"",""he "",""past"","" "",""20 "",""years, "",""t"",""he "",""amount"","" "",""of "",""c hi ld-"",""fr"",""i en dl"",""y "",""options "",""in "",""Upt"",""own "",""Char"",""l"",""ot te  "",""has "",""grown "",""expon"",""en t"",""iall"",""y.""]",29
884,dev,884,"Taxis are not generally used by families in Charlotte, though they can be of some use in certain circumstances.","[""T"",""axis "",""are "",""not"","" "",""g en er"",""all"",""y "",""used "",""by "",""famil"",""i es  "",""in "",""Char"",""l"",""ot te, "",""t"",""hough"","" "",""t"",""hey "",""can "",""be "",""of "",""som"",""e "",""use "",""in "",""cer"",""t"",""ain "",""circu"",""mst"",""anc es.""]",34
885,dev,885,"There is a surcharge for having more than 2 passengers, so this option might be more expensive than necessary.","[""T"",""her"",""e "",""is "",""a "",""sur"",""charge "",""for"","" "",""having "",""mor"",""e "",""t"",""han "",""2 "",""pass"",""en g"",""ers, "",""so "",""t"",""hi s "",""option "",""might"","" "",""be "",""mor"",""e "",""exp en siv"",""e "",""t"",""han "",""nec es s"",""ar"",""y.""]",34
886,dev,886,"Antarctica is the coldest place on Earth, and surrounds the South Pole.","[""An"",""t"",""arct"",""ica "",""is "",""t"",""he "",""col"",""d es t"","" "",""place "",""on "",""Eart"",""h, "",""and "",""sur"",""round"",""s "",""t"",""he "",""Sout"",""h "",""Pol"",""e.""]",24
887,dev,887,"Tourist visits are costly, demand physical fitness, can only take place in summer Nov-Feb, and are largely limited to the Peninsula, Islands and Ross Sea.","[""T"",""ourist"","" "",""visit"",""s "",""are "",""cost"",""ly, "",""deman"",""d"","" "",""physic"",""al "",""fit"",""n es s, "",""can "",""only "",""t"",""ake "",""place "",""in "",""summ"",""er"","" "",""Nov-"",""Feb, "",""and "",""are "",""lar"",""gel"",""y "",""limi te d "",""t"",""o "",""t"",""he "",""P en insu"",""la, "",""Isl"",""an"",""ds"","" "",""and "",""Ross "",""Sea.""]",45
888,dev,888,A couple of thousand staff live here in summer in some four dozen bases mostly in those areas; a small number stay over winter.,"[""A "",""coup"",""l"",""e "",""of "",""t"",""housand "",""st"",""aff "",""live "",""her"",""e "",""in "",""summ"",""er "",""in "",""som"",""e "",""four"","" "",""doz en  "",""bas es  "",""most"",""ly "",""in "",""t"",""hose "",""areas; "",""a "",""small"","" "",""number"","" "",""st"",""ay "",""over"","" "",""win"",""te r"","".""]",40
889,dev,889,Inland Antarctica is a desolate plateau covered by 2-3 km of ice.,"[""Inl"",""an"",""d "",""Ant"",""arct"",""ica "",""is "",""a "",""d es ola te  "",""pla te au "",""cover"",""ed "",""by "",""2-"",""3 "",""km "",""of "",""ice.""]",18
890,dev,890,"Occasional specialist air tours go inland, for mountaineering or to reach the Pole, which has a large base.","[""Oc"",""casion"",""al "",""special"",""ist"","" "",""air "",""t"",""ours "",""go inl"",""and, "",""for"","" "",""mount"",""aineer"",""ing "",""or "",""t"",""o "",""reach "",""t"",""he "",""Pol"",""e, "",""w hi ch "",""has "",""a "",""lar"",""ge "",""base"","".""]",31
891,dev,891,The South Pole Traverse (or Highway) is a 1600 km trail from McMurdo Station on the Ross Sea to the Pole.,"[""T"",""he "",""Sout"",""h "",""Pol"",""e "",""T"",""raver"",""se "",""(or"","" "",""Highw"",""ay)"","" "",""is "",""a "",""1600 "",""km "",""t"",""rail "",""from "",""McMur"",""do "",""St"",""ation"","" "",""on "",""t"",""he "",""Ross "",""Sea "",""t"",""o "",""t"",""he "",""Pol"",""e.""]",37
892,dev,892,"It's compacted snow with crevasses filled in and marked by flags. It can only be traveled by specialized tractors, hauling sleds with fuel and supplies.","[""It"",""'s "",""comp"",""ac te d "",""snow"","" "",""wit"",""h "",""crevass"",""es  "",""filled "",""in "",""and "",""mar"",""ked "",""by "",""flags. "",""It "",""can "",""only "",""be "",""t"",""ravel"",""ed "",""by "",""special"",""ized "",""t"",""ract"",""ors, "",""haul"",""in"",""g "",""sleds "",""wit"",""h "",""fuel"","" "",""and "",""suppl"",""i es.""]",41
893,dev,893,These aren't very nimble so the trail has to take a long swerve around the Transantarctic Mountains to come onto the plateau.,"[""T"",""h es e "",""ar en 't"","" "",""ver"",""y "",""nimble "",""so "",""t"",""he "",""t"",""rail "",""has "",""t"",""o "",""t"",""ake "",""a "",""long "",""swerve "",""around"","" "",""t"",""he "",""T"",""ransant"",""arct"",""ic "",""Mount"",""ains "",""t"",""o "",""come "",""ont"",""o "",""t"",""he "",""pla te au.""]",38
894,dev,894,"The most common cause for accidents in winter is slippery roads, pavements (sidewalks) and especially steps.","[""T"",""he "",""most"","" "",""comm"",""on "",""cause"","" "",""for"","" "",""accid en t"",""s "",""in "",""win"",""te r"","" "",""is "",""slipper"",""y "",""roads"","", "",""pavem en t"",""s "",""(sid"",""ew"",""alks)"","" "",""and "",""es pecial"",""l"",""y "",""s te ps.""]",32
895,dev,895,"At a minimum, you need footwear with suitable soles. Summer shoes are usually very slippery on ice and snow, even some winter boots are deficient.","[""At"","" "",""a "",""min"",""imum, "",""you "",""need "",""foot"",""wear "",""wit"",""h "",""suit"",""able "",""sol"",""es. "",""Summ"",""er"","" "",""sho es  "",""are "",""usuall"",""y "",""ver"",""y "",""slipper"",""y "",""on "",""ice "",""and "",""snow"","", "",""ev en  "",""som"",""e "",""win"",""te r"","" "",""boot"",""s "",""are "",""defici en t"","".""]",42
896,dev,896,"The pattern should be deep enough, 5 mm (1/5 inch) or more, and the material soft enough in cold temperatures.","[""T"",""he "",""pat"",""te rn "",""should"","" "",""be "",""deep "",""en ough"","", "",""5 "",""mm "",""(1/"",""5 "",""inch)"","" "",""or "",""mor"",""e, "",""and "",""t"",""he "",""ma te rial"","" "",""soft"","" "",""en ough"","" "",""in "",""col"",""d "",""te mper"",""atur es.""]",33
897,dev,897,"Some boots have studs and there is studded add-on equipment for slippery conditions, suitable for most shoes and boots, for the heels or heels and sole.","[""S"",""om"",""e "",""boot"",""s "",""have "",""st"",""uds "",""and "",""t"",""here "",""is "",""st"",""udded "",""add-"",""on "",""equipm en t"","" "",""for"","" "",""slipper"",""y "",""condit"",""ion"",""s, "",""suit"",""ab"",""le "",""for"","" "",""most"","" "",""sho es  "",""and "",""boot"",""s, "",""for"","" "",""t"",""he "",""heel"",""s "",""or "",""heel"",""s "",""and "",""sol"",""e.""]",48
898,dev,898,"Heels should be low and wide. Sand, gravel or salt (calcium chloride) is often scattered on roads or paths to improve traction.","[""H"",""eel"",""s "",""should"","" "",""be "",""low "",""and "",""wide. "",""San"",""d, "",""grav"",""el"","" "",""or "",""sal"",""t"","" "",""(cal"",""cium"","" "",""chl"",""oride)"","" "",""is "",""of te n "",""scat"",""te red "",""on "",""roads"","" "",""or "",""pat"",""hs "",""t"",""o "",""impr"",""ove "",""t"",""raction.""]",40
899,dev,899,"Avalanches are not an abnormality; steep slopes can hold only so much slow, and the excess volumes will come down as avalanches.","[""Av"",""al"",""an"",""c"",""h es  "",""are "",""not"","" "",""an "",""abnor"",""malit"",""y; "",""s te ep "",""slop es  "",""can "",""hol"",""d "",""only "",""so "",""much"","" "",""slow, "",""and "",""t"",""he "",""exc"",""es s "",""vol"",""um es  "",""will"","" "",""come "",""down"","" "",""as "",""aval"",""anc"",""h es.""]",38
900,dev,900,"The problem is that snow is sticky, so it needs some triggering to come down, and some snow coming down can be the triggering event for the rest.","[""T"",""he "",""problem"","" "",""is "",""t"",""hat "",""snow "",""is "",""st"",""icky, "",""so "",""it "",""needs "",""som"",""e "",""t"",""riggering "",""t"",""o "",""come "",""down"","", "",""and "",""som"",""e "",""snow "",""comin"",""g "",""down"","" "",""can "",""be "",""t"",""he "",""t"",""riggering "",""ev en t"","" "",""for"","" "",""t"",""he "",""r es t"","".""]",45
901,dev,901,"Sometimes the original trigging event is the sun warming the snow, sometimes some more snowfall, sometimes other natural events, often a human.","[""S"",""om"",""et"",""im es  "",""t"",""he "",""origin"",""al "",""t"",""rigging "",""ev en t"","" "",""is "",""t"",""he "",""sun "",""war"",""ming "",""t"",""he "",""snow, "",""som"",""et"",""im es  "",""som"",""e "",""mor"",""e "",""snow"",""f"",""all"","", "",""som"",""et"",""im es  "",""ot"",""her "",""nat"",""ural "",""ev en t"",""s, "",""of te n "",""a "",""hum"",""an"","".""]",46
902,dev,902,"A tornado is a spinning column of very low-pressure air, which sucks the surrounding air inward and upward.","[""A "",""t"",""ornado "",""is "",""a "",""spinn"",""ing "",""col"",""umn "",""of "",""ver"",""y "",""low-"",""pr es sur"",""e "",""air, "",""w hi ch "",""suck"",""s "",""t"",""he "",""sur"",""round"",""in"",""g "",""air "",""inward "",""and "",""upward.""]",29
903,dev,903,"They generate high winds (often 100-200 miles/hour) and can lift heavy objects into the air, carrying them as the tornado moves.","[""T"",""hey "",""g en er"",""a te  "",""hi gh "",""win"",""ds "",""(of te n "",""100-"",""200 "",""mil"",""es /"",""hour)"","" "",""and "",""can "",""lift"","" "",""heavy "",""object"",""s "",""int"",""o "",""t"",""he "",""air, "",""car"",""rying "",""t"",""hem "",""as "",""t"",""he "",""t"",""ornado "",""mov es.""]",36
904,dev,904,"They begin as funnels descending from storm clouds, and become ""tornadoes"" when they touch the ground.","[""T"",""hey "",""begin "",""as "",""funn"",""els "",""d es c"",""en din"",""g "",""fr"",""om "",""st"",""orm "",""clouds"","", "",""and "",""become "",""\"""",""t"",""ornado es \"""","" "",""wh en  "",""t"",""hey "",""t"",""ouch "",""t"",""he "",""ground"","".""]",30
905,dev,905,Personal VPN (virtual private network) providers are an excellent way of circumventing both political censorship and commercial IP-geofiltering.,"[""P"",""er"",""son"",""al "",""VPN "",""(v"",""irt"",""ual "",""priva te  "",""net"",""wor"",""k) "",""prov"",""id"",""er"",""s "",""are "",""an "",""exc"",""ell"",""en t"","" "",""way "",""of "",""circu"",""mv"",""en t"",""ing "",""bot"",""h "",""pol"",""itical "",""c en sor"",""s hi"",""p "",""and "",""comm"",""er"",""cial"","" "",""IP-"",""geofil te r"",""in"",""g.""]",44
906,dev,906,"They are superior to web proxies for several reasons: They re-route all Internet traffic, not only http.","[""T"",""hey "",""are "",""super"",""ior"","" "",""t"",""o "",""web "",""proxi es  "",""for"","" "",""sever"",""al "",""reason"",""s: "",""T"",""hey "",""re-"",""rou te  "",""all"","" "",""In te r"",""net"","" "",""t"",""raff"",""ic, "",""not"","" "",""only "",""http.""]",32
907,dev,907,They normally offer higher bandwidth and better quality of service. They are encrypted and thus harder to spy on.,"[""T"",""hey "",""nor"",""mall"",""y "",""off"",""er "",""hi gher"","" "",""bandw"",""idt"",""h "",""and "",""bet"",""te r "",""qualit"",""y "",""of "",""ser"",""vice. "",""T"",""hey "",""are "",""en cryp te d "",""and "",""t"",""hus "",""har"",""d"",""er"","" "",""t"",""o "",""spy "",""on.""]",35
908,dev,908,"The media companies routinely lie about the purpose of this, claiming that it is to ""prevent piracy"".","[""T"",""he "",""med"",""ia "",""comp"",""ani es  "",""rout"",""inel"",""y "",""lie "",""about"","" "",""t"",""he "",""purpose "",""of "",""t"",""hi s, "",""claimin"",""g "",""t"",""hat "",""it "",""is "",""t"",""o "",""\"""",""prev en t"","" "",""piracy\"""","".""]",31
909,dev,909,"In fact, region codes have absolutely no effect on illegal copying; a bit-for-bit copy of a disk will play just fine on any device where the original will.","[""In "",""fact"","", "",""region"","" "",""cod es  "",""have "",""absol"",""u te l"",""y "",""no "",""effect"","" "",""on "",""ill"",""egal "",""cop"",""ying; "",""a "",""bit"",""-"",""for"",""-"",""bit"","" "",""cop"",""y "",""of "",""a "",""disk "",""will"","" "",""play "",""just"","" "",""fin"",""e "",""on "",""any "",""device "",""wher"",""e "",""t"",""he "",""origin"",""al "",""will"","".""]",48
910,dev,910,The actual purpose is to give those companies more control over their markets; it's all about money spinning.,"[""T"",""he "",""act"",""ual "",""purpose "",""is "",""t"",""o "",""give "",""t"",""hose "",""comp"",""ani es  "",""mor"",""e "",""cont"",""rol "",""over"","" "",""t"",""heir "",""mar"",""ket"",""s; "",""it's "",""all"","" "",""about"","" "",""mon"",""ey "",""spinn"",""ing.""]",33
911,dev,911,"Because calls are routed over the Internet, you do not need to use a phone company located where you live or where you travel.","[""B"",""ec"",""ause"","" "",""cal"",""l"",""s "",""are "",""rou te d"","" "",""over"","" "",""t"",""he "",""In te r"",""net"","", "",""you "",""do "",""not"","" "",""need "",""t"",""o "",""use "",""a "",""phon"",""e "",""comp"",""any "",""loca te d "",""wher"",""e "",""you "",""live "",""or "",""wher"",""e "",""you "",""t"",""ravel"","".""]",42
912,dev,912,"There is also no requirement that you obtain a local number from the community in which you live; you can obtain a satellite Internet connection in the wilds of Chicken, Alaska and select a number which claims you're in sunny Arizona.","[""T"",""her"",""e "",""is "",""also "",""no "",""requir"",""em"",""en t"","" "",""t"",""hat "",""you "",""obt"",""ain "",""a "",""local"","" "",""number"","" "",""from "",""t"",""he "",""comm"",""unit"",""y "",""in "",""w hi ch "",""you "",""live; "",""you "",""can "",""obt"",""ain "",""a "",""sa te ll"",""i te  "",""In te r"",""net"","" "",""conn"",""ect"",""ion "",""in "",""t"",""he "",""wilds "",""of "",""C hi ck"",""en, "",""Alask"",""a "",""and "",""sel"",""ect"","" "",""a "",""number"","" "",""w hi ch "",""claims "",""you'"",""re "",""in "",""sunn"",""y "",""Arizon"",""a.""]",68
913,dev,913,"Often, you have to buy a global number separately that allows PSTN phones to call you. Where the number is from makes a difference for people calling you.","[""Of"",""te n"","", "",""you "",""have "",""t"",""o "",""buy "",""a "",""global "",""number"","" "",""separa te l"",""y "",""t"",""hat "",""all"",""ows "",""PST"",""N "",""phon"",""es  "",""t"",""o "",""call"","" "",""you. "",""Wher"",""e "",""t"",""he "",""number"","" "",""is "",""from "",""mak es  "",""a "",""differ en ce "",""for"","" "",""people "",""call"",""ing "",""you.""]",44
914,dev,914,Real-time text translator apps – applications that are capable of automatically translating whole segments of text from one language into another.,"[""R"",""eal"",""-"",""t"",""ime "",""te xt"","" "",""t"",""ransl"",""at"",""or "",""apps "",""–"","" "",""appl"",""icat"",""ion"",""s "",""t"",""hat "",""are "",""cap"",""able "",""of "",""aut"",""omat"",""icall"",""y "",""t"",""ransl"",""at"",""ing "",""whol"",""e "",""segm en t"",""s "",""of "",""te xt"","" "",""from "",""one "",""languag"",""e "",""int"",""o "",""anot"",""her.""]",47
915,dev,915,Some of the applications in this category can even translate texts in foreign languages on signs or other objects in the real world when the user points the smartphone towards those objects.,"[""S"",""om"",""e "",""of "",""t"",""he "",""appl"",""icat"",""ion"",""s "",""in "",""t"",""hi s "",""ca te gory "",""can "",""ev en  "",""t"",""ransl"",""a te  "",""te xt"",""s "",""in "",""for"",""eign"","" "",""languag"",""es  "",""on "",""sign"",""s "",""or "",""ot"",""her "",""object"",""s "",""in "",""t"",""he "",""real "",""wor"",""ld "",""wh en  "",""t"",""he "",""user "",""point"",""s "",""t"",""he "",""smart"",""phon"",""e "",""t"",""owards "",""t"",""hose "",""object"",""s.""]",58
916,dev,916,"The translation engines have improved dramatically, and now often give more or less correct translations (and more seldom gibberish), but some care is due, as they still may have gotten it all wrong.","[""T"",""he "",""t"",""ransl"",""at"",""ion "",""en gin"",""es  "",""have "",""impr"",""ov"",""ed"","" "",""dramat"",""icall"",""y, "",""and "",""now "",""of te n "",""give "",""mor"",""e "",""or "",""l es s "",""cor"",""rect"","" "",""t"",""ransl"",""at"",""ion"",""s "",""(and "",""mor"",""e "",""sel"",""dom "",""gibber"",""ish)"","", "",""but"","" "",""som"",""e "",""car"",""e "",""is "",""due, "",""as "",""t"",""hey "",""st"",""ill"","" "",""may "",""have "",""got te n "",""it "",""all"","" "",""wrong.""]",61
917,dev,917,"One of the most prominent apps in this category is Google Translate, which allows offline translation after downloading the desired language data.","[""On"",""e "",""of "",""t"",""he "",""most"","" "",""prom"",""in"",""en t"","" "",""apps "",""in "",""t"",""hi s "",""ca te gory "",""is "",""Google "",""T"",""ransl"",""a te, "",""w hi ch "",""all"",""ows "",""off"",""l"",""in"",""e "",""t"",""ransl"",""at"",""ion"","" "",""af te r"","" "",""down"",""l"",""oading "",""t"",""he "",""d es ired "",""languag"",""e "",""data.""]",44
918,dev,918,Using GPS navigation apps on your smartphone can be the easiest and most convenient way to navigate when out of your home country.,"[""U"",""sin"",""g "",""GPS "",""navigation"","" "",""apps "",""on "",""your "",""smart"",""phon"",""e "",""can "",""be "",""t"",""he "",""easi es t"","" "",""and "",""most"","" "",""conv"",""en i en t"","" "",""way "",""t"",""o "",""naviga te  "",""wh en  "",""out"","" "",""of "",""your "",""hom"",""e "",""count"",""ry.""]",37
919,dev,919,"It can save money over buying new maps for a GPS, or a standalone GPS device or renting one from a car rental company.","[""It"","" "",""can "",""save "",""mon"",""ey "",""over"","" "",""buying "",""new "",""maps "",""for"","" "",""a "",""GPS, "",""or "",""a "",""st"",""andalone "",""GPS "",""device "",""or "",""r en t"",""ing "",""one "",""from "",""a "",""car"","" "",""r en t"",""al "",""comp"",""any.""]",33
920,dev,920,"If you don't have a data connection for your phone, or when it is out of range, their performance can be limited or unavailable.","[""If you "",""don't"","" "",""have "",""a "",""data "",""connect"",""ion "",""for"","" "",""your "",""phon"",""e, "",""or "",""wh en  "",""it "",""is "",""out"","" "",""of "",""range, "",""t"",""heir "",""performan"",""ce "",""can "",""be "",""limi te d "",""or "",""unavailab"",""le.""]",31
921,dev,921,Every corner store is filled with a confusing array of pre-paid phone cards that can be used from pay phones or ordinary telephones.,"[""E"",""v"",""er"",""y "",""cor"",""ner"","" "",""st"",""ore "",""is "",""filled "",""wit"",""h "",""a "",""conf"",""using "",""arr"",""ay "",""of "",""pre-"",""paid "",""phon"",""e "",""car"",""ds "",""t"",""hat "",""can "",""be "",""used "",""fr"",""om "",""pay "",""phon"",""es  "",""or "",""ordin"",""ary "",""te lephon"",""es.""]",40
922,dev,922,"While most cards are good for calling anywhere, some specialise in providing favourable call rates to specific groups of countries.","[""W"",""hi l"",""e "",""most"","" "",""car"",""ds "",""are "",""good"","" "",""for"","" "",""call"",""ing "",""anyw"",""her"",""e, "",""som"",""e "",""special"",""ise "",""in "",""prov"",""id"",""ing "",""favour"",""ab"",""le "",""call"","" "",""ra te s "",""t"",""o "",""specific"","" "",""groups "",""of "",""count"",""ri es.""]",39
923,dev,923,Access to these services is often through a toll-free telephone number that can be called from most phones without charge.,"[""Ac"",""c"",""es s"","" "",""t"",""o "",""t"",""h es e "",""ser"",""vic es  "",""is "",""of te n "",""t"",""hrough"","" "",""a "",""t"",""oll-"",""free "",""te lephon"",""e "",""number"","" "",""t"",""hat "",""can "",""be "",""call"",""ed "",""fr"",""om "",""most"","" "",""phon"",""es  "",""wit"",""hout "",""char"",""ge.""]",39
924,dev,924,"Rules regarding regular photography also apply to video recording, possibly even more so.","[""R"",""ul"",""es  "",""regard"",""in"",""g "",""regul"",""ar"","" "",""phot"",""ograph"",""y "",""also "",""appl"",""y "",""t"",""o "",""video "",""recor"",""din"",""g, "",""possib"",""ly "",""ev en  "",""mor"",""e "",""so.""]",27
925,dev,925,"If just taking a photo of something isn't allowed, then you shouldn't even think of recording a video of it.","[""If just"","" "",""t"",""aking "",""a "",""phot"",""o "",""of "",""som"",""et"",""hi ng "",""isn't"","" "",""all"",""owed, "",""t"",""h en  "",""you "",""should"",""n"",""'t"","" "",""ev en  "",""t"",""hi nk "",""of "",""recor"",""din"",""g "",""a "",""video "",""of "",""it.""]",33
926,dev,926,"If using a drone, check well in advance as to what you are allowed to film and what permits or additional licensing are required.","[""If using "",""a "",""dron"",""e, "",""chec"",""k "",""well"","" "",""in "",""adv"",""ance "",""as "",""t"",""o "",""what "",""you "",""are "",""all"",""owed "",""t"",""o "",""film "",""and "",""what "",""permit"",""s "",""or "",""addit"",""ion"",""al "",""lic en sing "",""are "",""requir"",""ed.""]",34
927,dev,927,"Flying a drone near an airport or over a crowd is almost always a bad idea, even if it's not illegal in your area.","[""F"",""l"",""yin"",""g "",""a "",""dron"",""e "",""near"","" "",""an "",""airport"","" "",""or "",""over"","" "",""a "",""crowd "",""is "",""almost"","" "",""always "",""a "",""bad "",""idea, "",""ev en  "",""if it's "",""not"","" "",""ill"",""egal "",""in "",""your "",""area.""]",33
928,dev,928,Nowadays air travel is only rarely booked directly through the airline without first searching and comparing prices.,"[""N"",""ow"",""adays "",""air "",""t"",""ravel"","" "",""is "",""only "",""rarel"",""y "",""book"",""ed "",""direct"",""ly "",""t"",""hrough"","" "",""t"",""he "",""airl"",""in"",""e "",""wit"",""hout "",""first"","" "",""searc hi"",""ng "",""and "",""comp"",""aring "",""pric es.""]",33
929,dev,929,Sometimes the same flight can have vastly differing prices at various agregators and it pays to compare search results and to also look at the website of the airline itself before booking.,"[""S"",""om"",""et"",""im es  "",""t"",""he "",""same "",""flight"","" "",""can "",""have "",""vast"",""ly "",""differ"",""ing "",""pric es  "",""at"","" "",""various "",""agr"",""eg"",""at"",""ors "",""and "",""it "",""pays "",""t"",""o "",""comp"",""are "",""search"","" "",""r es ult"",""s "",""and "",""t"",""o "",""also "",""look "",""at"","" "",""t"",""he "",""websi te  "",""of "",""t"",""he "",""airl"",""ine "",""itself "",""befor"",""e "",""booking.""]",53
930,dev,930,"While you may not need a visa for short visits to certain countries as a tourist or for business, going there as an international student generally requires a longer stay than going there just as a casual tourist.","[""W"",""hi l"",""e "",""you "",""may "",""not"","" "",""need "",""a "",""visa "",""for"","" "",""short"","" "",""visit"",""s "",""t"",""o "",""cer"",""t"",""ain "",""count"",""ri es  "",""as "",""a "",""t"",""ourist"","" "",""or "",""for"","" "",""busin es s"","", "",""going "",""t"",""here "",""as "",""an "",""in te r"",""nation"",""al "",""st"",""ud en t"","" "",""g en er"",""all"",""y "",""requir"",""es  "",""a "",""longer "",""st"",""ay "",""t"",""han "",""going "",""t"",""here "",""just"","" "",""as "",""a "",""casual "",""t"",""ourist"","".""]",66
931,dev,931,"In general, staying in any foreign country for an extended period of time will require you to obtain a visa in advance.","[""In "",""g en er"",""al, "",""st"",""aying "",""in "",""any "",""for"",""eign"","" "",""count"",""ry "",""for"","" "",""an "",""ex te nded "",""period"","" "",""of "",""t"",""ime "",""will"","" "",""requir"",""e "",""you "",""t"",""o "",""obt"",""ain "",""a "",""visa "",""in "",""adv"",""ance.""]",35
932,dev,932,Student visas generally have different requirements and application procedures from normal tourist or business visas.,"[""S"",""t"",""ud en t"","" "",""visas "",""g en er"",""all"",""y "",""have "",""differ"",""en t"","" "",""requir"",""em"",""en t"",""s "",""and "",""appl"",""icat"",""ion"","" "",""proc"",""edur"",""es  "",""fr"",""om "",""nor"",""mal "",""t"",""ourist"","" "",""or "",""busin es s"","" "",""visas.""]",35
933,dev,933,"For most countries, you will need an offer letter from the institution you wish to study at, and also evidence of funds to support yourself for at least the first year of your course.","[""F"",""or"","" "",""most"","" "",""count"",""ri es, "",""you "",""will"","" "",""need "",""an "",""off"",""er "",""let"",""te r "",""from "",""t"",""he "",""inst"",""itution"","" "",""you "",""wish "",""t"",""o "",""st"",""udy "",""at"","", "",""and "",""also "",""evid en ce "",""of "",""funds "",""t"",""o "",""support"","" "",""yoursel"",""f "",""for"","" "",""at"","" "",""least"","" "",""t"",""he "",""first"","" "",""year "",""of "",""your "",""cour"",""se.""]",56
934,dev,934,"Check with the institution, as well as the immigration department for the country you wish to study in for detailed requirements.","[""C"",""h"",""ec"",""k"","" "",""wit"",""h "",""t"",""he "",""inst"",""itution"","", "",""as "",""well"","" "",""as "",""t"",""he "",""imm"",""igration"","" "",""depart"",""m en t"","" "",""for"","" "",""t"",""he "",""count"",""ry "",""you "",""wish "",""t"",""o "",""st"",""udy "",""in "",""for"","" "",""det"",""ailed "",""requir"",""em"",""en t"",""s.""]",45
935,dev,935,"Unless you are a diplomat, working overseas generally means that you will have to file income tax in the country you are based in.","[""U"",""n"",""l"",""es s "",""you "",""are "",""a "",""diplomat"","", "",""wor"",""king "",""over"",""seas "",""g en er"",""all"",""y "",""means "",""t"",""hat "",""you "",""will"","" "",""have "",""t"",""o "",""file "",""income "",""t"",""ax "",""in "",""t"",""he "",""count"",""ry "",""you "",""are "",""based "",""in.""]",38
936,dev,936,"Income tax is structured differently in different countries, and the tax rates and brackets vary widely from one country to another.","[""Inc"",""ome "",""t"",""ax "",""is "",""st"",""ru ctured "",""differ"",""en t"",""ly "",""in "",""differ"",""en t"","" "",""count"",""ri es, "",""and "",""t"",""he "",""t"",""ax "",""ra te s "",""and "",""brack"",""et"",""s "",""vary "",""widel"",""y "",""fr"",""om "",""one "",""count"",""ry "",""t"",""o "",""anot"",""her.""]",38
937,dev,937,"In some federal countries, such as the United States and Canada, income tax is levied both at the federal level and at the local level, so the rates and brackets can vary from region to region.","[""In "",""som"",""e "",""feder"",""al "",""count"",""ri es, "",""such "",""as "",""t"",""he "",""Uni te d "",""St"",""a te s "",""and "",""Canada, "",""income "",""t"",""ax "",""is "",""levied "",""bot"",""h "",""at"","" "",""t"",""he "",""feder"",""al "",""level"","" "",""and "",""at"","" "",""t"",""he "",""local "",""level"","", "",""so "",""t"",""he "",""ra te s "",""and "",""brack"",""et"",""s "",""can "",""vary "",""from "",""region"","" "",""t"",""o "",""region"","".""]",56
938,dev,938,"While immigration check is usually absent or a formality when you arrive in your homeland, customs control can be a hassle.","[""W"",""hi l"",""e "",""imm"",""igr"",""ation"","" "",""check "",""is "",""usuall"",""y "",""abs en t"","" "",""or "",""a "",""for"",""malit"",""y "",""wh en  "",""you "",""arr"",""ive "",""in "",""your "",""hom"",""el"",""and, "",""cust"",""oms "",""cont"",""rol "",""can "",""be "",""a "",""hass"",""l"",""e.""]",37
939,dev,939,Make sure you know what you can and cannot bring in and declare anything over the legal limits.,"[""M"",""ak"",""e "",""sur"",""e "",""you "",""know "",""what "",""you "",""can "",""and "",""cannot"","" "",""bring "",""in "",""and "",""dec"",""lare "",""anyt"",""hi ng "",""over"","" "",""t"",""he "",""legal "",""limits.""]",26
940,dev,940,The easiest way to get started in the business of travel writing is to hone your skills on an established travel blog website.,"[""T"",""he "",""easi es t"","" "",""way "",""t"",""o "",""get "",""st"",""ar te d "",""in "",""t"",""he "",""busin es s"","" "",""of "",""t"",""ravel"","" "",""writ"",""ing "",""is "",""t"",""o "",""hon"",""e "",""your "",""skills "",""on "",""an "",""es t"",""ablished "",""t"",""ravel"","" "",""blog "",""websi te.""]",37
941,dev,941,"After you become comfortable with formatting and editing on the web, then later, you might create your own website.","[""Af"",""te r"","" "",""you "",""become "",""comf"",""or"",""t"",""ab"",""le "",""wit"",""h "",""for"",""matting "",""and "",""edit"",""ing "",""on "",""t"",""he "",""web, "",""t"",""h en  "",""la te r, "",""you "",""might"","" "",""crea te  "",""your "",""own "",""websi te.""]",31
942,dev,942,Volunteering while travelling is a great way to make a difference but it's not just about giving.,"[""V"",""ol"",""un te er"",""in"",""g "",""w hi le "",""t"",""ravel"",""l"",""ing "",""is "",""a "",""great"","" "",""way "",""t"",""o "",""make "",""a "",""differ en ce "",""but"","" "",""it's "",""not"","" "",""just"","" "",""about"","" "",""giving.""]",30
943,dev,943,"Living and volunteering in a foreign country is a great way to get to know a different culture, meet new people, learn about yourself, get a sense of perspective and even gain new skills.","[""L"",""ivin"",""g "",""and "",""vol"",""un te er"",""in"",""g "",""in "",""a "",""for"",""eign"","" "",""count"",""ry "",""is "",""a "",""great"","" "",""way "",""t"",""o "",""get "",""t"",""o "",""know "",""a "",""differ en t"","" "",""cult"",""ure, "",""meet"","" "",""new "",""people, "",""lear"",""n "",""about"","" "",""yoursel"",""f, "",""get "",""a "",""s en se "",""of "",""perspect"",""ive "",""and "",""ev en  "",""gain "",""new "",""skill"",""s.""]",53
944,dev,944,It can also be a good way to stretch a budget to allow a longer stay somewhere since many volunteer jobs provide room and board and a few pay a small salary.,"[""It"","" "",""can "",""also "",""be "",""a "",""good"","" "",""way "",""t"",""o "",""st"",""ret"",""ch "",""a "",""budget "",""t"",""o "",""all"",""ow "",""a "",""longer "",""st"",""ay "",""som"",""ewher"",""e "",""sin"",""ce "",""man"",""y "",""vol"",""un te er"","" "",""jobs "",""prov"",""id"",""e "",""room"","" "",""and "",""board"","" "",""and "",""a "",""few "",""pay "",""a "",""small"","" "",""sal"",""ary.""]",52
945,dev,945,"Vikings used the Russian waterways to get to the Black Sea and Caspian Sea. Parts of these routes can still be used. Check possible need for special permits, which may be difficult to get.","[""V"",""ikings "",""used "",""t"",""he "",""Russ"",""ian"","" "",""wa te rw"",""ays "",""t"",""o "",""get "",""t"",""o "",""t"",""he "",""Black"","" "",""Sea "",""and "",""Caspian"","" "",""Sea. "",""Part"",""s "",""of "",""t"",""h es e "",""rou te s "",""can "",""st"",""ill "",""be "",""used. "",""Check"","" "",""possib"",""le "",""need "",""for"","" "",""special"","" "",""permit"",""s, "",""w hi ch "",""may "",""be "",""difficul"",""t"","" "",""t"",""o "",""get.""]",55
946,dev,946,"The White Sea–Baltic Canal connects the Arctic Ocean to the Baltic Sea, via Lake Onega, Lake Ladoga and Saint Petersburg, mostly by rivers and lakes.","[""T"",""he "",""W hi te  "",""Sea–"",""Balt"",""ic "",""Canal "",""conn"",""ect"",""s "",""t"",""he "",""Arct"",""ic "",""Ocean"","" "",""t"",""o "",""t"",""he "",""Balt"",""ic "",""Sea, "",""via "",""Lake "",""Onega, "",""Lake "",""Ladoga "",""and "",""Saint"","" "",""Pe te rsb"",""ur"",""g, "",""most"",""ly "",""by "",""river"",""s "",""and "",""lak es.""]",41
947,dev,947,"Lake Onega is also connected to Volga, so coming from the Caspian Sea through Russia is still possible.","[""L"",""ake "",""Onega "",""is "",""also "",""conn"",""ec te d "",""t"",""o "",""Vol"",""ga, "",""so "",""coming "",""fr"",""om "",""t"",""he "",""Caspian"","" "",""Sea "",""t"",""hrough"","" "",""Russ"",""ia "",""is "",""st"",""ill "",""possib"",""le.""]",30
948,dev,948,Be assured that once you hit the marinas everything will be pretty obvious. You will meet other boat hitchhikers and they will share their information with you.,"[""B"",""e "",""ass"",""ur"",""ed "",""t"",""hat "",""onc"",""e "",""you "",""hi t "",""t"",""he "",""marinas "",""ever"",""yt"",""hi ng "",""will"","" "",""be "",""pret"",""ty "",""obvious. "",""You "",""will"","" "",""meet"","" "",""other "",""boat"","" "",""hi tch hi"",""ker"",""s "",""and "",""t"",""hey "",""will"","" "",""share "",""t"",""heir "",""infor"",""mation"","" "",""wit"",""h "",""you.""]",48
949,dev,949,"Basically you'll be putting up notices offering your help, pacing the docks, approaching people cleaning their yachts, trying to make contact with sailors in the bar, etc.","[""B"",""asic"",""all"",""y "",""you'"",""ll "",""be "",""put"",""ting "",""up "",""not"",""ic es  "",""off"",""ering "",""your "",""hel"",""p, "",""pacing "",""t"",""he "",""docks, "",""appr"",""oac hi"",""n"",""g "",""people "",""cleaning "",""t"",""heir "",""yacht"",""s, "",""t"",""rying "",""t"",""o "",""make "",""cont"",""act "",""wit"",""h "",""sailors "",""in "",""t"",""he "",""bar, "",""et"",""c.""]",47
950,dev,950,Try to talk to as many people as possible. After a while everyone will know you and will give you hints as to which boat is looking for someone.,"[""T"",""ry "",""t"",""o "",""t"",""alk "",""t"",""o "",""as "",""man"",""y "",""people "",""as "",""possib"",""le. "",""Af te r"","" "",""a "",""w hi le "",""ever"",""yon"",""e "",""will"","" "",""know "",""you "",""and "",""will"","" "",""give "",""you "",""hi nt"",""s "",""as "",""t"",""o "",""w hi ch "",""boat"","" "",""is "",""looking "",""for"","" "",""som"",""eone.""]",45
951,dev,951,You should choose your Frequent Flyer airline in an alliance carefully.,"[""Y"",""ou "",""should"","" "",""choose"","" "",""your "",""Fr"",""equ en t"","" "",""Flyer "",""airl"",""in"",""e "",""in "",""an "",""all"",""iance "",""car"",""ef"",""ull"",""y.""]",22
952,dev,952,"Although you may think it is intuitive to join the airline you fly most, you should be aware that privileges offered are often different and frequent flyer points may be more generous under a different airline in the same alliance.","[""Al"",""t"",""hough"","" "",""you "",""may "",""t"",""hi nk "",""it "",""is "",""int"",""uitive "",""t"",""o "",""join "",""t"",""he "",""airl"",""ine "",""you "",""fly "",""most"","", "",""you "",""should"","" "",""be "",""awar"",""e "",""t"",""hat "",""privil"",""eg es  "",""off"",""ered "",""are "",""of te n "",""differ"",""en t"","" "",""and "",""fr"",""equ en t"","" "",""flyer "",""point"",""s "",""may "",""be "",""mor"",""e "",""g en er"",""ous "",""under"","" "",""a "",""differ en t"","" "",""airl"",""in"",""e "",""in "",""t"",""he "",""same "",""all"",""iance.""]",67
953,dev,953,"Airlines such as Emirates, Etihad Airways, Qatar Airways & Turkish Airlines have greatly expanded their services to Africa, and offer connections to many major African cities at competitive rates than other European airlines.","[""Air"",""l"",""in"",""es  "",""such "",""as "",""Emira te s, "",""Et"",""ihad "",""Airw"",""ays, "",""Qat"",""ar "",""Airw"",""ays "",""& "",""T"",""urkish "",""Airl"",""in"",""es  "",""have "",""great"",""ly "",""expanded "",""t"",""heir "",""ser"",""vic es  "",""t"",""o "",""Afr"",""ica, "",""and "",""off"",""er"","" "",""conn"",""ect"",""ions "",""t"",""o "",""man"",""y "",""major"","" "",""Afr"",""ican"","" "",""cit"",""i es  "",""at"","" "",""comp"",""etit"",""ive "",""ra te s "",""t"",""han "",""ot"",""her "",""Europ"",""ean"","" "",""airl"",""in"",""es.""]",67
954,dev,954,Turkish Airlines flies to 39 destinations in 30 African countries as of 2014.,"[""T"",""ur"",""kish "",""Airl"",""in"",""es  "",""fli es  "",""t"",""o "",""39 "",""d es t"",""ination"",""s "",""in "",""30 "",""Afr"",""ican"","" "",""count"",""ri es  "",""as "",""of "",""2014.""]",23
955,dev,955,"If you have additional travel time, check to see how your total fare quote to Africa compares with a round-the-world fare.","[""If you "",""have "",""addit"",""ion"",""al "",""t"",""ravel"","" "",""t"",""ime, "",""check "",""t"",""o "",""see"","" "",""how your "",""t"",""otal "",""far"",""e "",""quo te  "",""t"",""o "",""Afr"",""ica "",""comp"",""ar es  "",""wit"",""h "",""a "",""round"",""-"",""t"",""he-"",""wor"",""ld "",""far"",""e.""]",38
956,dev,956,"Don't forget to add in the extra costs of additional visas, departure taxes, ground transportation, etc. for all those places outside of Africa.","[""D"",""on"",""'t"","" "",""for"",""get "",""t"",""o "",""add "",""in "",""t"",""he "",""ext"",""ra "",""cost"",""s "",""of "",""addit"",""ion"",""al "",""visas, "",""dep"",""art"",""ure "",""t"",""ax es, "",""ground"","" "",""t"",""ransp"",""ort"",""ation"","", "",""et"",""c. "",""for"","" "",""all"","" "",""t"",""hose "",""plac es  "",""out"",""side "",""of "",""Afr"",""ica.""]",47
957,dev,957,"If you want to fly around the world completely in the Southern Hemisphere, the choice of flights and destinations is limited due to the lack of transoceanic routes.","[""If you "",""want"","" "",""t"",""o "",""fly "",""around"","" "",""t"",""he "",""wor"",""ld "",""comp"",""l"",""e te l"",""y "",""in "",""t"",""he "",""Sout"",""hern "",""Hem"",""ispher"",""e, "",""t"",""he "",""choice "",""of "",""flight"",""s "",""and "",""d es t"",""ination"",""s "",""is "",""limi te d "",""due "",""t"",""o "",""t"",""he "",""lack "",""of "",""t"",""ransoceanic"","" "",""rou te s.""]",47
958,dev,958,No airline alliance covers all three ocean crossings in the Southern Hemisphere (and SkyTeam covers none of the crossings).,"[""N"",""o "",""airl"",""in"",""e "",""all"",""ian"",""ce "",""cover"",""s "",""all"","" "",""t"",""hree "",""ocean"","" "",""crossin"",""gs "",""in "",""t"",""he "",""Sout"",""her"",""n "",""Hem"",""ispher"",""e "",""(and "",""SkyT"",""eam "",""cover"",""s "",""none "",""of "",""t"",""he "",""crossin"",""gs)"","".""]",39
959,dev,959,"However, Star Alliance covers everything except the eastern South Pacific from Santiago de Chile to Tahiti, which is a LATAM Oneworld flight.","[""H"",""ow"",""ever"","", "",""St"",""ar "",""All"",""ian"",""ce "",""cover"",""s "",""ever"",""yt"",""hi ng "",""exc"",""ept"","" "",""t"",""he "",""eas te r"",""n "",""Sout"",""h "",""Pacific"","" "",""fr"",""om "",""San"",""t"",""iago "",""de "",""C hi le "",""t"",""o "",""T"",""a hi ti, "",""w hi ch "",""is "",""a "",""LAT"",""AM "",""Onewor"",""ld "",""flight"","".""]",45
960,dev,960,This flight is not the only option if you want to skip the South Pacific and the west coast of South America. (see below),"[""T"",""hi s "",""flight"","" "",""is "",""not"","" "",""t"",""he "",""only "",""option "",""if you "",""want"","" "",""t"",""o "",""skip "",""t"",""he "",""Sout"",""h "",""Pacific"","" "",""and "",""t"",""he "",""w es t"","" "",""coast"","" "",""of "",""Sout"",""h "",""Amer"",""ica. "",""("",""see"","" "",""bel"",""ow)""]",40
961,dev,961,"In 1994, the ethnically Armenian Nagorno-Karabakh region of Azerbaijan waged war against the Azeris.","[""In "",""1994, "",""t"",""he "",""et"",""hnicall"",""y "",""Arm en ian"","" "",""Nagor"",""no-"",""Karabakh "",""region"","" "",""of "",""Azerbaijan"","" "",""waged "",""war"","" "",""against"","" "",""t"",""he "",""Azeris.""]",25
962,dev,962,"With Armenian backing, a new republic was created. However, no established nation - not even Armenia - officially recognizes it.","[""W"",""it"",""h "",""Arm en ian"","" "",""back"",""ing, "",""a "",""new "",""rep"",""ublic"","" "",""was "",""crea te d. "",""How"",""ever"","", "",""no "",""es t"",""ablished "",""nat"",""ion"","" "",""- "",""not"","" "",""ev en  "",""Arm en ia "",""- "",""off"",""icial"",""l"",""y "",""recog"",""niz es  "",""it.""]",36
963,dev,963,Diplomatic arguments over the region continue to mar relations between Armenia and Azerbaijan.,"[""D"",""ip"",""lomat"",""ic "",""argum en t"",""s "",""over"","" "",""t"",""he "",""region"","" "",""cont"",""inue "",""t"",""o "",""mar"","" "",""rel"",""at"",""ions "",""bet"",""we en  "",""Arm en ia "",""and "",""Azerbaijan"","".""]",27
964,dev,964,The Canal District (Dutch: Grachtengordel) is the famous 17th-century district surrounding the Binnenstad of Amsterdam.,"[""T"",""he "",""Canal "",""Dist"",""rict "",""(Dut"",""ch: "",""Grach te ngor"",""del"","") "",""is "",""t"",""he "",""famous "",""17t"",""h-"",""c en t"",""ury "",""dist"",""rict "",""sur"",""round"",""in"",""g "",""t"",""he "",""Binn"",""en s"",""t"",""ad "",""of "",""Ams te rdam.""]",32
965,dev,965,"The whole district is designated as a UNESCO World Heritage Site for its unique cultural and historical value, and its property values are among the highest of the country.","[""T"",""he "",""whol"",""e "",""dist"",""rict"","" "",""is "",""d es ign"",""a te d "",""as "",""a "",""UNESCO "",""Wor"",""ld "",""Her"",""it"",""age "",""Si te  "",""for"","" "",""its "",""unique "",""cult"",""ural "",""and "",""hi st"",""orical "",""value, "",""and "",""its "",""prop"",""ert"",""y "",""val"",""u es  "",""are "",""amon"",""g "",""t"",""he "",""hi gh es t"","" "",""of "",""t"",""he "",""count"",""ry.""]",48
966,dev,966,"Cinque Terre, which means Five Lands, comprises the five small coastal villages of Riomaggiore, Manarola, Corniglia, Vernazza and Monterosso located in the Italian region of Liguria.","[""C"",""in"",""qu"",""e "",""T"",""er"",""re, "",""w hi ch "",""means "",""Five "",""Lan"",""ds, "",""comp"",""ris es  "",""t"",""he "",""five "",""small"","" "",""coast"",""al "",""vill"",""ag es  "",""of "",""Riomag"",""gior"",""e, "",""Man"",""arola, "",""Cor"",""nigl"",""ia, "",""Ver"",""nazz"",""a "",""and "",""Mon"",""te rosso "",""loca te d "",""in "",""t"",""he "",""Italian"","" "",""region"","" "",""of "",""Liguria.""]",48
967,dev,967,They are listed on the UNESCO World Heritage List.,"[""T"",""hey "",""are "",""lis te d "",""on "",""t"",""he "",""UNESCO "",""Wor"",""ld "",""Her"",""it"",""age "",""List"","".""]",15
968,dev,968,"Over the centuries, people have carefully built terraces on the rugged, steep landscape right up to the cliffs that overlook the sea.","[""Ov"",""er"","" "",""t"",""he "",""c en t"",""uri es, "",""peop"",""le "",""have "",""car"",""ef"",""ull"",""y "",""built"","" "",""te rr"",""ac es  "",""on "",""t"",""he "",""ru gged, "",""s te ep "",""lands"",""c"",""ap"",""e "",""right"","" "",""up "",""t"",""o "",""t"",""he "",""cliffs "",""t"",""hat "",""over"",""l"",""ook "",""t"",""he "",""sea.""]",43
969,dev,969,"Part of its charm is the lack of visible corporate development. Paths, trains and boats connect the villages, and cars cannot reach them from the outside.","[""P"",""ar"",""t"","" "",""of "",""its "",""char"",""m"","" "",""is "",""t"",""he "",""lack "",""of "",""visib"",""le "",""cor"",""pora te"","" "",""devel"",""opm en t"","". "",""Pat"",""hs, "",""t"",""rains "",""and "",""boat"",""s "",""conn"",""ect"","" "",""t"",""he "",""villag es, "",""and "",""car"",""s "",""cannot"","" "",""reach "",""t"",""hem "",""from "",""t"",""he "",""out"",""side.""]",48
970,dev,970,"The varieties of French which are spoken in Belgium and Switzerland differ slightly from the French spoken in France, though they are similar enough to be mutually intelligible.","[""T"",""he "",""variet"",""i es  "",""of "",""Fr"",""en ch "",""w hi ch "",""are "",""spok en  "",""in "",""Bel"",""gium "",""and "",""Swit"",""zerl"",""an"",""d "",""differ"","" "",""slight"",""l"",""y "",""fr"",""om "",""t"",""he "",""Fr"",""en ch "",""spok en  "",""in "",""Fr"",""ance, "",""t"",""hough"","" "",""t"",""hey "",""are "",""sim"",""il"",""ar "",""en ough"","" "",""t"",""o "",""be "",""mut"",""uall"",""y "",""in te ll"",""igib"",""le.""]",53
971,dev,971,"In particular, the numbering system in French-speaking Belgium and Switzerland has some slight peculiarities that are different from the French spoken in France, and the pronunciation of some words is slightly different.","[""In "",""part"",""icul"",""ar"","", "",""t"",""he "",""number"",""ing "",""sys te m"","" "",""in "",""Fr"",""en ch-"",""speaking "",""Bel"",""gium "",""and "",""Swit"",""zerl"",""an"",""d "",""has "",""som"",""e "",""slight"","" "",""peculiarit"",""i es  "",""t"",""hat "",""are "",""differ en t"","" "",""from "",""t"",""he "",""Fr"",""en ch "",""spok en  "",""in "",""Fr"",""ance, "",""and "",""t"",""he "",""pronunciat"",""ion"","" "",""of "",""som"",""e "",""wor"",""ds "",""is "",""slight"",""l"",""y "",""differ"",""en t"","".""]",61
972,dev,972,"Nevertheless, all French-speaking Belgians and Swiss would have learned standard French in school, so they would be able to understand you even if you used the standard French numbering system.","[""N"",""ever"",""t"",""hel"",""es s, "",""all"","" "",""Fr"",""en ch-"",""speaking "",""Bel"",""gian"",""s "",""and "",""Swiss "",""would"","" "",""have "",""learned "",""st"",""andard"","" "",""Fr"",""en ch "",""in "",""school"","", "",""so "",""t"",""hey "",""would"","" "",""be "",""able "",""t"",""o "",""under"",""st"",""and "",""you "",""ev en  "",""if you "",""used "",""t"",""he "",""st"",""andard"","" "",""Fr"",""en ch "",""number"",""ing "",""sys te m"","".""]",54
973,dev,973,"In many parts of the world, waving is a friendly gesture, indicating ""hello.""","[""In "",""man"",""y "",""part"",""s "",""of "",""t"",""he "",""wor"",""ld, "",""waving "",""is "",""a "",""fr"",""i en dl"",""y "",""g es t"",""ure, "",""indicating "",""\"""",""hel"",""lo.\""""]",22
974,dev,974,"However, in Malaysia, at least among the Malays in rural areas, it means ""come over,"" similar to the index finger bent toward the body, a gesture which is used in certain Western countries, and should be used only for that purpose.","[""H"",""ow"",""ever"","", "",""in "",""Mal"",""aysia, "",""at"","" "",""least"","" "",""amon"",""g "",""t"",""he "",""Mal"",""ays "",""in "",""ru ral "",""areas, "",""it "",""means "",""\"""",""come "",""over"","",\"""","" "",""sim"",""il"",""ar "",""t"",""o "",""t"",""he "",""index "",""fin"",""ger "",""b en t"","" "",""t"",""oward "",""t"",""he "",""body, "",""a "",""g es t"",""ure "",""w hi ch "",""is "",""used "",""in "",""cer"",""t"",""ain "",""W es te r"",""n "",""count"",""ri es, "",""and "",""should"","" "",""be "",""used "",""only "",""for"","" "",""t"",""hat "",""purpose.""]",69
975,dev,975,"Similarly, a British traveller in Spain may mistake a wave goodbye involving the palm facing the waver (rather than the person being waved at) as a gesture to come back.","[""S"",""im"",""il"",""arl"",""y, "",""a "",""Br"",""it"",""ish "",""t"",""ravel"",""l"",""er "",""in "",""Spain "",""may "",""mist"",""ake "",""a "",""wave "",""good"",""b"",""ye "",""invol"",""ving "",""t"",""he "",""palm "",""facing "",""t"",""he "",""waver"","" "",""(r"",""at"",""her "",""t"",""han "",""t"",""he "",""person"","" "",""being "",""waved "",""at"","") "",""as "",""a "",""g es t"",""ure "",""t"",""o "",""come "",""back"","".""]",55
976,dev,976,Auxiliary languages are artificial or constructed languages created with the intent of facilitating communication between peoples who would otherwise have difficulty communicating.,"[""Au"",""x"",""il"",""iar"",""y "",""languag"",""es  "",""are "",""art"",""ificial"","" "",""or "",""const"",""ru c te d "",""languag"",""es  "",""crea te d "",""wit"",""h "",""t"",""he "",""in te nt"","" "",""of "",""facilit"",""ating "",""comm"",""unic"",""at"",""ion"","" "",""bet"",""we en  "",""peopl es  "",""who "",""would"","" "",""ot"",""herw"",""ise "",""have "",""difficul"",""t"",""y "",""comm"",""unic"",""at"",""ing.""]",48
977,dev,977,"They are separate from lingua francas, which are natural or organic languages that become dominant for one reason or another as means of communication between speakers of other languages.","[""T"",""hey "",""are "",""separa te  "",""from "",""lin"",""gua "",""fr"",""ancas, "",""w hi ch "",""are "",""nat"",""ural "",""or "",""organic "",""languag"",""es  "",""t"",""hat "",""become "",""domin"",""ant"","" "",""for"","" "",""one "",""reason"","" "",""or "",""anot"",""her "",""as "",""means "",""of "",""comm"",""unic"",""ation"","" "",""bet"",""we en  "",""speaker"",""s "",""of "",""ot"",""her "",""languag"",""es.""]",47
978,dev,978,"In the heat of the day, travelers can experience mirages that give the illusion of water (or other things).","[""In "",""t"",""he "",""heat"","" "",""of "",""t"",""he "",""day, "",""t"",""ravel"",""ers "",""can "",""exper"",""i en c"",""e "",""mirag"",""es  "",""t"",""hat "",""give "",""t"",""he "",""ill"",""usion"","" "",""of "",""wa te r "",""(or"","" "",""other "",""t"",""hi ngs)"","".""]",34
979,dev,979,"These can be dangerous if the traveler pursue the mirage, wasting precious energy and remaining water.","[""T"",""h es e "",""can "",""be "",""dangerou"",""s "",""if t"",""he "",""t"",""ravel"",""er "",""pursu"",""e "",""t"",""he "",""mirage, "",""wast"",""ing "",""preci"",""ous "",""en er"",""gy "",""and "",""rem"",""aining "",""wa te r.""]",26
980,dev,980,Even the hottest of deserts can become extremely cold at night. Hypothermia is a real risk without warm clothing.,"[""E"",""v"",""en  "",""t"",""he "",""hot"",""te st"","" "",""of "",""d es ert"",""s "",""can "",""become "",""ext"",""rem"",""el"",""y "",""col"",""d "",""at"","" "",""night"","". "",""Hyp"",""ot"",""hermia "",""is "",""a "",""real "",""risk "",""wit"",""hout "",""war"",""m "",""clot hi ng.""]",35
981,dev,981,"In summer, especially, you'll need to watch out for mosquitoes if you decide to hike through the rainforest.","[""In "",""summ"",""er"","", "",""es pecial"",""l"",""y, "",""you'"",""ll "",""need "",""t"",""o "",""wat"",""ch "",""out"","" "",""for"","" "",""mosquit"",""o es  "",""if you "",""dec"",""ide "",""t"",""o "",""hi ke "",""t"",""hrough"","" "",""t"",""he "",""rainfor"",""es t"","".""]",34
982,dev,982,"Even if you're driving through the subtropical rainforest, a few seconds with the doors open while you get inside the vehicle is enough time for mosquitoes to get in the vehicle with you.","[""E"",""v"",""en  "",""if you'"",""re "",""driving "",""t"",""hrough"","" "",""t"",""he "",""sub"",""t"",""rop"",""ical "",""rainfor"",""es t"","", "",""a "",""few "",""second"",""s "",""wit"",""h "",""t"",""he "",""doors "",""op en  "",""w hi le "",""you "",""get "",""inside "",""t"",""he "",""ve hi cle "",""is "",""en ough"","" "",""t"",""ime "",""for"","" "",""mosquit"",""o es  "",""t"",""o "",""get "",""in "",""t"",""he "",""ve hi cle "",""wit"",""h "",""you.""]",54
983,dev,983,"Bird flu, or more formally avian influenza, can infect both birds and mammals.","[""B"",""ir"",""d"","" "",""flu, "",""or"","" "",""mor"",""e "",""for"",""mall"",""y "",""avian "",""infl"",""u en z"",""a, "",""can "",""infect"","" "",""bot"",""h "",""birds "",""and "",""mamm"",""al"",""s.""]",26
984,dev,984,"Fewer than a thousand cases have ever been reported in humans, but some of them have been fatal.","[""F"",""ew"",""er"","" "",""t"",""han "",""a "",""t"",""housand "",""cas es  "",""have "",""ever"","" "",""be en  "",""repor te"",""d "",""in "",""hum"",""an"",""s, "",""but"","" "",""som"",""e "",""of "",""t"",""hem "",""have "",""be en  "",""fat"",""al.""]",31
985,dev,985,"Most have involved people who work with poultry, but there is also some risk to birdwatchers.","[""M"",""ost"","" "",""have "",""invol"",""ved "",""people "",""who "",""wor"",""k "",""wit"",""h "",""poult"",""ry, "",""but"","" "",""t"",""here "",""is "",""also "",""som"",""e "",""risk "",""t"",""o "",""birdw"",""atcher"",""s.""]",28
986,dev,986,"Typical for Norway are steep fjords and valleys that suddenly give way to a high, more or less even plateau.","[""T"",""ypical "",""for"","" "",""Nor"",""way "",""are "",""s te ep "",""fjor"",""ds "",""and "",""val"",""l"",""eys "",""t"",""hat "",""sudd en l"",""y "",""give "",""way "",""t"",""o "",""a "",""hi gh, "",""mor"",""e "",""or "",""l es s "",""ev en  "",""pla te au.""]",30
987,dev,987,"These plateaus are often referred to as ""vidde"" meaning a wide, open treeless space, a boundless expanse.","[""T"",""h es e "",""pla te aus "",""are "",""of te n "",""refer"",""red "",""t"",""o "",""as "",""\"""",""vidde\"""","" "",""meaning "",""a "",""wide, "",""op en  "",""t"",""reel es s "",""space, "",""a "",""bound"",""l"",""es s "",""expanse.""]",25
988,dev,988,"In Rogaland and Agder they are usually called ""hei"" meaning a treeless moorland often covered in heather.","[""In "",""Rogaland "",""and "",""Agder"","" "",""t"",""hey "",""are "",""usuall"",""y "",""call"",""ed "",""\"""",""hei\"""","" "",""meaning "",""a "",""t"",""reel es s "",""moor"",""land "",""of te n "",""cover"",""ed "",""in "",""heat"",""her.""]",27
989,dev,989,"The glaciers are not stable, but flow down the mountain. This will cause cracks, crevasses, which may be obscured by snow bridges.","[""T"",""he "",""glacier"",""s "",""are "",""not"","" "",""st"",""able, "",""but"","" "",""flow "",""down"","" "",""t"",""he "",""mount"",""ain. "",""T"",""hi s "",""will"","" "",""cause"","" "",""cracks, "",""crevass"",""es, "",""w hi ch "",""may "",""be "",""obscured "",""by "",""snow"","" "",""bridg"",""es.""]",36
990,dev,990,The walls and roofs of ice caves can collapse and cracks can get closed.,"[""T"",""he "",""wall"",""s "",""and "",""roofs "",""of "",""ice "",""cav es  "",""can "",""col"",""l"",""apse "",""and "",""cracks "",""can "",""get "",""close"",""d.""]",19
991,dev,991,"At the edge of glaciers huge blocks break loose, fall down and perhaps jump or roll farther from the edge.","[""At"","" "",""t"",""he "",""edge "",""of "",""glacier"",""s "",""huge "",""blocks "",""break "",""loose"","", "",""fall"","" "",""down"","" "",""and "",""perhaps "",""jump "",""or "",""roll"","" "",""far"",""t"",""her "",""from "",""t"",""he "",""edge.""]",30
992,dev,992,The tourist season for the hill stations generally peaks during the Indian summer.,"[""T"",""he "",""t"",""ourist"","" "",""season"","" "",""for"","" "",""t"",""he "",""hi ll"","" "",""st"",""ations "",""g en er"",""all"",""y "",""peaks "",""during "",""t"",""he "",""Indian"","" "",""summ"",""er"","".""]",27
993,dev,993,"However, they have a different kind of beauty and charm during winter, with many hill stations receiving healthy amounts of snow and offering activities such as skiing and snowboarding.","[""H"",""ow"",""ever"","", "",""t"",""hey "",""have "",""a "",""differ en t"","" "",""kind "",""of "",""beaut"",""y "",""and "",""char"",""m"","" "",""during "",""win"",""te r"","", "",""wit"",""h "",""man"",""y "",""hi ll"","" "",""st"",""ation"",""s "",""recei"",""vin"",""g "",""healt"",""hy "",""amount"",""s "",""of "",""snow "",""and "",""off"",""ering "",""act"",""ivit"",""i es  "",""such "",""as "",""skiing "",""and "",""snow"",""b"",""oard"",""in"",""g.""]",55
994,dev,994,"Only a few airlines still offer bereavement fares, which slightly discount the cost of last-minute funeral travel.","[""On"",""ly "",""a "",""few "",""airl"",""in"",""es  "",""st"",""ill"","" "",""off"",""er "",""ber"",""eavem en t"","" "",""far"",""es, "",""w hi ch "",""slight"",""l"",""y "",""disc"",""ount"","" "",""t"",""he "",""cost"","" "",""of "",""last"",""-"",""min"",""u te  "",""funer"",""al "",""t"",""ravel"","".""]",38
995,dev,995,"Airlines that offer these include Air Canada, Delta Air Lines, Lufthansa for flights originating from the U.S. or Canada, and WestJet.","[""Air"",""l"",""in"",""es  "",""t"",""hat "",""off"",""er "",""t"",""h es e "",""incl"",""ude "",""Air "",""Canada, "",""Del"",""t"",""a "",""Air "",""Lin"",""es, "",""Luft"",""hansa "",""for"","" "",""flight"",""s "",""origin"",""at"",""ing "",""fr"",""om "",""t"",""he "",""U.S"","". "",""or "",""Canada, "",""and "",""W es t"",""Jet"","".""]",41
996,dev,996,"In all cases, you must book by phone directly with the airline.","[""In "",""all"","" "",""cas es, "",""you "",""must"","" "",""book "",""by "",""phon"",""e "",""direct"",""ly "",""wit"",""h "",""t"",""he "",""airl"",""in"",""e.""]",20
997,devtest,0,"""We now have 4-month-old mice that are non-diabetic that used to be diabetic,"" he added.","[""\"""",""W"",""e "",""now "",""have "",""4-"",""mon"",""t"",""h-"",""old "",""mice "",""t"",""hat "",""are "",""non-"",""diabet"",""ic "",""t"",""hat "",""used "",""t"",""o "",""be "",""diabet"",""ic,\"""","" "",""he "",""added.""]",28
998,devtest,1,"Dr. Ehud Ur, professor of medicine at Dalhousie University in Halifax, Nova Scotia and chair of the clinical and scientific division of the Canadian Diabetes Association cautioned that the research is still in its early days.","[""D"",""r"","". "",""Ehud "",""Ur, "",""prof es sor"","" "",""of "",""med"",""icine "",""at"","" "",""Dal"",""housie "",""Univer"",""sit"",""y "",""in "",""Hal"",""ifax, "",""Nova "",""Scot"",""ia "",""and "",""chair "",""of "",""t"",""he "",""clinic"",""al "",""and "",""sci en t"",""ific "",""division"","" "",""of "",""t"",""he "",""Canadian"","" "",""Diabe te s "",""Ass"",""ociat"",""ion"","" "",""caut"",""ion"",""ed "",""t"",""hat "",""t"",""he "",""r es ear"",""ch"","" "",""is "",""st"",""ill"","" "",""in "",""its "",""earl"",""y "",""days.""]",64
999,devtest,2,"Like some other experts, he is skeptical about whether diabetes can be cured, noting that these findings have no relevance to people who already have Type 1 diabetes.","[""L"",""ike "",""som"",""e "",""ot"",""her "",""exper"",""t"",""s, "",""he "",""is "",""skept"",""ical "",""about"","" "",""whether "",""diabe te s "",""can "",""be "",""cur"",""ed, "",""not"",""ing "",""t"",""hat "",""t"",""h es e "",""fin"",""din"",""gs "",""have "",""no "",""rel"",""evance "",""t"",""o "",""people "",""who "",""alread"",""y "",""have "",""T"",""ype "",""1 "",""diabe te s.""]",45
1000,devtest,3,"On Monday, Sara Danius, permanent secretary of the Nobel Committee for Literature at the Swedish Academy, publicly announced during a radio program on Sveriges Radio in Sweden the committee, unable to reach Bob Dylan directly about winning the 2016 Nobel Prize in Literature, had abandoned its efforts to reach him.","[""On"","" "",""Mon"",""day, "",""Sar"",""a "",""Danius, "",""perman"",""en t"","" "",""secret"",""ary "",""of "",""t"",""he "",""Nobel "",""Comm"",""it te e "",""for"","" "",""Li te r"",""ature "",""at"","" "",""t"",""he "",""Swedish "",""Academ"",""y, "",""public"",""l"",""y "",""ann"",""ounc"",""ed "",""during "",""a "",""radio "",""program"","" "",""on "",""Sver"",""ig es  "",""Radio "",""in "",""Swed en  "",""t"",""he "",""comm"",""it te e, "",""unable "",""t"",""o "",""reach "",""Bob "",""Dylan "",""direct"",""ly "",""about"","" "",""win"",""n"",""ing "",""t"",""he "",""2016 "",""Nobel"","" "",""Prize "",""in "",""Li te r"",""ature, "",""had "",""abandon"",""ed "",""its "",""effor"",""t"",""s "",""t"",""o "",""reach "",""hi m.""]",83
1001,devtest,4,"Danius said, ""Right now we are doing nothing. I have called and sent emails to his closest collaborator and received very friendly replies. For now, that is certainly enough.""","[""D"",""an"",""ius "",""said, "",""\"""",""R"",""ight"","" "",""now "",""we "",""are "",""doing "",""not"",""hi ng. "",""I "",""have "",""call"",""ed "",""and "",""s en t"","" "",""emails "",""t"",""o "",""hi s "",""clos es t"","" "",""col"",""l"",""abor"",""ator "",""and "",""recei"",""ved "",""ver"",""y "",""fr"",""i en dl"",""y "",""repl"",""i es. "",""For"","" "",""now, "",""t"",""hat "",""is "",""cer"",""t"",""ainl"",""y "",""en ough"","".\""""]",53
1002,devtest,5,"Previously, Ring's CEO, Jamie Siminoff, remarked the company started when his doorbell wasn't audible from his shop in his garage.","[""P"",""r"",""ev"",""iou"",""sl"",""y, "",""R"",""in"",""g'"",""s "",""CEO, "",""Jamie "",""Sim"",""in"",""of"",""f"","", "",""rem"",""ar"",""ked "",""t"",""he "",""comp"",""any "",""st"",""ar te d "",""wh en  "",""hi s "",""doorb"",""el"",""l"","" "",""wasn't"","" "",""aud"",""ib"",""le "",""from "",""hi s "",""shop "",""in "",""hi s "",""garag"",""e.""]",44
1003,devtest,6,"He built a WiFi door bell, he said.","[""H"",""e "",""built"","" "",""a "",""WiFi "",""door "",""bel"",""l"","", "",""he "",""said.""]",12
1004,devtest,7,Siminoff said sales boosted after his 2013 appearance in a Shark Tank episode where the show panel declined funding the startup.,"[""S"",""im"",""in"",""of"",""f"","" "",""said "",""sal"",""es  "",""boos te"",""d "",""af te r"","" "",""hi s "",""2013 "",""appearan"",""c"",""e "",""in "",""a "",""Shark "",""T"",""ank "",""episode "",""wher"",""e "",""t"",""he "",""show"","" "",""panel"","" "",""dec"",""lined "",""fundin"",""g "",""t"",""he "",""st"",""artup.""]",40
1005,devtest,8,"In late 2017, Siminoff appeared on shopping television channel QVC.","[""In "",""la te  "",""2017, "",""Sim"",""in"",""of"",""f"","" "",""appeared "",""on "",""shoppin"",""g "",""te levision"","" "",""channel"","" "",""QVC.""]",17
1006,devtest,9,"Ring also settled a lawsuit with competing security company, the ADT Corporation.","[""R"",""in"",""g "",""also "",""set"",""tled "",""a "",""lawsuit"","" "",""wit"",""h "",""comp"",""eting "",""securit"",""y "",""comp"",""any, "",""t"",""he "",""ADT"","" "",""Cor"",""poration"","".""]",24
1007,devtest,10,"While one experimental vaccine appears able to reduce Ebola mortality, up until now, no drugs have been clearly demonstrated suitable for treating existing infection.","[""W"",""hi l"",""e "",""one "",""exper"",""im en t"",""al "",""vaccine "",""appears "",""able "",""t"",""o "",""red"",""uce "",""Ebola "",""mor"",""t"",""alit"",""y, "",""up "",""unt"",""il "",""now, "",""no "",""d ru gs "",""have "",""be en  "",""clearl"",""y "",""demon"",""st"",""ra te d "",""suit"",""able "",""for"","" "",""t"",""reating "",""exist"",""ing "",""infect"",""ion.""]",42
1008,devtest,11,"One antibody cocktail, ZMapp, initially showed promise in the field, but formal studies indicated it had less benefit than sought in preventing death.","[""On"",""e "",""ant"",""ibody "",""cock"",""tail, "",""ZMapp, "",""init"",""iall"",""y "",""show"",""ed "",""prom"",""ise "",""in "",""t"",""he "",""field, "",""but"","" "",""for"",""mal "",""st"",""udi es  "",""indica te d "",""it "",""had "",""l es s "",""b en efit"","" "",""t"",""han "",""sough"",""t"","" "",""in "",""prev en t"",""ing "",""deat"",""h.""]",40
1009,devtest,12,"In the PALM trial, ZMapp served as a control, meaning scientists used it as a baseline and compared the three other treatments to it.","[""In "",""t"",""he "",""PALM "",""t"",""rial, "",""ZMapp "",""ser"",""ved "",""as "",""a "",""cont"",""rol, "",""meaning "",""sci en t"",""ist"",""s "",""used "",""it "",""as "",""a "",""baseline "",""and "",""comp"",""ared "",""t"",""he "",""t"",""hree "",""ot"",""her "",""t"",""reatm en t"",""s "",""t"",""o "",""it.""]",37
1010,devtest,13,USA Gymnastics supports the United States Olympic Committee's letter and accepts the absolute need of the Olympic family to promote a safe environment for all of our athletes.,"[""U"",""S"",""A "",""Gymn"",""ast"",""ics "",""support"",""s "",""t"",""he "",""Uni te d "",""St"",""a te s "",""Olymp"",""ic "",""Comm"",""it te e'"",""s "",""let"",""te r "",""and "",""accept"",""s "",""t"",""he "",""absol"",""u te  "",""need "",""of "",""t"",""he "",""Olymp"",""ic "",""famil"",""y "",""t"",""o "",""prom"",""o te"","" "",""a "",""safe "",""en vironm"",""en t"","" "",""for"","" "",""all"","" "",""of "",""our "",""at"",""hle te s.""]",53
1011,devtest,14,"We agree with the USOC's statement that the interests of our athletes and clubs, and their sport, may be better served by moving forward with meaningful change within our organization, rather than decertification.","[""W"",""e "",""agr"",""ee "",""wit"",""h "",""t"",""he "",""USOC'"",""s "",""st"",""a te m en t"","" "",""t"",""hat "",""t"",""he "",""in te r"",""es t"",""s "",""of "",""our "",""at"",""hle te s "",""and "",""clubs, "",""and "",""t"",""heir "",""sport"","", "",""may "",""be "",""bet"",""te r "",""ser"",""ved "",""by "",""moving "",""for"",""ward "",""wit"",""h "",""meaningf"",""ul "",""change "",""wit"",""hi n "",""our "",""organizat"",""ion"","", "",""rat"",""her "",""t"",""han "",""dec"",""er"",""t"",""ification"","".""]",61
1012,devtest,15,USA Gymnastics supports an independent investigation that may shine light on how abuse of the proportion described so courageously by the survivors of Larry Nassar could have gone undetected for so long and embraces any necessary and appropriate changes.,"[""U"",""S"",""A "",""Gymn"",""ast"",""ics "",""support"",""s "",""an "",""indep en d en t"","" "",""inv es t"",""igation"","" "",""t"",""hat "",""may "",""s hi n"",""e "",""light"","" "",""on "",""how abuse "",""of "",""t"",""he "",""prop"",""ort"",""ion "",""d es c"",""ribed "",""so "",""cour"",""ag"",""eou"",""sl"",""y "",""by "",""t"",""he "",""sur"",""viv"",""or"",""s "",""of "",""Lar"",""ry "",""Nass"",""ar "",""could"","" "",""have "",""gone "",""unde te c te d "",""for"","" "",""so "",""lon"",""g "",""and "",""embr"",""ac es  "",""any "",""nec es s"",""ar"",""y "",""and "",""appr"",""op"",""r"",""ia te"","" "",""chang es.""]",73
1013,devtest,16,"USA Gymnastics and the USOC have the same goal — making the sport of gymnastics, and others, as safe as possible for athletes to follow their dreams in a safe, positive and empowered environment.","[""U"",""S"",""A "",""Gymn"",""ast"",""ics "",""and "",""t"",""he "",""USOC "",""have "",""t"",""he "",""same "",""goal "",""—"","" "",""making "",""t"",""he "",""sport"","" "",""of "",""gymnast"",""ics, "",""and "",""ot"",""hers, "",""as "",""safe "",""as "",""possib"",""le "",""for"","" "",""at"",""hle te s "",""t"",""o "",""foll"",""ow "",""t"",""heir "",""dreams "",""in "",""a "",""safe, "",""posit"",""ive "",""and "",""emp"",""owered "",""en vironm"",""en t"","".""]",55
1014,devtest,17,"Throughout 1960s, Brzezinski worked for John F. Kennedy as his advisor and then the Lyndon B. Johnson administration.","[""T"",""hr"",""ough"",""out"","" "",""1960s, "",""Br"",""zez"",""in"",""ski "",""wor"",""ked "",""for"","" "",""John"","" "",""F. "",""K en nedy "",""as "",""hi s "",""adv"",""isor"","" "",""and "",""t"",""h en  "",""t"",""he "",""Lyn"",""don"","" "",""B. "",""John"",""son"","" "",""admin"",""ist"",""ration"","".""]",39
1015,devtest,18,"During the 1976 selections he advised Carter on foreign policy, then served as National Security Advisor (NSA) from 1977 to 1981, succeeding Henry Kissinger.","[""D"",""ur"",""in"",""g "",""t"",""he "",""1976 "",""select"",""ions "",""he "",""adv"",""ised "",""Car"",""te r "",""on "",""for"",""eign"","" "",""pol"",""icy, "",""t"",""h en  "",""ser"",""ved "",""as "",""Nat"",""ion"",""al "",""Securit"",""y "",""Adv"",""isor"","" "",""(N"",""SA)"","" "",""from "",""1977 "",""t"",""o "",""1981, "",""succeedin"",""g "",""H en ry "",""Kiss"",""in"",""ger"","".""]",48
1016,devtest,19,"As NSA, he assisted Carter in diplomatically handling world affairs, such as the Camp David Accords, 1978; normalizing US–China relations thought the late 1970s; the Iranian Revolution, which led to the Iran hostage crisis, 1979; and the Soviet invasion in Afghanistan, 1979.","[""As"","" NSA, "",""he "",""ass"",""is te d "",""Car"",""te r "",""in "",""diplomat"",""icall"",""y "",""hand"",""l"",""in"",""g "",""wor"",""ld "",""aff"",""airs, "",""such "",""as "",""t"",""he "",""Camp"","" "",""David "",""Accor"",""ds, "",""1978; "",""nor"",""malizin"",""g "",""US"","""",""C hi na "",""rel"",""at"",""ion"",""s "",""t"",""hough"",""t "",""t"",""he "",""la te  "",""1970s; "",""t"",""he "",""Iranian"","" "",""Rev"",""olution"","", "",""w hi ch "",""led "",""t"",""o "",""t"",""he "",""Iran "",""host"",""age "",""crisis, "",""1979; "",""and "",""t"",""he "",""Soviet"","" "",""invasion"","" "",""in "",""Afghanist"",""an, "",""1979.""]",75
1017,devtest,20,"The movie, featuring Ryan Gosling and Emma Stone, received nominations in all major categories.","[""T"",""he "",""movie, "",""feat"",""uring "",""Ryan "",""Gosl"",""in"",""g "",""and "",""Emma "",""St"",""one, "",""recei"",""ved "",""nomination"",""s "",""in "",""all"","" "",""major"","" "",""ca te gori es.""]",23
1018,devtest,21,Gosling and Stone received nominations for Best Actor and Actress respectively.,"[""G"",""osl"",""in"",""g "",""and "",""St"",""one "",""recei"",""ved "",""nomination"",""s "",""for"","" "",""B es t"","" "",""Act"",""or "",""and "",""Act"",""r es s "",""r es pect"",""ivel"",""y.""]",23
1019,devtest,22,"The other nominations include Best Picture, Director, Cinematography, Costume Design, Film-editing, Original Score, Production Design, Sound Editing, Sound Mixing and Original Screenplay.","[""T"",""he "",""ot"",""her "",""nomination"",""s "",""incl"",""ude "",""B es t"","" "",""Pict"",""ure, "",""Direct"",""or, "",""Cinemat"",""og"",""raph"",""y, "",""Cost"",""ume "",""D es ign"","", "",""Film-"",""edit"",""ing, "",""Or"",""igin"",""al "",""Score, "",""Produc"",""t"",""ion"","" "",""D es ign"","", "",""Sound"","" "",""Edit"",""ing, "",""Sound"","" "",""Mixin"",""g "",""and "",""Or"",""igin"",""al "",""Scr"",""e en p"",""l"",""ay.""]",51
1020,devtest,23,"Two songs from the movie, Audition (The Fools Who Dream) and City of Stars, received nominations for best original song. Lionsgate studio received 26 nominations — more than any other studio.","[""T"",""wo "",""son"",""gs "",""from "",""t"",""he "",""movie, "",""Aud"",""it"",""ion"","" "",""(T"",""he "",""Fool"",""s "",""Who "",""Dream)"","" "",""and "",""Cit"",""y "",""of "",""St"",""ars, "",""recei"",""ved "",""nomination"",""s "",""for"","" "",""b es t"","" "",""origin"",""al "",""son"",""g. "",""Lion"",""sg"",""a te  "",""st"",""udio "",""recei"",""ved "",""26 "",""nomination"",""s "",""—"","" "",""mor"",""e "",""t"",""han "",""any "",""ot"",""her "",""st"",""udio.""]",58
1021,devtest,24,"Late on Sunday, the United States President Donald Trump, in a statement delivered via the press secretary, announced US troops would be leaving Syria.","[""L"",""a te  "",""on "",""Sun"",""day, "",""t"",""he "",""Uni te d "",""St"",""a te s "",""Pr es id"",""en t"","" "",""Donald "",""T"",""ru mp, "",""in "",""a "",""st"",""a te m en t"","" "",""deliver"",""ed "",""via "",""t"",""he "",""pr es s "",""secret"",""ary, "",""ann"",""ounc"",""ed "",""US "",""t"",""roop"",""s "",""would"","" "",""be "",""leaving "",""Syr"",""ia.""]",42
1022,devtest,25,The announcement was made after Trump had a phone conversation with Turkish President Recep Tayyip Erdoğan.,"[""T"",""he "",""ann"",""ounc"",""em en t"","" "",""was "",""made "",""af te r"","" "",""T"",""ru mp "",""had "",""a "",""phon"",""e "",""conv"",""er"",""sation"","" "",""wit"",""h "",""T"",""urkish "",""Pr es id en t"","" "",""Recep "",""T"",""ayyip "",""Erdoğan"","".""]",31
1023,devtest,26,"Turkey would also take over guarding captured ISIS fighters which, the statement said, European nations have refused to repatriate.","[""T"",""ur"",""key "",""would"","" "",""also "",""t"",""ake "",""over"","" "",""guard"",""in"",""g "",""cap"",""t"",""ured "",""ISIS "",""figh te r"",""s "",""w hi ch, "",""t"",""he "",""st"",""a te m en t"","" "",""said, "",""Europ"",""ean"","" "",""nat"",""ion"",""s "",""have "",""refused "",""t"",""o "",""repat"",""ria te.""]",38
1024,devtest,27,"This not only confirms that at least some dinosaurs had feathers, a theory already widespread, but provides details fossils generally cannot, such as color and three-dimensional arrangement.","[""T"",""hi s "",""not"","" "",""only "",""conf"",""irms "",""t"",""hat "",""at"","" "",""least"","" "",""som"",""e "",""din"",""osaur"",""s "",""had "",""feat"",""hers, "",""a "",""t"",""heory "",""alread"",""y "",""wid es pread"","", "",""but"","" "",""prov"",""id"",""es  "",""det"",""ails "",""fossil"",""s "",""g en er"",""all"",""y "",""cannot"","", "",""such "",""as "",""col"",""or "",""and "",""t"",""hree-"",""dim en sion"",""al "",""arr"",""ang"",""em en t"","".""]",55
1025,devtest,28,. Scientists say this animal's plumage was chestnut-brown on top with a pale or carotenoid-colored underside.,"["". "",""Sci en t"",""ist"",""s "",""say "",""t"",""hi s "",""animal'"",""s "",""plumag"",""e "",""was "",""ch es t"",""nut-"",""brow"",""n "",""on "",""t"",""op "",""wit"",""h "",""a "",""pale "",""or "",""car"",""o te noid-"",""col"",""ored "",""under"",""sid"",""e.""]",31
1026,devtest,29,The find also grants insight into the evolution of feathers in birds.,"[""T"",""he "",""fin"",""d "",""also "",""grant"",""s "",""insight"","" "",""int"",""o "",""t"",""he "",""evolution"","" "",""of "",""feat"",""hers "",""in "",""birds.""]",20
1027,devtest,30,"Because the dinosaur feathers do not have a well-developed shaft, called a rachis, but do have other features of feathers — barbs and barbules — the researchers inferred the rachis was likely a later evolutionary development that these other features.","[""B"",""ec"",""ause"","" "",""t"",""he "",""din"",""osaur"","" "",""feat"",""hers "",""do "",""not"","" "",""have "",""a "",""well"",""-"",""devel"",""oped "",""shaft"","", "",""call"",""ed "",""a "",""rac hi s, "",""but"","" "",""do "",""have "",""ot"",""her "",""feat"",""ur es  "",""of "",""feat"",""hers "",""—"","" "",""barb"",""s "",""and "",""barb"",""ul es  "",""—"","" "",""t"",""he "",""r es earch"",""er"",""s "",""infer"",""red "",""t"",""he "",""rac hi s "",""was "",""likel"",""y "",""a "",""la te r "",""evolution"",""ary "",""devel"",""opm en t"","" "",""t"",""hat "",""t"",""h es e "",""ot"",""her "",""feat"",""ur es.""]",74
1028,devtest,31,"The feathers' structure suggests that they were not used in flight but rather for temperature regulation or display. The researchers suggested that, even though this is the tail of a young dinosaur, the sample shows adult plumage and not a chick's down.","[""T"",""he "",""feat"",""hers'"","" "",""st"",""ru ct"",""ure "",""sugg es t"",""s "",""t"",""hat "",""t"",""hey "",""were "",""not"","" "",""used "",""in "",""flight"","" "",""but"","" "",""rat"",""her "",""for"","" "",""te mper"",""ature "",""regul"",""at"",""ion"","" "",""or "",""disp"",""lay. "",""T"",""he "",""r es earch"",""er"",""s "",""sugg es te d "",""t"",""hat, "",""ev en  "",""t"",""hough"","" "",""t"",""hi s "",""is "",""t"",""he "",""t"",""ail "",""of "",""a "",""young "",""din"",""osaur"","", "",""t"",""he "",""sampl"",""e "",""show"",""s "",""adult"","" "",""plumag"",""e "",""and "",""not"","" "",""a "",""c hi ck'"",""s "",""down"","".""]",79
1029,devtest,32,"The researchers suggested that, even though this is the tail of a young dinosaur, the sample shows adult plumage and not a chick's down.","[""T"",""he "",""r es ear"",""ch"",""er"",""s "",""sugg es te d "",""t"",""hat, "",""ev en  "",""t"",""hough"","" "",""t"",""hi s "",""is "",""t"",""he "",""t"",""ail "",""of "",""a "",""young "",""din"",""osaur"","", "",""t"",""he "",""sampl"",""e "",""show"",""s "",""adult"","" "",""plumag"",""e "",""and "",""not"","" "",""a "",""c hi ck'"",""s "",""down"","".""]",44
1030,devtest,33,"A car bomb detonated at police headquarters in Gaziantep, Turkey yesterday morning killed two police officers and injured more than twenty other people.","[""A "",""car"","" "",""bomb"","" "",""det"",""ona te d "",""at"","" "",""pol"",""ice "",""headquar te r"",""s "",""in "",""Gazian"",""te p"","", "",""T"",""urkey "",""y es te r"",""day "",""mor"",""ning "",""killed "",""t"",""wo "",""pol"",""ice "",""off"",""icer"",""s "",""and "",""injur"",""ed "",""mor"",""e "",""t"",""han "",""t"",""w en ty "",""ot"",""her "",""people.""]",43
1031,devtest,34,The governor's office said nineteen of the injured were police officers.,"[""T"",""he "",""governor"",""'"",""s "",""off"",""ice "",""said "",""nine te en  "",""of "",""t"",""he "",""injured "",""wer"",""e "",""pol"",""ice "",""off"",""icer"",""s.""]",20
1032,devtest,35,Police said they suspect an alleged Daesh (ISIL) militant of responsibility for the attack.,"[""P"",""ol"",""ice "",""said "",""t"",""hey "",""susp"",""ect"","" "",""an "",""all"",""eged "",""Da es h "",""(ISIL"","")"","" "",""mil"",""it"",""ant "",""of "",""r es pon"",""sib"",""ilit"",""y "",""for"","" "",""t"",""he "",""at"",""t"",""ack.""]",31
1033,devtest,36,"They found the Sun operated on the same basic principles as other stars: The activity of all stars in the system was found to be driven by their luminosity, their rotation, and nothing else.","[""T"",""hey "",""found"","" "",""t"",""he "",""Sun"","" "",""opera te d "",""on "",""t"",""he "",""same "",""basic "",""princip"",""l"",""es  "",""as "",""ot"",""her "",""st"",""ars: "",""T"",""he "",""act"",""ivity "",""of "",""all"","" "",""st"",""ars "",""in "",""t"",""he "",""sys te m"","" "",""was "",""found"","" "",""t"",""o "",""be "",""driv en  "",""by "",""t"",""heir "",""luminosit"",""y, "",""t"",""heir "",""rot"",""ation"","", "",""and "",""not"",""hi ng "",""else.""]",57
1034,devtest,37,"The luminosity and rotation are used together to determine a star's Rossby number, which is related to plasma flow.","[""T"",""he "",""luminosit"",""y "",""and "",""rot"",""ation"","" "",""are "",""used "",""t"",""ogether "",""t"",""o "",""de te rmin"",""e "",""a "",""st"",""ar's "",""Rossb"",""y "",""number"","", "",""w hi ch "",""is "",""rel"",""a te d "",""t"",""o "",""plasm"",""a "",""flow.""]",32
1035,devtest,38,"The smaller the Rossby number, the less active the star with respect to magnetic reversals.","[""T"",""he "",""small"",""er "",""t"",""he "",""Rossb"",""y "",""number"","", "",""t"",""he "",""l es s "",""act"",""ive "",""t"",""he "",""st"",""ar "",""wit"",""h "",""r es pect"","" "",""t"",""o "",""mag"",""netic "",""rev"",""er"",""sals.""]",30
1036,devtest,39,"During his trip, Iwasaki ran into trouble on many occasions.","[""D"",""ur"",""in"",""g "",""hi s "",""t"",""rip, "",""Iwasaki "",""ran "",""int"",""o "",""t"",""rouble "",""on "",""man"",""y "",""occasion"",""s.""]",18
1037,devtest,40,"He was robbed by pirates, attacked in Tibet by a rabid dog, escaped marriage in Nepal and was arrested in India.","[""H"",""e "",""was "",""robb"",""ed"","" "",""by "",""pira te s, "",""at"",""t"",""acked "",""in "",""T"",""ibet "",""by "",""a "",""rabid "",""dog, "",""es cap"",""ed "",""mar"",""r"",""iag"",""e "",""in "",""Nep"",""al "",""and "",""was "",""arr"",""es te d "",""in "",""India.""]",33
1038,devtest,41,The 802.11n standard operates on both the 2.4Ghz and 5.0Ghz frequencies.,"[""T"",""he "",""802.1"",""1n"","" "",""st"",""andard"","" "",""opera te s "",""on "",""bot"",""h "",""t"",""he "",""2.4"",""Ghz "",""and "",""5.0"",""Ghz "",""frequ en c"",""i es.""]",21
1039,devtest,42,"This will allow it to be backwards compatible with 802.11a, 802.11b and 802.11g, provided that the base station has dual radios.","[""T"",""hi s "",""will"","" "",""all"",""ow "",""it "",""t"",""o "",""be "",""back"",""w"",""ards "",""comp"",""atible "",""wit"",""h "",""802.1"",""1a, "",""802.1"",""1b"","" "",""and "",""802.1"",""1g, "",""prov"",""id"",""ed "",""t"",""hat "",""t"",""he "",""base "",""st"",""ation"","" "",""has "",""dual "",""radios.""]",39
1040,devtest,43,The speeds of 802.11n are substantially faster than that of its predecessors with a maximum theoretical throughput of 600Mbit/s.,"[""T"",""he "",""speed"",""s "",""of "",""802.1"",""1n"","" "",""are "",""sub"",""st"",""ant"",""iall"",""y "",""fas te r"","" "",""t"",""han "",""t"",""hat "",""of "",""its "",""pred"",""ec es s"",""or"",""s "",""wit"",""h "",""a "",""maximum "",""t"",""heoret"",""ical "",""t"",""hrough"",""put "",""of "",""600M"",""bit"",""/"",""s.""]",41
1041,devtest,44,"Duvall, who is married with two adult children, did not leave a big impression on Miller, to whom the story was related.","[""D"",""uv"",""al"",""l"","", "",""who "",""is "",""marr"",""ied"","" "",""wit"",""h "",""t"",""wo "",""adult"","" "",""c hi ldr"",""en, "",""did "",""not"","" "",""leave "",""a "",""big "",""impr"",""es sion"","" "",""on "",""Mil"",""ler, "",""t"",""o whom"","" "",""t"",""he "",""st"",""ory "",""was "",""rel"",""a te d.""]",40
1042,devtest,45,"When asked for comment, Miller said, ""Mike talks a lot during the hearing...I was getting ready so I wasn't really hearing what he was saying.""","[""W"",""h en  "",""asked "",""for"","" "",""comm"",""en t"","", "",""Mil"",""ler "",""said, "",""\"""",""Mike "",""t"",""alks "",""a "",""lot "",""during "",""t"",""he "",""hearing...I"","" "",""was "",""getting "",""read"",""y "",""so "",""I "",""wasn't"","" "",""reall"",""y "",""hear"",""ing "",""what "",""he "",""was "",""saying.\""""]",38
1043,devtest,46,"""We will endeavour to cut carbon dioxide emissions per unit of GDP by a notable margin by 2020 from the 2005 level,"" Hu said.","[""\"""",""W"",""e "",""will"","" "",""en deavou"",""r"","" "",""t"",""o "",""cut"","" "",""car"",""bon "",""dioxide "",""emission"",""s "",""per "",""unit"","" "",""of "",""GDP "",""by "",""a "",""not"",""able "",""mar"",""gin"","" "",""by "",""2020 "",""from "",""t"",""he "",""2005 "",""level"","",\"""","" "",""Hu "",""said.""]",40
1044,devtest,47,"He did not set a figure for the cuts, saying they will be made based on China's economic output.","[""H"",""e "",""did "",""not"","" "",""set"","" "",""a "",""figure "",""for"","" "",""t"",""he "",""cut"",""s, "",""saying "",""t"",""hey "",""will"","" "",""be "",""made "",""base"",""d "",""on "",""C hi na'"",""s "",""econom"",""ic "",""out"",""put.""]",31
1045,devtest,48,"Hu encouraged developing countries ""to avoid the old path of polluting first and cleaning up later.""","[""H"",""u "",""en courag"",""ed "",""devel"",""opin"",""g "",""count"",""ri es  "",""\"""",""t"",""o avoid "",""t"",""he "",""old "",""pat"",""h "",""of "",""pol"",""luting "",""first"","" "",""and "",""cleaning "",""up "",""la te r.\""""]",26
1046,devtest,49,"He added that ""they should not, however, be asked to take on obligations that go beyond their development stage, responsibility and capabilities.""","[""H"",""e "",""added "",""t"",""hat "",""\""t"",""hey "",""should"","" "",""not"","", "",""however"","", "",""be "",""asked "",""t"",""o "",""t"",""ake "",""on "",""obligat"",""ion"",""s "",""t"",""hat "",""go "",""beyon"",""d "",""t"",""heir "",""devel"",""opm en t"","" "",""st"",""age, "",""r es pon"",""sib"",""ilit"",""y "",""and "",""cap"",""abilit"",""i es.\""""]",43
1047,devtest,50,The Iraq Study Group presented its report at 12.00 GMT today.,"[""T"",""he "",""Iraq "",""St"",""udy "",""Group "",""pr es en te d "",""its "",""report"","" "",""at"","" "",""12.0"",""0 "",""GMT "",""t"",""oday.""]",17
1048,devtest,51,"It warns No one can guarantee that any course of action in Iraq at this point will stop sectarian warfare, growing violence, or a slide toward chaos.","[""It"","" "",""warns "",""No one "",""can "",""guaran te e "",""t"",""hat "",""any "",""cour"",""se "",""of "",""act"",""ion "",""in "",""Iraq "",""at"","" "",""t"",""hi s "",""point"","" "",""will"","" "",""st"",""op "",""sect"",""arian"","" "",""war"",""f"",""are, "",""grow"",""ing "",""viol"",""en ce, "",""or "",""a "",""slide "",""t"",""oward "",""chaos.""]",42
1049,devtest,52,The Report opens with plea for open debate and the formation of a consensus in the United States about the policy towards the Middle East.,"[""T"",""he "",""Report"","" "",""op en s "",""wit"",""h "",""plea "",""for"","" "",""op en  "",""deb"",""a te  "",""and "",""t"",""he "",""for"",""mation "",""of "",""a "",""cons en s"",""u"",""s "",""in "",""t"",""he "",""Uni te d "",""St"",""a te s "",""about"","" "",""t"",""he "",""pol"",""icy "",""t"",""owards "",""t"",""he "",""Mid"",""dl"",""e "",""East"","".""]",44
1050,devtest,53,The Report is highly critical of almost every aspect of the present policy of the Executive towards Iraq and it urges an immediate change of direction.,"[""T"",""he "",""Report"","" "",""is "",""hi ghl"",""y "",""crit"",""ical "",""of "",""almost"","" "",""ever"",""y "",""aspect"","" "",""of "",""t"",""he "",""pr es en t"","" "",""pol"",""icy "",""of "",""t"",""he "",""Execut"",""ive "",""t"",""owards "",""Iraq "",""and "",""it "",""urg es  "",""an "",""imm"",""ed"",""ia te  "",""change "",""of "",""direct"",""ion.""]",42
1051,devtest,54,First among its 78 recommendations is that a new diplomatic initiative should be taken before the end of this year to secure Iraq’s borders against hostile interventions and to re-establish diplomatic relations with its neighbors.,"[""F"",""ir"",""st"","" "",""among "",""its "",""78 "",""recomm"",""en dation"",""s "",""is "",""t"",""hat "",""a "",""new "",""diplomat"",""ic "",""init"",""iative "",""should"","" "",""be "",""t"",""ak en  "",""befor"",""e "",""t"",""he "",""en d "",""of "",""t"",""hi s "",""year "",""t"",""o "",""secure "",""Iraq"","""",""s "",""bor"",""ders "",""against"","" "",""host"",""ile "",""in te r"",""v en t"",""ions "",""and "",""t"",""o "",""re-"",""es t"",""ablish "",""diplomat"",""ic "",""rel"",""at"",""ions "",""wit"",""h "",""its "",""neighb"",""or"",""s.""]",65
1052,devtest,55,"Current senator and Argentine First Lady Cristina Fernandez de Kirchner announced her presidential candidacy yesterday evening in La Plata, a city 50 kilometers (31 miles) away from Buenos Aires.","[""C"",""u"",""r"",""r"",""en t"","" "",""s en at"",""or "",""and "",""Arg en t"",""ine "",""First"","" "",""Lady "",""Crist"",""ina "",""Fer"",""nandez "",""de "",""Kirchner"","" "",""ann"",""ounc"",""ed "",""her"","" "",""pr es id en t"",""ial "",""cand"",""idacy "",""y es te r"",""day "",""ev en ing "",""in "",""La "",""Plat"",""a, "",""a "",""cit"",""y "",""50 "",""kilome te rs "",""(31 "",""mil"",""es )"","" "",""away "",""fr"",""om "",""Bu en os "",""Air es.""]",51
1053,devtest,56,"Mrs. Kirchner announced her intention to run for president at the Argentine Theatre, the same location she used to start her 2005 campaign for the Senate as member of the Buenos Aires province delegation.","[""M"",""r"",""s. "",""Kirchner"","" "",""ann"",""ounc"",""ed "",""her"","" "",""in te nt"",""ion"","" "",""t"",""o "",""ru n "",""for"","" "",""pr es id en t"","" "",""at"","" "",""t"",""he "",""Arg en t"",""ine "",""T"",""heatre, "",""t"",""he "",""same "",""location"","" "",""she "",""used "",""t"",""o "",""st"",""art "",""her"","" "",""2005 "",""camp"",""aign"","" "",""for"","" "",""t"",""he "",""S en a te  "",""as "",""member"","" "",""of "",""t"",""he "",""Bu en os "",""Air es  "",""prov"",""ince "",""delegat"",""ion"","".""]",63
1054,devtest,57,"The debate was sparked by controversy over spending on relief and reconstruction in the wake Hurricane Katrina; which some fiscal conservatives have humorously labeled ""Bush's New Orleans Deal.""","[""T"",""he "",""deb"",""a te  "",""was "",""sparked "",""by "",""cont"",""rover"",""sy "",""over"","" "",""sp en ding "",""on "",""rel"",""ief "",""and "",""reconst"",""ru ct"",""ion "",""in "",""t"",""he "",""wake "",""Hur"",""rican"",""e "",""Kat"",""rina; "",""w hi ch "",""som"",""e "",""fisc"",""al "",""conser"",""vat"",""iv es  "",""have "",""hum"",""or"",""ou"",""sl"",""y "",""label"",""ed "",""\"""",""Bush'"",""s "",""New "",""Orlean"",""s "",""Deal.\""""]",52
1055,devtest,58,Liberal criticism of the reconstruction effort has focused on the awarding of reconstruction contracts to perceived Washington insiders.,"[""L"",""ib"",""er"",""al "",""crit"",""icism"","" "",""of "",""t"",""he "",""reconst"",""ru ct"",""ion "",""effor"",""t"","" "",""has "",""focused "",""on "",""t"",""he "",""awar"",""din"",""g "",""of "",""reconst"",""ru ct"",""ion "",""cont"",""ract"",""s "",""t"",""o "",""perceived "",""Was hi ngt"",""on "",""insider"",""s.""]",38
1056,devtest,59,Over four million people went to Rome to attend the funeral.,"[""Ov"",""er"","" "",""four"","" "",""mil"",""l"",""ion"","" "",""people "",""w en t"","" "",""t"",""o "",""Rome "",""t"",""o "",""at"",""te nd "",""t"",""he "",""funeral.""]",22
1057,devtest,60,The number of people present was so large that it was not possible for everybody to gain access to the funeral in St. Peter's Square.,"[""T"",""he "",""number"","" "",""of "",""people "",""pr es en t"","" "",""was "",""so "",""lar"",""ge "",""t"",""hat "",""it "",""was "",""not"","" "",""possib"",""le "",""for"","" "",""ever"",""yb"",""ody "",""t"",""o "",""gain "",""acc es s"","" "",""t"",""o "",""t"",""he "",""funeral "",""in "",""St"","". "",""Pe te r'"",""s "",""Square.""]",41
1058,devtest,61,Several large television screens were installed in various places in Rome to let the people watch the ceremony.,"[""S"",""e"",""v"",""er"",""al "",""lar"",""ge "",""te levision"","" "",""scr"",""e en s"","" "",""wer"",""e "",""inst"",""all"",""ed "",""in "",""various "",""plac es  "",""in "",""Rome "",""t"",""o "",""let"","" "",""t"",""he "",""people "",""wat"",""ch "",""t"",""he "",""cer"",""emony.""]",35
1059,devtest,62,"In many other cities of Italy and in the rest of the world, particularly in Poland, similar setups were made, which were viewed by a great number of people.","[""In "",""man"",""y "",""ot"",""her "",""cit"",""i es  "",""of "",""Italy "",""and "",""in "",""t"",""he "",""r es t"","" "",""of "",""t"",""he "",""wor"",""ld, "",""part"",""icul"",""arl"",""y "",""in "",""Pol"",""an"",""d, "",""sim"",""il"",""ar "",""set"",""ups "",""were "",""made, "",""w hi ch "",""were "",""view"",""ed "",""by "",""a "",""great"","" "",""number"","" "",""of "",""people.""]",47
1060,devtest,63,"Historians have criticized past FBI policies for focusing resources on cases which are easy to solve, especially stolen car cases, with the intent of boosting the agency's success rate.","[""H"",""ist"",""orian"",""s "",""have "",""crit"",""icized "",""past"","" "",""FBI "",""pol"",""ici es  "",""for"","" "",""focusing "",""r es our"",""c"",""es  "",""on "",""cas es  "",""w hi ch "",""are "",""easy "",""t"",""o "",""sol"",""ve, "",""es pecial"",""l"",""y "",""st"",""ol en  "",""car"","" "",""cas es, "",""wit"",""h "",""t"",""he "",""in te nt"","" "",""of "",""boost"",""ing "",""t"",""he "",""ag en cy'"",""s "",""succ es s"","" "",""ra te.""]",51
1061,devtest,64,Congress began funding the obscenity initiative in fiscal 2005 and specified that the FBI must devote 10 agents to adult pornography.,"[""C"",""ong"",""r"",""es s"","" "",""began "",""fundin"",""g "",""t"",""he "",""obsc en it"",""y "",""init"",""iative "",""in "",""fisc"",""al "",""200"",""5 "",""and "",""specified "",""t"",""hat "",""t"",""he "",""FBI "",""must"","" "",""devo te  "",""10 "",""ag en t"",""s "",""t"",""o "",""adult"","" "",""pornog"",""raph"",""y.""]",39
1062,devtest,65,"Robin Uthappa made the innings highest score, 70 runs in just 41 balls by hitting 11 fours and 2 sixes.","[""R"",""ob"",""in"","" "",""Ut"",""happa "",""made "",""t"",""he "",""innings "",""hi gh es t"","" "",""score, "",""70 "",""ru ns "",""in "",""just"","" "",""41 "",""ball"",""s "",""by "",""hi tting "",""11 "",""four"",""s "",""and "",""2 "",""six es.""]",29
1063,devtest,66,"Middle order batsmen, Sachin Tendulkar and Rahul Dravid, performed well and made a hundred-run partnership.","[""M"",""id"",""dl"",""e "",""order"","" "",""bat"",""sm"",""en, "",""Sac hi n "",""T"",""en dulkar "",""and "",""Rahul "",""Dravid, "",""perfor"",""med"","" "",""well"","" "",""and "",""made "",""a "",""hundr"",""ed-"",""ru n "",""part"",""ners hi p.""]",28
1064,devtest,67,"But, after losing the captain's wicket India only made 36 runs loosing 7 wickets to end the innings.","[""B"",""u"",""t"","", "",""af te r"","" "",""losing "",""t"",""he "",""cap"",""t"",""ain'"",""s "",""wicket"","" "",""India "",""only "",""made "",""36 "",""ru ns "",""loosing "",""7 "",""wicket"",""s "",""t"",""o "",""en d "",""t"",""he "",""innings.""]",30
1065,devtest,68,"U.S. President George W. Bush arrived in Singapore the morning of November 16, beginning a week-long tour of Asia.","[""U"","".S"","". "",""Pr es id"",""en t"","" "",""Geor"",""ge "",""W. "",""Bush "",""arr"",""ived "",""in "",""Sin"",""gapore "",""t"",""he "",""mor"",""ning "",""of "",""November"","" "",""16, "",""beginn"",""ing "",""a "",""week-"",""lon"",""g "",""t"",""our "",""of "",""Asia.""]",33
1066,devtest,69,He was greeted by Singapore's Deputy Prime Minister Wong Kan Seng and discussed trade and terrorism issues with the Singapore Prime Minister Lee Hsien Loong.,"[""H"",""e "",""was "",""gree te d "",""by "",""Sin"",""gapore'"",""s "",""Deputy "",""Prime "",""Min"",""is te r"","" "",""Wong "",""Kan "",""S en g"","" "",""and "",""disc"",""uss"",""ed "",""t"",""rade "",""and "",""te rr"",""orism"","" "",""iss"",""u es  "",""wit"",""h "",""t"",""he "",""Sin"",""gapore "",""Prime "",""Min"",""is te r"","" "",""Lee "",""Hsi en  "",""Loon"",""g.""]",43
1067,devtest,70,"After a week of losses in the midterm election, Bush told an audience about the expansion of trade in Asia.","[""Af"",""te r"","" "",""a "",""week "",""of "",""loss es  "",""in "",""t"",""he "",""mid"",""te r"",""m "",""elect"",""ion, "",""Bush "",""t"",""old "",""an "",""aud"",""i en c"",""e "",""about"","" "",""t"",""he "",""expansion"","" "",""of "",""t"",""rade "",""in "",""Asia.""]",33
1068,devtest,71,"Prime Minister Stephen Harper has agreed to send the government's 'Clean Air Act' to an all-party committee for review, before its second reading, after Tuesday's 25 minute meeting with NDP leader Jack Layton at the PMO.","[""P"",""r"",""im"",""e "",""Min"",""is te r"","" "",""S te ph en  "",""Har"",""per"","" "",""has "",""agr"",""eed "",""t"",""o "",""s en d "",""t"",""he "",""governm en t"",""'"",""s "",""'Clean "",""Air "",""Act"",""' "",""t"",""o "",""an "",""all"",""-"",""part"",""y "",""comm"",""it te e "",""for"","" "",""rev"",""iew"","", "",""befor"",""e "",""its "",""second"","" "",""read"",""ing, "",""af te r"","" "",""T"",""u es d"",""ay'"",""s "",""25 "",""min"",""u te  "",""meet"",""ing "",""wit"",""h "",""NDP "",""leader"","" "",""Jack"","" "",""Layt"",""on "",""at"","" "",""t"",""he "",""PMO.""]",72
1069,devtest,72,"Layton had asked for changes to the conservatives' environmental bill during the meeting with the PM, asking for a ""thorough and complete rewriting"" of the Conservative party's environmental bill.","[""L"",""ayt"",""on "",""had "",""asked "",""for"","" "",""chang es  "",""t"",""o "",""t"",""he "",""conser"",""vat"",""iv es '"","" "",""en vironm en t"",""al "",""bill"","" "",""during "",""t"",""he "",""meeting "",""wit"",""h "",""t"",""he "",""PM, "",""asking "",""for"","" "",""a "",""\"""",""t"",""horough"","" "",""and "",""comp"",""l"",""e te  "",""rewr"",""it"",""ing\"""","" "",""of "",""t"",""he "",""Conser"",""vat"",""ive "",""part"",""y'"",""s "",""en vironm en t"",""al "",""bill"","".""]",58
1070,devtest,73,"Ever since the Federal Government stepped in to take over funding of the Mersey hospital in Devonport, Tasmania, the state government and some federal MPs have criticised this act as a stunt in the prelude to the federal election to be called by November.","[""E"",""v"",""er"","" "",""sin"",""ce "",""t"",""he "",""Feder"",""al "",""Governm en t"","" "",""s te pped "",""in "",""t"",""o "",""t"",""ake "",""over"","" "",""funding "",""of "",""t"",""he "",""Mer"",""sey "",""hospit"",""al "",""in "",""Devonp"",""ort"","", "",""T"",""asmania, "",""t"",""he "",""st"",""a te  "",""governm en t"","" "",""and "",""som"",""e "",""feder"",""al "",""MPs "",""have "",""crit"",""icised "",""t"",""hi s "",""act"","" "",""as "",""a "",""st"",""unt "",""in "",""t"",""he "",""prel"",""ude "",""t"",""o "",""t"",""he "",""feder"",""al "",""elect"",""ion "",""t"",""o "",""be "",""call"",""ed "",""by "",""November"","".""]",78
1071,devtest,74,"But Prime Minister John Howard has said the act was only to safeguard the facilities of the hospital from being downgraded by the Tasmanian government, in giving an extra AUD$45 million.","[""B"",""u"",""t"","" "",""Prime "",""Min"",""is te r"","" "",""John"","" "",""Howard "",""has "",""said "",""t"",""he "",""act"","" "",""was "",""only "",""t"",""o "",""safeguard"","" "",""t"",""he "",""facilit"",""i es  "",""of "",""t"",""he "",""hospit"",""al "",""from "",""being "",""down"",""gr"",""aded "",""by "",""t"",""he "",""T"",""asmanian"","" "",""governm en t"","", "",""in "",""giving "",""an "",""ext"",""ra "",""AUD"",""$45 "",""mil"",""lion"","".""]",55
1072,devtest,75,"According to the latest bulletin, sea level readings indicated a tsunami was generated. There was some definite tsunami activity recorded near Pago Pago and Niue.","[""Ac"",""c"",""or"",""din"",""g "",""t"",""o "",""t"",""he "",""la te st"","" "",""bull"",""etin, "",""sea "",""level"","" "",""read"",""ings "",""indica te d "",""a "",""t"",""sunami "",""was "",""g en er"",""a te d. "",""T"",""here "",""was "",""som"",""e "",""defin"",""i te  "",""t"",""sunami "",""act"",""ivity "",""recor"",""ded "",""near"","" "",""Pago "",""Pago "",""and "",""Niue.""]",44
1073,devtest,76,"No major damage or injuries have been reported in Tonga, but power was temporarily lost, which reportedly prevented Tongan authorities from receiving the tsunami warning issued by the PTWC.","[""N"",""o "",""major"","" "",""damag"",""e "",""or "",""injuri es  "",""have "",""be en  "",""repor te"",""d "",""in "",""T"",""onga, "",""but"","" "",""power "",""was "",""te mporaril"",""y "",""lost"","", "",""w hi ch "",""repor te"",""dl"",""y "",""prev en te d "",""T"",""ongan "",""aut"",""horit"",""i es  "",""from "",""recei"",""vin"",""g "",""t"",""he "",""t"",""sunami "",""war"",""ning "",""iss"",""ued "",""by "",""t"",""he "",""PTWC.""]",49
1074,devtest,77,Fourteen schools in Hawaii located on or near coastlines were closed all of Wednesday despite the warnings being lifted.,"[""F"",""ou"",""r"",""te"",""en  "",""school"",""s "",""in "",""Haw"",""aii "",""loca te d "",""on "",""or "",""near "",""coast"",""lin es  "",""were "",""close"",""d "",""all"","" "",""of "",""Wedn es d"",""ay "",""d es pi te  "",""t"",""he "",""war"",""nings "",""being "",""lif te d.""]",31
1075,devtest,78,U.S. President George W. Bush welcomed the announcement.,"[""U"","".S"","". "",""Pr es id"",""en t"","" "",""Geor"",""ge "",""W. "",""Bush "",""welcomed "",""t"",""he "",""ann"",""ounc"",""em en t"","".""]",17
1076,devtest,79,"Bush spokesman Gordon Johndroe called North Korea's pledge ""a major step towards the goal of achieving the verifiable denuclearization of the Korean peninsula.""","[""B"",""u"",""sh"","" "",""spok es m"",""an"","" "",""Gor"",""don"","" "",""John"",""droe "",""call"",""ed "",""Nor"",""t"",""h "",""Kor"",""ea'"",""s "",""pled"",""ge "",""\"""",""a "",""major"","" "",""s te p "",""t"",""owards "",""t"",""he "",""goal "",""of "",""ac hi eving "",""t"",""he "",""ver"",""ifiab"",""le "",""d en ucl"",""ear"",""izat"",""ion"","" "",""of "",""t"",""he "",""Kor"",""ean"","" "",""p en insu"",""la.\""""]",52
1077,devtest,80,"The tenth named storm of the Atlantic Hurricane season, Subtropical Storm Jerry, formed in the Atlantic Ocean today.","[""T"",""he "",""te nt"",""h "",""named "",""st"",""orm "",""of "",""t"",""he "",""At"",""lantic "",""Hur"",""ricane "",""season"","", "",""Sub"",""t"",""rop"",""ical "",""St"",""orm "",""Jer"",""ry, "",""for"",""med"","" "",""in "",""t"",""he "",""At"",""lant"",""ic "",""Ocean"","" "",""t"",""oday.""]",37
1078,devtest,81,The National Hurricane Center (NHC) says that at this point Jerry poses no threat to land.,"[""T"",""he "",""Nat"",""ional "",""Hur"",""rican"",""e "",""C en te r"","" "",""(N"",""HC"","")"","" "",""says "",""t"",""hat "",""at"","" "",""t"",""hi s "",""point"","" "",""Jer"",""ry "",""pos es  "",""no "",""t"",""hreat "",""t"",""o "",""land.""]",31
1079,devtest,82,The U.S. Corps of Engineers estimated that 6 inches of rainfall could breach the previously damaged levees.,"[""T"",""he "",""U.S"","". "",""Cor"",""ps "",""of "",""Engin"",""eer"",""s "",""es t"",""ima te d "",""t"",""hat "",""6 "",""inch es  "",""of "",""rainfall"","" "",""could"","" "",""breach "",""t"",""he "",""previousl"",""y "",""damag"",""ed "",""leve es.""]",29
1080,devtest,83,"The Ninth Ward, which saw flooding as high as 20 feet during Hurricane Katrina, is currently in waist-high water as the nearby levee was overtopped.","[""T"",""he "",""Nint"",""h "",""War"",""d, "",""w hi ch "",""saw "",""flood"",""in"",""g "",""as "",""hi gh "",""as "",""20 "",""feet"","" "",""during "",""Hur"",""ricane "",""Kat"",""rina, "",""is "",""cur"",""r en t"",""ly "",""in "",""waist"",""-"",""hi gh "",""wa te r "",""as "",""t"",""he "",""nearby "",""levee "",""was "",""over"",""t"",""opped"","".""]",41
1081,devtest,84,Water is spilling over the levee in a section 100 feet wide.,"[""W"",""a te r"","" "",""is "",""spill"",""in"",""g "",""over"","" "",""t"",""he "",""levee "",""in "",""a "",""sect"",""ion "",""100 "",""feet"","" "",""wide.""]",20
1082,devtest,85,Commons Administrator Adam Cuerden expressed his frustration over the deletions when he spoke to Wikinews last month.,"[""C"",""om"",""m"",""on"",""s "",""Admin"",""ist"",""rator"","" "",""Adam "",""Cuer"",""d en  "",""expr"",""es sed "",""hi s "",""f ru st"",""ration"","" "",""over"","" "",""t"",""he "",""deletions "",""wh en  "",""he "",""spoke "",""t"",""o "",""Wikinew"",""s "",""last"","" "",""mon"",""t"",""h.""]",35
1083,devtest,86,"""He [Wales] basically lied to us from the start. First, by acting as if this was for legal reasons. Second, by pretending he was listening to us, right up to his art deletion.""","[""\"""",""H"",""e "",""[Wal"",""es ]"","" "",""basicall"",""y "",""lied "",""t"",""o "",""us "",""from "",""t"",""he "",""st"",""art. "",""First"","", "",""by "",""act"",""ing "",""as "",""if t"",""hi s "",""was "",""for"","" "",""legal "",""reason"",""s. "",""Second"","", "",""by "",""pre te ndin"",""g "",""he "",""was "",""lis te ning "",""t"",""o "",""us, "",""right"","" "",""up "",""t"",""o "",""hi s "",""art"","" "",""deletion.\""""]",51
1084,devtest,87,The community irritation led to current efforts to draft a policy regarding sexual content for the site which hosts millions of openly-licensed media.,"[""T"",""he "",""comm"",""unit"",""y "",""irr"",""it"",""ation"","" "",""led "",""t"",""o "",""cur"",""r en t"","" "",""effor"",""t"",""s "",""t"",""o "",""draft"","" "",""a "",""policy "",""regard"",""in"",""g "",""sexual "",""con te"",""nt"","" "",""for"","" "",""t"",""he "",""si te  "",""w hi ch "",""host"",""s "",""mil"",""lion"",""s "",""of "",""op en l"",""y-"",""lic en sed "",""med"",""ia.""]",48
1085,devtest,88,"The work done was mostly theoretical, but the program was written to simulate observations made of the Sagittarius galaxy.","[""T"",""he "",""wor"",""k "",""done "",""was "",""most"",""ly "",""t"",""heoret"",""ical, "",""but"","" "",""t"",""he "",""program"","" "",""was "",""writ"",""te n "",""t"",""o "",""sim"",""ula te  "",""obser"",""vat"",""ion"",""s "",""made "",""of "",""t"",""he "",""Sagit"",""tarius "",""gal"",""axy.""]",36
1086,devtest,89,The effect the team was looking for would be caused by tidal forces between the galaxy's dark matter and the Milky Way's dark matter.,"[""T"",""he "",""effect"","" "",""t"",""he "",""te am "",""was "",""looking "",""for"","" "",""would"","" "",""be "",""cause"",""d "",""by "",""t"",""idal "",""for"",""c es  "",""bet"",""we en  "",""t"",""he "",""gal"",""axy'"",""s "",""dark "",""mat"",""te r "",""and "",""t"",""he "",""Mil"",""ky "",""Way'"",""s "",""dark "",""mat"",""te r.""]",41
1087,devtest,90,"Just like the moon exerts a pull on the earth, causing tides, so does the Milky Way exert a force on the Sagittarius galaxy.","[""Just"","" "",""like "",""t"",""he "",""moon "",""exer"",""t"",""s "",""a "",""pull"","" "",""on "",""t"",""he "",""eart"",""h, "",""causing "",""t"",""id es, "",""so "",""do es  "",""t"",""he "",""Mil"",""ky "",""Way "",""exer"",""t"","" "",""a "",""for"",""ce "",""on "",""t"",""he "",""Sagit"",""tarius "",""gal"",""axy.""]",40
1088,devtest,91,The scientists were able to conclude that the dark matter affect other dark matter in the same way regular matter does.,"[""T"",""he "",""sci en t"",""ist"",""s "",""were "",""able "",""t"",""o "",""conc"",""lude "",""t"",""hat "",""t"",""he "",""dark "",""mat"",""te r "",""aff"",""ect"","" "",""other "",""dark "",""mat"",""te r "",""in "",""t"",""he "",""same "",""way "",""regul"",""ar "",""mat"",""te r "",""do es.""]",35
1089,devtest,92,"This theory says that most dark matter around a galaxy is located around a galaxy in a kind of halo, and is made of lots of small particles.","[""T"",""hi s "",""t"",""heory "",""says "",""t"",""hat "",""most"","" "",""dark "",""mat"",""te r "",""around"","" "",""a "",""gal"",""axy "",""is "",""loca te d "",""around"","" "",""a "",""gal"",""axy "",""in "",""a "",""kind "",""of "",""hal"",""o, "",""and "",""is "",""made "",""of "",""lots "",""of "",""small"","" "",""part"",""icl es.""]",40
1090,devtest,93,Television reports show white smoke coming from the plant.,"[""T"",""elevision"","" "",""rep"",""ort"",""s "",""show"","" "",""w hi te  "",""smoke "",""coming "",""fr"",""om "",""t"",""he "",""plan"",""t"","".""]",18
1091,devtest,94,"Local authorities are warning residents in the vicinity of the plant to stay indoors, turn off air-conditioners and not to drink tap water.","[""L"",""oc"",""al"","" "",""aut"",""horit"",""i es  "",""are "",""war"",""ning "",""r es id en t"",""s "",""in "",""t"",""he "",""vicinit"",""y "",""of "",""t"",""he "",""plan"",""t"","" "",""t"",""o "",""st"",""ay "",""indoors, "",""t"",""urn "",""off"","" "",""air-"",""condit"",""ion"",""er"",""s "",""and "",""not"","" "",""t"",""o "",""drink "",""t"",""ap "",""wa te r.""]",46
1092,devtest,95,"According to Japan's nuclear agency, radioactive caesium and iodine has been identified at the plant.","[""Ac"",""c"",""or"",""din"",""g "",""t"",""o "",""Japan"",""'"",""s "",""nucl"",""ear"","" "",""ag en cy, "",""radioact"",""ive "",""ca es ium"","" "",""and "",""iodin"",""e "",""has "",""be en  "",""id en t"",""ified "",""at"","" "",""t"",""he "",""plan"",""t"","".""]",32
1093,devtest,96,Authorities speculate that this indicates that containers holding uranium fuel at the site may have ruptured and are leaking.,"[""Au"",""t"",""hor"",""it"",""i es  "",""specula te  "",""t"",""hat "",""t"",""hi s "",""indica te s "",""t"",""hat "",""cont"",""ainers "",""hol"",""din"",""g "",""uranium"","" "",""fuel"","" "",""at"","" "",""t"",""he "",""si te  "",""may "",""have "",""ru ptured "",""and "",""are "",""leaking.""]",33
1094,devtest,97,Dr. Tony Moll discovered the Extremely Drug Resistant Tuberculosis (XDR-TB) in the South African region KwaZulu-Natal.,"[""D"",""r"","". "",""T"",""ony "",""Mol"",""l"","" "",""disc"",""over"",""ed "",""t"",""he "",""Ext"",""rem"",""el"",""y "",""D ru g "",""R es ist"",""ant"","" "",""T"",""uberculosis "",""(XDR"",""-"",""T"",""B) "",""in "",""t"",""he "",""Sout"",""h "",""Afr"",""ican"","" "",""region"","" "",""KwaZulu-"",""Nat"",""al.""]",40
1095,devtest,98,"In an interview, he said the new variant was ""very highly troubling and alarming because of the very high fatality rate.""","[""In "",""an "",""in te r"",""view"","", "",""he "",""said "",""t"",""he "",""new "",""varian"",""t"","" "",""was "",""\"""",""ver"",""y "",""hi ghl"",""y "",""t"",""roublin"",""g "",""and "",""alar"",""min"",""g "",""because"","" "",""of "",""t"",""he "",""ver"",""y "",""hi gh "",""fat"",""ality "",""ra te.\""""]",37
1096,devtest,99,"Some patients might have contracted the bug in the hospital, Dr. Moll thinks, and at least two were hospital health workers.","[""S"",""om"",""e "",""pat"",""i en ts "",""might"","" "",""have "",""cont"",""rac te d "",""t"",""he "",""bug "",""in "",""t"",""he "",""hospit"",""al, "",""Dr. "",""Mol"",""l"","" "",""t"",""hi nks, "",""and "",""at"","" "",""least"","" "",""t"",""wo "",""were "",""hospit"",""al "",""healt"",""h "",""wor"",""kers.""]",38
1097,devtest,100,"In one year's time, an infected person may infect 10 to 15 close contacts.","[""In "",""one "",""year"",""'"",""s "",""t"",""ime, "",""an "",""infec te d "",""person"","" "",""may "",""infect"","" "",""10 "",""t"",""o "",""15 "",""close"","" "",""cont"",""acts.""]",22
1098,devtest,101,"However, the percentage of XDR-TB in the entire group of people with tuberculosis still seems to be low; 6,000 of the total 330,000 people infected at any particular moment in South Africa.","[""H"",""ow"",""ever"","", "",""t"",""he "",""perc en t"",""age "",""of "",""XDR-"",""T"",""B "",""in "",""t"",""he "",""en t"",""ire "",""group "",""of "",""people "",""wit"",""h "",""t"",""uberculosis "",""st"",""ill"","" "",""see"",""ms "",""t"",""o "",""be "",""low; "",""6,0"",""00 "",""of "",""t"",""he "",""t"",""otal "",""330,0"",""00 "",""people "",""infec te d "",""at"","" "",""any "",""part"",""icul"",""ar "",""mom en t"","" "",""in "",""Sout"",""h "",""Afr"",""ica.""]",57
1099,devtest,102,"The satellites, both of which weighed in excess of 1,000 pounds, and traveling at approximately 17,500 miles per hour, collided 491 miles above the Earth.","[""T"",""he "",""sa te ll"",""i te s, "",""bot"",""h "",""of "",""w hi ch "",""weighed "",""in "",""exc"",""es s "",""of "",""1,0"",""00 "",""pound"",""s, "",""and "",""t"",""ravel"",""ing "",""at"","" "",""appr"",""oxima te l"",""y "",""17,5"",""00 "",""mil"",""es  "",""per "",""hour, "",""col"",""l"",""ided "",""491 "",""mil"",""es  "",""above "",""t"",""he "",""Eart"",""h.""]",43
1100,devtest,103,Scientists say the explosion caused by the collision was massive.,"[""S"",""c"",""i en t"",""ist"",""s "",""say "",""t"",""he "",""explosion"","" "",""cause"",""d "",""by "",""t"",""he "",""col"",""l"",""ision"","" "",""was "",""mass"",""ive.""]",22
1101,devtest,104,They are still trying to determine just how large the crash was and how the Earth will be affected.,"[""T"",""hey "",""are "",""st"",""ill "",""t"",""rying "",""t"",""o "",""de te rmin"",""e "",""just"","" "",""how lar"",""ge "",""t"",""he "",""crash "",""was "",""and "",""how t"",""he "",""Eart"",""h "",""will"","" "",""be "",""aff"",""ec te d.""]",29
1102,devtest,105,The United States Strategic Command of the U.S. Department of Defense office is tracking the debris.,"[""T"",""he "",""Uni te d "",""St"",""a te s "",""St"",""ra te gic "",""Comm"",""and "",""of "",""t"",""he "",""U.S"","". "",""Depart"",""m en t"","" "",""of "",""Def en se "",""off"",""ice "",""is "",""t"",""racking "",""t"",""he "",""deb"",""ris.""]",28
1103,devtest,106,The result of plotting analysis will be posted to a public website.,"[""T"",""he "",""r es ult"","" "",""of "",""plotting "",""anal"",""ysis "",""will"","" "",""be "",""pos te"",""d "",""t"",""o "",""a "",""public"","" "",""websi te.""]",19
1104,devtest,107,"A doctor who worked at Children's Hospital of Pittsburgh, Pennsylvania will be charged with aggravated murder after her mother was found dead in the trunk of her car Wednesday, authorities in Ohio say.","[""A "",""doct"",""or "",""who "",""wor"",""ked "",""at"","" "",""C hi ldr"",""en '"",""s "",""Hospit"",""al "",""of "",""Pit"",""tsb"",""ur"",""gh"","", "",""P en n"",""sylvan"",""ia "",""will"","" "",""be "",""char"",""ged "",""wit"",""h "",""aggr"",""av"",""a te d "",""murd"",""er"","" "",""af te r"","" "",""her"","" "",""mot"",""her "",""was "",""found"","" "",""dead "",""in "",""t"",""he "",""t"",""ru nk "",""of "",""her"","" "",""car"","" "",""Wedn es d"",""ay, "",""aut"",""horit"",""i es  "",""in "",""O hi o "",""say.""]",63
1105,devtest,108,"Dr. Malar Balasubramanian, 29, was found in Blue Ash, Ohio, a suburb approximately 15 miles north of Cincinnati lying on the ground beside the road in a T-shirt and underwear in an apparently heavily medicated state.","[""D"",""r"","". "",""Mal"",""ar"","" "",""Balasub"",""ramanian"","", "",""29, "",""was "",""found"","" "",""in "",""Blue "",""Ash, "",""O hi o, "",""a "",""sub"",""ur"",""b"","" "",""appr"",""oxima te l"",""y "",""15 "",""mil"",""es  "",""nor"",""t"",""h "",""of "",""Cinc"",""inn"",""at"",""i "",""lying "",""on "",""t"",""he "",""ground"","" "",""b es ide "",""t"",""he "",""road "",""in "",""a "",""T"",""-"",""s hi rt"","" "",""and "",""under"",""w"",""ear "",""in "",""an "",""appar"",""en t"",""ly "",""heavil"",""y "",""med"",""ica te d "",""st"",""a te.""]",67
1106,devtest,109,She directed officers to her black Oldsmobile Intrigue which was 500 feet away.,"[""S"",""he "",""direc te d "",""off"",""icer"",""s "",""t"",""o "",""her"","" "",""black"","" "",""Oldsm"",""ob"",""ile "",""Int"",""rigue "",""w hi ch "",""was "",""500 "",""feet"","" "",""away.""]",23
1107,devtest,110,"There, they found the body of Saroja Balasubramanian, 53, covered with blood-stained blankets.","[""T"",""her"",""e, "",""t"",""hey "",""found"","" "",""t"",""he "",""body "",""of "",""Sar"",""oja "",""Balasub"",""ramanian"","", "",""53, "",""cover"",""ed "",""wit"",""h "",""blood"",""-"",""st"",""ained "",""blank"",""et"",""s.""]",28
1108,devtest,111,Police said that the body appeared to have been there for about a day.,"[""P"",""ol"",""ice "",""said "",""t"",""hat "",""t"",""he "",""body "",""appeared "",""t"",""o "",""have "",""be en  "",""t"",""here "",""for"","" "",""about"","" "",""a "",""day.""]",22
1109,devtest,112,The first cases of the disease this season were reported in late July.,"[""T"",""he "",""first"","" "",""cas es  "",""of "",""t"",""he "",""disease"","" "",""t"",""hi s "",""season"","" "",""were "",""repor te"",""d "",""in "",""la te  "",""Jul"",""y.""]",21
1110,devtest,113,"The disease is carried by pigs, which then migrates to humans through mosquitos.","[""T"",""he "",""disease"","" "",""is "",""car"",""ried "",""by "",""pigs, "",""w hi ch "",""t"",""h en  "",""migra te s "",""t"",""o "",""hum"",""an"",""s "",""t"",""hrough"","" "",""mosquit"",""os.""]",23
1111,devtest,114,"The outbreak has prompted the Indian government to undertake such measures as deployment of pig catchers in seriously affected areas, distributing thousands of mosquito curtains and spraying pesticides.","[""T"",""he "",""out"",""break "",""has "",""prom"",""p"",""te d "",""t"",""he "",""Indian"","" "",""governm en t"","" "",""t"",""o "",""under"",""t"",""ake "",""such "",""measur"",""es  "",""as "",""deploym en t"","" "",""of "",""pig "",""cat"",""cher"",""s "",""in "",""ser"",""iousl"",""y "",""aff"",""ec te d "",""areas, "",""dist"",""ribut"",""ing "",""t"",""housands "",""of "",""mosquit"",""o "",""cur"",""t"",""ains "",""and "",""spraying "",""p es t"",""icid es.""]",52
1112,devtest,115,"Several million vials of encephalitis vaccine have also been promised by the government, which will help prepare health agencies for next year.","[""S"",""e"",""v"",""er"",""al "",""mil"",""l"",""ion"","" "",""vials "",""of "",""en ceph"",""alit"",""is "",""vaccine "",""have "",""also "",""be en  "",""prom"",""ised "",""by "",""t"",""he "",""governm en t"","", "",""w hi ch "",""will"","" "",""hel"",""p "",""prep"",""are "",""healt"",""h "",""ag en ci es  "",""for"","" "",""next"","" "",""year"","".""]",41
1113,devtest,116,Plans for vaccines to be delivered to the historically most affected areas this year were delayed due to lack of funds and low prioritisation relative to other diseases.,"[""P"",""l"",""an"",""s "",""for"","" "",""vaccin es  "",""t"",""o "",""be "",""deliver"",""ed "",""t"",""o "",""t"",""he "",""hi st"",""oricall"",""y "",""most"","" "",""aff"",""ec te d "",""areas "",""t"",""hi s "",""year "",""were "",""delayed "",""due "",""t"",""o "",""lack "",""of "",""funds "",""and "",""low "",""prior"",""it"",""isat"",""ion"","" "",""rel"",""at"",""ive "",""t"",""o "",""ot"",""her "",""diseas es.""]",50
1114,devtest,117,"In 1956 Słania moved to Sweden, where three years later he began work for the Swedish Post Office and became their chief engraver.","[""In "",""1956 "",""Słan"",""ia "",""moved "",""t"",""o "",""Swed en, "",""wher"",""e "",""t"",""hree "",""year"",""s "",""la te r "",""he "",""began "",""wor"",""k "",""for"","" "",""t"",""he "",""Swedish "",""Post"","" "",""Off"",""ice "",""and "",""became "",""t"",""heir "",""c hi ef "",""en graver"","".""]",35
1115,devtest,118,"He produced over 1,000 stamps for Sweden and 28 other countries.","[""H"",""e "",""produc"",""ed "",""over"","" "",""1,0"",""00 "",""st"",""amps "",""for"","" "",""Swed en  "",""and "",""28 "",""ot"",""her "",""count"",""ri es.""]",19
1116,devtest,119,"His work is of such recognized quality and detail that he is one of the very few ""household names"" among philatelists. Some specialize in collecting his work alone.","[""H"",""is "",""wor"",""k "",""is "",""of "",""such "",""recog"",""n"",""ized "",""qualit"",""y "",""and "",""det"",""ail "",""t"",""hat "",""he "",""is "",""one "",""of "",""t"",""he "",""ver"",""y "",""few "",""\"""",""house"",""h"",""ol"",""d "",""nam es \"""","" "",""amon"",""g "",""p hi la te l"",""ist"",""s. "",""Som"",""e "",""special"",""ize "",""in "",""col"",""l"",""ect"",""ing "",""hi s "",""wor"",""k "",""alone.""]",51
1117,devtest,120,"His 1,000th stamp was the magnificent ""Great Deeds by Swedish Kings"" by David Klöcker Ehrenstrahl in 2000, which is listed in the Guinness Book of World Records.","[""H"",""is "",""1,0"",""00t"",""h "",""st"",""amp "",""was "",""t"",""he "",""mag"",""nific en t"","" "",""\"""",""Great"","" "",""Deeds "",""by "",""Swedish "",""Kin"",""gs\"""","" "",""by "",""David "",""Klöck"",""er"","" "",""Ehr en st"",""rahl"","" "",""in "",""2000, "",""w hi ch "",""is "",""lis te d "",""in "",""t"",""he "",""Guin"",""n"",""es s"","" "",""Book"","" "",""of "",""Wor"",""ld "",""Recor"",""ds.""]",49
1118,devtest,121,"He was also engaged in engraving banknotes for many countries, recent examples of his work including the Prime Ministerial portraits on the front of the new Canadian $5 and $100 bills.","[""H"",""e "",""was "",""also "",""en gaged "",""in "",""en graving "",""bankn"",""o te s "",""for"","" "",""man"",""y "",""count"",""ri es, "",""rec en t"","" "",""exampl"",""es  "",""of "",""hi s "",""wor"",""k "",""incl"",""udin"",""g "",""t"",""he "",""Prime "",""Min"",""is te r"",""ial"","" "",""port"",""rait"",""s "",""on "",""t"",""he "",""front"","" "",""of "",""t"",""he "",""new "",""Canadian"","" "",""$5 "",""and "",""$100"","" "",""bill"",""s.""]",53
1119,devtest,122,"After the accident occurred, Gibson was transported to a hospital but died shortly afterwards.","[""Af"",""te r"","" "",""t"",""he "",""accid en t"","" "",""occur"",""red, "",""Gibson"","" "",""was "",""t"",""ransp"",""or te"",""d "",""t"",""o "",""a "",""hospit"",""al "",""but"","" "",""died "",""short"",""ly "",""af te r"",""w"",""ards.""]",29
1120,devtest,123,"The truck driver, who is aged 64, was not injured in the crash.","[""T"",""he "",""t"",""ru ck "",""driver"","", "",""who "",""is "",""aged "",""64, "",""was "",""not"","" "",""injured "",""in "",""t"",""he "",""crash.""]",18
1121,devtest,124,The vehicle itself was taken away from the scene of the accident at approximately 1200 GMT on the same day.,"[""T"",""he "",""ve hi cl"",""e "",""itself "",""was "",""t"",""ak en  "",""away "",""from "",""t"",""he "",""sc en e "",""of "",""t"",""he "",""accid en t"","" "",""at"","" "",""appr"",""oxima te l"",""y "",""1200 "",""GMT "",""on "",""t"",""he "",""same "",""day.""]",30
1122,devtest,125,"A person working in a garage near where the accident occurred said: ""There were children waiting to cross the road and they were all screaming and crying.""","[""A "",""person"","" "",""wor"",""king "",""in "",""a "",""garag"",""e "",""near"","" "",""wher"",""e "",""t"",""he "",""accid en t"","" "",""occur"",""red "",""said: "",""\"""",""T"",""here "",""were "",""c hi ldr"",""en  "",""waiting "",""t"",""o "",""cross "",""t"",""he "",""road "",""and "",""t"",""hey "",""were "",""all"","" "",""scr"",""eaming "",""and "",""crying.\""""]",43
1123,devtest,126,They all ran back from where the accident had happened.,"[""T"",""hey "",""all"","" "",""ran "",""back"","" "",""from "",""wher"",""e "",""t"",""he "",""accid en t"","" "",""had "",""happ en ed.""]",16
1124,devtest,127,"Other subjects on the agenda in Bali include saving the world's remaining forests, and sharing technologies to help developing nations grow in less-polluting ways.","[""Ot"",""her"","" "",""sub"",""ject"",""s "",""on "",""t"",""he "",""ag en da "",""in "",""Bali "",""incl"",""ude "",""saving "",""t"",""he "",""wor"",""ld'"",""s "",""rem"",""aining "",""for"",""es t"",""s, "",""and "",""sharing "",""te chnolog"",""i es  "",""t"",""o "",""hel"",""p "",""devel"",""oping "",""nat"",""ion"",""s "",""grow "",""in "",""l es s-"",""poll"",""uting "",""ways.""]",44
1125,devtest,128,The U.N. also hopes to finalize a fund to help countries affected by global warming to cope with the impacts.,"[""T"",""he "",""U.N"","". "",""also "",""hop"",""es  "",""t"",""o "",""fin"",""alize "",""a "",""fund "",""t"",""o "",""hel"",""p "",""count"",""ri es  "",""aff"",""ec te d "",""by "",""global "",""war"",""min"",""g "",""t"",""o "",""cop"",""e "",""wit"",""h "",""t"",""he "",""impact"",""s.""]",36
1126,devtest,129,"The money could go toward flood-proof houses, better water management, and crop diversification.","[""T"",""he "",""mon"",""ey "",""could"","" "",""go "",""t"",""oward "",""flood"",""-"",""proof"","" "",""hous es, "",""bet"",""te r "",""wa te r "",""man"",""ag"",""em en t"","", "",""and "",""crop"","" "",""diver"",""sificat"",""ion"","".""]",28
1127,devtest,130,Fluke wrote that the efforts by some to drown out women from speaking out about women’s health were unsuccessful.,"[""F"",""l"",""uk e "",""wro te  "",""t"",""hat "",""t"",""he "",""effort"",""s "",""by "",""som"",""e "",""t"",""o "",""drown "",""out"","" "",""wom en  "",""from "",""speaking "",""out"","" "",""about"","" "",""wom en ’"",""s "",""healt"",""h "",""were "",""unsucc es s"",""f"",""ul.""]",33
1128,devtest,131,She came to this conclusion due to the multitude of positive comments and encouragement sent to her by both female and male individuals urging that contraception medication be considered a medical necessity.,"[""S"",""he "",""came "",""t"",""o "",""t"",""hi s "",""conc"",""lusion"","" "",""due "",""t"",""o "",""t"",""he "",""mult"",""itude "",""of "",""posit"",""ive "",""comm"",""en t"",""s "",""and "",""en courag"",""em en t"","" "",""s en t"","" "",""t"",""o "",""her"","" "",""by "",""bot"",""h "",""femal"",""e "",""and "",""mal"",""e "",""individual"",""s "",""urgin"",""g "",""t"",""hat "",""cont"",""racept"",""ion "",""med"",""ication"","" "",""be "",""consider"",""ed "",""a "",""med"",""ical "",""nec es s"",""it"",""y.""]",62
1129,devtest,132,"When the fighting ceased after the wounded were transported to the hospital, about 40 of the other remaining inmates stayed in the yard and refused to return to their cells.","[""W"",""h en  "",""t"",""he "",""fight"",""ing "",""cease"",""d "",""af te r"","" "",""t"",""he "",""wound"",""ed "",""wer"",""e "",""t"",""ransp"",""or te"",""d "",""t"",""o "",""t"",""he "",""hospit"",""al, "",""about"","" "",""40 "",""of "",""t"",""he "",""other "",""rem"",""aining "",""inma te s "",""st"",""ayed "",""in "",""t"",""he "",""yard "",""and "",""refused "",""t"",""o "",""ret"",""urn "",""t"",""o "",""t"",""heir "",""cel"",""l"",""s.""]",55
1130,devtest,133,"Negotiators tried to rectify the situation, but the prisoners' demands are not clear.","[""N"",""egot"",""iator"",""s "",""t"",""ried "",""t"",""o "",""rect"",""ify "",""t"",""he "",""sit"",""uation"","", "",""but"","" "",""t"",""he "",""prison"",""er"",""s' "",""demands "",""are "",""not"","" "",""clear.""]",27
1131,devtest,134,"Between 10:00-11:00 pm MDT, a fire was started by the inmates in the yard.","[""B"",""et"",""we en  "",""10:0"",""0-"",""11:0"",""0 "",""pm "",""MDT"","", "",""a "",""fire "",""was "",""st"",""ar te d "",""by "",""t"",""he "",""inma te s "",""in "",""t"",""he "",""yard.""]",23
1132,devtest,135,"Soon, officers equipped with riot gear entered the yard and cornered the inmates with tear gas.","[""S"",""oo"",""n"","", "",""off"",""icer"",""s "",""equipped"","" "",""wit"",""h "",""riot"","" "",""gear "",""en te red "",""t"",""he "",""yar"",""d "",""and "",""cor"",""ner"",""ed "",""t"",""he "",""inma te s "",""wit"",""h "",""te ar "",""gas.""]",30
1133,devtest,136,Fire rescue crews eventually doused the fire by 11:35 pm.,"[""F"",""ir"",""e "",""r es cue "",""crews "",""ev en t"",""uall"",""y "",""douse"",""d "",""t"",""he "",""fire "",""by "",""11:3"",""5 "",""pm.""]",17
1134,devtest,137,"After the dam was built in 1963, the seasonal floods that would spread sediment throughout the river were halted.","[""Af"",""te r"","" "",""t"",""he "",""dam "",""was "",""built"","" "",""in "",""1963, "",""t"",""he "",""season"",""al "",""flood"",""s "",""t"",""hat "",""would"","" "",""spread "",""sedim en t"","" "",""t"",""hrough"",""out "",""t"",""he "",""river"","" "",""were "",""hal"",""te d.""]",34
1135,devtest,138,"This sediment was necessary for creating sandbars and beaches, which served as wildlife habitats.","[""T"",""hi s "",""sedim en t"","" "",""was "",""nec es s"",""ar"",""y "",""for"","" "",""creat"",""ing "",""sandb"",""ars "",""and "",""beach es, "",""w hi ch "",""ser"",""ved "",""as "",""wildl"",""ife "",""habit"",""ats.""]",24
1136,devtest,139,"As a result, two fish species have become extinct, and two others have become endangered, including the humpback chub.","[""As"","" a "",""r es ult"","", "",""t"",""wo "",""fish "",""speci es  "",""have "",""become "",""ext"",""inct"","", "",""and "",""t"",""wo "",""ot"",""hers "",""have "",""become "",""en dangered, "",""inc"",""l"",""udin"",""g "",""t"",""he "",""hum"",""p"",""back"","" "",""chub.""]",32
1137,devtest,140,"Although the water level will only rise a few feet after the flood, officials are hoping it will be enough to restore eroded sandbars downstream.","[""Al"",""t"",""hough"","" "",""t"",""he "",""wa te r "",""level"","" "",""will"","" "",""only "",""rise "",""a "",""few "",""feet"","" "",""af te r"","" "",""t"",""he "",""flood"","", "",""off"",""icial"",""s "",""are "",""hop"",""ing "",""it "",""will"","" "",""be "",""en ough"","" "",""t"",""o "",""r es t"",""ore "",""eroded"","" "",""sandb"",""ars "",""down"",""st"",""ream.""]",46
1138,devtest,141,"No tsunami warning has been issued, and according to the Jakarta geophysics agency, no tsunami warning will be issued because the quake did not meet the magnitude 6.5 requirement.","[""N"",""o "",""t"",""sunami "",""warning "",""has "",""be en  "",""iss"",""ued, "",""and "",""accor"",""din"",""g "",""t"",""o "",""t"",""he "",""Jakart"",""a "",""geophysic"",""s "",""ag en cy, "",""no "",""t"",""sunami "",""war"",""ning "",""will"","" "",""be "",""iss"",""ued "",""because"","" "",""t"",""he "",""quake "",""did "",""not"","" "",""meet "",""t"",""he "",""mag"",""nitude "",""6.5"","" "",""requir"",""em"",""en t"","".""]",51
1139,devtest,142,"Despite there being no tsunami threat, residents started to panic and began to leave their businesses and homes.","[""D"",""es pi te  "",""t"",""here "",""being "",""no "",""t"",""sunami "",""t"",""hreat, "",""r es id en t"",""s "",""st"",""ar te d "",""t"",""o "",""panic "",""and "",""began "",""t"",""o "",""leave "",""t"",""heir "",""busin es s"",""es  "",""and "",""hom"",""es.""]",29
1140,devtest,143,"Although Winfrey was tearful in her farewell, she made it clear to her fans she will be back.","[""Al"",""t"",""hough"","" "",""Win"",""fr"",""ey "",""was "",""te arful "",""in "",""her"","" "",""far"",""ewell"","", "",""she "",""made "",""it "",""clear "",""t"",""o "",""her"","" "",""fans "",""she "",""will"","" "",""be "",""back"","".""]",30
1141,devtest,144,"""This is not going to be goodbye. This is the closing of one chapter and the opening of a new one.""","[""\"""",""T"",""hi s "",""is "",""not"","" "",""going "",""t"",""o "",""be "",""good"",""b"",""ye. "",""T"",""hi s "",""is "",""t"",""he "",""closing "",""of "",""one "",""chap te r"","" "",""and "",""t"",""he "",""op en ing "",""of "",""a "",""new "",""one.\""""]",31
1142,devtest,145,"Final results from Namibian presidential and parliamentary elections have indicated that the incumbent president, Hifikepunye Pohamba, has been reelected by a large margin.","[""F"",""in"",""al "",""r es ult"",""s "",""from "",""Namibian"","" "",""pr es id"",""en t"",""ial "",""and "",""parl"",""iam en t"",""ary "",""elect"",""ions "",""have "",""indica te d "",""t"",""hat "",""t"",""he "",""incumb en t"","" "",""pr es id en t"","", "",""Hifikepunye "",""Pohamba, "",""has "",""be en  "",""reel"",""ec te d "",""by "",""a "",""lar"",""ge "",""mar"",""gin"","".""]",40
1143,devtest,146,"The ruling party, South West Africa People's Organisation (SWAPO), also retained a majority in the parliamentary elections.","[""T"",""he "",""ru ling "",""part"",""y, "",""Sout"",""h "",""W es t"","" "",""Afr"",""ica "",""People'"",""s "",""Organisat"",""ion"","" "",""(SWAPO)"","", "",""also "",""ret"",""ained "",""a "",""major"",""it"",""y "",""in "",""t"",""he "",""parliam en t"",""ary "",""elect"",""ions.""]",32
1144,devtest,147,Coalition and Afghan troops moved into the area to secure the site and other coalition aircraft have been sent to assist.,"[""C"",""oa"",""l"",""it"",""ion"","" "",""and "",""Afghan "",""t"",""roop"",""s "",""moved "",""int"",""o "",""t"",""he "",""area "",""t"",""o "",""secure "",""t"",""he "",""si te  "",""and "",""ot"",""her "",""coalit"",""ion "",""aircr"",""aft"","" "",""have "",""be en  "",""s en t"","" "",""t"",""o "",""ass"",""ist"","".""]",40
1145,devtest,148,"The crash occurred high up in mountainous terrain, and is believed to have been the result of hostile fire.","[""T"",""he "",""crash "",""occur"",""red "",""hi gh "",""up "",""in "",""mount"",""ainous "",""te rr"",""ain, "",""and "",""is "",""bel"",""ieved "",""t"",""o "",""have "",""be en  "",""t"",""he "",""r es ult"","" "",""of "",""host"",""ile "",""fire.""]",28
1146,devtest,149,Efforts to search for the crash site are being met by bad weather and harsh terrain.,"[""E"",""f"",""f"",""or"",""t"",""s "",""t"",""o "",""search"","" "",""for"","" "",""t"",""he "",""crash "",""si te  "",""are "",""being "",""met"","" "",""by "",""bad "",""weat"",""her "",""and "",""har"",""sh "",""te rr"",""ain.""]",29
1147,devtest,150,"The medical charity Mangola, Medecines Sans Frontieres and the World Health Organisation say it is the worst outbreak recorded in the country.","[""T"",""he "",""med"",""ical "",""char"",""it"",""y "",""Man"",""gol"",""a, "",""Med"",""ecin es  "",""San"",""s "",""Fr"",""on"",""t"",""ier es  "",""and "",""t"",""he "",""Wor"",""ld "",""Healt"",""h "",""Or"",""ganisat"",""ion"","" "",""say "",""it "",""is "",""t"",""he "",""wor"",""st"","" "",""out"",""break "",""recor"",""ded "",""in "",""t"",""he "",""count"",""ry.""]",46
1148,devtest,151,"Spokesman for Medecines Sans Frontiere Richard Veerman said: ""Angola is heading for its worst ever outbreak and the situation remains very bad in Angola,"" he said.","[""S"",""p"",""ok"",""es m"",""an"","" "",""for"","" "",""Med"",""ecin es  "",""San"",""s "",""Fr"",""on"",""t"",""iere "",""Richard"","" "",""Veer"",""man"","" "",""said: "",""\"""",""Ang"",""ol"",""a "",""is "",""heading "",""for"","" "",""its "",""wor"",""st"","" "",""ever"","" "",""out"",""break "",""and "",""t"",""he "",""sit"",""uation"","" "",""rem"",""ains "",""ver"",""y "",""bad "",""in "",""Ang"",""ol"",""a,\"""","" "",""he "",""said.""]",56
1149,devtest,152,"The games kicked off at 10:00am with great weather and apart from mid morning drizzle which quickly cleared up, it was a perfect day for 7's rugby.","[""T"",""he "",""gam es  "",""kicked "",""off"","" "",""at"","" "",""10:0"",""0am "",""wit"",""h "",""great"","" "",""weat"",""her "",""and "",""apar"",""t"","" "",""from "",""mid"","" "",""mor"",""ning "",""drizzl"",""e "",""w hi ch "",""quick"",""l"",""y "",""cleared "",""up, "",""it "",""was "",""a "",""perfect"","" "",""day "",""for"","" "",""7's "",""ru gby.""]",43
1150,devtest,153,Tournament top seeds South Africa started on the right note when they had a comfortable 26 - 00 win against 5th seeded Zambia.,"[""T"",""ournam en t"","" "",""t"",""op "",""see"",""ds "",""Sout"",""h "",""Afr"",""ica "",""st"",""ar te d "",""on "",""t"",""he "",""right"","" "",""no te  "",""wh en  "",""t"",""hey "",""had "",""a "",""comfort"",""able "",""26 "",""- "",""00 "",""win "",""against"","" "",""5th "",""see"",""ded "",""Zambia.""]",36
1151,devtest,154,"Looking decidedly rusty in the game against their southern sisters, South Africa however steadily improved as the tournament progressed.","[""L"",""ook"",""in"",""g "",""dec"",""idedl"",""y "",""ru st"",""y "",""in "",""t"",""he "",""game "",""against"","" "",""t"",""heir "",""sout"",""hern "",""sis te r"",""s, "",""Sout"",""h "",""Afr"",""ica "",""however"","" "",""s te adil"",""y "",""impr"",""ov"",""ed"","" "",""as "",""t"",""he "",""t"",""ournam en t"","" "",""progr es s"",""ed.""]",41
1152,devtest,155,"Their disciplined defence, ball handling skills and excellent team work made them stand out and it was clear that this was the team to beat.","[""T"",""heir "",""disc"",""ipl"",""in"",""ed "",""def en ce, "",""bal"",""l"","" "",""hand"",""l"",""in"",""g "",""skill"",""s "",""and "",""exc"",""el"",""l"",""en t"","" "",""te am "",""wor"",""k "",""made "",""t"",""hem "",""st"",""and "",""out"","" "",""and "",""it "",""was "",""clear "",""t"",""hat "",""t"",""hi s "",""was "",""t"",""he "",""te am "",""t"",""o "",""beat"","".""]",48
1153,devtest,156,Officials for the city of Amsterdam and the Anne Frank Museum state that the tree is infected with a fungus and poses a public health hazard as they argue that it was in imminent danger of falling over.,"[""Of"",""f"",""icial"",""s "",""for"","" "",""t"",""he "",""cit"",""y "",""of "",""Ams te rdam "",""and "",""t"",""he "",""Ann"",""e "",""Fr"",""ank"","" "",""Museum "",""st"",""a te  "",""t"",""hat "",""t"",""he "",""t"",""ree "",""is "",""infec te d "",""wit"",""h "",""a "",""fungus "",""and "",""pos es  "",""a "",""public"","" "",""healt"",""h "",""hazard"","" "",""as "",""t"",""hey "",""argue "",""t"",""hat "",""it "",""was "",""in "",""imm"",""in"",""en t"","" "",""danger "",""of "",""fall"",""ing "",""over"","".""]",63
1154,devtest,157,"It had been scheduled to be cut down on Tuesday, but was saved after an emergency court ruling.","[""It"","" "",""had "",""be en  "",""schedul"",""ed "",""t"",""o "",""be "",""cut"","" "",""down"","" "",""on "",""T"",""u es d"",""ay, "",""but"","" "",""was "",""saved "",""af te r"","" "",""an "",""emer"",""g en c"",""y "",""cour"",""t"","" "",""ru ling.""]",31
1155,devtest,158,"All of the cave entrances, which were named ""The Seven Sisters"", are at least 100 to 250 meters (328 to 820 feet) in diameter.","[""Al"",""l"","" "",""of "",""t"",""he "",""cave "",""en t"",""ranc es, "",""w hi ch "",""were "",""named "",""\"""",""T"",""he "",""Sev en  "",""Sis te r"",""s\"""","", "",""are "",""at"","" "",""least"","" "",""100 "",""t"",""o "",""250 "",""me te rs "",""(328 "",""t"",""o "",""820 "",""feet"","") "",""in "",""diame te r.""]",37
1156,devtest,159,Infrared images show that the temperature variations from night and day show that they are likely caves.,"[""Infr"",""ared "",""imag"",""es  "",""show"","" "",""t"",""hat "",""t"",""he "",""te mper"",""ature "",""variation"",""s "",""from "",""night"","" "",""and "",""day "",""show"","" "",""t"",""hat "",""t"",""hey "",""are "",""likel"",""y "",""cav es.""]",29
1157,devtest,160,"""They are cooler than the surrounding surface in the day and warmer at night.","[""\"""",""T"",""hey "",""are "",""cool"",""er "",""t"",""han "",""t"",""he "",""sur"",""round"",""in"",""g "",""sur"",""face "",""in "",""t"",""he "",""day "",""and "",""war"",""mer "",""at"","" "",""night"","".""]",27
1158,devtest,161,"Their thermal behavior is not as steady as large caves on Earth that often maintain a fairly constant temperature, but it is consistent with these being deep holes in the ground,"" said Glen Cushing of the United States Geological Survey (USGS) Astrogeology Team and of Northern Arizona University located in Flagstaff, Arizona.","[""T"",""heir "",""t"",""hermal "",""behavior"","" "",""is "",""not"","" "",""as "",""s te ady "",""as "",""lar"",""ge "",""cav es  "",""on "",""Eart"",""h "",""t"",""hat "",""of te n "",""maint"",""ain "",""a "",""fairl"",""y "",""const"",""ant"","" "",""te mper"",""ature, "",""but"","" "",""it "",""is "",""consis te n"",""t"","" "",""wit"",""h "",""t"",""h es e "",""being "",""deep "",""hol"",""es  "",""in "",""t"",""he "",""ground"","",\"""","" "",""said "",""Gl en  "",""Cus hi ng "",""of "",""t"",""he "",""Uni te d "",""St"",""a te s "",""Geol"",""og"",""ical "",""Sur"",""vey "",""(U"",""SGS)"","" "",""Ast"",""rogeol"",""og"",""y "",""T"",""eam "",""and "",""of "",""Nor"",""t"",""hern "",""Arizon"",""a "",""Univer"",""sit"",""y "",""loca te d "",""in "",""Flagst"",""aff, "",""Arizon"",""a.""]",91
1159,devtest,162,"In France, voting has traditionally been a low-tech experience: voters isolate themselves in a booth, put a pre-printed sheet of paper indicating their candidate of choice into an envelope.","[""In "",""Fr"",""ance, "",""voting "",""has "",""t"",""radition"",""all"",""y "",""be en  "",""a "",""low-"",""te ch "",""exper"",""i en c"",""e: "",""vo te rs "",""isol"",""a te  "",""t"",""hemsel"",""v es  "",""in "",""a "",""boot"",""h, "",""put"","" "",""a "",""pre-"",""prin te d "",""sheet"","" "",""of "",""paper"","" "",""indicating "",""t"",""heir "",""cand"",""ida te  "",""of "",""choice "",""int"",""o "",""an "",""en vel"",""ope.""]",48
1160,devtest,163,"After officials verify the voter's identity, the voter drops the envelope into the ballot box and signs the voting roll.","[""Af"",""te r"","" "",""off"",""icial"",""s "",""ver"",""ify "",""t"",""he "",""vo te r'"",""s "",""id en t"",""it"",""y, "",""t"",""he "",""vo te r "",""drop"",""s "",""t"",""he "",""en vel"",""ope "",""int"",""o "",""t"",""he "",""ball"",""ot "",""box "",""and "",""sign"",""s "",""t"",""he "",""voting "",""roll"","".""]",39
1161,devtest,164,French electoral law rather strictly codifies the proceedings.,"[""F"",""r"",""en c"",""h "",""elect"",""oral "",""law "",""rat"",""her "",""st"",""rictly "",""codifi es  "",""t"",""he "",""proc"",""eedin"",""gs.""]",17
1162,devtest,165,"Since 1988, ballot boxes must be transparent so that voters and observers can witness that no envelopes are present at the start of the vote and that no envelopes are added except those of the duly counted and authorized voters.","[""S"",""in"",""ce "",""1988, "",""ball"",""ot "",""box es  "",""must"","" "",""be "",""t"",""ransp"",""ar en t"","" "",""so "",""t"",""hat "",""vo te rs "",""and "",""obser"",""ver"",""s "",""can "",""wit"",""n es s"","" "",""t"",""hat "",""no "",""en vel"",""op es  "",""are "",""pr es en t"","" "",""at"","" "",""t"",""he "",""st"",""art "",""of "",""t"",""he "",""vo te  "",""and "",""t"",""hat "",""no "",""en vel"",""op es  "",""are "",""added "",""exc"",""ept"","" "",""t"",""hose "",""of "",""t"",""he "",""duly "",""coun te"",""d "",""and "",""aut"",""horized "",""vo te rs.""]",67
1163,devtest,166,"Candidates can send representatives to witness every part of the process. In the evening, votes are counted by volunteers under heavy supervision, following specific procedures.","[""C"",""an"",""d"",""id"",""a te s "",""can "",""s en d "",""rep"",""r"",""es en t"",""ativ es  "",""t"",""o "",""wit"",""n es s"","" "",""ever"",""y "",""part"","" "",""of "",""t"",""he "",""proc"",""es s"","". "",""In "",""t"",""he "",""ev en ing, "",""vo te s "",""are "",""coun te"",""d "",""by "",""vol"",""un te er"",""s "",""under"","" "",""heavy "",""super"",""vision"","", "",""foll"",""owing "",""specific"","" "",""proc"",""edur"",""es.""]",51
1164,devtest,167,"ASUS Eee PC, earlier launched world-wide for cost-saving and functionality factors, became a hot topic in 2007 Taipei IT Month.","[""AS"",""U"",""S "",""Eee "",""PC, "",""earl"",""ier "",""launched "",""wor"",""ld-"",""wide "",""for"","" "",""cost"",""-"",""saving "",""and "",""funct"",""ionalit"",""y "",""fact"",""ors, "",""became "",""a "",""hot"","" "",""t"",""opic "",""in "",""200"",""7 "",""T"",""aipei "",""IT "",""Mon"",""t"",""h.""]",37
1165,devtest,168,But the consumer market on laptop computer will be radically varied and changed after ASUS was awarded in the 2007 Taiwan Sustainable Award by Executive Yuan of the Republic of China.,"[""B"",""u"",""t"","" "",""t"",""he "",""consu"",""mer"","" "",""mar"",""ket"","" "",""on "",""laptop "",""comp"",""u te r "",""will"","" "",""be "",""radicall"",""y "",""varied"","" "",""and "",""changed "",""af te r"","" "",""ASUS "",""was "",""awar"",""ded "",""in "",""t"",""he "",""2007 "",""T"",""aiwan "",""Sust"",""ainab"",""le "",""Awar"",""d "",""by "",""Execut"",""ive "",""Yuan "",""of "",""t"",""he "",""Republic"","" "",""of "",""C hi na.""]",53
1166,devtest,169,"The station's web site describes the show as ""old school radio theater with a new and outrageous geeky spin!""","[""T"",""he "",""st"",""ation'"",""s "",""web "",""si te  "",""d es c"",""rib es  "",""t"",""he "",""show"","" "",""as "",""\"""",""old "",""school"","" "",""radio "",""t"",""hea te r "",""wit"",""h "",""a "",""new "",""and "",""out"",""rageous "",""geeky "",""spin!\""""]",30
1167,devtest,170,"In its early days, the show was featured solely at the long-running internet radio site TogiNet Radio, a site focused on talk radio.","[""In "",""its "",""earl"",""y "",""days, "",""t"",""he "",""show"","" "",""was "",""feat"",""ured "",""sol"",""el"",""y "",""at"","" "",""t"",""he "",""long-"",""ru nning "",""in te r"",""net"","" "",""radio "",""si te  "",""T"",""ogiN"",""et"","" "",""Radio, "",""a "",""si te  "",""focused "",""on "",""t"",""alk "",""radio.""]",38
1168,devtest,171,"In late 2015, TogiNet established AstroNet Radio as a subsidiary station.","[""In "",""la te  "",""2015, "",""T"",""ogiN"",""et"","" "",""es t"",""ablished "",""Ast"",""roN"",""et"","" "",""Radio "",""as "",""a "",""sub"",""sidiary "",""st"",""ation"","".""]",21
1169,devtest,172,"The show originally featured amateur voice actors, local to East Texas.","[""T"",""he "",""show"","" "",""origin"",""all"",""y "",""feat"",""ured "",""ama te ur"","" "",""voice "",""act"",""ors, "",""local"","" "",""t"",""o "",""East"","" "",""T"",""exas.""]",22
1170,devtest,173,"Widespread looting reportedly continued overnight, as law enforcement officers were not present on Bishkek's streets.","[""W"",""id"",""es p"",""read"","" "",""loot"",""ing "",""rep"",""or te"",""dl"",""y "",""cont"",""inued "",""over"",""night"","", "",""as "",""law "",""en for"",""cem en t"","" "",""off"",""icer"",""s "",""wer"",""e "",""not"","" "",""pr es en t"","" "",""on "",""Bishkek'"",""s "",""st"",""reet"",""s.""]",36
1171,devtest,174,"Bishkek was described as sinking into a state of ""anarchy"" by one observer, as gangs of people roamed the streets and plundered stores of consumer goods.","[""B"",""ishkek"","" "",""was "",""d es c"",""rib"",""ed "",""as "",""sin"",""king "",""int"",""o "",""a "",""st"",""a te  "",""of "",""\"""",""anarchy\"""","" "",""by "",""one "",""obser"",""ver"","", "",""as "",""gangs "",""of "",""people "",""roamed"","" "",""t"",""he "",""st"",""reet"",""s "",""and "",""plund"",""er"",""ed "",""st"",""or es  "",""of "",""consu"",""mer"","" "",""good"",""s.""]",47
1172,devtest,175,Several Bishkek residents blamed protesters from the south for the lawlessness.,"[""S"",""e"",""v"",""er"",""al "",""Bishkek "",""r es id en t"",""s "",""blamed "",""pro te"",""s te"",""r"",""s "",""from "",""t"",""he "",""sout"",""h "",""for"","" "",""t"",""he "",""lawl"",""es sn es s"","".""]",25
1173,devtest,176,"South Africa have defeated the All Blacks (New Zealand) in a rugby union Tri Nations match at the Royal Bafokeng Stadium in Rustenburg, South Africa.","[""S"",""ou"",""t"",""h "",""Afr"",""ica "",""have "",""defea te d "",""t"",""he "",""All"","" "",""Black"",""s "",""(N"",""ew "",""Zealan"",""d)"","" "",""in "",""a "",""ru gby "",""union"","" "",""T"",""ri Nat"",""ions "",""mat"",""ch "",""at"","" "",""t"",""he "",""Royal "",""Bafok en g"","" "",""St"",""adium "",""in "",""Rus te nbur"",""g, "",""Sout"",""h "",""Afr"",""ica.""]",45
1174,devtest,177,"The final score was a one-point victory, 21 to 20, ending the All Blacks' 15 game winning streak.","[""T"",""he "",""fin"",""al "",""score "",""was "",""a "",""one-"",""point"","" "",""victory, "",""21 "",""t"",""o "",""20, "",""en din"",""g "",""t"",""he "",""All"","" "",""Black"",""s'"","" "",""15 "",""game "",""win"",""n"",""ing "",""st"",""reak.""]",31
1175,devtest,178,"For the Springboks, it ended a five-match losing streak.","[""F"",""or"","" "",""t"",""he "",""Sprin"",""gb"",""oks, "",""it "",""en ded "",""a "",""five-"",""mat"",""ch "",""losing "",""st"",""reak.""]",17
1176,devtest,179,"It was the final match for the All Blacks, who had already won the trophy two weeks ago.","[""It"","" "",""was "",""t"",""he "",""fin"",""al "",""mat"",""ch "",""for"","" "",""t"",""he "",""All"","" "",""Black"",""s, "",""who "",""had "",""alread"",""y "",""won "",""t"",""he "",""t"",""rophy "",""t"",""wo "",""weeks "",""ago.""]",30
1177,devtest,180,"The final match of the series will take place at Ellis Park in Johannesburg next week, when the Springboks play Australia.","[""T"",""he "",""fin"",""al "",""mat"",""ch "",""of "",""t"",""he "",""ser"",""i es  "",""will"","" "",""t"",""ake "",""place "",""at"","" "",""Ell"",""is "",""Park "",""in "",""Johann"",""es b"",""ur"",""g "",""next"","" "",""week, "",""wh en  "",""t"",""he "",""Sprin"",""gb"",""oks "",""play "",""Aust"",""ralia.""]",38
1178,devtest,181,A moderate earthquake shook western Montana at 10:08 p.m. on Monday.,"[""A "",""moder"",""a te  "",""eart"",""hquak"",""e "",""shook "",""w es te r"",""n "",""Mon"",""t"",""ana "",""at"","" "",""10:0"",""8 "",""p.m"","". "",""on "",""Mon"",""day.""]",21
1179,devtest,182,No immediate reports of damage have been received by the United States Geological Survey (USGS) and its National Earthquake Information Center.,"[""N"",""o "",""imm"",""ed"",""ia te  "",""report"",""s "",""of "",""damag"",""e "",""have "",""be en  "",""recei"",""ved "",""by "",""t"",""he "",""Uni te d "",""St"",""a te s "",""Geol"",""og"",""ical "",""Sur"",""vey "",""(U"",""SGS)"","" "",""and "",""its "",""Nat"",""ion"",""al "",""Eart"",""hquak"",""e "",""Infor"",""mat"",""ion"","" "",""C en te r"","".""]",42
1180,devtest,183,"The earthquake was centered about 20 km (15 miles) north-northeast of Dillon, and about 65 km (40 miles) south of Butte.","[""T"",""he "",""eart"",""hquak"",""e "",""was "",""c en te r"",""ed "",""about"","" "",""20 "",""km "",""(15 "",""mil"",""es )"","" "",""nor"",""t"",""h-"",""nor"",""t"",""heast"","" "",""of "",""Dillon, "",""and "",""about"","" "",""65 "",""km "",""(40 "",""mil"",""es )"","" "",""sout"",""h "",""of "",""But"",""te.""]",39
1181,devtest,184,"The strain of bird flu lethal to humans, H5N1, has been confirmed to have infected a dead wild duck, found on Monday, in marshland near Lyon in the east of France.","[""T"",""he "",""st"",""rain "",""of "",""bird "",""flu "",""let"",""hal "",""t"",""o "",""hum"",""an"",""s, "",""H5N"",""1, "",""has "",""be en  "",""conf"",""irmed "",""t"",""o "",""have "",""infec te d "",""a "",""dead "",""wild "",""duck"","", "",""found"","" "",""on "",""Mon"",""day, "",""in "",""mar"",""shl"",""and "",""near"","" "",""Lyon"","" "",""in "",""t"",""he "",""east"","" "",""of "",""Fr"",""ance.""]",50
1182,devtest,185,"France is the seventh country in the European Union to suffer this virus; following Austria, Germany, Slovenia, Bulgaria, Greece and Italy.","[""F"",""r"",""an"",""c"",""e "",""is "",""t"",""he "",""sev en t"",""h "",""count"",""ry "",""in "",""t"",""he "",""Europ"",""ean"","" "",""Union"","" "",""t"",""o "",""suffer "",""t"",""hi s "",""vi ru s; "",""foll"",""owing "",""Aust"",""ria, "",""Ger"",""man"",""y, "",""Slov en ia, "",""Bul"",""garia, "",""Greece "",""and "",""Italy.""]",39
1183,devtest,186,Suspected cases of H5N1 in Croatia and Denmark remain unconfirmed.,"[""S"",""usp"",""ec te d "",""cas es  "",""of "",""H5N"",""1 "",""in "",""Croat"",""ia "",""and "",""D en mark "",""rem"",""ain "",""unconf"",""irmed.""]",16
1184,devtest,187,"Chambers had sued God for ""widespread death, destruction and terrorization of millions upon millions of the Earth's inhabitants.""","[""C"",""h"",""am"",""ber"",""s "",""had "",""sued "",""God "",""for"","" "",""\"""",""wid es pread"","" "",""deat"",""h, "",""d es t"",""ru ct"",""ion "",""and "",""te rr"",""orizat"",""ion"","" "",""of "",""mil"",""lion"",""s "",""upon "",""mil"",""lion"",""s "",""of "",""t"",""he "",""Eart"",""h'"",""s "",""inhabit"",""ants.\""""]",39
1185,devtest,188,"Chambers, an agnostic, argues that his lawsuit is ""frivolous"" and ""anybody can sue anybody.""","[""C"",""h"",""am"",""ber"",""s, "",""an "",""agn"",""ost"",""ic, "",""argu es  "",""t"",""hat "",""hi s "",""lawsuit"","" "",""is "",""\"""",""fr"",""ivol"",""ous\"""","" "",""and "",""\"""",""anyb"",""ody "",""can "",""sue "",""anybody.\""""]",28
1186,devtest,189,"The story presented in the French opera, by Camille Saint-Saens, is of an artist ""whose life is dictated by a love for drugs and Japan.""","[""T"",""he "",""st"",""ory "",""pr es en te d "",""in "",""t"",""he "",""Fr en ch "",""opera, "",""by "",""Camill"",""e "",""Saint"",""-"",""Sa en s, "",""is "",""of "",""an "",""art"",""ist"","" "",""\"""",""whose "",""life "",""is "",""dicta te d "",""by "",""a "",""love "",""for"","" "",""d ru gs "",""and "",""Japan"","".\""""]",36
1187,devtest,190,"As a result, the performers smoke cannabis joints on stage, and the theatre itself is encouraging the audience to join in.","[""As"","" a "",""r es ult"","", "",""t"",""he "",""performer"",""s "",""smok"",""e "",""cannab"",""is "",""joint"",""s "",""on "",""st"",""age, "",""and "",""t"",""he "",""t"",""heatre "",""itself "",""is "",""en courag"",""ing "",""t"",""he "",""audi en c"",""e "",""t"",""o "",""join "",""in.""]",34
1188,devtest,191,"Former House Speaker Newt Gingrich, Texas governor Rick Perry, and Congresswoman Michele Bachmann finished in fourth, fifth, and sixth place, respectively.","[""F"",""or"",""mer"","" "",""House "",""Speaker"","" "",""Newt"","" "",""Gin"",""gr"",""ich, "",""T"",""exas "",""governor"","" "",""Rick "",""Perry, "",""and "",""Cong"",""r es swom"",""an"","" "",""Michel"",""e "",""Bachmann"","" "",""fin"",""ished "",""in "",""four"",""t"",""h, "",""fift"",""h, "",""and "",""sixt"",""h "",""place, "",""r es pect"",""ivel"",""y.""]",42
1189,devtest,192,"After the results came in, Gingrich lauded Santorum, but had tough words for Romney, on whose behalf negative campaign advertisements were aired in Iowa against Gingrich.","[""Af"",""te r"","" "",""t"",""he "",""r es ult"",""s "",""came "",""in, "",""Gin"",""gr"",""ich "",""lauded "",""San"",""t"",""o ru m, "",""but"","" "",""had "",""t"",""ough "",""wor"",""ds "",""for"","" "",""Romney, "",""on "",""whose "",""behalf "",""negat"",""ive "",""camp"",""aign"","" "",""adv"",""er"",""t"",""isem"",""en t"",""s "",""were "",""aired "",""in "",""Iowa "",""against"","" "",""Gin"",""gr"",""ich.""]",49
1190,devtest,193,"Perry stated that he would ""return to Texas to assess the results of tonight's caucus, determine whether there is a path forward for myself in this race"", but later said that he would remain in the race and compete in the January 21 South Carolina primary.","[""P"",""er"",""r"",""y "",""st"",""a te d "",""t"",""hat "",""he "",""would"","" "",""\"""",""ret"",""urn "",""t"",""o "",""T"",""exas "",""t"",""o "",""ass"",""es s "",""t"",""he "",""r es ult"",""s "",""of "",""t"",""onight'"",""s "",""caucus, "",""de te rmin"",""e "",""whether "",""t"",""here "",""is "",""a "",""pat"",""h "",""for"",""ward "",""for"","" "",""myself "",""in "",""t"",""hi s "",""race\"""","", "",""but"","" "",""la te r "",""said "",""t"",""hat "",""he "",""would"","" "",""rem"",""ain "",""in "",""t"",""he "",""race "",""and "",""comp"",""e te  "",""in "",""t"",""he "",""January "",""21 "",""Sout"",""h "",""Car"",""olin"",""a "",""primary.""]",79
1191,devtest,194,"Bachmann, who won the Ames Straw Poll in August, decided to end her campaign.","[""B"",""achm"",""an"",""n"","", "",""who "",""won "",""t"",""he "",""Am es  "",""St"",""raw "",""Pol"",""l"","" "",""in "",""August"","", "",""dec"",""ided "",""t"",""o "",""en d "",""her"","" "",""camp"",""aign"","".""]",28
1192,devtest,195,"The photographer was transported to Ronald Reagan UCLA Medical Center, where he subsequently died.","[""T"",""he "",""phot"",""ograph"",""er"","" "",""was "",""t"",""ransp"",""or te"",""d "",""t"",""o "",""Ronald "",""Reag"",""an "",""UCLA "",""Med"",""ical "",""C en te r"","", "",""wher"",""e "",""he "",""sub"",""sequ"",""en t"",""ly "",""died.""]",29
1193,devtest,196,"He was reportedly aged in his 20s. In a statement, Bieber said ""[w]hile I was not present nor directly involved with this tragic accident, my thoughts and prayers are with the family of the victim.""","[""H"",""e "",""was "",""repor te"",""dl"",""y "",""aged "",""in "",""hi s "",""20s. "",""In "",""a "",""st"",""a te m en t"","", "",""Bieber"","" "",""said "",""\"""",""["",""w] hi le "",""I "",""was "",""not"","" "",""pr es en t"","" "",""nor"","" "",""direct"",""ly "",""invol"",""ved "",""wit"",""h "",""t"",""hi s "",""t"",""ragic "",""accid en t"","", "",""my "",""t"",""hough"",""ts "",""and "",""prayers "",""are "",""wit"",""h "",""t"",""he "",""famil"",""y "",""of "",""t"",""he "",""victim.\""""]",58
1194,devtest,197,"Entertainment news website TMZ understands the photographer stopped his vehicle on the other side of Sepulveda Boulevard and attempted to take pictures of the police stop before crossing the road and continuing, prompting the California Highway Patrol police officer conducting the traffic stop to order him back across, twice.","[""E"",""n"",""te r"",""t"",""ainm en t"","" "",""news "",""websi te  "",""T"",""MZ "",""under"",""st"",""ands "",""t"",""he "",""phot"",""ograph"",""er"","" "",""st"",""opped"","" "",""hi s "",""ve hi cle "",""on "",""t"",""he "",""ot"",""her "",""side "",""of "",""Sepulveda "",""Boulevard "",""and "",""at"",""te mp te d "",""t"",""o "",""t"",""ake "",""pictur es  "",""of "",""t"",""he "",""pol"",""ice "",""st"",""op "",""befor"",""e "",""crossin"",""g "",""t"",""he "",""road "",""and "",""cont"",""inuing, "",""prom"",""p"",""t"",""ing "",""t"",""he "",""Cal"",""ifor"",""nia "",""Highw"",""ay "",""Pat"",""rol "",""pol"",""ice "",""off"",""icer"","" "",""conduct"",""ing "",""t"",""he "",""t"",""raff"",""ic "",""st"",""op "",""t"",""o "",""order"","" "",""hi m "",""back"","" "",""acr"",""oss, "",""t"",""wice.""]",96
1195,devtest,198,"According to police, the driver of the vehicle that hit the photographer is unlikely to face criminal charges.","[""Ac"",""c"",""or"",""din"",""g "",""t"",""o "",""police, "",""t"",""he "",""driver"","" "",""of "",""t"",""he "",""ve hi cle "",""t"",""hat "",""hi t "",""t"",""he "",""phot"",""ograph"",""er"","" "",""is "",""unl"",""ikel"",""y "",""t"",""o "",""face "",""crimin"",""al "",""char"",""g es.""]",36
1196,devtest,199,"With only eighteen medals available a day, a number of countries have failed to make the medal podium.","[""W"",""it"",""h "",""only "",""eigh te en  "",""med"",""als "",""availab"",""le "",""a "",""day, "",""a "",""number"","" "",""of "",""count"",""ri es  "",""have "",""failed "",""t"",""o "",""make "",""t"",""he "",""med"",""al "",""podium.""]",27
1197,devtest,200,"They include the Netherlands, with Anna Jochemsen finishing ninth in the women's standing class in the Super-G yesterday, and Finland with Katja Saarinen finishing tenth in the same event.","[""T"",""hey "",""incl"",""ude "",""t"",""he "",""Net"",""her"",""l"",""ands, "",""wit"",""h "",""Ann"",""a "",""Jochem"",""s en  "",""fin"",""is hi n"",""g "",""nint"",""h "",""in "",""t"",""he "",""wom en '"",""s "",""st"",""anding "",""class"","" "",""in "",""t"",""he "",""Super"",""-"",""G "",""y es te r"",""day, "",""and "",""Fin"",""l"",""and "",""wit"",""h "",""Kat"",""ja "",""Saarin en  "",""fin"",""is hi n"",""g "",""te nt"",""h "",""in "",""t"",""he "",""same "",""ev en t"","".""]",58
1198,devtest,201,Australia's Mitchell Gourley finished eleventh in the men's standing Super-G. Czech competitor Oldrich Jelinek finished sixteenth in the men's sitting Super-G.,"[""Au"",""s"",""t"",""ralia'"",""s "",""Mit"",""chel"",""l"","" "",""Gourl"",""ey "",""fin"",""ished "",""elev en t"",""h "",""in "",""t"",""he "",""m en's "",""st"",""anding "",""Super"",""-"",""G. "",""Czech "",""comp"",""etit"",""or "",""Oldr"",""ich "",""Jel"",""inek "",""fin"",""ished "",""six te en"",""t"",""h "",""in "",""t"",""he "",""m en's "",""sit"",""ting "",""Super"",""-"",""G.""]",46
1199,devtest,202,Arly Velasquez of Mexico finished fifteenth in the men's sitting Super-G. New Zealand's Adam Hall finished ninth in the men's standing Super-G.,"[""Ar"",""l"",""y "",""Vel"",""asquez"","" "",""of "",""Mexic"",""o "",""fin"",""ished "",""fif te en t"",""h "",""in "",""t"",""he "",""m en's "",""sit"",""ting "",""Super"",""-"",""G. "",""New "",""Zealan"",""d'"",""s "",""Adam "",""Hal"",""l"","" "",""fin"",""ished "",""nint"",""h "",""in "",""t"",""he "",""m en's "",""st"",""anding "",""Super"",""-"",""G.""]",43
1200,devtest,203,Poland's men's visually impaired skier Maciej Krezel and guide Anna Ogarzynska finished thirteenth in the Super-G. South Korea's Jong Seork Park finished twenty-fourth in the men's sitting Super-G.,"[""P"",""ol"",""an"",""d'"",""s "",""m en's "",""visuall"",""y "",""impaired "",""skier "",""Maciej "",""Krezel "",""and "",""guid"",""e "",""Ann"",""a "",""Ogarzyn"",""ska "",""fin"",""ished "",""t"",""hi r te en t"",""h "",""in "",""t"",""he "",""Super"",""-"",""G. "",""Sout"",""h "",""Kor"",""ea'"",""s "",""Jon"",""g "",""Seork "",""Park "",""fin"",""ished "",""t"",""w en ty-"",""four"",""t"",""h "",""in "",""t"",""he "",""m en's "",""sit"",""ting "",""Super"",""-"",""G.""]",55
1201,devtest,204,"UN peacekeepers, whom arrived in Haiti after the 2010 earthquake, are being blamed for the spread of the disease which started near the troop's encampment.","[""U"",""N"","" "",""peacek"",""eeper"",""s, "",""whom"","" "",""arr"",""ived "",""in "",""Hait"",""i "",""af te r"","" "",""t"",""he "",""2010 "",""eart"",""hquak"",""e, "",""are "",""being "",""blamed "",""for"","" "",""t"",""he "",""spread "",""of "",""t"",""he "",""disease"","" "",""w hi ch "",""st"",""ar te d "",""near"","" "",""t"",""he "",""t"",""roop"",""'"",""s "",""en campm en t"","".""]",47
1202,devtest,205,"According to the lawsuit, waste from the UN camp was not properly sanitized, causing bacteria to enter the tributary of the Artibonite River, one of Haiti's largest.","[""Ac"",""c"",""or"",""din"",""g "",""t"",""o "",""t"",""he "",""lawsuit"","", "",""was te  "",""from "",""t"",""he "",""UN "",""camp"","" "",""was "",""not"","" "",""prop"",""erl"",""y "",""sanit"",""ized, "",""causing "",""bac te r"",""ia "",""t"",""o "",""en te r "",""t"",""he "",""t"",""ributary "",""of "",""t"",""he "",""Art"",""iboni te  "",""River"","", "",""one "",""of "",""Hait"",""i'"",""s "",""lar"",""g es t"","".""]",51
1203,devtest,206,"Prior to the arrival of troops, Haiti had not encountered problems related to the disease since the 1800s.","[""P"",""r"",""ior"","" "",""t"",""o "",""t"",""he "",""arr"",""ival "",""of "",""t"",""roop"",""s, "",""Hait"",""i "",""had "",""not"","" "",""en coun te r"",""ed "",""problem"",""s "",""rel"",""a te d "",""t"",""o "",""t"",""he "",""disease"","" "",""sin"",""ce "",""t"",""he "",""1800s.""]",36
1204,devtest,207,The Haitian Institute for Justice and Democracy has referenced independent studies that suggest the Nepalese UN peacekeeping battalion unknowingly brought the disease to Haiti.,"[""T"",""he "",""Hait"",""ian "",""Inst"",""it"",""u te  "",""for"","" "",""Just"",""ice "",""and "",""Democracy "",""has "",""refer"",""en ced "",""indep en d en t"","" "",""st"",""udi es  "",""t"",""hat "",""sugg es t"","" "",""t"",""he "",""Nep"",""al es e "",""UN "",""peacek"",""eepin"",""g "",""bat"",""talion"","" "",""unkn"",""owingl"",""y "",""brough"",""t"","" "",""t"",""he "",""disease"","" "",""t"",""o "",""Hait"",""i.""]",49
1205,devtest,208,"Danielle Lantagne, a UN expert on the disease, stated the outbreak was likely caused by the peacekeepers.","[""D"",""an"",""iel"",""l"",""e "",""Lan"",""t"",""agne, "",""a "",""UN "",""exper"",""t"","" "",""on "",""t"",""he "",""disease"","", "",""st"",""a te d "",""t"",""he "",""out"",""break "",""was "",""likel"",""y "",""cause"",""d "",""by "",""t"",""he "",""peacek"",""eeper"",""s.""]",35
1206,devtest,209,Hamilton confirmed Howard University Hospital admitted the patient in stable condition.,"[""H"",""am"",""il"",""t"",""on "",""conf"",""irmed"","" "",""Howard "",""Univer"",""sit"",""y "",""Hospit"",""al "",""admit te d "",""t"",""he "",""pat"",""i en t "",""in "",""st"",""able "",""condit"",""ion"","".""]",25
1207,devtest,210,"The patient had been to Nigeria, where some cases of the Ebola virus have occurred.","[""T"",""he "",""pat"",""i en t "",""had "",""be en  "",""t"",""o "",""Nigeria, "",""wher"",""e "",""som"",""e "",""cas es  "",""of "",""t"",""he "",""Ebola "",""vi ru s "",""have "",""occur"",""red.""]",22
1208,devtest,211,"The hospital has followed protocol for infection control, including separating the patient from others to prevent possible infection of others.","[""T"",""he "",""hospit"",""al "",""has "",""foll"",""owed "",""prot"",""ocol"","" "",""for"","" "",""infect"",""ion "",""cont"",""rol, "",""incl"",""udin"",""g "",""separat"",""ing "",""t"",""he "",""pat"",""i en t "",""from "",""ot"",""hers "",""t"",""o "",""prev en t"","" "",""possib"",""le "",""infect"",""ion "",""of "",""ot"",""hers.""]",39
1209,devtest,212,Before The Simpsons Simon had worked on several shows in various positions.,"[""B"",""ef"",""or"",""e "",""T"",""he "",""Sim"",""pson"",""s "",""Sim"",""on"","" "",""had "",""wor"",""ked "",""on "",""sever"",""al "",""show"",""s "",""in "",""various "",""posit"",""ion"",""s.""]",25
1210,devtest,213,"During the 1980s he worked on shows such as Taxi, Cheers, and The Tracy Ullman Show.","[""D"",""ur"",""in"",""g "",""t"",""he "",""1980s "",""he "",""wor"",""ked "",""on "",""show"",""s "",""such "",""as "",""T"",""axi, "",""Cheer"",""s, "",""and "",""T"",""he "",""T"",""racy "",""Ull"",""man"","" "",""Show"","".""]",29
1211,devtest,214,"In 1989 he helped create The Simpsons with Brooks and Groening, and was responsible for hiring the show's first writing team.","[""In "",""1989 "",""he "",""hel"",""ped "",""crea te  "",""T"",""he "",""Sim"",""pson"",""s "",""wit"",""h "",""Brooks "",""and "",""Gro en in"",""g, "",""and "",""was "",""r es pon"",""sib"",""le "",""for"","" "",""hi ring "",""t"",""he "",""show"",""'"",""s "",""first"","" "",""writ"",""ing "",""te am.""]",35
1212,devtest,215,"Despite leaving the show in 1993 he kept the title of executive producer, and continued to receive tens of millions of dollars every season in royalties.","[""D"",""es pi te  "",""leaving "",""t"",""he "",""show"","" "",""in "",""1993 "",""he "",""kept "",""t"",""he "",""t"",""itle "",""of "",""execut"",""ive "",""produc"",""er"","", "",""and "",""cont"",""inued "",""t"",""o "",""recei"",""ve "",""te ns "",""of "",""mil"",""lion"",""s "",""of "",""doll"",""ars "",""ever"",""y "",""season"","" "",""in "",""royalt"",""i es.""]",43
1213,devtest,216,Earlier the Chinese news agency Xinhua reported a plane to be hijacked.,"[""E"",""ar"",""l"",""ier"","" "",""t"",""he "",""C hi n es e "",""news "",""ag en cy "",""Xin"",""hua "",""repor te"",""d "",""a "",""plan"",""e "",""t"",""o "",""be "",""hi jacked.""]",21
1214,devtest,217,"Later reports then stated the plane received a bomb threat and was diverted back to Afghanistan, landing in Kandahar.","[""L"",""a te r"","" "",""rep"",""ort"",""s "",""t"",""h en  "",""st"",""a te d "",""t"",""he "",""plan"",""e "",""recei"",""ved "",""a "",""bomb"","" "",""t"",""hreat "",""and "",""was "",""diver"",""te d "",""back"","" "",""t"",""o "",""Afghanist"",""an, "",""landin"",""g "",""in "",""Kandahar.""]",35
1215,devtest,218,The early reports say the plane was diverted back to Afghanistan after being denied an emergency landing in Ürümqi.,"[""T"",""he "",""earl"",""y "",""report"",""s "",""say "",""t"",""he "",""plan"",""e "",""was "",""diver"",""te d "",""back"","" "",""t"",""o "",""Afghanist"",""an "",""af te r"","" "",""being "",""d en ied "",""an "",""emer"",""g en c"",""y "",""landing "",""in "",""Ürümqi.""]",31
1216,devtest,219,"Air accidents are common in Iran, which has an aging fleet that is poorly maintained both for civil and military operations.","[""Air"","" "",""accid en t"",""s "",""are "",""comm"",""on "",""in "",""Iran, "",""w hi ch "",""has "",""an "",""agin"",""g "",""fleet"","" "",""t"",""hat "",""is "",""poorl"",""y "",""maint"",""ained "",""bot"",""h "",""for"","" "",""civil"","" "",""and "",""mil"",""it"",""ary "",""operat"",""ion"",""s.""]",36
1217,devtest,220,International sanctions have meant that new aircraft cannot be purchased.,"[""In te r"",""nat"",""ion"",""al "",""sanct"",""ions "",""have "",""meant"","" "",""t"",""hat "",""new "",""aircr"",""aft"","" "",""cannot"","" "",""be "",""purchased.""]",19
1218,devtest,221,"Earlier this week, a police helicopter crash killed three people and wounded three more.","[""E"",""ar"",""l"",""ier"","" "",""t"",""hi s "",""week, "",""a "",""pol"",""ice "",""hel"",""icop"",""te"",""r "",""crash "",""killed "",""t"",""hree "",""people "",""and "",""wound"",""ed "",""t"",""hree "",""mor"",""e.""]",27
1219,devtest,222,"Last month Iran saw its worst air disaster in years when an airliner heading to Armenia crashed, killing the 168 on board.","[""L"",""ast"","" "",""mon"",""t"",""h "",""Iran "",""saw "",""its "",""wor"",""st"","" "",""air "",""disas te r"","" "",""in "",""year"",""s "",""wh en  "",""an "",""airl"",""in"",""er"","" "",""heading "",""t"",""o "",""Arm en ia "",""crashed, "",""kill"",""ing "",""t"",""he "",""168 "",""on "",""board"","".""]",37
1220,devtest,223,"The same month saw another airliner overrun a runway at Mashhad and strike a wall, killing seventeen.","[""T"",""he "",""same "",""mon"",""t"",""h "",""saw "",""anot"",""her "",""airl"",""in"",""er"","" "",""over"",""ru n "",""a "",""ru nway "",""at"","" "",""Mashhad "",""and "",""st"",""rike "",""a "",""wall"","", "",""kill"",""ing "",""sev en te en"","".""]",30
1221,devtest,224,Aerosmith have cancelled their remaining concerts on their tour.,"[""Ae"",""r"",""osm"",""it"",""h "",""have "",""canc"",""el"",""l"",""ed "",""t"",""heir "",""rem"",""aining "",""conc"",""er"",""t"",""s "",""on "",""t"",""heir "",""t"",""our.""]",23
1222,devtest,225,The rock band was due to tour the United States and Canada until September 16.,"[""T"",""he "",""rock "",""band "",""was "",""due "",""t"",""o "",""t"",""our "",""t"",""he "",""Uni te d "",""St"",""a te s "",""and "",""Canada "",""unt"",""il "",""Sep te mber"","" "",""16.""]",22
1223,devtest,226,They have cancelled the tour after lead singer Steven Tyler was injured after he fell off stage while performing on August 5.,"[""T"",""hey "",""have "",""canc"",""el"",""l"",""ed "",""t"",""he "",""t"",""our "",""af te r"","" "",""lead "",""sin"",""ger"","" "",""S te v en  "",""T"",""yler "",""was "",""injured "",""af te r"","" "",""he "",""fell"","" "",""off"","" "",""st"",""age "",""w hi le "",""performin"",""g "",""on "",""August"","" "",""5.""]",38
1224,devtest,227,Murray lost the first set in a tie break after both men held each and every serve in the set.,"[""M"",""ur"",""r"",""ay "",""lost"","" "",""t"",""he "",""first"","" "",""set"","" "",""in "",""a "",""t"",""ie "",""break "",""af te r"","" "",""bot"",""h "",""m en  "",""hel"",""d "",""each "",""and "",""ever"",""y "",""ser"",""ve "",""in "",""t"",""he "",""set"","".""]",35
1225,devtest,228,"Del Potro had the early advantage in the second set, but this too required a tie break after reaching 6-6.","[""D"",""el"","" "",""Pot"",""ro "",""had "",""t"",""he "",""earl"",""y "",""adv"",""ant"",""age "",""in "",""t"",""he "",""second"","" "",""set"","", "",""but"","" "",""t"",""hi s "",""t"",""oo "",""requir"",""ed "",""a "",""t"",""ie "",""break "",""af te r"","" "",""reac hi ng "",""6-"",""6.""]",37
1226,devtest,229,Potro received treatment to his shoulder at this point but managed to return to the game.,"[""P"",""ot"",""ro "",""recei"",""ved "",""t"",""reatm en t"","" "",""t"",""o "",""hi s "",""should"",""er"","" "",""at"","" "",""t"",""hi s "",""point"","" "",""but"","" "",""man"",""ag"",""ed "",""t"",""o "",""ret"",""urn "",""t"",""o "",""t"",""he "",""game.""]",34
1227,devtest,230,The program started at 8:30 p.m. local time (15.00 UTC).,"[""T"",""he "",""program"","" "",""st"",""ar te d "",""at"","" "",""8:3"",""0 "",""p.m"","". "",""local"","" "",""t"",""ime "",""(15.0"",""0 "",""UTC).""]",19
1228,devtest,231,"Famous singers across the country presented bhajans, or devotional songs, to Shri Shyam's feet.","[""F"",""am"",""ou"",""s "",""sin"",""ger"",""s "",""acr"",""oss "",""t"",""he "",""count"",""ry "",""pr es en te d "",""bhajans, "",""or"","" "",""devotional "",""son"",""gs, "",""t"",""o Shri "",""Shyam'"",""s "",""feet"","".""]",26
1229,devtest,232,"Singer Sanju Sharma started the evening, followed by Jai Shankar Choudhary. esented the chhappan bhog bhajan as well. Singer, Raju Khandelwal was accompanying him.","[""S"",""in"",""ger"","" "",""San"",""ju "",""Sharma "",""st"",""ar te d "",""t"",""he "",""ev en ing, "",""foll"",""owed "",""by "",""Jai "",""Shank"",""ar "",""Choudhary. "",""es en te d "",""t"",""he "",""chhapp"",""an"","" "",""bhog "",""bhajan "",""as "",""well"","". "",""Sin"",""ger"","", "",""Raju "",""Khandel"",""wal "",""was "",""accomp"",""an"",""ying "",""hi m.""]",41
1230,devtest,233,"Then, Lakkha Singh took the lead in singing the bhajans.","[""T"",""h en, "",""Lakkha "",""Sin"",""gh "",""t"",""ook "",""t"",""he "",""lead "",""in "",""sin"",""gin"",""g "",""t"",""he "",""bhajans.""]",17
1231,devtest,234,"108 plates of Chhappan Bhog (in Hinduism, 56 different edible items, like, sweets, fruits, nuts, dishes etc. which are offered to deity) were served to Baba Shyam.","[""108 "",""pla te s "",""of "",""Chhapp"",""an"","" "",""Bhog"","" "",""(in "",""Hinduism"","", "",""56 "",""differ"",""en t"","" "",""edible "",""i te ms, "",""like, "",""sweet"",""s, "",""f ru it"",""s, "",""nut"",""s, "",""dish es  "",""et"",""c. "",""w hi ch "",""are "",""off"",""ered "",""t"",""o "",""deity)"","" "",""wer"",""e "",""ser"",""ved "",""t"",""o "",""Baba "",""Shyam.""]",43
1232,devtest,235,"Lakkha Singh presented the chhappan bhog bhajan as well. Singer, Raju Khandelwal was accompanying him.","[""L"",""akkha "",""Sin"",""gh "",""pr es en te d "",""t"",""he "",""chhapp"",""an"","" "",""bhog "",""bhajan "",""as "",""well"","". "",""Sin"",""ger"","", "",""Raju "",""Khandel"",""wal "",""was "",""accomp"",""an"",""ying "",""hi m.""]",26
1233,devtest,236,"At Thursday's keynote presentation of the Tokyo Game Show, Nintendo president Satoru Iwata unveiled the controller design for the company's new Nintendo Revolution console.","[""At"","" "",""T"",""hursd"",""ay'"",""s "",""keyn"",""o te  "",""pr es en t"",""ation"","" "",""of "",""t"",""he "",""T"",""okyo "",""Game "",""Show"","", "",""Nin te ndo "",""pr es id en t"","" "",""Sat"",""o ru  "",""Iwata "",""unveiled "",""t"",""he "",""cont"",""roll"",""er "",""d es ign"","" "",""for"","" "",""t"",""he "",""comp"",""any'"",""s "",""new "",""Nin te ndo "",""Rev"",""olution"","" "",""consol"",""e.""]",47
1234,devtest,237,"Resembling a television remote, the controller uses two sensors placed near the user's television to triangulate its position in three-dimensional space.","[""R"",""es em"",""blin"",""g "",""a "",""te levision"","" "",""rem"",""o te, "",""t"",""he "",""cont"",""roll"",""er "",""us es  "",""t"",""wo "",""s en sors "",""placed "",""near"","" "",""t"",""he "",""user'"",""s "",""te levision"","" "",""t"",""o "",""t"",""riangul"",""a te  "",""its "",""posit"",""ion"","" "",""in "",""t"",""hree-"",""dim en sion"",""al "",""space.""]",42
1235,devtest,238,This will allow players to control actions and movements in video games by moving the device through the air.,"[""T"",""hi s "",""will"","" "",""all"",""ow "",""players "",""t"",""o "",""cont"",""rol "",""act"",""ions "",""and "",""movem en t"",""s "",""in "",""video "",""gam es  "",""by "",""moving "",""t"",""he "",""device "",""t"",""hrough"","" "",""t"",""he "",""air.""]",30
1236,devtest,239,Giancarlo Fisichella lost control of his car and ended the race very soon after the start.,"[""G"",""ian"",""carl"",""o "",""Fisic"",""hel"",""l"",""a "",""lost"","" "",""cont"",""rol "",""of "",""hi s "",""car"","" "",""and "",""en ded "",""t"",""he "",""race "",""ver"",""y "",""soon"","" "",""af te r"","" "",""t"",""he "",""st"",""art.""]",31
1237,devtest,240,"His teammate Fernando Alonso was in the lead for most of the race, but ended it right after his pit-stop, probably because a badly tucked right front wheel.","[""H"",""is "",""te amm"",""a te  "",""Fer"",""nando "",""Alon"",""so "",""was "",""in "",""t"",""he "",""lead "",""for"","" "",""most"","" "",""of "",""t"",""he "",""race, "",""but"","" "",""en ded "",""it "",""right"","" "",""af te r"","" "",""hi s "",""pit"",""-"",""st"",""op, "",""probab"",""ly "",""because"","" "",""a "",""badl"",""y "",""t"",""ucked "",""right"","" "",""front"","" "",""wheel"","".""]",49
1238,devtest,241,"Michael Schumacher ended his race not long after Alonso, because of the suspension damage in the numerous battles during the race.","[""M"",""ic"",""hael"","" "",""Schumacher"","" "",""en ded "",""hi s "",""race "",""not"","" "",""long "",""af te r"","" "",""Alon"",""so, "",""because"","" "",""of "",""t"",""he "",""susp"",""en s"",""ion"","" "",""damag"",""e "",""in "",""t"",""he "",""numer"",""ous "",""bat"",""tl es  "",""during "",""t"",""he "",""race.""]",38
1239,devtest,242,"""She’s very cute and sings quite well, too,"" he said according to a transcript of the news conference.","[""\"""",""She’"",""s "",""ver"",""y "",""cu te  "",""and "",""sin"",""gs "",""qui te  "",""well"","", "",""t"",""oo,\"""","" "",""he "",""said "",""accor"",""din"",""g "",""t"",""o "",""a "",""t"",""ransc"",""ript "",""of "",""t"",""he "",""news "",""conf"",""er en ce.""]",32
1240,devtest,243,"""I was moved every time we did a rehearsal on this, from the bottom of my heart.""","[""\"""",""I "",""was "",""moved "",""ever"",""y "",""t"",""ime "",""we "",""did "",""a "",""reh"",""ear"",""sal "",""on "",""t"",""hi s, "",""fr"",""om "",""t"",""he "",""bot"",""tom "",""of "",""my "",""heart"","".\""""]",27
1241,devtest,244,"Around 3 minutes into the launch, an on-board camera showed numerous pieces of insulation foam break away from the fuel tank.","[""Ar"",""ou"",""nd"","" "",""3 "",""min"",""u te s "",""int"",""o "",""t"",""he "",""launch, "",""an "",""on-"",""board"","" "",""camer"",""a "",""show"",""ed "",""numer"",""ous "",""piec es  "",""of "",""insu"",""lat"",""ion"","" "",""foam "",""break "",""away "",""fr"",""om "",""t"",""he "",""fuel"","" "",""t"",""ank.""]",39
1242,devtest,245,"However, they are not thought to have caused any damage to the shuttle.","[""H"",""ow"",""ever"","", "",""t"",""hey "",""are "",""not"","" "",""t"",""hough"",""t "",""t"",""o "",""have "",""cause"",""d "",""any "",""damag"",""e "",""t"",""o "",""t"",""he "",""shuttle.""]",25
1243,devtest,246,"NASA's shuttle program chief N. Wayne Hale Jr. said the foam had fallen ""after the time we are concerned about.""","[""N"",""ASA'"",""s "",""shuttle "",""program"","" "",""c hi ef "",""N. "",""Wayne "",""Hal"",""e "",""Jr. "",""said "",""t"",""he "",""foam "",""had "",""fall"",""en  "",""\"""",""af te r"","" "",""t"",""he "",""t"",""ime "",""we "",""are "",""conc"",""er"",""ned "",""about"","".\""""]",33
1244,devtest,247,"Five minutes into the display a wind starts rolling in, about a minute later, the wind is reaching 70km/h... then the rain comes, but so hard and so large that it slaps your skin like a needle, then hail fell from the sky, people panicking and screaming and running over each other.","[""F"",""iv"",""e "",""min"",""u te s "",""int"",""o "",""t"",""he "",""disp"",""lay "",""a "",""win"",""d "",""st"",""arts "",""roll"",""ing "",""in, "",""about"","" "",""a "",""min"",""u te  "",""la te r, "",""t"",""he "",""win"",""d "",""is "",""reac hi ng "",""70km/"",""h... "",""t"",""h en  "",""t"",""he "",""rain "",""com es, "",""but"","" "",""so "",""har"",""d"","" "",""and "",""so "",""lar"",""ge "",""t"",""hat "",""it "",""slaps "",""your "",""skin "",""like "",""a "",""needl"",""e, "",""t"",""h en  "",""hail "",""fell"","" "",""from "",""t"",""he "",""sky, "",""people "",""panicking "",""and "",""scr"",""eaming "",""and "",""ru nning "",""over"","" "",""each "",""ot"",""her.""]",80
1245,devtest,248,"I lost my sister and her friend, and on my way there were two disabled people in wheelchairs, people just jumping over and pushing them,"" Armand Versace said.","[""I "",""lost"","" "",""my "",""sis te r"","" "",""and "",""her"","" "",""fri en d, "",""and "",""on "",""my "",""way "",""t"",""here "",""were "",""t"",""wo "",""disabled "",""people "",""in "",""wheel"",""chairs, "",""peop"",""le "",""just"","" "",""jumping "",""over"","" "",""and "",""pus hi n"",""g "",""t"",""hem,\"""","" "",""Arman"",""d "",""Ver"",""sace "",""said.""]",42
1246,devtest,249,NHK also reported that the Kashiwazaki Kariwa nuclear power plant in Niigata prefecture was operating normally.,"[""N"",""H"",""K "",""also "",""repor te"",""d "",""t"",""hat "",""t"",""he "",""Kas hi wazaki "",""Kariwa "",""nucl"",""ear"","" "",""power "",""plan"",""t"","" "",""in "",""Niigat"",""a "",""prefect"",""ure "",""was "",""operat"",""ing "",""nor"",""mall"",""y.""]",30
1247,devtest,250,Hokuriku Electric Power Co. reported no effects from the earthquake and that the Number 1 and 2 reactors at its Shika nuclear power plant were shut down.,"[""H"",""ok"",""uriku "",""Elect"",""ric "",""Power "",""Co. "",""rep"",""or te"",""d "",""no "",""effect"",""s "",""from "",""t"",""he "",""eart"",""hquak"",""e "",""and "",""t"",""hat "",""t"",""he "",""Number"","" "",""1 "",""and "",""2 "",""react"",""ors "",""at"","" "",""its "",""S hi ka "",""nucl"",""ear "",""power "",""plan"",""t"","" "",""were "",""shut "",""down"","".""]",45
1248,devtest,251,It is reported that some 9400 homes in the region are without water and approximately 100 without electricity.,"[""It"","" "",""is "",""repor te"",""d "",""t"",""hat "",""som"",""e "",""9400 "",""hom"",""es  "",""in "",""t"",""he "",""region"","" "",""are "",""wit"",""hout "",""wa te r "",""and "",""appr"",""oxima te l"",""y "",""100 "",""wit"",""hout "",""elect"",""ricit"",""y.""]",31
1249,devtest,252,"Some roads have been damaged, railway service interrupted in the affected areas, and the Noto Airport in Ishikawa prefecture remains closed.","[""S"",""om"",""e "",""roads "",""have "",""be en  "",""damag"",""ed, "",""railway "",""ser"",""vice "",""in te r"",""ru p te d "",""in "",""t"",""he "",""aff"",""ec te d "",""areas, "",""and "",""t"",""he "",""Not"",""o "",""Airport"","" "",""in "",""Is hi kaw"",""a "",""prefect"",""ure "",""rem"",""ains "",""close"",""d.""]",35
1250,devtest,253,One bomb exploded outside the governor general's office.,"[""On"",""e "",""bomb"","" "",""exploded "",""out"",""side "",""t"",""he "",""governor"","" "",""g en er"",""al'"",""s "",""off"",""ice.""]",16
1251,devtest,254,Three more bombs exploded near government buildings in a period of two hours.,"[""T"",""hr"",""ee "",""mor"",""e "",""bomb"",""s "",""exploded "",""near"","" "",""governm en t"","" "",""build"",""in"",""gs "",""in "",""a "",""period"","" "",""of "",""t"",""wo "",""hours.""]",23
1252,devtest,255,"Some reports put the official death toll at eight, and official reports confirm that up to 30 were injured; but final numbers are not yet known.","[""S"",""om"",""e "",""rep"",""ort"",""s "",""put"","" "",""t"",""he "",""off"",""icial"","" "",""deat"",""h "",""t"",""oll"","" "",""at"","" "",""eight"","", "",""and "",""off"",""icial"","" "",""report"",""s "",""conf"",""irm "",""t"",""hat "",""up "",""t"",""o "",""30 "",""were "",""injured; "",""but"","" "",""fin"",""al "",""number"",""s "",""are "",""not"","" "",""yet"","" "",""known.""]",50
1253,devtest,256,Both cyanuric acid and melamine were found in urine samples from pets that died after consuming contaminated pet food.,"[""B"",""ot"",""h "",""cyanuric "",""acid "",""and "",""mel"",""amine "",""wer"",""e "",""found"","" "",""in "",""urine "",""sampl"",""es  "",""fr"",""om "",""pet"",""s "",""t"",""hat "",""died "",""af te r"","" "",""consu"",""m"",""ing "",""cont"",""amina te d "",""pet"","" "",""food.""]",33
1254,devtest,257,"The two compounds react with one another to form crystals that may block kidney function, researchers at the university said.","[""T"",""he "",""t"",""wo "",""comp"",""ound"",""s "",""react"","" "",""wit"",""h "",""one "",""anot"",""her "",""t"",""o "",""for"",""m "",""cryst"",""als "",""t"",""hat "",""may "",""block "",""kidney "",""funct"",""ion, "",""r es ear"",""ch"",""er"",""s "",""at"","" "",""t"",""he "",""univer"",""sit"",""y "",""said.""]",39
1255,devtest,258,The researchers observed crystals formed in cat urine by the addition of melamine and cyanuric acid.,"[""T"",""he "",""r es ear"",""ch"",""er"",""s "",""obser"",""ved "",""cryst"",""als "",""for"",""med"","" "",""in "",""cat"","" "",""urine "",""by "",""t"",""he "",""addit"",""ion"","" "",""of "",""mel"",""amine "",""and "",""cyanuric "",""acid.""]",29
1256,devtest,259,The composition of these crystals matches those found in the urine of affected pets when compared by infrared spectroscopy (FTIR).,"[""T"",""he "",""comp"",""osit"",""ion"","" "",""of "",""t"",""h es e "",""cryst"",""als "",""mat"",""ch es  "",""t"",""hose "",""found"","" "",""in "",""t"",""he "",""urine "",""of "",""aff"",""ec te d "",""pet"",""s "",""wh en  "",""comp"",""ared "",""by "",""infr"",""ared "",""spect"",""rosc"",""op"",""y "",""(FT"",""IR).""]",38
1257,devtest,260,"I don't know if you realize it or not, but most of the goods from Central America came into this country duty-free.","[""I "",""don't"","" "",""know "",""if you "",""realize "",""it "",""or "",""not"","", "",""but"","" "",""most"","" "",""of "",""t"",""he "",""goods "",""from "",""C en t"",""ral "",""Amer"",""ica "",""came "",""int"",""o "",""t"",""hi s "",""count"",""ry "",""dut"",""y-"",""fr"",""ee.""]",34
1258,devtest,261,Yet eighty percent of our goods were taxed through tariffs in Central American countries. we treat you.,"[""Y"",""et"","" "",""eight"",""y "",""perc en t"","" "",""of "",""our "",""good"",""s "",""were "",""t"",""axed "",""t"",""hrough"","" "",""t"",""ariffs "",""in "",""C en t"",""ral "",""Amer"",""ican"","" "",""count"",""ri es. "",""we "",""t"",""reat "",""you.""]",31
1259,devtest,262,That didn't seem to make sense to me; it certainly wasn't fair.,"[""T"",""hat "",""didn't"","" "",""see"",""m "",""t"",""o "",""make "",""s en se "",""t"",""o "",""me; "",""it "",""cer"",""t"",""ainl"",""y "",""wasn't"","" "",""fair.""]",21
1260,devtest,263,All I say to people is you treat us the way we treat you.,"[""Al"",""l"","" "",""I "",""say "",""t"",""o "",""people "",""is "",""you "",""t"",""reat "",""us "",""t"",""he "",""way "",""we "",""t"",""reat "",""you.""]",20
1261,devtest,264,California Governor Arnold Schwarzenegger signed into law a bill that bans the sale or rental of violent video games to minors.,"[""C"",""al"",""if"",""or"",""nia "",""Governor"","" "",""Arnold "",""Schwarz en egger"","" "",""sign"",""ed "",""int"",""o "",""law "",""a "",""bill"","" "",""t"",""hat "",""bans "",""t"",""he "",""sal"",""e "",""or "",""r en t"",""al "",""of "",""viol"",""en t"","" "",""video "",""gam es  "",""t"",""o "",""min"",""ors.""]",38
1262,devtest,265,"The bill requires violent video games sold in the state of California to be labeled with a decal reading ""18"" and makes their sale to a minor punishable by a fine of $1000 per offense.","[""T"",""he "",""bill"","" "",""requir"",""es  "",""viol"",""en t"","" "",""video "",""gam es  "",""sol"",""d "",""in "",""t"",""he "",""st"",""a te  "",""of "",""Cal"",""ifor"",""nia "",""t"",""o "",""be "",""labeled "",""wit"",""h "",""a "",""decal "",""read"",""ing "",""\"""",""18\"""","" "",""and "",""mak es  "",""t"",""heir "",""sal"",""e "",""t"",""o "",""a "",""min"",""or "",""punishab"",""le "",""by "",""a "",""fin"",""e "",""of "",""$100"",""0 "",""per "",""off"",""en se.""]",58
1263,devtest,266,"The Director of Public Prosecutions, Kier Starmer QC, gave a statement this morning announcing the prosecution of both Huhne and Pryce.","[""T"",""he "",""Direct"",""or "",""of "",""Public"","" "",""Prose"",""cut"",""ion"",""s, "",""Kier"","" "",""St"",""armer"","" "",""QC, "",""gave "",""a "",""st"",""a te m en t"","" "",""t"",""hi s "",""mor"",""ning "",""ann"",""ounc"",""ing "",""t"",""he "",""prose"",""cut"",""ion"","" "",""of "",""bot"",""h "",""Huhne "",""and "",""Pryce.""]",41
1264,devtest,267,Huhne has resigned and he will be replaced in the Cabinet by Ed Davey MP. Norman Lamb MP is expected to take the Business Minister job Davey is vacating.,"[""H"",""uhn"",""e "",""has "",""r es ign"",""ed "",""and "",""he "",""will"","" "",""be "",""repl"",""aced "",""in "",""t"",""he "",""Cabinet"","" "",""by "",""Ed "",""Davey "",""MP. "",""Nor"",""man"","" "",""Lamb "",""MP "",""is "",""expec te d "",""t"",""o "",""t"",""ake "",""t"",""he "",""Busin es s"","" "",""Min"",""is te r"","" "",""job "",""Davey "",""is "",""vacating.""]",44
1265,devtest,268,Huhne and Pryce are scheduled to appear at the Westminster Magistrates Court on February 16.,"[""H"",""uhn"",""e "",""and "",""Pryce "",""are "",""schedul"",""ed "",""t"",""o "",""appear "",""at"","" "",""t"",""he "",""W es t"",""mins te r"","" "",""Mag"",""ist"",""ra te s "",""Cour"",""t"","" "",""on "",""Feb ru ar"",""y "",""16.""]",28
1266,devtest,269,"The fatalities were Nicholas Alden, 25, and Zachary Cuddeback, 21. Cuddeback had been the driver.","[""T"",""he "",""fat"",""aliti es  "",""were "",""Nic"",""hol"",""as "",""Ald en, "",""25, "",""and "",""Zachary "",""Cuddeb"",""ack"","", "",""21. "",""Cuddeb"",""ack"","" "",""had "",""be en  "",""t"",""he "",""driver"","".""]",25
1267,devtest,270,Edgar Veguilla received arm and jaw wounds while Kristoffer Schneider was left requiring reconstructive surgery for his face.,"[""E"",""d"",""g"",""ar "",""Veguill"",""a "",""recei"",""ved "",""arm "",""and "",""jaw "",""wound"",""s "",""w hi le "",""Krist"",""off"",""er "",""Schneider"","" "",""was "",""left"","" "",""requir"",""in"",""g "",""reconst"",""ru ct"",""ive "",""sur"",""gery "",""for"","" "",""hi s "",""face.""]",34
1268,devtest,271,"Uka's weapon failed whilst pointed at a fifth man's head. Schneider has ongoing pain, blindness in one eye, a missing section of skull and a face rebuilt from titanium.","[""U"",""ka'"",""s "",""weap"",""on"","" "",""failed "",""w hi lst"","" "",""poin te"",""d "",""at"","" "",""a "",""fift"",""h "",""man"",""'s "",""head. "",""Schneider"","" "",""has "",""ongoing "",""pain, "",""blin"",""dn"",""es s"","" "",""in "",""one "",""eye, "",""a "",""miss"",""in"",""g "",""sect"",""ion "",""of "",""skull "",""and "",""a "",""face "",""reb"",""uilt"","" "",""from "",""t"",""itanium"","".""]",49
1269,devtest,272,Schneider testified via videolink from a USAF base in his homeland.,"[""S"",""c"",""hneider"","" "",""te st"",""ified "",""via "",""videol"",""in"",""k "",""fr"",""om "",""a "",""USAF "",""base"","" "",""in "",""hi s "",""hom"",""el"",""and.""]",21
1270,devtest,273,"Beyond Wednesday's event, Carpanedo competed in two individual races at the Championships.","[""B"",""ey"",""on"",""d"","" "",""Wedn es d"",""ay'"",""s "",""ev en t"","", "",""Car"",""panedo "",""comp"",""e te d "",""in "",""t"",""wo "",""individual"","" "",""rac es  "",""at"","" "",""t"",""he "",""Champ"",""ion"",""s hi"",""ps.""]",28
1271,devtest,274,"Her first was the Slalom, where she earned a Did Not Finish in her first run. 36 of the 116 competitors had the same result in that race.","[""H"",""er"","" "",""first"","" "",""was "",""t"",""he "",""Slalom, "",""wher"",""e "",""she "",""earned "",""a "",""Did "",""Not"","" "",""Fin"",""ish "",""in "",""her"","" "",""first"","" "",""ru n. "",""36 "",""of "",""t"",""he "",""116 "",""comp"",""etitors "",""had "",""t"",""he "",""same "",""r es ult"","" "",""in "",""t"",""hat "",""race.""]",42
1272,devtest,275,"Her other race, the Giant Slalom, saw her finish in tenth in the women's sitting group with a combined run time of 4:41.30, 2:11.60 minutes slower than first place finisher Austrian Claudia Loesch and 1:09.02 minutes slower than the ninth place finisher Gyöngyi Dani of Hungary.","[""H"",""er"","" "",""other "",""race, "",""t"",""he "",""Giant"","" "",""Slalom, "",""saw "",""her"","" "",""fin"",""ish "",""in "",""te nt"",""h "",""in "",""t"",""he "",""wom en '"",""s "",""sit"",""ting "",""group "",""wit"",""h "",""a "",""comb"",""ined "",""ru n "",""t"",""ime "",""of "",""4:4"",""1.3"",""0, "",""2:1"",""1.6"",""0 "",""min"",""u te s "",""slower "",""t"",""han "",""first"","" "",""place "",""fin"",""isher"","" "",""Aust"",""rian "",""Claudia "",""Lo es ch "",""and "",""1:0"",""9.0"",""2 "",""min"",""u te s "",""slower "",""t"",""han "",""t"",""he "",""nint"",""h "",""place "",""fin"",""isher"","" "",""Gyöngyi "",""Dani "",""of "",""Hungary.""]",77
1273,devtest,276,"Four skiers in the women's sitting group failed to finish their runs, and 45 of the 117 total skiers in the Giant Slalom failed to rank in the race.","[""F"",""ou"",""r"","" "",""skiers "",""in "",""t"",""he "",""wom en '"",""s "",""sit"",""ting "",""group "",""failed "",""t"",""o "",""fin"",""ish "",""t"",""heir "",""ru ns, "",""and "",""45 "",""of "",""t"",""he "",""117 "",""t"",""otal "",""skiers "",""in "",""t"",""he "",""Giant"","" "",""Slalom "",""failed "",""t"",""o "",""rank "",""in "",""t"",""he "",""race.""]",44
1274,devtest,277,The Madhya Pradesh Police recovered the stolen laptop and mobile phone.,"[""T"",""he "",""Madhya "",""Prad es h "",""Pol"",""ice "",""recover"",""ed "",""t"",""he "",""st"",""ol en  "",""lapt"",""op "",""and "",""mobile "",""phon"",""e.""]",18
1275,devtest,278,"Deputy Inspector General D K Arya said, ""We have arrested five persons who raped the Swiss woman and recovered her mobile and laptop"".","[""D"",""ep"",""ut"",""y "",""Insp"",""ect"",""or "",""G en er"",""al "",""D "",""K "",""Arya "",""said, "",""\"""",""W"",""e "",""have "",""arr"",""es te d "",""five "",""person"",""s "",""who "",""raped "",""t"",""he "",""Swiss "",""woman "",""and "",""recover"",""ed "",""her"","" "",""mobile "",""and "",""lapt"",""op\"""","".""]",38
1276,devtest,279,"The accused are named as Baba Kanjar, Bhutha Kanjar, Rampro Kanjar, Gaza Kanjar and Vishnu Kanjar.","[""T"",""he "",""accused "",""are "",""named "",""as "",""Baba "",""Kanjar, "",""Bhut"",""ha "",""Kanjar, "",""Rampro "",""Kanjar, "",""Gaza "",""Kanjar "",""and "",""Vishnu "",""Kanjar.""]",18
1277,devtest,280,Police superintendent Chandra Shekhar Solanki said the accused appeared in court with covered faces.,"[""P"",""ol"",""ice "",""super"",""in te n"",""d en t"","" "",""Chandr"",""a "",""Shekhar "",""Sol"",""an"",""ki "",""said "",""t"",""he "",""accused "",""appeared "",""in "",""cour"",""t"","" "",""wit"",""h "",""cover"",""ed "",""fac es.""]",27
1278,devtest,281,"Although three people were inside the house when the car impacted it, none of them were hurt.","[""Al"",""t"",""hough"","" "",""t"",""hree "",""people "",""were "",""insid"",""e "",""t"",""he "",""house "",""wh en  "",""t"",""he "",""car"","" "",""impac te d "",""it, "",""none "",""of "",""t"",""hem "",""were "",""hurt"","".""]",27
1279,devtest,282,"However, the driver sustained serious injuries to the head.","[""H"",""ow"",""ever"","", "",""t"",""he "",""driver"","" "",""sust"",""ained "",""ser"",""ious "",""injur"",""i es  "",""t"",""o "",""t"",""he "",""head.""]",19
1280,devtest,283,The road where the crash happened was temporarily closed while emergency services freed the driver from the red Audi TT.,"[""T"",""he "",""road "",""wher"",""e "",""t"",""he "",""crash "",""happ en ed "",""was "",""te mporaril"",""y "",""close"",""d "",""w hi le "",""emer"",""g en c"",""y "",""ser"",""vic es  "",""fr"",""eed"","" "",""t"",""he "",""driver"","" "",""fr"",""om "",""t"",""he "",""red"","" "",""Aud"",""i "",""T"",""T.""]",37
1281,devtest,284,He was initially hospitalised in the James Paget Hospital in Great Yarmouth.,"[""H"",""e "",""was "",""init"",""iall"",""y "",""hospit"",""alised "",""in "",""t"",""he "",""Jam es  "",""Paget "",""Hospit"",""al "",""in "",""Great"","" "",""Yar"",""mout"",""h.""]",21
1282,devtest,285,He was subsequently relocated to Addenbrooke's Hospital in Cambridge.,"[""H"",""e "",""was "",""sub"",""sequ"",""en t"",""ly "",""rel"",""oca te"",""d "",""t"",""o "",""Add"",""en b"",""rooke'"",""s "",""Hospit"",""al "",""in "",""Cambridg"",""e.""]",21
1283,devtest,286,Adekoya has since been in Edinburgh Sheriff Court charged with murdering her son.,"[""Ad"",""ek"",""oya "",""has "",""sin"",""ce "",""be en  "",""in "",""Edin"",""bur"",""gh"","" "",""Sher"",""iff "",""Cour"",""t"","" "",""char"",""ged "",""wit"",""h "",""murder"",""ing "",""her"","" "",""son"","".""]",27
1284,devtest,287,"She is in custody pending indictment and trial, but any eyewitness evidence may be tainted because her image has been widely published.","[""S"",""he "",""is "",""in "",""cust"",""ody "",""p en ding "",""indict"",""m en t"","" "",""and "",""t"",""rial, "",""but"","" "",""any "",""eyew"",""it"",""n es s"","" "",""evid en ce "",""may "",""be "",""t"",""ain te d "",""because"","" "",""her"","" "",""imag"",""e "",""has "",""be en  "",""widel"",""y "",""published.""]",36
1285,devtest,288,This is common practice elsewhere in the UK but Scottish justice works differently and courts have viewed publication of photos as potentially prejudicial.,"[""T"",""hi s "",""is "",""comm"",""on "",""pract"",""ice "",""elsewher"",""e "",""in "",""t"",""he "",""UK "",""but"","" "",""Scot"",""tish "",""just"",""ice "",""wor"",""ks "",""differ"",""en t"",""ly "",""and "",""cour"",""t"",""s "",""have "",""viewed "",""public"",""at"",""ion"","" "",""of "",""phot"",""os "",""as "",""po te nt"",""iall"",""y "",""prejudicial"","".""]",43
1286,devtest,289,"Professor Pamela Ferguson of the University of Dundee notes ""journalists do seem to be walking a dangerous line if publishing photos etc of suspects.""","[""P"",""r"",""of"",""es sor"","" "",""Pamel"",""a "",""Fer"",""guson"","" "",""of "",""t"",""he "",""Univer"",""sit"",""y "",""of "",""Dundee "",""no te s "",""\"""",""journ"",""alist"",""s "",""do "",""see"",""m "",""t"",""o "",""be "",""walking "",""a "",""dangerou"",""s "",""lin"",""e "",""if publis hi ng "",""phot"",""os "",""et"",""c "",""of "",""susp"",""ect"",""s.\""""]",44
1287,devtest,290,"Crown Office, which is in overall charge of prosecutions, has indicated to journalists that no further comment will be made at least until indictment.","[""C"",""r"",""ow"",""n"","" "",""Off"",""ice, "",""w hi ch "",""is "",""in "",""over"",""all"","" "",""char"",""ge "",""of "",""prose"",""cut"",""ion"",""s, "",""has "",""indica te d "",""t"",""o "",""journ"",""alist"",""s "",""t"",""hat "",""no "",""fur"",""t"",""her "",""comm"",""en t"","" "",""will"","" "",""be "",""made "",""at"","" "",""least"","" "",""unt"",""il "",""indictm en t"","".""]",48
1288,devtest,291,"The document, according to the leak, will refer to the borders dispute, which Palestine wants based on the borders before the 1967 Mideast War.","[""T"",""he "",""docum en t"","", "",""accor"",""din"",""g "",""t"",""o "",""t"",""he "",""leak, "",""will"","" "",""refer"","" "",""t"",""o "",""t"",""he "",""bor"",""der"",""s "",""disp"",""u te, "",""w hi ch "",""Pal es t"",""ine "",""want"",""s "",""based "",""on "",""t"",""he "",""bor"",""der"",""s "",""befor"",""e "",""t"",""he "",""1967 "",""Mid"",""east"","" "",""War"","".""]",47
1289,devtest,292,Other topics covered reportedly include the future state of Jerusalem which is sacred to both nations and the Jordan Valley issue.,"[""Ot"",""her"","" "",""t"",""opics "",""cover"",""ed "",""rep"",""or te"",""dl"",""y "",""incl"",""ude "",""t"",""he "",""fut"",""ure "",""st"",""a te  "",""of "",""Je ru salem "",""w hi ch "",""is "",""sacred "",""t"",""o "",""bot"",""h "",""nat"",""ions "",""and "",""t"",""he "",""Jor"",""dan "",""Val"",""l"",""ey "",""iss"",""ue.""]",40
1290,devtest,293,Israel demands an ongoing military presence in the valley for ten years once an agreement is signed while the PA agrees to leave such presence only for five years.,"[""Is"",""r"",""ael"","" "",""deman"",""d"",""s "",""an "",""ongoing "",""mil"",""it"",""ary "",""pr es en c"",""e "",""in "",""t"",""he "",""vall"",""ey "",""for"","" "",""te n "",""year"",""s "",""onc"",""e "",""an "",""agr"",""eem en t"","" "",""is "",""sign"",""ed "",""w hi le "",""t"",""he "",""PA "",""agre es  "",""t"",""o "",""leave "",""such "",""pr es en c"",""e "",""only "",""for"","" "",""five "",""year"",""s.""]",50
1291,devtest,294,"Shooters in the supplementary pest control trial were to be closely supervised by rangers, as the trial was monitored and its effectiveness evaluated.","[""S"",""hoo te"",""rs "",""in "",""t"",""he "",""suppl"",""em en t"",""ary "",""p es t"","" "",""cont"",""rol "",""t"",""rial "",""were "",""t"",""o "",""be "",""close"",""l"",""y "",""super"",""vised "",""by "",""rangers, "",""as "",""t"",""he "",""t"",""rial "",""was "",""mon"",""it"",""ored "",""and "",""its "",""effect"",""iv en es s"","" "",""evalua te d.""]",41
1292,devtest,295,"In a partnership of NPWS and the Sporting Shooters Association of Australia (NSW) Inc, qualified volunteers were recruited, under the Sporting Shooters Association's hunting program.","[""In "",""a "",""part"",""ners hi p "",""of "",""NPWS "",""and "",""t"",""he "",""Sport"",""ing "",""Shoo te"",""rs "",""Ass"",""ociat"",""ion"","" "",""of "",""Aust"",""ralia "",""(N"",""SW)"","" "",""Inc, "",""qualified "",""vol"",""un te er"",""s "",""were "",""rec ru i te d, "",""under"","" "",""t"",""he "",""Sport"",""ing "",""Shoo te"",""rs "",""Ass"",""ociat"",""ion"",""'"",""s "",""hunt"",""ing "",""program"","".""]",47
1293,devtest,296,"According to Mick O'Flynn, the Acting Director Park Conservation and Heritage with the NPWS, the four shooters selected for the first shooting operation received comprehensive safety and training instruction.","[""Ac"",""c"",""or"",""din"",""g "",""t"",""o "",""Mick "",""O'"",""Flyn"",""n"","", "",""t"",""he "",""Act"",""ing "",""Direct"",""or "",""Park "",""Conser"",""vat"",""ion"","" "",""and "",""Her"",""it"",""age "",""wit"",""h "",""t"",""he "",""NPWS, "",""t"",""he "",""four"","" "",""shoo te"",""rs "",""sel"",""ec te d "",""for"","" "",""t"",""he "",""first"","" "",""shoot"",""ing "",""operat"",""ion"","" "",""recei"",""ved "",""comp"",""reh"",""en siv"",""e "",""safet"",""y "",""and "",""t"",""raining "",""inst"",""ru ct"",""ion.""]",65
1294,devtest,297,Martelly swore in a new Provisional Electoral Council (CEP) of nine members yesterday.,"[""M"",""ar"",""te ll"",""y "",""swor"",""e "",""in "",""a "",""new "",""Prov"",""ision"",""al "",""Elect"",""oral "",""Counc"",""il "",""(CEP"","")"","" "",""of "",""nine "",""member"",""s "",""y es te r"",""day.""]",25
1295,devtest,298,It is Martelly's fifth CEP in four years.,"[""It"","" "",""is "",""Mar"",""te ll"",""y'"",""s "",""fift"",""h "",""CEP "",""in "",""four"","" "",""year"",""s.""]",15
1296,devtest,299,Last month a presidential commission recommended the prior CEP's resignation as part of a package of measures to move the country towards new elections.,"[""L"",""ast"","" "",""mon"",""t"",""h "",""a "",""pr es id en t"",""ial "",""comm"",""ission"","" "",""recomm"",""en ded "",""t"",""he "",""prior"","" "",""CEP'"",""s "",""r es ign"",""at"",""ion"","" "",""as "",""part"","" "",""of "",""a "",""packag"",""e "",""of "",""measur"",""es  "",""t"",""o "",""move "",""t"",""he "",""count"",""ry "",""t"",""owards "",""new "",""elect"",""ions.""]",46
1297,devtest,300,The commission was Martelly's response to widespread anti-regime protests that started in October.,"[""T"",""he "",""comm"",""ission"","" "",""was "",""Mar"",""te ll"",""y'"",""s "",""r es pon"",""se"","" "",""t"",""o "",""wid es pread"","" "",""ant"",""i-"",""regime "",""pro te"",""st"",""s "",""t"",""hat "",""st"",""ar te d "",""in "",""Oct"",""ober.""]",30
1298,devtest,301,"The sometimes-violent protests were triggered by failure to hold elections, some due since 2011.","[""T"",""he "",""som"",""et"",""im es -"",""viol"",""en t"","" "",""pro te"",""st"",""s "",""were "",""t"",""riggered "",""by "",""failure "",""t"",""o "",""hol"",""d "",""elect"",""ions, "",""som"",""e "",""due "",""sin"",""ce "",""2011.""]",28
1299,devtest,302,"Around 60 cases of malfunctioning iPods overheating have been reported, causing a total of six fires and leaving four people with minor burns.","[""Ar"",""ou"",""nd"","" "",""60 "",""cas es  "",""of "",""mal"",""funct"",""ioning "",""iPods "",""over"",""heat"",""ing "",""have "",""be en  "",""repor te"",""d, "",""causing "",""a "",""t"",""otal "",""of "",""six "",""fir es  "",""and "",""leaving "",""four"","" "",""people "",""wit"",""h "",""min"",""or"","" "",""bur"",""ns.""]",37
1300,devtest,303,"Japan's Ministry of Economy, Trade and Industry (METI) said that it had been aware of 27 accidents related to the devices.","[""Japan"",""'"",""s "",""Min"",""ist"",""ry "",""of "",""Econom"",""y, "",""T"",""rade "",""and "",""Indust"",""ry "",""(MET"",""I) "",""said "",""t"",""hat "",""it "",""had "",""be en  "",""awar"",""e "",""of "",""27 "",""accid en t"",""s "",""rel"",""a te d "",""t"",""o "",""t"",""he "",""devic es.""]",35
1301,devtest,304,"Last week, METI announced that Apple had informed it of 34 additional overheating incidents, which the company called ""non-serious.""","[""L"",""ast"","" "",""week, "",""MET"",""I "",""ann"",""ounc"",""ed "",""t"",""hat "",""Appl"",""e "",""had "",""infor"",""med "",""it "",""of "",""34 "",""addit"",""ion"",""al "",""over"",""heat"",""ing "",""incid en t"",""s, "",""w hi ch "",""t"",""he "",""comp"",""any "",""call"",""ed "",""\"""",""non-"",""ser"",""ious.\""""]",38
1302,devtest,305,"The ministry responded by calling Apple's postponement of the report ""truly regrettable.""","[""T"",""he "",""min"",""ist"",""ry "",""r es pon"",""ded "",""by "",""call"",""ing "",""Appl"",""e'"",""s "",""post"",""ponem en t"","" "",""of "",""t"",""he "",""report"","" "",""\"""",""t"",""ru ly "",""regret"",""table.\""""]",26
1303,devtest,306,The eathquake struck Mariana at 07:19 a.m. local time (09:19 p.m. GMT Friday).,"[""T"",""he "",""eat"",""hquake "",""st"",""ru ck "",""Mar"",""ian"",""a "",""at"","" "",""07:1"",""9 "",""a.m"","". "",""local"","" "",""t"",""ime "",""(09:1"",""9 "",""p.m"","". "",""GMT "",""Friday)"","".""]",26
1304,devtest,307,The Northern Marianas emergency management office said that there were no damages reported in the nation.,"[""T"",""he "",""Nor"",""t"",""hern "",""Mar"",""ian"",""as "",""emer"",""g en c"",""y "",""man"",""ag"",""em en t"","" "",""off"",""ice "",""said "",""t"",""hat "",""t"",""here "",""were "",""no "",""damag"",""es  "",""repor te"",""d "",""in "",""t"",""he "",""nat"",""ion.""]",33
1305,devtest,308,Also the Pacific Tsunami Warning Center said that there was no Tsunami indication.,"[""Al"",""s"",""o "",""t"",""he "",""Pacific"","" "",""T"",""sunami "",""War"",""ning "",""C en te r"","" "",""said "",""t"",""hat "",""t"",""here "",""was "",""no "",""T"",""sunami "",""indication"","".""]",24
1306,devtest,309,"A former Filipino policeman has kept Hong Kong tourists hostage by hijacking their bus in Manila, the capital of the Philippines.","[""A "",""for"",""mer "",""Filipin"",""o "",""pol"",""icem"",""an"","" "",""has "",""kept "",""Hon"",""g "",""Kong "",""t"",""ourist"",""s "",""host"",""age "",""by "",""hi jacking "",""t"",""heir "",""bus "",""in "",""Man"",""ila, "",""t"",""he "",""cap"",""it"",""al "",""of "",""t"",""he "",""P hi lippin"",""es.""]",37
1307,devtest,310,Rolando Mendoza fired his M16 rifle at the tourists.,"[""R"",""olan"",""do "",""M en doza "",""fired "",""hi s "",""M16 "",""rifle "",""at"","" "",""t"",""he "",""t"",""ourist"",""s.""]",15
1308,devtest,311,Several hostages have been rescued and least six have been confirmed dead so far.,"[""S"",""e"",""v"",""er"",""al "",""host"",""ag es  "",""have "",""be en  "",""r es cued"","" "",""and "",""least"","" "",""six "",""have "",""be en  "",""conf"",""irmed"","" "",""dead "",""so "",""far"","".""]",24
1309,devtest,312,"Six hostages, including the children and elderly, were released early, as were the Filipino photographers.","[""S"",""ix"","" "",""host"",""ag es, "",""inc"",""l"",""udin"",""g "",""t"",""he "",""c hi ldr"",""en  "",""and "",""elder"",""l"",""y, "",""wer"",""e "",""rel"",""ease"",""d "",""earl"",""y, "",""as "",""wer"",""e "",""t"",""he "",""Filipin"",""o "",""phot"",""ograph"",""er"",""s.""]",35
1310,devtest,313,The photographers later took the place of an aged lady as she needed the lavatory. Mendoza was gunned down.,"[""T"",""he "",""phot"",""ograph"",""er"",""s "",""la te r "",""t"",""ook "",""t"",""he "",""place "",""of "",""an "",""aged "",""lady "",""as "",""she "",""needed "",""t"",""he "",""lavatory. "",""M en doza "",""was "",""gun"",""n"",""ed "",""down"","".""]",29
1311,devtest,314,Liggins followed in his father’s footsteps and entered a career in medicine.,"[""L"",""ig"",""g"",""in"",""s "",""foll"",""owed "",""in "",""hi s "",""fat"",""her’"",""s "",""foot"",""s te ps "",""and "",""en te red "",""a "",""car"",""eer "",""in "",""med"",""icine.""]",22
1312,devtest,315,He trained as an obstetrician and began to work at the Auckland's National Women's Hospital in 1959.,"[""H"",""e "",""t"",""rained "",""as "",""an "",""obs te t"",""rician"","" "",""and "",""began "",""t"",""o "",""wor"",""k "",""at"","" "",""t"",""he "",""Auck"",""l"",""and'"",""s "",""Nat"",""ional "",""Wom en '"",""s "",""Hospit"",""al "",""in "",""1959.""]",31
1313,devtest,316,While he was working at the hospital Liggins began to investigate premature labor during his spare time.,"[""W"",""hi l"",""e "",""he "",""was "",""wor"",""king "",""at"","" "",""t"",""he "",""hospit"",""al "",""Liggin"",""s "",""began "",""t"",""o "",""inv es t"",""iga te  "",""prem"",""at"",""ure "",""labor"","" "",""during "",""hi s "",""spare "",""t"",""ime.""]",30
1314,devtest,317,His research showed that if a hormone was administered it would speed up the baby's foetal lung maturation.,"[""H"",""is "",""r es ear"",""ch"","" "",""show"",""ed "",""t"",""hat "",""if a "",""hor"",""mon"",""e "",""was "",""admin"",""is te r"",""ed "",""it "",""would"","" "",""speed"","" "",""up "",""t"",""he "",""baby'"",""s "",""foet"",""al "",""lung "",""mat"",""uration"","".""]",33
1315,devtest,318,Xinhua reported that government investigators recovered two 'black box' flight recorders on Wednesday.,"[""Xin"",""hua "",""repor te"",""d "",""t"",""hat "",""governm en t"","" "",""inv es t"",""igators "",""recover"",""ed "",""t"",""wo "",""'black"","" "",""box'"","" "",""flight"","" "",""recor"",""der"",""s "",""on "",""Wedn es d"",""ay.""]",26
1316,devtest,319,Fellow wrestlers also paid tribute to Luna.,"[""F"",""el"",""l"",""ow "",""wr es t"",""lers "",""also "",""paid "",""t"",""ribu te  "",""t"",""o "",""Luna.""]",13
1317,devtest,320,"Tommy Dreamer said ""Luna was the first Queen of Extreme. My first manager. Luna passed away on the night of two moons. Pretty unique just like her. Strong woman.""","[""T"",""omm"",""y "",""Dreamer"","" "",""said "",""\"""",""Luna "",""was "",""t"",""he "",""first"","" "",""Que en  "",""of "",""Ext"",""rem"",""e. "",""My "",""first"","" "",""man"",""ag"",""er. "",""Luna "",""pass"",""ed "",""away "",""on "",""t"",""he "",""night"","" "",""of "",""t"",""wo "",""moons. "",""Pret"",""ty "",""unique "",""just"","" "",""like "",""her"","". "",""St"",""rong "",""woman.\""""]",48
1318,devtest,321,"Dustin ""Goldust"" Runnels commented that ""Luna was as freaky as me...maybe even more...love her and will miss her...hopefully she's in a better place.""","[""D"",""ust"",""in "",""\"""",""Gol"",""dust"",""\"" "",""Runn"",""els "",""comm"",""en te d "",""t"",""hat "",""\"""",""Luna "",""was "",""as "",""freaky "",""as "",""me...m"",""aybe "",""ev en  "",""mor"",""e...l"",""ove "",""her"","" "",""and "",""will"","" "",""miss"","" "",""her"",""...h"",""op"",""efull"",""y "",""she'"",""s "",""in "",""a "",""bet"",""te r "",""place.\""""]",44
1319,devtest,322,"Out of 1,400 people polled prior to the 2010 federal election, those who oppose Australia becoming a republic grew by 8 per cent since 2008.","[""Ou"",""t"","" "",""of "",""1,400 "",""people "",""pol"",""l"",""ed "",""prior"","" "",""t"",""o "",""t"",""he "",""2010 "",""feder"",""al "",""elect"",""ion, "",""t"",""hose "",""who "",""oppose"","" "",""Aust"",""ralia "",""becomin"",""g "",""a "",""republic"","" "",""grew "",""by "",""8 "",""per "",""c en t"","" "",""sin"",""ce "",""200"",""8.""]",42
1320,devtest,323,Caretaker Prime Minister Julia Gillard claimed during the campaign of the 2010 federal election that she believed Australia should become a republic at the end of Queen Elizabeth II's reign.,"[""C"",""ar"",""et"",""aker"","" "",""Prime "",""Min"",""is te r"","" "",""Jul"",""ia "",""Gill"",""ard "",""claimed "",""during "",""t"",""he "",""camp"",""aign"","" "",""of "",""t"",""he "",""2010 "",""feder"",""al "",""elect"",""ion "",""t"",""hat "",""she "",""bel"",""ieved "",""Aust"",""ralia "",""should"","" "",""become "",""a "",""republic"","" "",""at"","" "",""t"",""he "",""en d "",""of "",""Que en  "",""Elizab"",""et"",""h "",""II'"",""s "",""reign"","".""]",55
1321,devtest,324,"34 per cent of those in the poll share this view, wanting Queen Elizabeth II to be Australia's last monarch.","[""34 "",""per "",""c en t"","" "",""of "",""t"",""hose "",""in "",""t"",""he "",""poll "",""share "",""t"",""hi s "",""view, "",""want"",""ing "",""Que en  "",""Elizab"",""et"",""h "",""II "",""t"",""o "",""be "",""Aust"",""ralia'"",""s "",""last"","" "",""mon"",""arch"","".""]",33
1322,devtest,325,"At the extremes of the poll, 29 per cent of those surveyed believe Australia should become a republic as soon as possible, while 31 per cent believe Australia should never become a republic.","[""At"","" "",""t"",""he "",""ext"",""rem"",""es  "",""of "",""t"",""he "",""poll, "",""29 "",""per "",""c en t"","" "",""of "",""t"",""hose "",""sur"",""veyed "",""bel"",""ieve "",""Aust"",""ralia "",""should"","" "",""become "",""a "",""republic"","" "",""as "",""soon"","" "",""as "",""possib"",""le, "",""w hi le "",""31 "",""per "",""c en t"","" "",""bel"",""ieve "",""Aust"",""ralia "",""should"","" "",""never"","" "",""become "",""a "",""republic"","".""]",53
1323,devtest,326,"The Olympic gold medalist was due to swim in the 100m and 200m freestyle and in three relays at the Commonwealth Games, but due to his complaints his fitness has been in doubt.","[""T"",""he "",""Olymp"",""ic "",""gol"",""d "",""med"",""alist"","" "",""was "",""due "",""t"",""o "",""swim "",""in "",""t"",""he "",""100m "",""and "",""200m "",""fre es t"",""yle "",""and "",""in "",""t"",""hree "",""rel"",""ays "",""at"","" "",""t"",""he "",""Comm"",""onw"",""ealt"",""h "",""Gam es, "",""but"","" "",""due "",""t"",""o "",""hi s "",""comp"",""l"",""aint"",""s "",""hi s "",""fit"",""n es s "",""has "",""be en  "",""in "",""doubt"","".""]",55
1324,devtest,327,He has been unable to take the drugs needed to overcome his pain as they are banned from the Games.,"[""H"",""e "",""has "",""be en  "",""unable "",""t"",""o "",""t"",""ake "",""t"",""he "",""d ru gs "",""needed "",""t"",""o "",""over"",""come "",""hi s "",""pain "",""as "",""t"",""hey "",""are "",""bann"",""ed "",""from "",""t"",""he "",""Gam es.""]",29
1325,devtest,328,"Curtis Cooper, a mathematician and computer science professor at the University of Central Missouri, has discovered the largest known prime number to date on January 25.","[""C"",""u"",""r"",""t"",""is "",""Coop"",""er, "",""a "",""mat"",""hemat"",""ician"","" "",""and "",""comp"",""u te r "",""sci en c"",""e "",""prof es sor"","" "",""at"","" "",""t"",""he "",""Univer"",""sit"",""y "",""of "",""C en t"",""ral "",""Miss"",""our"",""i, "",""has "",""disc"",""over"",""ed "",""t"",""he "",""lar"",""g es t"","" "",""known "",""prime "",""number"","" "",""t"",""o "",""da te  "",""on "",""Jan"",""uary "",""25.""]",52
1326,devtest,329,Several people verified the discovery using different hardware and software by the beginning of February and it was announced on Tuesday.,"[""S"",""e"",""v"",""er"",""al "",""people "",""ver"",""ified"","" "",""t"",""he "",""disc"",""over"",""y "",""using "",""differ"",""en t"","" "",""har"",""d"",""w"",""are "",""and "",""soft"",""ware "",""by "",""t"",""he "",""beginning "",""of "",""Feb ru ar"",""y "",""and "",""it "",""was "",""ann"",""ounc"",""ed "",""on "",""T"",""u es d"",""ay.""]",42
1327,devtest,330,Comets may possibly have been a source of water delivery to the earth along with organic matter that can form proteins and support life.,"[""C"",""om"",""et"",""s "",""may "",""possib"",""ly "",""have "",""be en  "",""a "",""sour"",""ce "",""of "",""wa te r "",""deliver"",""y "",""t"",""o "",""t"",""he "",""eart"",""h "",""along "",""wit"",""h "",""organic "",""mat"",""te r "",""t"",""hat "",""can "",""for"",""m "",""pro te"",""ins "",""and "",""support"","" "",""life.""]",39
1328,devtest,331,"Scientists hope to understand how planets form, especially how the Earth formed, since comets collided with the Earth long ago.","[""S"",""c"",""i en t"",""ist"",""s "",""hop"",""e "",""t"",""o "",""under"",""st"",""and "",""how plan"",""et"",""s "",""for"",""m, "",""es pecial"",""l"",""y "",""how t"",""he "",""Eart"",""h "",""for"",""med"","", "",""sin"",""ce "",""comet"",""s "",""col"",""l"",""ided "",""wit"",""h "",""t"",""he "",""Eart"",""h "",""long "",""ago.""]",42
1329,devtest,332,"Cuomo, 53, began his governorship earlier this year and signed a bill last month legalizing same-sex marriage.","[""C"",""u"",""om"",""o, "",""53, "",""began "",""hi s "",""governor"",""s hi"",""p "",""earl"",""ier "",""t"",""hi s "",""year"","" "",""and "",""sign"",""ed "",""a "",""bill"","" "",""last"","" "",""mon"",""t"",""h "",""legalizin"",""g "",""same-"",""sex "",""mar"",""r"",""iag"",""e.""]",35
1330,devtest,333,"He referred to the rumors as ""political chatter and silliness"".","[""H"",""e "",""refer"",""red "",""t"",""o "",""t"",""he "",""ru mors "",""as "",""\"""",""political "",""chat te r "",""and "",""sil"",""l"",""in"",""es s"",""\"""","".""]",20
1331,devtest,334,He is speculated to make a run for president in 2016.,"[""H"",""e "",""is "",""specula te d "",""t"",""o "",""make "",""a "",""ru n "",""for"","" "",""pr es id en t"","" "",""in "",""2016.""]",15
1332,devtest,335,NextGen is a system the FAA claims would allow aircraft to fly shorter routes and save millions of gallons of fuel each year and cut carbon emissions.,"[""N"",""ext"",""G en  "",""is "",""a "",""sys te m"","" "",""t"",""he "",""FAA "",""claims "",""would"","" "",""all"",""ow "",""aircr"",""aft"","" "",""t"",""o "",""fly "",""shor te r "",""rou te s "",""and "",""save "",""mil"",""lion"",""s "",""of "",""gal"",""l"",""ons "",""of "",""fuel"","" "",""each "",""year"","" "",""and "",""cut"","" "",""car"",""bon "",""emission"",""s.""]",45
1333,devtest,336,It uses satellite-based technology as opposed to older ground-radar-based technology to allow air traffic controllers to pinpoint aircraft with greater precision and give pilots more accurate information.,"[""It"","" "",""us es  "",""sa te ll"",""i te -"",""base"",""d "",""te chnolog"",""y "",""as "",""oppose"",""d "",""t"",""o "",""older"","" "",""ground"",""-"",""radar-"",""base"",""d "",""te chnolog"",""y "",""t"",""o "",""all"",""ow "",""air "",""t"",""raff"",""ic "",""cont"",""roll"",""ers "",""t"",""o "",""pinpoint"","" "",""aircr"",""aft"","" "",""wit"",""h "",""grea te r "",""preci"",""sion"","" "",""and "",""give "",""pilot"",""s "",""mor"",""e "",""accur"",""a te  "",""infor"",""mat"",""ion"","".""]",59
1334,devtest,337,"No extra transport is being put on and overground trains will not stop at Wembley, and car parking and park-and-ride facilities are unavailable at the ground.","[""N"",""o "",""ext"",""ra "",""t"",""ransp"",""ort"","" "",""is "",""being "",""put"","" "",""on "",""and "",""over"",""gr"",""ound"","" "",""t"",""rains "",""will"","" "",""not"","" "",""st"",""op "",""at"","" "",""Wembley, "",""and "",""car"","" "",""parking "",""and "",""park-"",""and-"",""ride "",""facilit"",""i es  "",""are "",""unavailab"",""le "",""at"","" "",""t"",""he "",""ground"","".""]",48
1335,devtest,338,Fears of lack of transportation raised the possibility that the game would be forced to play behind closed doors without the team's supporters.,"[""F"",""ear"",""s "",""of "",""lack "",""of "",""t"",""ransp"",""ort"",""ation"","" "",""raised "",""t"",""he "",""possib"",""ilit"",""y "",""t"",""hat "",""t"",""he "",""game "",""would"","" "",""be "",""for"",""ced "",""t"",""o "",""play "",""be hi nd "",""close"",""d "",""doors "",""wit"",""hout "",""t"",""he "",""te am'"",""s "",""suppor te"",""rs.""]",42
1336,devtest,339,A study published on Thursday in the journal Science reported on formation of a new bird species on the Ecuadorean Galápagos Islands.,"[""A "",""st"",""udy "",""published "",""on "",""T"",""hursd"",""ay "",""in "",""t"",""he "",""journ"",""al "",""Sci en c"",""e "",""repor te"",""d "",""on "",""for"",""mation"","" "",""of "",""a "",""new "",""bird "",""speci es  "",""on "",""t"",""he "",""Ecuadorean"","" "",""Gal"",""ápag"",""os "",""Isl"",""ands"","".""]",37
1337,devtest,340,"Researchers from Princeton University in the United States and Uppsala University in Sweden reported the new species evolved in just two generations, though this process had been believed to take much longer, due to breeding between an endemic Darwin finch, Geospiza fortes, and the immigrant cactus finch, Geospiza conirostris.","[""R"",""es ear"",""ch"",""er"",""s "",""fr"",""om "",""Prin"",""cet"",""on "",""Univer"",""sit"",""y "",""in "",""t"",""he "",""Uni te d "",""St"",""a te s "",""and "",""Uppsala "",""Univer"",""sit"",""y "",""in "",""Swed en  "",""repor te"",""d "",""t"",""he "",""new "",""speci es  "",""evolved "",""in "",""just"","" "",""t"",""wo "",""g en er"",""ation"",""s, "",""t"",""hough"","" "",""t"",""hi s "",""proc"",""es s"","" "",""had "",""be en  "",""bel"",""ieved "",""t"",""o "",""t"",""ake "",""much"","" "",""longer, "",""due "",""t"",""o "",""breed"",""in"",""g "",""bet"",""we en  "",""an "",""en demic "",""Darwin"","" "",""fin"",""ch, "",""Geospiza "",""for"",""te s, "",""and "",""t"",""he "",""imm"",""igrant"","" "",""cact"",""us "",""fin"",""ch, "",""Geospiza "",""conirost"",""ris.""]",90
1338,devtest,341,Gold may be worked into all sorts of shapes. It can be rolled into tiny shapes.,"[""G"",""ol"",""d "",""may "",""be "",""wor"",""ked "",""int"",""o "",""all"","" "",""sor"",""t"",""s "",""of "",""shap es. "",""It "",""can "",""be "",""roll"",""ed "",""int"",""o "",""t"",""iny "",""shap es.""]",26
1339,devtest,342,"It can be pulled into thin wire, which can be twisted and plaited. It can be hammered or rolled into sheets.","[""It"","" "",""can "",""be "",""pull"",""ed "",""int"",""o "",""t"",""hi n "",""wire, "",""w hi ch "",""can "",""be "",""t"",""wis te d "",""and "",""plai te d. "",""It "",""can "",""be "",""hamm"",""er"",""ed "",""or "",""roll"",""ed "",""int"",""o "",""sheet"",""s.""]",31
1340,devtest,343,"It can be made very thin, and stuck onto other metal. It can be made so thin that it was sometimes used to decorate the hand-painted pictures in books called ""illuminated manuscripts"".","[""It"","" "",""can "",""be "",""made "",""ver"",""y "",""t"",""hi n, "",""and "",""st"",""uck "",""ont"",""o "",""ot"",""her "",""met"",""al. "",""It "",""can "",""be "",""made "",""so "",""t"",""hi n "",""t"",""hat "",""it "",""was "",""som"",""et"",""im es  "",""used "",""t"",""o "",""decora te  "",""t"",""he "",""hand-"",""pain te d "",""pictur es  "",""in "",""books "",""call"",""ed "",""\"""",""ill"",""umin"",""a te d "",""man"",""usc"",""ript"",""s\"""","".""]",54
1341,devtest,344,This is called a chemical's pH. You can make an indicator using red cabbage juice.,"[""T"",""hi s "",""is "",""call"",""ed "",""a "",""chem"",""ical'"",""s "",""pH. "",""You "",""can "",""make "",""an "",""indicator "",""using "",""red"","" "",""cabbage "",""juic"",""e.""]",21
1342,devtest,345,The cabbage juice changes color depending on how acidic or basic (alkaline) the chemical is.,"[""T"",""he "",""cabbage "",""juic"",""e "",""chang es  "",""col"",""or "",""dep en ding "",""on "",""how acidic "",""or "",""basic "",""(alkaline)"","" "",""t"",""he "",""chem"",""ical "",""is.""]",20
1343,devtest,346,The pH level is indicated by the amount of Hydrogen (the H in pH) ions in the tested chemical.,"[""T"",""he "",""pH "",""level"","" "",""is "",""indica te d "",""by "",""t"",""he "",""amount"","" "",""of "",""Hydr"",""og en  "",""(t"",""he "",""H "",""in "",""pH)"","" "",""ions "",""in "",""t"",""he "",""te s te d "",""chem"",""ical.""]",28
1344,devtest,347,Hydrogen ions are protons that had their electrons stripped off them (since Hydrogen atoms consist of one proton and one electron).,"[""H"",""yd"",""r"",""og en  "",""ions "",""are "",""prot"",""ons "",""t"",""hat "",""had "",""t"",""heir "",""elect"",""rons "",""st"",""ripped "",""off"","" "",""t"",""hem "",""(sin"",""ce "",""Hydr"",""og en  "",""at"",""oms "",""consist"","" "",""of "",""one "",""prot"",""on "",""and "",""one "",""elect"",""ron)"","".""]",38
1345,devtest,348,"Swirl the two dry powders together and then, with clean wet hands, squeeze them into a ball.","[""S"",""wir"",""l"","" "",""t"",""he "",""t"",""wo "",""dry "",""powders "",""t"",""ogether"","" "",""and "",""t"",""h en, "",""wit"",""h "",""clean "",""wet"","" "",""hands"","", "",""squeez"",""e "",""t"",""hem "",""int"",""o "",""a "",""ball"","".""]",32
1346,devtest,349,"The moisture on your hands will react with the outer layers, which will feel funny and form a sort of shell.","[""T"",""he "",""moist"",""ure "",""on "",""your "",""hand"",""s"","" "",""will"","" "",""react"","" "",""wit"",""h "",""t"",""he "",""ou te r "",""layers, "",""w hi ch "",""will"","" "",""feel"","" "",""funn"",""y "",""and "",""for"",""m "",""a "",""sor"",""t"","" "",""of "",""shel"",""l"","".""]",37
1347,devtest,350,"The cities of Harappa and Mohenjo-daro had a flush toilet in almost every house, attached to a sophisticated sewage system.","[""T"",""he "",""cit"",""i es  "",""of "",""Har"",""appa "",""and "",""Moh en jo-"",""daro "",""had "",""a "",""flush"","" "",""t"",""oilet "",""in "",""almost"","" "",""ever"",""y "",""house, "",""at"",""t"",""ached "",""t"",""o "",""a "",""sop hi"",""st"",""ica te d "",""sewag"",""e "",""sys te m"","".""]",35
1348,devtest,351,Remains of sewage systems have been found in the houses of the Minoan cities of Crete and Santorini in Greece.,"[""R"",""em"",""ains "",""of "",""sewage "",""sys te m"",""s "",""have "",""be en  "",""found"","" "",""in "",""t"",""he "",""hous es  "",""of "",""t"",""he "",""Min"",""oan "",""cit"",""i es  "",""of "",""Cre te  "",""and "",""San"",""t"",""orini "",""in "",""Greece.""]",30
1349,devtest,352,"There were also toilets in ancient Egypt, Persia and China. In Roman civilization, toilets were sometimes part of public bath houses where men and women were together in mixed company.","[""T"",""her"",""e "",""were "",""also "",""t"",""oilets "",""in "",""anc"",""i en t"","" "",""Egypt"","", "",""Persia "",""and "",""C hi na. "",""In "",""Roman"","" "",""civil"",""izat"",""ion"","", "",""t"",""oilets "",""were "",""som"",""et"",""im es  "",""part"","" "",""of "",""public"","" "",""bat"",""h "",""hous es  "",""wher"",""e "",""m en  "",""and "",""wom en  "",""were "",""t"",""ogether "",""in "",""mixed "",""comp"",""any.""]",49
1350,devtest,353,"When you call someone who is thousands of miles away, you are using a satellite.","[""W"",""h en  "",""you "",""call"","" "",""som"",""eon"",""e "",""who "",""is "",""t"",""housands "",""of "",""mil"",""es  "",""away, "",""you "",""are "",""using "",""a "",""sa te ll"",""i te.""]",22
1351,devtest,354,"The satellite in space gets the call and then reflects it back down, almost instantly.","[""T"",""he "",""sa te ll"",""i te  "",""in "",""space "",""gets "",""t"",""he "",""call"","" "",""and "",""t"",""h en  "",""reflect"",""s "",""it "",""back"","" "",""down"","", "",""almost"","" "",""inst"",""ant"",""ly.""]",26
1352,devtest,355,The satellite was sent into space by a rocket. Scientists use telescopes in space because the Earth’s atmosphere distorts some of our light and view.,"[""T"",""he "",""sa te ll"",""i te  "",""was "",""s en t"","" "",""int"",""o "",""space "",""by "",""a "",""rocket"","". "",""Sci en t"",""ist"",""s "",""use "",""te l es cop"",""es  "",""in "",""space "",""because"","" "",""t"",""he "",""Eart"",""h"","""",""s "",""at"",""mospher"",""e "",""dist"",""ort"",""s "",""som"",""e "",""of "",""our "",""light"","" "",""and "",""view.""]",44
1353,devtest,356,It takes a giant rocket over a 100 feet high to put a satellite or telescope in space.,"[""It"","" "",""t"",""ak es  "",""a "",""giant "",""rocket"","" "",""over"","" "",""a "",""100 "",""feet"","" "",""hi gh "",""t"",""o "",""put "",""a "",""sa te ll"",""i te  "",""or "",""te l es cop"",""e "",""in "",""space.""]",26
1354,devtest,357,The wheel has changed the world in incredible ways. The biggest thing that the wheel has done for us is given us much easier and faster transportation.,"[""T"",""he "",""wheel"","" "",""has "",""changed "",""t"",""he "",""wor"",""ld "",""in "",""incr"",""edib"",""le "",""ways. "",""T"",""he "",""bigg es t"","" "",""t"",""hi ng "",""t"",""hat "",""t"",""he "",""wheel"","" "",""has "",""done "",""for"","" "",""us "",""is "",""giv en  "",""us "",""much"","" "",""easier "",""and "",""fas te r"","" "",""t"",""ransp"",""ort"",""ation"","".""]",46
1355,devtest,358,"It has brought us the train, the car, and many other transportation devices.","[""It"","" "",""has "",""brough"",""t"","" "",""us "",""t"",""he "",""t"",""rain, "",""t"",""he "",""car"","", "",""and "",""man"",""y "",""ot"",""her "",""t"",""ransp"",""ort"",""ation"","" "",""devic es.""]",26
1356,devtest,359,Under them are more medium sized cats that eat medium sized prey ranging from rabbits to antelopes and deer.,"[""U"",""n"",""der"","" "",""t"",""hem "",""are "",""mor"",""e "",""med"",""ium "",""sized "",""cat"",""s "",""t"",""hat "",""eat"","" "",""med"",""ium "",""sized "",""prey "",""ranging "",""fr"",""om "",""rabbit"",""s "",""t"",""o "",""an te lop es  "",""and "",""deer.""]",32
1357,devtest,360,"Finally, there are many small cats (including loose pet cats) that eat the far more numerous small prey like insects, rodents, lizards, and birds.","[""F"",""in"",""all"",""y, "",""t"",""here "",""are "",""man"",""y "",""small"","" "",""cat"",""s "",""(incl"",""udin"",""g "",""loose"","" "",""pet"","" "",""cat"",""s)"","" "",""t"",""hat "",""eat"","" "",""t"",""he "",""far"","" "",""mor"",""e "",""numer"",""ous "",""small"","" "",""prey "",""like "",""insect"",""s, "",""rod en t"",""s, "",""lizar"",""d"",""s, "",""and "",""birds.""]",48
1358,devtest,361,"The secret to their success is the concept of the niche, a special job each cat holds that keeps it from competing with others.","[""T"",""he "",""secret"","" "",""t"",""o "",""t"",""heir "",""succ es s"","" "",""is "",""t"",""he "",""conc"",""ept"","" "",""of "",""t"",""he "",""niche, "",""a "",""special"","" "",""job "",""each "",""cat"","" "",""hol"",""ds "",""t"",""hat "",""keeps "",""it "",""from "",""comp"",""eting "",""wit"",""h "",""others.""]",39
1359,devtest,362,"Lions are the most social cats, living in large groups called prides.","[""L"",""ion"",""s "",""are "",""t"",""he "",""most"","" "",""social"","" "",""cat"",""s, "",""living "",""in "",""lar"",""ge "",""groups "",""call"",""ed "",""prid es.""]",20
1360,devtest,363,"Prides are made up of one to three related adult males, along with as many as thirty females and cubs.","[""P"",""r"",""id"",""es  "",""are "",""made "",""up "",""of "",""one "",""t"",""o "",""t"",""hree "",""rel"",""a te d "",""adult"","" "",""mal"",""es, "",""alon"",""g "",""wit"",""h "",""as "",""man"",""y "",""as "",""t"",""hi rty "",""femal"",""es  "",""and "",""cubs.""]",33
1361,devtest,364,"The females are usually closely related to each other, being a large family of sisters and daughters.","[""T"",""he "",""femal"",""es  "",""are "",""usuall"",""y "",""close"",""l"",""y "",""rel"",""a te d "",""t"",""o "",""each "",""ot"",""her, "",""being "",""a "",""lar"",""ge "",""famil"",""y "",""of "",""sis te r"",""s "",""and "",""daugh te r"",""s.""]",29
1362,devtest,365,"Lion prides act much like packs of wolves or dogs, animals surprisingly similar to lions (but not other big cats) in behavior, and also very deadly to their prey.","[""L"",""ion"","" "",""prid es  "",""act"","" "",""much"","" "",""like "",""packs "",""of "",""wolv es  "",""or "",""dogs, "",""animal"",""s "",""sur"",""prisingl"",""y "",""sim"",""il"",""ar "",""t"",""o "",""lion"",""s "",""(but"","" "",""not"","" "",""ot"",""her "",""big "",""cat"",""s)"","" "",""in "",""behavior"","", "",""and "",""also "",""ver"",""y "",""deadl"",""y "",""t"",""o "",""t"",""heir "",""prey.""]",50
1363,devtest,366,"A well rounded athlete, the tiger can climb (though not well), swim, leap great distances and pull with five times the force of a strong human.","[""A "",""well"","" "",""round"",""ed "",""at"",""hle te, "",""t"",""he "",""t"",""iger "",""can "",""climb "",""(t"",""hough"","" "",""not"","" "",""well"",""), "",""swim, "",""leap "",""great"","" "",""dist"",""anc es  "",""and "",""pull"","" "",""wit"",""h "",""five "",""t"",""im es  "",""t"",""he "",""for"",""ce "",""of "",""a "",""st"",""rong "",""hum"",""an"","".""]",45
1364,devtest,367,"The tiger is in the same group (Genus Panthera) as lions, leopards, and jaguars. These four cats are the only ones who can roar.","[""T"",""he "",""t"",""iger "",""is "",""in "",""t"",""he "",""same "",""group "",""(G en us "",""Pant"",""hera) "",""as "",""lion"",""s, "",""leop"",""ards, "",""and "",""jaguars. "",""T"",""h es e "",""four"","" "",""cat"",""s "",""are "",""t"",""he "",""only "",""on es  "",""who "",""can "",""roar.""]",34
1365,devtest,368,"The tiger's roar is not like the full-voiced roar of a lion, but more like a sentence of snarly, shouted words.","[""T"",""he "",""t"",""iger'"",""s "",""roar "",""is "",""not"","" "",""like "",""t"",""he "",""full"",""-"",""voiced "",""roar "",""of "",""a "",""lion, "",""but"","" "",""mor"",""e "",""like "",""a "",""s en te nce "",""of "",""snarl"",""y, "",""shou te d"","" "",""wor"",""ds.""]",33
1366,devtest,369,"Ocelots like to eat small animals. They will catch monkeys, snakes, rodents and birds if they can. Almost all of the animals that the ocelot hunts are far smaller than it is.","[""Oc"",""el"",""ot"",""s "",""like "",""t"",""o "",""eat"","" "",""small"","" "",""animals. "",""T"",""hey "",""will"","" "",""cat"",""ch "",""mon"",""keys, "",""snak es, "",""rod en t"",""s "",""and "",""birds "",""if t"",""hey "",""can. "",""Almost"","" "",""all"","" "",""of "",""t"",""he "",""animals "",""t"",""hat "",""t"",""he "",""ocel"",""ot "",""hunt"",""s "",""are "",""far"","" "",""small"",""er "",""t"",""han "",""it "",""is.""]",53
1367,devtest,370,"Scientists think that ocelots follow and find animals to eat (prey) by smell, sniffing for where they've been on the ground.","[""S"",""c"",""i en t"",""ist"",""s "",""t"",""hi nk "",""t"",""hat "",""ocel"",""ots "",""foll"",""ow "",""and "",""fin"",""d "",""animals "",""t"",""o "",""eat"","" "",""(prey)"","" "",""by "",""smell"","", "",""sniffin"",""g "",""for"","" "",""wher"",""e "",""t"",""hey'"",""ve "",""be en  "",""on "",""t"",""he "",""ground"","".""]",41
1368,devtest,371,"They can see very well in the dark with night vision, and move very stealthily, too. Ocelots hunt their prey by blending in with their surroundings then pouncing on their prey.","[""T"",""hey "",""can "",""see"","" "",""ver"",""y "",""well"","" "",""in "",""t"",""he "",""dark "",""wit"",""h "",""night"","" "",""vision"","", "",""and "",""move "",""ver"",""y "",""s te alt"",""hi ly, "",""t"",""oo. "",""Ocel"",""ot"",""s "",""hunt"","" "",""t"",""heir "",""prey "",""by "",""bl en ding "",""in "",""wit"",""h "",""t"",""heir "",""sur"",""round"",""in"",""gs "",""t"",""h en  "",""pouncing "",""on "",""t"",""heir "",""prey.""]",53
1369,devtest,372,"When a small group of living things (a small population) gets separated from the main population that they came from (like if they move over a mountain range or a river, or if they move to a new island so that they can't easily move back) they will often find themselves in a different environment than they were in before.","[""W"",""h en  "",""a "",""small"","" "",""group "",""of "",""living "",""t"",""hi ngs "",""(a "",""small"","" "",""popul"",""at"",""ion"","")"","" "",""gets "",""separa te d "",""from "",""t"",""he "",""main "",""popul"",""at"",""ion"","" "",""t"",""hat "",""t"",""hey "",""came "",""from "",""(like "",""if t"",""hey "",""move "",""over"","" "",""a "",""mount"",""ain "",""rang"",""e "",""or "",""a "",""river"","", "",""or "",""if t"",""hey "",""move "",""t"",""o "",""a "",""new "",""isl"",""and "",""so "",""t"",""hat "",""t"",""hey "",""can't"","" "",""easil"",""y "",""move "",""back"","")"","" "",""t"",""hey "",""will"","" "",""of te n "",""fin"",""d "",""t"",""hemsel"",""v es  "",""in "",""a "",""differ en t"","" "",""en vironm en t"","" "",""t"",""han "",""t"",""hey "",""were "",""in "",""before.""]",95
1370,devtest,373,"This new environment has different resources and different competitors, so the new population will need different features or adaptations to be a strong competitor than what they had needed before.","[""T"",""hi s "",""new "",""en vironm en t"","" "",""has "",""differ"",""en t"","" "",""r es our"",""c"",""es  "",""and "",""differ"",""en t"","" "",""comp"",""etit"",""ors, "",""so "",""t"",""he "",""new "",""popul"",""at"",""ion"","" "",""will"","" "",""need "",""differ"",""en t"","" "",""feat"",""ur es  "",""or "",""adaptation"",""s "",""t"",""o "",""be "",""a "",""st"",""rong "",""comp"",""etitor "",""t"",""han "",""what "",""t"",""hey "",""had "",""needed "",""befor"",""e.""]",55
1371,devtest,374,"The original population hasn't changed at all, they still need the same adaptations as before.","[""T"",""he "",""origin"",""al "",""popul"",""at"",""ion"","" "",""hasn't"","" "",""changed "",""at"","" "",""all"","", "",""t"",""hey "",""st"",""ill"","" "",""need "",""t"",""he "",""same "",""adaptation"",""s "",""as "",""befor"",""e.""]",29
1372,devtest,375,"Over time, as the new population begins to adapt to their new environment, they start to look less and less like the other population.","[""Ov"",""er"","" "",""t"",""ime, "",""as "",""t"",""he "",""new "",""popul"",""at"",""ion"","" "",""begins "",""t"",""o "",""adapt "",""t"",""o "",""t"",""heir "",""new "",""en vironm en t"","", "",""t"",""hey "",""st"",""art "",""t"",""o "",""look "",""l es s "",""and "",""l es s "",""like "",""t"",""he "",""other "",""popul"",""at"",""ion"","".""]",42
1373,devtest,376,"Eventually, after thousands or even millions of years, the two populations will look so different that they can't be called the same species.","[""E"",""v"",""en t"",""uall"",""y, "",""af te r"","" "",""t"",""housands "",""or "",""ev en  "",""mil"",""lion"",""s "",""of "",""year"",""s, "",""t"",""he "",""t"",""wo "",""popul"",""at"",""ion"",""s "",""will"","" "",""look "",""so "",""differ en t"","" "",""t"",""hat "",""t"",""hey "",""can't"","" "",""be "",""call"",""ed "",""t"",""he "",""same "",""speci es.""]",44
1374,devtest,377,"We call this process speciation, which just means the formation of new species. Speciation is an unavoidable consequence and a very important part of evolution.","[""W"",""e "",""call"","" "",""t"",""hi s "",""proc"",""es s"","" "",""speciat"",""ion"","", "",""w hi ch "",""just"","" "",""means "",""t"",""he "",""for"",""mation"","" "",""of "",""new "",""speci es. "",""Speciat"",""ion"","" "",""is "",""an "",""unavoidab"",""le "",""consequ"",""en c"",""e "",""and "",""a "",""ver"",""y "",""import"",""ant "",""part"","" "",""of "",""evolution"","".""]",45
1375,devtest,378,"Plants make oxygen which humans breathe, and they take in carbon-dioxide which humans exhale (that is, breathe out).","[""P"",""l"",""an"",""t"",""s "",""make "",""oxyg en  "",""w hi ch "",""hum"",""an"",""s "",""breat"",""he, "",""and "",""t"",""hey "",""t"",""ake "",""in "",""car"",""bon-"",""dioxide "",""w hi ch "",""hum"",""an"",""s "",""exhale "",""(t"",""hat "",""is, "",""breat"",""he "",""out"","").""]",34
1376,devtest,379,Plants make their food from the sun by photosynthesis. They also provide shade.,"[""P"",""l"",""an"",""t"",""s "",""make "",""t"",""heir "",""food "",""from "",""t"",""he "",""sun "",""by "",""phot"",""osyn"",""t"",""h es is. "",""T"",""hey "",""also "",""prov"",""id"",""e "",""shade.""]",25
1377,devtest,380,"We make our houses from plants and make clothes from plants. Most foods that we eat are plants. Without plants, animals could not survive.","[""W"",""e "",""make "",""our "",""hous es  "",""from "",""plan"",""t"",""s "",""and "",""make "",""cloth es  "",""from "",""plan"",""t"",""s. "",""Most"","" "",""foods "",""t"",""hat "",""we "",""eat"","" "",""are "",""plan"",""t"",""s. "",""Wit"",""hout "",""plan"",""t"",""s, "",""animals "",""could"","" "",""not"","" "",""sur"",""viv"",""e.""]",41
1378,devtest,381,"Mosasaurus was the apex predator of its time, so it feared nothing, except other mosasaurs.","[""M"",""osasau ru"",""s "",""was "",""t"",""he "",""apex "",""pred"",""at"",""or "",""of "",""its "",""t"",""ime, "",""so "",""it "",""feared "",""not"",""hi ng, "",""exc"",""ept"","" "",""ot"",""her "",""mosasaur"",""s.""]",26
1379,devtest,382,"Its long jaws were studded with more than 70 razor-sharp teeth, along with an extra set in the roof of its mouth, meaning that there was no escape for anything that crossed its path.","[""It"",""s "",""long "",""jaws "",""were "",""st"",""udded "",""wit"",""h "",""mor"",""e "",""t"",""han "",""70 "",""razor"",""-"",""sharp "",""te et"",""h, "",""alon"",""g "",""wit"",""h "",""an "",""ext"",""ra "",""set"","" "",""in "",""t"",""he "",""roof "",""of "",""its "",""mout"",""h, "",""meaning "",""t"",""hat "",""t"",""here "",""was "",""no "",""es cape "",""for"","" "",""anyt"",""hi ng "",""t"",""hat "",""crossed "",""its "",""pat"",""h.""]",54
1380,devtest,383,"We don't know for sure, but it may have had a forked tongue. Its diet included turtles, large fish, other mosasaurs, and it may even have been a cannibal.","[""W"",""e "",""don't"","" "",""know "",""for"","" "",""sur"",""e, "",""but"","" "",""it "",""may "",""have "",""had "",""a "",""for"",""ked "",""t"",""ongue. "",""Its "",""diet"","" "",""incl"",""uded "",""t"",""urtl es, "",""lar"",""ge "",""fish, "",""ot"",""her "",""mosasaur"",""s, "",""and "",""it "",""may "",""ev en  "",""have "",""be en  "",""a "",""cannibal.""]",42
1381,devtest,384,It also attacked anything that entered the water; even a giant dinosaur such as T. rex would be no match for it.,"[""It"","" "",""also "",""at"",""t"",""acked "",""anyt"",""hi ng "",""t"",""hat "",""en te red "",""t"",""he "",""wa te r; "",""ev en  "",""a "",""giant "",""din"",""osaur"","" "",""such "",""as "",""T"","". "",""rex "",""would"","" "",""be "",""no "",""mat"",""ch "",""for"","" "",""it.""]",34
1382,devtest,385,"While most of their food would be familiar to us, Romans did have their share of strange or unusual feast items, including wild boar, peacock, snails, and a type of rodent called a dormouse","[""W"",""hi l"",""e "",""most"","" "",""of "",""t"",""heir "",""food "",""would"","" "",""be "",""famil"",""iar "",""t"",""o "",""us, "",""Roman"",""s "",""did "",""have "",""t"",""heir "",""share "",""of "",""st"",""range "",""or "",""unusual "",""feast"","" "",""i te ms, "",""incl"",""udin"",""g "",""wild "",""boar"","", "",""peacock"","", "",""snails, "",""and "",""a "",""t"",""ype "",""of "",""rod en t"","" "",""call"",""ed "",""a "",""dormouse""]",52
1383,devtest,386,"Another difference was that while the poor people and the woman ate their food while sitting in chairs, the rich men liked to have banquets together where they would lounge on their sides while they ate their meals.","[""An"",""ot"",""her"","" "",""differ"",""en ce "",""was "",""t"",""hat "",""w hi le "",""t"",""he "",""poor "",""people "",""and "",""t"",""he "",""woman "",""a te  "",""t"",""heir "",""food "",""w hi le "",""sit"",""ting "",""in "",""chairs, "",""t"",""he "",""rich "",""m en  "",""liked "",""t"",""o "",""have "",""banquet"",""s "",""t"",""ogether "",""wher"",""e "",""t"",""hey "",""would"","" "",""lounge "",""on "",""t"",""heir "",""sid es  "",""w hi le "",""t"",""hey "",""a te  "",""t"",""heir "",""meals.""]",57
1384,devtest,387,Ancient Roman meals couldn't have included foods that came to Europe from America or from Asia in later centuries.,"[""An"",""c"",""i en t"","" "",""Roman"","" "",""meals "",""could"",""n"",""'t"","" "",""have "",""incl"",""uded "",""food"",""s "",""t"",""hat "",""came "",""t"",""o "",""Europ"",""e "",""from "",""Amer"",""ica "",""or "",""from "",""Asia "",""in "",""la te r "",""c en t"",""uri es.""]",33
1385,devtest,388,"For instance, they didn't have corn, nor tomatoes, nor potatoes, nor cocoa, and no ancient Roman ever tasted a turkey.","[""F"",""or"","" "",""inst"",""ance, "",""t"",""hey "",""didn't"","" "",""have "",""cor"",""n, "",""nor"","" "",""t"",""omato es, "",""nor"","" "",""pot"",""ato es, "",""nor"","" "",""cocoa, "",""and "",""no "",""anc"",""i en t"","" "",""Roman"","" "",""ever"","" "",""t"",""as te d "",""a "",""t"",""urkey.""]",37
1386,devtest,389,The Babylonians built each of their gods a primary temple that was considered the home of the god.,"[""T"",""he "",""Babylonian"",""s "",""built"","" "",""each "",""of "",""t"",""heir "",""gods "",""a "",""primar"",""y "",""te mple "",""t"",""hat "",""was "",""consider"",""ed "",""t"",""he "",""hom"",""e "",""of "",""t"",""he "",""god.""]",28
1387,devtest,390,People would bring sacrifices to the gods and the priests would try to attend to the needs of the gods through ceremonies and festivals.,"[""P"",""eop"",""l"",""e "",""would"","" "",""bring "",""sacrific es  "",""t"",""o "",""t"",""he "",""gods "",""and "",""t"",""he "",""pri es t"",""s "",""would"","" "",""t"",""ry "",""t"",""o "",""at"",""te nd "",""t"",""o "",""t"",""he "",""needs "",""of "",""t"",""he "",""gods "",""t"",""hrough"","" "",""cer"",""emoni es  "",""and "",""f es t"",""ivals.""]",43
1388,devtest,391,Each temple had an open temple courtyard and then an inner sanctuary that only the priests could enter.,"[""E"",""ac"",""h "",""te mple "",""had "",""an "",""op en  "",""te mple "",""cour"",""t"",""yard"","" "",""and "",""t"",""h en  "",""an "",""inner "",""sanct"",""uary "",""t"",""hat "",""only "",""t"",""he "",""pri es t"",""s "",""could"","" "",""en te r.""]",29
1389,devtest,392,"Sometimes special pyramid shaped towers, called ziggurats, were built to be a part of the temples.","[""S"",""om"",""et"",""im es  "",""special"","" "",""pyram"",""id "",""shaped"","" "",""t"",""owers, "",""cal"",""l"",""ed "",""ziggur"",""at"",""s, "",""wer"",""e "",""built"","" "",""t"",""o "",""be "",""a "",""part"","" "",""of "",""t"",""he "",""te mpl es.""]",32
1390,devtest,393,The top of the tower was special sanctuary for the god.,"[""T"",""he "",""t"",""op "",""of "",""t"",""he "",""t"",""ower "",""was "",""special"","" "",""sanct"",""uary "",""for"","" "",""t"",""he "",""god.""]",19
1391,devtest,394,"In the warm climate of the Middle East, the house was not so important.","[""In "",""t"",""he "",""warm "",""clima te  "",""of "",""t"",""he "",""Mid"",""dl"",""e "",""East"","", "",""t"",""he "",""house "",""was "",""not"","" "",""so "",""import"",""ant.""]",22
1392,devtest,395,Most of the life of the Hebrew family happened in the open air.,"[""M"",""ost"","" "",""of "",""t"",""he "",""life "",""of "",""t"",""he "",""Hebrew"","" "",""famil"",""y "",""happ en ed "",""in "",""t"",""he "",""op en  "",""air.""]",20
1393,devtest,396,Women did the cooking in the yard; stores were just open counters looking into the street. Stone was used for building houses.,"[""W"",""om"",""en  "",""did "",""t"",""he "",""cooking "",""in "",""t"",""he "",""yard; "",""st"",""or es  "",""were "",""just"","" "",""op en  "",""coun te"",""r"",""s "",""looking "",""int"",""o "",""t"",""he "",""st"",""reet"","". "",""St"",""one "",""was "",""used "",""for"","" "",""build"",""in"",""g "",""hous es.""]",38
1394,devtest,397,"There were no large forests in the land of Canaan, so wood was extremely expensive.","[""T"",""her"",""e "",""were "",""no "",""lar"",""ge "",""for"",""es t"",""s "",""in "",""t"",""he "",""land "",""of "",""Canaan, "",""so "",""wood "",""was "",""ext"",""rem"",""el"",""y "",""exp en siv"",""e.""]",25
1395,devtest,398,"Greenland was settled sparsely. In the Norse sagas they say that Erik the Red was exiled from Iceland for murder, and when travelling further west, found Greenland and named it Greenland.","[""G"",""r"",""e en l"",""an"",""d "",""was "",""set"",""tled "",""sparsel"",""y. "",""In "",""t"",""he "",""Nor"",""se "",""sagas "",""t"",""hey "",""say "",""t"",""hat "",""Erik "",""t"",""he "",""Red"","" "",""was "",""exiled "",""from "",""Icel"",""and "",""for"","" "",""murder"","", "",""and "",""wh en  "",""t"",""ravel"",""l"",""ing "",""fur"",""t"",""her "",""w es t"","", "",""found"","" "",""Gre en l"",""an"",""d "",""and "",""named "",""it "",""Gre en l"",""an"",""d.""]",57
1396,devtest,399,"But regardless of his discovery, Eskimo tribes were already living there at the time.","[""B"",""u"",""t"","" "",""regard"",""l"",""es s "",""of "",""hi s "",""disc"",""over"",""y, "",""Eskimo "",""t"",""rib es  "",""were "",""alread"",""y "",""living "",""t"",""here "",""at"","" "",""t"",""he "",""t"",""ime.""]",27
1397,devtest,400,"Though each country was 'Scandinavian', there were many differences between the people, kings, customs and history of Denmark, Sweden, Norway and Iceland.","[""T"",""hough"","" "",""each "",""count"",""ry "",""was "",""'Scand"",""in"",""avian"",""'"","", "",""t"",""here "",""were "",""man"",""y "",""differ"",""en c es  "",""bet"",""we en  "",""t"",""he "",""people, "",""kings, "",""cust"",""oms "",""and "",""hi st"",""ory "",""of "",""D en mark, "",""Swed en, "",""Nor"",""way "",""and "",""Icel"",""an"",""d.""]",39
1398,devtest,401,"If you have watched the movie National Treasure, you may think a treasure map was written on the back of the Declaration of Independence.","[""If you "",""have "",""wat"",""ched "",""t"",""he "",""movie "",""Nat"",""ion"",""al "",""T"",""reasur"",""e, "",""you "",""may "",""t"",""hi nk "",""a "",""t"",""reasur"",""e "",""map "",""was "",""writ"",""te n "",""on "",""t"",""he "",""back"","" "",""of "",""t"",""he "",""Declaration"","" "",""of "",""Indep en d en c"",""e.""]",38
1399,devtest,402,"However, that is not true. Although there is something written on the back of the document, it is not a treasure map.","[""H"",""ow"",""ever"","", "",""t"",""hat "",""is "",""not"","" "",""t"",""ru e. "",""Alt"",""hough"","" "",""t"",""here "",""is "",""som"",""et"",""hi ng "",""writ"",""te n "",""on "",""t"",""he "",""back"","" "",""of "",""t"",""he "",""docum en t"","", "",""it "",""is "",""not"","" "",""a "",""t"",""reasur"",""e "",""map.""]",41
1400,devtest,403,"Written on the back of the Declaration of Independence were the words ""Original Declaration of Independence dated 4th July 1776"". The text appears on the bottom of the document, upside down.","[""W"",""r"",""it"",""te n "",""on "",""t"",""he "",""back"","" "",""of "",""t"",""he "",""Declaration"","" "",""of "",""Indep en d en c"",""e "",""were "",""t"",""he "",""wor"",""ds "",""\"""",""Or"",""igin"",""al "",""Declarat"",""ion"","" "",""of "",""Indep en d en c"",""e "",""da te d "",""4t"",""h "",""Jul"",""y "",""1776\"""","". "",""T"",""he "",""te xt"","" "",""appears "",""on "",""t"",""he "",""bot"",""tom "",""of "",""t"",""he "",""docum en t"","", "",""upside "",""down"","".""]",57
1401,devtest,404,"While no one knows for certain who wrote it, it is known that early in its life, the large parchment document (it measures 29¾ inches by 24½ inches) was rolled up for storage.","[""W"",""hi l"",""e "",""no "",""one "",""knows "",""for"","" "",""cer"",""t"",""ain "",""who "",""wro te  "",""it, "",""it "",""is "",""known "",""t"",""hat "",""earl"",""y "",""in "",""its "",""life, "",""t"",""he "",""lar"",""ge "",""parchm"",""en t"","" "",""docum en t"","" "",""(it "",""measur"",""es  "",""29"","" "",""inch es  "",""by "",""24"","""","" "",""inch es )"","" "",""was "",""roll"",""ed "",""up "",""for"","" "",""st"",""orage.""]",53
1402,devtest,405,"So, it is likely that the notation was added simply as a label.","[""S"",""o, "",""it "",""is "",""likel"",""y "",""t"",""hat "",""t"",""he "",""not"",""ation "",""was "",""added "",""sim"",""ply "",""as "",""a "",""label.""]",19
1403,devtest,406,"The D-Day landings and the following battles had freed the north of France, but the south still wasn't free.","[""T"",""he "",""D-"",""Day "",""landings "",""and "",""t"",""he "",""foll"",""owing "",""bat"",""tl es  "",""had "",""fr"",""eed"","" "",""t"",""he "",""nor"",""t"",""h "",""of "",""Fr"",""ance, "",""but"","" "",""t"",""he "",""sout"",""h "",""st"",""ill "",""wasn't"","" "",""free.""]",35
1404,devtest,407,"It was ruled by the ""Vichy"" French. These were French people who had made peace with the Germans in 1940 and worked with the invaders instead of fighting them.","[""It"","" "",""was "",""ru led "",""by "",""t"",""he "",""\""Vichy\"""","" "",""Fr"",""en ch. "",""T"",""h es e "",""were "",""Fr"",""en ch "",""people "",""who "",""had "",""made "",""peace "",""wit"",""h "",""t"",""he "",""Ger"",""man"",""s "",""in "",""1940 "",""and "",""wor"",""ked "",""wit"",""h "",""t"",""he "",""invader"",""s "",""ins te ad "",""of "",""fight"",""ing "",""t"",""hem.""]",45
1405,devtest,408,"On 15 August 1940, the Allies invaded southern France, the invasion was called ""Operation Dragoon"".","[""On"","" "",""15 "",""August"","" "",""1940, "",""t"",""he "",""All"",""i es  "",""invaded "",""sout"",""hern "",""Fr"",""ance, "",""t"",""he "",""invasion"","" "",""was "",""call"",""ed "",""\"""",""Operat"",""ion"","" "",""Dragoon"",""\"""","".""]",29
1406,devtest,409,In just two weeks the Americans and Free French forces had liberated southern France and were turning towards Germany.,"[""In "",""just"","" "",""t"",""wo "",""weeks "",""t"",""he "",""Amer"",""ican"",""s "",""and "",""Fr"",""ee "",""Fr"",""en ch "",""for"",""c es  "",""had "",""liber"",""a te d "",""sout"",""her"",""n "",""Fr"",""ance "",""and "",""were "",""t"",""urning "",""t"",""owards "",""Ger"",""man"",""y.""]",35
1407,devtest,410,"A civilization is a singular culture shared by a significant large group of people who live and work co-operatively, a society.","[""A "",""civil"",""izat"",""ion"","" "",""is "",""a "",""sin"",""gul"",""ar "",""cult"",""ure "",""shared "",""by "",""a "",""sign"",""ifican"",""t"","" "",""lar"",""ge "",""group "",""of "",""people "",""who "",""live "",""and "",""wor"",""k "",""co-"",""operat"",""ivel"",""y, "",""a "",""societ"",""y.""]",36
1408,devtest,411,"The word civilization comes from the Latin civilis, meaning civil, related to the Latin civis, meaning citizen, and civitas, meaning city or city-state, and that also somehow defines the size of the society.","[""T"",""he "",""wor"",""d "",""civil"",""izat"",""ion"","" "",""com es  "",""from "",""t"",""he "",""Lat"",""in "",""civil"",""is, "",""meaning "",""civil"","", "",""rel"",""a te d "",""t"",""o "",""t"",""he "",""Lat"",""in "",""civis, "",""meaning "",""cit"",""iz en, "",""and "",""civit"",""as, "",""meaning "",""cit"",""y "",""or "",""cit"",""y-"",""st"",""a te, "",""and "",""t"",""hat "",""also "",""som"",""ehow"","" "",""defin"",""es  "",""t"",""he "",""size "",""of "",""t"",""he "",""societ"",""y.""]",59
1409,devtest,412,"City-states are the precursors of nations. A civilizational culture implies the passing on of knowledge across several generations, a lingering cultural footprint and fair dissemination.","[""C"",""it"",""y-"",""st"",""a te s "",""are "",""t"",""he "",""precur"",""s"",""or"",""s "",""of "",""nat"",""ions. "",""A "",""civil"",""izat"",""ion"",""al "",""cult"",""ure "",""impli es  "",""t"",""he "",""pass"",""ing "",""on "",""of "",""knowledg"",""e "",""acr"",""oss "",""sever"",""al "",""g en er"",""ation"",""s, "",""a "",""lin"",""ger"",""ing "",""cult"",""ural "",""foot"",""print"","" "",""and "",""fair "",""diss"",""em"",""in"",""at"",""ion"","".""]",55
1410,devtest,413,Minor cultures often vanish without leaving relevant historic evidence and fail to be recognized as proper civilizations.,"[""M"",""in"",""or"","" "",""cult"",""ur es  "",""of te n "",""vanish "",""wit"",""hout "",""leaving "",""rel"",""evant"","" "",""hi st"",""oric "",""evid en ce "",""and "",""fail "",""t"",""o "",""be "",""recog"",""nized "",""as "",""prop"",""er "",""civil"",""izat"",""ion"",""s.""]",31
1411,devtest,414,"During the Revolutionary War, the thirteen states first formed a weak central government—with the Congress being its only component—under the Articles of Confederation.","[""D"",""ur"",""in"",""g "",""t"",""he "",""Rev"",""olution"",""ary "",""War"","", "",""t"",""he "",""t"",""hi r te en  "",""st"",""a te s "",""first"","" "",""for"",""med"","" "",""a "",""weak "",""c en t"",""ral "",""governm en t"",""—"",""w"",""it"",""h "",""t"",""he "",""Congr es s "",""being "",""its "",""only "",""comp"",""on en t"",""—"",""u"",""nder"","" "",""t"",""he "",""Art"",""icl es  "",""of "",""Conf"",""eder"",""ation"","".""]",52
1412,devtest,415,"Congress lacked any power to impose taxes, and, because there was no national executive or judiciary, it relied on state authorities, who were often uncooperative, to enforce all its acts.","[""C"",""ong"",""r"",""es s"","" "",""lacked "",""any "",""power "",""t"",""o "",""impose "",""t"",""ax es, "",""and, "",""because"","" "",""t"",""here "",""was "",""no "",""nat"",""ion"",""al "",""execut"",""ive "",""or "",""judiciar"",""y, "",""it "",""rel"",""ied "",""on "",""st"",""a te  "",""aut"",""horit"",""i es, "",""who "",""were "",""of te n "",""uncoop"",""erat"",""ive, "",""t"",""o  en force "",""all"","" "",""its "",""act"",""s.""]",50
1413,devtest,416,It also had no authority to override tax laws and tariffs between states.,"[""It"","" "",""also "",""had "",""no "",""aut"",""horit"",""y "",""t"",""o "",""over"",""ride "",""t"",""ax "",""laws "",""and "",""t"",""ariffs "",""bet"",""we en  "",""st"",""a te s.""]",22
1414,devtest,417,The Articles required unanimous consent from all the states before they could be amended and states took the central government so lightly that their representatives were often absent.,"[""T"",""he "",""Art"",""icl es  "",""requir"",""ed "",""unanimous "",""cons en t"","" "",""from "",""all"","" "",""t"",""he "",""st"",""a te s "",""befor"",""e "",""t"",""hey "",""could"","" "",""be "",""am en ded "",""and "",""st"",""a te s "",""t"",""ook "",""t"",""he "",""c en t"",""ral "",""governm en t"","" "",""so "",""light"",""l"",""y "",""t"",""hat "",""t"",""heir "",""repr"",""es en t"",""ativ es  "",""were "",""of te n "",""abs en t"","".""]",50
1415,devtest,418,"Italy's national football, along with German national football team is the second most successful team in the world and were the FIFA World Cup champions in 2006.","[""It"",""aly'"",""s "",""nat"",""ional "",""foot"",""ball"","", "",""alon"",""g "",""wit"",""h "",""Ger"",""man"","" "",""nat"",""ional "",""foot"",""ball"","" "",""te am "",""is "",""t"",""he "",""second"","" "",""most"","" "",""succ es s"",""ful "",""te am "",""in "",""t"",""he "",""wor"",""ld "",""and "",""were "",""t"",""he "",""FIFA "",""Wor"",""ld "",""Cup "",""champ"",""ion"",""s "",""in "",""200"",""6.""]",50
1416,devtest,419,"Popular sports include football, basketball, volleyball, water-polo, fencing, rugby, cycling, ice hockey, roller hockey and F1 motor racing.","[""P"",""op"",""ul"",""ar"","" "",""sport"",""s "",""incl"",""ude "",""foot"",""ball"","", "",""bask"",""et"",""ball"","", "",""vol"",""l"",""eyb"",""all"","", "",""wa te r-"",""pol"",""o, "",""f en cing, "",""ru gby, "",""cyc"",""l"",""ing, "",""ice "",""hoc"",""key"","", "",""roll"",""er "",""hoc"",""key"","" "",""and "",""F1 "",""mot"",""or "",""racing.""]",43
1417,devtest,420,"Winter sports are most popular in the Northern regions, with Italians competing in international games and Olympic events.","[""W"",""in"",""te r"","" "",""sport"",""s "",""are "",""most"","" "",""popul"",""ar "",""in "",""t"",""he "",""Nor"",""t"",""hern "",""region"",""s, "",""wit"",""h "",""Italian"",""s "",""comp"",""eting "",""in "",""in te r"",""nat"",""ion"",""al "",""gam es  "",""and "",""Olymp"",""ic "",""ev en t"",""s.""]",36
1418,devtest,421,"Japans holds nearly 7,000 islands (the biggest being Honshu), making Japan the 7th largest island in the world!","[""Japan"",""s "",""hol"",""ds "",""near"",""l"",""y "",""7,0"",""00 "",""isl"",""ands"","" "",""(t"",""he "",""bigg es t"","" "",""being "",""Hon"",""shu)"","", "",""making "",""Japan"","" "",""t"",""he "",""7th "",""lar"",""g es t"","" "",""isl"",""and "",""in "",""t"",""he "",""wor"",""ld!""]",36
1419,devtest,422,"Due to the cluster/group of islands Japan has, Japan is often referred to, on a geographical stance, as an ""archipelago""","[""D"",""ue "",""t"",""o "",""t"",""he "",""clus te r"",""/"",""group "",""of "",""isl"",""ands"","" "",""Japan"","" "",""has, "",""Japan"","" "",""is "",""of te n "",""refer"",""red "",""t"",""o, "",""on "",""a "",""geograp hi"",""cal "",""st"",""ance, "",""as "",""an "",""\"""",""arc hi"",""pel"",""ago\""""]",36
1420,devtest,423,"Taiwan beginning start way back in 15th century where European sailors passing by record the island’s name as Ilha Formosa, or beautiful island.","[""T"",""aiwan "",""beginning "",""st"",""art "",""way "",""back"","" "",""in "",""15t"",""h "",""c en t"",""ury "",""wher"",""e "",""Europ"",""ean"","" "",""sailors "",""pass"",""ing "",""by "",""recor"",""d "",""t"",""he "",""isl"",""and"","""",""s "",""name "",""as "",""Ilha "",""For"",""mosa, "",""or "",""beaut"",""iful "",""isl"",""and.""]",40
1421,devtest,424,"In 1624,Dutch East India Company establishes a base in southwestern Taiwan, initiating a transformation in aboriginal grain production practices and employing Chinese laborers to work on its rice and sugar plantations.","[""In "",""1624,D"",""ut"",""ch "",""East"","" "",""India "",""Comp"",""any "",""es t"",""ablish es  "",""a "",""base "",""in "",""sout"",""hw es te r"",""n "",""T"",""aiwan, "",""init"",""iating "",""a "",""t"",""ransf"",""ormat"",""ion"","" "",""in "",""abor"",""igin"",""al "",""grain "",""produc"",""t"",""ion "",""pract"",""ic es  "",""and "",""emp"",""loying "",""C hi n es e "",""labor"",""ers "",""t"",""o "",""wor"",""k "",""on "",""its "",""rice "",""and "",""sugar "",""plan"",""t"",""ation"",""s.""]",56
1422,devtest,425,"In 1683, Qing dynasty (1644-1912) forces take control of Taiwan’s western and northern coastal areas and declared Taiwan as a province of the Qing Empire in 1885.","[""In "",""1683, "",""Qin"",""g "",""dyn"",""ast"",""y "",""(1644-"",""1912) "",""for"",""c es  "",""t"",""ake "",""cont"",""rol "",""of "",""T"",""aiwan’"",""s "",""w es te rn "",""and "",""nor"",""t"",""hern "",""coast"",""al "",""areas "",""and "",""dec"",""lared "",""T"",""aiwan "",""as "",""a "",""prov"",""ince "",""of "",""t"",""he "",""Qin"",""g "",""Emp"",""ire "",""in "",""1885.""]",45
1423,devtest,426,"In 1895, after defeat in the First Sino-Japanese War (1894-1895), the Qing government signs the Treaty of Shimonoseki, by which it cedes sovereignty over Taiwan to Japan, which rules the island until 1945.","[""In "",""1895, "",""af te r"","" "",""defeat"","" "",""in "",""t"",""he "",""First"","" "",""Sin"",""o-"",""Japan"",""es e"","" "",""War"","" "",""(189"",""4-"",""1895), "",""t"",""he "",""Qin"",""g "",""governm en t"","" "",""sign"",""s "",""t"",""he "",""T"",""reaty "",""of "",""S hi mon"",""ose"",""ki, "",""by "",""w hi ch "",""it "",""ced es  "",""sover"",""eign"",""t"",""y "",""over"","" "",""T"",""aiwan "",""t"",""o "",""Japan"","", "",""w hi ch "",""ru l es  "",""t"",""he "",""isl"",""and "",""unt"",""il "",""1945.""]",62
1424,devtest,427,"Machu Picchu consist of three main structures, namely Intihuatana, the Temple of the Sun, and the Room of the Three Windows.","[""M"",""ach"",""u "",""Picchu "",""consist"","" "",""of "",""t"",""hree "",""main "",""st"",""ru ct"",""ur es, "",""namel"",""y "",""Int"",""ihuat"",""ana, "",""t"",""he "",""T"",""emple "",""of "",""t"",""he "",""Sun"","", "",""and "",""t"",""he "",""Room "",""of "",""t"",""he "",""T"",""hree "",""Win"",""dows.""]",38
1425,devtest,428,Most of the buildings on the edges of the complex have been rebuilt in order to give tourists a better idea of how they originally appeared.,"[""M"",""ost"","" "",""of "",""t"",""he "",""buildin"",""gs "",""on "",""t"",""he "",""edg es  "",""of "",""t"",""he "",""comp"",""l"",""ex "",""have "",""be en  "",""reb"",""uilt"","" "",""in "",""order"","" "",""t"",""o "",""give "",""t"",""ourist"",""s "",""a "",""bet"",""te r "",""idea "",""of "",""how t"",""hey "",""origin"",""all"",""y "",""appeared.""]",43
1426,devtest,429,"By 1976, thirty percent of Machu Picchu had been restored and restoration continues till today.","[""B"",""y "",""1976, "",""t"",""hi rty "",""perc en t"","" "",""of "",""Machu "",""Picchu "",""had "",""be en  "",""r es t"",""ored "",""and "",""r es t"",""oration"","" "",""cont"",""inu es  "",""t"",""ill"","" "",""t"",""oday.""]",25
1427,devtest,430,"For example, the most common still image photography format in the world is 35mm, which was the dominant film size at the close of the analog film era.","[""F"",""or"","" "",""exampl"",""e, "",""t"",""he "",""most"","" "",""comm"",""on "",""st"",""ill "",""imag"",""e "",""phot"",""ograph"",""y "",""for"",""mat "",""in "",""t"",""he "",""wor"",""ld "",""is "",""35m"",""m"","", "",""w hi ch "",""was "",""t"",""he "",""domin"",""ant"","" "",""film "",""size "",""at"","" "",""t"",""he "",""close"","" "",""of "",""t"",""he "",""anal"",""og "",""film "",""era.""]",51
1428,devtest,431,"It is still produced today, but more importantly its aspect ratio has been inherited by digital camera image sensor formats.","[""It"","" "",""is "",""st"",""ill "",""produc"",""ed "",""t"",""oday, "",""but"","" "",""mor"",""e "",""import"",""antly "",""its "",""aspect"","" "",""rat"",""io "",""has "",""be en  "",""inher"",""i te d "",""by "",""digit"",""al "",""camer"",""a "",""imag"",""e "",""s en sor"","" "",""for"",""mats.""]",35
1429,devtest,432,"The 35mm format is actually, somewhat confusingly, 36mm in width by 24mm in height.","[""T"",""he "",""35mm "",""for"",""mat "",""is "",""act"",""uall"",""y, "",""som"",""ew"",""hat"","" "",""conf"",""usingl"",""y, "",""36m"",""m"","" "",""in "",""widt"",""h "",""by "",""24m"",""m"","" "",""in "",""height"","".""]",29
1430,devtest,433,The aspect ratio of this format (dividing by twelve to obtain the simplest whole-number ratio) is therefore said to be 3:2.,"[""T"",""he "",""aspect"","" "",""rat"",""io "",""of "",""t"",""hi s "",""for"",""mat "",""(divid"",""ing "",""by "",""t"",""welve "",""t"",""o "",""obt"",""ain "",""t"",""he "",""sim"",""pl es t"","" "",""whol"",""e-"",""number"","" "",""rat"",""io) "",""is "",""t"",""herefor"",""e "",""said "",""t"",""o "",""be "",""3:2"","".""]",41
1431,devtest,434,"Many common formats (APS family of formats, for example) are equal to or closely approximate this aspect ratio.","[""M"",""an"",""y "",""comm"",""on "",""for"",""mats "",""(A"",""PS "",""famil"",""y "",""of "",""for"",""mats, "",""for"","" "",""exampl"",""e)"","" "",""are "",""equal "",""t"",""o "",""or "",""close"",""l"",""y "",""appr"",""oxima te  "",""t"",""hi s "",""aspect"","" "",""rat"",""io.""]",35
1432,devtest,435,The much-abused and often-ridiculed rule of thirds is a simple guideline creating dynamism while keeping a measure of order in an image.,"[""T"",""he "",""much"",""-"",""abused "",""and "",""of te n-"",""ridicul"",""ed "",""ru le "",""of "",""t"",""hi rds "",""is "",""a "",""sim"",""ple "",""guid"",""el"",""ine "",""creat"",""ing "",""dyn"",""amism "",""w hi le "",""keeping "",""a "",""measur"",""e "",""of "",""order"","" "",""in "",""an "",""imag"",""e.""]",36
1433,devtest,436,It states that the most effective place for the main subject is at the intersection of lines dividing the image into thirds vertically and horizontally (see example).,"[""It"","" "",""st"",""a te s "",""t"",""hat "",""t"",""he "",""most"","" "",""effect"",""ive "",""place "",""for"","" "",""t"",""he "",""main "",""sub"",""ject"","" "",""is "",""at"","" "",""t"",""he "",""in te r"",""sect"",""ion "",""of "",""lin es  "",""dividing "",""t"",""he "",""imag"",""e "",""int"",""o "",""t"",""hi rds "",""ver"",""t"",""icall"",""y "",""and "",""hor"",""izon"",""t"",""all"",""y "",""(see"","" "",""exampl"",""e)"","".""]",55
1434,devtest,437,"During this period of European history, the Catholic Church, which had become rich and powerful, came under scrutiny.","[""D"",""ur"",""in"",""g "",""t"",""hi s "",""period"","" "",""of "",""Europ"",""ean"","" "",""hi st"",""ory, "",""t"",""he "",""Cat"",""holic "",""Chur"",""ch"","", "",""w hi ch "",""had "",""become "",""rich "",""and "",""powerful, "",""came "",""under"","" "",""sc ru tiny.""]",31
1435,devtest,438,For over a thousand years the Christian religion had bound European states together despite differences in language and customs. I,"[""F"",""or"","" "",""over"","" "",""a "",""t"",""housand "",""year"",""s "",""t"",""he "",""Christ"",""ian "",""rel"",""igion"","" "",""had "",""bound"","" "",""Europ"",""ean"","" "",""st"",""a te s "",""t"",""ogether "",""d es pi te  "",""differ"",""en c es  "",""in "",""languag"",""e "",""and "",""cust"",""oms. "",""I""]",37
1436,devtest,439,Its all-pervading power affected everyone from king to commoner.,"[""It"",""s "",""all"",""-"",""pervading "",""power "",""aff"",""ec te d "",""ever"",""yon"",""e "",""fr"",""om "",""king "",""t"",""o "",""comm"",""oner"","".""]",19
1437,devtest,440,One of the main Christian tenets is that wealth should be used to alleviate suffering and poverty and that the monetary funds of the church are there specifically for that reason.,"[""On"",""e "",""of "",""t"",""he "",""main "",""Christ"",""ian "",""te net"",""s "",""is "",""t"",""hat "",""wealt"",""h "",""should"","" "",""be "",""used "",""t"",""o "",""all"",""evia te  "",""suffering "",""and "",""povert"",""y "",""and "",""t"",""hat "",""t"",""he "",""mon"",""et"",""ary "",""funds "",""of "",""t"",""he "",""church"","" "",""are "",""t"",""here "",""specific"",""all"",""y "",""for"","" "",""t"",""hat "",""reason"","".""]",53
1438,devtest,441,The central authority of the church had been in Rome for over a thousand years and this concentration of power and money led many to question whether this tenet was being met.,"[""T"",""he "",""c en t"",""ral "",""aut"",""horit"",""y "",""of "",""t"",""he "",""church"","" "",""had "",""be en  "",""in "",""Rome "",""for"","" "",""over"","" "",""a "",""t"",""housand "",""year"",""s "",""and "",""t"",""hi s "",""conc"",""en t"",""ration"","" "",""of "",""power "",""and "",""mon"",""ey "",""led "",""man"",""y "",""t"",""o "",""qu es t"",""ion "",""whether "",""t"",""hi s "",""te net"","" "",""was "",""being "",""met"","".""]",53
1439,devtest,442,"Soon after the outbreak of hostilities, Britain initiated a naval blockade of Germany.","[""S"",""oo"",""n"","" "",""af te r"","" "",""t"",""he "",""out"",""break "",""of "",""host"",""ilit"",""i es, "",""Br"",""it"",""ain "",""init"",""ia te d "",""a "",""naval"","" "",""blockade "",""of "",""Ger"",""man"",""y.""]",27
1440,devtest,443,"The strategy proved effective, cutting off vital military and civilian supplies, although this blockade violated generally accepted international law codified by several international agreements of the past two centuries.","[""T"",""he "",""st"",""ra te gy "",""prov"",""ed"","" "",""effect"",""ive, "",""cut"",""ting "",""off"","" "",""vit"",""al "",""mil"",""it"",""ary "",""and "",""civil"",""ian"","" "",""suppl"",""i es, "",""alt"",""hough"","" "",""t"",""hi s "",""blockade "",""viol"",""a te d "",""g en er"",""all"",""y "",""accep te d "",""in te r"",""nat"",""ion"",""al "",""law "",""codified"","" "",""by "",""sever"",""al "",""in te r"",""nat"",""ion"",""al "",""agr"",""eem en t"",""s "",""of "",""t"",""he "",""past"","" "",""t"",""wo "",""c en t"",""uri es.""]",62
1441,devtest,444,"Britain mined international waters to prevent any ships from entering entire sections of ocean, causing danger to even neutral ships.","[""B"",""r"",""it"",""ain "",""min"",""ed "",""in te r"",""nat"",""ion"",""al "",""wa te rs "",""t"",""o "",""prev en t"","" "",""any "",""s hi ps "",""from "",""en te ring "",""en t"",""ire "",""sect"",""ions "",""of "",""ocean"","", "",""causing "",""danger "",""t"",""o "",""ev en  "",""neut"",""ral "",""s hi ps.""]",34
1442,devtest,445,"Since there was limited response to this tactic, Germany expected a similar response to its unrestricted submarine warfare.","[""S"",""in"",""ce "",""t"",""here "",""was "",""limi te d "",""r es pon"",""se"","" "",""t"",""o "",""t"",""hi s "",""t"",""actic, "",""Ger"",""man"",""y "",""expec te d "",""a "",""sim"",""il"",""ar "",""r es pon"",""se"","" "",""t"",""o "",""its "",""unr es t"",""ric te d "",""sub"",""marine "",""war"",""f"",""are.""]",37
1443,devtest,446,"During the 1920s, the prevailing attitudes of most citizens and nations was that of pacifism and isolation.","[""D"",""ur"",""in"",""g "",""t"",""he "",""1920s, "",""t"",""he "",""prevailin"",""g "",""at"",""t"",""itud es  "",""of "",""most"","" "",""cit"",""iz en s "",""and "",""nat"",""ions "",""was "",""t"",""hat "",""of "",""pacifism "",""and "",""isol"",""at"",""ion.""]",31
1444,devtest,447,"After seeing the horrors and atrocities of war during World War I, nations desired to avoid such a situation again in the future.","[""Af"",""te r"","" "",""see"",""i"",""ng "",""t"",""he "",""hor"",""rors "",""and "",""at"",""rocit"",""i es  "",""of "",""war"","" "",""during "",""Wor"",""ld "",""War"","" "",""I, "",""nat"",""ions "",""d es ired "",""t"",""o "",""avoid "",""such "",""a "",""sit"",""uation"","" "",""again "",""in "",""t"",""he "",""fut"",""ure.""]",40
1445,devtest,448,"In 1884, Tesla moved to the United States of America to accept a job with the Edison Company in New York City.","[""In "",""1884, "",""T"",""es la "",""moved "",""t"",""o "",""t"",""he "",""Uni te d "",""St"",""a te s "",""of "",""Amer"",""ica "",""t"",""o "",""accept"","" "",""a "",""job "",""wit"",""h "",""t"",""he "",""Edison"","" "",""Comp"",""any "",""in "",""New "",""Yor"",""k "",""Cit"",""y.""]",35
1446,devtest,449,"He arrived in the US with 4 cents to his name, a book of poetry, and a letter of recommendation from Charles Batchelor (his manager in his previous job) to Thomas Edison.","[""H"",""e "",""arr"",""ived "",""in "",""t"",""he "",""US "",""wit"",""h "",""4 "",""c en t"",""s "",""t"",""o "",""hi s "",""name, "",""a "",""book "",""of "",""poet"",""ry, "",""and "",""a "",""let"",""te r "",""of "",""recomm"",""en dation"","" "",""from "",""Char"",""l"",""es  "",""Bat"",""chelor "",""( hi s "",""man"",""ag"",""er "",""in "",""hi s "",""previous "",""job)"","" "",""t"",""o "",""T"",""homas "",""Edison"","".""]",51
1447,devtest,450,Ancient China had a unique way of showing different time periods; each stage of China or each family that was in power was a distinctive dynasty.,"[""An"",""c"",""i en t"","" "",""C hi na "",""had "",""a "",""unique "",""way "",""of "",""show"",""ing "",""differ"",""en t"","" "",""t"",""ime "",""period"",""s; "",""each "",""st"",""age "",""of "",""C hi na "",""or "",""each "",""famil"",""y "",""t"",""hat "",""was "",""in "",""power "",""was "",""a "",""dist"",""inct"",""ive "",""dyn"",""ast"",""y.""]",41
1448,devtest,451,Also between each dynasty was an unstable age of divided provinces. The best-known of these periods was the Three Kingdoms epoch taking place for 60 years between the Han and the Jin Dynasty.,"[""Al"",""s"",""o "",""bet"",""we en  "",""each "",""dyn"",""ast"",""y "",""was "",""an "",""unst"",""able "",""age "",""of "",""divided "",""prov"",""inc es. "",""T"",""he "",""b es t"",""-"",""known "",""of "",""t"",""h es e "",""period"",""s "",""was "",""t"",""he "",""T"",""hree "",""Kin"",""gdom"",""s "",""epoch "",""t"",""aking "",""place "",""for"","" "",""60 "",""year"",""s "",""bet"",""we en  "",""t"",""he "",""Han "",""and "",""t"",""he "",""Jin "",""Dyn"",""ast"",""y.""]",57
1449,devtest,452,During these periods fierce warfare took place between many nobles fighting for the throne.,"[""D"",""ur"",""in"",""g "",""t"",""h es e "",""period"",""s "",""fier"",""ce "",""war"",""f"",""are "",""t"",""ook "",""place "",""bet"",""we en  "",""man"",""y "",""nobl es  "",""fight"",""ing "",""for"","" "",""t"",""he "",""t"",""hrone.""]",29
1450,devtest,453,The Three Kingdoms was one of the bloodiest eras in Ancient China’s history thousands of people died fighting to sit in the highest seat in the grand palace at Xi’an.,"[""T"",""he "",""T"",""hree "",""Kingdom"",""s "",""was "",""one "",""of "",""t"",""he "",""bloodi es t"","" "",""eras "",""in "",""Anc"",""i en t"","" "",""C hi na’"",""s "",""hi st"",""ory "",""t"",""housands "",""of "",""people "",""died "",""fight"",""ing "",""t"",""o "",""sit"","" "",""in "",""t"",""he "",""hi gh es t"","" "",""seat"","" "",""in "",""t"",""he "",""grand"","" "",""palace "",""at"","" "",""Xi’"",""an.""]",50
1451,devtest,454,"There are a lot of social and political effects such as the use of metric system, a shift from absolutism to republicanism, nationalism and the belief the country belongs to the people not to one sole ruler.","[""T"",""her"",""e "",""are "",""a "",""lot "",""of "",""social"","" "",""and "",""pol"",""itical "",""effect"",""s "",""such "",""as "",""t"",""he "",""use "",""of "",""met"",""ric "",""sys te m"","", "",""a "",""s hi ft"","" "",""from "",""absol"",""ut"",""ism"","" "",""t"",""o "",""republic"",""an"",""ism"","", "",""nat"",""ion"",""alism"","" "",""and "",""t"",""he "",""bel"",""ief "",""t"",""he "",""count"",""ry "",""bel"",""ongs "",""t"",""o "",""t"",""he "",""people "",""not"","" "",""t"",""o "",""one "",""sol"",""e "",""ru ler.""]",66
1452,devtest,455,Also after the Revolution occupations were open to all male applicants allowing the most ambitious and successful to succeed.,"[""Al"",""s"",""o "",""af te r"","" "",""t"",""he "",""Rev"",""olution"","" "",""occup"",""at"",""ion"",""s "",""were "",""op en  "",""t"",""o "",""all"","" "",""mal"",""e "",""appl"",""ican"",""t"",""s "",""all"",""owing "",""t"",""he "",""most"","" "",""amb"",""it"",""ious "",""and "",""succ es s"",""ful "",""t"",""o "",""succeed.""]",41
1453,devtest,456,Same goes for the military because instead of army rankings being based on class they were now based on cailaber.,"[""S"",""am"",""e "",""go es  "",""for"","" "",""t"",""he "",""mil"",""it"",""ary "",""because"","" "",""ins te ad "",""of "",""army "",""rankings "",""being "",""base"",""d "",""on "",""class"","" "",""t"",""hey "",""were "",""now "",""base"",""d "",""on "",""cailab"",""er"","".""]",33
1454,devtest,457,The French Revolution also inspired many other repressed working class people of other country's to began their own revolutions.,"[""T"",""he "",""Fr"",""en ch "",""Rev"",""olution"","" "",""also "",""insp"",""ired "",""man"",""y "",""ot"",""her "",""repr"",""es sed "",""wor"",""king "",""class"","" "",""people "",""of "",""ot"",""her "",""count"",""ry'"",""s "",""t"",""o "",""began "",""t"",""heir "",""own "",""rev"",""olution"",""s.""]",36
1455,devtest,458,Muhammad was deeply interested in matters beyond this mundane life. He used to frequent a cave that became known as “Hira‘” on the Mountain of “Noor” (light) for contemplation.,"[""M"",""uham"",""m"",""ad "",""was "",""deeply "",""in te r"",""es te d "",""in "",""mat"",""te rs "",""beyon"",""d "",""t"",""hi s "",""mundane "",""life. "",""He "",""used "",""t"",""o "",""frequ en t"","" "",""a "",""cave "",""t"",""hat "",""became "",""known "",""as "",""“"",""Hir"",""a‘"",""”"","" "",""on "",""t"",""he "",""Mount"",""ain "",""of "",""“"",""Noor”"","" "",""(light"","")"","" "",""for"","" "",""con te"",""mp"",""lation.""]",52
1456,devtest,459,"he cave itself, which survived the times, gives a very vivid image of Muhammad’s spiritual inclinations.","[""h"",""e "",""cave "",""itself, "",""w hi ch "",""sur"",""v"",""iv"",""ed "",""t"",""he "",""t"",""im es, "",""giv es  "",""a "",""ver"",""y "",""vivid "",""imag"",""e "",""of "",""Muhamm"",""ad"","""",""s "",""spirit"",""ual "",""incl"",""inat"",""ion"",""s.""]",31
1457,devtest,460,"Resting on the top of one of the mountains north of Mecca, the cave is completely isolated from the rest of the world.","[""R"",""es t"",""ing "",""on "",""t"",""he "",""t"",""op "",""of "",""one "",""of "",""t"",""he "",""mount"",""ains "",""nor"",""t"",""h "",""of "",""Mecca, "",""t"",""he "",""cave "",""is "",""comp"",""l"",""e te l"",""y "",""isol"",""a te d "",""from "",""t"",""he "",""r es t"","" "",""of "",""t"",""he "",""wor"",""ld.""]",40
1458,devtest,461,"In fact, it is not easy to find at all even if one knew it existed. Once inside the cave, it is a total isolation.","[""In "",""fact"","", "",""it "",""is "",""not"","" "",""easy "",""t"",""o "",""fin"",""d "",""at"","" "",""all"","" "",""ev en  "",""if one "",""knew "",""it "",""exis te d. "",""Onc"",""e "",""insid"",""e "",""t"",""he "",""cave, "",""it "",""is "",""a "",""t"",""otal "",""isol"",""at"",""ion.""]",36
1459,devtest,462,"Nothing can be seen other than the clear, beautiful sky above and the many surrounding mountains. Very little of this world can be seen or heard from inside the cave.","[""N"",""ot"",""hi ng "",""can "",""be "",""se en  "",""ot"",""her "",""t"",""han "",""t"",""he "",""clear, "",""beaut"",""iful "",""sky "",""above "",""and "",""t"",""he "",""man"",""y "",""sur"",""round"",""in"",""g "",""mount"",""ains. "",""Ver"",""y "",""lit"",""tle "",""of "",""t"",""hi s "",""wor"",""ld "",""can "",""be "",""se en  "",""or "",""hear"",""d"","" "",""from "",""inside "",""t"",""he "",""cave.""]",49
1460,devtest,463,The Great Pyramid at Giza is the only one of the seven wonders that is still standing today.,"[""T"",""he "",""Great"","" "",""Pyramid "",""at"","" "",""Giza "",""is "",""t"",""he "",""only "",""one "",""of "",""t"",""he "",""sev en  "",""wonders "",""t"",""hat "",""is "",""st"",""ill "",""st"",""anding "",""t"",""oday.""]",27
1461,devtest,464,"Built by the Egyptians in the third century BCE, the Great Pyramid is one of many large pyramid structures built to honor dead Pharaoh.","[""B"",""u"",""il"",""t"","" "",""by "",""t"",""he "",""Egypt"",""ians "",""in "",""t"",""he "",""t"",""hi rd "",""c en t"",""ury "",""BCE, "",""t"",""he "",""Great"","" "",""Pyramid "",""is "",""one "",""of "",""man"",""y "",""lar"",""ge "",""pyramid "",""st"",""ru ct"",""ur es  "",""built"","" "",""t"",""o "",""hon"",""or "",""dead "",""Phar"",""aoh.""]",43
1462,devtest,465,"The Giza Plateau, or ""Giza Necropolis"" in the Egyptian Valley of the Dead contains several pyramids (of which the great pyramid is the largest), several small tombs, several temples, and the great Sphinx.","[""T"",""he "",""Giza "",""Pla te au, "",""or"","" "",""\"""",""Giza "",""Necr"",""op"",""ol"",""is\"""","" "",""in "",""t"",""he "",""Egypt"",""ian "",""Val"",""l"",""ey "",""of "",""t"",""he "",""Dead "",""cont"",""ains "",""sever"",""al "",""pyramids "",""(of "",""w hi ch "",""t"",""he "",""great "",""pyramid "",""is "",""t"",""he "",""lar"",""g es t"",""), "",""sever"",""al "",""small"","" "",""t"",""ombs, "",""sever"",""al "",""te mpl es, "",""and "",""t"",""he "",""great"","" "",""Sp hi n"",""x.""]",58
1463,devtest,466,"The great pyramid was created to honor the Pharaoh Khufu, and many of the smaller pyramids, tombs, and temples were built to honor Khufu's wives and family members.","[""T"",""he "",""great"","" "",""pyramid "",""was "",""crea te d "",""t"",""o "",""hon"",""or "",""t"",""he "",""Phar"",""aoh "",""Khufu, "",""and "",""man"",""y "",""of "",""t"",""he "",""small"",""er "",""pyramids, "",""t"",""ombs, "",""and "",""te mpl es  "",""were "",""built"","" "",""t"",""o "",""hon"",""or "",""Khufu'"",""s "",""wiv es  "",""and "",""famil"",""y "",""member"",""s.""]",44
1464,devtest,467,"The ""up bow"" mark looks like a V and the ""down bow mark"" like a staple or a square missing its bottom side.","[""T"",""he "",""\""up "",""bow\"""","" "",""mar"",""k "",""looks "",""like "",""a "",""V "",""and "",""t"",""he "",""\"""",""down"","" "",""bow "",""mar"",""k\"""","" "",""like "",""a "",""st"",""aple "",""or "",""a "",""square "",""miss"",""ing "",""its "",""bot"",""tom "",""side.""]",34
1465,devtest,468,"Up means you should start at the tip and push the bow, and down means you should start at the frog (which is where your hand is holding the bow) and pull the bow.","[""U"",""p "",""means "",""you "",""should"","" "",""st"",""art "",""at"","" "",""t"",""he "",""t"",""ip "",""and "",""push "",""t"",""he "",""bow, "",""and "",""down"","" "",""means "",""you "",""should"","" "",""st"",""art "",""at"","" "",""t"",""he "",""frog "",""(w hi ch "",""is "",""where "",""your "",""hand"","" "",""is "",""hol"",""ding "",""t"",""he "",""bow)"","" "",""and "",""pull"","" "",""t"",""he "",""bow.""]",52
1466,devtest,469,"An up-bow usually generates a softer sound, while a down-bow is stronger and more assertive.","[""An"","" "",""up-"",""bow "",""usuall"",""y "",""g en er"",""a te s "",""a "",""sof te r "",""sound"","", "",""w hi le "",""a "",""down"",""-"",""bow "",""is "",""st"",""ronger "",""and "",""mor"",""e "",""ass"",""ert"",""ive.""]",26
1467,devtest,470,"Feel free to pencil in your own marks, but remember the printed bowing marks are there for a musical reason, so they should usually be respected.","[""F"",""ee"",""l"","" "",""free "",""t"",""o "",""p en cil "",""in "",""your "",""own "",""mar"",""ks, "",""but"","" "",""rem"",""ember"","" "",""t"",""he "",""prin te d "",""bowing "",""mar"",""ks "",""are "",""t"",""here "",""for"","" "",""a "",""music"",""al "",""reason"","", "",""so "",""t"",""hey "",""should"","" "",""usuall"",""y "",""be "",""r es pec te d.""]",43
1468,devtest,471,"The terrified King Louis XVI, Queen Marie Antoinette their two young children (11 year old Marie Therese and four year old Louis-Charles) and the King's sister, Madam Elizabeth, on the 6th October 1789 were forced back to Paris from Versailles by a mob of market women.","[""T"",""he "",""te rr"",""ified "",""Kin"",""g "",""Louis "",""XVI, "",""Que en  "",""Mar"",""ie "",""Ant"",""oinet"",""te  "",""t"",""heir "",""t"",""wo "",""young "",""c hi ldr"",""en  "",""(11 "",""year"","" "",""old "",""Mar"",""ie "",""T"",""her es e "",""and "",""four"","" "",""year"","" "",""old "",""Louis-"",""Char"",""l"",""es )"","" "",""and "",""t"",""he "",""Kin"",""g'"",""s "",""sis te r"","", "",""Madam "",""Elizab"",""et"",""h, "",""on "",""t"",""he "",""6t"",""h "",""Oct"",""ober "",""1789 "",""were "",""for"",""ced "",""back"","" "",""t"",""o "",""Paris "",""from "",""Ver"",""saill"",""es  "",""by "",""a "",""mob "",""of "",""mar"",""ket"","" "",""wom en.""]",80
1469,devtest,472,"In a carriage, they traveled back to Paris surrounded by a mob of people screaming and shouting threats against the King and Queen.","[""In "",""a "",""car"",""riag"",""e, "",""t"",""hey "",""t"",""ravel"",""ed "",""back"","" "",""t"",""o "",""Paris "",""sur"",""round"",""ed "",""by "",""a "",""mob "",""of "",""people "",""scr"",""eaming "",""and "",""shout"",""ing "",""t"",""hreats "",""against"","" "",""t"",""he "",""King "",""and "",""Que en.""]",37
1470,devtest,473,The mob of people forced the King And Queen to have their carriage windows wide open.,"[""T"",""he "",""mob "",""of "",""people "",""for"",""ced "",""t"",""he "",""King "",""And "",""Que en  "",""t"",""o "",""have "",""t"",""heir "",""car"",""riag"",""e "",""win"",""dow"",""s "",""wide "",""op en.""]",25
1471,devtest,474,At one point a member of the mob waved the head of a royal guard killed at Versailles in front of the terrified Queen.,"[""At"","" "",""one "",""point"","" "",""a "",""member"","" "",""of "",""t"",""he "",""mob "",""waved "",""t"",""he "",""head "",""of "",""a "",""royal "",""guard"","" "",""killed "",""at"","" "",""Ver"",""saill"",""es  "",""in "",""front"","" "",""of "",""t"",""he "",""te rr"",""ified "",""Que en.""]",36
1472,devtest,475,The war expenditures of U.S. imperialism in the conquest of the Philippines were paid for by the Filipino people themselves.,"[""T"",""he "",""war "",""exp en dit"",""ur es  "",""of "",""U.S"","". "",""imper"",""ial"",""ism"","" "",""in "",""t"",""he "",""conqu"",""es t"","" "",""of "",""t"",""he "",""P hi lippin"",""es  "",""were "",""paid "",""for"","" "",""by "",""t"",""he "",""Filipin"",""o "",""people "",""t"",""hemsel"",""v es.""]",36
1473,devtest,476,They were compelled to pay taxes to the U.S. colonial regime to defray a major part of the expenditures and the interest on bonds floated in the name of the Philippine government through the Wall Street banking houses.,"[""T"",""hey "",""were "",""comp"",""elled "",""t"",""o "",""pay "",""t"",""ax es  "",""t"",""o "",""t"",""he "",""U.S"","". "",""col"",""onial "",""regime "",""t"",""o "",""defr"",""ay "",""a "",""major"","" "",""part"","" "",""of "",""t"",""he "",""exp en dit"",""ur es  "",""and "",""t"",""he "",""in te r"",""es t"","" "",""on "",""bonds "",""floa te d "",""in "",""t"",""he "",""name "",""of "",""t"",""he "",""P hi lippin"",""e "",""governm en t"","" "",""t"",""hrough"","" "",""t"",""he "",""Wal"",""l"","" "",""St"",""reet"","" "",""banking "",""hous es.""]",66
1474,devtest,477,"Of course, the superprofits derived from the protracted exploitation of the Filipino people would constitute the basic gains of U.S. imperialism.","[""Of"","" cour"",""se, "",""t"",""he "",""super"",""prof"",""it"",""s "",""der"",""ived "",""fr"",""om "",""t"",""he "",""prot"",""rac te d "",""exploit"",""ation"","" "",""of "",""t"",""he "",""Filipin"",""o "",""people "",""would"","" "",""const"",""itu te  "",""t"",""he "",""basic "",""gains "",""of "",""U.S"","". "",""imper"",""ial"",""ism"","".""]",41
1475,devtest,478,To understand the Templars one must understand the context that prompted the creation of the order.,"[""T"",""o "",""under"",""st"",""and "",""t"",""he "",""T"",""emplars "",""one "",""must"","" "",""under"",""st"",""and "",""t"",""he "",""con te"",""xt"","" "",""t"",""hat "",""prom"",""p"",""te d "",""t"",""he "",""creat"",""ion "",""of "",""t"",""he "",""order"","".""]",34
1476,devtest,479,"The age where the events took place is commonly referred as the High Middle Ages the period of European history in the 11th, 12th, and 13th centuries (AD 1000–1300).","[""T"",""he "",""age "",""wher"",""e "",""t"",""he "",""ev en t"",""s "",""t"",""ook "",""place "",""is "",""comm"",""onl"",""y "",""refer"",""red "",""as "",""t"",""he "",""High "",""Mid"",""dl"",""e "",""Ag es  "",""t"",""he "",""period"","" "",""of "",""Europ"",""ean"","" "",""hi st"",""ory "",""in "",""t"",""he "",""11t"",""h, "",""12t"",""h, "",""and "",""13t"",""h "",""c en t"",""uri es  "",""(A"",""D "",""1000"","""",""1300).""]",53
1477,devtest,480,"The High Middle Ages were preceded by the Early Middle Ages and followed by the Late Middle Ages, which by convention ends around 1500.","[""T"",""he "",""High "",""Mid"",""dl"",""e "",""Ag es  "",""were "",""preceded "",""by "",""t"",""he "",""Early "",""Mid"",""dl"",""e "",""Ag es  "",""and "",""foll"",""owed "",""by "",""t"",""he "",""La te  "",""Mid"",""dl"",""e "",""Ag es, "",""w hi ch "",""by "",""conv"",""en t"",""ion "",""en ds "",""around"","" "",""1500.""]",37
1478,devtest,481,"Technological determinism is a term that encompasses a wide range of ideas in practice, from technology-push or the technological imperative to a strict sense that human destiny is driven by an underlying logic associated with scientific laws and their manifestation in technology.","[""T"",""echnolog"",""ical "",""de te rmin"",""ism"","" "",""is "",""a "",""te rm "",""t"",""hat "",""en comp"",""ass"",""es  "",""a "",""wide "",""rang"",""e "",""of "",""ideas "",""in "",""pract"",""ice, "",""fr"",""om "",""te chnolog"",""y-"",""push "",""or "",""t"",""he "",""te chnolog"",""ical "",""imper"",""at"",""ive "",""t"",""o "",""a "",""st"",""rict "",""s en se "",""t"",""hat "",""hum"",""an"","" "",""d es t"",""iny "",""is "",""driv en  "",""by "",""an "",""under"",""l"",""ying "",""logic "",""ass"",""ocia te"",""d "",""wit"",""h "",""sci en t"",""ific "",""laws "",""and "",""t"",""heir "",""man"",""if"",""es t"",""ation"","" "",""in "",""te chnolog"",""y.""]",76
1479,devtest,482,"Most interpretations of technological determinism share two general ideas: that the development of technology itself follows a path largely beyond cultural or political influence, and that technology in turn has ""effects"" on societies that are inherent, rather than socially conditioned.","[""M"",""ost"","" "",""in te r"",""pret"",""ation"",""s "",""of "",""te chnolog"",""ical "",""de te rmin"",""ism"","" "",""share "",""t"",""wo "",""g en er"",""al "",""ideas: "",""t"",""hat "",""t"",""he "",""devel"",""opm en t"","" "",""of "",""te chnolog"",""y "",""itself "",""foll"",""ows "",""a "",""pat"",""h "",""lar"",""gel"",""y "",""beyon"",""d "",""cult"",""ural "",""or "",""pol"",""itical "",""infl"",""u en ce, "",""and "",""t"",""hat "",""te chnolog"",""y "",""in "",""t"",""urn "",""has "",""\"""",""effect"",""s\"""","" "",""on "",""societ"",""i es  "",""t"",""hat "",""are "",""inher"",""en t"","", "",""rat"",""her "",""t"",""han "",""social"",""l"",""y "",""condit"",""ion"",""ed.""]",79
1480,devtest,483,"For example, one might say that the motor car necessarily leads to the development of roads.","[""F"",""or"","" "",""exampl"",""e, "",""one "",""might"","" "",""say "",""t"",""hat "",""t"",""he "",""mot"",""or "",""car"","" "",""nec es s"",""ar"",""il"",""y "",""leads "",""t"",""o "",""t"",""he "",""devel"",""opm en t"","" "",""of "",""roads.""]",31
1481,devtest,484,"However, a nationwide road network is not economically viable for just a handful of cars, so new methods of production are developed to reduce the cost of car ownership.","[""H"",""ow"",""ever"","", "",""a "",""nat"",""ion"",""w"",""ide "",""road "",""net"",""wor"",""k "",""is "",""not"","" "",""econom"",""icall"",""y "",""viable "",""for"","" "",""just"","" "",""a "",""hand"",""f"",""ul "",""of "",""car"",""s, "",""so "",""new "",""met"",""hods "",""of "",""produc"",""t"",""ion "",""are "",""devel"",""oped "",""t"",""o "",""red"",""uce "",""t"",""he "",""cost"","" "",""of "",""car"","" "",""owner"",""s hi p.""]",55
1482,devtest,485,"Mass car ownership also leads to a higher incidence of accidents on the roads, which leads to the invention of new techniques in healthcare for repairing damaged bodies.","[""M"",""as"",""s"","" "",""car"","" "",""owner"",""s hi"",""p "",""also "",""leads "",""t"",""o "",""a "",""hi gher "",""incid en c"",""e "",""of "",""accid en t"",""s "",""on "",""t"",""he "",""roads, "",""w hi ch "",""leads "",""t"",""o "",""t"",""he "",""inv en t"",""ion "",""of "",""new "",""te chniqu es  "",""in "",""healt"",""hcare "",""for"","" "",""repairin"",""g "",""damag"",""ed "",""bodi es.""]",45
1483,devtest,486,"Romanticism had a large element of cultural determinism, drawn from writers such as Goethe, Fichte, and Schlegel.","[""R"",""om"",""an"",""t"",""icis"",""m"","" "",""had "",""a "",""lar"",""ge "",""elem en t"","" "",""of "",""cult"",""ural "",""de te rmin"",""ism"","", "",""draw"",""n "",""from "",""wri te r"",""s "",""such "",""as "",""Goethe, "",""Fich te, "",""and "",""Schlegel"","".""]",31
1484,devtest,487,"In the context of Romanticism, the geography molded individuals, and over time customs and culture related to that geography arose, and these, being in harmony with the place of the society, were better than arbitrarily imposed laws.","[""In "",""t"",""he "",""con te"",""xt"","" "",""of "",""Roman"",""t"",""icism"","", "",""t"",""he "",""geograph"",""y "",""mol"",""ded "",""individual"",""s, "",""and "",""over"","" "",""t"",""ime "",""cust"",""oms "",""and "",""cult"",""ure "",""rel"",""a te d "",""t"",""o "",""t"",""hat "",""geograph"",""y "",""arose"","", "",""and "",""t"",""h es e, "",""being "",""in "",""har"",""mon"",""y "",""wit"",""h "",""t"",""he "",""place "",""of "",""t"",""he "",""societ"",""y, "",""wer"",""e "",""bet"",""te r "",""t"",""han "",""arb"",""it"",""raril"",""y "",""imposed "",""laws.""]",69
1485,devtest,488,"In the manner that Paris is known as the fashion capital of the contemporary world, Constantinople was regarded as the fashion capital of feudal Europe.","[""In "",""t"",""he "",""man"",""ner "",""t"",""hat "",""Paris "",""is "",""known "",""as "",""t"",""he "",""fas hi on"","" "",""cap"",""it"",""al "",""of "",""t"",""he "",""con te"",""mp"",""orary "",""wor"",""ld, "",""Const"",""ant"",""inop"",""l"",""e "",""was "",""regard"",""ed "",""as "",""t"",""he "",""fas hi on"","" "",""cap"",""it"",""al "",""of "",""feudal "",""Europ"",""e.""]",46
1486,devtest,489,Its renown for being an epicenter of luxury began in about 400 A.D. and lasted up until about 1100 A.D.,"[""It"",""s "",""r en own "",""for"","" "",""being "",""an "",""epic en te r"","" "",""of "",""luxur"",""y "",""began "",""in "",""about"","" "",""400 "",""A.D"","". "",""and "",""las te d "",""up "",""unt"",""il "",""about"","" "",""1100 "",""A.D"","".""]",29
1487,devtest,490,Its status declined during the twelfth century mainly due to the fact that Crusaders had returned bearing gifts such as silks and spices that were valued more than what Byzantine markets offered.,"[""It"",""s "",""st"",""atus "",""dec"",""lined "",""dur"",""ing "",""t"",""he "",""t"",""welft"",""h "",""c en t"",""ury "",""mainl"",""y "",""due "",""t"",""o "",""t"",""he "",""fact"","" "",""t"",""hat "",""C ru sader"",""s "",""had "",""ret"",""urned "",""bear"",""ing "",""gift"",""s "",""such "",""as "",""sil"",""ks "",""and "",""spic es  "",""t"",""hat "",""were "",""valued "",""mor"",""e "",""t"",""han "",""what "",""Byzant"",""ine "",""mar"",""ket"",""s "",""off"",""ered.""]",57
1488,devtest,491,It was at this time that the transfer of the title of Fashion Capital from Constantinople to Paris was made.,"[""It"","" "",""was "",""at"","" "",""t"",""hi s "",""t"",""ime "",""t"",""hat "",""t"",""he "",""t"",""ransf"",""er "",""of "",""t"",""he "",""t"",""itle "",""of "",""Fas hi on"","" "",""Cap"",""it"",""al "",""from "",""Const"",""ant"",""inop"",""l"",""e "",""t"",""o "",""Paris "",""was "",""made.""]",38
1489,devtest,492,Gothic style peaked in the period between the 10th - 11th centuries and the 14th century.,"[""G"",""ot"",""hi c "",""st"",""yle "",""peaked "",""in "",""t"",""he "",""period"","" "",""bet"",""we en  "",""t"",""he "",""10t"",""h "",""- "",""11t"",""h "",""c en t"",""uri es  "",""and "",""t"",""he "",""14t"",""h "",""c en t"",""ury.""]",29
1490,devtest,493,At the beginning dress was heavily influenced by the Byzantine culture in the east.,"[""At"","" "",""t"",""he "",""beginning "",""dr es s "",""was "",""heavil"",""y "",""infl"",""u en c"",""ed "",""by "",""t"",""he "",""Byzant"",""ine "",""cult"",""ure "",""in "",""t"",""he "",""east"","".""]",24
1491,devtest,494,"However, due to the slow communication channels, styles in the west could lag behind by 25 to 30 year.","[""H"",""ow"",""ever"","", "",""due "",""t"",""o "",""t"",""he "",""slow "",""comm"",""unic"",""ation"","" "",""channel"",""s, "",""st"",""yl es  "",""in "",""t"",""he "",""w es t"","" "",""could"","" "",""lag "",""be hi nd "",""by "",""25 "",""t"",""o "",""30 "",""year"","".""]",34
1492,devtest,495,towards the end of the Middle Ages western Europe began to develop their own style. one of the biggest developments of the time as a result of the crusades people began to use buttons to fasten clothing.,"[""t"",""owards "",""t"",""he "",""en d "",""of "",""t"",""he "",""Mid"",""dl"",""e "",""Ag es  "",""w es te rn "",""Europ"",""e "",""began "",""t"",""o "",""devel"",""op "",""t"",""heir "",""own "",""st"",""yle. "",""one "",""of "",""t"",""he "",""bigg es t"","" "",""devel"",""opm en t"",""s "",""of "",""t"",""he "",""t"",""ime "",""as "",""a "",""r es ult"","" "",""of "",""t"",""he "",""c ru sad es  "",""people "",""began "",""t"",""o "",""use "",""but"",""tons "",""t"",""o "",""fas te n "",""clot hi ng.""]",58
1493,devtest,496,Subsistence agriculture is agriculture carried out for the production of enough food to meet just the needs of the agriculturalist and his/her family.,"[""S"",""ub"",""sis"",""te n"",""ce "",""agr"",""icul"",""t"",""ure "",""is "",""agr"",""icul"",""t"",""ure "",""car"",""ried "",""out"","" "",""for"","" "",""t"",""he "",""produc"",""t"",""ion "",""of "",""en ough"","" "",""food "",""t"",""o "",""meet "",""just"","" "",""t"",""he "",""needs "",""of "",""t"",""he "",""agricul"",""t"",""uralist"","" "",""and "",""hi s/"",""her"","" "",""famil"",""y.""]",50
1494,devtest,497,"Subsistence agriculture is a simple, often organic, system using saved seed native to the ecoregion combined with crop rotation or other relatively simple techniques to maximize yield.","[""S"",""ub"",""sis"",""te n"",""ce "",""agr"",""icul"",""t"",""ure "",""is "",""a "",""sim"",""ple, "",""of te n "",""organ"",""ic"","", "",""sys te m"","" "",""using "",""saved "",""see"",""d"","" "",""nat"",""ive "",""t"",""o "",""t"",""he "",""ecor"",""eg"",""ion"","" "",""comb"",""ined "",""wit"",""h "",""crop"","" "",""rot"",""ation"","" "",""or "",""ot"",""her "",""rel"",""at"",""ivel"",""y "",""sim"",""ple "",""te chniqu es  "",""t"",""o "",""maxim"",""ize "",""yield.""]",58
1495,devtest,498,Historically most farmers were engaged in subsistence agriculture and this is still the case in many developing nations.,"[""H"",""ist"",""oricall"",""y "",""most"","" "",""far"",""mers "",""were "",""en gaged "",""in "",""sub"",""sis te n"",""ce "",""agr"",""icul"",""t"",""ure "",""and "",""t"",""hi s "",""is "",""st"",""ill"","" "",""t"",""he "",""case "",""in "",""man"",""y "",""devel"",""oping "",""nat"",""ion"",""s.""]",36
1496,devtest,499,Subcultures bring together like-minded individuals who feel neglected by societal standards and allow them to develop a sense of identity.,"[""S"",""ub"",""cult"",""ur"",""es  "",""bring "",""t"",""ogether"","" "",""like-"",""min"",""ded "",""individual"",""s "",""who "",""feel"","" "",""negl"",""ec te d "",""by "",""societ"",""al "",""st"",""andard"",""s "",""and "",""all"",""ow "",""t"",""hem "",""t"",""o "",""devel"",""op "",""a "",""s en se "",""of "",""id en t"",""ity.""]",39
1497,devtest,500,"Subcultures can be distinctive because of the age, ethnicity, class, location, and/or gender of the members.","[""S"",""ub"",""cult"",""ur"",""es  "",""can "",""be "",""dist"",""inct"",""ive "",""because"","" "",""of "",""t"",""he "",""age, "",""et"",""hnicit"",""y, "",""class"","", "",""location"","", "",""and/"",""or"","" "",""g en der"","" "",""of "",""t"",""he "",""member"",""s.""]",33
1498,devtest,501,"The qualities that determine a subculture as distinct may be linguistic, aesthetic, religious, political, sexual, geographical, or a combination of factors.","[""T"",""he "",""qualit"",""i es  "",""t"",""hat "",""de te rmin"",""e "",""a "",""sub"",""cult"",""ure "",""as "",""dist"",""inct"","" "",""may "",""be "",""lin"",""guist"",""ic, "",""a es t"",""hetic, "",""rel"",""igious, "",""pol"",""it"",""ical, "",""sexual"","", "",""geograp hi"",""cal, "",""or"","" "",""a "",""comb"",""inat"",""ion"","" "",""of "",""fact"",""ors.""]",42
1499,devtest,502,"Members of a subculture often signal their membership through a distinctive and symbolic use of style, which includes fashions, mannerisms, and argot.","[""M"",""em"",""ber"",""s "",""of "",""a "",""sub"",""cult"",""ure "",""of te n "",""sign"",""al "",""t"",""heir "",""member"",""s hi p "",""t"",""hrough"","" "",""a "",""dist"",""inct"",""ive "",""and "",""sym"",""bol"",""ic "",""use "",""of "",""st"",""yle, "",""w hi ch "",""incl"",""ud es  "",""fas hi on"",""s, "",""man"",""n"",""erism"",""s, "",""and "",""argot"","".""]",43
1500,devtest,503,"One of the most common methods used to illustrate the importance of socialization is to draw upon the few unfortunate cases of children who were, through neglect, misfortune, or wilful abuse, not socialized by adults while they were growing up.","[""On"",""e "",""of "",""t"",""he "",""most"","" "",""comm"",""on "",""met"",""hods "",""used "",""t"",""o "",""ill"",""ust"",""ra te  "",""t"",""he "",""import"",""ance "",""of "",""social"",""izat"",""ion"","" "",""is "",""t"",""o "",""draw "",""upon "",""t"",""he "",""few "",""unfor"",""t"",""una te  "",""cas es  "",""of "",""c hi ldr"",""en  "",""who "",""were, "",""t"",""hrough"","" "",""negl"",""ect"","", "",""misfort"",""une, "",""or "",""wilful "",""abuse, "",""not"","" "",""social"",""ized "",""by "",""adult"",""s "",""w hi le "",""t"",""hey "",""were "",""growing "",""up.""]",67
1501,devtest,504,"Such children are called ""feral"" or wild. Some feral children have been confined by people (usually their own parents); in some cases this child abandonment was due to the parents' rejection of a child's severe intellectual or physical impairment.","[""S"",""uc"",""h"","" "",""c hi ldr"",""en  "",""are "",""call"",""ed "",""\"""",""fer"",""al\"" "",""or "",""wild. "",""Som"",""e "",""fer"",""al "",""c hi ldr"",""en  "",""have "",""be en  "",""conf"",""in"",""ed "",""by "",""people "",""(usuall"",""y "",""t"",""heir "",""own "",""par en t"",""s)"",""; "",""in "",""som"",""e "",""cas es  "",""t"",""hi s "",""c hi ld "",""abandon"",""m"",""en t"","" "",""was "",""due "",""t"",""o "",""t"",""he "",""par en t"",""s' "",""reject"",""ion "",""of "",""a "",""c hi ld'"",""s "",""sever"",""e "",""in te ll"",""ect"",""ual "",""or "",""physic"",""al "",""impairm en t"","".""]",70
1502,devtest,505,Feral children may have experienced severe child abuse or trauma before being abandoned or running away.,"[""F"",""er"",""al "",""c hi ldr"",""en  "",""may "",""have "",""exper"",""i en c"",""ed "",""sever"",""e "",""c hi ld "",""abuse "",""or "",""t"",""rauma "",""befor"",""e "",""being "",""abandon"",""ed "",""or "",""ru nning "",""away.""]",25
1503,devtest,506,Others are alleged to have been brought up by animals; some are said to have lived in the wild on their own.,"[""Ot"",""her"",""s "",""are "",""all"",""eged "",""t"",""o "",""have "",""be en  "",""brough"",""t"","" "",""up "",""by "",""animals; "",""som"",""e "",""are "",""said "",""t"",""o "",""have "",""lived "",""in "",""t"",""he "",""wild "",""on "",""t"",""heir "",""own.""]",32
1504,devtest,507,"When completely brought up by non-human animals, the feral child exhibits behaviors (within physical limits) almost entirely like those of the particular care-animal, such as its fear of or indifference to humans.","[""W"",""h en  "",""comp"",""l"",""e te l"",""y "",""brough"",""t"","" "",""up "",""by "",""non-"",""hum"",""an"","" "",""animals, "",""t"",""he "",""fer"",""al "",""c hi ld "",""ex hi bit"",""s "",""behavior"",""s "",""(wit"",""hi n "",""physic"",""al "",""limit"",""s)"","" "",""almost"","" "",""en t"",""irel"",""y "",""like "",""t"",""hose "",""of "",""t"",""he "",""part"",""icul"",""ar "",""car"",""e-"",""animal, "",""such "",""as "",""its "",""fear "",""of "",""or "",""indiffer"",""en ce "",""t"",""o "",""hum"",""an"",""s.""]",62
1505,devtest,508,"While project based learning should make learning easier and more interesting, scaffolding goes a step beyond.","[""W"",""hi l"",""e "",""project"","" "",""based "",""lear"",""ning "",""should"","" "",""make "",""learning "",""easier"","" "",""and "",""mor"",""e "",""in te r"",""es t"",""ing, "",""scaff"",""oldin"",""g "",""go es  "",""a "",""s te p "",""beyon"",""d.""]",28
1506,devtest,509,Scaffolding is not a method of learning but rather an aid that provides support to individuals whom are undergoing a new learning experience such as using a new computer program or beginning a new project.,"[""S"",""c"",""af"",""f"",""oldin"",""g "",""is "",""not"","" "",""a "",""met"",""hod "",""of "",""learning "",""but"","" "",""rat"",""her "",""an "",""aid "",""t"",""hat "",""prov"",""id"",""es  "",""support"","" "",""t"",""o "",""individual"",""s "",""whom"","" "",""are "",""under"",""going "",""a "",""new "",""learning "",""exper"",""i en c"",""e "",""such "",""as "",""using "",""a "",""new "",""comp"",""u te r "",""program"","" "",""or "",""beginning "",""a "",""new "",""project"","".""]",57
1507,devtest,510,"Scaffolds can be both virtual and real, in other words, a teacher is a form of scaffold but so is the little paperclip man in Microsoft Office.","[""S"",""c"",""af"",""f"",""olds "",""can "",""be "",""bot"",""h "",""virt"",""ual "",""and "",""real, "",""in "",""ot"",""her "",""wor"",""ds, "",""a "",""te acher"","" "",""is "",""a "",""for"",""m "",""of "",""scaff"",""old "",""but"","" "",""so "",""is "",""t"",""he "",""lit"",""tle "",""paper"",""cl"",""ip"","" "",""man"","" "",""in "",""Microsof"",""t"","" "",""Off"",""ice.""]",48
1508,devtest,511,"Virtual Scaffolds are internalized in the software and are meant to question, prompt, and explain procedures that may have been to challenging for the student to handle alone.","[""V"",""ir"",""t"",""ual "",""Scaff"",""olds "",""are "",""in te r"",""nalized "",""in "",""t"",""he "",""soft"",""ware "",""and "",""are "",""meant"","" "",""t"",""o "",""qu es t"",""ion, "",""prom"",""p"",""t"","", "",""and "",""explain "",""proc"",""edur"",""es  "",""t"",""hat "",""may "",""have "",""be en  "",""t"",""o "",""chall"",""en ging "",""for"","" "",""t"",""he "",""st"",""ud en t"","" "",""t"",""o "",""handl"",""e "",""alone.""]",52
1509,devtest,512,"Children are placed in Foster Care for a wide variety of reasons that range from neglect, to abuse, and even to extortion.","[""C"",""hi"",""ldr"",""en  "",""are "",""placed "",""in "",""Fos te"",""r"","" "",""Car"",""e "",""for"","" "",""a "",""wide "",""variet"",""y "",""of "",""reason"",""s "",""t"",""hat "",""range "",""from "",""negl"",""ect"","", "",""t"",""o abuse, "",""and "",""ev en  "",""t"",""o "",""ext"",""ort"",""ion.""]",37
1510,devtest,513,"No child should ever have to grow up in an environment that is not nurturing, caring, and educational, but they do.","[""N"",""o "",""c hi ld "",""should"","" "",""ever"","" "",""have "",""t"",""o "",""grow "",""up "",""in "",""an "",""en vironm en t"","" "",""t"",""hat "",""is "",""not"","" "",""nur"",""t"",""uring, "",""car"",""ing, "",""and "",""educat"",""ion"",""al, "",""but"","" "",""t"",""hey "",""do.""]",35
1511,devtest,514,We perceive the Foster Care System to be a safety zone for these children.,"[""W"",""e "",""percei"",""ve "",""t"",""he "",""Fos te r"","" "",""Car"",""e "",""Sys te m"","" "",""t"",""o "",""be "",""a "",""safet"",""y "",""zone "",""for"","" "",""t"",""h es e "",""c hi ldr"",""en.""]",25
1512,devtest,515,"Our foster care system is supposed to provide safe homes, loving caregivers, stable education, and reliable health care.","[""Ou"",""r"","" "",""fos te r"","" "",""car"",""e "",""sys te m"","" "",""is "",""suppose"",""d "",""t"",""o "",""prov"",""id"",""e "",""safe "",""hom"",""es, "",""loving "",""car"",""egiver"",""s, "",""st"",""able "",""educat"",""ion"","", "",""and "",""rel"",""iab"",""le "",""healt"",""h "",""car"",""e.""]",37
1513,devtest,516,Foster care is supposed to provide all the necessities that were lacking in the home they were previously taken from.,"[""F"",""os te"",""r"","" "",""car"",""e "",""is "",""suppose"",""d "",""t"",""o "",""prov"",""id"",""e "",""all"","" "",""t"",""he "",""nec es s"",""it"",""i es  "",""t"",""hat "",""were "",""lacking "",""in "",""t"",""he "",""hom"",""e "",""t"",""hey "",""were "",""previousl"",""y "",""t"",""ak en  "",""from.""]",38
1514,devtest,517,The Internet combines elements of both mass and interpersonal communication.,"[""T"",""he "",""In te r"",""net"","" "",""comb"",""in es  "",""elem en t"",""s "",""of "",""bot"",""h "",""mass"","" "",""and "",""in te r"",""per"",""son"",""al "",""comm"",""unic"",""at"",""ion"","".""]",24
1515,devtest,518,The distinct characteristics of the Internet lead to additional dimensions in terms of the uses and gratifications approach.,"[""T"",""he "",""dist"",""inct"","" "",""char"",""ac te r"",""ist"",""ics "",""of "",""t"",""he "",""In te r"",""net"","" "",""lead "",""t"",""o "",""addit"",""ion"",""al "",""dim en sion"",""s "",""in "",""te rms "",""of "",""t"",""he "",""us es  "",""and "",""gratification"",""s "",""appr"",""oach.""]",34
1516,devtest,519,"For example, “learning” and “socialization” are suggested as important motivations for Internet use (James et al., 1995).","[""F"",""or"","" "",""exampl"",""e, "",""“"",""lear"",""ning”"","" "",""and "",""“"",""social"",""izat"",""ion"",""”"","" "",""are "",""sugg es te d "",""as "",""import"",""ant "",""mot"",""ivation"",""s "",""for"","" "",""In te r"",""net"","" "",""use "",""(Jam es  "",""et"","" "",""al., "",""1995).""]",35
1517,devtest,520,“Personal involvement” and “continuing relationships” were also identified as new motivation aspects by Eighmey and McCord (1998) when they investigated audience reactions to websites.,"[""“"",""Person"",""al "",""invol"",""vem en t"",""”"","" "",""and "",""“"",""cont"",""inuing "",""rel"",""at"",""ions hi"",""ps"","""","" "",""were "",""also "",""id en t"",""ified "",""as "",""new "",""mot"",""ivation"","" "",""aspect"",""s "",""by "",""Eighmey "",""and "",""McCor"",""d "",""(199"",""8"","") "",""wh en  "",""t"",""hey "",""inv es t"",""iga te d "",""aud"",""i en c"",""e "",""react"",""ions "",""t"",""o "",""websi te s.""]",49
1518,devtest,521,"The use of video recording has led to important discoveries in the interpretation of micro-expressions, facial movements which last a few milliseconds.","[""T"",""he "",""use "",""of "",""video "",""recor"",""din"",""g "",""has "",""led "",""t"",""o "",""import"",""ant "",""disc"",""over"",""i es  "",""in "",""t"",""he "",""in te r"",""pret"",""ation"","" "",""of "",""micr"",""o-"",""expr"",""es sion"",""s, "",""facial"","" "",""movem en t"",""s "",""w hi ch "",""last"","" "",""a "",""few "",""mil"",""l"",""isecond"",""s.""]",43
1519,devtest,522,"In particular, it is claimed that one can detect whether a person is lying by interpreting micro-expressions correctly.","[""In "",""part"",""icul"",""ar"","", "",""it"","" "",""is "",""claimed "",""t"",""hat "",""one "",""can "",""de te ct"","" "",""whether "",""a "",""person"","" "",""is "",""lying "",""by "",""in te r"",""pret"",""ing "",""micr"",""o-"",""expr"",""es sion"",""s "",""cor"",""rect"",""ly.""]",33
1520,devtest,523,"Oliver Sacks, in his paper The President's Speech, indicated how people who are unable to understand speech because of brain damage are nevertheless able to assess sincerity accurately.","[""Ol"",""iver"","" "",""Sack"",""s, "",""in "",""hi s "",""paper"","" "",""T"",""he "",""Pr es id en t"",""'s "",""Speech, "",""indica te d "",""how people "",""who "",""are "",""unable "",""t"",""o "",""under"",""st"",""and "",""speech "",""because"","" "",""of "",""brain "",""damag"",""e "",""are "",""never"",""t"",""hel es s "",""able "",""t"",""o "",""ass"",""es s "",""sin"",""cer"",""it"",""y "",""accur"",""a te l"",""y.""]",47
1521,devtest,524,He even suggests that such abilities in interpreting human behavior may be shared by animals such as domestic dogs.,"[""H"",""e "",""ev en  "",""sugg es t"",""s "",""t"",""hat "",""such "",""abilit"",""i es  "",""in "",""in te r"",""pret"",""ing "",""hum"",""an"","" "",""behavior"","" "",""may "",""be "",""shared "",""by "",""animals "",""such "",""as "",""dom es t"",""ic "",""dogs.""]",29
1522,devtest,525,Twentieth century research has shown that there are two pools of genetic variation: hidden and expressed.,"[""T"",""w en t"",""iet"",""h "",""c en t"",""ury "",""r es ear"",""ch"","" "",""has "",""show"",""n "",""t"",""hat "",""t"",""here "",""are "",""t"",""wo "",""pools "",""of "",""g en etic "",""variation: "",""hi dd en  "",""and "",""expr"",""es sed.""]",27
1523,devtest,526,"Mutation adds new genetic variation, and selection removes it from the pool of expressed variation.","[""M"",""ut"",""ation"","" "",""adds "",""new "",""g en etic "",""variation"","", "",""and "",""sel"",""ect"",""ion "",""rem"",""ov es  "",""it "",""from "",""t"",""he "",""pool"","" "",""of "",""expr es sed "",""variation"","".""]",25
1524,devtest,527,Segregation and recombination shuffle variation back and forth between the two pools with each generation.,"[""S"",""e"",""g"",""r"",""eg"",""at"",""ion"","" "",""and "",""recomb"",""inat"",""ion"","" "",""shuff"",""l"",""e "",""variation"","" "",""back"","" "",""and "",""for"",""t"",""h "",""bet"",""we en  "",""t"",""he "",""t"",""wo "",""pool"",""s "",""wit"",""h "",""each "",""g en er"",""ation"","".""]",38
1525,devtest,528,"Out on the savanna, it is hard for a primate with a digestive system like that of humans to satisfy its amino-acid requirements from available plant resources.","[""Ou"",""t"","" "",""on "",""t"",""he "",""savann"",""a, "",""it "",""is "",""hard"","" "",""for"","" "",""a "",""prima te  "",""wit"",""h "",""a "",""dig es t"",""ive "",""sys te m"","" "",""like "",""t"",""hat "",""of "",""hum"",""an"",""s "",""t"",""o "",""sat"",""isfy "",""its "",""amino-"",""acid "",""requir"",""em"",""en t"",""s "",""from "",""availab"",""le "",""plan"",""t"","" "",""r es our"",""c es.""]",49
1526,devtest,529,"Moreover, failure to do so has serious consequences: growth depression, malnutrition, and ultimately death.","[""M"",""or"",""eov"",""er"","", "",""failur"",""e "",""t"",""o "",""do "",""so "",""has "",""ser"",""ious "",""conse"",""qu"",""en c"",""es : "",""growt"",""h "",""dep"",""r es sion"","", "",""mal"",""nut"",""rition"","", "",""and "",""ult"",""ima te l"",""y "",""deat"",""h.""]",33
1527,devtest,530,"The most readily accessible plant resources would have been the proteins accessible in leaves and legumes, but these are hard for primates like us to digest unless they are cooked.","[""T"",""he "",""most"","" "",""readil"",""y "",""acc es s"",""ib"",""le "",""plan"",""t"","" "",""r es our"",""c"",""es  "",""would"","" "",""have "",""be en  "",""t"",""he "",""pro te"",""ins "",""acc es s"",""ib"",""le "",""in "",""leav es  "",""and "",""legum es, "",""but"","" "",""t"",""h es e "",""are "",""har"",""d"","" "",""for"","" "",""prima te s "",""like "",""us "",""t"",""o "",""dig es t"","" "",""unl"",""es s "",""t"",""hey "",""are "",""cooked.""]",53
1528,devtest,531,"In contrast, animal foods (ants, termites, eggs) not only are easily digestible, but they provide high-quantity proteins that contain all the essential amino acids.","[""In "",""cont"",""rast"","", "",""animal"","" "",""foods "",""(ant"",""s, "",""te rmi te s, "",""eggs)"","" "",""not"","" "",""only "",""are "",""easil"",""y "",""dig es t"",""ible, "",""but"","" "",""t"",""hey "",""prov"",""id"",""e "",""hi gh-"",""quant"",""it"",""y "",""pro te"",""ins "",""t"",""hat "",""cont"",""ain "",""all"","" "",""t"",""he "",""es s en t"",""ial "",""amino "",""acids.""]",45
1529,devtest,532,"All things considered, we should not be surprised if our own ancestors solved their ""protein problem"" in somewhat the same way that chimps on the savanna do today.","[""Al"",""l"","" "",""t"",""hi ngs "",""consider"",""ed, "",""we "",""should"","" "",""not"","" "",""be "",""sur"",""prised "",""if our "",""own "",""anc"",""es t"",""ors "",""sol"",""ved "",""t"",""heir "",""\"""",""pro te"",""in "",""problem"",""\"""","" "",""in "",""som"",""ew"",""hat"","" "",""t"",""he "",""same "",""way "",""t"",""hat "",""c hi mps "",""on "",""t"",""he "",""savann"",""a "",""do "",""t"",""oday.""]",50
1530,devtest,533,Sleep interruption is the process of purposefully awakening during your normal sleep period and falling asleep a short time later (10–60 minutes).,"[""S"",""l"",""eep"","" "",""in te r"",""ru"",""pt"",""ion"","" "",""is "",""t"",""he "",""proc"",""es s"","" "",""of "",""purposef"",""ull"",""y "",""awak en ing "",""during "",""your "",""nor"",""mal "",""sleep "",""period"","" "",""and "",""fall"",""ing "",""asl"",""eep "",""a "",""short"","" "",""t"",""ime "",""la te r "",""(10–"",""60 "",""min"",""u te s)"","".""]",43
1531,devtest,534,This can be easily done by using a relatively quiet alarm clock to bring you to consciousness without fully waking you.,"[""T"",""hi s "",""can "",""be "",""easil"",""y "",""done "",""by "",""using "",""a "",""rel"",""at"",""ivel"",""y "",""quiet"","" "",""alar"",""m "",""clock "",""t"",""o "",""bring "",""you "",""t"",""o "",""consc"",""iousn"",""es s"","" "",""wit"",""hout "",""full"",""y "",""waking "",""you.""]",35
1532,devtest,535,"If you find yourself resetting the clock in your sleep, it can be placed on the other side of the room, forcing you to get out of bed to turn it off.","[""If you "",""fin"",""d "",""yoursel"",""f "",""r es et"",""ting "",""t"",""he "",""clock "",""in "",""your "",""sleep, "",""it "",""can "",""be "",""placed "",""on "",""t"",""he "",""ot"",""her "",""side "",""of "",""t"",""he "",""room, "",""for"",""cing "",""you "",""t"",""o "",""get "",""out"","" "",""of "",""bed "",""t"",""o "",""t"",""urn "",""it "",""off"","".""]",44
1533,devtest,536,"Other biorhythm-based options involve drinking lots of fluid (particularly water or tea, a known diuretic) prior to sleep, forcing one to get up to urinate.","[""Ot"",""her"","" "",""bior"",""hyt"",""hm-"",""based "",""options "",""invol"",""ve "",""drinking "",""lots "",""of "",""fluid"","" "",""(part"",""icul"",""ar"",""l"",""y "",""wa te r "",""or "",""te a, "",""a "",""known "",""diuret"",""ic)"","" "",""prior"","" "",""t"",""o "",""sleep, "",""for"",""cing "",""one "",""t"",""o "",""get "",""up "",""t"",""o "",""urina te.""]",43
1534,devtest,537,The amount of inner peace a person possesses correlates oppositely to the amount of tension in one’s body and spirit.,"[""T"",""he "",""amount"","" "",""of "",""inner"","" "",""peace "",""a "",""person"","" "",""poss es s es  "",""cor"",""rel"",""a te s "",""opposi te"",""l"",""y "",""t"",""o "",""t"",""he "",""amount"","" "",""of "",""te nsion"","" "",""in "",""one’"",""s "",""body "",""and "",""spirit"","".""]",34
1535,devtest,538,"The lower the tension, the more positive the life force present. Every person has the potential to find absolute peace and contentment.","[""T"",""he "",""lower "",""t"",""he "",""te nsion"","", "",""t"",""he "",""mor"",""e "",""posit"",""ive "",""t"",""he "",""life "",""for"",""ce "",""pr es en t"","". "",""Ever"",""y "",""person"","" "",""has "",""t"",""he "",""po te nt"",""ial "",""t"",""o "",""fin"",""d "",""absol"",""u te  "",""peace "",""and "",""con te"",""nt"",""m en t"","".""]",41
1536,devtest,539,Everyone can achieve enlightenment. The only thing standing in the way of this goal is our own tension and negativity.,"[""E"",""v"",""er"",""yon"",""e "",""can "",""ac hi eve "",""en ligh te nm en t"","". "",""T"",""he "",""only "",""t"",""hi ng "",""st"",""anding "",""in "",""t"",""he "",""way "",""of "",""t"",""hi s "",""goal "",""is "",""our "",""own "",""te nsion"","" "",""and "",""negat"",""ivit"",""y.""]",33
1537,devtest,540,"The Tibetan Buddhism is based on the teachings of Buddha, but were extended by the mahayana path of love and by a lot of techniques from Indian Yoga.","[""T"",""he "",""T"",""ibetan "",""Budd"",""hi sm"","" "",""is "",""based "",""on "",""t"",""he "",""te ac hi ngs "",""of "",""Budd"",""ha, "",""but"","" "",""were "",""ex te nded "",""by "",""t"",""he "",""mahayana "",""pat"",""h "",""of "",""love "",""and "",""by "",""a "",""lot "",""of "",""te chniqu es  "",""from "",""Indian"","" "",""Yoga.""]",38
1538,devtest,541,"In principle the Tibetan Buddhism is very simple. It consists of Kundalini Yoga, meditation and the path of all-embracing love.","[""In "",""princip"",""l"",""e "",""t"",""he "",""T"",""ibetan "",""Budd"",""hi sm"","" "",""is "",""ver"",""y "",""sim"",""ple. "",""It "",""consist"",""s "",""of "",""Kundalini "",""Yoga, "",""med"",""it"",""ation"","" "",""and "",""t"",""he "",""pat"",""h "",""of "",""all"",""-"",""embr"",""acing "",""love.""]",37
1539,devtest,542,"With Kundalini Yoga the Kundalini energy (enlightenment energy) is awakened through yoga postures, breathing exercises, mantras and visualizations.","[""W"",""it"",""h "",""Kundalini "",""Yoga "",""t"",""he "",""Kundalini "",""en er"",""gy "",""( en l"",""igh te nm en t"","" "",""en er"",""gy)"","" "",""is "",""awak en ed "",""t"",""hrough"","" "",""yoga "",""post"",""ur es, "",""breat"",""hi ng "",""exer"",""cis es, "",""man"",""t"",""ras "",""and "",""visual"",""izat"",""ion"",""s.""]",36
1540,devtest,543,"The center of Tibetan meditation is the Deity Yoga. Through the visualization of various deities the energy channels are cleaned, the chakras are activated and the enlightenment consciousness is created.","[""T"",""he "",""c en te r"","" "",""of "",""T"",""ibetan "",""med"",""it"",""ation"","" "",""is "",""t"",""he "",""Deit"",""y "",""Yoga. "",""T"",""hrough"","" "",""t"",""he "",""visualizat"",""ion"","" "",""of "",""various "",""deiti es  "",""t"",""he "",""en er"",""gy "",""channel"",""s "",""are "",""cleaned, "",""t"",""he "",""chakras "",""are "",""act"",""iva te d "",""and "",""t"",""he "",""en ligh te nm en t"","" "",""consc"",""iousn"",""es s"","" "",""is "",""crea te d.""]",53
1541,devtest,544,"Germany was a common enemy in World War 2, leading to cooperation between the USSR and USA. With the end of the war the clashes of system, process and culture led to the countries falling out.","[""G"",""er"",""man"",""y "",""was "",""a "",""comm"",""on "",""en emy "",""in "",""Wor"",""ld "",""War"","" "",""2, "",""leading "",""t"",""o "",""coop"",""erat"",""ion"","" "",""bet"",""we en  "",""t"",""he "",""USSR "",""and "",""USA. "",""Wit"",""h "",""t"",""he "",""en d "",""of "",""t"",""he "",""war "",""t"",""he "",""clash es  "",""of "",""sys te m"","", "",""proc"",""es s"","" "",""and "",""cult"",""ure "",""led "",""t"",""o "",""t"",""he "",""count"",""ri es  "",""fall"",""ing "",""out"","".""]",61
1542,devtest,545,"With two years of the end of the war, the former allies were now enemies and the Cold War began.","[""W"",""it"",""h "",""t"",""wo "",""year"",""s "",""of "",""t"",""he "",""en d "",""of "",""t"",""he "",""war, "",""t"",""he "",""for"",""mer "",""all"",""i es  "",""were "",""now "",""en emi es  "",""and "",""t"",""he "",""Col"",""d "",""War"","" "",""began.""]",32
1543,devtest,546,"It was to last for the next 40 years and would be fought for real, by proxy armies, on battlefields from Africa to Asia, in Afghanistan, Cuba and many other places.","[""It"","" "",""was "",""t"",""o "",""last"","" "",""for"","" "",""t"",""he "",""next"","" "",""40 "",""years "",""and "",""would"","" "",""be "",""fough"",""t"","" "",""for"","" "",""real, "",""by "",""proxy "",""armi es, "",""on "",""bat"",""tlefiel"",""ds "",""from "",""Afr"",""ica "",""t"",""o "",""Asia, "",""in "",""Afghanist"",""an, "",""Cuba "",""and "",""man"",""y "",""ot"",""her "",""plac es.""]",48
1544,devtest,547,"By September 17, 1939, the Polish defense was already broken, and the only hope was to retreat and reorganise along the Romanian bridgehead.","[""B"",""y "",""Sep te mber"","" "",""17, "",""1939, "",""t"",""he "",""Pol"",""ish "",""def en se "",""was "",""alread"",""y "",""brok en, "",""and "",""t"",""he "",""only "",""hop"",""e "",""was "",""t"",""o "",""ret"",""reat "",""and "",""reorganise "",""along "",""t"",""he "",""Roman"",""ian"","" "",""bridgeh"",""ead"","".""]",37
1545,devtest,548,"However, these plans were rendered obsolete nearly overnight, when over 800,000 soldiers from the Soviet's Union Red Army entered and created the Belarussian and Ukrainian fronts after invading the eastern regions of Poland in violation of the Riga Peace Treaty, the Soviet-Polish Non-Aggression Pact, and other international treaties, both bilateral and multilateral.","[""H"",""ow"",""ever"","", "",""t"",""h es e "",""plan"",""s "",""were "",""r en dered "",""obsol"",""e te"","" "",""near"",""l"",""y "",""over"",""night"","", "",""wh en  "",""over"","" "",""800,0"",""00 "",""sol"",""diers "",""fr"",""om "",""t"",""he "",""Soviet"",""'"",""s "",""Union"","" "",""Red"","" "",""Army "",""en te red "",""and "",""crea te d "",""t"",""he "",""Bel"",""a ru ss"",""ian"","" "",""and "",""Ukrainian"","" "",""front"",""s "",""af te r"","" "",""invading "",""t"",""he "",""eas te r"",""n "",""region"",""s "",""of "",""Pol"",""an"",""d "",""in "",""viol"",""ation"","" "",""of "",""t"",""he "",""Riga "",""Peace "",""T"",""reaty, "",""t"",""he "",""Soviet"",""-"",""Pol"",""ish "",""Non-"",""Aggr"",""es sion"","" "",""Pact"","", "",""and "",""ot"",""her "",""in te r"",""nat"",""ion"",""al "",""t"",""reati es, "",""bot"",""h "",""bila te ral "",""and "",""mul"",""t"",""ila te ral.""]",104
1546,devtest,549,Using ships to transport goods is by far the most efficient way to move large amounts of people and goods across oceans.,"[""U"",""sin"",""g "",""s hi ps "",""t"",""o "",""t"",""ransp"",""ort"","" "",""good"",""s "",""is "",""by "",""far"","" "",""t"",""he "",""most"","" "",""effici en t"","" "",""way "",""t"",""o "",""move "",""lar"",""ge "",""amount"",""s "",""of "",""people "",""and "",""good"",""s "",""acr"",""oss "",""oceans.""]",38
1547,devtest,550,"The job of navies has traditionally been to ensure that your country maintains the ability to move your people and goods, while at the same time, interfering with your enemy's ability to move his people and goods.","[""T"",""he "",""job "",""of "",""navi es  "",""has "",""t"",""radition"",""all"",""y "",""be en  "",""t"",""o "",""en sure "",""t"",""hat "",""your "",""count"",""ry "",""maint"",""ains "",""t"",""he "",""abilit"",""y "",""t"",""o "",""move "",""your "",""people "",""and "",""good"",""s, "",""w hi le "",""at"","" "",""t"",""he "",""same "",""t"",""ime, "",""in te r"",""fer"",""ing "",""wit"",""h "",""your "",""en emy'"",""s "",""abilit"",""y "",""t"",""o "",""move "",""hi s "",""people "",""and "",""good"",""s.""]",59
1548,devtest,551,One of the most noteworthy recent examples of this was the North Atlantic campaign of WWII. The Americans were trying to move men and materials across the Atlantic Ocean to help Britain.,"[""On"",""e "",""of "",""t"",""he "",""most"","" "",""no te wor"",""t"",""hy "",""rec en t"","" "",""exampl"",""es  "",""of "",""t"",""hi s "",""was "",""t"",""he "",""Nor"",""t"",""h "",""At"",""lantic "",""camp"",""aign"","" "",""of "",""WWII. "",""T"",""he "",""Amer"",""ican"",""s "",""were "",""t"",""rying "",""t"",""o "",""move "",""m en  "",""and "",""ma te rial"",""s "",""acr"",""oss "",""t"",""he "",""At"",""lantic "",""Ocean "",""t"",""o "",""hel"",""p "",""Brit"",""ain.""]",58
1549,devtest,552,"At the same time, the German navy, using mainly U-boats, was trying to stop this traffic.","[""At"","" "",""t"",""he "",""same "",""t"",""ime, "",""t"",""he "",""Ger"",""man"","" "",""navy, "",""using "",""mainl"",""y "",""U-"",""boat"",""s, "",""was "",""t"",""rying "",""t"",""o "",""st"",""op "",""t"",""hi s "",""t"",""raff"",""ic.""]",31
1550,devtest,553,"Had the Allies failed, Germany probably would have been able to conquer Britain as it had the rest of Europe.","[""H"",""ad "",""t"",""he "",""All"",""i es  "",""failed, "",""Ger"",""man"",""y "",""probab"",""ly "",""would"","" "",""have "",""be en  "",""able "",""t"",""o "",""conqu"",""er"","" "",""Brit"",""ain "",""as "",""it "",""had "",""t"",""he "",""r es t"","" "",""of "",""Europ"",""e.""]",34
1551,devtest,554,"Goats seem to have been first domesticated roughly 10,000 years ago in the Zagros Mountains of Iran.","[""G"",""oat"",""s "",""see"",""m "",""t"",""o "",""have "",""be en  "",""first"","" "",""dom es t"",""ica te d "",""rough"",""l"",""y "",""10,0"",""00 "",""year"",""s "",""ago "",""in "",""t"",""he "",""Zagros "",""Mount"",""ains "",""of "",""Iran.""]",29
1552,devtest,555,"Ancient cultures and tribes began to keep them for easy access to milk, hair, meat, and skins.","[""An"",""c"",""i en t"","" "",""cult"",""ur es  "",""and "",""t"",""rib es  "",""began "",""t"",""o "",""keep "",""t"",""hem "",""for"","" "",""easy "",""acc es s"","" "",""t"",""o "",""mil"",""k, "",""hair, "",""meat"","", "",""and "",""skins.""]",29
1553,devtest,556,"Domestic goats were generally kept in herds that wandered on hills or other grazing areas, often tended by goatherds who were frequently children or adolescents, similar to the more widely known shepherd. These methods of herding are still used today.","[""D"",""om"",""es t"",""ic "",""goats "",""were "",""g en er"",""all"",""y "",""kept "",""in "",""her"",""ds "",""t"",""hat "",""wandered "",""on "",""hi ll"",""s "",""or "",""other "",""grazing "",""areas, "",""of te n "",""te nded "",""by "",""goatherds "",""who "",""were "",""frequ en t"",""ly "",""c hi ldr"",""en  "",""or "",""adol"",""es c en t"",""s, "",""sim"",""il"",""ar "",""t"",""o "",""t"",""he "",""mor"",""e "",""widel"",""y "",""known "",""sheph"",""er"",""d. "",""T"",""h es e "",""met"",""hods "",""of "",""her"",""din"",""g "",""are "",""st"",""ill"","" "",""used "",""t"",""oday.""]",67
1554,devtest,557,Wagonways were built in England as early as the 16th Century.,"[""W"",""ag"",""on"",""w"",""ays "",""wer"",""e "",""built"","" "",""in "",""Engl"",""and "",""as "",""earl"",""y "",""as "",""t"",""he "",""16t"",""h "",""C en t"",""ury.""]",22
1555,devtest,558,"Although wagonways merely consisted of parallel planks of wood, they allowed horses pulling them to achieve greater speeds and pull larger loads than on the slightly more rough roads of the day.","[""Al"",""t"",""hough"","" "",""wagon"",""w"",""ays "",""mer"",""el"",""y "",""consis te d "",""of "",""paral"",""l"",""el"","" "",""plan"",""ks "",""of "",""wood, "",""t"",""hey "",""all"",""owed "",""hor"",""s es  "",""pull"",""ing "",""t"",""hem "",""t"",""o "",""ac hi eve "",""grea te r "",""speed"",""s "",""and "",""pull"","" "",""lar"",""ger "",""loads "",""t"",""han "",""on "",""t"",""he "",""slight"",""l"",""y "",""mor"",""e "",""rough"","" "",""roads "",""of "",""t"",""he "",""day.""]",59
1556,devtest,559,"Crossties were introduced fairly early to hold the tracks in place. Gradually, however, it was realised that tracks would be more efficient if they had a stip of iron on the top.","[""C"",""r"",""osst"",""i es  "",""were "",""int"",""roduc"",""ed "",""fairl"",""y "",""earl"",""y "",""t"",""o "",""hol"",""d "",""t"",""he "",""t"",""racks "",""in "",""place. "",""Grad"",""uall"",""y, "",""however"","", "",""it "",""was "",""realised "",""t"",""hat "",""t"",""racks "",""would"","" "",""be "",""mor"",""e "",""effici en t"","" "",""if t"",""hey "",""had "",""a "",""st"",""ip "",""of "",""iron "",""on "",""t"",""he "",""t"",""op.""]",54
1557,devtest,560,"This became common practice, but the iron caused more wear on the wooden wheels of the wagons.","[""T"",""hi s "",""became "",""comm"",""on "",""pract"",""ice, "",""but"","" "",""t"",""he "",""iron "",""cause"",""d "",""mor"",""e "",""wear "",""on "",""t"",""he "",""wood en  "",""wheel"",""s "",""of "",""t"",""he "",""wagons.""]",27
1558,devtest,561,"Eventually, wooden wheels were replaced by iron wheels. In 1767, the first full-iron rails were introduced.","[""E"",""v"",""en t"",""uall"",""y, "",""wood en  "",""wheel"",""s "",""wer"",""e "",""rep"",""l"",""aced "",""by "",""iron "",""wheel"",""s. "",""In "",""1767, "",""t"",""he "",""first"","" "",""full"",""-"",""iron "",""rails "",""were "",""int"",""roduc"",""ed.""]",31
1559,devtest,562,"The first known transportation was walking, humans began walking upright two million years ago with the emergence of Homo Erectus (meaning upright man).","[""T"",""he "",""first"","" "",""known "",""t"",""ransp"",""ort"",""ation"","" "",""was "",""walking, "",""hum"",""an"",""s "",""began "",""walking "",""upright"","" "",""t"",""wo "",""mil"",""lion"","" "",""year"",""s "",""ago "",""wit"",""h "",""t"",""he "",""emer"",""g en c"",""e "",""of "",""Hom"",""o "",""Erect"",""us "",""(meaning "",""upright"","" "",""man"","").""]",44
1560,devtest,563,"Their predecessors, the Australopithecus did not walk upright as habitually.","[""T"",""heir "",""pred"",""ec es s"",""or"",""s, "",""t"",""he "",""Aust"",""ralopit"",""hecus "",""did "",""not"","" "",""walk "",""upright"","" "",""as "",""habit"",""uall"",""y.""]",21
1561,devtest,564,"Bipedal specializations are found in Australopithecus fossils from 4.2-3.9 million years ago, although Sahelanthropus may have walked on two legs as early as seven million years ago.","[""B"",""ip"",""ed"",""al "",""special"",""izat"",""ion"",""s "",""are "",""found"","" "",""in "",""Aust"",""ralopit"",""hecus "",""fossil"",""s "",""from "",""4.2"",""-"",""3.9"","" "",""mil"",""lion"","" "",""year"",""s "",""ago, "",""alt"",""hough"","" "",""Sahel"",""ant"",""hrop"",""us "",""may "",""have "",""walked "",""on "",""t"",""wo "",""legs "",""as "",""earl"",""y "",""as "",""sev en  "",""mil"",""lion"","" "",""year"",""s "",""ago.""]",53
1562,devtest,565,"We can start living more friendly to the environment, we can join to the environmental movement, and we can even be activists in order to reduce the future suffering in some degree.","[""W"",""e "",""can "",""st"",""art "",""living "",""mor"",""e "",""fri en dl"",""y "",""t"",""o "",""t"",""he "",""en vironm en t"","", "",""we "",""can "",""join "",""t"",""o "",""t"",""he "",""en vironm en t"",""al "",""movem en t"","", "",""and "",""we "",""can "",""ev en  "",""be "",""act"",""ivist"",""s "",""in "",""order"","" "",""t"",""o "",""red"",""uce "",""t"",""he "",""fut"",""ure "",""suffering "",""in "",""som"",""e "",""degree.""]",51
1563,devtest,566,"This is just like symptomatic treatment in many cases. However, if we do not only want a temporary solution, then we should find the root of the problems, and we should deactivate them.","[""T"",""hi s "",""is "",""just"","" "",""like "",""sym"",""pt"",""omat"",""ic "",""t"",""reatm en t"","" "",""in "",""man"",""y "",""cas es. "",""However"","", "",""if we "",""do "",""not"","" "",""only "",""want"","" "",""a "",""te mporary "",""sol"",""ution"","", "",""t"",""h en  "",""we "",""should"","" "",""fin"",""d "",""t"",""he "",""root"","" "",""of "",""t"",""he "",""problem"",""s, "",""and "",""we "",""should"","" "",""deact"",""iva te  "",""t"",""hem.""]",55
1564,devtest,567,"It is obvious enough that the world has changed much because of humankind's scientific and technological advancements, and problems have become greater because of overpopulation and mankind's extravagant lifestyle.","[""It"","" "",""is "",""obvious "",""en ough"","" "",""t"",""hat "",""t"",""he "",""wor"",""ld "",""has "",""changed "",""much"","" "",""because"","" "",""of "",""hum"",""an"",""kind'"",""s "",""sci en t"",""ific "",""and "",""te chnolog"",""ical "",""adv"",""ancem en t"",""s, "",""and "",""problem"",""s "",""have "",""become "",""grea te r "",""because"","" "",""of "",""over"",""pop"",""ul"",""at"",""ion"","" "",""and "",""man"",""kind'"",""s "",""ext"",""ravag"",""ant"","" "",""lif es t"",""yle.""]",56
1565,devtest,568,"After its adoption by Congress on July 4, a handwritten draft signed by the President of Congress John Hancock and the Secretary Charles Thomson was then sent a few blocks away to the printing shop of John Dunlap.","[""Af"",""te r"","" "",""its "",""adoption "",""by "",""Cong"",""r es s "",""on "",""Jul"",""y "",""4, "",""a "",""hand"",""w"",""r"",""it"",""te n "",""draft"","" "",""sign"",""ed "",""by "",""t"",""he "",""Pr es id en t"","" "",""of "",""Cong"",""r es s "",""John"","" "",""Hanc"",""ock"","" "",""and "",""t"",""he "",""Secret"",""ary "",""Char"",""l"",""es  "",""T"",""homson"","" "",""was "",""t"",""h en  "",""s en t"","" "",""a "",""few "",""blocks "",""away "",""t"",""o "",""t"",""he "",""print"",""ing "",""shop "",""of "",""John"","" "",""Dunl"",""ap.""]",67
1566,devtest,569,"Through the night between 150 and 200 copies were made, now known as ""Dunlap broadsides"".","[""T"",""hr"",""ough"","" "",""t"",""he "",""night"","" "",""bet"",""we en  "",""150 "",""and "",""200 "",""cop"",""i es  "",""were "",""made, "",""now "",""known"","" "",""as "",""\"""",""Dunl"",""ap "",""broadsid es \"""","".""]",26
1567,devtest,570,The first public reading of the document was by John Nixon in the yard of Independence Hall on July 8.,"[""T"",""he "",""first"","" "",""public"","" "",""read"",""ing "",""of "",""t"",""he "",""docum en t"","" "",""was "",""by "",""John"","" "",""Nixon"","" "",""in "",""t"",""he "",""yard "",""of "",""Indep en d en c"",""e "",""Hal"",""l"","" "",""on "",""Jul"",""y "",""8.""]",33
1568,devtest,571,"One was sent to George Washington on July 6, who had it read to his troops in New York on July 9. A copy reached London on August 10.","[""On"",""e "",""was "",""s en t"","" "",""t"",""o "",""Geor"",""ge "",""Was hi ngt"",""on "",""on "",""Jul"",""y "",""6, "",""who "",""had "",""it "",""read "",""t"",""o "",""hi s "",""t"",""roop"",""s "",""in "",""New "",""Yor"",""k "",""on "",""Jul"",""y "",""9. "",""A "",""cop"",""y "",""reached "",""London"","" "",""on "",""August"","" "",""10.""]",43
1569,devtest,572,The 25 Dunlap broadsides still known to exist are the oldest surviving copies of the document. The original handwritten copy has not survived.,"[""T"",""he "",""25 "",""Dunl"",""ap "",""broadsid es  "",""st"",""ill"","" "",""known "",""t"",""o "",""exist"","" "",""are "",""t"",""he "",""old es t"","" "",""sur"",""viv"",""ing "",""cop"",""i es  "",""of "",""t"",""he "",""docum en t"","". "",""T"",""he "",""origin"",""al "",""hand"",""w"",""r"",""it"",""te n "",""cop"",""y "",""has "",""not"","" "",""sur"",""viv"",""ed.""]",46
1570,devtest,573,Many paleontologists today believe that one group of dinosaurs survived and is alive today. We call them birds.,"[""M"",""an"",""y "",""paleon"",""t"",""olog"",""ist"",""s "",""t"",""oday "",""bel"",""ieve "",""t"",""hat "",""one "",""group "",""of "",""din"",""osaur"",""s "",""sur"",""v"",""iv"",""ed "",""and "",""is "",""alive "",""t"",""oday. "",""We "",""call"","" "",""t"",""hem "",""birds.""]",35
1571,devtest,574,Many people don't think about them as dinosaurs because they have feathers and can fly.,"[""M"",""an"",""y "",""people "",""don't"","" "",""t"",""hi nk "",""about"","" "",""t"",""hem "",""as "",""din"",""osaur"",""s "",""because"","" "",""t"",""hey "",""have "",""feat"",""hers "",""and "",""can "",""fly.""]",26
1572,devtest,575,But there are a lot of things about birds that still look like a dinosaur.,"[""B"",""u"",""t"","" "",""t"",""here "",""are "",""a "",""lot "",""of "",""t"",""hi ngs "",""about"","" "",""birds "",""t"",""hat "",""st"",""ill "",""look "",""like "",""a "",""din"",""osaur"","".""]",25
1573,devtest,576,"They have feet with scales and claws, they lay eggs, and they walk on their two back legs like a T-Rex.","[""T"",""hey "",""have "",""feet"","" "",""wit"",""h "",""scal es  "",""and "",""claws, "",""t"",""hey "",""lay "",""eggs, "",""and "",""t"",""hey "",""walk "",""on "",""t"",""heir "",""t"",""wo "",""back"","" "",""legs "",""like "",""a "",""T"",""-"",""Rex.""]",31
1574,devtest,577,Virtually all computers in use today are based on the manipulation of information which is coded in the form of binary numbers.,"[""V"",""ir"",""t"",""uall"",""y "",""all"","" "",""comp"",""u te rs "",""in "",""use "",""t"",""oday "",""are "",""based "",""on "",""t"",""he "",""man"",""ipul"",""at"",""ion"","" "",""of "",""infor"",""mation"","" "",""w hi ch "",""is "",""coded "",""in "",""t"",""he "",""for"",""m "",""of "",""binary "",""number"",""s.""]",39
1575,devtest,578,"A binary number can have only one of two values, i.e. 0 or 1, and these numbers are referred to as binary digits - or bits, to use computer jargon.","[""A "",""binary "",""number"","" "",""can "",""have "",""only "",""one "",""of "",""t"",""wo "",""valu es, "",""i.e. "",""0 or "",""1, "",""and "",""t"",""h es e "",""number"",""s "",""are "",""refer"",""red "",""t"",""o "",""as "",""binary "",""digits "",""- "",""or "",""bit"",""s, "",""t"",""o use "",""comp"",""u te r "",""jargon.""]",37
1576,devtest,579,"Internal poisoning may not be immediately apparent. Symptoms, such as vomiting are sufficiently general that an immediate diagnosis cannot be made.","[""In te r"",""nal "",""poison"",""ing "",""may "",""not"","" "",""be "",""imm"",""ed"",""ia te l"",""y "",""appar"",""en t"","". "",""Sym"",""pt"",""oms, "",""such "",""as "",""vomiting "",""are "",""suffici en t"",""ly "",""g en er"",""al "",""t"",""hat "",""an "",""imm"",""ed"",""ia te  "",""diag"",""n"",""osis "",""cannot"","" "",""be "",""made.""]",39
1577,devtest,580,The best indication of internal poisoning may be the presence of an open container of medication or toxic household chemicals.,"[""T"",""he "",""b es t"","" "",""indication"","" "",""of "",""in te r"",""nal "",""poison"",""ing "",""may "",""be "",""t"",""he "",""pr es en ce "",""of "",""an "",""op en  "",""cont"",""ainer "",""of "",""med"",""ication"","" "",""or "",""t"",""oxic "",""house"",""h"",""ol"",""d "",""chem"",""icals.""]",34
1578,devtest,581,Check the label for specific first aid instructions for that specific poison.,"[""C"",""h"",""ec"",""k"","" "",""t"",""he "",""label "",""for"","" "",""specific"","" "",""first"","" "",""aid "",""inst"",""ru ct"",""ions "",""for"","" "",""t"",""hat "",""specific"","" "",""poison"","".""]",26
1579,devtest,582,The term bug is used by entomologists in a formal sense for this group of insects.,"[""T"",""he "",""te rm "",""bug "",""is "",""used "",""by "",""en t"",""omol"",""og"",""ist"",""s "",""in "",""a "",""for"",""mal "",""s en se "",""for"","" "",""t"",""hi s "",""group "",""of "",""insect"",""s.""]",25
1580,devtest,583,"This term derives from ancient familiarity with Bed-bugs, which are insects highly adapted to parasitize humans.","[""T"",""hi s "",""te rm "",""der"",""iv es  "",""from "",""anc"",""i en t"","" "",""famil"",""iarit"",""y "",""wit"",""h "",""Bed-"",""bugs, "",""w hi ch "",""are "",""insect"",""s "",""hi ghl"",""y "",""adap te d "",""t"",""o "",""parasit"",""ize "",""hum"",""an"",""s.""]",30
1581,devtest,584,"Both Assassin-bugs and Bed-bugs are nidicolous, adapted to living in nest or housing of their host.","[""B"",""ot"",""h "",""Ass"",""ass"",""in"",""-"",""bugs "",""and "",""Bed-"",""bugs "",""are "",""nidicol"",""ous, "",""adap te d "",""t"",""o "",""living "",""in "",""n es t"","" "",""or "",""housing "",""of "",""t"",""heir "",""host"","".""]",28
1582,devtest,585,"Across the United States of America, there are approximately 400,000 known cases of Multiple Sclerosis (MS), leaving it as the leading neurological disease in younger and middle aged adults.","[""Ac"",""r"",""oss "",""t"",""he "",""Uni te d "",""St"",""a te s "",""of "",""Amer"",""ica, "",""t"",""here "",""are "",""appr"",""oxima te l"",""y "",""400,0"",""00 "",""known "",""cas es  "",""of "",""Mul"",""t"",""iple "",""Sclerosis "",""(MS)"","", "",""leaving "",""it "",""as "",""t"",""he "",""leading "",""neur"",""ol"",""og"",""ical "",""disease"","" "",""in "",""younger"","" "",""and "",""mid"",""dl"",""e "",""aged "",""adult"",""s.""]",50
1583,devtest,586,"MS is a disease that affects the central nervous system, which is made up of the brain, the spinal cord and the optic nerve.","[""M"",""S "",""is "",""a "",""disease"","" "",""t"",""hat "",""aff"",""ect"",""s "",""t"",""he "",""c en t"",""ral "",""ner"",""vous "",""sys te m"","", "",""w hi ch "",""is "",""made "",""up "",""of "",""t"",""he "",""brain, "",""t"",""he "",""spinal "",""cor"",""d "",""and "",""t"",""he "",""optic "",""ner"",""ve.""]",38
1584,devtest,587,Research has found that females are two times more likely to have MS then males.,"[""R"",""es ear"",""ch"","" "",""has "",""found"","" "",""t"",""hat "",""femal"",""es  "",""are "",""t"",""wo "",""t"",""im es  "",""mor"",""e "",""likel"",""y "",""t"",""o "",""have "",""MS "",""t"",""h en  "",""mal"",""es.""]",28
1585,devtest,588,"A couple may decide it is not in their best interest, or in the interest of their child, to raise a baby.","[""A "",""coup"",""l"",""e "",""may "",""dec"",""ide "",""it "",""is "",""not"","" "",""in "",""t"",""heir "",""b es t"","" "",""in te r"",""es t"","", "",""or "",""in "",""t"",""he "",""in te r"",""es t"","" "",""of "",""t"",""heir "",""c hi ld, "",""t"",""o raise "",""a "",""baby.""]",34
1586,devtest,589,These couples may choose to make an adoption plan for their baby.,"[""T"",""h es e "",""coup"",""l"",""es  "",""may "",""choose"","" "",""t"",""o "",""make "",""an "",""adoption "",""plan"","" "",""for"","" "",""t"",""heir "",""baby.""]",20
1587,devtest,590,"In an adoption, the birth parents terminate their parental rights so that another couple may parent the child.","[""In "",""an "",""adoption, "",""t"",""he "",""birt"",""h "",""par en t"",""s "",""te rmin"",""a te  "",""t"",""heir "",""par en t"",""al "",""right"",""s "",""so "",""t"",""hat "",""anot"",""her "",""coup"",""l"",""e "",""may "",""par en t"","" "",""t"",""he "",""c hi ld.""]",31
1588,devtest,591,Science’s main goal is to figure out the way the world works through the scientific method. This method in fact guides most scientific research.,"[""S"",""c"",""i en c"",""e"","""",""s "",""main "",""goal "",""is "",""t"",""o "",""figure "",""out"","" "",""t"",""he "",""way "",""t"",""he "",""wor"",""ld "",""wor"",""ks "",""t"",""hrough"","" "",""t"",""he "",""sci en t"",""ific "",""met"",""hod. "",""T"",""hi s "",""met"",""hod "",""in "",""fact"","" "",""guid"",""es  "",""most"","" "",""sci en t"",""ific "",""r es ear"",""ch"","".""]",48
1589,devtest,592,"It isn’t alone though, experimentation, and an experiment is a test that is used to eliminate one or more of the possible hypotheses, asking questions, and making observations also guide scientific research.","[""It"","" "",""isn’t"","" "",""alone "",""t"",""hough"","", "",""exper"",""im en t"",""ation"","", "",""and "",""an "",""exper"",""im en t"","" "",""is "",""a "",""te st"","" "",""t"",""hat "",""is "",""used "",""t"",""o "",""elimina te  "",""one "",""or "",""mor"",""e "",""of "",""t"",""he "",""possib"",""le "",""hyp"",""ot"",""h es es, "",""asking "",""qu es t"",""ion"",""s, "",""and "",""making "",""obser"",""vat"",""ion"",""s "",""also "",""guid"",""e "",""sci en t"",""ific "",""r es ear"",""ch"","".""]",58
1590,devtest,593,"Naturalists and philosophers focused on classical texts and, in particular, on the Bible in Latin.","[""N"",""at"",""uralist"",""s "",""and "",""p hi losop"",""h"",""er"",""s "",""focused "",""on "",""class"",""ical "",""te xt"",""s "",""and, "",""in "",""part"",""icul"",""ar"","", "",""on "",""t"",""he "",""Bible "",""in "",""Lat"",""in.""]",28
1591,devtest,594,"Accepted were Aristotle's views on all matters of science, including psychology.","[""Ac"",""c"",""ep"",""te"",""d "",""wer"",""e "",""Arist"",""ot"",""le'"",""s "",""view"",""s "",""on "",""all"","" "",""mat"",""te rs "",""of "",""sci en c"",""e, "",""inc"",""l"",""udin"",""g "",""psychol"",""og"",""y.""]",28
1592,devtest,595,"As knowledge of Greek declined, the West found itself cut off from its Greek philosophical and scientific roots.","[""As"","" knowledg"",""e "",""of "",""Greek "",""dec"",""lined, "",""t"",""he "",""W es t"","" "",""found"","" "",""itself "",""cut"","" "",""off"","" "",""from "",""its "",""Greek "",""p hi losop"",""hi"",""cal "",""and "",""sci en t"",""ific "",""root"",""s.""]",29
1593,devtest,596,Many observed rhythms in physiology and behavior often crucially depend on the presence of endogenous cycles and their production through biological clocks.,"[""M"",""an"",""y "",""obser"",""ved "",""rhyt"",""hms "",""in "",""physiol"",""og"",""y "",""and "",""behavior"","" "",""of te n "",""c ru cial"",""l"",""y "",""dep"",""en d "",""on "",""t"",""he "",""pr es en c"",""e "",""of "",""en dog en ous "",""cycl"",""es  "",""and "",""t"",""heir "",""produc"",""t"",""ion "",""t"",""hrough"","" "",""biol"",""ogical "",""clocks.""]",41
1594,devtest,597,"Periodic rhythms, which are not simply responses to external periodic cues, have been documented for most living beings, including bacteria, fungi, plants, and animals.","[""P"",""er"",""iod"",""ic "",""rhyt"",""hms, "",""w hi ch "",""are "",""not"","" "",""sim"",""ply "",""r es pon"",""s es  "",""t"",""o "",""ex te r"",""nal "",""period"",""ic "",""cu es, "",""have "",""be en  "",""docum en te d "",""for"","" "",""most"","" "",""living "",""beings, "",""incl"",""udin"",""g "",""bac te r"",""ia, "",""fungi, "",""plan"",""t"",""s, "",""and "",""animal"",""s.""]",42
1595,devtest,598,Biological clocks are self sustaining oscillators which will continue a period of free-running cycling even in the absence of external cues.,"[""B"",""iol"",""og"",""ical "",""clocks "",""are "",""sel"",""f "",""sust"",""aining "",""oscill"",""at"",""ors "",""w hi ch "",""will"","" "",""cont"",""inue "",""a "",""period"","" "",""of "",""free-"",""ru nn"",""ing "",""cycl"",""ing "",""ev en  "",""in "",""t"",""he "",""abs en ce "",""of "",""ex te r"",""nal "",""cu es.""]",36
1596,devtest,599,The Hershey and Chase experiment was one of the leading suggestions that DNA was a genetic material.,"[""T"",""he "",""Her"",""shey "",""and "",""Chase "",""exper"",""im en t"","" "",""was "",""one "",""of "",""t"",""he "",""leading "",""sugg es t"",""ion"",""s "",""t"",""hat "",""DNA "",""was "",""a "",""g en etic "",""ma te rial"","".""]",26
1597,devtest,600,"Hershey and Chase used phages, or viruses, to implant their own DNA into a bacterium.","[""H"",""er"",""shey "",""and "",""Chase "",""used "",""phag es, "",""or"","" "",""vi ru s es, "",""t"",""o implan"",""t"","" "",""t"",""heir "",""own "",""DNA "",""int"",""o "",""a "",""bac te r"",""ium"","".""]",24
1598,devtest,601,They did two experiments marking either the DNA in the phage with a radioactive phosphorus or the protein of the phage with radioactive sulfur.,"[""T"",""hey "",""did "",""t"",""wo "",""exper"",""im en t"",""s "",""mar"",""king "",""eit"",""her "",""t"",""he "",""DNA "",""in "",""t"",""he "",""phage "",""wit"",""h "",""a "",""radioact"",""ive "",""phosph"",""o ru s "",""or "",""t"",""he "",""pro te"",""in "",""of "",""t"",""he "",""phage "",""wit"",""h "",""radioact"",""ive "",""sulfur.""]",40
1599,devtest,602,"Mutations can have a variety of different effects depending on the type of mutation, the significance of the piece of genetic material affected and whether the cells affected are germ-line cells.","[""M"",""ut"",""ation"",""s "",""can "",""have "",""a "",""variet"",""y "",""of "",""differ"",""en t"","" "",""effect"",""s "",""dep en ding "",""on "",""t"",""he "",""t"",""ype "",""of "",""mut"",""ation"","", "",""t"",""he "",""sign"",""ifican"",""c"",""e "",""of "",""t"",""he "",""piece "",""of "",""g en etic "",""ma te rial"","" "",""aff"",""ec te d "",""and "",""whet"",""her "",""t"",""he "",""cel"",""l"",""s "",""aff"",""ec te d "",""are "",""ger"",""m-"",""lin"",""e "",""cel"",""l"",""s.""]",59
1600,devtest,603,"Only mutations in germ-line cells can be passed on to children, while mutations elsewhere can cause cell-death or cancer.","[""On"",""ly "",""mut"",""ation"",""s "",""in "",""ger"",""m-"",""lin"",""e "",""cel"",""l"",""s "",""can "",""be "",""pass"",""ed "",""on "",""t"",""o "",""c hi ldr"",""en, "",""w hi le "",""mut"",""ation"",""s "",""elsewher"",""e "",""can "",""cause"","" "",""cel"",""l"",""-"",""deat"",""h "",""or "",""canc"",""er"","".""]",40
1601,devtest,604,"Nature-based tourism attracts people interested in visiting natural areas for the purpose of enjoying the scenery, including plant and animal wildlife.","[""N"",""at"",""ure-"",""based "",""t"",""ourism"","" "",""at"",""t"",""ract"",""s "",""people "",""in te r"",""es te d "",""in "",""visit"",""ing "",""nat"",""ural "",""areas "",""for"","" "",""t"",""he "",""purpose "",""of "",""en joying "",""t"",""he "",""sc en er"",""y, "",""incl"",""udin"",""g "",""plan"",""t"","" "",""and "",""animal "",""wildl"",""ife.""]",41
1602,devtest,605,"Examples of on-site activities include hunting, fishing, photography, bird watching, and visiting parks and studying information about the ecosystem.","[""E"",""x"",""am"",""p"",""l"",""es  "",""of "",""on-"",""si te  "",""act"",""ivit"",""i es  "",""incl"",""ude "",""hunt"",""ing, "",""fis hi ng, "",""phot"",""ograph"",""y, "",""bird "",""wat"",""c hi ng, "",""and "",""visit"",""ing "",""parks "",""and "",""st"",""udying "",""infor"",""mat"",""ion"","" "",""about"","" "",""t"",""he "",""ecosys te m"","".""]",40
1603,devtest,606,"An example is visiting, photographing, and learning about organgatuangs in Borneo.","[""An"","" "",""exampl"",""e "",""is "",""visit"",""ing, "",""phot"",""ograp hi"",""n"",""g, "",""and "",""lear"",""ning "",""about"","" "",""organ"",""g"",""at"",""uangs "",""in "",""Bor"",""neo.""]",23
1604,devtest,607,"Every morning, people leave small country towns in cars to go their workplace and are passed by others whose work destination is the place they have just left.","[""E"",""v"",""er"",""y "",""mor"",""ning, "",""peop"",""le "",""leave "",""small"","" "",""count"",""ry "",""t"",""owns "",""in "",""car"",""s "",""t"",""o "",""go "",""t"",""heir "",""wor"",""kpl"",""ace "",""and "",""are "",""pass"",""ed "",""by "",""ot"",""hers "",""whose "",""wor"",""k "",""d es t"",""ination"","" "",""is "",""t"",""he "",""place "",""t"",""hey "",""have "",""just"","" "",""left"","".""]",50
1605,devtest,608,"In this dynamic transport shuttle everyone is somehow connected with, and supporting, a transport system based on private cars.","[""In "",""t"",""hi s "",""dyn"",""amic "",""t"",""ransp"",""ort"","" "",""shuttle "",""ever"",""yon"",""e "",""is "",""som"",""ehow"","" "",""conn"",""ec te d "",""wit"",""h, "",""and "",""support"",""ing, "",""a "",""t"",""ransp"",""ort"","" "",""sys te m"","" "",""base"",""d "",""on "",""priva te  "",""car"",""s.""]",37
1606,devtest,609,Science now indicates that this massive carbon economy has dislodged the biosphere from one of its stable states that has supported human evolution for the past two million years.,"[""S"",""c"",""i en c"",""e "",""now "",""indica te s "",""t"",""hat "",""t"",""hi s "",""mass"",""ive "",""car"",""bon "",""econom"",""y "",""has "",""disl"",""odg"",""ed "",""t"",""he "",""biospher"",""e "",""from "",""one "",""of "",""its "",""st"",""able "",""st"",""a te s "",""t"",""hat "",""has "",""suppor te"",""d "",""hum"",""an"","" "",""evolution"","" "",""for"","" "",""t"",""he "",""past"","" "",""t"",""wo "",""mil"",""lion"","" "",""year"",""s.""]",55
1607,devtest,610,Everyone participates in society and uses transportation systems. Almost everyone complains about transportation systems.,"[""E"",""v"",""er"",""yon"",""e "",""part"",""icipa te s "",""in "",""societ"",""y "",""and "",""us es  "",""t"",""ransp"",""ort"",""ation"","" "",""sys te m"",""s. "",""Almost"","" "",""ever"",""yon"",""e "",""comp"",""l"",""ains "",""about"","" "",""t"",""ransp"",""ort"",""ation"","" "",""sys te m"",""s.""]",36
1608,devtest,611,In developed countries you seldom hear similar levels of complaints about water quality or bridges falling down.,"[""In "",""devel"",""oped "",""count"",""ri es  "",""you "",""sel"",""dom "",""hear"","" "",""sim"",""il"",""ar "",""level"",""s "",""of "",""comp"",""l"",""aint"",""s "",""about"","" "",""wa te r "",""qualit"",""y "",""or "",""bridg es  "",""fall"",""ing "",""down"","".""]",31
1609,devtest,612,"Why do transportation systems engender such complaints, why do they fail on a daily basis? Are transportation engineers just incompetent? Or is something more fundamental going on?","[""W"",""hy "",""do "",""t"",""ransp"",""ort"",""ation"","" "",""sys te m"",""s "",""en g en der "",""such "",""comp"",""l"",""aint"",""s, "",""why "",""do "",""t"",""hey "",""fail "",""on "",""a "",""daily "",""basis?"","" "",""Are "",""t"",""ransp"",""ort"",""ation"","" "",""en gin"",""eer"",""s "",""just"","" "",""incomp"",""e te nt"",""? "",""Or"","" "",""is "",""som"",""et"",""hi ng "",""mor"",""e "",""fundam en t"",""al "",""going "",""on?""]",52
1610,devtest,613,Traffic Flow is the study of the movement of individual drivers and vehicles between two points and the interactions they make with one another.,"[""T"",""raff"",""ic "",""Flow "",""is "",""t"",""he "",""st"",""udy "",""of "",""t"",""he "",""movem en t"","" "",""of "",""individual"","" "",""driver"",""s "",""and "",""ve hi cl"",""es  "",""bet"",""we en  "",""t"",""wo "",""point"",""s "",""and "",""t"",""he "",""in te r"",""act"",""ions "",""t"",""hey "",""make "",""wit"",""h "",""one "",""anot"",""her.""]",42
1611,devtest,614,"Unfortunately, studying traffic flow is difficult because driver behavior cannot be predicted with one-hundred percent certainty.","[""U"",""n"",""f"",""or"",""t"",""una te l"",""y, "",""st"",""udying "",""t"",""raff"",""ic "",""flow "",""is "",""difficul"",""t"","" "",""because"","" "",""driver"","" "",""behavior"","" "",""cann"",""ot"","" "",""be "",""pred"",""ic te d "",""wit"",""h "",""one-"",""hundr"",""ed "",""perc en t"","" "",""cer"",""t"",""ainty.""]",39
1612,devtest,615,"Fortunately, drivers tend to behave within a reasonably consistent range; thus, traffic streams tend to have some reasonable consistency and can be roughly represented mathematically.","[""F"",""or"",""t"",""una te l"",""y, "",""dr"",""iver"",""s "",""te nd "",""t"",""o "",""behave "",""wit"",""hi n "",""a "",""reason"",""ab"",""ly "",""consis te n"",""t"","" "",""rang"",""e; "",""t"",""hus, "",""t"",""raff"",""ic "",""st"",""reams "",""te nd "",""t"",""o "",""have "",""som"",""e "",""reason"",""ab"",""le "",""consis te n"",""cy "",""and "",""can "",""be "",""rough"",""l"",""y "",""repr"",""es en te d "",""mat"",""hemat"",""icall"",""y.""]",53
1613,devtest,616,"To better represent traffic flow, relationships have been established between the three main characteristics: (1) flow, (2) density, and (3) velocity.","[""T"",""o "",""bet"",""te r "",""repr"",""es en t"","" "",""t"",""raff"",""ic "",""flow, "",""rel"",""at"",""ion"",""s hi"",""ps "",""have "",""be en  "",""es t"",""ablished "",""bet"",""we en  "",""t"",""he "",""t"",""hree "",""main "",""char"",""ac te r"",""ist"",""ics: "",""("",""1) "",""flow, "",""(2) "",""d en sit"",""y, "",""and "",""(3)"","" "",""velocit"",""y.""]",42
1614,devtest,617,"These relationships help in planning, design, and operations of roadway facilities.","[""T"",""h es e "",""rel"",""at"",""ions hi"",""ps "",""hel"",""p "",""in "",""plan"",""n"",""ing, "",""d es ign"","", "",""and "",""operat"",""ion"",""s "",""of "",""roadw"",""ay "",""facilit"",""i es.""]",23
1615,devtest,618,Insects were the first animals to take to the air. Their ability to fly helped them evade enemies more easily and find food and mates more efficiently.,"[""Insect"",""s "",""wer"",""e "",""t"",""he "",""first"","" "",""animals "",""t"",""o "",""t"",""ake "",""t"",""o "",""t"",""he "",""air. "",""T"",""heir "",""abilit"",""y "",""t"",""o "",""fly "",""hel"",""ped "",""t"",""hem "",""evade "",""en emi es  "",""mor"",""e "",""easil"",""y "",""and "",""fin"",""d "",""food "",""and "",""ma te s "",""mor"",""e "",""effici en t"",""ly.""]",45
1616,devtest,619,Most insects have the advantage of being able to fold their wings back along the body.,"[""M"",""ost"","" "",""insect"",""s "",""have "",""t"",""he "",""adv"",""ant"",""age "",""of "",""being "",""able "",""t"",""o "",""fold "",""t"",""heir "",""wings "",""back"","" "",""along "",""t"",""he "",""body.""]",26
1617,devtest,620,This gives them a wider range of small places to hide from predators.,"[""T"",""hi s "",""giv es  "",""t"",""hem "",""a "",""wider "",""rang"",""e "",""of "",""small"","" "",""plac es  "",""t"",""o "",""hi de "",""from "",""pred"",""at"",""ors.""]",20
1618,devtest,621,"Today, the only insects that cannot fold back their wings are dragon flies and mayflies.","[""T"",""oday, "",""t"",""he "",""only "",""insect"",""s "",""t"",""hat "",""cannot"","" "",""fold "",""back"","" "",""t"",""heir "",""wings "",""are "",""dragon"","" "",""fli es  "",""and "",""mayf"",""l"",""i es.""]",25
1619,devtest,622,"Thousands of years ago, a man called Aristarchus said that the Solar System moved around the Sun.","[""T"",""housan"",""ds "",""of "",""year"",""s "",""ago, "",""a "",""man"","" "",""call"",""ed "",""Arist"",""archus "",""said "",""t"",""hat "",""t"",""he "",""Sol"",""ar "",""Sys te m"","" "",""moved "",""around"","" "",""t"",""he "",""Sun"","".""]",30
1620,devtest,623,"Some people thought he was right but many people believed the opposite; that the Solar System moved around the Earth, including the Sun (and even the other stars).","[""S"",""om"",""e "",""people "",""t"",""hough"",""t "",""he "",""was "",""right"","" "",""but"","" "",""man"",""y "",""people "",""bel"",""ieved "",""t"",""he "",""opposi te"",""; "",""t"",""hat "",""t"",""he "",""Sol"",""ar "",""Sys te m"","" "",""moved "",""around"","" "",""t"",""he "",""Eart"",""h, "",""incl"",""udin"",""g "",""t"",""he "",""Sun"","" "",""(and "",""ev en  "",""t"",""he "",""ot"",""her "",""st"",""ars)"","".""]",53
1621,devtest,624,"This seems sensible, because the Earth doesn't feel as if it's moving, does it?","[""T"",""hi s "",""see"",""ms "",""s en sib"",""le, "",""because"","" "",""t"",""he "",""Eart"",""h "",""do esn't"","" "",""feel"","" "",""as "",""if it's "",""moving, "",""do es  "",""it?""]",21
1622,devtest,625,The Amazon River is the second longest and the biggest river on Earth. It carries more than 8 times as much water as the second biggest river.,"[""T"",""he "",""Amazon "",""River"","" "",""is "",""t"",""he "",""second"","" "",""lon"",""g es t"","" "",""and "",""t"",""he "",""bigg es t"","" "",""river"","" "",""on "",""Eart"",""h. "",""It "",""car"",""ri es  "",""mor"",""e "",""t"",""han "",""8 "",""t"",""im es  "",""as "",""much"","" "",""wa te r "",""as "",""t"",""he "",""second"","" "",""bigg es t"","" "",""river"","".""]",46
1623,devtest,626,"The Amazon is also the widest river on Earth, at times six miles wide.","[""T"",""he "",""Amazon "",""is "",""also "",""t"",""he "",""wid es t"","" "",""river"","" "",""on "",""Eart"",""h, "",""at"","" "",""t"",""im es  "",""six "",""mil"",""es  "",""wide.""]",22
1624,devtest,627,A full 20 percent of the water that pours out of the planet's rivers into the oceans comes from the Amazon.,"[""A "",""full"","" "",""20 "",""perc en t"","" "",""of "",""t"",""he "",""wa te r "",""t"",""hat "",""pours "",""out"","" "",""of "",""t"",""he "",""plan"",""et"",""'s "",""river"",""s "",""int"",""o "",""t"",""he "",""oceans "",""com es  "",""from "",""t"",""he "",""Amazon.""]",33
1625,devtest,628,"The main Amazon River is 6,387 km (3,980 miles). It collects water from thousands of smaller rivers.","[""T"",""he "",""main "",""Amazon "",""River"","" "",""is "",""6,3"",""87 "",""km "",""(3,9"",""80 "",""mil"",""es )"","". "",""It "",""col"",""l"",""ect"",""s "",""wa te r "",""from "",""t"",""housands "",""of "",""small"",""er "",""river"",""s.""]",29
1626,devtest,629,"Although pyramid-building in stone continued until the end of the Old Kingdom, the pyramids of Giza were never surpassed in their size and the technical excellence of their construction.","[""Al"",""t"",""hough"","" "",""pyramid-"",""build"",""in"",""g "",""in "",""st"",""one "",""cont"",""inued "",""unt"",""il "",""t"",""he "",""en d "",""of "",""t"",""he "",""Old "",""Kin"",""gdom"","", "",""t"",""he "",""pyramids "",""of "",""Giza "",""were "",""never"","" "",""sur"",""pass"",""ed "",""in "",""t"",""heir "",""size "",""and "",""t"",""he "",""te chnical "",""exc"",""ell"",""en ce "",""of "",""t"",""heir "",""const"",""ru ct"",""ion.""]",53
1627,devtest,630,"New Kingdom ancient Egyptians marvelled at their predecessors monuments, which were then well over a thousand year old.","[""N"",""ew "",""Kin"",""gd"",""om"","" "",""anc"",""i en t"","" "",""Egypt"",""ians "",""mar"",""vel"",""l"",""ed "",""at"","" "",""t"",""heir "",""pred"",""ec es s"",""or"",""s "",""mon"",""um en t"",""s, "",""w hi ch "",""were "",""t"",""h en  "",""well"","" "",""over"","" "",""a "",""t"",""housand "",""year"","" "",""old.""]",40
1628,devtest,631,Vatican City's population is around 800. It is the smallest independent country in the world and the country with the lowest population.,"[""V"",""at"",""ican"","" "",""Cit"",""y'"",""s "",""popul"",""at"",""ion"","" "",""is "",""around"","" "",""800. "",""It "",""is "",""t"",""he "",""small"",""es t"","" "",""indep en d en t"","" "",""count"",""ry "",""in "",""t"",""he "",""wor"",""ld "",""and "",""t"",""he "",""count"",""ry "",""wit"",""h "",""t"",""he "",""low es t"","" "",""popul"",""at"",""ion"","".""]",46
1629,devtest,632,Vatican City uses Italian in its legislation and official communications.,"[""V"",""at"",""ican"","" "",""Cit"",""y "",""us es  "",""Italian"","" "",""in "",""its "",""legisl"",""at"",""ion"","" "",""and "",""off"",""icial"","" "",""comm"",""unic"",""at"",""ion"",""s.""]",24
1630,devtest,633,Italian is also the everyday language used by most of those who work in the state while Latin is often used in religious ceremonies.,"[""It"",""alian"","" "",""is "",""also "",""t"",""he "",""ever"",""yday "",""languag"",""e "",""used "",""by "",""most"","" "",""of "",""t"",""hose "",""who "",""wor"",""k "",""in "",""t"",""he "",""st"",""a te  "",""w hi le "",""Lat"",""in "",""is "",""of te n "",""used "",""in "",""rel"",""igious "",""cer"",""emoni es.""]",37
1631,devtest,634,All citizens of Vatican City are Roman Catholic.,"[""Al"",""l"","" "",""cit"",""iz en s"","" "",""of "",""Vat"",""ican"","" "",""Cit"",""y "",""are "",""Roman"","" "",""Cat"",""holic.""]",17
1632,devtest,635,"People have known about basic chemical elements such as gold, silver, and copper from antiquity, as these can all be discovered in nature in native form and are relatively simple to mine with primitive tools.","[""P"",""eop"",""l"",""e "",""have "",""known "",""about"","" "",""basic "",""chem"",""ical "",""elem en t"",""s "",""such "",""as "",""gol"",""d, "",""sil"",""ver"","", "",""and "",""cop"",""p"",""er"","" "",""fr"",""om "",""ant"",""iquit"",""y, "",""as "",""t"",""h es e "",""can "",""all"","" "",""be "",""disc"",""over"",""ed "",""in "",""nat"",""ure "",""in "",""nat"",""ive "",""for"",""m "",""and "",""are "",""rel"",""at"",""ivel"",""y "",""sim"",""ple "",""t"",""o "",""min"",""e "",""wit"",""h "",""primit"",""ive "",""t"",""ools.""]",66
1633,devtest,636,"Aristotle, a philosopher, theorised that everything is made up of a mixture of one or more of four elements. They were earth, water, air, and fire.","[""Ar"",""ist"",""ot"",""le, "",""a "",""p hi losop"",""h"",""er"","", "",""t"",""heorised "",""t"",""hat "",""ever"",""yt"",""hi ng "",""is "",""made "",""up "",""of "",""a "",""mixt"",""ure "",""of "",""one "",""or "",""mor"",""e "",""of "",""four"","" "",""elem en t"",""s. "",""T"",""hey "",""were "",""eart"",""h, "",""wa te r, "",""air, "",""and "",""fire.""]",42
1634,devtest,637,"This was more like the four states of matter (in the same order): solid, liquid, gas, and plasma, though he also theorised that they change into new substances to form what we see.","[""T"",""hi s "",""was "",""mor"",""e "",""like "",""t"",""he "",""four"","" "",""st"",""a te s "",""of "",""mat"",""te r "",""(in "",""t"",""he "",""same "",""order"",""): "",""sol"",""id"","", "",""liquid"","", "",""gas, "",""and "",""plasm"",""a, "",""t"",""hough"","" "",""he "",""also "",""t"",""heorised "",""t"",""hat "",""t"",""hey "",""change "",""int"",""o "",""new "",""sub"",""st"",""anc es  "",""t"",""o "",""for"",""m "",""what "",""we "",""see"","".""]",56
1635,devtest,638,Alloys are basically a mixture of two or more metals. Don't forget that there are many elements on the periodic table.,"[""Al"",""l"",""oys "",""are "",""basicall"",""y "",""a "",""mixt"",""ure "",""of "",""t"",""wo "",""or "",""mor"",""e "",""met"",""als. "",""Don"",""'t"","" "",""for"",""get "",""t"",""hat "",""t"",""here "",""are "",""man"",""y "",""elem en t"",""s "",""on "",""t"",""he "",""period"",""ic "",""t"",""able.""]",38
1636,devtest,639,"Elements like calcium and potassium are considered metals. Of course, there are also metals like silver and gold.","[""E"",""l"",""em en t"",""s "",""like "",""calcium"","" "",""and "",""pot"",""ass"",""ium"","" "",""are "",""consider"",""ed "",""met"",""als. "",""Of cour"",""se, "",""t"",""here "",""are "",""also "",""met"",""als "",""like "",""sil"",""ver"","" "",""and "",""gol"",""d.""]",32
1637,devtest,640,You can also have alloys that include small amounts of non-metallic elements like carbon.,"[""Y"",""ou "",""can "",""also "",""have "",""all"",""oys "",""t"",""hat "",""incl"",""ude "",""small"","" "",""amount"",""s "",""of "",""non-"",""met"",""all"",""ic "",""elem en t"",""s "",""like "",""car"",""bon.""]",25
1638,devtest,641,Everything in the Universe is made of matter. All matter is made of tiny particles called atoms.,"[""E"",""v"",""er"",""yt"",""hi ng "",""in "",""t"",""he "",""Univer"",""se "",""is "",""made "",""of "",""mat"",""te r. "",""All"","" "",""mat"",""te r "",""is "",""made "",""of "",""t"",""iny "",""part"",""icl es  "",""call"",""ed "",""at"",""oms.""]",30
1639,devtest,642,Atoms are so incredibly tiny that trillions of them could fit into the period at the end of this sentence.,"[""At"",""oms "",""are "",""so "",""incr"",""edib"",""ly "",""t"",""iny "",""t"",""hat "",""t"",""rill"",""ion"",""s "",""of "",""t"",""hem "",""could"","" "",""fit"","" "",""int"",""o "",""t"",""he "",""period"","" "",""at"","" "",""t"",""he "",""en d "",""of "",""t"",""hi s "",""s en te nce.""]",37
1640,devtest,643,"Thus, the pencil was a good friend to many people when it came out.","[""T"",""hus, "",""t"",""he "",""p en cil "",""was "",""a "",""good"","" "",""fri en d "",""t"",""o "",""man"",""y "",""people "",""wh en  "",""it "",""came "",""out"","".""]",20
1641,devtest,644,"Sadly, as newer methods of writing have emerged, the pencil has been relegated to lesser status and uses.","[""S"",""ad"",""l"",""y, "",""as "",""newer"","" "",""met"",""hods "",""of "",""writ"",""ing "",""have "",""emer"",""ged, "",""t"",""he "",""p en cil "",""has "",""be en  "",""rel"",""ega te d "",""t"",""o "",""l es ser "",""st"",""atus "",""and "",""us es.""]",29
1642,devtest,645,"People now write messages on computer screens, never having to come close to a sharpener.","[""P"",""eop"",""l"",""e "",""now "",""wri te  "",""m es sag"",""es  "",""on "",""comp"",""u te r "",""scr"",""e en s"","", "",""never"","" "",""having "",""t"",""o "",""come "",""close"","" "",""t"",""o "",""a "",""sharp en er"","".""]",27
1643,devtest,646,One can only wonder what the keyboard will become when something newer comes along.,"[""On"",""e "",""can "",""only "",""wonder"","" "",""what "",""t"",""he "",""keyboard"","" "",""will"","" "",""become "",""wh en  "",""som"",""et"",""hi ng "",""newer"","" "",""com es  "",""along.""]",22
1644,devtest,647,The fission bomb works on the principle that it takes energy to put together a nucleus with many protons and neutrons.,"[""T"",""he "",""fission"","" "",""bomb"","" "",""wor"",""ks "",""on "",""t"",""he "",""princip"",""l"",""e "",""t"",""hat "",""it "",""t"",""ak es  "",""en er"",""gy "",""t"",""o "",""put "",""t"",""ogether "",""a "",""nucl"",""eus "",""wit"",""h "",""man"",""y "",""prot"",""ons "",""and "",""neut"",""rons.""]",38
1645,devtest,648,Sort of like rolling a heavy cart up a hill. Splitting the nucleus up again then releases some of that energy.,"[""S"",""or"",""t"","" "",""of "",""like "",""roll"",""ing "",""a "",""heavy "",""car"",""t"","" "",""up "",""a "",""hi ll"","". "",""Split"",""ting "",""t"",""he "",""nucl"",""eus "",""up "",""again "",""t"",""h en  "",""rel"",""eas es  "",""som"",""e "",""of "",""t"",""hat "",""en er"",""gy.""]",36
1646,devtest,649,Some atoms have unstable nuclei which means that they tend to break apart with little or no nudging.,"[""S"",""om"",""e "",""at"",""oms "",""have "",""unst"",""able "",""nucl"",""ei "",""w hi ch "",""means "",""t"",""hat "",""t"",""hey "",""te nd "",""t"",""o "",""break "",""apar"",""t"","" "",""wit"",""h "",""lit"",""tle "",""or "",""no "",""nudging.""]",30
1647,devtest,650,The surface of the Moon is made of rocks and dust. The outer layer of the Moon is called the crust.,"[""T"",""he "",""sur"",""face "",""of "",""t"",""he "",""Moon "",""is "",""made "",""of "",""rocks "",""and "",""dust"","". "",""T"",""he "",""ou te r "",""layer "",""of "",""t"",""he "",""Moon "",""is "",""call"",""ed "",""t"",""he "",""c ru st"","".""]",30
1648,devtest,651,The crust is about 70 km thick on the near side and 100 km thick on the far side.,"[""T"",""he "",""c ru st"","" "",""is "",""about"","" "",""70 "",""km "",""t"",""hi ck "",""on "",""t"",""he "",""near "",""side "",""and "",""100 "",""km "",""t"",""hi ck "",""on "",""t"",""he "",""far"","" "",""side.""]",27
1649,devtest,652,It is thinner under the maria and thicker under the highlands.,"[""It"","" "",""is "",""t"",""hi nner "",""under"","" "",""t"",""he "",""maria "",""and "",""t"",""hi cker "",""under"","" "",""t"",""he "",""hi ghl"",""ands"","".""]",20
1650,devtest,653,There may be more maria on the near side because the crust is thinner. It was easier for lava to rise up to the surface.,"[""T"",""her"",""e "",""may "",""be "",""mor"",""e "",""mar"",""ia "",""on "",""t"",""he "",""near "",""side "",""because"","" "",""t"",""he "",""c ru st"","" "",""is "",""t"",""hi nner. "",""It "",""was "",""easier "",""for"","" "",""lava "",""t"",""o "",""rise "",""up "",""t"",""o "",""t"",""he "",""sur"",""face.""]",39
1651,devtest,654,Content theories are centered on finding what makes people tick or appeals to them.,"[""C"",""on te"",""n"",""t"","" "",""t"",""heori es  "",""are "",""c en te r"",""ed "",""on "",""fin"",""din"",""g "",""what"","" "",""mak es  "",""people "",""t"",""ick "",""or "",""appeals "",""t"",""o "",""t"",""hem.""]",26
1652,devtest,655,These theories suggest that people have certain needs and/or desires which have been internalized as they mature to adulthood.,"[""T"",""h es e "",""t"",""heori es  "",""sugg es t"","" "",""t"",""hat "",""people "",""have "",""cer"",""t"",""ain "",""needs "",""and/"",""or "",""d es ir es  "",""w hi ch "",""have "",""be en  "",""in te r"",""nalized "",""as "",""t"",""hey "",""mat"",""ure "",""t"",""o "",""adult"",""hood"","".""]",32
1653,devtest,656,These theories look at what it is about certain people that make them want the things that they do and what things in their environment will make them do or not do certain things.,"[""T"",""h es e "",""t"",""heori es  "",""look "",""at"","" "",""what "",""it "",""is "",""about"","" "",""cer"",""t"",""ain "",""people "",""t"",""hat "",""make "",""t"",""hem "",""want"","" "",""t"",""he "",""t"",""hi ngs "",""t"",""hat "",""t"",""hey "",""do "",""and "",""what "",""t"",""hi ngs "",""in "",""t"",""heir "",""en vironm en t"","" "",""will"","" "",""make "",""t"",""hem "",""do "",""or "",""not"","" "",""do "",""cer"",""t"",""ain "",""t"",""hi ngs.""]",56
1654,devtest,657,Two popular content theories are Maslow's Hierarchy of Needs Theory and Hertzberg's Two Factor Theory.,"[""T"",""wo "",""popul"",""ar "",""con te"",""nt"","" "",""t"",""heori es  "",""are "",""Maslow'"",""s "",""Hierarch"",""y "",""of "",""Needs "",""T"",""heory "",""and "",""Her"",""t"",""zber"",""g'"",""s "",""T"",""wo "",""Fact"",""or "",""T"",""heory.""]",30
1655,devtest,658,"Generally speaking, two behaviors can emerge as managers begin to lead their former peers. One end of the spectrum is trying to remain “one of the guys” (or gals).","[""G"",""en er"",""all"",""y "",""speaking, "",""t"",""wo "",""behavior"",""s "",""can "",""emer"",""ge "",""as "",""man"",""ag"",""ers "",""begin "",""t"",""o "",""lead "",""t"",""heir "",""for"",""mer"","" "",""peers. "",""One "",""en d "",""of "",""t"",""he "",""spect"",""ru m "",""is "",""t"",""rying "",""t"",""o "",""rem"",""ain "",""“"",""one "",""of "",""t"",""he "",""guys”"","" "",""(or"","" "",""gal"",""s)"","".""]",52
1656,devtest,659,"This type of manager has difficulty making unpopular decisions, performing disciplinary action, performance evaluations, assigning responsibility, and holding people accountable.","[""T"",""hi s "",""t"",""ype "",""of "",""man"",""ag"",""er "",""has "",""difficul"",""t"",""y "",""making "",""unpopul"",""ar "",""dec"",""ision"",""s, "",""perfor"",""min"",""g "",""disc"",""ip"",""l"",""in"",""ary "",""act"",""ion, "",""per"",""for"",""man"",""ce "",""eval"",""uat"",""ion"",""s, "",""ass"",""ig"",""n"",""ing "",""r es pon"",""sib"",""ilit"",""y, "",""and "",""hol"",""din"",""g "",""peop"",""le "",""account"",""ab"",""le.""]",53
1657,devtest,660,"At the other end of the spectrum, one morphs into an unrecognizable individual that feels he or she must change everything the team has been doing and make it their own.","[""At"","" "",""t"",""he "",""other "",""en d "",""of "",""t"",""he "",""spect"",""ru m, "",""one "",""mor"",""phs "",""int"",""o "",""an "",""unrecog"",""nizab"",""le "",""individual"","" "",""t"",""hat "",""feel"",""s "",""he "",""or "",""she "",""must"","" "",""change "",""ever"",""yt"",""hi ng "",""t"",""he "",""te am "",""has "",""be en  "",""doing "",""and "",""make "",""it "",""t"",""heir "",""own.""]",47
1658,devtest,661,"After all, the leader is ultimately responsible for the success and failure of the team.","[""Af"",""te r"","" "",""all"","", "",""t"",""he "",""leader"","" "",""is "",""ult"",""ima te l"",""y "",""r es pon"",""sib"",""le "",""for"","" "",""t"",""he "",""succ es s"","" "",""and "",""failure "",""of "",""t"",""he "",""te am.""]",28
1659,devtest,662,This behavior oftentimes results in rifts between the leaders and the rest of the team.,"[""T"",""hi s "",""behavior"","" "",""of te nt"",""im es  "",""r es ult"",""s "",""in "",""rift"",""s "",""bet"",""we en  "",""t"",""he "",""leader"",""s "",""and "",""t"",""he "",""r es t"","" "",""of "",""t"",""he "",""te am.""]",26
1660,devtest,663,"Virtual teams are held to the same standards of excellence as conventional teams, but there are subtle differences.","[""V"",""ir"",""t"",""ual "",""te ams "",""are "",""hel"",""d "",""t"",""o "",""t"",""he "",""same "",""st"",""andard"",""s "",""of "",""exc"",""ell"",""en ce "",""as "",""conv"",""en t"",""ional "",""te ams, "",""but"","" "",""t"",""here "",""are "",""sub"",""t"",""le "",""differ en c es.""]",34
1661,devtest,664,Virtual team members often function as the point of contact for their immediate physical group.,"[""V"",""ir"",""t"",""ual "",""te am "",""member"",""s "",""of te n "",""funct"",""ion "",""as "",""t"",""he "",""point"","" "",""of "",""cont"",""act "",""for"","" "",""t"",""heir "",""imm"",""ed"",""ia te  "",""physic"",""al "",""group.""]",28
1662,devtest,665,They often have more autonomy than conventional team members as their teams may meet according to varying time zones which may not be understood by their local management.,"[""T"",""hey "",""of te n "",""have "",""mor"",""e "",""aut"",""onom"",""y "",""t"",""han "",""conv"",""en t"",""ional "",""te am "",""member"",""s "",""as "",""t"",""heir "",""te ams "",""may "",""meet "",""accor"",""din"",""g "",""t"",""o "",""varying "",""t"",""ime "",""zon es  "",""w hi ch "",""may "",""not"","" "",""be "",""under"",""st"",""ood "",""by "",""t"",""heir "",""local"","" "",""man"",""ag"",""em en t"","".""]",49
1663,devtest,666,"The presence of a true “invisible team” (Larson and LaFasto, 1989, p109) is also a unique component of a virtual team.","[""T"",""he "",""pr es en c"",""e "",""of "",""a "",""t"",""ru e "",""“"",""invisib"",""le "",""te am”"","" "",""(L"",""ar"",""son"","" "",""and "",""LaFast"",""o, "",""1989, "",""p109) "",""is "",""also "",""a "",""unique "",""comp"",""on en t"","" "",""of "",""a "",""virtual "",""te am.""]",33
1664,devtest,667,The “invisible team” is the management team to which each of the members report. The invisible team sets the standards for each member.,"[""T"",""he "",""“"",""invisib"",""le "",""te am”"","" "",""is "",""t"",""he "",""man"",""ag"",""em en t"","" "",""te am "",""t"",""o "",""w hi ch "",""each "",""of "",""t"",""he "",""member"",""s "",""report"","". "",""T"",""he "",""invisib"",""le "",""te am "",""set"",""s "",""t"",""he "",""st"",""andard"",""s "",""for"","" "",""each "",""member"","".""]",43
1665,devtest,668,Why would an organization want to go through the time consuming process of establishing a learning organization? One goal for putting organizational learning concepts into practice is innovation.,"[""W"",""hy "",""would"","" "",""an "",""organizat"",""ion"","" "",""want"","" "",""t"",""o "",""go "",""t"",""hrough"","" "",""t"",""he "",""t"",""ime "",""consu"",""ming "",""proc"",""es s"","" "",""of "",""es t"",""ablis hi ng "",""a "",""learning "",""organ"",""iz"",""at"",""ion"",""? "",""One "",""goal "",""for"","" "",""putting "",""organizat"",""ion"",""al "",""learning "",""conc"",""ept"",""s "",""int"",""o "",""pract"",""ice "",""is "",""innovation"","".""]",54
1666,devtest,669,"When all available resources are effectively used across the functional departments of an organization, creativity and ingenuity can transpire.","[""W"",""h en  "",""all"","" "",""availab"",""le "",""r es our"",""c"",""es  "",""are "",""effect"",""ivel"",""y "",""used "",""acr"",""oss "",""t"",""he "",""funct"",""ional "",""depart"",""m en t"",""s "",""of "",""an "",""organizat"",""ion"","", "",""creat"",""ivit"",""y "",""and "",""ing en uit"",""y "",""can "",""t"",""ransp"",""ire.""]",38
1667,devtest,670,"As a result, the process of an organization working together to overcome an obstacle can lead to a new innovative process to serve the customer's need.","[""As"","" a "",""r es ult"","", "",""t"",""he "",""proc"",""es s"","" "",""of "",""an "",""organizat"",""ion"","" "",""wor"",""king "",""t"",""ogether"","" "",""t"",""o "",""over"",""come "",""an "",""obst"",""acle "",""can "",""lead "",""t"",""o "",""a "",""new "",""innovative "",""proc"",""es s"","" "",""t"",""o "",""ser"",""ve "",""t"",""he "",""cust"",""omer"",""'"",""s "",""need.""]",47
1668,devtest,671,"Before an organization can be innovative, leadership must create a culture of innovation as well as shared knowledge and organizational learning.","[""B"",""ef"",""or"",""e "",""an "",""organizat"",""ion"","" "",""can "",""be "",""innovat"",""ive, "",""leader"",""s hi p "",""must"","" "",""crea te  "",""a "",""cult"",""ure "",""of "",""innovat"",""ion"","" "",""as "",""well"","" "",""as "",""shared "",""knowledg"",""e "",""and "",""organ"",""izat"",""ion"",""al "",""learning.""]",37
1669,devtest,672,"Angel (2006), explains the Continuum approach as a method being used to help organizations reach a higher level of performance.","[""An"",""g"",""el"","" "",""(200"",""6), "",""explains "",""t"",""he "",""Cont"",""inuum"","" "",""appr"",""oach "",""as "",""a "",""met"",""hod "",""being "",""used "",""t"",""o "",""hel"",""p "",""organizat"",""ion"",""s "",""reach "",""a "",""hi gher"","" "",""level"","" "",""of "",""performan"",""ce.""]",36
1670,devtest,673,Neurobiological data provide physical evidence for a theoretical approach to the investigation of cognition. Therefore it narrows the research area and makes it much more exact.,"[""N"",""eu"",""r"",""ob"",""iol"",""og"",""ical "",""dat"",""a "",""prov"",""id"",""e "",""physic"",""al "",""evid en ce "",""for"","" "",""a "",""t"",""heoret"",""ical "",""appr"",""oach"","" "",""t"",""o "",""t"",""he "",""inv es t"",""igation"","" "",""of "",""cognition"","". "",""T"",""herefor"",""e "",""it "",""narrows "",""t"",""he "",""r es earch"","" "",""area "",""and "",""mak es  "",""it "",""much"","" "",""mor"",""e "",""exact"","".""]",53
1671,devtest,674,The correlation between brain pathology and behaviour supports scientists in their research.,"[""T"",""he "",""cor"",""rel"",""at"",""ion"","" "",""bet"",""we en  "",""brain "",""pat"",""hol"",""og"",""y "",""and "",""behaviou"",""r"","" "",""support"",""s "",""sci en t"",""ist"",""s "",""in "",""t"",""heir "",""r es ear"",""ch"","".""]",29
1672,devtest,675,"It has been known for a long time that different types of brain damage, traumas, lesions, and tumours affect behaviour and cause changes in some mental functions.","[""It"","" "",""has "",""be en  "",""known "",""for"","" "",""a "",""long "",""t"",""ime "",""t"",""hat "",""differ en t"","" "",""t"",""yp es  "",""of "",""brain "",""damag"",""e, "",""t"",""raumas, "",""l es ion"",""s, "",""and "",""t"",""umours "",""aff"",""ect"","" "",""behaviou"",""r"","" "",""and "",""cause"","" "",""chang es  "",""in "",""som"",""e "",""m en t"",""al "",""funct"",""ions.""]",45
1673,devtest,676,The rise of new technologies allows us to see and investigate brain structures and processes never seen before.,"[""T"",""he "",""rise "",""of "",""new "",""te chnolog"",""i es  "",""all"",""ows "",""us "",""t"",""o "",""see"","" "",""and "",""inv es t"",""iga te  "",""brain "",""st"",""ru ct"",""ur es  "",""and "",""proc"",""es s"",""es  "",""never"","" "",""se en  "",""befor"",""e.""]",30
1674,devtest,677,This provides us with a lot of information and material to build simulation models which help us to understand processes in our mind.,"[""T"",""hi s "",""prov"",""id"",""es  "",""us "",""wit"",""h "",""a "",""lot "",""of "",""infor"",""mat"",""ion"","" "",""and "",""ma te rial"","" "",""t"",""o "",""build"","" "",""sim"",""ulat"",""ion"","" "",""model"",""s "",""w hi ch "",""hel"",""p "",""us "",""t"",""o "",""under"",""st"",""and "",""proc"",""es s"",""es  "",""in "",""our "",""min"",""d.""]",44
1675,devtest,678,"Although AI has a strong connotation of science fiction, AI forms a very important branch of computer science, dealing with behavior, learning and intelligent adaptation in a machine.","[""Al"",""t"",""hough"","" "",""AI "",""has "",""a "",""st"",""rong "",""conn"",""ot"",""ation"","" "",""of "",""sci en c"",""e "",""fiction, "",""AI "",""for"",""ms "",""a "",""ver"",""y "",""import"",""ant "",""branc"",""h "",""of "",""comp"",""u te r "",""sci en c"",""e, "",""dealing "",""wit"",""h "",""behavior"","", "",""lear"",""ning "",""and "",""in te ll"",""ig en t"","" "",""adaptation"","" "",""in "",""a "",""mac hi ne.""]",48
1676,devtest,679,Research in AI involves making machines to automate tasks that require intelligent behavior.,"[""R"",""es ear"",""ch"","" "",""in "",""AI "",""invol"",""v es  "",""making "",""mac hi n es  "",""t"",""o "",""aut"",""oma te  "",""t"",""asks "",""t"",""hat "",""requir"",""e "",""in te ll"",""ig en t"","" "",""behavior"","".""]",25
1677,devtest,680,"Examples include control, planning and scheduling, the ability to answer customer diagnoses and questions, as well as handwriting recognition, voice and face.","[""E"",""x"",""am"",""p"",""l"",""es  "",""incl"",""ude "",""cont"",""rol, "",""plan"",""n"",""ing "",""and "",""schedul"",""in"",""g, "",""t"",""he "",""abilit"",""y "",""t"",""o "",""answer "",""cust"",""omer"","" "",""diag"",""n"",""os es  "",""and "",""qu es t"",""ion"",""s, "",""as "",""well"","" "",""as "",""hand"",""w"",""r"",""it"",""ing "",""recog"",""n"",""it"",""ion"","", "",""voice "",""and "",""face.""]",51
1678,devtest,681,"Such things have become separate disciplines, which focus on providing solutions to real life problems.","[""S"",""uc"",""h"","" "",""t"",""hi ngs "",""have "",""become "",""separa te"","" "",""disc"",""ipl"",""in"",""es, "",""w hi ch "",""focus "",""on "",""prov"",""id"",""in"",""g "",""sol"",""ut"",""ion"",""s "",""t"",""o "",""real "",""life "",""problem"",""s.""]",31
1679,devtest,682,"The AI ​​system is now often used in the fields of economics, medicine, engineering and the military, as has been built in several home computer and video game software applications.","[""T"",""he "",""AI "",""​​sys te m"","" "",""is "",""now "",""of te n "",""used "",""in "",""t"",""he "",""fields "",""of "",""econom"",""ics, "",""med"",""icin"",""e, "",""en gin"",""eer"",""ing "",""and "",""t"",""he "",""mil"",""it"",""ary, "",""as "",""has "",""be en  "",""built"","" "",""in "",""sever"",""al "",""hom"",""e "",""comp"",""u te r "",""and "",""video "",""game "",""soft"",""ware "",""appl"",""icat"",""ion"",""s.""]",49
1680,devtest,683,Field trips are a large part of any classroom. Quite often a teacher would love to take her students places to which a bus trip is not an option.,"[""F"",""iel"",""d "",""t"",""rips "",""are "",""a "",""lar"",""ge "",""part"","" "",""of "",""any "",""class"",""room"","". "",""Qui te  "",""of te n "",""a "",""te acher"","" "",""would"","" "",""love "",""t"",""o "",""t"",""ake "",""her"","" "",""st"",""ud en t"",""s "",""plac es  "",""t"",""o "",""w hi ch "",""a "",""bus "",""t"",""rip "",""is "",""not"","" "",""an "",""option.""]",46
1681,devtest,684,"Technology offers the solution with virtual field trips. Students can look at museum artifacts, visit an aquarium, or admire beautiful art while sitting with their class.","[""T"",""echnolog"",""y "",""off"",""er"",""s "",""t"",""he "",""sol"",""ution"","" "",""wit"",""h "",""virt"",""ual "",""field "",""t"",""rips. "",""St"",""ud en t"",""s "",""can "",""look "",""at"","" "",""museum "",""art"",""ifact"",""s, "",""visit"","" "",""an "",""aquar"",""ium"","", "",""or "",""admire "",""beaut"",""iful "",""art"","" "",""w hi le "",""sit"",""ting "",""wit"",""h "",""t"",""heir "",""class"","".""]",50
1682,devtest,685,Sharing a field trip virtually is also a great way to reflect a on a trip and share experiences with future classes.,"[""S"",""har"",""ing "",""a "",""field "",""t"",""rip "",""virt"",""uall"",""y "",""is "",""also "",""a "",""great "",""way "",""t"",""o "",""reflect"","" "",""a "",""on "",""a "",""t"",""rip "",""and "",""share "",""exper"",""i en c"",""es  "",""wit"",""h "",""fut"",""ure "",""class"",""es.""]",35
1683,devtest,686,"For example, each year students from Bennet School in North Carolina design a website about their trip to the State Capital, each year the website gets remodeled, but old versions are kept online to serve as a scrapbook.","[""F"",""or"","" "",""exampl"",""e, "",""each "",""year"","" "",""st"",""ud en t"",""s "",""from "",""B en net"","" "",""School"","" "",""in "",""Nor"",""t"",""h "",""Car"",""olin"",""a "",""d es ign"","" "",""a "",""websi te  "",""about"","" "",""t"",""heir "",""t"",""rip "",""t"",""o "",""t"",""he "",""St"",""a te  "",""Cap"",""it"",""al, "",""each "",""year"","" "",""t"",""he "",""websi te  "",""gets "",""rem"",""odel"",""ed, "",""but"","" "",""old "",""ver"",""sion"",""s "",""are "",""kept "",""online "",""t"",""o "",""ser"",""ve "",""as "",""a "",""scr"",""apb"",""ook"","".""]",71
1684,devtest,687,"Blogs can also help improve student writing. While students often begin their blog experience with sloppy grammar and spelling, the presence of an audience generally changes that.","[""B"",""l"",""og"",""s "",""can "",""also "",""hel"",""p "",""impr"",""ov"",""e "",""st"",""ud en t"","" "",""writ"",""ing. "",""W hi le "",""st"",""ud en t"",""s "",""of te n "",""begin "",""t"",""heir "",""blog "",""exper"",""i en c"",""e "",""wit"",""h "",""sloppy "",""gramm"",""ar "",""and "",""spelling, "",""t"",""he "",""pr es en c"",""e "",""of "",""an "",""aud"",""i en c"",""e "",""g en er"",""all"",""y "",""chang es  "",""t"",""hat.""]",50
1685,devtest,688,"Since students are often the most critical audience, the blog writer begins to strive to improve writing to avoid criticism.","[""S"",""in"",""ce "",""st"",""ud en t"",""s "",""are "",""of te n "",""t"",""he "",""most"","" "",""crit"",""ical "",""aud"",""i en c"",""e, "",""t"",""he "",""blog "",""wri te r"","" "",""begins "",""t"",""o "",""st"",""rive "",""t"",""o "",""impr"",""ove "",""writ"",""ing "",""t"",""o "",""avoid "",""crit"",""icism"","".""]",39
1686,devtest,689,"Also blogging ""forces students to become more savvy about the world around them."" The need to feed the interest of the audience inspires students to be clever and interesting (Toto, 2004).","[""Al"",""s"",""o "",""bloggin"",""g "",""\"""",""for"",""c es  "",""st"",""ud en t"",""s "",""t"",""o "",""become "",""mor"",""e "",""savvy "",""about"","" "",""t"",""he "",""wor"",""ld "",""around"","" "",""t"",""hem.\"""","" "",""T"",""he "",""need "",""t"",""o "",""feed "",""t"",""he "",""in te r"",""es t"","" "",""of "",""t"",""he "",""audi en ce "",""insp"",""ir es  "",""st"",""ud en t"",""s "",""t"",""o "",""be "",""clever"","" "",""and "",""in te r"",""es t"",""ing "",""(T"",""oto, "",""200"",""4).""]",61
1687,devtest,690,"Blogging is a tool that inspires collaboration, and encourages students to extend learning well beyond the traditional school day.","[""B"",""l"",""og"",""g"",""in"",""g "",""is "",""a "",""t"",""ool "",""t"",""hat "",""inspir es  "",""col"",""l"",""abor"",""at"",""ion"","", "",""and "",""en courag"",""es  "",""st"",""ud en t"",""s "",""t"",""o "",""ex te nd "",""learning "",""well"","" "",""beyon"",""d "",""t"",""he "",""t"",""radition"",""al "",""school"","" "",""day.""]",41
1688,devtest,691,"Appropriate use of blogs ""can empower students to become more analytical and critical; through actively responding to Internet materials, students can define their positions in the context of others' writings as well as outline their own perspectives on particular issues (Oravec, 2002).","[""Ap"",""p"",""r"",""op"",""r"",""ia te"","" "",""use "",""of "",""blogs "",""\"""",""can "",""emp"",""ower "",""st"",""ud en t"",""s "",""t"",""o "",""become "",""mor"",""e "",""anal"",""yt"",""ical "",""and "",""crit"",""ical; "",""t"",""hrough"","" "",""act"",""ivel"",""y "",""r es pon"",""din"",""g "",""t"",""o "",""In te r"",""net"","" "",""ma te rial"",""s, "",""st"",""ud en t"",""s "",""can "",""defin"",""e "",""t"",""heir "",""posit"",""ion"",""s "",""in "",""t"",""he "",""con te"",""xt"","" "",""of "",""ot"",""hers'"","" "",""writ"",""ings "",""as "",""well"","" "",""as "",""out"",""line "",""t"",""heir "",""own "",""perspect"",""iv es  "",""on "",""part"",""icul"",""ar "",""iss"",""u es  "",""(Or"",""av"",""ec, "",""200"",""2).""]",89
1689,devtest,692,"Ottawa is Canada's charming, bilingual capital and features an array of art galleries and museums that showcase Canada's past and present.","[""Ot"",""t"",""awa "",""is "",""Canada'"",""s "",""char"",""m"",""in"",""g, "",""bilin"",""gu"",""al"","" "",""cap"",""it"",""al "",""and "",""feat"",""ur es  "",""an "",""arr"",""ay "",""of "",""art"","" "",""gal"",""l"",""eri es  "",""and "",""museums "",""t"",""hat "",""show"",""case "",""Canada'"",""s "",""past"","" "",""and "",""pr es en t"","".""]",42
1690,devtest,693,Farther south is Niagara Falls and the north is home to the untapped natural beauty of the Muskoka and beyond.,"[""F"",""ar"",""t"",""her "",""sout"",""h "",""is "",""Niagara "",""Fal"",""l"",""s "",""and "",""t"",""he "",""nor"",""t"",""h "",""is "",""hom"",""e "",""t"",""o "",""t"",""he "",""unt"",""apped "",""nat"",""ural "",""beaut"",""y "",""of "",""t"",""he "",""Muskoka "",""and "",""beyond.""]",36
1691,devtest,694,All these things and more highlight Ontario as what is considered quintessentially Canadian by outsiders.,"[""Al"",""l"","" "",""t"",""h es e "",""t"",""hi ngs "",""and "",""mor"",""e "",""hi ghl"",""ight"","" "",""Ont"",""ario "",""as "",""what "",""is "",""consider"",""ed "",""quin te ss"",""en t"",""iall"",""y "",""Canadian"","" "",""by "",""out"",""sider"",""s.""]",30
1692,devtest,695,Large areas further north are quite sparsely populated and some is nearly uninhabited wilderness.,"[""L"",""ar"",""g"",""e "",""areas "",""fur"",""t"",""her "",""nor"",""t"",""h "",""are "",""qui te  "",""sparsel"",""y "",""popul"",""a te d "",""and "",""som"",""e "",""is "",""nearl"",""y "",""uninhab"",""i te d "",""wilder"",""n es s"","".""]",28
1693,devtest,696,For a comparison of population that surprises many: There are more African Americans living in the US than there are Canadian citizens.,"[""F"",""or"","" "",""a "",""comp"",""arison"","" "",""of "",""popul"",""at"",""ion"","" "",""t"",""hat "",""sur"",""pris es  "",""man"",""y: "",""T"",""here "",""are "",""mor"",""e "",""Afr"",""ican"","" "",""Amer"",""ican"",""s "",""living "",""in "",""t"",""he "",""US "",""t"",""han "",""t"",""here "",""are "",""Canadian"","" "",""cit"",""iz en s.""]",43
1694,devtest,697,The East African Islands are in the Indian Ocean off the eastern coast of Africa.,"[""T"",""he "",""East"","" "",""Afr"",""ican"","" "",""Isl"",""ands"","" "",""are "",""in "",""t"",""he "",""Indian"","" "",""Ocean"","" "",""off"","" "",""t"",""he "",""eas te r"",""n "",""coast"","" "",""of "",""Afr"",""ica.""]",29
1695,devtest,698,"Madagascar is by far the biggest, and a continent on its own when it comes to wildlife.","[""M"",""ad"",""ag"",""asc"",""ar"","" "",""is "",""by "",""far"","" "",""t"",""he "",""bigg es t"","", "",""and "",""a "",""cont"",""in en t"","" "",""on "",""its "",""own "",""wh en  "",""it "",""com es  "",""t"",""o "",""wildl"",""ife.""]",29
1696,devtest,699,"Most of the smaller islands are independent nations, or associated with France, and known as luxury beach resorts.","[""M"",""ost"","" "",""of "",""t"",""he "",""small"",""er "",""isl"",""ands"","" "",""are "",""indep en d en t"","" "",""nat"",""ions, "",""or "",""ass"",""ocia te"",""d "",""wit"",""h "",""Fr"",""ance, "",""and "",""known"","" "",""as "",""luxur"",""y "",""beach "",""r es ort"",""s.""]",33
1697,devtest,700,"The Arabs also brought Islam to the lands, and it took in a big way in the Comoros and Mayotte.","[""T"",""he "",""Arabs "",""also "",""brough"",""t"","" "",""Isl"",""am "",""t"",""o "",""t"",""he "",""lands, "",""and "",""it "",""t"",""ook "",""in "",""a "",""big "",""way "",""in "",""t"",""he "",""Comoros "",""and "",""Mayot"",""te.""]",29
1698,devtest,701,"European influence and colonialism began in the 15th century, as Portuguese explorer Vasco da Gama found the Cape Route from Europe to India.","[""E"",""ur"",""op"",""ean"","" "",""infl"",""u en c"",""e "",""and "",""col"",""onial"",""ism"","" "",""began "",""in "",""t"",""he "",""15t"",""h "",""c en t"",""ury, "",""as "",""Port"",""ugu es e "",""explorer "",""Vasc"",""o "",""da "",""Gama "",""found"","" "",""t"",""he "",""Cap"",""e "",""Rou te  "",""from "",""Europ"",""e "",""t"",""o "",""India.""]",42
1699,devtest,702,"In the north the region is bounded by the Sahel, and in the south and west by the Atlantic Ocean.","[""In "",""t"",""he "",""nor"",""t"",""h "",""t"",""he "",""region "",""is "",""bound"",""ed "",""by "",""t"",""he "",""Sahel"","", "",""and "",""in "",""t"",""he "",""sout"",""h "",""and "",""w es t"","" "",""by "",""t"",""he "",""At"",""lantic "",""Ocean.""]",32
1700,devtest,703,"Women: It is recommended that any women travellers say that they are married, regardless of actual marital status.","[""W"",""om"",""en : "",""It "",""is "",""recomm"",""en ded "",""t"",""hat "",""any "",""wom en  "",""t"",""ravel"",""l"",""ers "",""say "",""t"",""hat "",""t"",""hey "",""are "",""mar"",""r"",""ied, "",""regard"",""l"",""es s "",""of "",""act"",""ual "",""mar"",""it"",""al "",""st"",""atus.""]",35
1701,devtest,704,It is helpful to also wear a ring (just not one that looks too expensive.,"[""It"","" "",""is "",""hel"",""pful "",""t"",""o "",""also "",""wear "",""a "",""ring "",""(just"","" "",""not"","" "",""one "",""t"",""hat "",""looks "",""t"",""oo "",""exp en siv"",""e.""]",23
1702,devtest,705,"Women should realize that cultural differences may result in what they would consider harassment and it is not uncommon to be followed, grabbed by the arm, etc.","[""W"",""om"",""en  "",""should"","" "",""realize "",""t"",""hat "",""cult"",""ural "",""differ"",""en c es  "",""may "",""r es ult"","" "",""in "",""what "",""t"",""hey "",""would"","" "",""consider"","" "",""har"",""ass"",""m"",""en t"","" "",""and "",""it "",""is "",""not"","" "",""uncomm"",""on"","" "",""t"",""o "",""be "",""foll"",""owed, "",""grabb"",""ed "",""by "",""t"",""he "",""arm, "",""et"",""c.""]",49
1703,devtest,706,"Be firm in turning down men, and don't be afraid to stand your ground (cultural differences or not, it doesn't make it ok!).","[""B"",""e "",""firm "",""in "",""t"",""urning "",""down"","" "",""m en, "",""and "",""don't"","" "",""be "",""afr"",""aid "",""t"",""o "",""st"",""and "",""your "",""ground"","" "",""(cult"",""ural "",""differ en c es  "",""or "",""not"","", "",""it "",""do esn't"","" "",""make "",""it "",""ok!)"","".""]",35
1704,devtest,707,"The modern city of Casablanca was founded by Berber fishermen in the 10th century BCE, and was used by the Phoenicians, Romans, and the Merenids as a strategic port called Anfa.","[""T"",""he "",""moder"",""n "",""cit"",""y "",""of "",""Casablan"",""c"",""a "",""was "",""found"",""ed "",""by "",""Ber"",""ber"","" "",""fisherm en  "",""in "",""t"",""he "",""10t"",""h "",""c en t"",""ury "",""BCE, "",""and "",""was "",""used "",""by "",""t"",""he "",""Pho en ician"",""s, "",""Roman"",""s, "",""and "",""t"",""he "",""Mer"",""en ids "",""as "",""a "",""st"",""ra te gic "",""port"","" "",""call"",""ed "",""Anf"",""a.""]",51
1705,devtest,708,"The Portuguese destroyed it and rebuilt it under the name Casa Branca, only to abandon it after an earthquake in 1755.","[""T"",""he "",""Port"",""ugu es e "",""d es t"",""royed "",""it "",""and "",""reb"",""uilt"","" "",""it "",""under"","" "",""t"",""he "",""name "",""Casa "",""Branc"",""a, "",""only "",""t"",""o "",""abandon"","" "",""it "",""af te r"","" "",""an "",""eart"",""hquak"",""e "",""in "",""1755.""]",34
1706,devtest,709,The Moroccan sultan rebuilt the city as Daru l-Badya and it was given the name Casablanca by Spanish traders who established trading bases there.,"[""T"",""he "",""Mor"",""occan"","" "",""sult"",""an "",""reb"",""uilt"","" "",""t"",""he "",""cit"",""y "",""as "",""Da ru  "",""l-"",""Badya "",""and "",""it "",""was "",""giv en  "",""t"",""he "",""name "",""Casablan"",""c"",""a "",""by "",""Spanish "",""t"",""raders "",""who "",""es t"",""ablished "",""t"",""rading "",""bas es  "",""t"",""here.""]",40
1707,devtest,710,Casablanca is one of the least interesting places to shop in all of Morocco.,"[""C"",""as"",""ab"",""lan"",""c"",""a "",""is "",""one "",""of "",""t"",""he "",""least"","" "",""in te r"",""es t"",""ing "",""plac es  "",""t"",""o "",""shop "",""in "",""all"","" "",""of "",""Mor"",""occo.""]",26
1708,devtest,711,"Around the old Medina it's easy to find places selling traditional Moroccan goods, such as tagines, pottery, leather goods, hookahs, and a whole spectrum of geegaws, but it's all for the tourists.","[""Ar"",""ou"",""nd"","" "",""t"",""he "",""old "",""Med"",""ina "",""it's "",""easy "",""t"",""o "",""fin"",""d "",""plac es  "",""sel"",""ling "",""t"",""radition"",""al "",""Mor"",""occan"","" "",""good"",""s, "",""such "",""as "",""t"",""agin es, "",""pot"",""te ry, "",""leat"",""her"","" "",""good"",""s, "",""hookahs, "",""and "",""a "",""whol"",""e "",""spect"",""ru m "",""of "",""geegaw"",""s, "",""but"","" "",""it's "",""all"","" "",""for"","" "",""t"",""he "",""t"",""ourist"",""s.""]",59
1709,devtest,712,Goma is a tourist city of the Democratic Republic of Congo in the extreme east near Rwanda.,"[""G"",""om"",""a "",""is "",""a "",""t"",""ourist"","" "",""cit"",""y "",""of "",""t"",""he "",""Democrat"",""ic "",""Rep"",""ublic"","" "",""of "",""Cong"",""o "",""in "",""t"",""he "",""ext"",""rem"",""e "",""east"","" "",""near "",""Rwanda.""]",31
1710,devtest,713,"In 2002 Goma was destroyed by lava from the Nyiragongo volcano which buried most of the town’s streets, particularly the town centre.","[""In "",""2002 "",""Goma "",""was "",""d es t"",""royed "",""by "",""lava "",""from "",""t"",""he "",""Nyiragongo "",""vol"",""cano "",""w hi ch "",""bur"",""ied"","" "",""most"","" "",""of "",""t"",""he "",""t"",""own’"",""s "",""st"",""reet"",""s, "",""part"",""icul"",""arl"",""y "",""t"",""he "",""t"",""own "",""c en t"",""re.""]",39
1711,devtest,714,"While Goma is reasonably safe, any visits outside of Goma should be researched to understand the state of the fighting that persists in the North Kivu province.","[""W"",""hi l"",""e "",""Goma "",""is "",""reason"",""ab"",""ly "",""safe, "",""any "",""visit"",""s "",""out"",""side "",""of "",""Goma "",""should"","" "",""be "",""r es ear"",""ch"",""ed "",""t"",""o "",""under"",""st"",""and "",""t"",""he "",""st"",""a te  "",""of "",""t"",""he "",""fight"",""ing "",""t"",""hat "",""persist"",""s "",""in "",""t"",""he "",""Nor"",""t"",""h "",""Kivu "",""prov"",""ince.""]",49
1712,devtest,715,The city is also the base to climb the Nyiragongo volcano along with some of the cheapest Mountain Gorilla tracking in Africa.,"[""T"",""he "",""cit"",""y "",""is "",""also "",""t"",""he "",""base "",""t"",""o "",""climb "",""t"",""he "",""Nyiragongo "",""volcano "",""along "",""wit"",""h "",""som"",""e "",""of "",""t"",""he "",""cheap"",""es t"","" "",""Mount"",""ain "",""Gor"",""ill"",""a "",""t"",""racking "",""in "",""Afr"",""ica.""]",37
1713,devtest,716,You can use boda-boda (motorcycle taxi) to get around Goma. The normal (local) price is ~500 Congolese Francs for the short ride.,"[""Y"",""ou "",""can "",""use "",""boda-"",""boda "",""(mot"",""orcycl"",""e "",""t"",""axi) "",""t"",""o "",""get "",""around"","" "",""Goma. "",""T"",""he "",""nor"",""mal "",""(local"","")"","" "",""price "",""is "",""~500 "",""Cong"",""ol"",""es e "",""Fr"",""ancs "",""for"","" "",""t"",""he "",""short"","" "",""ride.""]",39
1714,devtest,717,"Combined with its relative inaccessibility, ""Timbuktu"" has come to be used as a metaphor for exotic, distant lands.","[""C"",""om"",""b"",""ined "",""wit"",""h "",""its "",""rel"",""at"",""ive "",""inacc es s"",""ib"",""ilit"",""y, "",""\"""",""T"",""imb uk tu\"""","" "",""has "",""come "",""t"",""o "",""be "",""used "",""as "",""a "",""met"",""aphor"","" "",""for"","" "",""exot"",""ic, "",""dist"",""ant"","" "",""lands"","".""]",38
1715,devtest,718,"Today, Timbuktu is an impoverished town, although its reputation makes it a tourist attraction, and it has an airport.","[""T"",""oday, "",""T"",""imb uk tu "",""is "",""an "",""impoverished "",""t"",""own, "",""alt"",""hough"","" "",""its "",""reputation"","" "",""mak es  "",""it "",""a "",""t"",""ourist"","" "",""at"",""t"",""ract"",""ion, "",""and "",""it "",""has "",""an "",""airport"","".""]",31
1716,devtest,719,"In 1990, it was added to the list of world heritage sites in danger, due to the threat of desert sands.","[""In "",""1990, "",""it "",""was "",""added "",""t"",""o "",""t"",""he "",""list"","" "",""of "",""wor"",""ld "",""her"",""it"",""age "",""si te s "",""in "",""danger, "",""due "",""t"",""o "",""t"",""he "",""t"",""hreat "",""of "",""d es ert"","" "",""sands.""]",31
1717,devtest,720,It was one of the major stops during Henry Louis Gates' PBS special Wonders of the African World.,"[""It"","" "",""was "",""one "",""of "",""t"",""he "",""major"","" "",""st"",""ops "",""during "",""H en ry "",""Louis "",""Ga te s'"","" "",""PBS "",""special"","" "",""Wonder"",""s "",""of "",""t"",""he "",""Afr"",""ican"","" "",""Wor"",""ld.""]",29
1718,devtest,721,"The city is in stark contrast to the rest of the country's cities, because it has more of an Arabic flair than of an African.","[""T"",""he "",""cit"",""y "",""is "",""in "",""st"",""ark "",""cont"",""rast"","" "",""t"",""o "",""t"",""he "",""r es t"","" "",""of "",""t"",""he "",""count"",""ry'"",""s "",""cit"",""i es, "",""because"","" "",""it "",""has "",""mor"",""e "",""of "",""an "",""Arabic "",""flair "",""t"",""han "",""of "",""an "",""Afr"",""ican"","".""]",42
1719,devtest,722,"The Kruger National Park (KNP) lies in the north-east of South Africa and runs along the border of Mozambique in the east, Zimbabwe in the north, and the southern border is the Crocodile River.","[""T"",""he "",""K ru ger "",""Nat"",""ional "",""Park "",""(KNP)"","" "",""li es  "",""in "",""t"",""he "",""nor"",""t"",""h-"",""east"","" "",""of "",""Sout"",""h "",""Afr"",""ica "",""and "",""ru ns "",""along "",""t"",""he "",""bor"",""der "",""of "",""Mozambique "",""in "",""t"",""he "",""east"","", "",""Zimbabwe "",""in "",""t"",""he "",""nor"",""t"",""h, "",""and "",""t"",""he "",""sout"",""hern "",""bor"",""der"","" "",""is "",""t"",""he "",""Croc"",""odile "",""River"","".""]",58
1720,devtest,723,"The park covers 19,500 km² and is divided in 14 different ecozones, each supporting different wildlife.","[""T"",""he "",""park "",""cover"",""s "",""19,5"",""00 "",""km² "",""and "",""is "",""divided "",""in "",""14 "",""differ en t"","" "",""ecozon"",""es, "",""each "",""support"",""ing "",""differ"",""en t"","" "",""wildl"",""ife.""]",25
1721,devtest,724,It is one of the main attractions of South Africa and it is considered the flagship of South African National Parks (SANParks).,"[""It"","" "",""is "",""one "",""of "",""t"",""he "",""main "",""at"",""t"",""ract"",""ions "",""of "",""Sout"",""h "",""Afr"",""ica "",""and "",""it "",""is "",""consider"",""ed "",""t"",""he "",""flags hi p "",""of "",""Sout"",""h "",""Afr"",""ican"","" "",""Nat"",""ion"",""al "",""Parks "",""(SAN"",""Parks)"","".""]",38
1722,devtest,725,"As with all South African National Parks, there are daily conservation and entry fees for the park.","[""As"","" wit"",""h "",""all"","" "",""Sout"",""h "",""Afr"",""ican"","" "",""Nat"",""ion"",""al "",""Parks, "",""t"",""here "",""are "",""daily "",""conser"",""vat"",""ion"","" "",""and "",""en t"",""ry "",""fe es  "",""for"","" "",""t"",""he "",""park.""]",31
1723,devtest,726,"It may also be beneficial for one to buy a Wild Card, which provides entry to either selections of parks in South Africa or all of the South African National Parks.","[""It"","" "",""may "",""also "",""be "",""b en eficial"","" "",""for"","" "",""one "",""t"",""o "",""buy "",""a "",""Wild "",""Car"",""d, "",""w hi ch "",""prov"",""id"",""es  "",""en t"",""ry "",""t"",""o "",""eit"",""her "",""sel"",""ect"",""ions "",""of "",""parks "",""in "",""Sout"",""h "",""Afr"",""ica "",""or "",""all"","" "",""of "",""t"",""he "",""Sout"",""h "",""Afr"",""ican"","" "",""Nat"",""ion"",""al "",""Parks.""]",52
1724,devtest,727,Hong Kong Island gives the territory of Hong Kong its name and is the place that many tourists regard as the main focus.,"[""H"",""on"",""g"","" "",""Kong "",""Isl"",""an"",""d "",""giv es  "",""t"",""he "",""te rr"",""itory "",""of "",""Hon"",""g "",""Kong "",""its "",""name "",""and "",""is "",""t"",""he "",""place "",""t"",""hat "",""man"",""y "",""t"",""ourist"",""s "",""regard"","" "",""as "",""t"",""he "",""main "",""focus.""]",38
1725,devtest,728,The parade of buildings that make the Hong Kong skyline has been likened to a glittering bar chart that is made apparent by the presence of the waters of Victoria Harbour.,"[""T"",""he "",""parade "",""of "",""build"",""in"",""gs "",""t"",""hat "",""make "",""t"",""he "",""Hon"",""g "",""Kong "",""skyline "",""has "",""be en  "",""lik en ed "",""t"",""o "",""a "",""glit te ring "",""bar "",""char"",""t "",""t"",""hat "",""is "",""made "",""appar"",""en t"","" "",""by "",""t"",""he "",""pr es en ce "",""of "",""t"",""he "",""wa te rs "",""of "",""Vict"",""oria "",""Har"",""bour"","".""]",47
1726,devtest,729,"To get the best views of Hong Kong, leave the island and head for the Kowloon waterfront opposite.","[""T"",""o "",""get "",""t"",""he "",""b es t"","" "",""views "",""of "",""Hong "",""Kong, "",""leave "",""t"",""he "",""isl"",""and "",""and "",""head "",""for"","" "",""t"",""he "",""Kowloon"","" "",""wa te rfront"","" "",""opposi te"","".""]",28
1727,devtest,730,The great majority of Hong Kong Island's urban development is densely packed on reclaimed land along the northern shore.,"[""T"",""he "",""great"","" "",""major"",""it"",""y "",""of "",""Hon"",""g "",""Kong "",""Isl"",""and'"",""s "",""urban "",""devel"",""opm en t"","" "",""is "",""d en sel"",""y "",""packed "",""on "",""recl"",""aimed "",""land "",""along "",""t"",""he "",""nor"",""t"",""hern "",""shore.""]",33
1728,devtest,731,"This is the place the British colonisers took as their own and so if you are looking for evidence of the territory's colonial past, this is a good place to start.","[""T"",""hi s "",""is "",""t"",""he "",""place "",""t"",""he "",""Brit"",""ish "",""col"",""oniser"",""s "",""t"",""ook "",""as "",""t"",""heir "",""own "",""and "",""so "",""if you "",""are "",""looking "",""for"","" "",""evid en ce "",""of "",""t"",""he "",""te rr"",""itory'"",""s "",""col"",""onial "",""past"","", "",""t"",""hi s "",""is "",""a "",""good "",""place "",""t"",""o "",""st"",""art.""]",47
1729,devtest,732,"The Sundarbans are the largest littoral mangrove belt in the world, stretching 80 km (50 mi) into the Bangladeshi and Indian hinterland from the coast.","[""T"",""he "",""Sun"",""darb"",""ans "",""are "",""t"",""he "",""lar"",""g es t"","" "",""lit"",""toral "",""man"",""gr"",""ove "",""bel"",""t"","" "",""in "",""t"",""he "",""wor"",""ld, "",""st"",""ret"",""c hi ng "",""80 "",""km "",""(50 "",""mi) "",""int"",""o "",""t"",""he "",""Bangl"",""ad es hi"","" "",""and "",""Indian"","" "",""hi n te r"",""l"",""and "",""from "",""t"",""he "",""coast"","".""]",49
1730,devtest,733,The Sundarbans has been declared a UNESCO World Heritage Site. The part of the forest within Indian territory is called Sundarbans National Park.,"[""T"",""he "",""Sun"",""darb"",""ans "",""has "",""be en  "",""dec"",""lared "",""a "",""UNESCO "",""Wor"",""ld "",""Her"",""it"",""age "",""Si te. "",""T"",""he "",""part"","" "",""of "",""t"",""he "",""for"",""es t"","" "",""wit"",""hi n "",""Indian"","" "",""te rr"",""itory "",""is "",""call"",""ed "",""Sun"",""darb"",""ans "",""Nat"",""ion"",""al "",""Park.""]",43
1731,devtest,734,The forests aren't just mangrove swamps though — they include some of the last remaining stands of the mighty jungles which once covered the Gangetic plain.,"[""T"",""he "",""for"",""es t"",""s "",""ar en 't"","" "",""just"","" "",""man"",""gr"",""ove "",""swamp"",""s "",""t"",""hough"","" "",""—"","" "",""t"",""hey "",""incl"",""ude "",""som"",""e "",""of "",""t"",""he "",""last"","" "",""rem"",""aining "",""st"",""ands "",""of "",""t"",""he "",""might"",""y "",""jungl"",""es  "",""w hi ch "",""onc"",""e "",""cover"",""ed "",""t"",""he "",""Gangetic "",""plain.""]",50
1732,devtest,735,"The Sundarbans cover an area of 3,850 km², of which about one-third is covered in water/marsh areas.","[""T"",""he "",""Sun"",""darb"",""ans "",""cover"","" "",""an "",""area "",""of "",""3,8"",""50 "",""km², "",""of "",""w hi ch "",""about"","" "",""one-"",""t"",""hi rd "",""is "",""cover"",""ed "",""in "",""wa te r/"",""mar"",""sh "",""areas.""]",28
1733,devtest,736,"Since 1966 the Sundarbans have been a wildlife sanctuary, and it is estimated that there are now 400 Royal Bengal tigers and about 30,000 spotted deer in the area.","[""S"",""in"",""ce "",""1966 "",""t"",""he "",""Sun"",""darb"",""ans "",""have "",""be en  "",""a "",""wildl"",""ife "",""sanct"",""uary, "",""and "",""it "",""is "",""es t"",""ima te d "",""t"",""hat "",""t"",""here "",""are "",""now "",""400 "",""Royal "",""B en gal "",""t"",""igers "",""and "",""about"","" "",""30,0"",""00 "",""spot"",""te d "",""deer "",""in "",""t"",""he "",""area.""]",44
1734,devtest,737,"Buses depart the inter-district bus station (across the river) throughout the day, though most, especially those heading to the east and Jakar/Bumthang leave between 06:30 and 07:30.","[""B"",""u"",""s es  "",""dep"",""art"","" "",""t"",""he "",""in te r"",""-"",""dist"",""rict "",""bus "",""st"",""ation"","" "",""(acr"",""oss "",""t"",""he "",""river"","") "",""t"",""hrough"",""out "",""t"",""he "",""day, "",""t"",""hough"","" "",""most"","", "",""es pecial"",""l"",""y "",""t"",""hose "",""heading "",""t"",""o "",""t"",""he "",""east"","" "",""and "",""Jakar/"",""Bumt"",""hang "",""leave "",""bet"",""we en  "",""06:3"",""0 "",""and "",""07:3"",""0.""]",57
1735,devtest,738,"As the inter-district buses are often full, it is advisable to purchase a ticket a few days in advance.","[""As"","" t"",""he "",""in te r"",""-"",""dist"",""rict "",""bus es  "",""are "",""of te n "",""full"","", "",""it "",""is "",""adv"",""isab"",""le "",""t"",""o "",""purchase "",""a "",""t"",""icket "",""a "",""few "",""days "",""in "",""adv"",""ance.""]",29
1736,devtest,739,"Most districts are served by small Japanese Coaster Buses, which are comfortable and sturdy.","[""M"",""ost"","" "",""dist"",""ricts "",""are "",""ser"",""ved "",""by "",""small"","" "",""Japan"",""es e"","" "",""Coas te"",""r"","" "",""Bus es, "",""w hi ch "",""are "",""comfor"",""t"",""able "",""and "",""st"",""urdy.""]",26
1737,devtest,740,"Shared taxis are a quick and comfortable means to travel to nearby places, such as Paro (Nu 150) and Punakha (Nu 200).","[""S"",""har"",""ed "",""t"",""axis "",""are "",""a "",""quick "",""and "",""comf"",""or"",""t"",""able "",""means "",""t"",""o "",""t"",""ravel"","" "",""t"",""o "",""nearby "",""plac es, "",""such "",""as "",""Paro "",""(N"",""u "",""150) "",""and "",""Punakha "",""(N"",""u "",""200).""]",34
1738,devtest,741,The Oyapock River Bridge is a cable-stayed bridge. It spans the Oyapock River to link the cities of Oiapoque in Brazil and Saint-Georges de l'Oyapock in French Guiana.,"[""T"",""he "",""Oyapock "",""River"","" "",""Bridg"",""e "",""is "",""a "",""cable-"",""st"",""ayed "",""bridg"",""e. "",""It "",""spans "",""t"",""he "",""Oyapock "",""River"","" "",""t"",""o "",""lin"",""k "",""t"",""he "",""cit"",""i es  "",""of "",""Oiapoque "",""in "",""Brazil "",""and "",""Saint"",""-"",""Geor"",""g es  "",""de "",""l'Oyapock "",""in "",""Fr"",""en ch "",""Guian"",""a.""]",45
1739,devtest,742,"The two towers rise to a height of 83 meters, it's 378 meters long and it has two lanes of 3.50 m wide.","[""T"",""he "",""t"",""wo "",""t"",""owers "",""rise "",""t"",""o "",""a "",""height"","" "",""of "",""83 "",""me te rs, "",""it's "",""378 "",""me te rs "",""long "",""and "",""it "",""has "",""t"",""wo "",""lan es  "",""of "",""3.5"",""0 "",""m wide.""]",29
1740,devtest,743,"The vertical clearance under the bridge is 15 meters. Construction was completed in August 2011, it didn't open to traffic until March 2017.","[""T"",""he "",""ver"",""t"",""ical "",""clearan"",""c"",""e "",""under"","" "",""t"",""he "",""bridg"",""e "",""is "",""15 "",""me te rs. "",""Const"",""ru ct"",""ion "",""was "",""comp"",""l"",""e te d "",""in "",""August"","" "",""2011, "",""it "",""didn't"","" "",""op en  "",""t"",""o "",""t"",""raff"",""ic "",""unt"",""il "",""Mar"",""ch "",""2017.""]",42
1741,devtest,744,"The bridge is scheduled to be fully operational in September 2017, when the Brazilian customs checkpoints are expected to be finished.","[""T"",""he "",""bridg"",""e "",""is "",""schedul"",""ed "",""t"",""o "",""be "",""full"",""y "",""operat"",""ion"",""al "",""in "",""Sep te mber"","" "",""2017, "",""wh en  "",""t"",""he "",""Brazilian"","" "",""cust"",""oms "",""checkpoint"",""s "",""are "",""expec te d "",""t"",""o "",""be "",""fin"",""ished.""]",35
1742,devtest,745,"The Guaraní were the most significant indigenous group inhabiting what is now Eastern Paraguay, living as semi-nomadic hunters who also practised subsistence agriculture.","[""T"",""he "",""Guaraní "",""were "",""t"",""he "",""most"","" "",""sign"",""ifican"",""t"","" "",""indig en ou"",""s "",""group "",""inhabit"",""ing "",""what"","" "",""is "",""now "",""Eas te r"",""n "",""Parag"",""uay, "",""living "",""as "",""semi-"",""nomadic "",""hun te r"",""s "",""who "",""also "",""pract"",""ised "",""sub"",""sis te n"",""ce "",""agr"",""icul"",""t"",""ure.""]",42
1743,devtest,746,"The Chaco region was home to other groups of indigenous tribes such as the Guaycurú and Payaguá, who survived by hunting, gathering and fishing.","[""T"",""he "",""Chaco "",""region"","" "",""was "",""hom"",""e "",""t"",""o "",""other "",""groups "",""of "",""indig en ous "",""t"",""rib es  "",""such "",""as "",""t"",""he "",""Guaycurú"","" "",""and "",""Payag"",""uá, "",""who "",""sur"",""v"",""iv"",""ed "",""by "",""hunt"",""ing, "",""gat"",""hering "",""and "",""fis hi ng.""]",37
1744,devtest,747,"In the 16th century Paraguay, formerly called ""The Giant Province of the Indies"", was born as a result of the encounter of Spanish conquerors with the native indigenous groups.","[""In "",""t"",""he "",""16t"",""h "",""c en t"",""ury "",""Parag"",""uay, "",""for"",""mer"",""l"",""y "",""call"",""ed "",""\"""",""T"",""he "",""Giant"","" "",""Prov"",""ince "",""of "",""t"",""he "",""Indi es \"""","", "",""was "",""bor"",""n "",""as "",""a "",""r es ult"","" "",""of "",""t"",""he "",""en coun te r"","" "",""of "",""Span"",""ish "",""conqu"",""er"",""ors "",""wit"",""h "",""t"",""he "",""nat"",""ive "",""indig en ous "",""groups.""]",53
1745,devtest,748,The Spaniards started the colonization period which lasted for three centuries.,"[""T"",""he "",""Span"",""iard"",""s "",""st"",""ar te d "",""t"",""he "",""col"",""onizat"",""ion"","" "",""period"","" "",""w hi ch "",""las te d "",""for"","" "",""t"",""hree "",""c en t"",""uri es.""]",23
1746,devtest,749,"Since the foundation of Asunción in 1537, Paraguay has managed to keep a lot of its indigenous character and identity.","[""S"",""in"",""ce "",""t"",""he "",""found"",""ation"","" "",""of "",""Asunción "",""in "",""1537, "",""Parag"",""uay "",""has "",""man"",""ag"",""ed "",""t"",""o "",""keep "",""a "",""lot "",""of "",""its "",""indig en ous "",""char"",""ac te r"","" "",""and "",""id en t"",""ity.""]",32
1747,devtest,750,Argentina is well known for having one of the best polo teams and players in the world.,"[""Ar"",""g"",""en t"",""ina "",""is "",""well"","" "",""known "",""for"","" "",""having "",""one "",""of "",""t"",""he "",""b es t"","" "",""pol"",""o "",""te ams "",""and "",""players "",""in "",""t"",""he "",""wor"",""ld.""]",27
1748,devtest,751,The largest tournament of the year takes place in December at the polo fields in Las Cañitas.,"[""T"",""he "",""lar"",""g es t"","" "",""t"",""ournam en t"","" "",""of "",""t"",""he "",""year "",""t"",""ak es  "",""place "",""in "",""December"","" "",""at"","" "",""t"",""he "",""polo "",""fields "",""in "",""Las "",""Cañit"",""as.""]",28
1749,devtest,752,Smaller tournaments and matches can also be seen here at other times of the year.,"[""S"",""m"",""al"",""l"",""er "",""t"",""ournam en t"",""s "",""and "",""mat"",""ch es  "",""can "",""also "",""be "",""se en  "",""her"",""e "",""at"","" "",""other "",""t"",""im es  "",""of "",""t"",""he "",""year.""]",26
1750,devtest,753,"For news on tournaments and where to buy tickets for polo matches, check Asociacion Argentina de Polo.","[""F"",""or"","" "",""news "",""on "",""t"",""ournam en t"",""s "",""and "",""wher"",""e "",""t"",""o "",""buy "",""t"",""ickets "",""for"","" "",""pol"",""o "",""mat"",""ch es, "",""check "",""Asociacion"","" "",""Arg en t"",""ina "",""de "",""Pol"",""o.""]",30
1751,devtest,754,The official Falklands currency is the Falkland pound (FKP) whose value is set equivalent to that of one British pound (GBP).,"[""T"",""he "",""off"",""icial"","" "",""Fal"",""kl"",""an"",""ds"","" "",""cur"",""r en c"",""y "",""is "",""t"",""he "",""Fal"",""kl"",""an"",""d "",""pound"","" "",""(FKP)"","" "",""whose "",""value "",""is "",""set"","" "",""equiv"",""al en t"","" "",""t"",""o "",""t"",""hat "",""of "",""one "",""Brit"",""ish "",""pound"","" "",""(GBP)"","".""]",44
1752,devtest,755,Money can be exchanged at the only bank in the islands which is located in Stanley across from the FIC West store.,"[""M"",""on"",""ey "",""can "",""be "",""exc"",""hang"",""ed "",""at"","" "",""t"",""he "",""only "",""bank "",""in "",""t"",""he "",""isl"",""ands"","" "",""w hi ch "",""is "",""loca te d "",""in "",""St"",""anley "",""acr"",""oss "",""from "",""t"",""he "",""FIC "",""W es t"","" "",""st"",""ore.""]",36
1753,devtest,756,British pounds will generally be accepted anywhere in the islands and within Stanley credit cards and United States dollars are also often accepted.,"[""B"",""r"",""it"",""ish "",""pound"",""s "",""will"","" "",""g en er"",""all"",""y "",""be "",""accep te d "",""anyw"",""her"",""e "",""in "",""t"",""he "",""isl"",""ands"","" "",""and "",""wit"",""hi n "",""St"",""anley "",""credit"","" "",""car"",""ds "",""and "",""Uni te d "",""St"",""a te s "",""doll"",""ars "",""are "",""also "",""of te n "",""accep te d.""]",41
1754,devtest,757,"On the outlying islands credit cards will probably not be accepted, although British and United States currency may be taken; check with the owners in advance to determine what is an acceptable payment method.","[""On"","" "",""t"",""he "",""out"",""lying "",""isl"",""ands"","" "",""credit"","" "",""car"",""ds "",""will"","" "",""probab"",""ly "",""not"","" "",""be "",""accep te d, "",""alt"",""hough"","" "",""Brit"",""ish "",""and "",""Uni te d "",""St"",""a te s "",""cur"",""r en cy "",""may "",""be "",""t"",""ak en ; "",""check "",""wit"",""h "",""t"",""he "",""owner"",""s "",""in "",""adv"",""ance "",""t"",""o "",""de te rmin"",""e "",""what "",""is "",""an "",""accept"",""ab"",""le "",""paym en t"","" "",""met"",""hod.""]",60
1755,devtest,758,"It is nearly impossible to exchange Falklands currency outside of the islands, so exchange money prior to leaving the islands.","[""It"","" "",""is "",""nearl"",""y "",""impossib"",""le "",""t"",""o "",""exc"",""hang"",""e "",""Fal"",""kl"",""an"",""ds"","" "",""cur"",""r en c"",""y "",""out"",""side "",""of "",""t"",""he "",""isl"",""ands"","", "",""so "",""exc"",""hang"",""e "",""mon"",""ey "",""prior"","" "",""t"",""o "",""leaving "",""t"",""he "",""isl"",""ands"","".""]",44
1756,devtest,759,"Since Montevideo is south of the Equator, it is summer there when it's winter in the Northern Hemisphere and vice versa.","[""S"",""in"",""ce "",""Mon"",""te video "",""is "",""sout"",""h "",""of "",""t"",""he "",""Equat"",""or, "",""it "",""is "",""summ"",""er "",""t"",""here "",""wh en  "",""it's "",""win"",""te r"","" "",""in "",""t"",""he "",""Nor"",""t"",""hern "",""Hem"",""ispher"",""e "",""and "",""vice "",""ver"",""sa.""]",37
1757,devtest,760,"Montevideo is in the subtropics; in the summer months, temperatures above +30°C are common.","[""M"",""on"",""te"",""vid"",""eo "",""is "",""in "",""t"",""he "",""sub"",""t"",""rop"",""ics; "",""in "",""t"",""he "",""summ"",""er "",""mon"",""t"",""hs, "",""te mper"",""at"",""ur es  "",""above "",""+30"",""C "",""are "",""comm"",""on.""]",30
1758,devtest,761,"The winter can be deceptively chilly: temperatures rarely go below freezing, but the wind and humidity combine to make it feel colder than what the thermometer says.","[""T"",""he "",""win te r"","" "",""can "",""be "",""dec"",""ept"",""ivel"",""y "",""c hi ll"",""y: "",""te mper"",""at"",""ur es  "",""rarel"",""y "",""go "",""bel"",""ow "",""freez"",""in"",""g, "",""but"","" "",""t"",""he "",""win"",""d "",""and "",""hum"",""idit"",""y "",""comb"",""ine "",""t"",""o "",""make "",""it "",""feel"","" "",""col"",""der"","" "",""t"",""han "",""what "",""t"",""he "",""t"",""hermome te r "",""says.""]",52
1759,devtest,762,"There are no particular ""rainy"" and ""dry"" seasons: the amount of rain stays roughly the same throughout the year.","[""T"",""her"",""e "",""are "",""no "",""part"",""icul"",""ar"","" "",""\"""",""rainy\"""","" "",""and "",""\"""",""dry\"""","" "",""season"",""s: "",""t"",""he "",""amount"","" "",""of "",""rain "",""st"",""ays "",""rough"",""l"",""y "",""t"",""he "",""same "",""t"",""hrough"",""out "",""t"",""he "",""year.""]",38
1760,devtest,763,"Though many of the animals in the park are used to seeing humans, the wildlife is nonetheless wild and should not be fed or disturbed.","[""T"",""hough"","" "",""man"",""y "",""of "",""t"",""he "",""animals "",""in "",""t"",""he "",""park "",""are "",""used "",""t"",""o "",""see"",""i"",""ng "",""hum"",""an"",""s, "",""t"",""he "",""wildl"",""ife "",""is "",""nonet"",""hel"",""es s "",""wild "",""and "",""should"","" "",""not"","" "",""be "",""fed "",""or "",""dist"",""urb"",""ed.""]",43
1761,devtest,764,"According to park authorities, stay at least 100 yards/meters away from bears and wolves and 25 yards/meters from all other wild animals!","[""Ac"",""c"",""or"",""din"",""g "",""t"",""o "",""park "",""aut"",""horit"",""i es, "",""st"",""ay "",""at"","" "",""least"","" "",""100 "",""yards/"",""me te rs "",""away "",""from "",""bear"",""s "",""and "",""wolv es  "",""and "",""25 "",""yards/"",""me te rs "",""from "",""all"","" "",""ot"",""her "",""wild "",""animals!""]",37
1762,devtest,765,"No matter how docile they may look, bison, elk, moose, bears, and nearly all large animals can attack.","[""N"",""o "",""mat"",""te r "",""how docile "",""t"",""hey "",""may "",""look, "",""bison"","", "",""elk, "",""moose"","", "",""bear"",""s, "",""and "",""near"",""l"",""y "",""all"","" "",""lar"",""ge "",""animals "",""can "",""at"",""t"",""ack.""]",29
1763,devtest,766,"Each year, dozens of visitors are injured because they didn't keep a proper distance. These animals are large, wild, and potentially dangerous, so give them their space.","[""E"",""ac"",""h "",""year"","", "",""doz en s "",""of "",""visit"",""ors "",""are "",""injur"",""ed "",""because"","" "",""t"",""hey "",""didn't"","" "",""keep "",""a "",""prop"",""er "",""dist"",""ance. "",""T"",""h es e "",""animals "",""are "",""lar"",""ge, "",""wild, "",""and "",""po te nt"",""iall"",""y "",""dangerou"",""s, "",""so "",""give "",""t"",""hem "",""t"",""heir "",""space.""]",44
1764,devtest,767,"In addition, be aware that odors attract bears and other wildlife, so avoid carrying or cooking odorous foods and keep a clean camp.","[""In "",""addit"",""ion"","", "",""be awar"",""e "",""t"",""hat "",""odors "",""at"",""t"",""ract"","" "",""bear"",""s "",""and "",""ot"",""her "",""wildl"",""ife, "",""so "",""avoid "",""car"",""rying "",""or "",""cooking "",""odorous "",""foods "",""and "",""keep "",""a "",""clean "",""camp"","".""]",34
1765,devtest,768,"Apia is the capital of Samoa. The town is on the island of Upolu and has a population of just under 40,000.","[""Ap"",""ia "",""is "",""t"",""he "",""cap"",""it"",""al "",""of "",""Samoa. "",""T"",""he "",""t"",""own "",""is "",""on "",""t"",""he "",""isl"",""and "",""of "",""Upolu "",""and "",""has "",""a "",""popul"",""at"",""ion"","" "",""of "",""just"","" "",""under"","" "",""40,0"",""00.""]",36
1766,devtest,769,Apia was founded in the 1850s and has been the official capital of Samoa since 1959.,"[""Ap"",""ia "",""was "",""found"",""ed "",""in "",""t"",""he "",""1850s "",""and "",""has "",""be en  "",""t"",""he "",""off"",""icial"","" "",""cap"",""it"",""al "",""of "",""Samoa "",""sin"",""ce "",""1959.""]",25
1767,devtest,770,"The harbor was the site of an infamous naval standoff in 1889 when seven ships from Germany, the US, and Britain refused to leave the harbor.","[""T"",""he "",""har"",""bor"","" "",""was "",""t"",""he "",""si te  "",""of "",""an "",""infamous "",""naval"","" "",""st"",""andoff"","" "",""in "",""1889 "",""wh en  "",""sev en  "",""s hi ps "",""from "",""Ger"",""man"",""y, "",""t"",""he "",""US, "",""and "",""Brit"",""ain "",""refused "",""t"",""o "",""leave "",""t"",""he "",""har"",""bor"","".""]",41
1768,devtest,771,"All the ships were sunk, except for one British cruiser. Nearly 200 American and German lives were lost.","[""Al"",""l"","" "",""t"",""he "",""s hi ps "",""were "",""sunk, "",""exc"",""ept"","" "",""for"","" "",""one "",""Brit"",""ish "",""c ru iser. "",""Near"",""l"",""y "",""200"","" "",""Amer"",""ican"","" "",""and "",""Ger"",""man"","" "",""liv es  "",""were "",""lost"","".""]",33
1769,devtest,772,"During the struggle for independence organised by the Mau movement, a peaceful gathering in the town resulted in the killing of the paramount chief Tupua Tamasese Lealofi III.","[""D"",""ur"",""in"",""g "",""t"",""he "",""st"",""ru ggl"",""e "",""for"","" "",""indep en d en c"",""e "",""organ"",""ised "",""by "",""t"",""he "",""Mau "",""movem en t"","", "",""a "",""peacef"",""ul "",""gat"",""hering "",""in "",""t"",""he "",""t"",""own "",""r es ul te d "",""in "",""t"",""he "",""killing "",""of "",""t"",""he "",""param"",""ount"","" "",""c hi ef "",""T"",""upua "",""T"",""amas es e "",""Lealofi "",""III.""]",49
1770,devtest,773,"There are many beaches, due to Auckland's straddling of two harbours. The most popular ones are in three areas.","[""T"",""her"",""e "",""are "",""man"",""y "",""beach es, "",""due "",""t"",""o "",""Auck"",""l"",""and'"",""s "",""st"",""radd"",""l"",""in"",""g "",""of "",""t"",""wo "",""har"",""bour"",""s. "",""T"",""he "",""most"","" "",""popul"",""ar "",""on es  "",""are "",""in "",""t"",""hree "",""areas.""]",37
1771,devtest,774,North Shore beaches (in North Harbour district) are on the Pacific Ocean and stretch from Long Bay in the north to Devonport in the south.,"[""N"",""or"",""t"",""h "",""Shore "",""beach es  "",""(in "",""Nor"",""t"",""h "",""Har"",""bour"","" "",""dist"",""rict) "",""are "",""on "",""t"",""he "",""Pacific"","" "",""Ocean"","" "",""and "",""st"",""ret"",""ch "",""from "",""Long "",""Bay "",""in "",""t"",""he "",""nor"",""t"",""h "",""t"",""o "",""Devonport"","" "",""in "",""t"",""he "",""sout"",""h.""]",45
1772,devtest,775,"They are almost all sandy beaches with safe swimming, and most have shade provided by pohutukawa trees.","[""T"",""hey "",""are "",""almost"","" "",""all"","" "",""sandy "",""beach es  "",""wit"",""h "",""safe "",""swimm"",""in"",""g, "",""and "",""most"","" "",""have "",""shade "",""prov"",""id"",""ed "",""by "",""pohut uk awa "",""t"",""re es.""]",27
1773,devtest,776,"Tamaki Drive beaches are on the Waitemata Harbour, in the upmarket suburbs of Mission Bay and St Heliers in Central Auckland.","[""T"",""amaki "",""Drive "",""beach es  "",""are "",""on "",""t"",""he "",""Wai te mat"",""a "",""Har"",""bour"","", "",""in "",""t"",""he "",""upmarket"","" "",""sub"",""ur"",""b"",""s "",""of "",""Miss"",""ion"","" "",""Bay "",""and "",""St"","" "",""Hel"",""iers "",""in "",""C en t"",""ral "",""Auck"",""l"",""and.""]",38
1774,devtest,777,These are sometimes-crowded family beaches with a good range of shops lining the shore. Swimming is safe.,"[""T"",""h es e "",""are "",""som"",""et"",""im es -"",""crowded "",""famil"",""y "",""beach es  "",""wit"",""h "",""a "",""good "",""rang"",""e "",""of "",""shops "",""lin"",""ing "",""t"",""he "",""shore. "",""Swimm"",""in"",""g "",""is "",""safe.""]",28
1775,devtest,778,"The main local beer is 'Number One', it is not a complex beer, but pleasant and refreshing. The other local beer is called ""Manta"".","[""T"",""he "",""main "",""local"","" "",""beer"","" "",""is "",""'Number"","" "",""One'"","", "",""it "",""is "",""not"","" "",""a "",""comp"",""l"",""ex "",""beer"","", "",""but"","" "",""pleasant"","" "",""and "",""refr"",""es hi ng. "",""T"",""he "",""ot"",""her "",""local"","" "",""beer"","" "",""is "",""call"",""ed "",""\"""",""Man"",""t"",""a\"".""]",44
1776,devtest,779,"There are many French wines to be had, but the New Zealand and Australian wines might travel better.","[""T"",""her"",""e "",""are "",""man"",""y "",""Fr"",""en ch "",""win"",""es  "",""t"",""o "",""be "",""had, "",""but"","" "",""t"",""he "",""New "",""Zealan"",""d "",""and "",""Aust"",""ralian"","" "",""win"",""es  "",""might"","" "",""t"",""ravel"","" "",""bet"",""te r.""]",34
1777,devtest,780,"The local tap water is perfectly safe to drink, but bottled water is easy to find if you are fearful.","[""T"",""he "",""local"","" "",""t"",""ap "",""wa te r "",""is "",""perfect"",""ly "",""safe "",""t"",""o "",""drink, "",""but"","" "",""bot"",""tled "",""wa te r "",""is "",""easy "",""t"",""o "",""fin"",""d "",""if you "",""are "",""fearful.""]",28
1778,devtest,781,"For Australians, the idea of 'flat white' coffee is foreign. A short black is 'espresso', cappuccino comes heaped high with cream (not froth), and tea is served without milk.","[""F"",""or"","" "",""Aust"",""ralian"",""s, "",""t"",""he "",""idea "",""of "",""'flat"","" "",""w hi te '"","" "",""coff"",""ee "",""is "",""for"",""eign"","". "",""A "",""short"","" "",""black"","" "",""is "",""' es pr es so'"","", "",""cap"",""puccino "",""com es  "",""heap"",""ed"","" "",""hi gh "",""wit"",""h "",""cream "",""(not"","" "",""frot"",""h)"","", "",""and "",""te a "",""is "",""ser"",""ved "",""wit"",""hout "",""mil"",""k.""]",52
1779,devtest,782,The hot chocolate is up to Belgian standards. Fruit juices are pricey but excellent.,"[""T"",""he "",""hot"","" "",""choc"",""ol"",""a te  "",""is "",""up "",""t"",""o "",""Bel"",""gian"","" "",""st"",""andard"",""s. "",""F ru it"","" "",""juic es  "",""are "",""pricey "",""but"","" "",""exc"",""ell"",""en t"","".""]",28
1780,devtest,783,"Many trips to the reef are made all year around, and injuries due to any of these causes on the reef are rare.","[""M"",""an"",""y "",""t"",""rips "",""t"",""o "",""t"",""he "",""reef "",""are "",""made "",""all"","" "",""year "",""around"","", "",""and "",""injuri es  "",""due "",""t"",""o "",""any "",""of "",""t"",""h es e "",""caus es  "",""on "",""t"",""he "",""reef "",""are "",""rare.""]",33
1781,devtest,784,"Still, take advice from authorities, obey all signs, and pay close attention to safety warnings.","[""S"",""t"",""ill"","", "",""t"",""ake "",""adv"",""ice "",""fr"",""om "",""aut"",""horit"",""i es, "",""obey "",""all"","" "",""sign"",""s, "",""and "",""pay "",""close"","" "",""at"",""te ntion"","" "",""t"",""o "",""safet"",""y "",""war"",""nings.""]",31
1782,devtest,785,Box jellyfish occur near beaches and near river estuaries from October to April north of 1770. They can occasionally be found outside these times.,"[""B"",""ox "",""jel"",""l"",""yfish "",""occur"","" "",""near"","" "",""beach es  "",""and "",""near"","" "",""river"","" "",""es t"",""uari es  "",""fr"",""om "",""Oct"",""ober "",""t"",""o "",""April"","" "",""nor"",""t"",""h "",""of "",""1770. "",""T"",""hey "",""can "",""occasion"",""all"",""y "",""be "",""found"","" "",""out"",""side "",""t"",""h es e "",""t"",""im es.""]",45
1783,devtest,786,"Sharks do exist, however they rarely attack humans. Most sharks are scared of humans and would swim away.","[""S"",""har"",""k"",""s "",""do "",""exist"","", "",""how"",""ever"","" "",""t"",""hey "",""rarel"",""y "",""at"",""t"",""ack "",""hum"",""an"",""s. "",""Most"","" "",""sharks "",""are "",""scared "",""of "",""hum"",""an"",""s "",""and "",""would"","" "",""swim "",""away.""]",34
1784,devtest,787,"Saltwater Crocodiles do not actively live in the ocean, their primary habitat is in river estuaries north from Rockhampton.","[""S"",""al"",""t"",""wa te r "",""Croc"",""od"",""il es  "",""do "",""not"","" "",""act"",""ivel"",""y "",""live "",""in "",""t"",""he "",""ocean, "",""t"",""heir "",""primar"",""y "",""habit"",""at "",""is "",""in "",""river"","" "",""es t"",""uari es  "",""nor"",""t"",""h "",""from "",""Rockhamp"",""t"",""on.""]",37
1785,devtest,788,Booking in advance gives the traveller peace of mind that they will have somewhere to sleep once they arrive at their destination.,"[""B"",""oo"",""k"",""in"",""g "",""in "",""adv"",""ance "",""giv es  "",""t"",""he "",""t"",""ravel"",""l"",""er "",""peace "",""of "",""min"",""d "",""t"",""hat "",""t"",""hey "",""will"","" "",""have "",""som"",""ew"",""her"",""e "",""t"",""o "",""sleep "",""onc"",""e "",""t"",""hey "",""arr"",""ive "",""at"","" "",""t"",""heir "",""d es t"",""ination"","".""]",46
1786,devtest,789,"Travel agents often have deals with specific hotels, although you may find it possible to book other forms of accommodation, like camping grounds, through a travel agent.","[""T"",""ravel"","" "",""ag en t"",""s "",""of te n "",""have "",""deals "",""wit"",""h "",""specific"","" "",""ho te ls, "",""alt"",""hough"","" "",""you "",""may "",""fin"",""d "",""it "",""possib"",""le "",""t"",""o "",""book "",""ot"",""her "",""for"",""ms "",""of "",""accomm"",""odation"","", "",""like "",""camp"",""ing "",""ground"",""s, "",""t"",""hrough"","" "",""a "",""t"",""ravel"","" "",""ag en t"","".""]",48
1787,devtest,790,"Travel agents usually offer packages that include breakfast, transportation arrangements to/from the airport or even combined flight and hotel packages.","[""T"",""ravel"","" "",""ag en t"",""s "",""usuall"",""y "",""off"",""er "",""packag"",""es  "",""t"",""hat "",""incl"",""ude "",""breakf"",""ast"","", "",""t"",""ransp"",""ort"",""ation"","" "",""arr"",""ang"",""em en t"",""s "",""t"",""o/"",""from "",""t"",""he "",""airport"","" "",""or "",""ev en  "",""comb"",""ined "",""flight"","" "",""and "",""ho te l "",""packag"",""es.""]",44
1788,devtest,791,They can also hold the reservation for you if you need time to think about the offer or procure other documents for your destination (e.g. visa).,"[""T"",""hey "",""can "",""also "",""hol"",""d "",""t"",""he "",""r es ervation "",""for"","" "",""you "",""if you "",""need "",""t"",""ime "",""t"",""o "",""t"",""hi nk "",""about"","" "",""t"",""he "",""off"",""er "",""or "",""proc"",""ur"",""e "",""other "",""docum en t"",""s "",""for"","" "",""your "",""d es t"",""ination"","" "",""(e.g"","". "",""visa)"","".""]",43
1789,devtest,792,Any amendments or requests though should be coursed through the travel agent first and not directly with the hotel.,"[""An"",""y "",""am en dm en t"",""s "",""or "",""requ es t"",""s "",""t"",""hough"","" "",""should"","" "",""be "",""cour"",""sed "",""t"",""hrough"","" "",""t"",""he "",""t"",""ravel"","" "",""ag en t"","" "",""first"","" "",""and "",""not"","" "",""direct"",""ly "",""wit"",""h "",""t"",""he "",""ho te l.""]",37
1790,devtest,793,"For some festivals, the vast majority of the attendants to music festivals decide to camp on site, and most attendants consider it a vital part of the experience.","[""F"",""or"","" "",""som"",""e "",""f es t"",""ivals, "",""t"",""he "",""vast"","" "",""major"",""it"",""y "",""of "",""t"",""he "",""at"",""te ndant"",""s "",""t"",""o "",""music"","" "",""f es t"",""ivals "",""dec"",""ide "",""t"",""o "",""camp"","" "",""on "",""si te, "",""and "",""most"","" "",""at"",""te ndant"",""s "",""consider"","" "",""it "",""a "",""vit"",""al "",""part"","" "",""of "",""t"",""he "",""exper"",""i en c"",""e.""]",54
1791,devtest,794,If you want to be close to the action you're going to have to get in early to get a camping site close to the music.,"[""If you "",""want"","" "",""t"",""o "",""be "",""close"","" "",""t"",""o "",""t"",""he "",""act"",""ion "",""you'"",""re "",""going "",""t"",""o "",""have "",""t"",""o "",""get "",""in "",""earl"",""y "",""t"",""o "",""get "",""a "",""camp"",""ing "",""si te  "",""close"","" "",""t"",""o "",""t"",""he "",""music"","".""]",41
1792,devtest,795,"Remember that even though music on the main stages may have finished, there may be sections of the festival that will keep playing music until late into the night.","[""R"",""em"",""ember"","" "",""t"",""hat "",""ev en  "",""t"",""hough"","" "",""music"","" "",""on "",""t"",""he "",""main "",""st"",""ag es  "",""may "",""have "",""fin"",""ished, "",""t"",""here "",""may "",""be "",""sect"",""ions "",""of "",""t"",""he "",""f es t"",""ival "",""t"",""hat "",""will"","" "",""keep "",""playing "",""music"","" "",""unt"",""il "",""la te  "",""int"",""o "",""t"",""he "",""night"","".""]",50
1793,devtest,796,Some festivals have special camping areas for families with young children.,"[""S"",""om"",""e "",""f es t"",""ivals "",""have "",""special"","" "",""camp"",""ing "",""areas "",""for"","" "",""famil"",""i es  "",""wit"",""h "",""young "",""c hi ldr"",""en.""]",20
1794,devtest,797,"If crossing the Northern Baltic in winter, check the cabin location, as going through ice causes quite horrible noise for those most affected.","[""If crossin"",""g "",""t"",""he "",""Nor"",""t"",""hern "",""Balt"",""ic "",""in "",""win"",""te r"","", "",""check "",""t"",""he "",""cabin "",""location"","", "",""as "",""going "",""t"",""hrough"","" "",""ice "",""caus es  "",""qui te  "",""hor"",""rible "",""noise "",""for"","" "",""t"",""hose "",""most"","" "",""aff"",""ec te d.""]",38
1795,devtest,798,Saint Petersburg cruises include time in town. Cruise passengers are exempted from visa requirements (check the terms).,"[""S"",""aint"","" "",""Pe te rsb"",""ur"",""g "",""c ru is es  "",""incl"",""ude "",""t"",""ime "",""in "",""t"",""own. "",""C ru ise "",""pass"",""en g"",""ers "",""are "",""exemp te d "",""fr"",""om "",""visa "",""requir"",""em"",""en t"",""s "",""(check"","" "",""t"",""he "",""te rms)"","".""]",33
1796,devtest,799,"Casinos typically make many efforts to maximize time and money spent by guests. Windows and clocks are usually absent, and exits can be hard to find.","[""C"",""as"",""in"",""os "",""t"",""ypicall"",""y "",""make "",""man"",""y "",""effor"",""t"",""s "",""t"",""o "",""maxim"",""ize "",""t"",""ime "",""and "",""mon"",""ey "",""sp en t"","" "",""by "",""gu es ts. "",""Win"",""dow"",""s "",""and "",""clocks "",""are "",""usuall"",""y "",""abs en t"","", "",""and "",""exit"",""s "",""can "",""be "",""har"",""d"","" "",""t"",""o "",""fin"",""d.""]",48
1797,devtest,800,"They usually have special food, drink and entertainment offers, to keep guests in a good mood, and keep them at the premise.","[""T"",""hey "",""usuall"",""y "",""have "",""special"","" "",""food, "",""drin"",""k "",""and "",""en te rt"",""ainm en t"","" "",""off"",""ers, "",""t"",""o keep "",""gu es ts "",""in "",""a "",""good "",""mood"","", "",""and "",""keep "",""t"",""hem "",""at"","" "",""t"",""he "",""prem"",""ise.""]",34
1798,devtest,801,"Some venues offer alcoholic beverages on the house. However, drunkenness impairs judgement, and all good gamblers know the importance of staying sober.","[""S"",""om"",""e "",""v en u es  "",""off"",""er "",""alcohol"",""ic "",""bever"",""ag"",""es  "",""on "",""t"",""he "",""house. "",""How"",""ever"","", "",""d ru nk en n"",""es s"","" "",""impairs "",""judgem en t"","", "",""and "",""all"","" "",""good"","" "",""gamblers "",""know "",""t"",""he "",""import"",""ance "",""of "",""st"",""aying "",""sob"",""er"","".""]",41
1799,devtest,802,"Anyone who's going to drive at high latitudes or over mountain passes should consider the possibility of snow, ice, or freezing temperatures.","[""An"",""yon"",""e "",""who'"",""s "",""going "",""t"",""o "",""drive "",""at"","" "",""hi gh "",""lat"",""itud es  "",""or "",""over"","" "",""mount"",""ain "",""pass"",""es  "",""should"","" "",""consider"","" "",""t"",""he "",""possib"",""ilit"",""y "",""of "",""snow, "",""ice, "",""or "",""freez"",""in"",""g "",""te mper"",""at"",""ur es.""]",40
1800,devtest,803,"On icy and snowy roadways, friction is low and you cannot drive as if you were on bare asphalt.","[""On"","" "",""icy "",""and "",""snow"",""y "",""roadw"",""ays, "",""fr"",""ict"",""ion"","" "",""is "",""low "",""and "",""you "",""cannot"","" "",""drive "",""as "",""if you "",""were "",""on "",""bare "",""asphalt"","".""]",26
1801,devtest,804,"During blizzards, enough snow to get you stuck can fall in very little time.","[""D"",""ur"",""in"",""g "",""blizz"",""ar"",""d"",""s, "",""en ough"","" "",""snow"","" "",""t"",""o "",""get "",""you "",""st"",""uck "",""can "",""fall"","" "",""in "",""ver"",""y "",""lit"",""tle "",""t"",""ime.""]",28
1802,devtest,805,Visibility may also be restricted by falling or blowing snow or by condensation or ice on vehicle windows.,"[""V"",""isib"",""ilit"",""y "",""may "",""also "",""be "",""r es t"",""ric te d "",""by "",""fall"",""ing "",""or "",""blow"",""ing "",""snow"","" "",""or "",""by "",""cond en sat"",""ion"","" "",""or "",""ice "",""on "",""ve hi cle "",""win"",""dow"",""s.""]",29
1803,devtest,806,"On the other hand, icy and snowy conditions are normal in many countries, and traffic goes on mostly uninterrupted all year round.","[""On"","" "",""t"",""he "",""other "",""hand"","", "",""icy "",""and "",""snow"",""y "",""condit"",""ion"",""s "",""are "",""nor"",""mal "",""in "",""man"",""y "",""count"",""ri es, "",""and "",""t"",""raff"",""ic "",""go es  "",""on "",""most"",""ly "",""unin te r"",""ru p te d "",""all"","" "",""year"","" "",""round"","".""]",38
1804,devtest,807,Safaris are perhaps the greatest tourism draw in Africa and the highlight for many visitors.,"[""S"",""af"",""aris "",""are "",""perhaps "",""t"",""he "",""grea te st"","" "",""t"",""ourism"","" "",""draw "",""in "",""Afr"",""ica "",""and "",""t"",""he "",""hi ghl"",""ight"","" "",""for"","" "",""man"",""y "",""visit"",""ors.""]",28
1805,devtest,808,"The term safari in popular use refers to overland travel to view the stunning African wildlife, particularly on savanna.","[""T"",""he "",""te rm "",""safari "",""in "",""popul"",""ar "",""use "",""refer"",""s "",""t"",""o "",""over"",""l"",""and "",""t"",""ravel"","" "",""t"",""o "",""view "",""t"",""he "",""st"",""unning "",""Afr"",""ican"","" "",""wildl"",""ife, "",""part"",""icul"",""ar"",""l"",""y "",""on "",""savann"",""a.""]",38
1806,devtest,809,"Some animals, such as elephants and giraffes, tend to approach closely to cars and standard equipment will allow good viewing.","[""S"",""om"",""e "",""animal"",""s, "",""such "",""as "",""elephan"",""t"",""s "",""and "",""giraff"",""es, "",""te nd "",""t"",""o "",""appr"",""oach "",""close"",""l"",""y "",""t"",""o "",""car"",""s "",""and "",""st"",""andard"","" "",""equipm en t"","" "",""will"","" "",""all"",""ow "",""good"","" "",""view"",""ing.""]",39
1807,devtest,810,"Lions, cheetahs and leopards are sometimes shy and you will see them better with binoculars.","[""L"",""ion"",""s, "",""cheet"",""ahs "",""and "",""leop"",""ards "",""are "",""som"",""et"",""im es  "",""shy "",""and "",""you "",""will"","" "",""see"","" "",""t"",""hem "",""bet"",""te r "",""wit"",""h "",""binocul"",""ars.""]",27
1808,devtest,811,"A walking safari (also called a ""bush walk"", ""hiking safari"", or going ""footing"") consists of hiking, either for a few hours or several days.","[""A "",""walking "",""saf"",""ari "",""(also "",""call"",""ed "",""a "",""\"""",""bush "",""walk\"""","", "",""\"""",""hi king "",""saf"",""ari\"""","", "",""or"","" "",""going "",""\"""",""foot"",""ing\"""","")"","" "",""consist"",""s "",""of "",""hi king, "",""eit"",""her "",""for"","" "",""a "",""few "",""hours "",""or "",""sever"",""al "",""days.""]",40
1809,devtest,812,The Paralympics will take place from 24 August to 5 September 2021. Some events will be held in other locations throughout Japan.,"[""T"",""he "",""Paral"",""ymp"",""ics "",""will"","" "",""t"",""ake "",""place "",""from "",""24 "",""August"","" "",""t"",""o "",""5 "",""Sep te mber"","" "",""2021. "",""Som"",""e "",""ev en t"",""s "",""will"","" "",""be "",""hel"",""d "",""in "",""ot"",""her "",""location"",""s "",""t"",""hrough"",""out "",""Japan"","".""]",39
1810,devtest,813,"Tokyo will be the only Asian city to have hosted two summer Olympics, having hosted the games in 1964.","[""T"",""okyo "",""will"","" "",""be "",""t"",""he "",""only "",""Asian"","" "",""cit"",""y "",""t"",""o "",""have "",""hos te d "",""t"",""wo "",""summ"",""er "",""Olymp"",""ics, "",""having "",""hos te"",""d "",""t"",""he "",""gam es  "",""in "",""1964.""]",30
1811,devtest,814,"If you booked your flights and accommodation for 2020 before the postponement was announced, you may have a tricky situation.","[""If you "",""book"",""ed "",""your "",""flight"",""s "",""and "",""accomm"",""odation"","" "",""for"","" "",""2020 "",""befor"",""e "",""t"",""he "",""post"",""ponem en t"","" "",""was "",""ann"",""ounc"",""ed, "",""you "",""may "",""have "",""a "",""t"",""ricky "",""sit"",""uation"","".""]",33
1812,devtest,815,"Cancellation policies vary, but as of late March most coronavirus-based cancellation policies don't extend to July 2020, when the Olympics had been scheduled.","[""C"",""an"",""c"",""el"",""l"",""at"",""ion"","" "",""pol"",""ici es  "",""vary, "",""but"","" "",""as "",""of "",""la te  "",""Mar"",""ch "",""most"","" "",""cor"",""onavi ru s-"",""base"",""d "",""canc"",""el"",""l"",""at"",""ion"","" "",""pol"",""ici es  "",""don"",""'t"","" "",""ex te nd "",""t"",""o "",""Jul"",""y "",""2020, "",""wh en  "",""t"",""he "",""Olymp"",""ics "",""had "",""be en  "",""schedul"",""ed.""]",50
1813,devtest,816,"It's expected that most event tickets will cost between ¥2,500 and ¥130,000, with typical tickets costing around ¥7,000.","[""It"",""'s "",""expec te d "",""t"",""hat "",""most"","" "",""ev en t"","" "",""t"",""ickets "",""will"","" "",""cost"","" "",""bet"",""we en  "",""¥2,5"",""00 "",""and "","""",""130,0"",""00, "",""wit"",""h "",""t"",""ypical "",""t"",""ickets "",""cost"",""ing "",""around"","" "","""",""7,0"",""00.""]",36
1814,devtest,817,"Ironing damp clothes can help them dry. Many hotels have an iron and ironing board available for loan, even if one is not present in the room.","[""Ir"",""onin"",""g "",""damp "",""cloth es  "",""can "",""hel"",""p "",""t"",""hem "",""dry. "",""Man"",""y "",""ho te ls "",""have "",""an "",""iron "",""and "",""ironing "",""boar"",""d"","" "",""availab"",""le "",""for"","" "",""loan, "",""ev en  "",""if one "",""is "",""not"","" "",""pr es en t"","" "",""in "",""t"",""he "",""room.""]",38
1815,devtest,818,"If an iron isn't available, or if you don't fancy wearing ironed socks, then you can try using a hairdryer, if available.","[""If an "",""iron "",""isn't"","" "",""availab"",""le, "",""or"","" "",""if you "",""don't"","" "",""fancy "",""wearing "",""ironed "",""socks, "",""t"",""h en  "",""you "",""can "",""t"",""ry "",""using "",""a "",""hairdr"",""yer"","", "",""if availab"",""le.""]",28
1816,devtest,819,"Be careful not to allow fabric to become too hot (which can cause shrinkage, or in extreme cases, scorch).","[""B"",""e "",""car"",""ef"",""ul "",""not"","" "",""t"",""o "",""all"",""ow "",""fabric "",""t"",""o "",""become "",""t"",""oo "",""hot"","" "",""(w hi ch "",""can "",""cause"","" "",""shrin"",""kage, "",""or "",""in "",""ext"",""rem"",""e "",""cas es, "",""scorch)"","".""]",33
1817,devtest,820,"There are different ways of purifying water, some more effective against specific threats.","[""T"",""her"",""e "",""are "",""differ"",""en t"","" "",""ways "",""of "",""purifying "",""wa te r, "",""som"",""e "",""mor"",""e "",""effect"",""ive "",""against"","" "",""specific"","" "",""t"",""hreats.""]",23
1818,devtest,821,"In some areas boiling water for a minute is enough, in others several minutes are needed.","[""In "",""som"",""e "",""areas "",""boiling "",""wa te r "",""for"","" "",""a "",""min"",""u te  "",""is "",""en ough"","", "",""in "",""ot"",""hers "",""sever"",""al "",""min"",""u te s "",""are "",""needed.""]",23
1819,devtest,822,"Filters vary in effectiveness, and should you have a concern, then you should consider buying your water in a sealed bottle from a reputable company.","[""F"",""il te r"",""s "",""vary "",""in "",""effect"",""iv en es s"","", "",""and "",""should"","" "",""you "",""have "",""a "",""conc"",""er"",""n, "",""t"",""h en  "",""you "",""should"","" "",""consider"","" "",""buying "",""your "",""wa te r "",""in "",""a "",""sealed "",""bot"",""tle "",""from "",""a "",""reputab"",""le "",""comp"",""any.""]",38
1820,devtest,823,Travellers may encounter animal pests that they are not familiar with in their home regions.,"[""T"",""ravel"",""l"",""ers "",""may "",""en coun te r"","" "",""animal "",""p es t"",""s "",""t"",""hat "",""t"",""hey "",""are "",""not"","" "",""famil"",""iar "",""wit"",""h "",""in "",""t"",""heir "",""hom"",""e "",""region"",""s.""]",28
1821,devtest,824,"Pests can spoil food, cause irritation, or in a worse case cause allergic reactions, spread venom, or transmit infections.","[""P"",""es t"",""s "",""can "",""spoil "",""food, "",""cause"","" "",""irr"",""it"",""ation"","", "",""or"","" "",""in "",""a "",""wor"",""se "",""case "",""cause"","" "",""all"",""ergic "",""react"",""ions, "",""spread"","" "",""v en om, "",""or"","" "",""t"",""ransm"",""it"","" "",""infect"",""ions.""]",36
1822,devtest,825,"Infectious diseases themselves, or dangerous animals that can injure or kill people by force, do not usually qualify as pests.","[""Infect"",""ious "",""diseas es  "",""t"",""hemsel"",""v es, "",""or"","" "",""dangerou"",""s "",""animal"",""s "",""t"",""hat "",""can "",""injure "",""or "",""kill "",""people "",""by "",""for"",""ce, "",""do not"","" "",""usuall"",""y "",""qualify "",""as "",""p es t"",""s.""]",30
1823,devtest,826,Duty free shopping is the opportunity to buy goods exempted from taxes and excises at certain locations.,"[""D"",""ut"",""y "",""free "",""shoppin"",""g "",""is "",""t"",""he "",""opport"",""unit"",""y "",""t"",""o "",""buy "",""goods "",""exemp te d "",""from "",""t"",""ax es  "",""and "",""exc"",""is es  "",""at"","" "",""cer"",""t"",""ain "",""location"",""s.""]",30
1824,devtest,827,"Travellers bound for countries with heavy taxation can sometimes save a considerable amount of money, especially on products such as alcoholic beverages and tobacco.","[""T"",""ravel"",""l"",""ers "",""bound"","" "",""for"","" "",""count"",""ri es  "",""wit"",""h "",""heavy "",""t"",""axation"","" "",""can "",""som"",""et"",""im es  "",""save "",""a "",""consider"",""ab"",""le "",""amount"","" "",""of "",""mon"",""ey, "",""es pecial"",""l"",""y "",""on "",""produc"",""t"",""s "",""such "",""as "",""alcohol"",""ic "",""bever"",""ag"",""es  "",""and "",""t"",""obacco.""]",47
1825,devtest,828,"The stretch between Point Marion and Fairmont presents the most challenging driving conditions on the Buffalo-Pittsburgh Highway, passing frequently through isolated backwoods terrain.","[""T"",""he "",""st"",""ret"",""ch "",""bet"",""we en  "",""Point"","" "",""Mar"",""ion"","" "",""and "",""Fairmon"",""t"","" "",""pr es en t"",""s "",""t"",""he "",""most"","" "",""chall"",""en ging "",""driving "",""condit"",""ion"",""s "",""on "",""t"",""he "",""Buffalo-"",""Pit"",""tsb"",""ur"",""gh"","" "",""Highw"",""ay, "",""pass"",""in"",""g "",""fr"",""equ en t"",""ly "",""t"",""hrough"","" "",""isol"",""a te d "",""back"",""w"",""oods "",""te rr"",""ain.""]",55
1826,devtest,829,"If you're not used to driving on country roads, keep your wits about you: steep grades, narrow lanes, and sharp curves predominate.","[""If you'"",""re "",""not"","" "",""used "",""t"",""o "",""driving "",""on "",""count"",""ry "",""roads, "",""keep "",""your "",""wit"",""s "",""about"","" "",""you: "",""s te ep "",""grad"",""es, "",""narr"",""ow"","" "",""lan es, "",""and "",""sharp "",""cur"",""v es  "",""pred"",""om"",""in"",""a te.""]",34
1827,devtest,830,Posted speed limits are noticeably lower than in previous and subsequent sections — commonly 35-40 mph (56-64 km/h) — and strict obedience to them is even more important than otherwise.,"[""P"",""os te"",""d"","" "",""speed"","" "",""limit"",""s "",""are "",""not"",""iceab"",""ly "",""lower "",""t"",""han "",""in "",""previous "",""and "",""sub"",""sequ"",""en t"","" "",""sect"",""ions "",""—"","" "",""comm"",""onl"",""y "",""35-"",""40 "",""mph "",""(56-"",""64 "",""km/"",""h)"","" "",""—"","" "",""and "",""st"",""rict "",""obedi en c"",""e "",""t"",""o "",""t"",""hem "",""is "",""ev en  "",""mor"",""e "",""import"",""ant "",""t"",""han "",""ot"",""herw"",""ise.""]",59
1828,devtest,831,"Curiously, though, mobile phone service is much stronger here than along many other stretches of the route, e.g. the Pennsylvania Wilds.","[""C"",""u"",""r"",""iou"",""sl"",""y, "",""t"",""hough"","", "",""mobile "",""phon"",""e "",""ser"",""vice "",""is "",""much"","" "",""st"",""ronger "",""her"",""e "",""t"",""han "",""along "",""man"",""y "",""ot"",""her "",""st"",""ret"",""ch es  "",""of "",""t"",""he "",""rou te, "",""e.g"","". "",""t"",""he "",""P en n"",""sylvan"",""ia "",""Wilds.""]",43
1829,devtest,832,"German pastries are quite good, and in Bavaria, are quite rich and varied, similar to those of their southern neighbor, Austria.","[""G"",""er"",""man"","" "",""past"",""ri es  "",""are "",""qui te  "",""good"","", "",""and "",""in "",""Bavaria, "",""are "",""qui te  "",""rich "",""and "",""varied"","", "",""sim"",""il"",""ar "",""t"",""o "",""t"",""hose "",""of "",""t"",""heir "",""sout"",""hern "",""neighb"",""or"","", "",""Aust"",""ria.""]",36
1830,devtest,833,"Fruit pastries are common, with apples cooked into pastries year round, and cherries and plums making their appearances during the summer.","[""F"",""ru it"","" "",""past"",""ri es  "",""are "",""comm"",""on, "",""wit"",""h "",""appl"",""es  "",""cooked "",""int"",""o "",""past"",""ri es  "",""year"","" "",""round"","", "",""and "",""cher"",""ri es  "",""and "",""plums "",""making "",""t"",""heir "",""appearan"",""c"",""es  "",""during "",""t"",""he "",""summ"",""er"","".""]",38
1831,devtest,834,"Many German baked goods also feature almonds, hazelnuts, and other tree nuts. Popular cakes often pair particularly well with a cup of strong coffee.","[""M"",""an"",""y "",""Ger"",""man"","" "",""baked "",""good"",""s "",""also "",""feat"",""ure "",""almon"",""ds, "",""hazel"",""nut"",""s, "",""and "",""ot"",""her "",""t"",""ree "",""nut"",""s. "",""Popul"",""ar "",""cak es  "",""of te n "",""pair "",""part"",""icul"",""ar"",""l"",""y "",""well"","" "",""wit"",""h "",""a "",""cup "",""of "",""st"",""rong "",""coff"",""ee.""]",45
1832,devtest,835,"If you want some small though rich pastries, try what depending on region are called Berliner, Pfannkuchen or Krapfen.","[""If you "",""want"","" "",""som"",""e "",""small"","" "",""t"",""hough"","" "",""rich "",""past"",""ri es, "",""t"",""ry "",""what "",""dep en ding "",""on "",""region"","" "",""are "",""call"",""ed "",""Ber"",""liner"","", "",""Pfan"",""n"",""kuch"",""en  "",""or "",""Krapf"",""en.""]",33
1833,devtest,836,"A curry is a dish based on herbs and spices, together with either meat or vegetables.","[""A "",""cur"",""ry "",""is "",""a "",""dish "",""base"",""d "",""on "",""her"",""bs "",""and "",""spic es, "",""t"",""ogether"","" "",""wit"",""h "",""eit"",""her "",""meat"","" "",""or "",""vegetabl es.""]",24
1834,devtest,837,"A curry can be either ""dry"" or ""wet"" depending on the amount of liquid.","[""A "",""cur"",""ry "",""can "",""be "",""eit"",""her "",""\""dry\"""","" "",""or "",""\"""",""wet"",""\"" "",""dep en ding "",""on "",""t"",""he "",""amount"","" "",""of "",""liquid"","".""]",22
1835,devtest,838,"In inland regions of Northern India and Pakistan, yogurt is commonly used in curries; in Southern India and some other coastal regions of the subcontinent, coconut milk is commonly used.","[""In "",""inl"",""and "",""region"",""s "",""of "",""Nor"",""t"",""hern "",""India "",""and "",""Pakist"",""an, "",""yogurt"","" "",""is "",""comm"",""onl"",""y "",""used "",""in "",""cur"",""ri es ; "",""in "",""Sout"",""her"",""n "",""India "",""and "",""som"",""e "",""ot"",""her "",""coast"",""al "",""region"",""s "",""of "",""t"",""he "",""sub"",""cont"",""in en t"","", "",""coconut"","" "",""mil"",""k "",""is "",""comm"",""only "",""used.""]",52
1836,devtest,839,"With 17,000 islands to choose from, Indonesian food is an umbrella term covering a vast variety of regional cuisines found across the nation.","[""W"",""it"",""h "",""17,0"",""00 "",""isl"",""ands"","" "",""t"",""o "",""choose"","" "",""from, "",""Indon"",""es i"",""an"","" "",""food"","" "",""is "",""an "",""umbr"",""el"",""l"",""a "",""te rm "",""cover"",""ing "",""a "",""vast"","" "",""variet"",""y "",""of "",""region"",""al "",""cuisin es  "",""found"","" "",""acr"",""oss "",""t"",""he "",""nat"",""ion"","".""]",46
1837,devtest,840,"But, if used without further qualifiers, the term tends to mean the food originally from the central and eastern parts of the main island Java.","[""B"",""u"",""t"","", "",""if used "",""wit"",""hout "",""fur"",""t"",""her "",""qualifier"",""s, "",""t"",""he "",""te rm "",""te nds "",""t"",""o "",""mean "",""t"",""he "",""food "",""origin"",""all"",""y "",""from "",""t"",""he "",""c en t"",""ral "",""and "",""eas te r"",""n "",""part"",""s "",""of "",""t"",""he "",""main "",""isl"",""and "",""Java.""]",42
1838,devtest,841,"Now widely available throughout the archipelago, Javanese cuisine features an array of simply seasoned dishes, the predominant flavorings the Javanese favor being peanuts, chillies, sugar (especially Javanese coconut sugar) and various aromatic spices.","[""N"",""ow"","" "",""widel"",""y "",""availab"",""le "",""t"",""hrough"",""out"","" "",""t"",""he "",""arc hi"",""pel"",""ago, "",""Javan es e"","" "",""cuisine "",""feat"",""ur es  "",""an "",""arr"",""ay "",""of "",""sim"",""ply "",""season"",""ed "",""dish es, "",""t"",""he "",""pred"",""om"",""in"",""ant"","" "",""flavor"",""ings "",""t"",""he "",""Javan es e"","" "",""favor"","" "",""being "",""pean"",""ut"",""s, "",""c hi ll"",""i es, "",""sugar "",""( es pecial"",""l"",""y "",""Javan es e"","" "",""coconut"","" "",""sugar)"","" "",""and "",""various "",""aromat"",""ic "",""spic es.""]",66
1839,devtest,842,Stirrups are supports for the rider's feet that hang down on either side of the saddle.,"[""S"",""t"",""ir ru ps "",""are "",""support"",""s "",""for"","" "",""t"",""he "",""rider"",""'"",""s "",""feet"","" "",""t"",""hat "",""hang "",""down"","" "",""on "",""eit"",""her "",""side "",""of "",""t"",""he "",""sadd"",""l"",""e.""]",30
1840,devtest,843,They provide greater stability for the rider but can have safety concerns due to the potential for a rider's feet to get stuck in them.,"[""T"",""hey "",""prov"",""id"",""e "",""grea te r "",""st"",""abilit"",""y "",""for"","" "",""t"",""he "",""rider"","" "",""but"","" "",""can "",""have "",""safet"",""y "",""conc"",""er"",""ns "",""due "",""t"",""o "",""t"",""he "",""po te nt"",""ial "",""for"","" "",""a "",""rider"",""'"",""s "",""feet"","" "",""t"",""o "",""get "",""st"",""uck "",""in "",""t"",""hem.""]",47
1841,devtest,844,"If a rider is thrown from a horse but has a foot caught in the stirrup, they could be dragged if the horse runs away. To minimize this risk, a number of safety precautions can be taken.","[""If a "",""rider"","" "",""is "",""t"",""hrown "",""from "",""a "",""hor"",""se "",""but"","" "",""has "",""a "",""foot"","" "",""caught"","" "",""in "",""t"",""he "",""st"",""ir ru p, "",""t"",""hey "",""could"","" "",""be "",""dragged "",""if t"",""he "",""hor"",""se "",""ru ns "",""away. "",""T"",""o min"",""imize "",""t"",""hi s "",""risk, "",""a "",""number"","" "",""of "",""safet"",""y "",""precaut"",""ion"",""s "",""can "",""be "",""t"",""ak en.""]",54
1842,devtest,845,"First, most riders wear riding boots with a heel and a smooth, quite narrow, sole.","[""F"",""ir"",""st"","", "",""most"","" "",""rider"",""s "",""wear "",""ridin"",""g "",""boot"",""s "",""wit"",""h "",""a "",""heel"","" "",""and "",""a "",""smoot"",""h, "",""qui te  "",""narrow, "",""sol"",""e.""]",26
1843,devtest,846,"Next, some saddles, particularly English saddles, have safety bars that allow a stirrup leather to fall off the saddle if pulled backwards by a falling rider.","[""N"",""ext"","", "",""som"",""e "",""sadd"",""l"",""es, "",""part"",""icul"",""ar"",""l"",""y "",""Engl"",""ish "",""sadd"",""l"",""es, "",""have "",""safet"",""y "",""bar"",""s "",""t"",""hat "",""all"",""ow "",""a "",""st"",""ir ru p "",""leat"",""her"","" "",""t"",""o "",""fall"","" "",""off"","" "",""t"",""he "",""sadd"",""l"",""e "",""if pull"",""ed "",""back"",""w"",""ards "",""by "",""a "",""fall"",""ing "",""rider"","".""]",55
1844,devtest,847,"Cochamó Valley - Chile's premier climbing destination, known as the Yosemite of South America, with a variety of granite big walls and crags.","[""C"",""oc"",""h"",""am"",""ó "",""Val"",""l"",""ey "",""- "",""C hi le'"",""s "",""prem"",""ier"","" "",""climbing "",""d es t"",""ination"","", "",""know"",""n"","" "",""as "",""t"",""he "",""Yosem"",""i te  "",""of "",""Sout"",""h "",""Amer"",""ica, "",""wit"",""h "",""a "",""variet"",""y "",""of "",""grani te  "",""big "",""wall"",""s "",""and "",""crag"",""s.""]",44
1845,devtest,848,Summits include breath-taking views from peaks. Climbers from all parts of the world are continually establishing new routes amongst its endless potential of walls.,"[""S"",""um"",""m"",""it"",""s "",""incl"",""ude "",""breat"",""h-"",""t"",""aking "",""view"",""s "",""from "",""peaks. "",""Climber"",""s "",""from "",""all"","" "",""part"",""s "",""of "",""t"",""he "",""wor"",""ld "",""are "",""cont"",""inuall"",""y "",""es t"",""ablis hi ng "",""new "",""rou te s "",""amon"",""gst"","" "",""its "",""en dl es s "",""po te nt"",""ial "",""of "",""wall"",""s.""]",45
1846,devtest,849,"Downhill snowsports, which include skiing and snowboarding, are popular sports involving sliding down snow-covered terrain with skis or a snowboard attached to your feet.","[""D"",""ow"",""n"",""hi"",""ll"","" "",""snow"",""sport"",""s, "",""w hi ch "",""incl"",""ude "",""skiing "",""and "",""snow"",""b"",""oar"",""d"",""in"",""g, "",""are "",""popul"",""ar "",""sport"",""s "",""invol"",""ving "",""slid"",""in"",""g "",""down"","" "",""snow"",""-"",""cover"",""ed "",""te rr"",""ain "",""wit"",""h "",""skis "",""or "",""a "",""snowb"",""oard"","" "",""at"",""t"",""ached "",""t"",""o "",""your "",""feet"","".""]",54
1847,devtest,850,"Skiing is a major travelling activity with many enthusiasts, occasionally known as ""ski bums,"" planning entire vacations around skiing at a particular location.","[""S"",""kiing "",""is "",""a "",""major"","" "",""t"",""ravel"",""l"",""ing "",""act"",""ivity "",""wit"",""h "",""man"",""y "",""en t"",""husiast"",""s, "",""occasion"",""all"",""y "",""known "",""as "",""\"""",""ski "",""bums,\"""","" "",""plan"",""n"",""ing "",""en t"",""ire "",""vacation"",""s "",""around"","" "",""skiing "",""at"","" "",""a "",""part"",""icul"",""ar "",""location"","".""]",46
1848,devtest,851,The idea of skiing is very old — cave paintings depicting skiers date back as far as 5000 BC!,"[""T"",""he "",""idea "",""of "",""skiing "",""is "",""ver"",""y "",""old "",""—"","" "",""cave "",""paint"",""ings "",""depicting "",""skiers "",""da te  "",""back"","" "",""as "",""far"","" "",""as "",""5000 "",""BC!""]",25
1849,devtest,852,"Downhill skiing as a sport goes back to at least the 17th century, and in 1861 the first recreational ski club was opened by Norwegians in Australia.","[""D"",""ow"",""n"",""hi"",""ll"","" "",""skiing "",""as "",""a "",""sport"","" "",""go es  "",""back"","" "",""t"",""o "",""at"","" "",""least"","" "",""t"",""he "",""17t"",""h "",""c en t"",""ury, "",""and "",""in "",""1861 "",""t"",""he "",""first"","" "",""recr"",""eat"",""ion"",""al "",""ski "",""club "",""was "",""op en ed "",""by "",""Nor"",""wegian"",""s "",""in "",""Aust"",""ralia.""]",48
1850,devtest,853,"Backpacking by ski: This activity is also called backcountry ski, ski touring or ski hiking.","[""B"",""ack"",""pack"",""ing "",""by "",""ski: "",""T"",""hi s "",""act"",""ivity "",""is "",""also "",""call"",""ed "",""back"",""count"",""ry "",""ski, "",""ski "",""t"",""ouring "",""or "",""ski "",""hi king.""]",24
1851,devtest,854,"It is related to but usually not involving alpine style ski touring or mountaineering, the latter ones done in steep terrain and requiring much stiffer skis and boots.","[""It"","" "",""is "",""rel"",""a te d "",""t"",""o "",""but"","" "",""usuall"",""y "",""not"","" "",""invol"",""ving "",""alpine "",""st"",""yle "",""ski "",""t"",""ouring "",""or "",""mount"",""aineer"",""ing, "",""t"",""he "",""lat"",""te r "",""on es  "",""done "",""in "",""s te ep "",""te rr"",""ain "",""and "",""requir"",""ing "",""much"","" "",""st"",""iffer "",""skis "",""and "",""boot"",""s.""]",46
1852,devtest,855,Think of the skiing route as of a similar hiking route.,"[""T"",""hi nk "",""of "",""t"",""he "",""skiing "",""rou te  "",""as "",""of "",""a "",""sim"",""ilar "",""hi king "",""rou te.""]",14
1853,devtest,856,In good conditions you will be able to cover somewhat greater distances than walking – but only very seldom you will get the speeds of cross country skiing without a heavy backpack in groomed tracks.,"[""In "",""good"","" "",""condit"",""ion"",""s "",""you "",""will"","" "",""be "",""able "",""t"",""o "",""cover"","" "",""som"",""ew"",""hat "",""grea te r "",""dist"",""anc es  "",""t"",""han "",""walking "",""–"","" "",""but"","" "",""only "",""ver"",""y "",""sel"",""dom "",""you "",""will"","" "",""get "",""t"",""he "",""speeds "",""of "",""cross "",""count"",""ry "",""skiing "",""wit"",""hout "",""a "",""heavy "",""back"",""pack"","" "",""in "",""groom"",""ed"","" "",""t"",""racks.""]",58
1854,devtest,857,"Europe is a continent that is relatively small but with many independent countries. Under normal circumstances, travelling through multiple countries would mean having to go through visa applications and passport control multiple times.","[""E"",""ur"",""op"",""e "",""is "",""a "",""cont"",""in en t"","" "",""t"",""hat "",""is "",""rel"",""at"",""ivel"",""y "",""small"","" "",""but"","" "",""wit"",""h "",""man"",""y "",""indep en d en t"","" "",""count"",""ri es. "",""Under"","" "",""nor"",""mal "",""circu"",""mst"",""anc es, "",""t"",""ravel"",""l"",""ing "",""t"",""hrough"","" "",""mul"",""t"",""iple "",""count"",""ri es  "",""would"","" "",""mean "",""having "",""t"",""o "",""go "",""t"",""hrough"","" "",""visa "",""appl"",""icat"",""ion"",""s "",""and "",""pass"",""p"",""ort"","" "",""cont"",""rol "",""mul"",""t"",""iple "",""t"",""im es.""]",74
1855,devtest,858,"The Schengen zone, however, works somewhat like one country in this respect.","[""T"",""he "",""Sch en g en"","" "",""zone, "",""how"",""ever"","", "",""wor"",""ks "",""som"",""ew"",""hat"","" "",""like "",""one "",""count"",""ry "",""in "",""t"",""hi s "",""r es pect"","".""]",23
1856,devtest,859,"As long as you stay in this zone, you can generally cross borders without going through passport control checkpoints again.","[""As"","" lon"",""g "",""as "",""you "",""st"",""ay "",""in "",""t"",""hi s "",""zone, "",""you "",""can "",""g en er"",""all"",""y "",""cross "",""bor"",""der"",""s "",""wit"",""hout "",""going "",""t"",""hrough"","" "",""pass"",""p"",""ort"","" "",""cont"",""rol "",""checkpoint"",""s "",""again.""]",35
1857,devtest,860,"Similarly, by having a Schengen visa, you do not need to apply for visas to each of the Schengen member countries separately, hence saving time, money and paperwork.","[""S"",""im"",""il"",""arl"",""y, "",""by "",""having "",""a "",""Sch en g"",""en"","" "",""visa, "",""you "",""do "",""not"","" "",""need "",""t"",""o "",""appl"",""y "",""for"","" "",""visas "",""t"",""o "",""each "",""of "",""t"",""he "",""Sch en g en  "",""member"","" "",""count"",""ri es  "",""separa te l"",""y, "",""h en ce "",""saving "",""t"",""ime, "",""mon"",""ey "",""and "",""paper"",""w"",""or"",""k.""]",48
1858,devtest,861,There is no universal definition for which manufactured items are antiques. Some tax agencies define goods older than 100 years as antiques.,"[""T"",""her"",""e "",""is "",""no "",""univer"",""sal "",""defin"",""it"",""ion"","" "",""for"","" "",""w hi ch "",""man"",""uf"",""act"",""ured "",""i te ms "",""are "",""ant"",""iqu es. "",""Som"",""e "",""t"",""ax "",""ag en ci es  "",""defin"",""e "",""good"",""s "",""older"","" "",""t"",""han "",""100 "",""year"",""s "",""as "",""ant"",""iqu es.""]",41
1859,devtest,862,"The definition has geographic variations, where the age limit might be shorter in places such as North America than in Europe.","[""T"",""he "",""defin"",""it"",""ion"","" "",""has "",""geograp hi"",""c "",""variation"",""s, "",""wher"",""e "",""t"",""he "",""age "",""limit "",""might"","" "",""be "",""shor te r "",""in "",""plac es  "",""such "",""as "",""Nor"",""t"",""h "",""Amer"",""ica "",""t"",""han "",""in "",""Europ"",""e.""]",35
1860,devtest,863,"Handicraft products might be defined as antiques, though they are younger than similar mass-produced goods.","[""H"",""an"",""d"",""icr"",""af"",""t"","" "",""produc"",""t"",""s "",""might"","" "",""be "",""defin"",""ed "",""as "",""ant"",""iqu es, "",""t"",""hough"","" "",""t"",""hey "",""are "",""younger"","" "",""t"",""han "",""sim"",""il"",""ar "",""mass"",""-"",""produc"",""ed "",""good"",""s.""]",37
1861,devtest,864,Reindeer husbandry is an important livelihood among the Sámi and the culture surrounding the trade is important also for many with other professions.,"[""R"",""eindeer"","" "",""husbandr"",""y "",""is "",""an "",""import"",""ant "",""livel"",""ihood"","" "",""amon"",""g "",""t"",""he "",""Sámi "",""and "",""t"",""he "",""cult"",""ure "",""sur"",""round"",""in"",""g "",""t"",""he "",""t"",""rade "",""is "",""import"",""ant "",""also "",""for"","" "",""man"",""y "",""wit"",""h "",""other "",""prof es sion"",""s.""]",43
1862,devtest,865,"Even traditionally, though, not all Sámi have been involved in big scale reindeer husbandry, but lived from fishing, hunting and similar, having reindeer mostly as draft animals.","[""E"",""v"",""en  "",""t"",""radition"",""all"",""y, "",""t"",""hough"","", "",""not"","" "",""all"","" "",""Sámi "",""have "",""be en  "",""invol"",""ved "",""in "",""big "",""scale "",""reindeer"","" "",""husbandr"",""y, "",""but"","" "",""lived "",""fr"",""om "",""fis hi ng, "",""hunt"",""ing "",""and "",""sim"",""il"",""ar, "",""having "",""reindeer"","" "",""most"",""ly "",""as "",""draft"","" "",""animals.""]",47
1863,devtest,866,"Today many Sámi work in modern trades. Tourism is an important income in Sápmi, the Sámi area.","[""T"",""oday "",""man"",""y "",""Sámi "",""wor"",""k "",""in "",""moder"",""n "",""t"",""rad es. "",""T"",""ourism"","" "",""is "",""an "",""import"",""ant "",""income "",""in "",""Sápmi, "",""t"",""he "",""Sámi "",""area.""]",26
1864,devtest,867,"Though it is widely used, especially among non-Romani, the word ""Gypsy"" is often considered offensive because of its associations with negative stereotypes and inaccurate perceptions of Romani people.","[""T"",""hough"","" "",""it "",""is "",""widel"",""y "",""used, "",""es pecial"",""l"",""y "",""amon"",""g "",""non-"",""Roman"",""i, "",""t"",""he "",""wor"",""d "",""\"""",""Gypsy\"""","" "",""is "",""of te n "",""consider"",""ed "",""off"",""en siv"",""e "",""because"","" "",""of "",""its "",""ass"",""ociat"",""ion"",""s "",""wit"",""h "",""negat"",""ive "",""s te r"",""eot"",""yp es  "",""and "",""inaccur"",""a te  "",""percept"",""ion"",""s "",""of "",""Roman"",""i "",""people.""]",55
1865,devtest,868,"If the country you will be visiting becomes subject to a travel advisory, your travel health insurance or your trip cancellation insurance may be affected.","[""If t"",""he "",""count"",""ry "",""you "",""will"","" "",""be "",""visit"",""ing "",""becom es  "",""sub"",""ject"","" "",""t"",""o "",""a "",""t"",""ravel"","" "",""adv"",""isor"",""y, "",""your "",""t"",""ravel"","" "",""healt"",""h "",""insu"",""r"",""ance "",""or "",""your "",""t"",""rip "",""canc"",""ell"",""at"",""ion"","" "",""insu"",""r"",""ance "",""may "",""be "",""aff"",""ec te d.""]",48
1866,devtest,869,"You may also wish to consult the advice of governments other than your own, but their advice is designed for their citizens.","[""Y"",""ou "",""may "",""also "",""wish "",""t"",""o "",""consu"",""lt"","" "",""t"",""he "",""adv"",""ice "",""of "",""governm en t"",""s "",""ot"",""her "",""t"",""han "",""your "",""own, "",""but"","" "",""t"",""heir "",""adv"",""ice "",""is "",""d es ign"",""ed "",""for"","" "",""t"",""heir "",""cit"",""iz en s.""]",38
1867,devtest,870,"As one example, American citizens in the Middle East might face different situations from Europeans or Arabs.","[""As"","" one "",""exampl"",""e, "",""Amer"",""ican"","" "",""cit"",""iz en s"","" "",""in "",""t"",""he "",""Mid"",""dl"",""e "",""East"","" "",""might"","" "",""face "",""differ"",""en t"","" "",""sit"",""uation"",""s "",""from "",""Europ"",""ean"",""s "",""or "",""Arabs.""]",33
1868,devtest,871,Advisories are merely a brief summary of the political situation in one country.,"[""Ad"",""v"",""isor"",""i es  "",""are "",""mer"",""el"",""y "",""a "",""brief "",""summ"",""ary "",""of "",""t"",""he "",""pol"",""itical "",""sit"",""uation"","" "",""in "",""one "",""count"",""ry.""]",24
1869,devtest,872,"The views presented are often cursory, general and oversimplified compared to the more detailed information available elsewhere.","[""T"",""he "",""views "",""pr es en te d "",""are "",""of te n "",""cur"",""sory, "",""g en er"",""al "",""and "",""over"",""sim"",""plified"","" "",""comp"",""ared "",""t"",""o "",""t"",""he "",""mor"",""e "",""det"",""ailed "",""infor"",""mat"",""ion"","" "",""availab"",""le "",""elsewher"",""e.""]",33
1870,devtest,873,"Severe weather is the generic term for any dangerous weather phenomenon with the potential to cause damage, serious social disruption, or loss of human life.","[""S"",""e"",""v"",""er"",""e "",""weat"",""her"","" "",""is "",""t"",""he "",""g en er"",""ic "",""te rm "",""for"","" "",""any "",""dangerou"",""s "",""weat"",""her "",""ph en om"",""en on"","" "",""wit"",""h "",""t"",""he "",""po te nt"",""ial "",""t"",""o "",""cause"","" "",""damag"",""e, "",""ser"",""ious "",""social"","" "",""dis ru pt"",""ion"","", "",""or "",""loss "",""of "",""hum"",""an"","" "",""life.""]",50
1871,devtest,874,"Severe weather can occur anywhere in the world, and there are different types of it, which can depend on geography, topography, and atmospheric conditions.","[""S"",""e"",""v"",""er"",""e "",""weat"",""her"","" "",""can "",""occur"","" "",""anywher"",""e "",""in "",""t"",""he "",""wor"",""ld, "",""and "",""t"",""here "",""are "",""differ"",""en t"","" "",""t"",""yp es  "",""of "",""it, "",""w hi ch "",""can "",""dep en d "",""on "",""geograph"",""y, "",""t"",""opograph"",""y, "",""and "",""at"",""mosph"",""er"",""ic "",""condit"",""ion"",""s.""]",46
1872,devtest,875,"High winds, hail, excessive precipitation, and wildfires are forms and effects of severe weather, as are thunderstorms, tornadoes, waterspouts, and cyclones.","[""H"",""ig"",""h "",""win"",""ds, "",""hail, "",""exc"",""es siv"",""e "",""preci"",""p"",""it"",""ation"","", "",""and "",""wildfir"",""es  "",""are "",""for"",""ms "",""and "",""effect"",""s "",""of "",""sever"",""e "",""weat"",""her"","", "",""as "",""are "",""t"",""hunder"",""st"",""orms, "",""t"",""ornado es, "",""wa te rspout"",""s, "",""and "",""cycl"",""on"",""es.""]",43
1873,devtest,876,"Regional and seasonal severe weather phenomena include blizzards, snowstorms, ice storms, and dust storms.","[""R"",""eg"",""ion"",""al "",""and "",""season"",""al "",""sever"",""e "",""weat"",""her"","" "",""ph en om"",""en a "",""incl"",""ude "",""blizz"",""ar"",""d"",""s, "",""snow"",""st"",""orms, "",""ice "",""st"",""orms, "",""and "",""dust"","" "",""st"",""orms.""]",31
1874,devtest,877,Travellers are strongly advised to be aware of any risk of severe weather affecting their area as they may affect any travel plans.,"[""T"",""ravel"",""l"",""ers "",""are "",""st"",""rongl"",""y "",""adv"",""ised "",""t"",""o "",""be "",""awar"",""e "",""of "",""any "",""risk "",""of "",""sever"",""e "",""weat"",""her "",""aff"",""ect"",""ing "",""t"",""heir "",""area "",""as "",""t"",""hey "",""may "",""aff"",""ect"","" "",""any "",""t"",""ravel"","" "",""plan"",""s.""]",42
1875,devtest,878,Anyone planning a visit to a country that could be considered a war zone should get professional training.,"[""An"",""yon"",""e "",""plan"",""n"",""ing "",""a "",""visit"","" "",""t"",""o "",""a "",""count"",""ry "",""t"",""hat "",""could"","" "",""be "",""consider"",""ed "",""a "",""war"","" "",""zone "",""should"","" "",""get "",""prof es sion"",""al "",""t"",""raining.""]",32
1876,devtest,879,A search of the Internet for 'Hostile environment course' will probably provide the address of a local company.,"[""A "",""search"","" "",""of "",""t"",""he "",""In te r"",""net"","" "",""for"","" "",""'Host"",""ile "",""en vironm en t"","" "",""cour"",""se'"","" "",""will"","" "",""probab"",""ly "",""prov"",""id"",""e "",""t"",""he "",""addr"",""es s "",""of "",""a "",""local"","" "",""comp"",""any.""]",35
1877,devtest,880,"A course will normally cover all the issues discussed here in far greater detail, usually with practical experience.","[""A "",""cour"",""se "",""will"","" "",""nor"",""mall"",""y "",""cover"","" "",""all"","" "",""t"",""he "",""iss"",""u es  "",""disc"",""uss"",""ed "",""her"",""e "",""in "",""far"","" "",""grea te r "",""det"",""ail, "",""usuall"",""y "",""wit"",""h "",""pract"",""ical "",""exper"",""i en c"",""e.""]",36
1878,devtest,881,"A course will normally be from 2-5 days and will involve role play, a lot of first aid and sometimes weapons training.","[""A "",""cour"",""se "",""will"","" "",""nor"",""mall"",""y "",""be "",""from "",""2-"",""5 "",""days "",""and "",""will"","" "",""invol"",""ve "",""role "",""play, "",""a "",""lot "",""of "",""first"","" "",""aid "",""and "",""som"",""et"",""im es  "",""weap"",""on"",""s "",""t"",""raining.""]",35
1879,devtest,882,"Books and magazines dealing with wilderness survival are common, but publications dealing with war zones are few.","[""B"",""oo"",""k"",""s "",""and "",""mag"",""azin es  "",""dealing "",""wit"",""h "",""wilder"",""n es s"","" "",""sur"",""v"",""iv"",""al "",""are "",""comm"",""on, "",""but"","" "",""public"",""at"",""ion"",""s "",""dealing "",""wit"",""h "",""war"","" "",""zon es  "",""are "",""few.""]",34
1880,devtest,883,Voyagers planning sex reassignment surgery abroad must ensure they're carrying valid documents for the return trip.,"[""V"",""oyag"",""er"",""s "",""plan"",""n"",""ing "",""sex "",""reass"",""ig"",""n"",""m en t"","" "",""sur"",""ger"",""y "",""abroad "",""must"","" "",""en sure "",""t"",""hey'"",""re "",""car"",""rying "",""val"",""id "",""docum en t"",""s "",""for"","" "",""t"",""he "",""ret"",""urn "",""t"",""rip.""]",37
1881,devtest,884,The willingness of governments to issue passports with gender not stated (X) or documents updated to match a desired name and gender varies.,"[""T"",""he "",""will"",""ingn"",""es s"","" "",""of "",""governm en t"",""s "",""t"",""o "",""iss"",""ue "",""pass"",""p"",""ort"",""s "",""wit"",""h "",""g en der "",""not"","" "",""st"",""a te d "",""(X)"","" "",""or "",""docum en t"",""s "",""upda te d "",""t"",""o "",""mat"",""ch "",""a "",""d es ired "",""name "",""and "",""g en der "",""vari es.""]",40
1882,devtest,885,Willingness of foreign governments to honour these documents is just as widely variable.,"[""W"",""il"",""l"",""in"",""gn"",""es s"","" "",""of "",""for"",""eign"","" "",""gover"",""nm en t"",""s "",""t"",""o "",""hon"",""our "",""t"",""h es e "",""docum en t"",""s "",""is "",""just"","" "",""as "",""widel"",""y "",""variab"",""le.""]",30
1883,devtest,886,"Searches at security checkpoints have also become far more intrusive in the post-September 11, 2001 era.","[""S"",""e"",""ar"",""ch"",""es  "",""at"","" "",""securit"",""y "",""checkpoint"",""s "",""have "",""also "",""become "",""far"","" "",""mor"",""e "",""int"",""ru sive "",""in "",""t"",""he "",""post"",""-"",""Sep te mber"","" "",""11, "",""200"",""1 "",""era.""]",31
1884,devtest,887,Pre-operative transgender people should not expect to pass through the scanners with their privacy and dignity intact.,"[""P"",""r"",""e-"",""operat"",""ive "",""t"",""ransg"",""en der"","" "",""people "",""should"","" "",""not"","" "",""expect"","" "",""t"",""o "",""pass"","" "",""t"",""hrough"","" "",""t"",""he "",""scann"",""ers "",""wit"",""h "",""t"",""heir "",""privacy "",""and "",""dign"",""it"",""y "",""int"",""act.""]",38
1885,devtest,888,"Rip currents are the returning flow from waves breaking off the beach, often at a reef or similar.","[""R"",""ip"","" "",""cur"",""r en t"",""s "",""are "",""t"",""he "",""ret"",""urning "",""flow "",""from "",""wav es  "",""breaking "",""off"","" "",""t"",""he "",""beach, "",""of te n "",""at"","" "",""a "",""reef "",""or "",""sim"",""il"",""ar.""]",29
1886,devtest,889,"Due to the underwater topology the return flow is concentrated at a few deeper sections, and a fast current to deep water may form there.","[""D"",""ue "",""t"",""o "",""t"",""he "",""under"",""w"",""a te r "",""t"",""opology "",""t"",""he "",""ret"",""urn "",""flow "",""is "",""conc"",""en t"",""ra te d "",""at"","" "",""a "",""few "",""deeper"","" "",""sect"",""ions, "",""and "",""a "",""fast"","" "",""cur"",""r en t"","" "",""t"",""o "",""deep "",""wa te r "",""may "",""for"",""m "",""t"",""here.""]",44
1887,devtest,890,"Most deaths happen as result of fatigue trying to swim back against the current, which may be impossible.","[""M"",""ost"","" "",""deat"",""hs "",""happ en  "",""as "",""r es ult"","" "",""of "",""fat"",""igue "",""t"",""rying "",""t"",""o "",""swim "",""back"","" "",""against"","" "",""t"",""he "",""cur"",""r en t"","", "",""w hi ch "",""may "",""be "",""impossib"",""le.""]",31
1888,devtest,891,"As soon as you get out of the current, swimming back is no more difficult than normally.","[""As"","" soon"","" "",""as "",""you "",""get "",""out"","" "",""of "",""t"",""he "",""cur"",""r en t"","", "",""swimm"",""in"",""g "",""back"","" "",""is "",""no "",""mor"",""e "",""difficul"",""t"","" "",""t"",""han "",""nor"",""mall"",""y.""]",31
1889,devtest,892,"Try aiming somewhere where you are not caught again or, depending on your skills and on whether you have been noticed, you might want to wait for rescue.","[""T"",""ry "",""aimin"",""g "",""som"",""ew"",""her"",""e "",""wher"",""e "",""you "",""are "",""not"","" "",""caught"","" "",""again "",""or, "",""dep"",""en ding "",""on "",""your "",""skills "",""and "",""on "",""whether "",""you "",""have "",""be en  "",""not"",""iced, "",""you "",""might"","" "",""want"","" "",""t"",""o "",""wait "",""for"","" "",""r es cue.""]",42
1890,devtest,893,"Re-entry shock comes on sooner than culture shock (there's less of a honeymoon phase), lasts longer, and can be more severe.","[""R"",""e-"",""en t"",""ry "",""shock "",""com es  "",""on "",""soon"",""er"","" "",""t"",""han "",""cult"",""ure "",""shock "",""(t"",""here'"",""s "",""l es s "",""of "",""a "",""hon"",""eymoon"","" "",""phase)"","", "",""last"",""s "",""lon"",""ger, "",""and "",""can "",""be "",""mor"",""e "",""sever"",""e.""]",37
1891,devtest,894,Travellers who had an easy time adjusting to the new culture sometimes have a particularly hard time readjusting to their native culture.,"[""T"",""ravel"",""l"",""ers "",""who "",""had "",""an "",""easy "",""t"",""ime "",""adjust"",""ing "",""t"",""o "",""t"",""he "",""new "",""cult"",""ure "",""som"",""et"",""im es  "",""have "",""a "",""part"",""icul"",""arl"",""y "",""har"",""d"","" "",""t"",""ime "",""readjust"",""ing "",""t"",""o "",""t"",""heir "",""nat"",""ive "",""cult"",""ure.""]",43
1892,devtest,895,"When returning home after living abroad, you've adapted to the new culture and lost some of your habits from your home culture.","[""W"",""h en  "",""ret"",""urning "",""hom"",""e "",""af te r"","" "",""living "",""abroad, "",""you'"",""ve "",""adap te d "",""t"",""o "",""t"",""he "",""new "",""cult"",""ure "",""and "",""lost"","" "",""som"",""e "",""of "",""your "",""habit"",""s "",""from "",""your "",""hom"",""e "",""cult"",""ure.""]",35
1893,devtest,896,"When you went abroad at first, people were probably patient and understanding, knowing that travellers in a new country need to adapt.","[""W"",""h en  "",""you "",""w en t"","" "",""abroad "",""at"","" "",""first"","", "",""peop"",""le "",""were "",""probab"",""ly "",""pat"",""i en t "",""and "",""under"",""st"",""andin"",""g, "",""know"",""ing "",""t"",""hat "",""t"",""ravel"",""l"",""ers "",""in "",""a "",""new "",""count"",""ry "",""need "",""t"",""o "",""adapt.""]",39
1894,devtest,897,People may not anticipate that patience and understanding are also necessary for travellers returning home.,"[""P"",""eop"",""l"",""e "",""may "",""not"","" "",""ant"",""icipa te  "",""t"",""hat "",""pat"",""i en ce "",""and "",""under"",""st"",""andin"",""g "",""are "",""also "",""nec es s"",""ar"",""y "",""for"","" "",""t"",""ravel"",""l"",""ers "",""ret"",""urning "",""hom"",""e.""]",33
1895,devtest,898,The pyramid sound and light show is one of the most interesting things in the area for kids.,"[""T"",""he "",""pyramid "",""sound"","" "",""and "",""light"","" "",""show"","" "",""is "",""one "",""of "",""t"",""he "",""most"","" "",""in te r"",""es t"",""ing "",""t"",""hi ngs "",""in "",""t"",""he "",""area "",""for"","" "",""kids.""]",29
1896,devtest,899,You can see the pyramids in the dark and you can see them in silence before the show begins.,"[""Y"",""ou "",""can "",""see"","" "",""t"",""he "",""pyramids "",""in "",""t"",""he "",""dark "",""and "",""you "",""can "",""see"","" "",""t"",""hem "",""in "",""sil"",""en ce "",""befor"",""e "",""t"",""he "",""show"","" "",""begins.""]",29
1897,devtest,900,Usually you always here the sound of tourists and vendors. The story of the sound and light is just like a story book.,"[""U"",""su"",""al"",""l"",""y "",""you "",""always "",""her"",""e "",""t"",""he "",""sound"","" "",""of "",""t"",""ourist"",""s "",""and "",""v en dors. "",""T"",""he "",""st"",""ory "",""of "",""t"",""he "",""sound"","" "",""and "",""light"","" "",""is "",""just"","" "",""like "",""a "",""st"",""ory "",""book.""]",39
1898,devtest,901,The Sphinx is set as the backdrop and the narrator of a long story.,"[""T"",""he "",""Sp hi n"",""x "",""is "",""set"","" "",""as "",""t"",""he "",""back"",""drop"","" "",""and "",""t"",""he "",""narrator "",""of "",""a "",""long "",""st"",""ory.""]",22
1899,devtest,902,The scenes are displayed on the pyramids and the different pyramids are lit up.,"[""T"",""he "",""sc en es  "",""are "",""disp"",""layed "",""on "",""t"",""he "",""pyramids "",""and "",""t"",""he "",""differ en t"","" "",""pyramids "",""are "",""lit"","" "",""up.""]",20
1900,devtest,903,"South Shetland Islands, discovered in 1819, are claimed by several nations and have the most bases, with sixteen active in 2020.","[""S"",""ou"",""t"",""h "",""Shet"",""land "",""Isl"",""an"",""ds"","", "",""disc"",""over"",""ed "",""in "",""1819, "",""are "",""claimed "",""by "",""sever"",""al "",""nat"",""ion"",""s "",""and "",""have "",""t"",""he "",""most"","" "",""bas es, "",""wit"",""h "",""six te en  "",""act"",""ive "",""in "",""2020.""]",37
1901,devtest,904,The archipelago lies 120 km north of the Peninsula. The largest is King George Island with the settlement of Villa Las Estrellas.,"[""T"",""he "",""arc hi"",""pel"",""ago "",""li es  "",""120 "",""km "",""nor"",""t"",""h "",""of "",""t"",""he "",""P en insu"",""la. "",""T"",""he "",""lar"",""g es t"","" "",""is "",""King "",""Geor"",""ge "",""Isl"",""and "",""wit"",""h "",""t"",""he "",""set"",""tlem en t"","" "",""of "",""Villa "",""Las "",""Est"",""rell"",""as.""]",40
1902,devtest,905,"Others include Livingston Island, and Deception where the flooded caldera of a still-active volcano provides a spectacular natural harbour.","[""Ot"",""her"",""s "",""incl"",""ude "",""Livin"",""gst"",""on "",""Isl"",""an"",""d, "",""and "",""Dec"",""ept"",""ion"","" "",""wher"",""e "",""t"",""he "",""flood"",""ed "",""calder"",""a "",""of "",""a "",""st"",""ill-"",""act"",""ive "",""vol"",""cano "",""prov"",""id"",""es  "",""a "",""spect"",""acular "",""nat"",""ural "",""har"",""bour"","".""]",43
1903,devtest,906,"Ellsworth Land is the region south of the Peninsula, bounded by the Bellingshausen Sea.","[""E"",""l"",""l"",""swor"",""t"",""h "",""Lan"",""d "",""is "",""t"",""he "",""region"","" "",""sout"",""h "",""of "",""t"",""he "",""P en insu"",""la, "",""bound"",""ed "",""by "",""t"",""he "",""Bel"",""l"",""ingshaus en"","" "",""Sea.""]",30
1904,devtest,907,"The mountains of the Peninsula here merge into the plateau, then re-emerge to form the 360 km chain of the Ellsworth Mountains, bisected by the Minnesota Glacier.","[""T"",""he "",""mount"",""ains "",""of "",""t"",""he "",""P en insu"",""la "",""her"",""e "",""mer"",""ge "",""int"",""o "",""t"",""he "",""pla te au, "",""t"",""h en  "",""re-"",""emer"",""ge "",""t"",""o "",""for"",""m "",""t"",""he "",""360 "",""km "",""chain "",""of "",""t"",""he "",""Ell"",""swor"",""t"",""h "",""Mount"",""ains, "",""bisec te d "",""by "",""t"",""he "",""Min"",""n es ot"",""a "",""Glacier"","".""]",50
1905,devtest,908,"The northern part or Sentinel Range has Antarctica's highest mountains, the Vinson Massif, peaking at 4892 m Mount Vinson.","[""T"",""he "",""nor"",""t"",""hern "",""part"","" "",""or "",""S en t"",""inel "",""Rang"",""e "",""has "",""Ant"",""arct"",""ica'"",""s "",""hi gh es t"","" "",""mount"",""ains, "",""t"",""he "",""Vinson"","" "",""Mass"",""if, "",""peaking "",""at"","" "",""4892 "",""m Mount"","" "",""Vinson"","".""]",35
1906,devtest,909,"In remote locations, without cell phone coverage, a satellite phone may be your only option.","[""In "",""rem"",""o te  "",""location"",""s, "",""wit"",""hout "",""cel"",""l"","" "",""phon"",""e "",""cover"",""ag"",""e, "",""a "",""sa te ll"",""i te  "",""phon"",""e "",""may "",""be "",""your "",""only "",""option.""]",25
1907,devtest,910,"A satellite phone is not generally a replacement for a mobile phone, as you have to be outdoors with clear line of sight to the satellite to make a phone call.","[""A "",""sa te ll"",""i te  "",""phon"",""e "",""is "",""not"","" "",""g en er"",""all"",""y "",""a "",""repl"",""acem en t"","" "",""for"","" "",""a "",""mobile "",""phon"",""e, "",""as "",""you "",""have "",""t"",""o "",""be "",""out"",""doors "",""wit"",""h "",""clear "",""lin"",""e "",""of "",""sight"","" "",""t"",""o "",""t"",""he "",""sa te ll"",""i te  "",""t"",""o "",""make "",""a "",""phon"",""e "",""call"","".""]",51
1908,devtest,911,"The service is frequently used by shipping, including pleasure craft, as well as expeditions who have remote data and voice needs.","[""T"",""he "",""ser"",""vice "",""is "",""frequ en t"",""ly "",""used "",""by "",""s hi ppin"",""g, "",""inc"",""l"",""udin"",""g "",""pleasur"",""e "",""craft"","", "",""as "",""well"","" "",""as "",""exped"",""it"",""ion"",""s "",""who "",""have "",""rem"",""o te  "",""dat"",""a "",""and "",""voice "",""needs.""]",36
1909,devtest,912,Your local telephone service provider should be able to give more information about connecting to this service.,"[""Y"",""our"","" "",""local"","" "",""te lephon"",""e "",""ser"",""vice "",""prov"",""id"",""er"","" "",""should"","" "",""be "",""able "",""t"",""o "",""give "",""mor"",""e "",""infor"",""mat"",""ion"","" "",""about"","" "",""conn"",""ect"",""ing "",""t"",""o "",""t"",""hi s "",""ser"",""vice.""]",37
1910,devtest,913,An increasingly more popular option for those planning a gap-year is to travel and learn.,"[""An"","" "",""incr"",""easin"",""gl"",""y "",""mor"",""e "",""popul"",""ar "",""option "",""for"","" "",""t"",""hose "",""plan"",""n"",""ing "",""a "",""gap-"",""year"","" "",""is "",""t"",""o "",""t"",""ravel"","" "",""and "",""learn.""]",30
1911,devtest,914,"This is especially popular with school leavers, allowing them to take a year out before university, without compromising their education.","[""T"",""hi s "",""is "",""es pecial"",""l"",""y "",""popul"",""ar "",""wit"",""h "",""school"","" "",""leaver"",""s, "",""all"",""owing "",""t"",""hem "",""t"",""o "",""t"",""ake "",""a "",""year"","" "",""out"","" "",""befor"",""e "",""univer"",""sit"",""y, "",""wit"",""hout "",""comp"",""rom"",""isin"",""g "",""t"",""heir "",""educat"",""ion"","".""]",43
1912,devtest,915,"In many cases, enrolling on a gap-year course abroad can actually improve your chances of moving into higher education back in your home country.","[""In "",""man"",""y "",""cas es, "",""en roll"",""in"",""g "",""on "",""a "",""gap-"",""year"","" "",""cour"",""se "",""abroad "",""can "",""act"",""uall"",""y "",""impr"",""ov"",""e "",""your "",""chanc"",""es  "",""of "",""moving "",""int"",""o "",""hi gher"","" "",""educat"",""ion"","" "",""back"","" "",""in "",""your "",""hom"",""e "",""count"",""ry.""]",42
1913,devtest,916,Typically there will be a tuition fee to enroll in these educational programs.,"[""T"",""ypicall"",""y "",""t"",""here "",""will"","" "",""be "",""a "",""t"",""uition "",""fee "",""t"",""o "",""en roll"","" "",""in "",""t"",""h es e "",""educat"",""ion"",""al "",""program"",""s.""]",24
1914,devtest,917,"Finland is a great boating destination. The ""Land of a thousand lakes"" has thousands of islands too, in the lakes and in the coastal archipelagos.","[""F"",""in"",""l"",""an"",""d "",""is "",""a "",""great"","" "",""boat"",""ing "",""d es t"",""ination"","". "",""T"",""he "",""\"""",""Lan"",""d "",""of "",""a "",""t"",""housand "",""lak es \"""","" "",""has "",""t"",""housands "",""of "",""isl"",""ands"","" "",""t"",""oo, "",""in "",""t"",""he "",""lak es  "",""and "",""in "",""t"",""he "",""coast"",""al "",""arc hi"",""pel"",""agos.""]",47
1915,devtest,918,In the archipelagos and lakes you do not necessarily need a yacht.,"[""In "",""t"",""he "",""arc hi"",""pel"",""agos "",""and "",""lak es  "",""you "",""do "",""not"","" "",""nec es s"",""ar"",""il"",""y "",""need "",""a "",""yacht.""]",19
1916,devtest,919,"Although the coastal archipelagos and the biggest lakes are indeed big enough for any yacht, smaller boats or even a kayak offer a different experience.","[""Al"",""t"",""hough"","" "",""t"",""he "",""coast"",""al "",""arc hi"",""pel"",""agos "",""and "",""t"",""he "",""bigg es t"","" "",""lak es  "",""are "",""indeed "",""big "",""en ough"","" "",""for"","" "",""any "",""yacht"","", "",""small"",""er "",""boat"",""s "",""or "",""ev en  "",""a "",""kayak "",""off"",""er "",""a "",""differ en t"","" "",""exper"",""i en c"",""e.""]",43
1917,devtest,920,"Boating is a national pastime in Finland, with a boat to every seven or eight people.","[""B"",""oat"",""ing "",""is "",""a "",""nat"",""ional "",""past"",""ime "",""in "",""Fin"",""land, "",""wit"",""h "",""a "",""boat"","" "",""t"",""o "",""ever"",""y "",""sev en  "",""or "",""eight"","" "",""people.""]",26
1918,devtest,921,"This is matched by Norway, Sweden and New Zealand, but otherwise quite unique (e.g. in the Netherlands the figure is one to forty).","[""T"",""hi s "",""is "",""mat"",""ched "",""by "",""Nor"",""way, "",""Swed en  "",""and "",""New "",""Zealan"",""d, "",""but"","" "",""ot"",""herw"",""ise "",""qui te  "",""unique "",""(e.g"","". "",""in "",""t"",""he "",""Net"",""her"",""l"",""ands"","" "",""t"",""he "",""figure "",""is "",""one "",""t"",""o "",""for"",""t"",""y).""]",40
1919,devtest,922,"Most of the distinct Baltic Cruises feature an extended stay in St. Petersburg, Russia.","[""M"",""ost"","" "",""of "",""t"",""he "",""dist"",""inct"","" "",""Balt"",""ic "",""C ru is es  "",""feat"",""ure "",""an "",""ex te nded "",""st"",""ay "",""in "",""St"","". "",""Pe te rsb"",""ur"",""g, "",""Russ"",""ia.""]",26
1920,devtest,923,This means you can visit the historic city for a couple of full days while returning and sleeping on the ship at night.,"[""T"",""hi s "",""means "",""you "",""can "",""visit"","" "",""t"",""he "",""hi st"",""oric "",""cit"",""y "",""for"","" "",""a "",""coupl"",""e "",""of "",""full"","" "",""days "",""w hi le "",""ret"",""urning "",""and "",""sleeping "",""on "",""t"",""he "",""s hi p "",""at"","" "",""night"","".""]",35
1921,devtest,924,If you only go ashore using shipboard excursions you will not need a separate visa (as of 2009).,"[""If you "",""only "",""go "",""ashore "",""using "",""s hi pboard"","" "",""exc"",""ursion"",""s "",""you "",""will"","" "",""not"","" "",""need "",""a "",""separa te  "",""visa "",""(as "",""of "",""200"",""9).""]",23
1922,devtest,925,"Some cruises feature Berlin, Germany in the brochures. As you can see from the map above Berlin is no where near the sea and a visit to the city is not included in the price of the cruise.","[""S"",""om"",""e "",""c ru is es  "",""feat"",""ure "",""Ber"",""lin, "",""Ger"",""man"",""y "",""in "",""t"",""he "",""broc"",""hur"",""es. "",""As you "",""can "",""see"","" "",""from "",""t"",""he "",""map "",""above "",""Ber"",""lin "",""is "",""no "",""wher"",""e "",""near"","" "",""t"",""he "",""sea "",""and "",""a "",""visit"","" "",""t"",""o "",""t"",""he "",""cit"",""y "",""is "",""not"","" "",""incl"",""uded "",""in "",""t"",""he "",""price "",""of "",""t"",""he "",""c ru ise.""]",60
1923,devtest,926,"Travelling by plane can be a scary experience for people of all ages and backgrounds, particularly if they've not flown before or have experienced a traumatic event.","[""T"",""ravel"",""l"",""ing "",""by "",""plan"",""e "",""can "",""be "",""a "",""scary "",""exper"",""i en c"",""e "",""for"","" "",""people "",""of "",""all"","" "",""ag es  "",""and "",""back"",""ground"",""s, "",""part"",""icul"",""ar"",""l"",""y "",""if t"",""hey'"",""ve "",""not"","" "",""flown "",""befor"",""e "",""or "",""have "",""exper"",""i en c"",""ed "",""a "",""t"",""raumatic "",""ev en t"","".""]",48
1924,devtest,927,It is not something to be ashamed of: it is no different from the personal fears and dislikes of other things that very many people have.,"[""It"","" "",""is "",""not"","" "",""som"",""et"",""hi ng "",""t"",""o "",""be "",""ashamed "",""of: "",""it "",""is "",""no "",""differ en t"","" "",""from "",""t"",""he "",""person"",""al "",""fears "",""and "",""disl"",""ik es  "",""of "",""ot"",""her "",""t"",""hi ngs "",""t"",""hat "",""ver"",""y "",""man"",""y "",""people "",""have.""]",40
1925,devtest,928,"For some, understanding something about how aircraft work and what happens during a flight may help to overcome a fear which is based on the unknown or on not being in control.","[""F"",""or"","" "",""som"",""e, "",""under"",""st"",""andin"",""g "",""som"",""et"",""hi ng "",""about"","" "",""how aircr"",""aft"","" "",""wor"",""k "",""and "",""what"","" "",""happ en s "",""during "",""a "",""flight"","" "",""may "",""hel"",""p "",""t"",""o "",""over"",""come "",""a "",""fear "",""w hi ch "",""is "",""based "",""on "",""t"",""he "",""unkn"",""own"","" "",""or "",""on "",""not"","" "",""being "",""in "",""cont"",""rol.""]",53
1926,devtest,929,"Courier companies are well paid for delivering things quickly. Frequently, time is very important with business documents, merchandise or spare parts for an urgent repair.","[""C"",""ou"",""r"",""ier"","" "",""comp"",""ani es  "",""are "",""well"","" "",""paid "",""for"","" "",""deliver"",""ing "",""t"",""hi ngs "",""quick"",""l"",""y. "",""Fr"",""equ"",""en t"",""ly, "",""t"",""ime "",""is "",""ver"",""y "",""import"",""ant "",""wit"",""h "",""busin es s"","" "",""docum en t"",""s, "",""mer"",""chandise "",""or "",""spare "",""part"",""s "",""for"","" "",""an "",""urg en t"","" "",""repair.""]",49
1927,devtest,930,"On some routes, the larger companies have their own planes, but for other routes and smaller firms there was a problem.","[""On"","" "",""som"",""e "",""rou te s, "",""t"",""he "",""lar"",""ger "",""comp"",""ani es  "",""have "",""t"",""heir "",""own "",""plan"",""es, "",""but"","" "",""for"","" "",""ot"",""her "",""rou te s "",""and "",""small"",""er "",""firms "",""t"",""here "",""was "",""a "",""problem"","".""]",34
1928,devtest,931,"If they sent things by air freight, on some routes it may have taken days to get through unloading and customs.","[""If t"",""hey "",""s en t"","" "",""t"",""hi ngs "",""by "",""air "",""freight"","", "",""on "",""som"",""e "",""rou te s "",""it "",""may "",""have "",""t"",""ak en  "",""days "",""t"",""o "",""get "",""t"",""hrough"","" "",""unl"",""oading "",""and "",""cust"",""oms.""]",31
1929,devtest,932,"The only way to get it through faster was to send it as checked luggage. Airline regulations will not allow them to send luggage without a passenger, which is where you come in.","[""T"",""he "",""only "",""way "",""t"",""o "",""get "",""it "",""t"",""hrough"","" "",""fas te r "",""was "",""t"",""o "",""s en d "",""it "",""as "",""checked "",""luggag"",""e. "",""Airl"",""in"",""e "",""regul"",""at"",""ion"",""s "",""will"","" "",""not"","" "",""all"",""ow "",""t"",""hem "",""t"",""o "",""s en d "",""luggag"",""e "",""wit"",""hout "",""a "",""pass"",""en g"",""er, "",""w hi ch "",""is "",""wher"",""e "",""you "",""come "",""in.""]",54
1930,devtest,933,"The obvious way of flying in first or business class is to fork out a thick wad of money for the privilege (or, better yet, get your company to do it for you).","[""T"",""he "",""obvious "",""way "",""of "",""flying "",""in "",""first"","" "",""or "",""busin es s"","" "",""class"","" "",""is "",""t"",""o "",""for"",""k "",""out"","" "",""a "",""t"",""hi ck "",""wad "",""of "",""mon"",""ey "",""for"","" "",""t"",""he "",""privil"",""ege "",""(or"","", "",""bet"",""te r "",""yet"","", "",""get "",""your "",""comp"",""any "",""t"",""o "",""do "",""it "",""for"","" "",""you).""]",51
1931,devtest,934,"However, this does not come cheap: as rough rules of thumb, you can expect to pay up to four times the normal economy fare for business, and eleven times for first class!","[""H"",""ow"",""ever"","", "",""t"",""hi s "",""do es  "",""not"","" "",""come "",""cheap"","": "",""as "",""rough"","" "",""ru l es  "",""of "",""t"",""humb, "",""you "",""can "",""expect"","" "",""t"",""o "",""pay "",""up "",""t"",""o "",""four"","" "",""t"",""im es  "",""t"",""he "",""nor"",""mal "",""econom"",""y "",""far"",""e "",""for"","" "",""busin es s"","", "",""and "",""elev en  "",""t"",""im es  "",""for"","" "",""first"","" "",""class"",""!""]",55
1932,devtest,935,"Generally speaking, there is no point in even looking for discounts for business or first-class seats on direct flights from A to B.","[""G"",""en er"",""all"",""y "",""speaking, "",""t"",""here "",""is "",""no "",""point"","" "",""in "",""ev en  "",""looking "",""for"","" "",""disc"",""ount"",""s "",""for"","" "",""busin es s"","" "",""or "",""first"",""-"",""class"","" "",""seat"",""s "",""on "",""direct"","" "",""flight"",""s "",""from "",""A "",""t"",""o "",""B.""]",40
1933,devtest,936,"Airlines know well that there is a certain core group of flyers who are willing to pay top dollar for the privilege of getting somewhere fast and in comfort, and charge accordingly.","[""Air"",""l"",""in"",""es  "",""know "",""well"","" "",""t"",""hat "",""t"",""here "",""is "",""a "",""cer"",""t"",""ain "",""cor"",""e "",""group "",""of "",""flyers "",""who "",""are "",""will"",""ing "",""t"",""o "",""pay "",""t"",""op "",""doll"",""ar "",""for"","" "",""t"",""he "",""privil"",""ege "",""of "",""getting "",""som"",""ew"",""her"",""e "",""fast"","" "",""and "",""in "",""comfort"","", "",""and "",""char"",""ge "",""accor"",""din"",""gl"",""y.""]",57
1934,devtest,937,"The capital of Moldova is Chişinău. The local language is Romanian, but Russian is widely used.","[""T"",""he "",""cap"",""it"",""al "",""of "",""Mol"",""dova "",""is "",""C hi şinău. "",""T"",""he "",""local"","" "",""languag"",""e "",""is "",""Roman"",""ian"","", "",""but"","" "",""Russian"","" "",""is "",""widel"",""y "",""used.""]",28
1935,devtest,938,Moldova is a multi-ethnic republic that has suffered from ethnic conflict.,"[""M"",""ol"",""dova "",""is "",""a "",""mult"",""i-"",""et"",""hnic "",""republic"","" "",""t"",""hat "",""has "",""suffered "",""from "",""et"",""hnic "",""conf"",""l"",""ict.""]",21
1936,devtest,939,"In 1994, this conflict led to the creation of the self-proclaimed Transnistria Republic in eastern Moldova, which has its own government and currency but is not recognised by any UN member country.","[""In "",""1994, "",""t"",""hi s "",""conf"",""l"",""ict "",""led "",""t"",""o "",""t"",""he "",""creat"",""ion "",""of "",""t"",""he "",""sel"",""f-"",""proc"",""l"",""aimed "",""T"",""ransn"",""ist"",""ria "",""Rep"",""ublic"","" "",""in "",""eas te r"",""n "",""Mol"",""dova, "",""w hi ch "",""has "",""its "",""own "",""governm en t"","" "",""and "",""cur"",""r en cy "",""but"","" "",""is "",""not"","" "",""recog"",""nised "",""by "",""any "",""UN "",""member"","" "",""count"",""ry.""]",57
1937,devtest,940,Economic links have been re-established between these two parts of Moldova despite the failure in political negotiations.,"[""E"",""c"",""onom"",""ic "",""lin"",""ks "",""have "",""be en  "",""re-"",""es t"",""ablished "",""bet"",""we en  "",""t"",""h es e "",""t"",""wo "",""part"",""s "",""of "",""Mol"",""dova "",""d es pi te  "",""t"",""he "",""failure "",""in "",""pol"",""itical "",""negot"",""iation"",""s.""]",32
1938,devtest,941,The major religion in Moldova is Orthodox Christian.,"[""T"",""he "",""major"","" "",""rel"",""igion"","" "",""in "",""Mol"",""dova "",""is "",""Ort"",""hodox "",""Christ"",""ian.""]",15
1939,devtest,942,"İzmir is the third largest city in Turkey with a population of around 3.7 million, the second biggest port after Istanbul, and a very good transport hub.","[""İzmir "",""is "",""t"",""he "",""t"",""hi rd "",""lar"",""g es t"","" "",""cit"",""y "",""in "",""T"",""urkey "",""wit"",""h "",""a "",""popul"",""at"",""ion"","" "",""of "",""around"","" "",""3.7"","" "",""mil"",""lion"","", "",""t"",""he "",""second"","" "",""bigg es t"","" "",""port"","" "",""af te r"","" "",""Ist"",""anbul, "",""and "",""a "",""ver"",""y "",""good"","" "",""t"",""ransp"",""ort"","" "",""hub.""]",52
1940,devtest,943,"Once the ancient city of Smyrna, it is now a modern, developed, and busy commercial center, set around a huge bay and surrounded by mountains.","[""On"",""c"",""e "",""t"",""he "",""anc"",""i en t"","" "",""cit"",""y "",""of "",""Smyrna, "",""it "",""is "",""now "",""a "",""moder"",""n, "",""devel"",""oped, "",""and "",""busy "",""comm"",""er"",""cial"","" "",""c en te r"","", "",""set"","" "",""around"","" "",""a "",""huge "",""bay "",""and "",""sur"",""round"",""ed "",""by "",""mount"",""ains.""]",42
1941,devtest,944,"The broad boulevards, glass-fronted buildings and modern shopping centers are dotted with traditional red-tiled roofs, the 18th century market, and old mosques and churches, although the city has an atmosphere more of Mediterranean Europe than traditional Turkey.","[""T"",""he "",""broad "",""boulevard"",""s, "",""glass"",""-"",""fr"",""on te"",""d "",""build"",""in"",""gs "",""and "",""moder"",""n "",""shop"",""p"",""in"",""g "",""c en te r"",""s "",""are "",""dot te d "",""wit"",""h "",""t"",""radition"",""al "",""red"",""-"",""t"",""iled "",""roofs, "",""t"",""he "",""18t"",""h "",""c en t"",""ury "",""mar"",""ket"","", "",""and "",""old "",""mosqu es  "",""and "",""church"",""es, "",""alt"",""hough"","" "",""t"",""he "",""cit"",""y "",""has "",""an "",""at"",""mospher"",""e "",""mor"",""e "",""of "",""Med"",""i te rr"",""anean"","" "",""Europ"",""e "",""t"",""han "",""t"",""radition"",""al "",""T"",""urkey.""]",77
1942,devtest,945,The village of Haldarsvík offer views of the nearby island Eysturoy and has an unusual octagonal church.,"[""T"",""he "",""vill"",""age "",""of "",""Hal"",""darsv"",""ík "",""off"",""er "",""view"",""s "",""of "",""t"",""he "",""nearby "",""isl"",""and "",""Eyst"",""uroy "",""and "",""has "",""an "",""unusual "",""oct"",""agonal "",""church"","".""]",28
1943,devtest,946,"In the churchyard, there are interesting marble sculptures of doves over some tombs.","[""In "",""t"",""he "",""church"",""yar"",""d"","", "",""t"",""here "",""are "",""in te r"",""es t"",""ing "",""mar"",""ble "",""sculpt"",""ur es  "",""of "",""dov es  "",""over"","" "",""som"",""e "",""t"",""ombs.""]",25
1944,devtest,947,It's worth half an hour to stroll about the intriguing village.,"[""It"",""'s "",""wor"",""t"",""h "",""hal"",""f "",""an "",""hour "",""t"",""o "",""st"",""roll"","" "",""about"","" "",""t"",""he "",""int"",""riguin"",""g "",""village.""]",22
1945,devtest,948,To the north and within easy reach is the romantic and fascinating town of Sintra and which was made famous to foreigners after a glowing account of its splendours recorded by Lord Byron.,"[""T"",""o "",""t"",""he "",""nor"",""t"",""h "",""and "",""wit"",""hi n "",""easy "",""reach "",""is "",""t"",""he "",""romant"",""ic "",""and "",""fascinat"",""ing "",""t"",""own "",""of "",""Sin"",""t"",""ra "",""and "",""w hi ch "",""was "",""made "",""famous "",""t"",""o "",""for"",""eign"",""er"",""s "",""af te r"","" "",""a "",""glowing "",""account"","" "",""of "",""its "",""spl en dours "",""recor"",""ded "",""by "",""Lor"",""d "",""Byr"",""on.""]",53
1946,devtest,949,"Scotturb Bus 403 travels regularly to Sintra, stopping at Cabo da Roca.","[""S"",""c"",""ot"",""t"",""urb"","" "",""Bus "",""403 "",""t"",""ravel"",""s "",""regul"",""ar"",""l"",""y "",""t"",""o "",""Sin"",""t"",""ra, "",""st"",""opping "",""at"","" "",""Cabo "",""da "",""Roca.""]",27
1947,devtest,950,"Also to the north visit the great Sanctuary of Our Lady of Fatima (Shrine), a place of worldwide famous Marian apparitions.","[""Al"",""s"",""o "",""t"",""o "",""t"",""he "",""nor"",""t"",""h "",""visit"","" "",""t"",""he "",""great "",""Sanct"",""uary "",""of "",""Our "",""Lady "",""of "",""Fat"",""ima "",""(Shrin"",""e)"","", "",""a "",""place "",""of "",""wor"",""ldw"",""ide "",""famous "",""Mar"",""ian"","" "",""appar"",""it"",""ion"",""s.""]",40
1948,devtest,951,"Please remember that you are essentially visiting a mass grave site, as well as a site that has an almost incalculable meaning to a significant portion of the world's population.","[""P"",""l"",""eas"",""e"","" "",""rem"",""ember"","" "",""t"",""hat "",""you "",""are "",""es s en t"",""iall"",""y "",""visit"",""ing "",""a "",""mass"","" "",""grav"",""e "",""si te, "",""as "",""well"","" "",""as "",""a "",""si te  "",""t"",""hat "",""has "",""an "",""almost"","" "",""incalcul"",""ab"",""le "",""meaning "",""t"",""o "",""a "",""sign"",""ifican"",""t"","" "",""port"",""ion "",""of "",""t"",""he "",""wor"",""ld'"",""s "",""popul"",""at"",""ion"","".""]",58
1949,devtest,952,"There are still many men and women alive who survived their time here, and many more who had loved ones who were murdered or worked to death there, Jews and non-Jews alike.","[""T"",""her"",""e "",""are "",""st"",""ill "",""man"",""y "",""m en  "",""and "",""wom en  "",""alive "",""who "",""sur"",""viv"",""ed "",""t"",""heir "",""t"",""ime "",""her"",""e, "",""and "",""man"",""y "",""mor"",""e "",""who "",""had "",""loved "",""on es  "",""who "",""were "",""murder"",""ed "",""or "",""wor"",""ked "",""t"",""o "",""deat"",""h "",""t"",""here, "",""Jews "",""and "",""non-"",""Jews "",""alike.""]",49
1950,devtest,953,"Please treat the site with all of the dignity, solemnity and respect it deserves. Do not make jokes about the Holocaust or Nazis.","[""P"",""l"",""eas"",""e"","" "",""t"",""reat "",""t"",""he "",""si te  "",""wit"",""h "",""all"","" "",""of "",""t"",""he "",""dign"",""ity, "",""sol"",""emnit"",""y "",""and "",""r es pect"","" "",""it "",""d es erv es. "",""Do not"","" "",""make "",""jok es  "",""about"","" "",""t"",""he "",""Hol"",""ocaust"","" "",""or "",""Nazis.""]",40
1951,devtest,954,Do not deface the site by marking or scratching graffiti into structures.,"[""D"",""o "",""not"","" "",""deface "",""t"",""he "",""si te  "",""by "",""mar"",""king "",""or "",""scr"",""at"",""c hi"",""ng "",""graff"",""it"",""i "",""int"",""o "",""st"",""ru ct"",""ur es.""]",24
1952,devtest,955,"Barcelona's official languages are Catalan and Spanish. About a half prefer to speak Catalan, a vast majority understands it, and virtually everyone knows Spanish.","[""B"",""ar"",""c"",""el"",""ona'"",""s "",""off"",""icial"","" "",""languag"",""es  "",""are "",""Cat"",""alan "",""and "",""Span"",""ish. "",""About"","" "",""a "",""hal"",""f "",""prefer"","" "",""t"",""o "",""speak "",""Cat"",""alan, "",""a "",""vast"","" "",""major"",""it"",""y "",""under"",""st"",""ands "",""it, "",""and "",""virt"",""uall"",""y "",""ever"",""yon"",""e "",""knows "",""Span"",""ish.""]",49
1953,devtest,956,"However, most signs are indicated only in Catalan because it is established by law as the first official language.","[""H"",""ow"",""ever"","", "",""most"","" "",""sign"",""s "",""are "",""indica te d "",""only "",""in "",""Cat"",""alan "",""because"","" "",""it "",""is "",""es t"",""ablished "",""by "",""law "",""as "",""t"",""he "",""first"","" "",""off"",""icial"","" "",""languag"",""e.""]",32
1954,devtest,957,"Yet, Spanish is also widely used in public transport and other facilities.","[""Y"",""et"","", "",""Span"",""ish "",""is "",""also "",""widel"",""y "",""used "",""in "",""public"","" "",""t"",""ransp"",""ort"","" "",""and "",""ot"",""her "",""facilit"",""i es.""]",22
1955,devtest,958,"Regular announcements in the Metro are made only in Catalan, but unplanned disruptions are announced by an automated system in a wide variety of languages including Spanish, English, French, Arabic and Japanese.","[""R"",""eg"",""ul"",""ar"","" "",""ann"",""ounc"",""em en t"",""s "",""in "",""t"",""he "",""Met"",""ro "",""are "",""made "",""only "",""in "",""Cat"",""alan, "",""but"","" "",""unplan"",""n"",""ed "",""dis ru pt"",""ion"",""s "",""are "",""ann"",""ounc"",""ed "",""by "",""an "",""aut"",""oma te d "",""sys te m"","" "",""in "",""a "",""wide "",""variet"",""y "",""of "",""languag"",""es  "",""incl"",""udin"",""g "",""Span"",""ish, "",""Engl"",""ish, "",""Fr"",""en ch, "",""Arabic "",""and "",""Japan"",""es e"","".""]",60
1956,devtest,959,"Parisians have a reputation for being egocentric, rude and arrogant.","[""P"",""ar"",""isian"",""s "",""have "",""a "",""reputation"","" "",""for"","" "",""being "",""egoc en t"",""ric, "",""ru de "",""and "",""arr"",""ogant"","".""]",18
1957,devtest,960,"While this is often only an inaccurate stereotype, the best way to get along in Paris still is to be on your best behavior, acting like someone who is ""bien élevé"" (well brought up). It will make getting about considerably easier.","[""W"",""hi l"",""e "",""t"",""hi s "",""is "",""of te n "",""only "",""an "",""inaccur"",""a te  "",""s te r"",""eot"",""ype, "",""t"",""he "",""b es t"","" "",""way "",""t"",""o "",""get "",""along "",""in "",""Paris "",""st"",""ill "",""is "",""t"",""o "",""be "",""on "",""your "",""b es t"","" "",""behavior"","", "",""act"",""ing "",""like "",""som"",""eone "",""who "",""is "",""\"""",""bi en  "",""élevé\"""","" "",""(well"","" "",""brough"",""t"","" "",""up). "",""It "",""will"","" "",""make "",""getting "",""about"","" "",""consider"",""ab"",""ly "",""easier.""]",65
1958,devtest,961,Parisians' abrupt exteriors will rapidly evaporate if you display some basic courtesies.,"[""P"",""ar"",""isian"",""s'"","" "",""ab ru pt"","" "",""ex te r"",""ior"",""s "",""will"","" "",""rapidl"",""y "",""evapora te"","" "",""if you "",""disp"",""lay "",""som"",""e "",""basic "",""cour"",""te"",""si es.""]",25
1959,devtest,962,"The Plitvice Lakes national park is heavily forested, mainly with beech, spruce, and fir trees, and features a mixture of Alpine and Mediterranean vegetation.","[""T"",""he "",""Plit"",""vice "",""Lak es  "",""nat"",""ional "",""park "",""is "",""heavil"",""y "",""for"",""es te d, "",""mainl"",""y "",""wit"",""h "",""beech, "",""sp ru ce, "",""and "",""fir "",""t"",""re es, "",""and "",""feat"",""ur es  "",""a "",""mixt"",""ure "",""of "",""Alpin"",""e "",""and "",""Med"",""i te rr"",""anean"","" "",""vegetation"","".""]",39
1960,devtest,963,"It has a notably wide variety of plant communities, due to its range of microclimates, differing soils and varying levels of altitude.","[""It"","" "",""has "",""a "",""not"",""ably "",""wide "",""variet"",""y "",""of "",""plan"",""t"","" "",""comm"",""unit"",""i es, "",""due "",""t"",""o "",""its "",""range "",""of "",""micr"",""oc"",""l"",""ima te s, "",""differ"",""ing "",""soils "",""and "",""varying "",""level"",""s "",""of "",""alt"",""itude.""]",36
1961,devtest,964,The area is also home to an extremely wide variety of animal and bird species.,"[""T"",""he "",""area "",""is "",""also "",""hom"",""e "",""t"",""o "",""an "",""ext"",""rem"",""el"",""y "",""wide "",""variet"",""y "",""of "",""animal "",""and "",""bird "",""speci es.""]",22
1962,devtest,965,"Rare fauna such as the European brown bear, wolf, eagle, owl, lynx, wild cat and capercaillie can be found there, along with many more common species","[""R"",""are "",""fauna "",""such "",""as "",""t"",""he "",""Europ"",""ean"","" "",""brow"",""n "",""bear"","", "",""wolf, "",""eagl"",""e, "",""owl, "",""lyn"",""x, "",""wild "",""cat"","" "",""and "",""cap"",""er"",""caill"",""ie "",""can "",""be "",""found"","" "",""t"",""here, "",""alon"",""g "",""wit"",""h "",""man"",""y "",""mor"",""e "",""comm"",""on "",""speci es""]",45
1963,devtest,966,"While visiting the monasteries, women are required to wear skirts covering the knees and have their shoulders covered, too.","[""W"",""hi l"",""e "",""visit"",""ing "",""t"",""he "",""mon"",""as te r"",""i es, "",""wom en  "",""are "",""requir"",""ed "",""t"",""o "",""wear "",""skirt"",""s "",""cover"",""ing "",""t"",""he "",""kne es  "",""and "",""have "",""t"",""heir "",""should"",""er"",""s "",""cover"",""ed, "",""t"",""oo.""]",35
1964,devtest,967,"Most of the monasteries do provide wraps for women who come unprepared, but if you bring your own, especially one with bright colors, you'll get a smile from the monk or nun at the entrance.","[""M"",""ost"","" "",""of "",""t"",""he "",""mon"",""as te r"",""i es  "",""do "",""prov"",""id"",""e "",""wraps "",""for"","" "",""wom en  "",""who "",""come "",""unprep"",""ared, "",""but"","" "",""if you "",""bring "",""your "",""own, "",""es pecial"",""l"",""y "",""one "",""wit"",""h "",""bright"","" "",""col"",""ors, "",""you'"",""ll "",""get "",""a "",""smile "",""from "",""t"",""he "",""mon"",""k "",""or "",""nun "",""at"","" "",""t"",""he "",""en t"",""rance.""]",55
1965,devtest,968,"Along the same line, men are required to wear trousers covering the knees.","[""Al"",""on"",""g"","" "",""t"",""he "",""same "",""lin"",""e, "",""m en  "",""are "",""requir"",""ed "",""t"",""o "",""wear "",""t"",""rousers "",""cover"",""ing "",""t"",""he "",""kne es.""]",23
1966,devtest,969,This too can be borrowed from the stock at the entrance but that clothing isn't washed after every user so you may not feel comfortable wearing these skirts. One size fits all for men!,"[""T"",""hi s "",""t"",""oo "",""can "",""be "",""bor"",""rowed "",""from "",""t"",""he "",""st"",""ock "",""at"","" "",""t"",""he "",""en t"",""rance "",""but"","" "",""t"",""hat "",""clot hi ng "",""isn't"","" "",""washed "",""af te r"","" "",""ever"",""y "",""user "",""so "",""you "",""may "",""not"","" "",""feel"","" "",""comfort"",""able "",""wearing "",""t"",""h es e "",""skirt"",""s. "",""One "",""size "",""fit"",""s "",""all"","" "",""for"","" "",""m en!""]",55
1967,devtest,970,"Majorcan cuisine, like that of similar zones in the Mediterranean, is based on bread, vegetables and meat (specially pork), and uses olive oil throughout.","[""M"",""aj"",""or"",""can"","" "",""cuisine, "",""like "",""t"",""hat "",""of "",""sim"",""il"",""ar "",""zon es  "",""in "",""t"",""he "",""Med"",""i te rr"",""anean"","", "",""is "",""base"",""d "",""on "",""bread"","", "",""vegetab"",""l es  "",""and "",""meat"","" "",""(special"",""l"",""y "",""pork)"","", "",""and "",""us es  "",""olive "",""oil "",""t"",""hrough"",""out"","".""]",45
1968,devtest,971,"A simple popular dinner, especially during the summer, is the Pa amb Oli: Bread with olive oil, tomato, and any available condiments such as cheese, tunafish, etc.","[""A "",""sim"",""ple "",""popul"",""ar "",""din"",""n"",""er, "",""es pecial"",""l"",""y "",""dur"",""ing "",""t"",""he "",""summ"",""er"","", "",""is "",""t"",""he "",""Pa "",""amb"","" "",""Oli: "",""Br"",""ead"","" "",""wit"",""h "",""olive "",""oil, "",""t"",""omato, "",""and "",""any "",""availab"",""le "",""condim en t"",""s "",""such "",""as "",""che es e, "",""t"",""unafish, "",""et"",""c.""]",47
1969,devtest,972,"All nouns, alongside the word Sie for you, always begin with a capital letter, even in the middle of a sentence.","[""Al"",""l"","" "",""nouns, "",""alon"",""gsid"",""e "",""t"",""he "",""wor"",""d "",""Sie "",""for"","" "",""you, "",""always "",""begin "",""wit"",""h "",""a "",""cap"",""it"",""al "",""let"",""te r, "",""ev en  "",""in "",""t"",""he "",""mid"",""dl"",""e "",""of "",""a "",""s en te nce.""]",35
1970,devtest,973,This is an important way to distinguish between some verbs and objects.,"[""T"",""hi s "",""is "",""an "",""import"",""ant "",""way "",""t"",""o "",""dist"",""inguish "",""bet"",""we en  "",""som"",""e "",""ver"",""bs "",""and "",""object"",""s.""]",20
1971,devtest,974,"It also arguably makes reading easier, though writing is somewhat complicated by the need to find out whether a verb or adjective is used in a substantivized form.","[""It"","" "",""also "",""arguably "",""mak es  "",""read"",""ing "",""easier"","", "",""t"",""hough"","" "",""writ"",""ing "",""is "",""som"",""ew"",""hat"","" "",""comp"",""l"",""ica te d "",""by "",""t"",""he "",""need "",""t"",""o "",""fin"",""d "",""out"","" "",""whether "",""a "",""ver"",""b "",""or "",""adject"",""ive "",""is "",""used "",""in "",""a "",""sub"",""st"",""ant"",""ivized "",""for"",""m.""]",49
1972,devtest,975,Pronunciation is relatively easy in Italian since most words are pronounced exactly how they are written,"[""P"",""r"",""on"",""unc"",""iat"",""ion"","" "",""is "",""rel"",""at"",""ivel"",""y "",""easy "",""in "",""Italian"","" "",""sin"",""ce "",""most"","" "",""wor"",""ds "",""are "",""pronounc"",""ed "",""exact"",""ly "",""how t"",""hey "",""are "",""writ"",""te n""]",32
1973,devtest,976,"The main letters to watch out for are c and g, since their pronunciation varies based on the following vowel.","[""T"",""he "",""main "",""let"",""te rs "",""t"",""o "",""wat"",""ch "",""out"","" "",""for"","" "",""are "",""c and "",""g, "",""sin"",""ce "",""t"",""heir "",""pronunciat"",""ion"","" "",""vari es  "",""base"",""d "",""on "",""t"",""he "",""foll"",""owing "",""vowel.""]",32
1974,devtest,977,"Also, make sure to pronounce r and rr differently: caro means dear, whereas carro means chariot.","[""Al"",""s"",""o, "",""make "",""sur"",""e "",""t"",""o "",""pronounc"",""e "",""r "",""and "",""rr "",""differ en t"",""ly: "",""car"",""o "",""means "",""dear, "",""wher"",""eas "",""car"",""ro "",""means "",""char"",""iot"","".""]",27
1975,devtest,978,Persian has a relatively easy and mostly regular grammar.,"[""P"",""er"",""sian"","" "",""has "",""a "",""rel"",""at"",""ivel"",""y "",""easy "",""and "",""most"",""ly "",""regul"",""ar "",""gramm"",""ar.""]",18
1976,devtest,979,"Therefore, reading this grammar primer would help you learn much about Persian grammar and understand phrases better.","[""T"",""her"",""efor"",""e, "",""read"",""in"",""g "",""t"",""hi s "",""gramm"",""ar "",""primer"","" "",""would"","" "",""hel"",""p "",""you "",""learn "",""much"","" "",""about"","" "",""Persian"","" "",""gramm"",""ar "",""and "",""under"",""st"",""and "",""phras es  "",""bet"",""te r.""]",34
1977,devtest,980,"Needless to say, if you know a Romance language, it will be easier for you to learn Portuguese.","[""N"",""eed"",""l"",""es s "",""t"",""o "",""say, "",""if you "",""know "",""a "",""Roman"",""ce "",""languag"",""e, "",""it "",""will"","" "",""be "",""easier "",""for"","" "",""you "",""t"",""o "",""learn "",""Port"",""ugu es e.""]",27
1978,devtest,981,"However, people who know a little Spanish may hastily conclude that Portuguese is close enough that it need not be studied separately.","[""H"",""ow"",""ever"","", "",""peop"",""le "",""who "",""know "",""a "",""lit"",""tle "",""Span"",""ish "",""may "",""hast"",""ily "",""conc"",""lude "",""t"",""hat "",""Port"",""ugu es e "",""is "",""close"","" "",""en ough"","" "",""t"",""hat "",""it "",""need "",""not"","" "",""be "",""st"",""udied "",""separa te l"",""y.""]",38
1979,devtest,982,"Pre-modern observatories are usually obsolete today, and remain as museums, or sites of education.","[""P"",""r"",""e-"",""moder"",""n "",""obser"",""vat"",""or"",""i es  "",""are "",""usuall"",""y "",""obsol"",""e te"","" "",""t"",""oday, "",""and "",""rem"",""ain "",""as "",""museums, "",""or"","" "",""si te s "",""of "",""educat"",""ion"","".""]",29
1980,devtest,983,"As light pollution in their heyday was not the kind of problem it is today, they are usually located in cities or at campuses, easier to reach than those built in modern times.","[""As"","" light"","" "",""pol"",""l"",""ution"","" "",""in "",""t"",""heir "",""heyday "",""was "",""not"","" "",""t"",""he "",""kind "",""of "",""problem"","" "",""it "",""is "",""t"",""oday, "",""t"",""hey "",""are "",""usuall"",""y "",""loca te d "",""in "",""cit"",""i es  "",""or "",""at"","" "",""camp"",""us es, "",""easier"","" "",""t"",""o "",""reach "",""t"",""han "",""t"",""hose "",""built"","" "",""in "",""moder"",""n "",""t"",""im es.""]",54
1981,devtest,984,Most modern research telescopes are enormous facilities in remote areas with favorable atmospheric conditions.,"[""M"",""ost"","" "",""moder"",""n "",""r es ear"",""ch"","" "",""te l es cop"",""es  "",""are "",""en or"",""mous "",""facilit"",""i es  "",""in "",""rem"",""o te  "",""areas "",""wit"",""h "",""favor"",""ab"",""le "",""at"",""mospher"",""ic "",""condit"",""ion"",""s.""]",30
1982,devtest,985,"Cherry blossom viewing, known as hanami, has been a part of Japanese culture since the 8th century.","[""C"",""h"",""er"",""r"",""y "",""blossom"","" "",""view"",""ing, "",""know"",""n"","" "",""as "",""hanami, "",""has "",""be en  "",""a "",""part"","" "",""of "",""Japan"",""es e"","" "",""cult"",""ure "",""sin"",""ce "",""t"",""he "",""8t"",""h "",""c en t"",""ury.""]",33
1983,devtest,986,The concept came from China where plum blossoms were the flower of choice.,"[""T"",""he "",""conc"",""ept"","" "",""came "",""from "",""C hi na "",""where "",""plum "",""blossom"",""s "",""were "",""t"",""he "",""flower "",""of "",""choice.""]",18
1984,devtest,987,"In Japan, the first cherry blossom parties were hosted by the emperor only for himself and other members of the aristocracy around the Imperial Court.","[""In "",""Japan"","", "",""t"",""he "",""first"","" "",""cher"",""ry "",""blossom"","" "",""part"",""i es  "",""were "",""hos te d "",""by "",""t"",""he "",""emp"",""er"",""or "",""only "",""for"","" "",""hi msel"",""f "",""and "",""ot"",""her "",""member"",""s "",""of "",""t"",""he "",""arist"",""ocracy "",""around"","" "",""t"",""he "",""Imper"",""ial"","" "",""Cour"",""t"","".""]",46
1985,devtest,988,"Plants look their best when in a natural environment, so resist the temptation to remove even ""just one"" specimen.","[""P"",""l"",""an"",""t"",""s "",""look "",""t"",""heir "",""b es t"","" "",""wh en  "",""in "",""a "",""nat"",""ural "",""en vironm en t"","", "",""so "",""r es ist"","" "",""t"",""he "",""te mptation"","" "",""t"",""o "",""rem"",""ove "",""ev en  "",""\""just"","" "",""one\"""","" "",""specim en.""]",34
1986,devtest,989,"If visiting a formally arranged garden, collecting ""specimens"" is also going to get you ejected, without discussion.","[""If visit"",""ing "",""a "",""for"",""mall"",""y "",""arr"",""ang"",""ed "",""gard"",""en, "",""col"",""l"",""ect"",""ing "",""\"""",""specim en s\"""","" "",""is "",""also "",""going "",""t"",""o "",""get "",""you "",""ejec te d, "",""wit"",""hout "",""disc"",""uss"",""ion"","".""]",32
1987,devtest,990,"Singapore is generally an extremely safe place to be and very easy to navigate, and you can buy almost anything after arriving.","[""S"",""in"",""gapore "",""is "",""g en er"",""all"",""y "",""an "",""ext"",""rem"",""el"",""y "",""safe "",""place "",""t"",""o "",""be "",""and "",""ver"",""y "",""easy "",""t"",""o "",""naviga te, "",""and "",""you "",""can "",""buy "",""almost"","" "",""anyt"",""hi ng "",""af te r"","" "",""arr"",""iving.""]",36
1988,devtest,991,"But being placed in the ""high tropics"" just a few degrees north of equator you will need to deal with both heat (always) and strong sun (when the sky is clear, more rarely).","[""B"",""u"",""t"","" "",""being "",""placed "",""in "",""t"",""he "",""\"""",""hi gh "",""t"",""rop"",""ics\"""","" "",""just"","" "",""a "",""few "",""degre es  "",""nor"",""t"",""h "",""of "",""equat"",""or "",""you "",""will"","" "",""need "",""t"",""o "",""deal "",""wit"",""h "",""bot"",""h "",""heat"","" "",""(always)"","" "",""and "",""st"",""rong "",""sun "",""(wh en  "",""t"",""he "",""sky "",""is "",""clear, "",""mor"",""e "",""rarel"",""y).""]",55
1989,devtest,992,"There are also a few buses going north to Hebron, the traditional burial place of the Biblical patriarchs Abraham, Isaac, Jacob, and their wives.","[""T"",""her"",""e "",""are "",""also "",""a "",""few "",""bus es  "",""going "",""nor"",""t"",""h "",""t"",""o "",""Hebron, "",""t"",""he "",""t"",""radition"",""al "",""bur"",""ial "",""place "",""of "",""t"",""he "",""Biblic"",""al "",""pat"",""riarch"",""s "",""Abraham"","", "",""Isaac, "",""Jacob"","", "",""and "",""t"",""heir "",""wiv es.""]",40
1990,devtest,993,Check that the bus you are thinking of taking goes into Hebron and not just to the nearby Jewish settlement of Kiryat Arba.,"[""C"",""h"",""ec"",""k"","" "",""t"",""hat "",""t"",""he "",""bus "",""you "",""are "",""t"",""hi nking "",""of "",""t"",""aking "",""go es  "",""int"",""o "",""Hebron "",""and "",""not"","" "",""just"","" "",""t"",""o "",""t"",""he "",""nearby "",""Jewish "",""set"",""tlem en t"","" "",""of "",""Kiryat "",""Arb"",""a.""]",39
1991,devtest,994,Inland waterways can be a good theme to base a holiday around.,"[""Inl"",""an"",""d "",""wa te rw"",""ays "",""can "",""be "",""a "",""good"","" "",""t"",""heme "",""t"",""o "",""base "",""a "",""hol"",""iday "",""around"","".""]",20
1992,devtest,995,"For example visiting castles in the Loire Valley, the Rhine valley or taking a cruise to interesting cites on the Danube or boating along the Erie Canal.","[""F"",""or"","" "",""exampl"",""e "",""visit"",""ing "",""cast"",""l es  "",""in "",""t"",""he "",""Loire "",""Val"",""l"",""ey, "",""t"",""he "",""R hi ne "",""vall"",""ey "",""or "",""t"",""aking "",""a "",""c ru ise "",""t"",""o "",""in te r"",""es t"",""ing "",""ci te s "",""on "",""t"",""he "",""Danube "",""or "",""boat"",""ing "",""along "",""t"",""he "",""Erie "",""Canal.""]",44
1993,devtest,996,They also define routes for popular hiking and cycling trails.,"[""T"",""hey "",""also "",""defin"",""e "",""rou te s "",""for"","" "",""popul"",""ar "",""hi king "",""and "",""cycl"",""ing "",""t"",""rails.""]",16
1994,devtest,997,"Christmas is one of the most important holidays of Christianity, and is celebrated as the birthday of Jesus.","[""C"",""h"",""r"",""ist"",""mas "",""is "",""one "",""of "",""t"",""he "",""most"","" "",""import"",""ant "",""hol"",""idays "",""of "",""Christ"",""ianit"",""y, "",""and "",""is "",""cel"",""ebra te d "",""as "",""t"",""he "",""birt"",""hday "",""of "",""J es us.""]",31
1995,devtest,998,Many of the traditions surrounding the holiday have been adopted also by non-believers in Christian countries and non-Christians around the world.,"[""M"",""an"",""y "",""of "",""t"",""he "",""t"",""radition"",""s "",""sur"",""round"",""in"",""g "",""t"",""he "",""hol"",""iday "",""have "",""be en  "",""adop te d "",""also "",""by "",""non-"",""bel"",""iever"",""s "",""in "",""Christ"",""ian "",""count"",""ri es  "",""and "",""non-"",""Christ"",""ians "",""around"","" "",""t"",""he "",""wor"",""ld.""]",41
1996,devtest,999,There's a tradition to pass the Easter night awake at some exposed point to see the sunrise.,"[""T"",""her"",""e'"",""s "",""a "",""t"",""radition"","" "",""t"",""o "",""pass"","" "",""t"",""he "",""Eas te r"","" "",""night"","" "",""awake "",""at"","" "",""som"",""e "",""exposed "",""point"","" "",""t"",""o "",""see"","" "",""t"",""he "",""sunrise.""]",33
1997,devtest,1000,"There are of course Christian theological explanations for this tradition, but it may well be a pre-Christian Spring and Fertility ritual.","[""T"",""her"",""e "",""are "",""of "",""cour"",""se "",""Chr"",""ist"",""ian "",""t"",""heolog"",""ical "",""explan"",""at"",""ion"",""s "",""for"","" "",""t"",""hi s "",""t"",""radition"","", "",""but"","" "",""it "",""may "",""well"","" "",""be "",""a "",""pre-"",""Christ"",""ian "",""Sprin"",""g "",""and "",""Fer"",""t"",""ilit"",""y "",""rit"",""ual.""]",44
1998,devtest,1001,"More traditional churches often hold an Easter Vigil on Saturday night during the Easter weekend, with the congregations often breaking into celebration at the stroke of midnight to celebrate Christ's resurrection.","[""M"",""or"",""e "",""t"",""radition"",""al "",""church"",""es  "",""of te n "",""hol"",""d "",""an "",""Eas te r"","" "",""Vigil"","" "",""on "",""Sat"",""urday "",""night"","" "",""during "",""t"",""he "",""Eas te r"","" "",""week en d, "",""wit"",""h "",""t"",""he "",""cong"",""regat"",""ion"",""s "",""of te n "",""breaking "",""int"",""o "",""cel"",""ebrat"",""ion"","" "",""at"","" "",""t"",""he "",""st"",""roke "",""of "",""mid"",""night"","" "",""t"",""o "",""cel"",""ebra te  "",""Christ"",""'"",""s "",""r es ur"",""rect"",""ion.""]",63
1999,devtest,1002,"All animals that originally arrived in the islands came here either by swimming, flying or floating.","[""Al"",""l"","" "",""animals "",""t"",""hat "",""origin"",""all"",""y "",""arr"",""ived "",""in "",""t"",""he "",""isl"",""ands"","" "",""came "",""her"",""e "",""eit"",""her "",""by "",""swimm"",""in"",""g, "",""flying "",""or "",""float"",""ing.""]",30
2000,devtest,1003,Due to the long distance from the continent mammals were unable to make the journey making the giant tortoise the primary grazing animal in the Galapagos.,"[""D"",""ue "",""t"",""o "",""t"",""he "",""long "",""dist"",""ance "",""from "",""t"",""he "",""cont"",""in en t"","" "",""mamm"",""al"",""s "",""were "",""unable "",""t"",""o "",""make "",""t"",""he "",""journ"",""ey "",""making "",""t"",""he "",""giant "",""t"",""ortoise "",""t"",""he "",""primary "",""grazing "",""animal "",""in "",""t"",""he "",""Gal"",""apag"",""os.""]",44
2001,devtest,1004,"Since the arrival of man to the Galapagos, many mammals have been introduced including goats, horses, cows, rats, cats and dogs.","[""S"",""in"",""ce "",""t"",""he "",""arr"",""ival "",""of "",""man"","" "",""t"",""o "",""t"",""he "",""Gal"",""apag"",""os, "",""man"",""y "",""mamm"",""al"",""s "",""have "",""be en  "",""int"",""roduc"",""ed "",""incl"",""udin"",""g "",""goats, "",""hor"",""s es, "",""cows, "",""rat"",""s, "",""cat"",""s "",""and "",""dogs.""]",40
2002,devtest,1005,"If you visit the Arctic or Antarctic areas in the winter you will experience the polar night, which means that the sun doesn't rise above the horizon.","[""If you "",""visit"","" "",""t"",""he "",""Arct"",""ic "",""or "",""Ant"",""arct"",""ic "",""areas "",""in "",""t"",""he "",""win te r"","" "",""you "",""will"","" "",""exper"",""i en c"",""e "",""t"",""he "",""pol"",""ar "",""night"","", "",""w hi ch "",""means "",""t"",""hat "",""t"",""he "",""sun "",""do esn't"","" "",""rise "",""above "",""t"",""he "",""hor"",""izon"","".""]",45
2003,devtest,1006,"This offers a good opportunity to see the Aurora borealis, as the sky will be dark more or less around the clock.","[""T"",""hi s "",""off"",""ers "",""a "",""good"","" "",""opport"",""unit"",""y "",""t"",""o "",""see"","" "",""t"",""he "",""Aurora "",""bor"",""ealis, "",""as "",""t"",""he "",""sky "",""will"","" "",""be "",""dark "",""mor"",""e "",""or "",""l es s "",""around"","" "",""t"",""he "",""clock.""]",36
2004,devtest,1007,"As the areas are sparsely populated, and light pollution therefore often not a problem, you will also be able to enjoy the stars.","[""As"","" t"",""he "",""areas "",""are "",""sparsel"",""y "",""popul"",""a te d, "",""and "",""light"","" "",""pol"",""l"",""ution"","" "",""t"",""herefor"",""e "",""of te n "",""not"","" "",""a "",""problem"","", "",""you "",""will"","" "",""also "",""be "",""able "",""t"",""o "",""en joy "",""t"",""he "",""st"",""ars.""]",38
2005,devtest,1008,Japanese work culture is more hierarchical and formal that what Westerners may be used to.,"[""Japan"",""es e"","" "",""wor"",""k "",""cult"",""ure "",""is "",""mor"",""e "",""hi erarc hi"",""cal "",""and "",""for"",""mal "",""t"",""hat "",""what "",""W es te r"",""ner"",""s "",""may "",""be "",""used "",""t"",""o.""]",26
2006,devtest,1009,"Suits are standard business attire, and coworkers call each other by their family names or by job titles.","[""S"",""uit"",""s "",""are "",""st"",""andard"","" "",""busin es s"","" "",""at"",""t"",""ire, "",""and "",""cowor"",""ker"",""s "",""call"","" "",""each "",""ot"",""her "",""by "",""t"",""heir "",""famil"",""y "",""nam es  "",""or "",""by "",""job "",""t"",""itl es.""]",32
2007,devtest,1010,"Workplace harmony is crucial, emphasizing group effort rather than praising individual accomplishments.","[""W"",""or"",""kpl"",""ace "",""har"",""mon"",""y "",""is "",""c ru cial"","", "",""emp"",""hasizin"",""g "",""group "",""effor"",""t"","" "",""rat"",""her "",""t"",""han "",""praising "",""individual"","" "",""accomp"",""l"",""ishm"",""en t"",""s.""]",29
2008,devtest,1011,"Workers must often get their superiors' approval for any decisions they make, and are expected to obey their superiors' instructions without question.","[""W"",""or"",""ker"",""s "",""must"","" "",""of te n "",""get "",""t"",""heir "",""super"",""iors'"","" "",""appr"",""ov"",""al "",""for"","" "",""any "",""dec"",""ision"",""s "",""t"",""hey "",""make, "",""and "",""are "",""expec te d "",""t"",""o "",""obey "",""t"",""heir "",""super"",""iors'"","" "",""inst"",""ru ct"",""ions "",""wit"",""hout "",""qu es t"",""ion"","".""]",44
