sentence_id,split,row_index,text,segments,segment_count
0,dev,0,"В понедельник ученые из Медицинской школы Стэнфордского университета объявили об изобретении нового диагностического инструмента, который может сортировать клетки по их типу; это маленький чип, который можно напечатать, используя стандартный струйный принтер примерно за 1 цент США.","[""В"","" "",""пон"",""едельн"",""ик "",""учен"",""ые "",""из "",""Медицин"",""ск"",""ой "",""шк"",""олы "",""Стэн"",""фордск"",""ого "",""ун"",""ивер"",""итета "",""объявили "",""об изоб"",""ретен"",""ии "",""нов"",""ого "",""диаг"",""н"",""остическ"",""ого "",""ин"",""струмен"",""та, "",""кото"",""ый "",""може"","" "",""со"",""тиров"",""ать "",""клетки "",""по "",""их "",""типу; "",""это "",""мал"",""н"",""ький "",""чип, "",""кото"",""ый "",""можн"",""о "",""нап"",""ечатать, "",""использ"",""я "",""стан"",""дартн"",""ый "",""стр"",""йн"",""ый "",""при"","""",""тер "",""при"",""ерн"",""о "",""за "",""1 "",""цен"",""т "",""США.""]",73
1,dev,1,"Ведущие исследователи утверждают, что он может помочь в раннем выявлении рака, туберкулеза, ВИЧ и малярии у пациентов в странах с низким уровнем дохода, где показатели выживаемости при таких болезнях, как рак молочной железы, могут быть в два раза ниже, чем в более богатых странах.","[""В"",""ед"",""щ"",""ие "",""исследов"",""ател"","" "",""утвержд"",""ают, "",""что "",""он"","" "",""може"","" "",""пом"",""очь "",""в "",""ран"",""нем "",""выявлен"",""ии "",""рак"",""а, "",""туб"",""ер"",""улеза, "",""ВИЧ "",""и мал"",""рии "",""у "",""пациен"",""тов"","" "",""в "",""стр"",""н"",""ах "",""с "",""низк"",""им "",""уров"",""н"",""ем "",""до"",""ода, "",""где "",""пок"",""азател"","" "",""выживаем"",""о"",""ти "",""при "",""так"",""их "",""болезн"",""ях, "",""как"","" "",""рак"","" "",""моло"",""н"",""ой "",""желез"","""","", "",""могут "",""быть "",""в "",""два "",""раза "",""ниже, "",""чем"","" "",""в "",""более "",""бога"",""ых "",""стр"",""н"",""ах.""]",82
2,dev,2,Приблизительно в 9:30 по местному времени (02:30 UTC) JAS 39C Gripen упал на взлетно-посадочную полосу и взорвался. Аэропорт пришлось закрыть для коммерческих рейсов.,"[""П"",""ри"",""лизител"",""н"",""о "",""в "",""9:30 "",""по "",""местн"",""ому "",""врем"",""ен"",""и "",""(02:30 "",""UTC) "",""JAS "",""39C "",""Grip en  "",""упал "",""на "",""взлетн"",""о-"",""по"",""адочн"",""ую "",""пол"",""су "",""и взо"",""вался. "",""Аэроп"",""о"",""т "",""при"",""ло"",""ь "",""зак"",""рыть "",""для "",""ком"",""мер"",""еск"",""их "",""рейсов"","".""]",44
3,dev,3,Личность пилота была установлена. Им оказался командир эскадрильи Дилокрит Паттави.,"[""Л"",""и"",""н"",""ость "",""пил"","""",""а "",""была "",""устан"",""ов"",""лен"",""а. "",""Им "",""ок"",""азался "",""ком"",""ан"",""дир "",""эск"",""адрильи "",""Дилок"",""рит "",""Паттав"",""и.""]",24
4,dev,4,"Местные СМИ сообщают, что в аэропорту по пути на вызов перевернулась пожарная машина.","[""М"",""естн"",""ые "",""СМИ "",""сообщ"",""ают, "",""что "",""в "",""аэроп"",""о"",""ту "",""по "",""пути "",""на "",""вызов"","" "",""пер"",""в"",""ерн"",""ула"",""ь "",""пож"",""рн"",""ая "",""машин"",""а.""]",26
5,dev,5,"28-летний Алеш Видаль перешел в ""Барсу"" из ""Севильи"" три сезона назад.","[""28-"",""летн"",""ий "",""Алеш "",""Вид"",""ль "",""пер"",""шел "",""в "",""\""Барсу\"" "",""из "",""\""Сев"",""ильи\"" "",""три "",""сезон"",""а "",""назад.""]",17
6,dev,6,После переезда в столицу Каталонии  Видаль провел за клуб 49 матчей.,"[""П"",""о"",""ле "",""пер"",""езд"","" "",""в "",""стол"",""ицу "",""Катал"",""н"",""ии "","" "",""Вид"",""ль "",""пров"",""ел "",""за "",""клуб "",""49 "",""матчей.""]",21
7,dev,7,"Протест начался около 11:00 по местному времени (UTC+1) на улице Уайтхолл напротив охраняемого полицией въезда на Даунинг-стрит, официальную резиденцию премьер-министра.","[""П"",""ро"",""ест "",""начался "",""ок"",""оло "",""11:00 "",""по "",""местн"",""ому "",""врем"",""ен"",""и "",""(UTC+1) "",""на "",""улице "",""Уайтхол"",""л "",""нап"",""ро"",""ив "",""охран"",""яем"",""ого "",""пол"",""цией "",""въезда "",""на "",""Даун"",""ин"",""г-"",""стрит, "",""официальн"",""ую "",""резиден"",""цию "",""прем"",""ьер-"",""мин"",""истра.""]",40
8,dev,8,Сразу после 11:00 протестующие перекрыли движение в северном направлении по Уайтхоллу.,"[""С"",""аз"","" "",""по"",""ле "",""11:00 "",""про"",""ест"",""ющ"",""ие "",""пер"",""к"",""рыли "",""движен"",""ие "",""в "",""сев"",""ерн"",""ом "",""нап"",""рав"",""лен"",""ии "",""по "",""Уайтхол"",""л"","".""]",27
9,dev,9,"В 11:20 полиция попросила митингующих вернуться на тротуар, заявив, что им необходимо соблюдать баланс между правом протестовать и задержкой дорожного движения.","[""В"","" "",""11:20 "",""пол"",""ция "",""поп"",""ро"",""ила "",""митин"",""гующ"",""их "",""вер"","""",""уться "",""на "",""тро"",""уар, "",""за"",""вив, "",""что "",""им "",""необходим"",""о "",""соб"",""людать "",""балан"",""с "",""межд"","" "",""прав"",""ом "",""про"",""естов"",""ать "",""и зад"",""ржк"",""ой "",""до"",""ожн"",""ого "",""движен"",""ия.""]",42
10,dev,10,"Около 11:29 протестующие двинулись вверх по Уайтхолл, мимо Трафальгарской площади, вдоль Стрэнда, мимо Олдвича и вверх по Кингсуэй в сторону района Холборн, где Консервативная партия проводила свой Весенний форум в гостинице Grand Connaught Rooms.","[""Ок"",""ол"","" "",""11:29 "",""про"",""естующ"",""ие "",""двин"",""ули"",""ь "",""ввер"","" "",""по "",""Уай"",""хол"",""л, "",""мимо "",""Трафальгар"",""к"",""ой "",""пло"",""ади, "",""вдоль "",""Стр"",""н"",""да, "",""мимо "",""Олдвича "",""и ввер"","" "",""по "",""Кин"",""гсуэй "",""в "",""сто"",""он"",""у "",""район"",""а "",""Холб"",""орн"","", "",""где "",""Кон"",""сер"",""ативн"",""ая "",""пар"",""ия "",""пров"",""одила "",""свой "",""Вес"",""ен"",""ний "",""фор"",""м "",""в "",""го"",""тин"",""ице "",""Grand"","" "",""Connaught "",""Rooms.""]",65
11,dev,11,Рекорд Надала в схватках один на один с канадцем —  7–2.,"[""Р"","""",""к"",""орд "",""Над"",""ла "",""в "",""схватках "",""один"","" "",""на "",""один"","" "",""с "",""кан"",""адцем"","" "",""— "","" 7–2.""]",19
12,dev,12,Недавно он проиграл Раоничу на турнире в Брисбене.,"[""Н"",""ед"",""вн"",""о "",""он"","" "",""проиграл "",""Раон"",""ичу "",""на "",""турн"",""ире "",""в "",""Бри"",""б"",""ен"",""е.""]",17
13,dev,13,"Надал набрал 88% всех очков в матче, выиграв 76 очков  в первой подаче.","[""Н"",""ад"",""л "",""наб"",""рал "",""88% "",""всех "",""очков"","" "",""в "",""матче, "",""выиг"",""ав"","" "",""76 "",""очков"","" "","" в "",""пер"",""ой "",""под"",""че.""]",22
14,dev,14,"После матча ""Король грунта"" сказал: ""Я так рад, что вернусь в финальные раунды самых важных мероприятий. Я здесь, чтобы попытаться выиграть"".","[""П"",""о"",""ле "",""матча "",""\""Ко"",""оль "",""гр"",""н"",""та\"" "",""ск"",""азал: "",""\""Я так"","" "",""рад, "",""что "",""вер"","""",""усь "",""в "",""фин"",""альн"",""ые "",""раун"",""ды "",""сам"",""ых "",""важн"",""ых "",""мер"",""п"",""риятий. "",""Я здесь, "",""чтобы "",""попытаться "",""выиг"",""ать\"".""]",36
15,dev,15,"""Панамские документы"" — это собирательное название приблизительно десяти миллионов документов панамской юридической фирмы Mossack Fonseca, просочившихся в прессу весной 2016 г.","[""\"""",""Пан"",""амск"",""ие "",""док"",""умен"",""ты\"" "",""— "",""это "",""соб"",""ирательн"",""ое "",""назв"",""ан"",""ие "",""при"",""лизительн"",""о "",""дес"",""яти "",""миллион"",""ов"","" "",""док"",""умен"",""тов"","" "",""пан"",""амск"",""ой "",""юридическ"",""ой "",""фирмы "",""Mossack "",""Fonseca, "",""про"",""о"",""ившихся "",""в "",""пре"",""су "",""вес"",""ной "",""2016 "",""г.""]",45
16,dev,16,"Документы показали, что четырнадцать банков помогли состоятельным клиентам спрятать миллиарды долларов США, чтобы избежать уплаты налогов и выполнения прочих нормативных требований.","[""Д"",""ок"",""умен"",""ты "",""пок"",""азали, "",""что "",""чет"",""рн"",""адцать "",""бан"",""ков"","" "",""пом"",""огли "",""со"",""тоятельн"",""ым "",""клиен"",""там "",""спрятать "",""миллиа"",""д"","" "",""долла"",""ов"","" "",""США, "",""чтоб"",""ы "",""изб"",""ежать "",""уплаты "",""нал"",""г"",""ов"","" "",""и выполнен"",""ия "",""про"",""их "",""нормативн"",""ых "",""треб"",""ов"",""ан"",""ий.""]",47
17,dev,17,"Британская газета The Guardian  предположила, что Deutsche Bank контролировал примерно треть из 1200 подставных компаний, использованных для этой цели.","[""Б"",""ри"",""ан"",""ск"",""ая "",""газета "",""The "",""Guard"",""ian "","" пред"",""положила, "",""что "",""Deutsche "",""Bank "",""кон"",""трол"",""иров"",""ал "",""при"",""ерн"",""о "",""тре"",""ь "",""из "",""1200 "",""под"",""тавн"",""ых "",""ком"",""пан"",""ий, "",""использов"",""ан"",""ных "",""для "",""этой "",""цели.""]",37
18,dev,18,"По всему миру происходили протесты, было несколько уголовных преследований, а главы правительств Исландии и Пакистана ушли в отставку.","[""П"",""о "",""всем"",""у "",""мир"","" "",""происходили "",""про"",""ест"","", "",""было "",""неск"",""олько "",""уголов"",""н"",""ых "",""пре"",""ледов"",""ан"",""ий, "",""а глав"",""ы "",""прав"",""ительств"","" "",""Ислан"",""дии "",""и Пак"",""истан"",""а "",""ушли "",""в "",""отставку.""]",33
19,dev,19,"Ма родился в Гонконге, учился в Нью-Йоркском университете и Гарвардской юридической школе. Он также когда-то имел постоянный вид на жительство в Америке (""грин-карту"").","[""М"",""а "",""родился "",""в "",""Гон"",""кон"",""ге, "",""учился "",""в "",""Нью-"",""Йоркск"",""ом "",""ун"",""ивер"",""итете "",""и Гарвард"",""к"",""ой "",""юридическ"",""ой "",""шк"",""оле. "",""Он"","" "",""так"",""же "",""когда-"",""то "",""имел "",""по"",""тоян"",""ный "",""вид "",""на "",""жительств"",""о "",""в "",""Америк"",""е "",""(\""грин"",""-"",""карту\"").""]",42
20,dev,20,"Во время проведения выборов Се намекал, что Ма может покинуть страну в случае кризиса.","[""В"",""о врем"",""я "",""пров"",""еден"",""ия "",""выбо"",""ов"","" "",""Се "",""намек"",""ал, "",""что "",""Ма "",""може"","" "",""пок"",""ин"",""уть "",""стр"",""н"",""у "",""в "",""случае "",""кри"",""иса.""]",26
21,dev,21,"Се также утверждал, что фотогеничный Ма больше выделялся внешностью, чем харизмой.","[""Се "",""так"",""же "",""утвержд"",""ал, "",""что "",""фото"","""",""ен"",""ичн"",""ый "",""Ма "",""больш"",""е "",""выд"",""лялся "",""вн"",""ешн"",""остью, "",""чем"","" "",""харизмой.""]",22
22,dev,22,"Несмотря на эти обвинения, Ма легко победил, выступая за более тесные связи с материковой частью Китая.","[""Н"",""есмо"",""р"","" "",""на "",""эти "",""обвин"",""ен"",""ия, "",""Ма "",""легк"",""о "",""поб"",""едил, "",""выс"",""упая "",""за "",""более "",""тес"",""н"",""ые "",""связи "",""с "",""матер"",""ков"",""ой "",""частью "",""Китая.""]",28
23,dev,23,Сегодняшний игрок дня — Алекс Овечкин из Washington Capitals.,"[""Сегодн"",""яшн"",""ий "",""игрок"","" "",""дня "",""— "",""Алек"",""с "",""Овечкин"","" "",""из "",""Was hi ngton "",""Cap"",""itals.""]",15
24,dev,24,"У него было 2 гола и 2 передачи в матче футбольного клуба ""Вашингтон"" против ""Атланта Трэшерз"", в котором первый одержал победу со счётом 5-3.","[""У "",""него "",""было "",""2 гола "",""и 2 пер"",""дачи "",""в "",""матче "",""футбольн"",""ого "",""клуба "",""\""Ваш"",""ин"",""гтон"",""\"" "",""про"",""ив "",""\""Атлан"",""та "",""Трэшерз\"""","", "",""в "",""кото"",""ом "",""пер"",""ый "",""одержал "",""поб"",""еду "",""со "",""счётом "",""5-3.""]",32
25,dev,25,"Первая голевая передача Овечкина в тот вечер принесла команде победный гол, выполненный новичком Никласом Бекстрёмом;","[""П"",""ер"",""ая "",""голев"",""ая "",""пер"",""дача "",""Овечкин"",""а "",""в "",""то"","" "",""вечер "",""при"","""",""есла "",""ком"",""ан"",""де "",""поб"",""едн"",""ый "",""гол, "",""выполнен"",""ный "",""нов"",""ичком "",""Никласом"","" "",""Бек"",""стрёмом;""]",31
26,dev,26,"Его второй целью в этот вечер был его 60-й гол в сезоне, в результате чего он становился первым игроком забившим 60 или больше голов в сезоне с 1995-96 гг., когда Джаромир Джагр  и Марио Лемьо оба добились этого достижения.","[""Ег"",""о "",""вто"",""ой "",""цел"",""ю "",""в "",""это"","" "",""вечер "",""был "",""его "",""60-"",""й "",""гол "",""в "",""сезон"",""е, "",""в "",""рез"",""льта"",""е "",""чего "",""он"","" "",""стан"",""ов"",""ился "",""пер"",""ым "",""игрок"",""ом "",""заб"",""ивш"",""им "",""60 "",""или "",""больш"",""е "",""голов"","" "",""в "",""сезон"",""е "",""с "",""1995-"",""96 "",""гг., "",""когда "",""Джаромир "",""Джаг"",""р "","" "",""и Мар"",""о "",""Лем"",""ьо "",""оба "",""доб"",""ились "",""этого "",""до"",""тижен"",""ия.""]",64
27,dev,27,"Баттен занял 190-е место в списке 400 богатейших американцев в 2008 году, его состояние оценивалось в 2,3 миллиарда долларов США.","[""Б"",""а"",""тен"","" "",""зан"",""ял "",""190-"",""е "",""место "",""в "",""списк"",""е "",""400 "",""бога"",""ейш"",""их "",""американ"",""цев"","" "",""в "",""2008 "",""году, "",""его "",""со"",""тоян"",""ие "",""оцен"",""ивало"",""ь "",""в "",""2,3 "",""миллиа"",""да "",""долларов"","" "",""США.""]",36
28,dev,28,Он окончил колледж искусств и наук Виргинского университета в 1950 году и был важным спонсором этого учреждения.,"[""Он"","" "",""ок"",""он"",""чил "",""кол"",""едж "",""иск"",""усств"","" "",""и наук "",""Виргин"",""ского "",""ун"",""ивер"",""итета "",""в "",""1950 "",""году "",""и был "",""важн"",""ым "",""спо"","""",""сором "",""этого "",""учрежден"",""ия.""]",28
29,dev,29,Иракская тюрьма Абу-Грейб была подожжена во время бунта.,"[""И"",""ак"",""ск"",""ая "",""тюрьма "",""Абу-"",""Грейб"","" "",""была "",""под"",""жж"",""ен"",""а "",""во "",""врем"",""я "",""бун"",""та.""]",18
30,dev,30,"Тюрьма получила скандальную известность после раскрытия издевательств над заключенными, происходивших в ней, когда она перешла под контроль американских военных.","[""Т"","""","""","""",""м"",""а "",""пол"",""чила "",""ск"",""ан"",""дальн"",""ую "",""известн"",""ость "",""по"",""ле "",""раск"",""рытия "",""изд"",""в"",""ател"",""ств"","" "",""над "",""зак"",""лючен"",""ными, "",""происходив"","""",""их "",""в "",""ней, "",""когда "",""он"",""а "",""пер"",""шла "",""под "",""кон"",""трол"",""ь "",""американ"",""ских "",""воен"",""ных.""]",45
31,dev,31,"Пике-младший попал в аварию на Гран-при Сингапура в 2008 году сразу после раннего пит-стопа Фернандо Алонсо, после чего пришлось задействовать машину безопасности.","[""П"",""ик"",""е-"",""млад"","""",""ий "",""поп"",""ал "",""в "",""аварию "",""на "",""Гран"",""-"",""при "",""Син"",""гап"",""ура "",""в "",""2008 "",""году "",""сразу "",""по"",""ле "",""ран"",""него "",""пит-"",""стоп"",""а "",""Фер"","""",""ан"",""до "",""Алон"",""со, "",""по"",""ле "",""чего "",""при"",""ло"",""ь "",""зад"",""йств"",""ов"",""ать "",""машин"",""у "",""без"",""п"",""асн"",""ости.""]",50
32,dev,32,"Когда машины впереди Алонсо отправились за топливом под машину безопасности, он двинулся вверх, чтобы взять победу.","[""К"",""ог"",""да "",""машин"",""ы "",""впер"",""ди "",""Алон"",""со "",""отправ"",""или"",""ь "",""за "",""топ"",""лив"",""ом "",""под "",""машин"",""у "",""без"",""п"",""асн"",""ости, "",""он"","" "",""двин"",""улся "",""ввер"","", "",""чтоб"",""ы "",""вз"",""ть "",""поб"",""еду.""]",35
33,dev,33,Пике-младший не был допущен к гонкам после Гран-при Венгрии 2009 года.,"[""П"",""ик"",""е-"",""млад"","""",""ий "",""не "",""был "",""допущен"","" "",""к "",""гон"",""кам "",""по"",""ле "",""Гран"",""-"",""при "",""Вен"",""грии "",""2009 "",""года.""]",22
34,dev,34,"Ровно в 08:46 весь город замер, обозначив тот самый момент, когда первый самолёт ударил по цели.","[""Р"","""",""в"",""н"",""о "",""в "",""08:46 "",""вес"",""ь "",""го"",""од "",""зам"",""ер, "",""обозн"",""ачив "",""то"","" "",""сам"",""ый "",""момен"",""т, "",""когда "",""пер"",""ый "",""сам"",""олёт "",""ударил "",""по "",""цели.""]",29
35,dev,35,"Были установлены два источника света, лучи от которых были направлены в ночное небо.","[""Б"",""ыли "",""устан"",""ов"",""лен"",""ы "",""два "",""исто"",""н"",""ика "",""све"",""а, "",""лучи "",""от "",""кото"",""ых "",""были "",""нап"",""рав"",""лен"",""ы "",""в "",""ночн"",""ое "",""небо.""]",25
36,dev,36,На этом месте ведется стройка пяти новых небоскрёбов с транспортным центром и мемориальным парком посередине.,"[""Н"",""а "",""этом "",""месте "",""вед"",""тся "",""стр"",""йк"",""а "",""пяти "",""нов"",""ых "",""небо"",""к"",""рёбов"","" "",""с "",""тран"",""спо"",""тн"",""ым "",""цен"",""тром"","" "",""и мем"",""о"",""иальн"",""ым "",""пар"",""ом "",""по"",""ередин"",""е.""]",33
37,dev,37,"У этого сериала PBS более двух дюжин наград ""Эмми"", и по продолжительности он уступает только ""Улице Сезам"" и ""Окрестностям дома мистера Роджерса"".","[""У "",""этого "",""сер"",""ала "",""PBS "",""более "",""двух "",""дюжин"","" "",""наг"","""",""ад "",""\""Эмми\"", "",""и по "",""прод"",""олжительн"",""ости "",""он"","" "",""уступает "",""тольк"",""о "",""\""Улице "",""Сезам"",""\"" "",""и \""Ок"",""рестн"",""остям "",""дом"",""а "",""мистер"","" "",""Роджер"",""а\"".""]",34
38,dev,38,Каждый эпизод шоу будет посвящен теме в определенной книге и потом станет исследовать эту тему с помощью разнообразных историй.,"[""К"",""аж"",""д"","""",""й "",""эпизод "",""шо"","" "",""будет "",""по"",""вящен"","" "",""тем"",""е "",""в "",""опред"",""елен"",""ной "",""книге "",""и по"",""ом "",""стан"",""ет "",""исследов"",""ать "",""эту "",""тем"",""у "",""с "",""пом"",""ощью "",""разн"",""ооб"",""разн"",""ых "",""исто"",""ий.""]",37
39,dev,39,"Каждое шоу также даст рекомендацию по поводу книги, которую стоит искать детям, когда они пойдут в библиотеку.","[""К"",""аж"",""д"",""ое "",""шо"","" "",""так"",""же "",""даст "",""рек"",""омен"",""дацию "",""по "",""пов"",""оду "",""книги, "",""кото"",""ую "",""стоит "",""иск"",""ать "",""детям, "",""когда "",""он"",""и "",""пойдут "",""в "",""библио"",""ек"",""у.""]",30
40,dev,40,"Джон Грант с канала WNED Buffalo (где показывают Reading Rainbow) сказал: ""Шоу Reading Rainbow показало детям, зачем нужно читать, ... привило любовь к чтению — [оно] побудило детей взять книгу в руки и прочитать ее"".","[""Д"",""жон"","" "",""Гран"",""т "",""с "",""кан"",""ала "",""WNED "",""Buffalo "",""(где "",""пок"",""азывают "",""Read"",""ing "",""Rainbow) "",""ск"",""азал: "",""\""Шо"","" "",""Reading "",""Rainbow "",""пок"",""азало "",""детям, "",""за"",""ем"","" "",""нужн"",""о "",""читать, "",""... "",""при"",""ило "",""люб"",""овь "",""к "",""чтен"",""ию "",""— "",""[он"",""о] "",""поб"",""удило "",""дет"",""й "",""вз"",""ть "",""книгу "",""в "",""руки "",""и про"",""итать "",""ее\"".""]",54
41,dev,41,"Некоторые, включая Джона Гранта, считают, что к завершению сериала привели одновременно и нехватка финансирования, и смена концепции образовательных ТВ-программ.","[""Н"",""ек"",""ото"",""ые, "",""включа"","" "",""Джон"",""а "",""Гран"",""та, "",""считают, "",""что "",""к "",""зав"",""ершен"",""ию "",""сер"",""ала "",""при"",""ели "",""одн"",""ов"",""рем"",""ен"",""но "",""и нехватка "",""фин"",""ан"",""сиров"",""ан"",""ия, "",""и смен"",""а "",""кон"",""цепции "",""образов"",""ательн"",""ых "",""ТВ-"",""прог"",""рамм.""]",41
42,dev,42,"Синоптики говорят, что шторм, находящийся примерно в 645 милях (1040 км) к западу от островов Кабо-Верде, скорее всего, закончится до того, как сможет стать угрозой каким-либо участкам суши.","[""Син"",""оп"",""тик"",""и "",""гово"",""ят, "",""что "",""што"",""м, "",""находящ"",""ийся "",""при"",""ерн"",""о "",""в "",""645 "",""милях "",""(1040 "",""км) "",""к "",""зап"",""ад"","" "",""от "",""остров"",""ов"","" "",""Каб"",""о-"",""Вер"",""е, "",""ск"",""орее "",""всего, "",""зак"",""он"",""чится "",""до "",""того, "",""как"","" "",""сможет "",""ста"",""ь "",""угрозой "",""как"",""им-"",""либ"",""о "",""уча"",""ткам "",""суши.""]",52
43,dev,43,"Скорость ветра урагана Фред в настоящее время 105 миль в час (165 км/ч), и он движется в направление северо-запада.","[""Ск"",""оро"",""ть "",""вет"",""а "",""ураган"",""а "",""Фред "",""в "",""насто"",""щ"",""ее "",""врем"",""я "",""105 "",""миль "",""в "",""час "",""(165 "",""км/ч), "",""и он"","" "",""движется "",""в "",""нап"",""рав"",""лен"",""ие "",""сев"",""еро-"",""зап"",""ада.""]",32
44,dev,44,"Фред является самым сильным тропическим циклоном, когда-либо зарегистрированным так далеко на юге и востоке в Атлантическом океане со времен появления спутниковой съемки, и всего лишь третьим крупным ураганом к востоку от 35 градусов з. ш. за всё время наблюдений.","[""Ф"","""",""д"","" "",""является "",""сам"",""ым "",""сильн"",""ым "",""троп"",""ическ"",""им "",""цик"",""лон"",""ом, "",""когда-"",""либ"",""о "",""за"",""егист"",""иров"",""ан"",""ным "",""так"","" "",""далек"",""о "",""на "",""юге "",""и во"",""ток"",""е "",""в "",""Атлан"",""тическ"",""ом "",""ок"",""еан"",""е "",""со "",""врем"",""ен"","" "",""по"",""влен"",""ия "",""спутн"",""иков"",""ой "",""съем"",""ки, "",""и всего "",""лишь "",""тре"",""ьим"","" "",""крупн"",""ым "",""ураган"",""ом "",""к "",""во"",""ток"",""у "",""от "",""35 "",""градусов"","" "",""з. "",""ш. "",""за "",""всё "",""врем"",""я "",""наб"",""люден"",""ий.""]",77
45,dev,45,24 сентября 1759 года Артур Гиннесс подписал контракт на 9000 лет аренды пивоварни St James' Gate Brewery в ирландском Дублине.,"[""24 "",""сен"",""тября "",""1759 "",""года "",""Артур "",""Гин"",""несс "",""под"",""исал "",""кон"",""тракт "",""на "",""9000 "",""лет "",""арен"",""ды "",""пивов"",""арн"",""и "",""St "",""Jam es '"","" "",""Ga te  "",""Brew"",""ery "",""в "",""ирлан"",""дск"",""ом "",""Дублин"",""е.""]",32
46,dev,46,"250 лет спустя ""Гиннесс"" превратился в глобальную компанию с ежегодным оборотом свыше 10 миллиардов евро (14,7 миллиардов долларов США).","[""250 "",""лет "",""спуст"","" "",""\""Гин"",""несс\"" "",""прев"",""ратился "",""в "",""глоб"",""альн"",""ую "",""ком"",""пан"",""ию "",""с "",""ежегодн"",""ым "",""обо"",""отом "",""свыше "",""10 "",""миллиа"",""дов"","" "",""евро "",""(14,7 "",""миллиа"",""дов"","" "",""долларов"","" "",""США).""]",33
47,dev,47,"Штурман команды из Новой Зеландии A1GP Джонни Рид сегодня вошел в историю, проехав по официальным данным быстрее всех по 48-летнему мосту Окленд Харбор Бридж в Новой Зеландии.","[""Ш"",""у"","""","""",""ан"","" "",""ком"",""ан"",""ды "",""из "",""Нов"",""ой "",""Зелан"",""дии "",""A1GP "",""Джон"",""ни "",""Рид "",""сегодн"",""я "",""во"",""ел "",""в "",""исто"",""ию, "",""проехав "",""по "",""официальн"",""ым "",""дан"",""ным "",""быстрее "",""всех "",""по "",""48-летн"",""ему "",""мо"",""ту "",""Ок"",""лен"",""д "",""Харбо"","" "",""Бри"",""ж "",""в "",""Нов"",""ой "",""Зелан"",""дии.""]",50
48,dev,48,"Мистеру Риду удалось проехать на новозеландском автомобиле Black Beauty, участвовавшем в ""А1 Гран-при"", со скоростью более 160 км/ч семь раз по мосту.","[""М"",""и"","""",""ер"","" "",""Рид"","" "",""удало"",""ь "",""проехать "",""на "",""нов"",""озелан"",""дск"",""ом "",""авто"","""",""об"",""иле "",""Black"","" "",""Beauty, "",""уча"",""тв"",""ов"",""авш"",""ем "",""в "",""\""А1 "",""Гран"",""-"",""при\"""","", "",""со "",""ск"",""оростью "",""более "",""160 "",""км/"",""ч "",""сем"",""ь "",""раз "",""по "",""мо"",""ту.""]",46
49,dev,49,"У новозеландской полиции были трудности с радарами для замера скорости и определением того, как быстро ехал мистер Рид из-за того, что Black Beauty довольно низкая, и единственный раз, когда полиции удалось засечь мистера Рида, это было тогда, когда он сбавил скорость до 160 км/ч.","[""У "",""нов"",""озелан"",""дск"",""ой "",""пол"",""ции "",""были "",""тр"",""дн"",""ости "",""с "",""рад"",""рами "",""для "",""зам"",""ера "",""ск"",""орости "",""и опред"",""елен"",""ием "",""того, "",""как"","" "",""быстро "",""ехал "",""мистер "",""Рид "",""из-"",""за "",""того, "",""что "",""Black "",""Beauty "",""дов"",""ольн"",""о "",""низк"",""ая, "",""и един"",""ств"",""ен"",""ный "",""раз, "",""когда "",""пол"",""ции "",""удало"",""ь "",""за"",""ечь "",""мистер"","" "",""Рида, "",""это "",""было "",""тогда, "",""когда "",""он"","" "",""сбавил "",""ск"",""орость "",""до "",""160 "",""км/"",""ч.""]",68
50,dev,50,За последние 3 месяца более 80 арестованных были освобождены из центра предварительного заключения без предъявления им официальных обвинений.,"[""З"",""а "",""по"",""ледн"",""ие "",""3 месяца "",""более "",""80 "",""арестов"",""ан"",""ных "",""были "",""освоб"",""ожден"",""ы "",""из "",""цен"",""тра "",""пред"",""в"",""арительн"",""ого "",""зак"",""лючен"",""ия "",""без "",""пред"",""ъявлен"",""ия "",""им "",""официальн"",""ых "",""обвин"",""ен"",""ий.""]",35
51,dev,51,"В апреле этого года судья Глинн издал судебный запрет в отношении данного учреждения, чтобы освободить тех, кто содержался в неволе более 24 часов после их поступления в тюрьму, и у которых не были проведены слушания у уполномоченного суда.","[""В"","" "",""ап"",""реле "",""этого "",""года "",""суд"",""я "",""Глин"",""н "",""изд"",""л "",""суд"",""бн"",""ый "",""зап"",""рет "",""в "",""отношен"",""ии "",""дан"",""ного "",""учрежден"",""ия, "",""чтоб"",""ы "",""освоб"",""одить "",""тех, "",""кто "",""содержался "",""в "",""нев"",""оле "",""более "",""24 "",""часов"","" "",""по"",""ле "",""их "",""по"",""туплен"",""ия "",""в "",""тюрьму, "",""и у "",""кото"",""ых "",""не "",""были "",""пров"",""еден"",""ы "",""слушан"",""ия "",""у "",""уполн"",""омо"",""ен"",""ного "",""суд"","".""]",63
52,dev,52,"Комиссар полиции устанавливает залог (на случай его внесения) и формализует обвинения, выдвинутые офицером, который выполнил арест. После этого обвинения заносятся в компьютерную систему штата, в которой ведется дело задержанного.","[""К"",""ом"",""исса"","" "",""пол"",""ции "",""устан"",""ав"",""лив"",""ает "",""зал"",""г"","" "",""(на "",""случай "",""его "",""вн"",""есен"",""ия) "",""и форм"",""ализ"",""ет "",""обвин"",""ен"",""ия, "",""выд"","""",""ин"",""утые "",""офицер"",""м"","", "",""кото"",""ый "",""выполнил "",""арест. "",""По"",""ле "",""этого "",""обвин"",""ен"",""ия "",""зан"",""осятся "",""в "",""ком"",""пьютер"","""",""ую "",""систем"",""у "",""шта"",""а, "",""в "",""кото"",""ой "",""ведется "",""дел"","" "",""зад"",""ржан"",""ного.""]",62
53,dev,53,"На слушании также назначается срок, в течение которого должно быть соблюдено право подозреваемого на безотлагательное судебное разбирательство.","[""Н"",""а "",""слу"",""ан"",""ии "",""так"",""же "",""назн"",""ачается "",""срок"","", "",""в "",""течен"",""ие "",""кото"",""ого "",""должн"",""о "",""быть "",""соб"",""люден"",""о "",""прав"",""о "",""под"",""зрев"",""аем"",""ого "",""на "",""без"","""",""лаг"",""ател"",""н"",""ое "",""суд"",""бн"",""ое "",""разб"",""ирательств"",""о.""]",41
54,dev,54,"Питер Костелло, казначей Австралии и человек, который, скорее всего, станет преемником Премьер-министра Джона Ховарда на посту лидера Либеральной партии, выразыл свою поддержку атомной энергетике Австралии.","[""П"",""и"",""ер "",""Ко"",""тел"",""о, "",""казн"",""ачей "",""Австралии "",""и челов"",""ек, "",""кото"",""ый, "",""ск"",""орее "",""всего, "",""стан"",""ет "",""преем"",""н"",""иком "",""Прем"",""ьер-"",""мин"",""истра "",""Джон"",""а "",""Ховарда "",""на "",""по"",""ту "",""лидера "",""Либер"",""льн"",""ой "",""пар"",""ии, "",""выраз"",""л "",""сво"","" "",""под"",""ержк"",""у "",""атом"",""н"",""ой "",""эн"",""ергетик"",""е "",""Австралии.""]",51
55,dev,55,"Г-н Костелло заявил, что, когда ядерная энергетика станет экономически жизнеспособной, Австралия должна будет стремиться к её использованию.","[""Г"",""-"",""н Ко"",""тел"",""о "",""за"",""вил, "",""что, "",""когда "",""ядерн"",""ая "",""эн"",""ергетик"",""а "",""стан"",""ет "",""эк"",""он"",""омическ"",""и "",""жизн"",""еспо"",""об"",""ной, "",""Австрали"","" "",""должн"",""а "",""будет "",""стр"",""м"",""иться "",""к "",""её "",""использов"",""ан"",""ию.""]",37
56,dev,56,"""Если это станет коммерчески привлекательным, оно должно быть у нас. То есть нет никаких принципиальных возражений против атомной энергетики"", — сказал г-н Костелло.","[""\"""",""Если "",""это "",""стан"",""ет "",""ком"",""мер"",""еск"",""и "",""при"",""лек"",""ательн"",""ым, "",""он"",""о "",""должн"",""о "",""быть "",""у "",""нас. "",""То "",""есть "",""нет "",""никак"",""их "",""при"","""",""ципиальн"",""ых "",""воз"",""ажен"",""ий "",""про"",""ив "",""атом"",""н"",""ой "",""эн"",""ергетик"",""и\"", "",""— "",""ск"",""азал "",""г-н "",""Костел"",""о.""]",46
57,dev,57,"По сообщению информационного агентства ANSA, ""полиция была обеспокоена парой заказных убийств высокопоставленных лиц, что, по мнению органов правопорядка, могло способствовать развязке полномасштабной войны за преемственность.","[""П"",""о "",""сообщ"",""ен"",""ию "",""ин"",""форм"",""аци"",""он"",""ного "",""аген"",""тств"",""а "",""ANSA, "",""\""пол"",""ция "",""была "",""обесп"",""ок"",""оен"",""а "",""пар"",""й "",""зак"",""азн"",""ых "",""убийств"","" "",""высок"",""оп"",""о"",""тавлен"",""ных "",""лиц, "",""что, "",""по "",""мнен"",""ию "",""орган"",""ов"","" "",""прав"",""оп"",""о"",""ядк"",""а, "",""могло "",""спо"",""об"",""ств"",""ов"",""ать "",""разв"",""язк"",""е "",""пол"",""омасштаб"",""н"",""ой "",""войн"",""ы "",""за "",""преем"",""ств"",""ен"",""ность.""]",66
58,dev,58,"Полиция сказала, что Ло Пикколо был во главе, потому что он был правой рукой Провенцано в Палермо, и его больший опыт завоевал ему уважение старшего поколения боссов, поскольку они придерживались политики Провенцано, направленной на то, чтобы как можно меньше давать о себе знать и одновременно укреплять сеть своей власти.","[""П"",""ол"",""ция "",""ск"",""азала, "",""что "",""Ло "",""Пик"",""к"",""оло "",""был "",""во "",""глав"",""е, "",""по"",""ому "",""что "",""он"","" "",""был "",""прав"",""ой "",""рукой "",""Пров"",""ен"",""цан"",""о "",""в "",""Палермо, "",""и его "",""больш"",""ий "",""опыт "",""зав"",""оев"",""ал "",""ему "",""уважен"",""ие "",""ста"",""шего "",""пок"",""олен"",""ия "",""бо"",""сов"","", "",""по"",""к"",""ольку "",""он"",""и "",""при"",""ерживали"",""ь "",""пол"",""тик"",""и "",""Пров"",""ен"",""цан"",""о, "",""нап"",""рав"",""лен"",""ной "",""на "",""то, "",""чтобы "",""как"","" "",""можн"",""о "",""мен"",""ьш"",""е "",""давать "",""о "",""себе "",""зн"",""ать "",""и одн"",""ов"",""рем"",""ен"",""но "",""укреп"",""лять "",""сеть "",""своей "",""вла"",""ти.""]",92
59,dev,59,"Эти боссы были усмирены Провензано, когда он положил конец войне с государством, начатой Рииной, в результате которой в 1992 году погибли крестоносцы мафии Джованни Фальконе и Паоло Борсельино.","[""Э"",""и "",""бо"",""сы "",""были "",""усмирен"",""ы "",""Пров"",""ен"",""зан"",""о, "",""когда "",""он"","" "",""пол"",""жил "",""кон"",""ец "",""войн"",""е "",""с "",""го"",""ударств"",""ом, "",""начатой "",""Риин"",""ой, "",""в "",""рез"",""льта"",""е "",""кото"",""ой "",""в "",""1992 "",""году "",""пог"",""ибли "",""кре"",""тон"",""осцы "",""мафии "",""Джов"",""ан"",""ни "",""Фальк"",""он"",""е "",""и Паоло "",""Бо"",""сельин"",""о.""]",52
60,dev,60,"Когда гендиректор компании Apple Стив Джобс презентовал iPhone, он вышел на сцену и вынул его из кармана джинсов.","[""К"",""ог"",""да "",""ген"",""дирек"",""тор "",""ком"",""пан"",""ии "",""Apple "",""Сти"","" "",""Джоб"",""с "",""презен"",""тов"",""ал "",""iPhone, "",""он"","" "",""выш"",""ел "",""на "",""сцен"",""у "",""и вын"",""ул "",""его "",""из "",""кар"",""ан"",""а "",""джин"",""сов"","".""]",35
61,dev,61,"Во время своего двухчасового выступления он заявил: ""Сегодня Apple собирается переосмыслить свой телефон. Мы войдём сегодня в историю.""","[""В"",""о врем"",""я "",""своего "",""двух"",""а"",""ов"",""ого "",""выс"",""уплен"",""ия "",""он"","" "",""за"",""вил: "",""\""Сегодн"",""я "",""Apple "",""соб"",""ирается "",""пер"",""о"",""мысли"",""ь "",""свой "",""тел"","""",""он"","". "",""Мы войдём "",""сегодн"",""я "",""в "",""исто"",""ию.\""""]",35
62,dev,62,"Бразилия является крупнейшей римско-католической страной в мире, и Римско-католическая церковь неизменно выступала против легализации однополых браков в стране.","[""Б"",""разили"","" "",""является "",""крупн"",""ейш"",""ей "",""римск"",""о-"",""катол"",""ическ"",""ой "",""стр"",""н"",""ой "",""в "",""мире, "",""и Римск"",""о-"",""катол"",""ическ"",""ая "",""цер"",""ов"",""ь "",""неизмен"",""но "",""выс"",""упала "",""про"",""ив "",""легализа"",""и"",""и "",""одн"",""оп"",""ол"",""х "",""брак"",""ов"","" "",""в "",""стр"",""н"",""е.""]",45
63,dev,63,"Бразильский Национальный конгресс десять лет обсуждал легализацию  подобных гражданских браков, и теперь они допускаются по закону исключительно в Риу-Гранди-ду-Сул.","[""Б"",""разильск"",""ий "",""Национ"",""альн"",""ый "",""кон"",""гресс "",""дес"",""ять "",""лет "",""обсуждал "",""легализа"",""и"",""ю "","" "",""под"",""б"",""н"",""ых "",""гражд"",""ан"",""ск"",""их "",""брак"",""ов"","", "",""и теп"",""ер"","" "",""он"",""и "",""доп"",""уск"",""аются "",""по "",""зак"",""он"",""у "",""иск"",""лючительн"",""о "",""в "",""Риу-"",""Гран"",""ди-"",""ду-"",""Сул.""]",48
64,dev,64,Оригинальный законопроект был разработан бывшим мэром Сан-Паулу Мартой Суплиси. Предлагаемый законопроект с внесёнными в него поправками теперь находится в руках Роберто Джефферсона.,"[""О"",""игин"",""альн"",""ый "",""зак"",""он"",""оп"",""роек"",""т "",""был "",""раз"",""або"",""ан"","" "",""бывшим "",""мэром"","" "",""Сан"",""-"",""Паулу "",""Мартой "",""Супли"",""и. "",""Пред"",""лаг"",""аем"",""ый "",""зак"",""он"",""оп"",""роек"",""т "",""с "",""вн"",""есён"",""ными "",""в "",""него "",""поп"",""рав"",""ками "",""теп"",""ер"","" "",""находи"",""ся "",""в "",""руках "",""Робер"",""о "",""Дже"",""фер"",""он"",""а.""]",54
65,dev,65,"Цель протестующих — собрать 1,2 миллиона подписей под петицией, чтобы представить ее Национальному конгрессу в ноябре.","[""Ц"",""л"","" "",""про"",""ест"",""ющ"",""их "",""— "",""собрать "",""1,2 "",""миллион"",""а "",""под"",""исей "",""под "",""петицией, "",""чтобы "",""пред"",""став"",""ить "",""ее "",""Национ"",""альн"",""ому "",""кон"",""грессу "",""в "",""ноябре.""]",28
66,dev,66,"Когда стало ясно, что многие семьи хотели получить правовую помощь, чтобы защититься от выселения, 20 марта в Общественном юридическом центре Ист-Бэй была проведена встреча для жертв жилищного мошенничества.","[""К"",""ог"",""да "",""стал"","" "",""ясн"",""о, "",""что "",""мн"",""огие "",""сем"",""ьи "",""хотели "",""пол"",""чить "",""прав"",""ов"",""ую "",""пом"",""ощь, "",""чтоб"",""ы "",""за"",""ититься "",""от "",""выселен"",""ия, "",""20 "",""марта "",""в "",""Общ"",""еств"",""ен"",""ном "",""юридическ"",""ом "",""цен"",""тре "",""Ист-"",""Бэй "",""была "",""пров"",""еден"",""а "",""встреча "",""для "",""жер"",""в"","" "",""жили"",""н"",""ого "",""мо"",""ен"",""ничеств"",""а.""]",56
67,dev,67,"Когда жильцы начали рассказывать, что с ними произошло, большинство участвовавших семей вдруг поняли, что Кэролин Уилсон из OHA украла их гарантийные взносы и сбежала из города.","[""К"",""ог"",""да "",""жильцы "",""начали "",""рас"",""к"",""азывать, "",""что "",""с "",""ними "",""произо"",""ло, "",""больш"",""ин"",""ств"",""о "",""уча"",""тв"",""ов"",""авш"",""их "",""сем"",""ей "",""вдруг"","" "",""пон"",""яли, "",""что "",""Кэрол"",""ин"","" "",""Уилсон"","" "",""из "",""OHA "",""украла "",""их "",""гаран"",""тийн"",""ые "",""взн"",""осы "",""и сбежала "",""из "",""го"",""ода.""]",47
68,dev,68,"Жильцы Lockwood Gardens считают, что может быть ещё 40 или больше семей, возможно, столкнуться выселением, так как они узнали, что полиция оклендской жилищной администрации также расследует другие объекты общественного жилья в Окленде, которые могут быть вовлечены в мошенничество с недвижимостью.","[""Ж"",""ильцы "",""Lockw"",""ood "",""Gard en s "",""считают, "",""что "",""може"","" "",""быть "",""ещё "",""40 "",""или "",""больш"",""е "",""сем"",""ей, "",""возм"",""ожн"",""о, "",""стол"",""кн"",""уться "",""выселен"",""ием, "",""так"","" "",""как"","" "",""он"",""и "",""узн"",""али, "",""что "",""пол"",""ция "",""ок"",""лен"",""дск"",""ой "",""жили"",""н"",""ой "",""админ"",""истраци"",""и "",""так"",""же "",""рас"",""ледует "",""друг"",""ие "",""объек"",""ты "",""общ"",""еств"",""ен"",""ного "",""жилья "",""в "",""Ок"",""лен"",""де, "",""кото"",""ые "",""могут "",""быть "",""вов"",""лечен"",""ы "",""в "",""мо"",""ен"",""ничеств"",""о "",""с "",""нед"",""ижимо"",""тью.""]",79
69,dev,69,"Группа отменила выступление на Военном мемориальном стадионе на острове Мауи, на котором должны были быть 9 000 человек, и принесла извинения фанатам.","[""Г"",""р"",""пп"",""а "",""отм"",""ен"",""ила "",""выс"",""уплен"",""ие "",""на "",""Воен"",""ном "",""мем"",""о"",""иальн"",""ом "",""стадион"",""е "",""на "",""остров"",""е "",""Мауи, "",""на "",""кото"",""ом "",""должн"",""ы "",""были "",""быть "",""9 000 "",""челов"",""ек, "",""и при"","""",""есла "",""извин"",""ен"",""ия "",""фан"",""атам.""]",41
70,dev,70,"Изначально 20 сентября компания HK Management Inc., которая работает с группой, не дала никаких пояснений, а на следующий день объявила, что выступление отменяется по причинам, связанным с логистикой.","[""Изн"",""ачальн"",""о "",""20 "",""сен"",""тября "",""ком"",""пан"",""ия "",""HK "",""Managem en t "",""Inc., "",""кото"",""ая "",""рабо"",""ает "",""с "",""группой, "",""не "",""дала "",""никак"",""их "",""по"",""сн"",""ен"",""ий, "",""а на "",""следующ"",""ий "",""ден"",""ь "",""объявила, "",""что "",""выс"",""уплен"",""ие "",""отм"",""ен"",""яется "",""по "",""при"",""ин"",""ам, "",""связан"",""ным "",""с "",""лог"",""истик"",""ой.""]",49
71,dev,71,"Знаменитые греческие юристы Сакис Кечагиоглоу и Георг Николакопулос были заключены в афинскую тюрьму Коридаллос, потому что они были признаны виновными во взяточничестве и коррупции.","[""З"",""н"",""амен"",""итые "",""гре"",""еск"",""ие "",""юрист"","" "",""Сак"",""ис "",""Кечагиог"",""ло"","" "",""и Гео"",""г "",""Николак"",""оп"",""уло"","" "",""были "",""зак"",""лючен"",""ы "",""в "",""афин"",""скую "",""тюрьму "",""Ко"",""идалло"","", "",""по"",""ому "",""что "",""он"",""и "",""были "",""при"",""н"",""ан"",""ы "",""вин"",""ов"",""н"",""ыми "",""во "",""взято"",""н"",""ичеств"",""е "",""и коррупции.""]",51
72,dev,72,"В результате этого в юридическом сообществе Греции разразился большой скандал вследствие разоблачения незаконных действий, совершённых судьями, юристами, солиситорами и адвокатами за прошлые годы.","[""В"","" "",""рез"",""льта"",""е "",""этого "",""в "",""юридическ"",""ом "",""сообщ"",""еств"",""е "",""Гре"",""ии "",""раз"",""азился "",""больш"",""ой "",""ск"",""ан"",""дал "",""вслед"",""тв"",""ие "",""разоб"",""ла"",""ен"",""ия "",""нез"",""к"",""он"",""ных "",""действ"",""ий, "",""сов"",""ершён"",""ных "",""суд"",""ям"",""и, "",""юристам"",""и, "",""сол"","""",""ито"",""ами "",""и адвок"",""атами "",""за "",""про"",""лые "",""годы.""]",52
73,dev,73,"Несколькими неделями ранее, после того как журналист Макис Триантафилопулос обнародовал информацию в своем популярном ТВ-шоу Zoungla на канале Alpha TV, член парламента и юрист Петрос Мантувалос сложил полномочия, так как сотрудники его аппарата были вовлечены во взяточничество и коррупцию.","[""Н"",""еск"",""олькими "",""нед"",""лям"",""и "",""ран"",""ее, "",""по"",""ле "",""того "",""как"","" "",""журн"",""алист "",""Мак"",""ис "",""Три"",""н"",""тафилоп"",""уло"","" "",""обн"",""ародов"",""ал "",""ин"",""форм"",""аци"",""ю "",""в "",""своем"","" "",""популярн"",""ом "",""ТВ-"",""шоу "",""Zoungl"",""a "",""на "",""кан"",""але "",""Alpha "",""TV, "",""член"","" "",""пар"",""амен"",""та "",""и юрист "",""Пет"",""о"","" "",""Ман"",""тувало"","" "",""сложил "",""пол"",""омо"",""ия, "",""так"","" "",""как"","" "",""со"",""рудн"",""ики "",""его "",""аппарата "",""были "",""вов"",""лечен"",""ы "",""во "",""вз"",""то"",""н"",""ичеств"",""о "",""и коррупцию.""]",79
74,dev,74,"Кроме того, верховный судья Эвангелос Калусис находится в тюрьме за то, что он признан виновным в коррупции и за извращенное поведение.","[""К"",""ром"",""е "",""того, "",""вер"",""ов"",""н"",""ый "",""суд"",""я "",""Эван"",""гело"","" "",""Калу"",""ис "",""находи"",""ся "",""в "",""тюрьме "",""за "",""то, "",""что "",""он"","" "",""при"",""н"",""ан"","" "",""вин"",""ов"",""н"",""ым "",""в "",""коррупции "",""и за "",""извращен"",""ное "",""пов"",""еден"",""ие.""]",40
75,dev,75,"Робертс наотрез отказался говорить, когда, по его мнению, зарождается жизнь, что является важным вопросом при рассмотрении этической проблемы абортов, заявив, что было бы неэтично высказываться насчёт возможной специфики случаев.","[""Р"","""",""б"",""ер"",""с "",""нао"",""рез "",""отк"",""азался "",""гово"",""ить, "",""когда, "",""по "",""его "",""мнен"",""ию, "",""за"",""ождается "",""жизн"",""ь, "",""что "",""является "",""важн"",""ым "",""вопро"",""ом"","" "",""при "",""рас"",""мо"",""рен"",""ии "",""эти"",""еск"",""ой "",""проб"",""лем"",""ы "",""або"",""тов"","", "",""за"",""вив, "",""что "",""было "",""бы "",""неэтичн"",""о "",""выск"",""азываться "",""нас"",""ёт "",""возм"",""ожн"",""ой "",""спе"",""ифик"",""и "",""случаев"","".""]",60
76,dev,76,"Однако он всё-таки повторил сделанное им ранее заявление о том, что дело ""Роу против Уэйда"" является ""урегулированным законом этой земли"", подчёркивая важность последовательных решений Верховного суда.","[""Од"",""н"",""ако "",""он"","" "",""всё-"",""так"",""и "",""пов"",""торил "",""сделан"",""ное "",""им "",""ран"",""ее "",""за"",""влен"",""ие "",""о "",""том, "",""что "",""дел"","" "",""\""Роу "",""про"",""ив "",""Уэйда\"" "",""является "",""\""урегулиров"",""ан"",""ным "",""зак"",""он"",""ом "",""этой "",""зем"",""ли\"", "",""под"",""ёркивая "",""важн"",""ость "",""по"",""ледов"",""ательн"",""ых "",""решен"",""ий "",""Вер"",""ов"",""н"",""ого "",""суд"","".""]",53
77,dev,77,"Он также подтвердил, что верит в подразумеваемое право на неприкосновенность частной жизни, от которого зависело принятие решения в пользу Роу.","[""Он"","" "",""так"",""же "",""под"",""вер"",""ил, "",""что "",""вер"",""т "",""в "",""под"",""азумев"",""аем"",""ое "",""прав"",""о "",""на "",""неп"",""ри"","""",""осн"",""ов"",""ен"",""ность "",""частн"",""ой "",""жизн"",""и, "",""от "",""кото"",""ого "",""зав"",""исело "",""при"","""",""ятие "",""решен"",""ия "",""в "",""пол"",""зу "",""Роу.""]",43
78,dev,78,"Маручидор финишировал самым первым, обогнав Нусу, занявшего второе место, на шесть очков.","[""М"",""а"","""",""чид"","""","" "",""фин"",""иширов"",""ал "",""сам"",""ым "",""пер"",""ым, "",""обог"",""н"",""ав "",""Нусу, "",""зан"",""явшего "",""вто"",""ое "",""место, "",""на "",""шесть "",""очков"","".""]",26
79,dev,79,"Обе стороны встретились в главном полуфинале, где ""Нуса"" вышли победителями с отрывом в 11 очков.","[""Об"",""е "",""сто"",""он"",""ы "",""встретили"",""ь "",""в "",""глав"",""н"",""ом "",""пол"",""фин"",""але, "",""где "",""\""Нуса\"""","" "",""выш"",""ли "",""поб"",""едителям"",""и "",""с "",""отр"",""вом "",""в "",""11 "",""очков"","".""]",29
80,dev,80,После этого Маручидор одержал победу над Кабулчер в предварительном финале.,"[""П"",""о"",""ле "",""этого "",""Мар"",""чид"","""","" "",""оде"",""жал "",""поб"",""еду "",""над "",""Каб"",""улчер "",""в "",""пред"",""в"",""арительн"",""ом "",""фин"",""але.""]",22
81,dev,81,"Hesperonychus elizabethae – это вид семейства Dromaeosauridae, который является родственником велоцираптора.","[""H"",""es per"",""onyc"",""hus "",""elizab"",""et"",""hae "",""–"","" "",""это "",""вид "",""сем"",""ейств"",""а "",""Dromaeosauridae, "",""кото"",""ый "",""является "",""род"",""тв"",""ен"",""ником "",""вело"",""ирапто"",""а.""]",25
82,dev,82,"Полагалось, что эта полностью оперённая теплокровная хищная птица ходила прямо на двух лапах с когтями, как у велоцираптора.","[""П"",""ол"",""г"",""ало"",""ь, "",""что "",""эта "",""пол"",""остью "",""опер"",""н"",""ная "",""теп"",""лок"",""ров"",""н"",""ая "",""хищн"",""ая "",""пти"",""а "",""ходила "",""прям"",""о "",""на "",""двух "",""лапах "",""с "",""когтями, "",""как"","" "",""у "",""вело"",""ирапто"",""а.""]",35
83,dev,83,"Его второй коготь был самым крупным, что дало ему название Hesperonychus, означающее ""западный коготь"".","[""Ег"",""о "",""вто"",""ой "",""кого"",""ь "",""был "",""сам"",""ым "",""крупн"",""ым, "",""что "",""дало "",""ему "",""назв"",""ан"",""ие "",""H es peronychus, "",""озн"",""ачающ"",""ее "",""\""зап"",""адн"",""ый "",""кого"",""ь\"".""]",26
84,dev,84,Помимо колотого льда спасательной операции препятствовали экстремальные погодные условия.,"[""П"",""ом"",""им"",""о "",""кол"","""",""ог"",""о "",""льда "",""спа"",""а"",""ел"",""н"",""ой "",""опер"",""ци"",""и "",""преп"",""ятств"",""ов"",""али "",""эк"",""стрем"",""альн"",""ые "",""пог"",""одн"",""ые "",""услов"",""ия.""]",30
85,dev,85,"Питтман допустил предположение, что в ситуации не будет положительных изменений до будущей неделе.","[""П"",""и"",""тман"","" "",""допустил "",""пред"",""пол"",""жен"",""ие, "",""что "",""в "",""ситуаци"",""и "",""не "",""будет "",""пол"",""жител"",""н"",""ых "",""измен"",""ен"",""ий "",""до "",""буд"",""щ"",""ей "",""нед"",""ле.""]",28
86,dev,86,"Показатели количества и толщины пакового льда, по мнению Питтман, являются самыми худшими для охотников на тюленей за последние 15 лет.","[""П"",""ок"",""аза"",""ел"","" "",""кол"",""честв"",""а "",""и толщ"",""ин"",""ы "",""пак"",""ов"",""ого "",""льда, "",""по "",""мнен"",""ию "",""Питтман"","", "",""являются "",""сам"",""ыми "",""худ"","""",""ими "",""для "",""охо"",""н"",""иков"","" "",""на "",""тюлен"",""ей "",""за "",""по"",""ледн"",""ие "",""15 "",""лет.""]",40
87,dev,87,"Среди населения Ред-Лейк во время похорон Джеффри Уиза и трёх из девяти жертв прошли новости, что еще один студент был задержан в связи со стрельбой в школе 21 марта.","[""С"",""еди "",""населен"",""ия "",""Ред-"",""Лейк"","" "",""во "",""врем"",""я "",""по"",""орон"","" "",""Джеффри "",""Уиза "",""и тр"",""х "",""из "",""дев"",""яти "",""жер"",""в "",""про"",""ли "",""нов"",""ости, "",""что "",""еще "",""один"","" "",""студен"",""т "",""был "",""зад"",""ржан"","" "",""в "",""связи "",""со "",""стр"",""льбой "",""в "",""шк"",""оле "",""21 "",""марта.""]",46
88,dev,88,"Власти почти ничего не заявили официально, за исключением подтверждения сегодняшнего ареста.","[""В"",""ла"",""ти "",""по"",""ти "",""ничего "",""не "",""за"",""вили "",""официальн"",""о, "",""за "",""иск"",""лючен"",""ием "",""под"",""вер"",""д"",""ен"",""ия "",""сегодн"",""яшн"",""его "",""ареста.""]",24
89,dev,89,"Тем не менее, источник, обладающий информацией о расследовании, сообщил газете Star-Tribune в Миннеаполисе, что это был Луи Журден, 16-летний сын Флойда Журдена, председателя племени в Ред-Лейк.","[""Т"",""ем"","" "",""не "",""мен"",""ее, "",""исто"",""н"",""ик, "",""обладающ"",""ий "",""ин"",""форм"",""аци"",""ей "",""о "",""рас"",""ледов"",""ан"",""ии, "",""сообщ"",""ил "",""газете "",""Star-"",""Tribune "",""в "",""Мин"",""неап"",""олисе, "",""что "",""это "",""был "",""Луи "",""Журден"","", "",""16-летн"",""ий "",""сын"","" "",""Флойда "",""Журден"",""а, "",""пред"",""седателя "",""плем"",""ен"",""и "",""в "",""Ред-"",""Лейк"","".""]",51
90,dev,90,"На данный момент неизвестно, какие будут предъявлены обвинения и как сотрудники органов вышли на мальчика, но в федеральном суде началось разбирательство в отношении несовершеннолетнего.","[""Н"",""а "",""дан"",""ный "",""момен"",""т "",""неизв"",""естн"",""о, "",""как"",""ие "",""буд"",""т "",""пред"",""ъявлен"",""ы "",""обвин"",""ен"",""ия "",""и как"","" "",""со"",""рудн"",""ики "",""орган"",""ов"","" "",""выш"",""ли "",""на "",""мал"",""ч"",""ика, "",""но "",""в "",""федеральн"",""ом "",""суд"","" "",""начало"",""ь "",""разб"",""ирательств"",""о "",""в "",""отношен"",""ии "",""несов"",""ер"",""ен"",""нолетн"",""его.""]",52
91,dev,91,"Лодин к тому же заявил, что власти решили отменить голосование во втором туре, чтобы сократить расходы и не подвергать афганцев дополнительному риску из-за еще одних выборов.","[""Л"",""од"",""ин"","" "",""к тому "",""же "",""за"",""вил, "",""что "",""вла"",""ти "",""решили "",""отм"",""ен"",""ить "",""голо"",""ов"",""ан"",""ие "",""во "",""вто"",""ом "",""тур"","", "",""чтоб"",""ы "",""сок"",""ратить "",""рас"",""оды "",""и не "",""под"",""ергать "",""афган"",""цев"","" "",""доп"",""олнительн"",""ому "",""риск"",""у "",""из-"",""за "",""еще "",""одн"",""их "",""выбо"",""ов"","".""]",49
92,dev,92,"Согласно заявлению дипломатов, в конституции Афганистана было обнаружено достаточно неконкретных положений, позволяющих признать следующий тур ненужным.","[""Сог"",""ла"",""н"",""о "",""за"",""влен"",""ию "",""диплом"",""атов"","", "",""в "",""кон"",""ституци"",""и "",""Афган"",""истан"",""а "",""было "",""обн"",""аружен"",""о "",""до"",""таточн"",""о "",""нек"",""он"",""кретн"",""ых "",""пол"",""жен"",""ий, "",""поз"","""",""оляющ"",""их "",""при"",""н"",""ать "",""следующ"",""ий "",""тур "",""нен"",""ужн"",""ым.""]",44
93,dev,93,"Это противоречит предыдущим сообщениям, в которых говорилось, что отмена второго тура выборов была бы нарушением конституции.","[""Э"",""о "",""про"",""иво"",""ечит "",""пред"",""ыд"",""щ"",""им "",""сообщ"",""ен"",""иям, "",""в "",""кото"",""ых "",""гово"",""ило"",""ь, "",""что "",""отм"",""ен"",""а "",""вто"",""ого "",""тур"","" "",""выбо"",""ов"","" "",""была "",""бы "",""нар"",""шен"",""ием "",""кон"",""ституци"",""и.""]",37
94,dev,94,"Самолёт направлялся в Иркутск, и находился под управлением внутренних войск.","[""Сам"",""ол"",""ё"","" "",""нап"",""рав"",""лялся "",""в "",""Иркутск"","", "",""и находился "",""под "",""управ"",""лен"",""ием "",""вн"",""утрен"",""них "",""войск"","".""]",20
95,dev,95,Было проведено расследование.,"[""Б"",""ыло "",""пров"",""еден"",""о "",""рас"",""ледов"",""ан"",""ие.""]",9
96,dev,96,Ил-76 был важной составляющей российских и советских вооруженных сил с 1970-х гг. и в прошлом месяце уже стал участником серьезного происшествия в России.,"[""Ил-"",""76 "",""был "",""важн"",""ой "",""со"",""тавляющ"",""ей "",""российск"",""их "",""и сов"",""етск"",""их "",""воо"",""ужен"",""ных "",""сил "",""с "",""1970-"",""х "",""гг. "",""и в "",""про"",""лом "",""месяце "",""уже "",""стал "",""уча"",""тн"",""иком "",""сер"",""езн"",""ого "",""происш"",""еств"",""ия "",""в "",""России.""]",38
97,dev,97,"7 октября двигатель отсоединился при взлёте, пострадавших не было.  После этого инцидента Россия на короткое время прекратила полёты Ил-76.","[""7 "",""ок"",""тября "",""двиг"",""ател"","" "",""отсоедин"",""ился "",""при "",""взл"",""те, "",""по"",""традавш"",""их "",""не "",""было. "","" "",""По"",""ле "",""этого "",""ин"",""циден"",""та "",""Росси"","" "",""на "",""коро"",""кое "",""врем"",""я "",""прек"",""ратила "",""пол"",""ты "",""Ил-"",""76.""]",36
98,dev,98,После утечки нескольких тысяч баррелей сырой нефти к югу от Фэрбанкса (штат Аляска) власти перекрыли участок Трансаляскинского нефтепровода протяженностью 800 миль.,"[""П"",""о"",""ле "",""утечки "",""неск"",""ольких "",""тысяч "",""бар"",""елей "",""сырой "",""неф"",""и "",""к "",""югу "",""от "",""Фэрбан"",""кса "",""(шта"","" "",""Аля"",""к"",""а) "",""вла"",""ти "",""пер"",""к"",""рыли "",""уча"",""ток"","" "",""Тран"",""саляск"",""ин"",""ского "",""неф"",""еп"",""ров"",""ода "",""про"",""яжен"",""ностью "",""800 "",""миль.""]",43
99,dev,99,Перебой в электроснабжении после планового тестирования пожарной системы привел к открытию предохранительных клапанов и переливу сырой нефти около насосной станции №9 в Форт-Грили.,"[""П"",""ер"",""б"",""ой "",""в "",""элек"",""тро"",""н"",""абжен"",""ии "",""по"",""ле "",""план"",""ов"",""ого "",""тес"",""тиров"",""ан"",""ия "",""пож"",""рн"",""ой "",""систем"",""ы "",""при"",""ел "",""к "",""отк"",""рытию "",""пред"",""о"",""ран"",""ительн"",""ых "",""клапан"",""ов"","" "",""и пер"",""лив"",""у "",""сырой "",""неф"",""и "",""ок"",""оло "",""насо"",""ной "",""стан"",""ции "",""№9 "",""в "",""Форт-"",""Грили.""]",53
100,dev,100,"Открытие клапанов вызвало сброс давления в системе, и нефть вытекла на площадку в резервуар, который может вмещать 55 000 баррелей (2,3 миллиона галлонов).","[""О"",""к"",""рытие "",""клапан"",""ов"","" "",""вызв"",""ало "",""сбро"","" "",""давлен"",""ия "",""в "",""систем"",""е, "",""и неф"",""ь "",""вытек"",""ла "",""на "",""пло"",""адку "",""в "",""резе"",""вуар, "",""кото"",""ый "",""може"","" "",""вмещать "",""55 "",""000 "",""баррелей "",""(2,3 "",""миллион"",""а "",""галлон"",""ов"","").""]",39
101,dev,101,"К полудню среды в вентотверстиях резервуара все еще была течь, возможно, из-за теплового расширения в резервуаре.","[""К"","" "",""пол"",""дн"",""ю "",""среды "",""в "",""вен"",""тотвер"",""тиях "",""резе"",""вуара "",""все "",""еще "",""была "",""течь, "",""возм"",""ожн"",""о, "",""из-"",""за "",""теп"",""лов"",""ого "",""рас"",""ирен"",""ия "",""в "",""резе"",""вуаре.""]",30
102,dev,102,Другая вспомогательная область сдерживания под резервуарами объемом 104 500 баррелей пока не была полностью использована.,"[""Д"","""",""уг"",""ая "",""вспом"",""огател"",""н"",""ая "",""обла"",""ть "",""сдерживан"",""ия "",""под "",""резе"",""вуарами "",""объем"",""ом "",""104 "",""500 "",""баррелей "",""пок"",""а "",""не "",""была "",""пол"",""остью "",""испол"",""зов"",""ан"",""а.""]",30
103,dev,103,"Передача комментариев в прямом эфире по телевидению стала первым случаем, когда высокопоставленные иранские источники признали, что санкции всё же имеют определенный эффект.","[""П"",""ер"",""дача "",""ком"",""мен"",""тариев"","" "",""в "",""прям"",""ом "",""эфире "",""по "",""тел"",""в"",""иден"",""ию "",""стал"","" "",""пер"",""ым "",""случаем"","", "",""когда "",""высок"",""оп"",""о"",""тавлен"",""ные "",""иран"",""ск"",""ие "",""исто"",""н"",""ики "",""при"",""н"",""али, "",""что "",""сан"",""кции "",""всё "",""же "",""имеют "",""опред"",""елен"",""ный "",""эффек"",""т.""]",48
104,dev,104,"Они включили финансовые ограничения и запрет Евросоюза на экспорт сырой нефти,  от которого иранская экономика получает 80% зарубежного дохода.","[""Он"",""и "",""включили "",""фин"",""ан"",""сов"",""ые "",""огран"",""ичен"",""ия "",""и зап"",""рет "",""Евро"",""о"",""за "",""на "",""эк"",""спорт "",""сырой "",""неф"",""и, "","" "",""от "",""кото"",""ого "",""иран"",""ская "",""эк"",""он"",""омика "",""пол"",""чает "",""80% "",""за"",""убежн"",""ого "",""до"",""ода.""]",38
105,dev,105,"В своём самом недавнем ежемесячном докладе ОПЕК заявила, что экспорт сырой нефти упал до самого низкого уровня за последние два десятилетия — 2,8 миллиона баррелей в день.","[""В"","" "",""сво"",""м "",""сам"",""ом "",""нед"",""вн"",""ем "",""ежем"",""есячн"",""ом "",""док"",""ладе "",""ОПЕК "",""за"",""вила, "",""что "",""эк"",""спорт "",""сырой "",""неф"",""и "",""упал "",""до "",""сам"",""ого "",""низк"",""ого "",""уров"",""н"",""я "",""за "",""по"",""ледн"",""ие "",""два "",""дес"",""ятиле"",""ия "",""— "",""2,8 "",""миллион"",""а "",""баррелей "",""в "",""ден"",""ь.""]",48
106,dev,106,"Верховный лидер страны аятолла Али Хаменеи охарактеризовал зависимость от нефти как ""ловушку"", возникшую ещё до Исламской революции в Иране 1979 года, и из которой страна должна выбраться.","[""В"",""ер"",""ов"",""н"",""ый "",""лидер "",""стр"",""н"",""ы "",""аятол"",""ла "",""Али "",""Хамен"",""еи "",""оха"",""ак"",""тер"",""зов"",""ал "",""зав"",""исим"",""о"",""ть "",""от "",""неф"",""и "",""как"","" "",""\""лов"",""ушку\"", "",""возн"",""икшую "",""ещё "",""до "",""Исламск"",""ой "",""рев"",""олюции "",""в "",""Иран"",""е "",""1979 "",""года, "",""и из "",""кото"",""ой "",""стр"",""н"",""а "",""должн"",""а "",""выбраться.""]",52
107,dev,107,"Когда капсула достигнет Земли и войдет в атмосферу около 5 часов утра (по восточному времени), предполагается, что она устроит настоящее световое представление для публики в Северной Калифорнии, Орегоне, Неваде и Юте.","[""К"",""ог"",""да "",""кап"",""сула "",""до"",""тигн"",""ет "",""Зем"",""ли "",""и войде"","" "",""в "",""атмо"",""фер"","" "",""ок"",""оло "",""5 часов"","" "",""утра "",""(по "",""во"",""то"",""н"",""ому "",""врем"",""ен"",""и), "",""пред"",""полаг"",""ается, "",""что "",""он"",""а "",""устроит "",""насто"",""щ"",""ее "",""све"",""ов"",""ое "",""пред"",""став"",""лен"",""ие "",""для "",""публик"",""и "",""в "",""Сев"",""ерн"",""ой "",""Кали"",""орн"",""ии, "",""Орегон"",""е, "",""Нев"",""ад"","" "",""и Юте.""]",62
108,dev,108,"Капсула будет напоминать метеор, пронзающий небо.","[""К"",""ап"",""сула "",""будет "",""нап"",""ом"",""ин"",""ать "",""мет"",""о"","", "",""прон"",""зающ"",""ий "",""небо.""]",15
109,dev,109,"Капсула будет перемещаться со скоростью 12,8 км или 8 миль в секунду, достаточно быстро, чтобы добраться из Сан-Франциско в Лос-Анджелес за 1 минуту.","[""К"",""ап"",""сула "",""будет "",""пер"",""м"",""ещаться "",""со "",""ск"",""оростью "",""12,8 "",""км "",""или "",""8 миль "",""в "",""сек"",""ун"",""ду, "",""до"",""тато"",""н"",""о "",""быстро, "",""чтобы "",""доб"",""раться "",""из "",""Сан"",""-"",""Фран"",""циск"",""о "",""в "",""Ло"",""-"",""Ан"",""джеле"","" "",""за "",""1 "",""мин"",""уту.""]",42
110,dev,110,"Stardust установит новый мировой рекорд и станет космическим кораблём, который быстрее всего вернётся на Землю, побив предыдущий рекорд, установленный в мае 1969 года во время возвращения модуля команды Apollo X.","[""S"",""t"",""ardust"","" "",""устан"",""ов"",""ит "",""нов"",""ый "",""миров"",""ой "",""рек"",""орд "",""и стан"",""ет "",""космическ"",""им "",""кораблём, "",""кото"",""ый "",""быстрее "",""всего "",""вер"","""",""ётся "",""на "",""Зем"",""лю, "",""поб"",""ив "",""пред"",""ыд"",""щ"",""ий "",""рек"",""орд, "",""устан"",""ов"",""лен"",""ный "",""в "",""мае "",""1969 "",""года "",""во "",""врем"",""я "",""возв"",""ращен"",""ия "",""модуля "",""ком"",""ан"",""ды "",""Apollo "",""X.""]",56
111,dev,111,"""Она пролетит над западным побережьем севера Калифорнии, осветит небо над Калифорнией центральным Орегоном, а дальше направится через Неваду и Айдахо в Юту"", — сказал Том Даксбери, менеджер проекта ""Стардаст"".","[""\"""",""Он"",""а "",""прол"",""тит "",""над "",""зап"",""адн"",""ым "",""поб"",""ереж"",""ем"","" "",""сев"",""ера "",""Кали"",""орн"",""ии, "",""осветит "",""небо "",""над "",""Кали"",""орн"",""ией "",""цен"",""тральн"",""ым "",""Орегон"",""ом, "",""а дальш"",""е "",""нап"",""рав"",""ится "",""чер"",""з "",""Нев"",""ад"","" "",""и Айда"",""о "",""в "",""Юту\"", "",""— "",""ск"",""азал "",""Том "",""Дак"",""сбер"","", "",""мен"",""еджер "",""проек"",""та "",""\""Ста"",""даст\"".""]",56
112,dev,112,"Решение г-на Радда подписать Киотский протокол по климату обособляет Соединённые Штаты, которые теперь станут единственной развитой страной, не ратифицировавшей это соглашение.","[""Р"","""","""",""ен"",""ие "",""г-на "",""Рад"",""а "",""под"",""исать "",""Кио"",""ск"",""ий "",""про"",""ок"",""ол "",""по "",""климату "",""обо"",""об"",""ляет "",""Соедин"",""ён"",""ные "",""Штаты, "",""кото"",""ые "",""теп"",""ер"","" "",""стан"",""ут "",""един"",""ств"",""ен"",""ной "",""разв"",""итой "",""стр"",""н"",""ой, "",""не "",""ратифициров"",""авшей "",""это "",""согла"",""ен"",""ие.""]",48
113,dev,113,"Бывшее консервативное правительство Австралии отказалось ратифицировать Киотский протокол, заявив, что это нанесёт ущерб экономике страны, сильно зависящей от экспорта угля, в то время как такие страны, как Индия и Китай, не были ограничены по целевым показателям выбросов.","[""Б"",""ывш"",""ее "",""кон"",""сер"",""ативн"",""ое "",""прав"",""ительств"",""о "",""Австралии "",""отк"",""азало"",""ь "",""рати"",""ициров"",""ать "",""Кио"",""ск"",""ий "",""про"",""ок"",""ол, "",""за"",""вив, "",""что "",""это "",""нан"",""есёт "",""ущерб "",""эк"",""он"",""омике "",""стр"",""н"",""ы, "",""сильн"",""о "",""зав"",""исящей "",""от "",""эк"",""спо"",""та "",""угля, "",""в "",""то "",""врем"",""я "",""как"","" "",""так"",""ие "",""стр"",""н"",""ы, "",""как"","" "",""Ин"",""дия "",""и Китай, "",""не "",""были "",""огран"",""ичен"",""ы "",""по "",""целев"",""ым "",""пок"",""азателям"","" "",""выб"",""о"",""ов"","".""]",76
114,dev,114,Это крупнейшее приобретение в истории eBay.,"[""Э"",""о "",""крупн"",""ейш"",""ее "",""при"",""б"",""ретен"",""ие "",""в "",""исто"",""ии "",""eBay.""]",13
115,dev,115,"Компания надеется расширить источники прибыли и завоевать популярность в тех регионах, где Skype занимает прочные позиции, например, в Китае, Восточной Европе и Бразилии.","[""К"",""ом"",""пан"",""ия "",""над"",""ется "",""рас"",""ирить "",""исто"",""н"",""ики "",""при"",""ыли "",""и зав"",""оев"",""ать "",""поп"",""улярн"",""ость "",""в "",""тех "",""регион"",""ах, "",""где "",""Skype "",""зан"",""имает "",""про"",""н"",""ые "",""поз"",""ции, "",""нап"",""ример, "",""в "",""Китае, "",""Во"",""то"",""н"",""ой "",""Европ"",""е "",""и Бразилии.""]",43
116,dev,116,Учёные подозревают Энцелад как геологически активный и возможный источник ледяного кольца Е Сатурна.,"[""У"",""ён"",""ые "",""под"",""зрев"",""ают "",""Эн"",""целад "",""как"","" "",""геол"",""ог"",""ическ"",""и "",""ак"",""тивн"",""ый "",""и возм"",""ожн"",""ый "",""исто"",""н"",""ик "",""лед"",""н"",""ого "",""кольца "",""Е "",""Сатурн"",""а.""]",30
117,dev,117,"Энцелад — самый светоотражающий объект Солнечной системы, он отражает около 90 процентов падающего на него солнечного света.","[""Эн"",""цел"",""д"","" "",""— "",""сам"",""ый "",""све"",""оо"",""ражающ"",""ий "",""объек"",""т "",""Сол"","""",""ечн"",""ой "",""систем"",""ы, "",""он"","" "",""отражает "",""ок"",""оло "",""90 "",""про"",""ен"",""тов"","" "",""пад"",""ющ"",""его "",""на "",""него "",""сол"",""ечн"",""ого "",""све"",""а.""]",39
118,dev,118,"Издатель игр Konami заявил сегодня в одной из японских газет, что они не будут выпускать игру Six Days in Fallujah.","[""Изд"","""",""ел"","" "",""игр "",""Konami "",""за"",""вил "",""сегодн"",""я "",""в "",""одн"",""ой "",""из "",""япон"",""ских "",""газет, "",""что "",""он"",""и "",""не "",""буд"",""т "",""выпуск"",""ать "",""игру "",""Six "",""Days "",""in "",""Fallujah.""]",30
119,dev,119,"В основе игры лежит Вторая битва за Фаллуджу, жестокое сражение между американскими и иракскими силами.","[""В"","" "",""основ"",""е "",""игры "",""лежит "",""Вто"",""ая "",""битва "",""за "",""Фалл"",""дж"","", "",""жесток"",""ое "",""сражен"",""ие "",""межд"","" "",""америк"",""ан"",""ск"",""ими "",""и ирак"",""ск"",""ими "",""силами.""]",27
120,dev,120,"Австралийское управление связи и СМИ также установило, что, несмотря на то, что видео транслировалось в интернете, ""Большой брат"" не нарушил законы о цензуре онлайн-контента, так как данный мультимедийный материал не хранился на сайте ""Большого брата"".","[""Ав"",""ст"",""алий"",""к"",""ое "",""управ"",""лен"",""ие "",""связи "",""и СМИ "",""так"",""же "",""устан"",""ов"",""ило, "",""что, "",""несмо"",""ря "",""на "",""то, "",""что "",""вид"",""о "",""тран"",""сли"",""ов"",""ало"",""ь "",""в "",""ин"",""тер"","""",""ете, "",""\""Больш"",""ой "",""бра"",""\"" "",""не "",""нар"",""шил "",""зак"",""он"",""ы "",""о "",""цен"",""зуре "",""он"",""лайн"",""-"",""кон"",""тен"",""та, "",""так"","" "",""как"","" "",""дан"",""ный "",""мультим"",""едийн"",""ый "",""матер"",""ал "",""не "",""хран"",""ился "",""на "",""сайте "",""\""Больш"",""ого "",""брата\"".""]",71
121,dev,121,"Закон о вещание регулирует интернет-контент, однако что бы что-то считалось интернет-контентом, оно должно физически находится на сервере.","[""З"",""ак"",""он"","" "",""о вещан"",""ие "",""регулир"",""ет "",""ин"",""тер"","""",""ет-"",""кон"",""тен"",""т, "",""одн"",""ако "",""что "",""бы "",""что-"",""то "",""считало"",""ь "",""ин"",""тер"","""",""ет-"",""кон"",""тен"",""том, "",""он"",""о "",""должн"",""о "",""физическ"",""и "",""находится "",""на "",""сер"",""ере.""]",40
122,dev,122,"Посольство США в Найроби (Кения) опубликовало предупреждение о том, что ""экстремисты из Сомали"" планируют взрывы в Кении и Эфиопии при помощи террористов-смертников.","[""П"",""о"",""ол"",""ьств"",""о "",""США "",""в "",""Най"",""об"",""и "",""(Кен"",""ия) "",""опублик"",""ов"",""ало "",""пред"",""упрежден"",""ие "",""о "",""том, "",""что "",""\""эк"",""стрем"",""исты "",""из "",""Сом"",""али\"" "",""план"",""ир"",""ют "",""вз"","""",""вы "",""в "",""Кен"",""ии "",""и Эфиоп"",""ии "",""при "",""пом"",""ощи "",""тер"",""о"",""истов"",""-"",""смертн"",""иков"","".""]",48
123,dev,123,"США утверждают, что получили из неназванного источника информацию, в которой непосредственно упоминается использование террористов-смертников, чтобы взорвать ""знаменитые достопримечательности"" в Эфиопии и Кении.","[""США "",""утвержд"",""ают, "",""что "",""пол"",""чили "",""из "",""нен"",""азв"",""ан"",""ного "",""исто"",""н"",""ика "",""ин"",""форм"",""аци"",""ю, "",""в "",""кото"",""ой "",""неп"",""о"",""редств"",""ен"",""но "",""упом"",""ин"",""ается "",""испол"",""зов"",""ан"",""ие "",""тер"",""о"",""истов"",""-"",""смертн"",""иков"","", "",""чтоб"",""ы "",""взо"",""вать "",""\""зн"",""амен"",""итые "",""до"",""топ"",""ри"",""ечательн"",""ости\"" "",""в "",""Эфиоп"",""ии "",""и Кен"",""ии.""]",57
124,dev,124,"Задолго до The Daily Show и The Colbert Report, когда еще в 1988 году Хек и Джонсон были студентами Висконсинского университета в Мадисоне, они придумали идею для печатного издания, которое бы пародировало выпуски и репортажи новостей.","[""З"",""ад"",""лг"",""о "",""до "",""The "",""Daily "",""Show и The "",""Col"",""bert "",""Report, "",""когда "",""еще "",""в "",""1988 "",""году "",""Хек"","" "",""и Джон"",""сон"","" "",""были "",""студен"",""тами "",""Виск"",""он"",""син"",""ского "",""ун"",""ивер"",""итета "",""в "",""Мадисон"",""е, "",""он"",""и "",""при"",""умали "",""идею "",""для "",""печатн"",""ого "",""изд"",""н"",""ия, "",""кото"",""ое "",""бы "",""пар"",""диров"",""ало "",""выпуск"",""и "",""и реп"",""о"",""тажи "",""нов"",""остей.""]",58
125,dev,125,"С момента своего создания The Onion стала настоящей империей пародий на новости, имея печатное издание, сайт, который в октябре посетили 5 000 000 пользователей, службу персональных объявлений, круглосуточную новостную сеть, подкасты и недавно вышедший атлас мира под названием ""Наш глупый мир"".","[""С "",""момен"",""та "",""своего "",""создан"",""ия "",""The "",""Onion "",""стала "",""насто"",""щ"",""ей "",""импер"",""ей "",""пар"",""дий "",""на "",""нов"",""ости, "",""имея "",""печатн"",""ое "",""изд"",""н"",""ие, "",""сайт, "",""кото"",""ый "",""в "",""ок"",""тябре "",""по"",""етили "",""5 000 "",""000 "",""пол"",""зов"",""ател"",""й, "",""служб"",""у "",""пер"",""он"",""альн"",""ых "",""объявлен"",""ий, "",""круг"",""ло"",""уто"",""н"",""ую "",""нов"",""остн"",""ую "",""сет"","", "",""под"","""",""асты "",""и нед"",""вн"",""о "",""выш"",""едш"",""ий "",""атла"","" "",""мира "",""под "",""назв"",""ан"",""ием "",""\""Наш"","" "",""глупый "",""мир\"".""]",77
126,dev,126,"Эл Гор и генерал Томми Фрэнкс непринуждённо составили список своих любимых заголовков (у Гора это был заголовок, в котором The Onion сообщил, что у них с Типпер был лучший секс в их жизни после его поражения на выборах, по решению Коллегии выборщиков, в 2000 году).","[""Эл "",""Го"","" "",""и ген"",""ерал "",""Томми "",""Фрэн"",""кс "",""неп"",""ри"","""",""уждён"",""но "",""составили "",""список"","" "",""своих "",""люб"",""им"",""ых "",""заг"",""олов"",""ков"","" "",""(у "",""Го"",""а "",""это "",""был "",""заг"",""олов"",""ок"","", "",""в "",""кото"",""ом "",""The "",""Onion "",""сообщ"",""ил, "",""что "",""у "",""них "",""с "",""Типпер "",""был "",""лучш"",""ий "",""сек"",""с "",""в "",""их "",""жизн"",""и "",""по"",""ле "",""его "",""по"",""ажен"",""ия "",""на "",""выбо"",""ах, "",""по "",""решен"",""ию "",""Кол"",""егии "",""выбо"",""щиков"","", "",""в "",""2000 "",""году).""]",74
127,dev,127,"Многие из их авторов позднее оказали огромное влияние на пародийные новостные передачи Джона Стьюарта и Стивена Кольбера.""","[""М"",""н"",""огие "",""из "",""их "",""авто"",""ов"","" "",""поз"",""н"",""ее "",""ок"",""азали "",""огром"",""н"",""ое "",""влиян"",""ие "",""на "",""пар"",""дийн"",""ые "",""нов"",""остн"",""ые "",""пер"",""дачи "",""Джон"",""а "",""Стьюарта "",""и Сти"",""ен"",""а "",""Кольбер"","".\""""]",35
128,dev,128,Это культурное событие также является частью кампании мэрии Бухареста по превращению столицы Румынии в яркий творческий мегаполис.,"[""Э"",""о "",""культу"",""н"",""ое "",""соб"",""ытие "",""так"",""же "",""является "",""част"",""ю "",""кам"",""пан"",""ии "",""мэрии "",""Буха"",""еста "",""по "",""прев"",""ращен"",""ию "",""стол"",""ицы "",""Румын"",""ии "",""в "",""ярк"",""ий "",""тво"",""ческ"",""ий "",""мегап"",""олис.""]",34
129,dev,129,"Этот город станет первым городом юго-восточной Европы, в котором пройдёт CowParade — крупнейшее в мире мероприятие в области общественного искусства, которое будет проходить с июня по август этого года.","[""Э"",""о"","" "",""го"",""од "",""стан"",""ет "",""пер"",""ым "",""го"",""одом"","" "",""юго-"",""во"",""то"",""н"",""ой "",""Европ"",""ы, "",""в "",""кото"",""ом "",""пройдёт "",""CowParade "",""— "",""крупн"",""ейш"",""ее "",""в "",""мире "",""мер"",""п"",""риятие "",""в "",""обла"",""ти "",""общ"",""еств"",""ен"",""ного "",""иск"",""усств"",""а, "",""кото"",""ое "",""будет "",""про"",""оди"",""ь "",""с "",""июн"",""я "",""по "",""авг"",""ст "",""этого "",""года.""]",57
130,dev,130,Сегодняшнее заявление также продолжает озвученное в марте этого года намерение правительства финансировать приобретение дополнительных вагонов.,"[""Сегодн"",""яшн"",""ее "",""за"",""влен"",""ие "",""так"",""же "",""прод"",""олжает "",""озв"",""учен"",""ное "",""в "",""мар"",""е "",""этого "",""года "",""намерен"",""ие "",""прав"",""ительств"",""а "",""фин"",""ан"",""сиров"",""ать "",""при"",""б"",""ретен"",""ие "",""доп"",""олнительн"",""ых "",""вагон"",""ов"","".""]",37
131,dev,131,"Дополнительные 300 единиц увеличивают до 1300 общее количество вагонов, которые планируется приобрести, чтобы облегчить проблему чрезмерной скученности.","[""Д"",""оп"",""ол"","""",""ительн"",""ые "",""300 "",""един"",""иц "",""увеличивают "",""до "",""1300 "",""общ"",""ее "",""кол"",""честв"",""о "",""вагон"",""ов"","", "",""кото"",""ые "",""план"",""ир"",""ется "",""при"",""б"",""рести, "",""чтоб"",""ы "",""облег"",""ить "",""проб"",""лем"",""у "",""чрезм"",""ерн"",""ой "",""ск"",""учен"",""ности.""]",41
132,dev,132,"Кристофер Гарсиа, представитель департамента полиции Лос-Анжелоса, сказал, что мужчина подозреваемый в преступлении, находится под следствием скорее по подозрению в незаконном проникновении, чем в вандализме.","[""К"",""ри"",""то"",""ер "",""Гар"",""иа, "",""пред"",""став"",""ител"","" "",""деп"",""артамен"",""та "",""пол"",""ции "",""Ло"",""-"",""Ан"",""жело"",""а, "",""ск"",""азал, "",""что "",""мужчин"",""а "",""под"",""зрев"",""аем"",""ый "",""в "",""пре"",""туплен"",""ии, "",""находи"",""ся "",""под "",""след"",""тв"",""ием"","" "",""ск"",""орее "",""по "",""под"",""зрен"",""ию "",""в "",""нез"",""к"",""он"",""ном "",""прон"",""икнов"",""ен"",""ии, "",""чем"","" "",""в "",""ван"",""дализме.""]",60
133,dev,133,"Физически знак не был поврежден; его модифицировали, используя кусок брезента со знаками мира и сердца, чтобы буква ""О"" стала похожа на маленькую ""е"".","[""Физи"",""еск"",""и "",""зн"",""ак "",""не "",""был "",""пов"",""режден"",""; "",""его "",""модифициров"",""али, "",""использ"",""я "",""кусок"","" "",""брезен"",""та "",""со "",""зн"",""аками "",""мира "",""и сер"",""ца, "",""чтоб"",""ы "",""бук"",""ва "",""\""О\"""","" "",""стала "",""по"",""ожа "",""на "",""мален"",""ькую "",""\""е\"".""]",38
134,dev,134,"Красный прилив вызван более высокой, чем обычно, концентрацией Karenia brevis, одноклеточного морского организма, встречающегося в природе.","[""К"",""ра"",""н"",""ый "",""при"",""ив"","" "",""вызв"",""ан"","" "",""более "",""высок"",""ой, "",""чем"","" "",""обычн"",""о, "",""кон"",""цен"",""траци"",""ей "",""Kar en ia "",""brevis, "",""одн"",""ок"",""лето"",""н"",""ого "",""мо"",""ск"",""ого "",""орган"",""изма, "",""встречающ"",""его"",""я "",""в "",""при"",""оде.""]",39
135,dev,135,"Факторы природы могут воздействовать таким образом, что создаются идеальные условия, позволяющие этим водорослям резко увеличивать свою численность.","[""Фак"",""то"",""ы "",""при"",""оды "",""могут "",""возд"",""йств"",""ов"",""ать "",""так"",""им "",""образом"","", "",""что "",""создаются "",""ид"",""альн"",""ые "",""услов"",""ия, "",""поз"","""",""оляющ"",""ие "",""этим"","" "",""водо"",""ослям"","" "",""резк"",""о "",""увеличивать "",""сво"","" "",""чи"",""лен"",""ность.""]",38
136,dev,136,"Эти водоросли вырабатывают нейротоксин, который может отключить работу нервной системы как у людей, так и у рыб.","[""Э"",""и "",""водо"",""осли "",""выраб"",""атывают "",""ней"",""о"",""ок"",""син"","", "",""кото"",""ый "",""може"","" "",""отк"",""лючить "",""рабо"",""у "",""нер"",""н"",""ой "",""систем"",""ы "",""как"","" "",""у "",""людей, "",""так"","" "",""и у "",""рыб.""]",32
137,dev,137,Обычно рыбы погибают из-за высокой концентрации токсических веществ в воде.,"[""Об"",""ычн"",""о "",""рыбы "",""пог"",""ибают "",""из-"",""за "",""высок"",""ой "",""кон"",""цен"",""траци"",""и "",""ток"",""сическ"",""их "",""вещ"",""еств"","" "",""в "",""воде.""]",22
138,dev,138,"Люди могут пострадать, вдыхая загрязненную воду, попавшую в воздух с ветром и волнами.","[""Л"","""",""д"",""и "",""мог"",""т "",""по"",""традать, "",""вд"",""хая "",""заг"","""",""язн"",""ен"",""ную "",""воду, "",""поп"",""авшую "",""в "",""возд"",""х "",""с "",""вет"",""ом"","" "",""и волн"",""ами.""]",27
139,dev,139,"На своём пике тропический циклон Гону, название которого на языке Мальдивских островов означает ""сумка из пальмовых листьев"", достигал силы ветра в 240 километров в час (149 миль в час).","[""Н"",""а "",""сво"",""м "",""пик"",""е "",""троп"",""ическ"",""ий "",""цик"",""лон"","" "",""Гон"",""у, "",""назв"",""ан"",""ие "",""кото"",""ого "",""на "",""языке "",""Мал"",""див"",""к"",""их "",""остров"",""ов"","" "",""озн"",""ачает "",""\""сум"",""ка "",""из "",""пал"",""мов"",""ых "",""листьев"",""\"", "",""до"",""тигал "",""силы "",""вет"",""а "",""в "",""240 "",""килом"",""етров"","" "",""в "",""час "",""(149 "",""миль "",""в "",""час).""]",54
140,dev,140,"К началу сегодняшнего дня скорость ветра достигала около 83 км/ч, и ожидалось, что она будет продолжать снижаться.","[""К"","" "",""началу "",""сегодн"",""яшн"",""его "",""дня "",""ск"",""орость "",""вет"",""а "",""до"",""тигала "",""ок"",""оло "",""83 "",""км/ч, "",""и ожидало"",""ь, "",""что "",""он"",""а "",""будет "",""прод"",""олжать "",""сн"",""ижаться.""]",27
141,dev,141,В среду Национальная баскетбольная ассоциация США (НБА) приостановила свой профессиональный игровой сезон из-за опасений по поводу  COVID-19.,"[""В"","" "",""среду "",""Национ"",""альн"",""ая "",""баск"",""етб"",""ольн"",""ая "",""ассо"",""иа"",""и"",""я "",""США "",""(НБА) "",""при"","""",""тан"",""ов"",""ила "",""свой "",""про"",""есси"",""он"",""альн"",""ый "",""игров"",""ой "",""сезон"","" "",""из-"",""за "",""опасен"",""ий "",""по "",""пов"",""оду "","" COVID-"",""19.""]",40
142,dev,142,"Решение NBA было принято после того, как игрок ""Юта Джаз"" получил положительный результат теста на вирус COVID-19.","[""Р"","""","""",""ен"",""ие "",""NBA "",""было "",""при"","""",""ято "",""по"",""ле "",""того, "",""как"","" "",""игрок"","" "",""\""Юта "",""Джаз"",""\"""","" "",""пол"",""чил "",""пол"",""жительн"",""ый "",""рез"",""льта"","" "",""тес"",""та "",""на "",""вир"",""с "",""COVID-"",""19.""]",36
143,dev,143,"Судя по этим ископаемым, разделение произошло намного раньше, чем предполагалось на основании молекулярных сведений.","[""С"",""д"","" "",""по "",""этим"","" "",""иск"",""опаем"",""ым, "",""разд"",""лен"",""ие "",""произо"",""ло "",""намного "",""ран"",""ьш"",""е, "",""чем"","" "",""пред"",""полаг"",""ало"",""ь "",""на "",""основ"",""ан"",""ии "",""молек"",""уля"",""н"",""ых "",""сведен"",""ий.""]",34
144,dev,144,"""Это означает, что всё должно быть отодвинуто назад"", – сказал научный сотрудник Службы исследования Рифтовой долины в Эфиопии и соавтор исследования Берхане Асфо.","[""\"""",""Это "",""озн"",""ачает, "",""что "",""всё "",""должн"",""о "",""быть "",""ото"","""",""в"",""ин"",""уто "",""назад\"", "",""– "",""ск"",""азал "",""научн"",""ый "",""со"",""рудн"",""ик "",""Служб"",""ы "",""исследов"",""ан"",""ия "",""Рифтов"",""ой "",""долин"",""ы "",""в "",""Эфиоп"",""ии "",""и соав"",""то"","" "",""исследов"",""ан"",""ия "",""Бер"",""ан"",""е "",""Асфо.""]",45
145,dev,145,"До настоящего времени AOL мог продвигать и развивать рынок служб мгновенных сообщений своими собственными темпами благодаря тому, что он широко используется в США.","[""Д"",""о "",""насто"",""щ"",""его "",""врем"",""ен"",""и "",""AOL "",""мог "",""прод"",""вигать "",""и разв"",""ивать "",""рын"",""ок "",""служб"","" "",""мгн"",""ов"",""ен"",""ных "",""сообщ"",""ен"",""ий "",""своими "",""соб"",""ств"",""ен"",""ными "",""тем"",""пами "",""благ"",""ода"",""я "",""тому, "",""что "",""он"","" "",""широк"",""о "",""использ"",""ется "",""в "",""США.""]",45
146,dev,146,С принятием данного соглашения эта свобода может закончиться.,"[""С "",""при"","""",""ятием"","" "",""дан"",""ного "",""согла"",""ен"",""ия "",""эта "",""своб"",""ода "",""може"","" "",""зак"",""он"",""читься.""]",18
147,dev,147,Количество вместе взятых пользователей сервисов Yahoo! и Microsoft сможет составить конкуренцию количеству клиентов AOL.,"[""К"",""ол"","""",""еств"",""о "",""вместе "",""вз"",""тых "",""пол"",""зов"",""ател"",""й "",""сер"",""исов"","" "",""Yahoo! "",""и Microsoft "",""сможет "",""со"",""тавить "",""кон"",""курен"",""цию "",""кол"",""честв"",""у "",""клиен"",""тов"","" "",""AOL.""]",30
148,dev,148,"Банк Northern Rock был национализирован в 2008 году после того, как стало известно, что компания получила от правительства Великобритании поддержку, оказываемую в чрезвычайных ситуациях.","[""Б"",""ан"",""к "",""Nor"",""thern "",""Rock "",""был "",""национ"",""ализиров"",""ан"","" "",""в "",""2008 "",""году "",""по"",""ле "",""того, "",""как"","" "",""стало "",""известн"",""о, "",""что "",""ком"",""пан"",""ия "",""пол"",""чила "",""от "",""прав"",""ительств"",""а "",""Велик"",""об"",""ритан"",""ии "",""под"",""ержк"",""у, "",""ок"",""азываем"",""ую "",""в "",""чрезв"",""ычайн"",""ых "",""ситуаци"",""я"","".""]",49
149,dev,149,"Британский банк Northern Rock пострадал во время субстандартного ипотечного кризиса в 2007 г., и ему потребовалась помощь.","[""Б"",""ри"",""ан"",""ск"",""ий "",""бан"",""к "",""Northern "",""Rock "",""по"",""традал "",""во "",""врем"",""я "",""суб"",""тан"",""дартн"",""ого "",""ипо"",""ечн"",""ого "",""кри"",""иса "",""в "",""2007 "",""г., "",""и ему "",""по"",""реб"",""ов"",""ала"",""ь "",""пом"",""ощь.""]",34
150,dev,150,Предложение конгломерата Virgin Group сэра Ричарда Брэнсона было отклонено перед национализацией банка.,"[""П"",""ред"",""ложен"",""ие "",""кон"",""глом"",""ерата "",""Virgin "",""Group "",""сэра "",""Рича"",""да "",""Брэн"",""сон"",""а "",""было "",""отк"",""лон"",""ен"",""о "",""пер"",""д "",""национ"",""ализаци"",""ей "",""бан"",""ка.""]",27
151,dev,151,"В ходе своей национализации в 2010 году действующий центральный банк Northern Rock Plc был отделён от ""плохого банка"" Northern Rock (Asset management).","[""В"","" "",""ходе "",""своей "",""национ"",""ализа"",""и"",""и "",""в "",""2010 "",""году "",""действ"",""ующ"",""ий "",""цен"",""тральн"",""ый "",""бан"",""к "",""Northern "",""Rock "",""Plc "",""был "",""отделён"","" "",""от "",""\""пло"",""ог"",""о "",""бан"",""ка\"" "",""Northern "",""Rock "",""(Asset "",""managem en t).""]",35
152,dev,152,"Конгломерат Virgin приобрел только ""хороший банк"" Northern Rock, а не компанию по управлению активами.","[""К"",""он"",""глом"",""ерат "",""Virgin "",""при"",""брел "",""тольк"",""о "",""\""хо"",""ош"",""ий "",""бан"",""к\"" "",""Northern "",""Rock, "",""а не "",""ком"",""пан"",""ию "",""по "",""управ"",""лен"",""ию "",""ак"",""тивами.""]",26
153,dev,153,"Считается, что это уже пятый раз в истории, когда люди наблюдают падение на Землю того, что оказывается химически подтверждённой марсианской породой.","[""С"",""и"",""ается, "",""что "",""это "",""уже "",""пятый "",""раз "",""в "",""исто"",""ии, "",""когда "",""люди "",""наб"",""л"",""дают "",""пад"",""н"",""ие "",""на "",""Зем"",""лю "",""того, "",""что "",""ок"",""азывается "",""хим"",""ическ"",""и "",""под"",""вер"",""д"","""",""н"",""ной "",""мар"",""иан"",""ск"",""ой "",""по"",""одой.""]",41
154,dev,154,"Из примерно 24 000 известных метеоритов, упавших на Землю, всего около 34 были признаны марсианскими по происхождению.","[""Из "",""при"",""ерн"",""о "",""24 "",""000 "",""известн"",""ых "",""мет"",""о"",""итов"","", "",""упав"",""ших "",""на "",""Зем"",""лю, "",""всего "",""ок"",""оло "",""34 "",""были "",""при"",""н"",""ан"",""ы "",""мар"",""иан"",""ск"",""ими "",""по "",""происхожден"",""ию.""]",33
155,dev,155,"Пятнадцать из этих метеоритов связывают с метеоритным дождем, прошедшим в июле прошлого года.","[""П"",""ятн"",""адцать "",""из "",""эти"","" "",""мет"",""о"",""итов"","" "",""связывают "",""с "",""мет"",""о"",""итн"",""ым "",""дождем"","", "",""про"",""едш"",""им "",""в "",""июле "",""про"",""лог"",""о "",""года.""]",27
156,dev,156,"Некоторые очень редкие на Земле камни продаются по цене от 11 000 до 22 500 долл. США за унцию, т. е. они примерно в 10 раз дороже золота.","[""Н"",""ек"",""ото"",""ые "",""очен"",""ь "",""редк"",""ие "",""на "",""Зем"",""ле "",""камн"",""и "",""прод"",""аются "",""по "",""цен"",""е "",""от "",""11 "",""000 "",""до "",""22 "",""500 "",""долл. "",""США "",""за "",""ун"",""цию, "",""т. "",""е. "",""он"",""и "",""при"",""ерн"",""о "",""в "",""10 "",""раз "",""до"",""оже "",""золо"",""а.""]",43
157,dev,157,"По итогам гонки Кезеловски остается победителем Чемпионата среди гонщиков, набрав 2250 очков.","[""П"",""о "",""итогам "",""гон"",""ки "",""Кезелов"",""ск"",""и "",""остается "",""поб"",""едител"",""м"","" "",""Чем"",""пион"",""ата "",""среди "",""гон"",""щиков"","", "",""наб"",""рав"","" "",""2250 "",""очков"","".""]",26
158,dev,158,"Отстав на семь очков, Джонсон на втором месте с результатом в 2243 очка.","[""О"",""став"","" "",""на "",""сем"",""ь "",""очков"","", "",""Джон"",""сон"","" "",""на "",""вто"",""ом "",""месте "",""с "",""рез"",""льта"",""ом "",""в "",""2243 "",""очка.""]",22
159,dev,159,"На 3-м месте — Хэмлин, который отстает на двадцать очков, но опережает на пять Бойера. Кейн и Трукс-младший занимают 5-е и 6-е места соответственно, набрав по 2220 и 2207 очков.","[""Н"",""а "",""3-м "",""месте "",""— "",""Хэмлин"","", "",""кото"",""ый "",""отстает "",""на "",""двад"",""ать "",""очков"","", "",""но "",""опер"",""жает "",""на "",""пять "",""Бойера. "",""Кейн"","" "",""и Трук"",""с-"",""млад"","""",""ий "",""зан"",""имают "",""5-е "",""и 6-е "",""места "",""соответств"",""ен"",""но, "",""наб"",""рав"","" "",""по "",""2220 "",""и 2207 "",""очков"","".""]",44
160,dev,160,"Стюарт, Гордон, Кенсет и Харвик  завершают список десяти лучших позиций в личном зачёте, в то время как в сезоне остаётся ещё 4 заезда.","[""С"","""",""а"","""","", "",""Го"",""дон"","", "",""Кен"",""сет "",""и Харвик "","" "",""зав"",""ершают "",""список"","" "",""дес"",""яти "",""лучш"",""их "",""поз"",""ций "",""в "",""личн"",""ом "",""за"",""ёте, "",""в "",""то "",""врем"",""я "",""как"","" "",""в "",""сезон"",""е "",""оста"",""тся "",""ещё "",""4 заезда.""]",40
161,dev,161,"В ВМС США также сообщили, что занимаются расследованием этого инцидента.","[""В"","" "",""ВМС "",""США "",""так"",""же "",""сообщ"",""или, "",""что "",""зан"",""имаются "",""рас"",""ледов"",""ан"",""ием "",""этого "",""ин"",""циден"",""та.""]",19
162,dev,162,"Они также сообщили в заявлении: ""Команда специалистов в настоящее время работает над установлением наилучшего способа того, как безопасно освободить корабль"".","[""Он"",""и "",""так"",""же "",""сообщ"",""или "",""в "",""за"",""влен"",""ии: "",""\""Ком"",""ан"",""да "",""спе"",""иали"",""тов"","" "",""в "",""насто"",""щ"",""ее "",""врем"",""я "",""рабо"",""ает "",""над "",""устан"",""ов"",""лен"",""ием "",""наилу"",""ш"",""его "",""спо"",""об"",""а "",""того, "",""как"","" "",""без"",""п"",""асн"",""о "",""освоб"",""одить "",""корабль\"".""]",46
163,dev,163,"Минный тральщик класса ""Авенджер"", судно направлялось в Пуэрто-Принсеса на острове Палаван.","[""М"",""ин"",""ный "",""тральщ"",""ик "",""класса "",""\""Авен"",""джер\"", "",""суд"","""",""о "",""нап"",""рав"",""ляло"",""ь "",""в "",""Пуэрто-"",""При"","""",""сеса "",""на "",""остров"",""е "",""Палав"",""ан"","".""]",26
164,dev,164,"Он приписан к 7-му флоту ВМС Соединенных Штатов Америки и базируется в Сасебо, префектура Нагасаки, Япония.","[""Он"","" "",""при"",""исан"","" "",""к 7-му "",""фло"",""у "",""ВМС "",""Соедин"",""ен"",""ных "",""Штатов"","" "",""Америк"",""и "",""и базир"",""ется "",""в "",""Сасебо, "",""пре"",""ек"",""тура "",""Нага"",""аки, "",""Япон"",""ия.""]",27
165,dev,165,"Совершившие террористическую атаку в Мумбаи прибыли на лодке 26 ноября 2008 года, привезя с собой гранаты с автоматическим оружием, и ударили по нескольким целям, включая многолюдный железнодорожный вокзал Чхатрапати-Шиваджи и знаменитый отель Тадж-Махал.","[""Сов"",""ер"",""ив"","""",""ие "",""тер"",""о"",""исти"",""еск"",""ую "",""атак"",""у "",""в "",""Мумбаи "",""при"",""ыли "",""на "",""лодк"",""е "",""26 "",""ноября "",""2008 "",""года, "",""при"",""ез"","" "",""с "",""собой "",""гран"",""аты "",""с "",""авто"",""атическ"",""им "",""оружием"","", "",""и ударили "",""по "",""неск"",""ольким "",""целям"","", "",""включая "",""мн"",""оголюдн"",""ый "",""желез"",""н"",""одо"",""ожн"",""ый "",""вок"",""зал "",""Чхатрапати-"",""Шиваджи "",""и зн"",""амен"",""итый "",""отел"","" "",""Тад"",""-"",""Махал.""]",63
166,dev,166,"Разведка и сбор информации Дэвидом Хедли помогли провести операцию 10 боевикам из пакистанской группировки ""Лашкар-е-Тайба"".","[""Р"","""",""зв"",""едк"",""а "",""и сбо"","" "",""ин"",""форм"",""аци"",""и "",""Дэвидом"","" "",""Хедли "",""пом"",""огли "",""пров"",""ести "",""опер"",""ци"",""ю "",""10 "",""боев"",""икам "",""из "",""пак"",""истан"",""ской "",""группиров"",""ки "",""\""Ла"",""кар-"",""е-"",""Тайб"",""а\"".""]",35
167,dev,167,Эта атака сильно повлияла на отношения между Индией и Пакистаном.,"[""Э"",""а "",""атак"",""а "",""сильн"",""о "",""пов"",""лияла "",""на "",""отн"",""ошен"",""ия "",""межд"","" "",""Ин"",""дией "",""и Пак"",""истан"",""ом.""]",19
168,dev,168,"Сопровождаемый этими должностными лицами, он заверил жителей Техаса, что меры по защите безопасности населения принимаются.","[""Соп"",""ров"",""ождаем"",""ый "",""этим"",""и "",""должн"",""остн"",""ыми "",""ли"",""ам"",""и, "",""он"","" "",""зав"",""ерил "",""жител"",""й "",""Техаса, "",""что "",""мер"","" "",""по "",""за"",""ите "",""без"",""п"",""асн"",""ости "",""населен"",""ия "",""при"","""",""имаются.""]",34
169,dev,169,"Перри конкретно сказал: ""В мире мало мест, лучше подготовленных к решению проблемы, которая стоит в данном случае"".","[""П"",""ер"",""и "",""кон"",""кретн"",""о "",""ск"",""азал: "",""\""В "",""мире "",""мало "",""мест, "",""лучш"",""е "",""под"",""отов"",""лен"",""ных "",""к "",""решен"",""ию "",""проб"",""лем"",""ы, "",""кото"",""ая "",""стоит "",""в "",""дан"",""ном "",""случае\"".""]",31
170,dev,170,"Губернатор так же заявил: ""Сегодня мы узнали, что было выявлено, что некоторые дети школьного возраста имели контакт с пациентом"".","[""Г"",""уб"",""ер"","""",""ато"","" "",""так"","" "",""же "",""за"",""вил: "",""\""Сегодн"",""я "",""мы узн"",""али, "",""что "",""было "",""выявлен"",""о, "",""что "",""нек"",""ото"",""ые "",""дет"","" "",""шк"",""ольн"",""ого "",""воз"",""аста "",""имели "",""кон"",""такт "",""с "",""пациен"",""том\"".""]",36
171,dev,171,"Он продолжил и сказал: ""Этот случай серьёзный. Будьте уверены, что наша система работает настолько хорошо, насколько должна"".","[""Он"","" "",""прод"",""олжил "",""и ск"",""азал: "",""\""Это"","" "",""случай "",""сер"",""ёзн"",""ый. "",""Буд"",""те "",""уверен"",""ы, "",""что "",""наш"",""а "",""систем"",""а "",""рабо"",""ает "",""настол"",""ько "",""хорош"",""о, "",""наск"",""олько "",""должн"",""а\"".""]",31
172,dev,172,"Если находка подтвердится, она завершит восьмилетние поиски Мусаси Алленом.","[""Е"",""ли "",""на"",""одк"",""а "",""под"",""вер"",""ится, "",""он"",""а "",""зав"",""ершит "",""во"",""ьм"",""иле"",""н"",""ие "",""поиск"",""и "",""Муса"",""и "",""Алл"",""н"",""ом.""]",24
173,dev,173,После картографирования морского дна обломки судна были найдены с помощью дистанционно управляемого аппарата.,"[""П"",""о"",""ле "",""кар"",""ог"",""ра"",""иров"",""ан"",""ия "",""мо"",""ск"",""ого "",""дна "",""облом"",""ки "",""суд"","""",""а "",""были "",""найден"",""ы "",""с "",""пом"",""ощью "",""дис"",""тан"",""цион"",""но "",""управ"",""ляем"",""ого "",""ап"",""па"",""ата.""]",34
174,dev,174,"Ка сообщалось, будучи одним из богатейших людей в мире, Аллен вложил большинство своих средств в морские исследования и из-за своего постоянного интереса к военной истории он начал свою миссию по поискам Мусаси.","[""К"",""а "",""сообщ"",""ало"",""ь, "",""буд"",""чи "",""одн"",""им "",""из "",""бога"",""ейш"",""их "",""людей "",""в "",""мире, "",""Алл"",""н"","" "",""вложил "",""больш"",""ин"",""ств"",""о "",""своих "",""средств"","" "",""в "",""мо"",""ск"",""ие "",""исследов"",""ан"",""ия "",""и из-"",""за "",""своего "",""по"",""тоян"",""ного "",""ин"",""тер"",""са "",""к "",""воен"",""ной "",""исто"",""ии "",""он"","" "",""начал "",""сво"","" "",""миссию "",""по "",""поиск"",""ам "",""Мусаси.""]",58
175,dev,175,Она получила признание критиков во время своего пребывания в Атланте и была удостоена признания за инновационное городское образование.,"[""Он"",""а "",""пол"",""чила "",""при"",""н"",""ан"",""ие "",""критик"",""ов"","" "",""во "",""врем"",""я "",""своего "",""преб"",""ыван"",""ия "",""в "",""Атлан"",""те "",""и была "",""удо"",""тоен"",""а "",""при"",""н"",""ан"",""ия "",""за "",""ин"",""нов"",""ацион"",""ное "",""го"",""одск"",""ое "",""образов"",""ан"",""ие.""]",40
176,dev,176,В 2009 году ей был присвоен титул Национального суперинтенданта года.,"[""В"","" "",""2009 "",""году "",""ей "",""был "",""при"",""воен"","" "",""ти"",""ул "",""Национ"",""альн"",""ого "",""супер"",""н"",""тен"",""дан"",""та "",""года.""]",20
177,dev,177,В школах города Атланта было отмечено существенное улучшение результатов по контрольным работам на момент вручения награды.,"[""В"","" "",""шк"",""олах "",""го"",""ода "",""Атлан"",""та "",""было "",""отм"",""ечен"",""о "",""существ"",""ен"",""ное "",""улучш"",""ен"",""ие "",""рез"",""льта"",""ов"","" "",""по "",""кон"",""трол"",""ьн"",""ым "",""рабо"",""ам "",""на "",""момен"",""т "",""вручен"",""ия "",""наг"","""",""ад"","".""]",38
178,dev,178,"Вскоре после этого газета ""Атланта Джорнал Конститьюшн"" опубликовала доклад, демонстрирующий проблемы с результатами тестов.","[""В"",""ск"",""оре "",""по"",""ле "",""этого "",""газета "",""\""Атлан"",""та "",""Джо"",""н"",""ал "",""Кон"",""ститью"",""н"",""\"" "",""опублик"",""ов"",""ала "",""док"",""лад, "",""дем"",""он"",""стрир"",""ющ"",""ий "",""проб"",""лем"",""ы "",""с "",""рез"",""льта"",""ами "",""тес"",""тов"","".""]",36
179,dev,179,"В отчёте показано, что результаты по контрольным работам улучшились невероятно быстро, и предполагалось, что школа выявила свои внутренние проблемы, но никак не отреагировала на них.","[""В"","" "",""отчёте "",""пок"",""азан"",""о, "",""что "",""рез"",""льта"",""ы "",""по "",""кон"",""трол"",""ьн"",""ым "",""рабо"",""ам "",""улучш"",""или"",""ь "",""нев"",""ер"","""",""тн"",""о "",""быстро, "",""и пред"",""пол"",""г"",""ало"",""ь, "",""что "",""шк"",""ола "",""выявила "",""свои "",""вн"",""утрен"",""ние "",""проб"",""лем"",""ы, "",""но "",""никак"","" "",""не "",""отр"",""агиров"",""ала "",""на "",""них.""]",51
180,dev,180,"Таким образом, улика показала, что бумаги были сфальсифицированы, и Холлу вместе с 34-мя другими чиновниками системы образования было предъявлено обвинение в 2013 году.","[""Т"",""ак"",""им "",""образом"","", "",""улик"",""а "",""пок"",""азала, "",""что "",""бумаг"",""и "",""были "",""сфальсиф"",""ициров"",""ан"",""ы, "",""и Холл"","" "",""вместе "",""с "",""34-мя "",""друг"",""ими "",""чин"",""ов"",""н"",""иками "",""систем"",""ы "",""образов"",""ан"",""ия "",""было "",""пред"",""ъявлен"",""о "",""обвин"",""ен"",""ие "",""в "",""2013 "",""году.""]",43
181,dev,181,"Ирландское правительство подчеркивает срочную необходимость парламентского законодательства, чтобы разрешить ситуацию.","[""И"",""лан"",""дск"",""ое "",""прав"",""ительств"",""о "",""под"",""ер"",""ивает "",""сро"",""н"",""ую "",""необходим"",""о"",""ть "",""пар"",""амен"",""тск"",""ого "",""зак"",""он"",""одательств"",""а, "",""чтоб"",""ы "",""раз"",""ешить "",""ситуаци"",""ю.""]",30
182,dev,182,"""Сейчас очень важно с точки зрения как общественного здоровья, так и уголовного правосудия, чтобы закон был принят как можно скорее"", — сказал пресс-секретарь правительства.","[""\"""",""Сей"",""а"","" "",""очен"",""ь "",""важн"",""о "",""с "",""то"",""ки "",""зрен"",""ия "",""как"","" "",""общ"",""еств"",""ен"",""ного "",""здо"",""ов"",""ья, "",""так"","" "",""и уголов"",""н"",""ого "",""прав"",""осудия, "",""чтоб"",""ы "",""зак"",""он"","" "",""был "",""при"","""",""ят "",""как"","" "",""можн"",""о "",""ск"",""орее\"", "",""— "",""ск"",""азал "",""пре"",""с-"",""сек"",""ретарь "",""прав"",""ительств"",""а.""]",54
183,dev,183,"Министр здравоохранения выразил озабоченность и по поводу благополучия людей, пользующихся временной доступностью означенных веществ, и по поводу приговоров связанных с наркотиками, вынесенных со времени, когда теперь уже не конституционные изменения вступили в силу.","[""М"",""ин"",""ист"","" "",""зд"",""ав"",""оо"",""ран"",""ен"",""ия "",""выразил "",""озаб"",""очен"",""ность "",""и по "",""пов"",""оду "",""благ"",""оп"",""ол"",""чия "",""людей, "",""пол"",""зующ"",""ихся "",""врем"",""ен"",""ной "",""до"",""тупн"",""остью "",""озн"",""ачен"",""ных "",""веществ"","", "",""и по "",""пов"",""оду "",""при"",""ов"",""оров"","" "",""связан"",""ных "",""с "",""нар"",""отиками, "",""вын"",""есен"",""ных "",""со "",""врем"",""ен"",""и, "",""когда "",""теп"",""ер"","" "",""уже "",""не "",""кон"",""ституци"",""он"",""ные "",""измен"",""ен"",""ия "",""вступили "",""в "",""силу.""]",71
184,dev,184,"Ранее тем же днем Харке тренировался во время предсезонной подготовки в Коверчано в Италии. Он оставался в отеле команды перед запланированным на воскресенье матчем против ""Болоньи"".","[""Р"","""",""н"",""ее "",""тем"","" "",""же "",""днем "",""Харк"",""е "",""трен"",""иров"",""ался "",""во "",""врем"",""я "",""пред"",""сезон"",""ной "",""под"",""отов"",""ки "",""в "",""Ковер"",""ан"",""о "",""в "",""Италии. "",""Он"","" "",""оставался "",""в "",""отеле "",""ком"",""ан"",""ды "",""пер"",""д "",""зап"",""лан"",""иров"",""ан"",""ным "",""на "",""во"",""к"",""ресен"",""ье "",""матчем"","" "",""про"",""ив "",""\""Болон"",""ьи\"".""]",54
185,dev,185,"Он проживал в отеле команды перед матчем с Болоньей, запланированным на воскресенье.","[""Он"","" "",""проживал "",""в "",""отеле "",""ком"",""ан"",""ды "",""пер"",""д "",""матчем"","" "",""с "",""Болон"",""ьей, "",""зап"",""лан"",""иров"",""ан"",""ным "",""на "",""во"",""к"",""ресен"",""ье.""]",25
186,dev,186,"Автобус следует в Six Flags St. Louis в Миссури, где музыканты должны будут сыграть перед огромной аудиторией.","[""Ав"",""то"","""",""ус "",""след"",""ет "",""в "",""Six "",""Flags "",""St. "",""Louis "",""в "",""Миссури, "",""где "",""музык"",""ан"",""ты "",""должн"",""ы "",""буд"",""т "",""сыг"",""ать "",""пер"",""д "",""огром"",""н"",""ой "",""ауди"",""о"",""ией.""]",31
187,dev,187,"В 01:15 в субботу, по словам очевидцев, автобус проезжал на зелёный свет, когда автомобиль сделал поворот перед ним.","[""В"","" "",""01:15 "",""в "",""суббо"",""у, "",""по "",""слов"",""ам "",""очев"",""ид"",""ев"","", "",""авто"","""",""ус "",""проезжал "",""на "",""зелён"",""ый "",""све"","", "",""когда "",""авто"","""",""обиль "",""сделал "",""пов"",""орот "",""пер"",""д "",""ним.""]",32
188,dev,188,В ночь на 9 августа глаз Моракота находился примерно в семидесяти километрах от китайской провинции Фуцзянь.,"[""В"","" "",""ночь "",""на "",""9 авг"",""ста "",""глаз "",""Моракота "",""находился "",""при"",""ерн"",""о "",""в "",""сем"",""идес"",""я"",""и "",""килом"",""етра"","" "",""от "",""китай"",""к"",""ой "",""пров"",""инции "",""Фуцз"",""н"",""ь.""]",29
189,dev,189,"Согласно прогнозам, тайфун движется в сторону Китая со скоростью одиннадцать километров в час.","[""Сог"",""ла"",""н"",""о "",""прог"",""н"",""озам"","", "",""тай"",""ун"","" "",""движется "",""в "",""сто"",""он"",""у "",""Китая "",""со "",""ск"",""оростью "",""один"",""над"",""ать "",""килом"",""етров"","" "",""в "",""час.""]",28
190,dev,190,"Пассажирам дали воду, пока они ждали на жаре в 90 градусов по Фаренгейту.","[""П"",""а"","""",""аж"",""и"",""ам"","" "",""дали "",""вод"","", "",""пок"",""а "",""он"",""и "",""ждали "",""на "",""жаре "",""в "",""90 "",""градусов"","" "",""по "",""Фарен"",""гейту.""]",24
191,dev,191,"Начальник пожарной команды Скотт Коунс сказал: ""Сегодня в Санта-Кларе был жаркий день, было в районе 90 градусов.","[""Н"",""а"",""альн"",""ик "",""пож"",""рн"",""ой "",""ком"",""ан"",""ды "",""Ск"",""отт "",""Ко"",""н"",""с "",""ск"",""азал: "",""\""Сегодн"",""я "",""в "",""Сан"",""та-"",""Кларе "",""был "",""жарк"",""ий "",""ден"",""ь, "",""было "",""в "",""район"",""е "",""90 "",""градусов"","".""]",35
192,dev,192,"Любое количество времени, проведенное в застрявшем положении на американских горках, было бы, мягко говоря, неприятным, и на то, чтобы вытащить первого человека из состава вагонеток, ушел по крайней мере час.","[""Л"","""",""б"",""ое "",""кол"",""честв"",""о "",""врем"",""ен"",""и, "",""пров"",""еден"",""ное "",""в "",""за"",""трявш"",""ем "",""пол"",""жен"",""ии "",""на "",""американ"",""ск"",""их "",""го"",""ках, "",""было "",""бы, "",""мягк"",""о "",""гово"",""я, "",""неп"",""ри"",""тн"",""ым, "",""и на "",""то, "",""чтобы "",""вытащ"",""ить "",""пер"",""ого "",""челов"",""ека "",""из "",""со"",""тава "",""вагон"",""еток"","", "",""ушел "",""по "",""крайн"",""ей "",""мер"","" "",""час.""]",58
193,dev,193,"Шумахер, который закончил карьеру в 2006 году после того, как стал семикратным чемпионом ""Формулы-1"" должен был заменить получившего травму Фелипе Массу.","[""Ш"",""ма"",""е"","", "",""кото"",""ый "",""зак"",""он"",""чил "",""карьер"","" "",""в "",""2006 "",""году "",""по"",""ле "",""того, "",""как"","" "",""стал "",""сем"",""икратн"",""ым "",""чем"",""пион"",""ом "",""\""Форм"",""улы-"",""1\"" "",""должен"","" "",""был "",""зам"",""ен"",""ить "",""пол"",""чив"","""",""его "",""трав"",""му "",""Фелип"",""е "",""Массу.""]",44
194,dev,194,Бразилец получил серьёзную травму головы после аварии на гран-при в Венгрии в 2009 году.,"[""Б"",""разиле"","" "",""пол"",""чил "",""сер"",""ёзн"",""ую "",""трав"",""му "",""голов"",""ы "",""по"",""ле "",""аварии "",""на "",""гран"",""-"",""при "",""в "",""Вен"",""грии "",""в "",""2009 "",""году.""]",25
195,dev,195,"Масса не будет нигде участвовать, по крайней мере, до конца сезона 2009 года.","[""М"",""а"","""",""а "",""не "",""будет "",""нигде "",""уча"",""тв"",""ов"",""ать, "",""по "",""кра"",""н"",""ей "",""мер"","", "",""до "",""кон"",""ца "",""сезон"",""а "",""2009 "",""года.""]",24
196,dev,196,"Премьер-министр Родриго Ариас сказал, что тест Ариаса показал положительный результат на лёгкий случай вируса.","[""П"",""рем"",""ье"",""-"",""мин"",""истр "",""Родриго "",""Ариа"","" "",""ск"",""азал, "",""что "",""тес"",""т "",""Ариа"",""а "",""пок"",""азал "",""пол"",""жительн"",""ый "",""рез"",""льта"","" "",""на "",""лёгк"",""ий "",""случай "",""вир"",""са.""]",30
197,dev,197,"Состояние президента стабильное, но он самоизолируется на несколько дней у себя дома.","[""Со"",""то"",""н"",""ие "",""президен"",""та "",""стаб"",""ильн"",""ое, "",""но "",""он"","" "",""сам"",""оизол"",""ир"",""ется "",""на "",""неск"",""олько "",""дней "",""у "",""себя "",""дом"",""а.""]",24
198,dev,198,"Помимо высокой температуры и боли в горле, я чувствую себя нормально и нахожусь в хорошей форме, чтобы выполнять свою работу в дистанционном режиме.","[""П"",""ом"",""им"",""о "",""высок"",""ой "",""тем"",""пер"",""туры "",""и боли "",""в "",""го"",""ле, "",""я чувств"",""ую "",""себя "",""нормальн"",""о "",""и нахожусь "",""в "",""хорош"",""ей "",""форм"",""е, "",""чтобы "",""выполнять "",""сво"","" "",""рабо"",""у "",""в "",""дис"",""тан"",""цион"",""ном "",""режиме.""]",36
199,dev,199,"""Я планирую вернуться к своим обязанностям в полном объеме в понедельник"", — сообщил Ариас в заявлении.","[""\"""",""Я план"",""ир"",""ю "",""вер"","""",""уться "",""к "",""своим "",""обязан"",""ностям "",""в "",""пол"",""ом "",""объем"",""е "",""в "",""пон"",""едельн"",""ик\"", "",""— "",""сообщ"",""ил "",""Ариа"","" "",""в "",""за"",""влен"",""ии.""]",29
200,dev,200,"Фелиция, которой ранее был присвоена категория 4 по шкале ураганов Саффира-Симпсона, ослабла до тропической депрессии, а затем окончательно рассеялась во вторник.","[""Фел"","""",""и"","", "",""ко"",""о"",""ой "",""ран"",""ее "",""был "",""при"",""воен"",""а "",""катего"",""ия "",""4 по "",""шк"",""але "",""ураган"",""ов"","" "",""Саффира-"",""Сим"",""псон"",""а, "",""ослаб"",""ла "",""до "",""троп"",""ическ"",""ой "",""деп"",""ресси"",""и, "",""а за"",""ем"","" "",""ок"",""он"",""чательн"",""о "",""рас"",""еялась "",""во "",""вто"",""н"",""ик.""]",47
201,dev,201,"Его остаточное влияние принесло ливни на большинстве островов, хотя на данный момент не сообщалось о каких-либо повреждениях или затоплениях.","[""Ег"",""о "",""оста"",""о"",""н"",""ое "",""влиян"",""ие "",""при"","""",""есло "",""лив"",""н"",""и "",""на "",""больш"",""ин"",""ств"",""е "",""остров"",""ов"","", "",""хотя "",""на "",""дан"",""ный "",""момен"",""т "",""не "",""сообщ"",""ало"",""ь "",""о "",""как"",""их-"",""либ"",""о "",""пов"",""режден"",""иях "",""или "",""за"",""оп"",""лен"",""иях.""]",45
202,dev,202,"Осадки, достигающие 6,34 дюйма по осадкомеру на острове Оаху, были охарактеризованы как ""полезные"".","[""О"",""адк"",""и, "",""до"",""тигающ"",""ие "",""6,34 "",""дюйм"",""а "",""по "",""осадк"",""омер"","" "",""на "",""остров"",""е "",""Оах"","", "",""были "",""оха"",""ак"",""тер"",""зов"",""ан"",""ы "",""как"","" "",""\""пол"",""зн"",""ые\"".""]",30
203,dev,203,Некоторые из ливней сопровождались грозовыми бурями и частыми молниями.,"[""Н"",""ек"",""ото"",""ые "",""из "",""лив"",""н"",""ей "",""соп"",""ров"",""ождали"",""ь "",""грозов"",""ыми "",""бур"",""ми "",""и частыми "",""молн"",""иями.""]",19
204,dev,204,"Вчера Twin Otter уже пытался зайти на посадку в Кокоде как рейс CG4684 компании Airlines PNG, но не смог завершить попытку.","[""В"",""чер"","" "",""Twin "",""Ot te r "",""уже "",""пытался "",""зайти "",""на "",""по"",""адку "",""в "",""Кок"",""оде "",""как"","" "",""рейс "",""CG4684 "",""ком"",""пан"",""ии "",""Airlin es  "",""PNG, "",""но "",""не "",""смог "",""зав"",""ершить "",""поп"",""ытку.""]",30
205,dev,205,Примерно за 10 минут до планируемой посадки со второго захода он исчез.,"[""П"",""ри"",""ерн"",""о "",""за "",""10 "",""мин"",""ут "",""до "",""план"",""ир"",""ем"",""ой "",""по"",""адки "",""со "",""вто"",""ого "",""за"",""ода "",""он"","" "",""исчез.""]",23
206,dev,206,"Сегодня было установлено место крушения, но к нему настолько трудно добраться, что двое полицейских были опущены в джунгли, чтобы они дошли до места происшествия и нашли выживших.","[""Сегодн"",""я "",""было "",""устан"",""ов"",""лен"",""о "",""место "",""кру"",""ен"",""ия, "",""но "",""к "",""нем"",""у "",""настол"",""ько "",""тр"",""дн"",""о "",""доб"",""раться, "",""что "",""двое "",""пол"",""цейск"",""их "",""были "",""опущен"",""ы "",""в "",""джун"",""гли, "",""чтобы "",""он"",""и "",""до"",""ли "",""до "",""места "",""происш"",""еств"",""ия "",""и наш"",""ли "",""выжив"","""",""их.""]",48
207,dev,207,"Эти поиски затруднялись из-за той же плохой погоды, которая помешала завершить посадку.","[""Э"",""и "",""поиск"",""и "",""за"",""рудн"",""ялись "",""из-"",""за "",""той "",""же "",""пло"",""ой "",""пог"",""оды, "",""кото"",""ая "",""пом"",""ешала "",""зав"",""ершить "",""по"",""адку.""]",23
208,dev,208,"Сообщается, что взрыв в квартире на улице Макбет произошел из-за утечки газа.","[""Сооб"",""щ"",""ается, "",""что "",""вз"","""",""в "",""в "",""ква"",""тире "",""на "",""улице "",""Мак"",""бет "",""произо"",""ел "",""из-"",""за "",""утечки "",""газа.""]",20
209,dev,209,Представитель газовой компании прибыл на место происшествия после звонка соседа об утечке газа.,"[""П"",""ред"",""став"",""ител"","" "",""газов"",""ой "",""ком"",""пан"",""ии "",""при"",""ыл "",""на "",""место "",""происш"",""еств"",""ия "",""по"",""ле "",""звон"",""ка "",""со"",""еда "",""об утечке "",""газа.""]",25
210,dev,210,"Когда прибыл официальный представитель, в квартире произошел взрыв.","[""К"",""ог"",""да "",""при"",""ыл "",""официальн"",""ый "",""пред"",""став"",""ител"","", "",""в "",""квартире "",""произо"",""ел "",""вз"","""",""в.""]",18
211,dev,211,"О серьезных ранениях не сообщалось, но по крайней мере пятерым людям с симптомами шока, находившимся на месте происшествия в момент взрыва, понадобилась медицинская помощь.","[""О "",""сер"",""езн"",""ых "",""ран"",""ен"",""иях "",""не "",""сообщ"",""ало"",""ь, "",""но "",""по "",""крайн"",""ей "",""мер"","" "",""пятер"",""м "",""людям "",""с "",""сим"",""птом"",""ами "",""шок"",""а, "",""находив"",""имся "",""на "",""месте "",""происш"",""еств"",""ия "",""в "",""момен"",""т "",""вз"","""",""ва, "",""пон"",""адоб"",""илась "",""мед"",""цин"",""ск"",""ая "",""пом"",""ощь.""]",48
212,dev,212,В квартире никого не было.,"[""В"","" "",""ква"",""тире "",""никого "",""не "",""было.""]",7
213,dev,213,Тогда из этого района было эвакуировано почти 100 жителей.,"[""Т"",""ог"",""да "",""из "",""этого "",""район"",""а "",""было "",""эвак"",""уиров"",""ан"",""о "",""по"",""ти "",""100 "",""жител"",""й.""]",17
214,dev,214,Гольф и регби вернутся в программу Олимпийских игр.,"[""Г"",""ол"","""","" "",""и регби "",""вер"","""",""утся "",""в "",""прог"",""рамму "",""Олим"",""пийск"",""их "",""игр.""]",15
215,dev,215,"Международный олимпийский комитет проголосовал за включение этих видов на заседании исполнительного комитета сегодня в Берлине. Регби, а конкретнее регби-юнион, и гольф выбрали вместо пяти других видов спорта, чтобы рассмотреть их участие в программе Олимпийских игр.","[""М"",""ежд"",""н"",""ародн"",""ый "",""олим"",""пийск"",""ий "",""ком"",""итет "",""прог"",""оло"",""ов"",""ал "",""за "",""включен"",""ие "",""этих "",""вид"",""в"","" "",""на "",""за"",""едан"",""ии "",""исполн"",""ительн"",""ого "",""ком"",""итета "",""сегодн"",""я "",""в "",""Бер"",""ин"",""е. "",""Регби, "",""а кон"",""кретн"",""ее "",""регби-"",""юн"",""ион"","", "",""и гольф "",""выбрали "",""вместо "",""пяти "",""друг"",""их "",""вид"",""в"","" "",""спо"",""та, "",""чтоб"",""ы "",""рас"",""мо"",""реть "",""их "",""уча"",""тие "",""в "",""прог"",""рамме "",""Олим"",""пийск"",""их "",""игр.""]",70
216,dev,216,"Сквош, карате и катание на роликовых коньках  пытались включить в олимпийскую программу, также, как бейсбол и софтбол, которые по результату голосования были исключены из Олимпийских игр в 2005 году.","[""Ск"",""вош, "",""кар"","""",""е "",""и катан"",""ие "",""на "",""ролик"",""ов"",""ых "",""кон"",""ьках "","" "",""пытались "",""включить "",""в "",""олим"",""пийск"",""ую "",""прог"",""рамму, "",""так"",""же, "",""как"","" "",""бейсбол "",""и со"",""тбол, "",""кото"",""ые "",""по "",""рез"",""льта"",""у "",""голо"",""ов"",""ан"",""ия "",""были "",""иск"",""лючен"",""ы "",""из "",""Олим"",""пийск"",""их "",""игр "",""в "",""2005 "",""году.""]",51
217,dev,217,Голосование еще должно быть ратифицировано полным составом МОК на заседании в Копенгагене в октябре.,"[""Г"",""оло"",""ов"",""ан"",""ие "",""еще "",""должн"",""о "",""быть "",""рати"",""ициров"",""ан"",""о "",""пол"",""ым "",""со"",""тавом "",""МОК "",""на "",""за"",""едан"",""ии "",""в "",""Копен"",""гаген"",""е "",""в "",""ок"",""тябре.""]",29
218,dev,218,Не все поддерживали добавление женских званий.,"[""Н"",""е "",""все "",""под"",""ерживали "",""доб"",""авлен"",""ие "",""жен"",""ских "",""зван"",""ий.""]",12
219,dev,219,"Серебряный медалист Олимпийских игр 2004 года Амир Хан сказал: ""В глубине души я считаю, что женщины не должны драться. Это мое личное мнение"".","[""Се"","""",""б"",""рян"",""ый "",""медали"",""т "",""Олим"",""пийск"",""их "",""игр "",""2004 "",""года "",""Амир "",""Хан"","" "",""ск"",""азал: "",""\""В "",""глубин"",""е "",""души "",""я считаю, "",""что "",""жен"",""щин"",""ы "",""не "",""должн"",""ы "",""драться. "",""Это "",""мое "",""личн"",""ое "",""мнен"",""ие\"".""]",37
220,dev,220,"Несмотря на свои комментарии, он заявил, что будет поддерживать британских спортсменов на Олимпийских играх 2012 года, проходящих в Лондоне.","[""Н"",""есмо"",""р"","" "",""на "",""свои "",""ком"",""мен"",""тарии, "",""он"","" "",""за"",""вил, "",""что "",""будет "",""под"",""ерживать "",""бри"",""ан"",""ских "",""спо"",""тсмен"",""ов"","" "",""на "",""Олим"",""пийск"",""их "",""играх "",""2012 "",""года, "",""про"",""одящ"",""их "",""в "",""Лон"",""дон"",""е.""]",38
221,dev,221,Процесс проходил в Бирмингемском Суде короны и завершился 3 августа.,"[""П"",""ро"",""есс "",""про"",""одил "",""в "",""Бирмин"",""гем"",""ск"",""ом "",""Суд"","" "",""корон"",""ы "",""и зав"",""ершился "",""3 авг"",""ста.""]",18
222,dev,222,"Ведущий, который был арестован на месте происшествия, отрицал нападение и утверждал, что использовал палку для защиты от бутылок, которые в него бросали почти тридцать человек.","[""В"",""ед"",""щ"",""ий, "",""кото"",""ый "",""был "",""арестов"",""ан"","" "",""на "",""месте "",""происш"",""еств"",""ия, "",""отр"",""цал "",""нап"",""аден"",""ие "",""и утвержд"",""ал, "",""что "",""испол"",""зов"",""ал "",""пал"",""у "",""для "",""за"",""иты "",""от "",""бутылок"","", "",""кото"",""ые "",""в "",""него "",""бро"",""али "",""по"",""ти "",""три"",""цать "",""челов"",""ек.""]",46
223,dev,223,Блейк так же был обвинён в попытке извратить ход правосудия.,"[""Б"",""лейк"","" "",""так"","" "",""же "",""был "",""обвин"",""ён"","" "",""в "",""попытке "",""извратить "",""ход "",""прав"",""осудия.""]",16
224,dev,224,"Судья сказал Блейку, что это ""почти неизбежно"" и он будет отправлен в тюрьму.","[""С"",""д"",""я "",""ск"",""азал "",""Блейк"",""у, "",""что "",""это "",""\""по"",""ти "",""неизб"",""ежн"",""о\"" "",""и он"","" "",""будет "",""отправ"",""лен"","" "",""в "",""тюрьму.""]",22
225,dev,225,"Темная энергия – это абсолютно невидимая сила, которая постоянно влияет на Вселенную.","[""Т"",""ем"",""н"",""ая "",""эн"",""ер"",""ия "",""– "",""это "",""абсолютн"",""о "",""нев"",""идим"",""ая "",""сила, "",""кото"",""ая "",""по"",""то"",""н"",""но "",""влияет "",""на "",""Вселен"",""ную.""]",25
226,dev,226,О ее существовании известно только благодаря ее влиянию на расширение Вселенной.,"[""О "",""ее "",""существ"",""ов"",""ан"",""ии "",""известн"",""о "",""тольк"",""о "",""благ"",""ода"",""я "",""ее "",""влиян"",""ию "",""на "",""рас"",""ирен"",""ие "",""Вселен"",""ной.""]",22
227,dev,227,"В разных местах на поверхности Луны учеными были выявлены формы рельефа, называемые лопастными уступами, которые скорей всего возникли в процессе очень медленного сокращения Луны.","[""В"","" "",""разн"",""ых "",""местах "",""на "",""пов"",""ерхн"",""ости "",""Лун"",""ы "",""учен"",""ыми "",""были "",""выявлен"",""ы "",""форм"",""ы "",""рел"",""ефа, "",""называем"",""ые "",""лоп"",""астн"",""ыми "",""уступам"",""и, "",""кото"",""ые "",""ск"",""орей "",""всего "",""возн"",""икли "",""в "",""про"",""ессе "",""очен"",""ь "",""мед"",""ен"",""ного "",""сок"",""ращен"",""ия "",""Лун"",""ы.""]",47
228,dev,228,"Эти эскарпы были обнаружены на всей поверхности Луны, и, кажется, подвергались минимальным атмосферным воздействиям, что говорит о том, что геологические активности, в результате которых они образовались, были относительно недавно.","[""Э"",""и "",""эск"",""арпы "",""были "",""обн"",""аружен"",""ы "",""на "",""всей "",""пов"",""ерхн"",""ости "",""Лун"",""ы, "",""и, "",""кажется, "",""под"",""ергали"",""ь "",""мин"",""имальн"",""ым "",""атмо"",""фер"","""",""ым "",""возд"",""йств"",""иям, "",""что "",""гово"",""ит "",""о "",""том, "",""что "",""геол"",""ог"",""ическ"",""ие "",""ак"",""тивн"",""ости, "",""в "",""рез"",""льта"",""е "",""кото"",""ых "",""он"",""и "",""образов"",""али"",""ь, "",""были "",""отн"",""осительн"",""о "",""нед"",""вн"",""о.""]",61
229,dev,229,"Эта теория противоречит утверждению, что Луна полностью лишена геологической активности.","[""Э"",""а "",""тео"",""ия "",""про"",""иво"",""ечит "",""утвержд"",""ен"",""ию, "",""что "",""Лун"",""а "",""пол"",""остью "",""ли"",""ен"",""а "",""геол"",""ог"",""ическ"",""ой "",""ак"",""тивн"",""ости.""]",25
230,dev,230,"Мужчина предположительно въехал в толпу на трехколесном транспортном средстве, в котором находилась взрывчатка.","[""М"",""уж"","""",""ин"",""а "",""пред"",""пол"",""жительн"",""о "",""въехал "",""в "",""толпу "",""на "",""тре"",""к"",""ол"",""сн"",""ом "",""тран"",""спо"",""тн"",""ом "",""средств"",""е, "",""в "",""кото"",""ом "",""находилась "",""вз"","""",""вчатка.""]",31
231,dev,231,"Мужчина, подозреваемый в совершении взрыва, был арестован после получения травм от взрыва.","[""М"",""уж"","""",""ин"",""а, "",""под"",""зрев"",""аем"",""ый "",""в "",""сов"",""ершен"",""ии "",""вз"","""",""ва, "",""был "",""арестов"",""ан"","" "",""по"",""ле "",""пол"",""чен"",""ия "",""трав"",""м "",""от "",""вз"","""",""ва.""]",31
232,dev,232,"Его имя до сих пор не известно властям, хотя они знают, что он является представителем уйгурской этнической группы.","[""Ег"",""о "",""имя "",""до "",""сих "",""по"","" "",""не "",""известн"",""о "",""вла"",""тям, "",""хо"",""я "",""он"",""и "",""зн"",""ают, "",""что "",""он"","" "",""является "",""пред"",""став"",""ител"",""м"","" "",""уйг"",""рск"",""ой "",""этн"",""ическ"",""ой "",""гр"",""ппы.""]",35
233,dev,233,"Надя, родившаяся 17 сентября 2007 года с помощью кесарева сечения в роддоме российского города Алейск, весила целых 17 фунтов и одну унцию.","[""Н"",""ад"","", "",""родив"",""аяся "",""17 "",""сен"",""тября "",""2007 "",""года "",""с "",""пом"",""ощью "",""кесарев"",""а "",""сечен"",""ия "",""в "",""роддом"",""е "",""российск"",""ого "",""го"",""ода "",""Алей"",""к"","", "",""вес"",""ила "",""целых "",""17 "",""фун"",""тов"","" "",""и одн"",""у "",""ун"",""цию.""]",38
234,dev,234,"""Мы все были просто в шоке"", —  сказала мать.","[""\"""",""Мы все "",""были "",""про"",""то "",""в "",""шок"",""е\"", "",""— "","" ск"",""азала "",""мать.""]",12
235,dev,235,"Когда её спросили, что сказал отец, она ответила: ""Он не мог ничего сказать, он просто стоял и моргал"".","[""К"",""ог"",""да "",""её "",""спро"",""или, "",""что "",""ск"",""азал "",""отец, "",""он"",""а "",""ответила: "",""\""Он"","" "",""не "",""мог "",""ничего "",""ск"",""азать, "",""он"","" "",""про"",""то "",""сто"",""л "",""и мо"",""гал\"".""]",28
236,dev,236,"Они должны вести себя, как вода. Они точно такие же прозрачные, как вода.","[""Он"",""и "",""должн"",""ы "",""вес"",""ти "",""себя, "",""как"","" "",""вода. "",""Он"",""и "",""то"",""н"",""о "",""так"",""ие "",""же "",""проз"",""рачн"",""ые, "",""как"","" "",""вода.""]",24
237,dev,237,"Так что, если бы вы стояли у берега, то смогли бы увидеть на дне что угодно, камешки или мусор.","[""Т"",""ак"","" "",""что, "",""если "",""бы "",""вы сто"",""ли "",""у "",""бер"",""га, "",""то "",""смогли "",""бы "",""увидеть "",""на "",""дне "",""что "",""угодн"",""о, "",""камешк"",""и "",""или "",""мусо"","".""]",25
238,dev,238,"""Насколько мы знаем, есть только одно планетарное тело, которое проявляет большую активность, чем Титан, и оно называется Земля"", — добавил Стофан.","[""\"""",""На"",""к"",""олько "",""мы зн"",""аем"","", "",""есть "",""тольк"",""о "",""одн"",""о "",""план"",""етарн"",""ое "",""тел"","", "",""кото"",""ое "",""про"",""вляет "",""больш"",""ую "",""ак"",""тивн"",""ость, "",""чем"","" "",""Титан"","", "",""и он"",""о "",""называется "",""Зем"",""ля\"", "",""— "",""доб"",""авил "",""Сто"",""ан"","".""]",41
239,dev,239,"Ситуация возникла 1 января, когда десятки местных жителей начали жаловаться в почтовое управление Обанадзавы, что не получили свои традиционные регулярно приходившие новогодние открытки.","[""Си"",""уа"",""и"","""","" "",""возн"",""икла "",""1 ян"",""варя, "",""когда "",""дес"",""ятки "",""местн"",""ых "",""жител"",""й "",""начали "",""жалов"",""аться "",""в "",""по"",""тов"",""ое "",""управ"",""лен"",""ие "",""Обан"",""адзав"",""ы, "",""что "",""не "",""пол"",""чили "",""свои "",""традицион"",""ные "",""рег"",""ля"",""н"",""о "",""при"",""одив"",""ие "",""нов"",""огодн"",""ие "",""отк"",""рытки.""]",48
240,dev,240,"Вчера почтовое отделение принесло свои извинения гражданам и СМИ, обнаружив, что этот мальчик спрятал более 600 почтовых документов, в том числе 429 новогодние открытки, которые не были доставлены получателям, для которых они предназначались.","[""В"",""чер"","" "",""по"",""тов"",""ое "",""отделен"",""ие "",""при"","""",""есло "",""свои "",""извин"",""ен"",""ия "",""гражд"",""ан"",""ам "",""и СМИ, "",""обн"",""аружив, "",""что "",""это"","" "",""мал"",""ч"",""ик "",""спрятал "",""более "",""600 "",""по"",""тов"",""ых "",""док"",""умен"",""тов"","", "",""в "",""том "",""числе "",""429 "",""нов"",""огодн"",""ие "",""отк"",""рытки, "",""кото"",""ые "",""не "",""были "",""до"",""тавлен"",""ы "",""пол"",""чателям"","", "",""для "",""кото"",""ых "",""он"",""и "",""пред"",""н"",""азн"",""ачали"",""ь.""]",66
241,dev,241,"Беспилотный лунный орбитальный аппарат ""Чандраян-1"" выбросил свой лунный ударный зонд (MIP), который пронёсся над поверхностью Луны со скоростью 1,5 километра в секунду (3000 миль в час), и успешно совершил жесткую посадку вблизи южного полюса Луны.","[""Б"",""есп"",""ило"",""н"",""ый "",""лун"",""ный "",""орбитальн"",""ый "",""ап"",""па"",""ат "",""\""Чан"",""драян"",""-"",""1\"" "",""выбро"",""ил "",""свой "",""лун"",""ный "",""ударн"",""ый "",""зон"",""д "",""(MIP), "",""кото"",""ый "",""прон"",""ёсся "",""над "",""пов"",""ерхн"",""остью "",""Лун"",""ы "",""со "",""ск"",""оростью "",""1,5 "",""километра "",""в "",""сек"",""ун"",""ду "",""(3000 "",""миль "",""в "",""час), "",""и успешн"",""о "",""сов"",""ершил "",""жестк"",""ую "",""по"",""адку "",""вблизи "",""южн"",""ого "",""пол"",""са "",""Лун"",""ы.""]",64
242,dev,242,"Помимо трех важных научных инструментов, лунный зонд также нес на себе изображение государственного флага Индии, нанесенное на каждую из сторон.","[""П"",""ом"",""им"",""о "",""тре"","" "",""важн"",""ых "",""научн"",""ых "",""ин"",""струмен"",""тов"","", "",""лун"",""ный "",""зон"",""д "",""так"",""же "",""нес "",""на "",""себе "",""изоб"",""ражен"",""ие "",""го"",""ударств"",""ен"",""ного "",""флаг"",""а "",""Ин"",""дии, "",""нан"",""есен"",""ное "",""на "",""кажд"",""ю "",""из "",""сто"",""он"","".""]",44
243,dev,243,"""Спасибо тем, кто поддерживал такую осуждённую, как я"", — по сообщениям сказала Сирипорн на пресс-конференции.","[""\"""",""Спа"",""ибо "",""тем"","", "",""кто "",""под"",""ерживал "",""так"",""ую "",""осуждён"",""ную, "",""как"","" "",""я\"", "",""— "",""по "",""сообщ"",""ен"",""иям "",""ск"",""азала "",""Сирипо"",""н "",""на "",""пре"",""с-"",""кон"",""фер"",""н"",""ции.""]",31
244,dev,244,"Некоторые могут не соглашаться, но меня это не волнует.","[""Н"",""ек"",""ото"",""ые "",""могут "",""не "",""согла"",""аться, "",""но "",""мен"",""я "",""это "",""не "",""волн"",""ует.""]",15
245,dev,245,"Я счастлива, что есть люди, которые готовы меня поддержать.","[""Я "",""сча"",""тлив"",""а, "",""что "",""есть "",""люди, "",""кото"",""ые "",""го"",""ов"",""ы "",""мен"",""я "",""под"",""ержать.""]",16
246,dev,246,"После обретения Пакистаном независимости от британского правления в 1947 году президент Пакистана назначил ""политических агентов"" для обеспечения руководства Территорией племён федерального управления, которая имеет почти полный автономный контроль над своей землёй.","[""П"",""о"",""ле "",""обретен"",""ия "",""Пак"",""истан"",""ом "",""нез"",""в"",""исим"",""о"",""ти "",""от "",""бри"",""ан"",""ского "",""прав"",""лен"",""ия "",""в "",""1947 "",""году "",""президен"",""т "",""Пак"",""истан"",""а "",""назн"",""ачил "",""\""пол"",""тическ"",""их "",""аген"",""тов"",""\"" "",""для "",""обесп"",""ечен"",""ия "",""руков"",""одств"",""а "",""Тер"",""ито"",""ией "",""плем"",""ён"","" "",""федеральн"",""ого "",""управ"",""лен"",""ия, "",""кото"",""ая "",""имеет "",""по"",""ти "",""пол"",""ый "",""авто"","""",""омн"",""ый "",""кон"",""трол"",""ь "",""над "",""своей "",""зем"",""лёй.""]",72
247,dev,247,Эти агенты отвечают за предоставление правительственных и судебных услуг в соответствии со статьей 247 Конституции Пакистана.,"[""Э"",""и "",""аген"",""ты "",""отвечают "",""за "",""пред"",""о"",""тавлен"",""ие "",""прав"",""ительств"",""ен"",""ных "",""и суд"",""бн"",""ых "",""услуг"","" "",""в "",""соответств"",""ии "",""со "",""ста"",""ьей "",""247 "",""Кон"",""ституци"",""и "",""Пак"",""истан"",""а.""]",32
248,dev,248,"Сегодня утром около 10 часов по местному времени в Мекке, священном городе ислама, рухнул хостел.","[""Сегодн"",""я "",""утром"","" "",""ок"",""оло "",""10 "",""часов"","" "",""по "",""местн"",""ому "",""врем"",""ен"",""и "",""в "",""Мек"",""ке, "",""священ"",""ном "",""го"",""оде "",""ислама, "",""рухн"",""ул "",""хостел.""]",26
249,dev,249,"В здание проживало несколько паломников, которые приехали посетить святой город вечером в ходе хаджа.","[""В"","" "",""здан"",""ие "",""проживало "",""неск"",""олько "",""пал"",""м"",""н"",""иков"","", "",""кото"",""ые "",""при"",""хали "",""по"",""етить "",""свя"",""ой "",""го"",""од "",""вечер"",""м "",""в "",""ходе "",""хаджа.""]",27
250,dev,250,Гостями отеля были в основном граждане Объединенных Арабских Эмиратов.,"[""Г"",""о"",""т"",""ми "",""отел"","" "",""были "",""в "",""основ"",""н"",""ом "",""граждан"",""е "",""Объедин"",""ен"",""ных "",""Арабск"",""их "",""Эмиратов"","".""]",20
251,dev,251,"Число погибших достигло минимум 15 человек. Предполагают, что количество увеличится.","[""Чи"",""ло "",""пог"",""ибших "",""до"",""тигло "",""мин"",""имум "",""15 "",""челов"",""ек. "",""Пред"",""полаг"",""ают, "",""что "",""кол"",""честв"",""о "",""увеличится.""]",19
252,dev,252,"Леонов, также известный как ""космонавт № 11"", был участником первой группы космонавтов Советского Союза.","[""Л"",""еон"",""ов"","", "",""так"",""же "",""известн"",""ый "",""как"","" "",""\""космон"",""авт "",""№ "",""11\"", "",""был "",""участн"",""иком "",""пер"",""ой "",""группы "",""космон"",""автов"","" "",""Сов"",""етск"",""ого "",""Союза.""]",27
253,dev,253,18 марта 1965 года он совершил первый выход человека в открытый космос и находился один вне космического корабля чуть больше 12-ти минут.,"[""18 "",""мар"",""а "",""1965 "",""года "",""он"","" сов"",""ершил "",""пер"",""ый "",""выход "",""челов"",""ека "",""в "",""отк"",""рытый "",""космо"","" "",""и находился "",""один"","" "",""вн"",""е "",""космическ"",""ого "",""корабля "",""чуть "",""больш"",""е "",""12-ти "",""мин"",""ут.""]",32
254,dev,254,За свою работу он получил звание Героя Советского Союза — высшую степень отличия в Советском Союзе.,"[""З"",""а "",""сво"","" "",""рабо"",""у "",""он"","" "",""пол"",""чил "",""зван"",""ие "",""Гер"","""","" "",""Сов"",""етск"",""ого "",""Со"",""за "",""— "",""выс"","""",""ую "",""степ"",""ен"",""ь "",""отличия "",""в "",""Сов"",""етск"",""ом "",""Со"",""зе.""]",34
255,dev,255,"Десять лет спустя он руководил советской частью миссии Союз-Аполлон, которая символизировала, что гонка в космосе завершилась.","[""Д"",""е"","""",""я"",""ь "",""ле"","" "",""спуст"","" "",""он"","" "",""руков"",""одил "",""сов"",""етск"",""ой "",""частью "",""миссии "",""Со"",""з-"",""Ап"",""ол"",""он"","", "",""кото"",""ая "",""сим"",""волизиров"",""ала, "",""что "",""гон"",""ка "",""в "",""космо"",""е "",""зав"",""ершилась.""]",37
256,dev,256,"Она сказала: ""Нет никаких разведданных, позволяющих предположить, что в скором времени ожидается нападение"".","[""Он"",""а "",""ск"",""азала: "",""\""Нет "",""никак"",""их "",""разв"",""еддан"",""ных, "",""поз"","""",""оляющ"",""их "",""пред"",""положить, "",""что "",""в "",""ск"",""ором "",""врем"",""ен"",""и "",""ожидается "",""нап"",""аден"",""ие\"".""]",27
257,dev,257,"Однако снижение уровня угрозы до высокого не означает, что угрозы больше нет.""","[""Од"",""н"",""ако "",""снижен"",""ие "",""уров"",""н"",""я "",""угроз"","" "",""до "",""высок"",""ого "",""не "",""озн"",""ачает, "",""что "",""угроз"","" "",""больш"",""е "",""нет.\""""]",22
258,dev,258,"Хотя государственные органы не уверены в реальности угрозы, транспортное управление штата Мэриленд закрыло туннель по требованию ФБР.","[""Х"",""о"",""я "",""го"",""удар"",""тв"",""ен"",""ные "",""орган"",""ы "",""не "",""уверен"",""ы "",""в "",""реальн"",""ости "",""угроз"","", "",""тран"",""спо"",""тн"",""ое "",""управ"",""лен"",""ие "",""шта"",""а "",""Мэрилен"",""д "",""зак"",""рыло "",""тун"",""нель "",""по "",""треб"",""ов"",""ан"",""ию "",""ФБР.""]",39
259,dev,259,"Для перекрытия входов в метро были использованы самосвалы, а подмога из 80 полицейских направляла автомобилистов в объезд.","[""Д"",""ля "",""пер"",""к"",""рытия "",""входов"","" "",""в "",""мет"",""о "",""были "",""испол"",""зов"",""ан"",""ы "",""сам"",""освал"","", "",""а под"","""",""ога "",""из "",""80 "",""пол"",""цейск"",""их "",""нап"",""рав"",""ляла "",""авто"","""",""обили"",""тов"","" "",""в "",""объезд.""]",36
260,dev,260,"О существенных задержках движения на кольцевой автодороге, дополнительной городской трассе, не сообщалось.","[""О "",""существ"",""ен"",""ных "",""зад"",""ржк"",""ах "",""движен"",""ия "",""на "",""кольцев"",""ой "",""авто"","""",""о"",""оге, "",""доп"",""олнительн"",""ой "",""го"",""одск"",""ой "",""трассе, "",""не "",""сообщ"",""ало"",""ь.""]",27
261,dev,261,Нигерия ранее заявила о намерении вступить в Африканскую континентальную зону свободной торговли на неделе перед саммитом.,"[""Н"",""игер"",""я "",""ран"",""ее "",""за"",""вила "",""о "",""намерен"",""ии "",""вступить "",""в "",""Африк"",""ан"",""ск"",""ую "",""кон"",""тин"",""ен"",""тальн"",""ую "",""зон"",""у "",""своб"",""одн"",""ой "",""то"",""гов"",""ли "",""на "",""нед"",""ле "",""пер"",""д "",""сам"",""митом"","".""]",37
262,dev,262,"Комиссар по торговле и промышленности Африканского союза Альберт Мучанга объявил, что Бенин должен был присоединиться.","[""К"",""ом"",""исса"","" "",""по "",""то"",""гов"",""ле "",""и пром"",""ышлен"",""ности "",""Африк"",""ан"",""ск"",""ого "",""со"",""за "",""Альбер"","" "",""Мучан"",""га "",""объявил, "",""что "",""Бен"",""ин"","" "",""должен"","" "",""был "",""при"",""оедин"",""иться.""]",32
263,dev,263,"Уполномоченный заявил: ""Мы ещё не договорились о правилах происхождения товара и тарифных скидках, но имеющейся у нас основы достаточно, чтобы начать торговлю с 1 июля 2020 года"".","[""Уп"",""ол"","""",""омо"",""ен"",""ный "",""за"",""вил: "",""\""Мы ещё "",""не "",""дог"",""оворили"",""ь "",""о "",""прав"",""илах "",""происхож"",""ден"",""ия "",""тов"",""ара "",""и тар"",""фн"",""ых "",""ск"",""идк"",""ах, "",""но "",""имеющ"",""ейся "",""у "",""нас "",""основ"",""ы "",""до"",""таточн"",""о, "",""чтобы "",""начать "",""то"",""гов"",""лю "",""с "",""1 "",""июля "",""2020 "",""года\"".""]",47
264,dev,264,"Станция сохраняла своё положение в пространстве до завершения выхода в открытый космос, несмотря на потерю гироскопа в начале миссии космической станции.","[""С"",""ан"",""ция "",""со"",""ран"",""яла "",""сво"","" "",""пол"",""жен"",""ие "",""в "",""про"",""тран"",""ств"",""е "",""до "",""зав"",""ершен"",""ия "",""выхода "",""в "",""отк"",""рытый "",""космо"","", "",""несмо"",""ря "",""на "",""по"",""ер"","" "",""ги"",""о"",""к"",""опа "",""в "",""начале "",""миссии "",""космическ"",""ой "",""стан"",""ции.""]",43
265,dev,265,"Чиао и Шарипов сообщили, что они находятся на безопасном расстояние от двигателей системы ориентации.","[""Чиао "",""и Шарипов"","" "",""сообщ"",""или, "",""что "",""он"",""и "",""находятся "",""на "",""без"",""п"",""асн"",""ом "",""рас"",""то"",""н"",""ие "",""от "",""двиг"",""ател"",""й "",""систем"",""ы "",""ориен"",""таци"",""и.""]",27
266,dev,266,"Российский Центр управления полетами активировал двигатели ориентации, и нормальное положение станции в пространстве было восстановлено.","[""Р"","""","""",""сийск"",""ий "",""Цен"",""тр "",""управ"",""лен"",""ия "",""пол"",""тами "",""ак"",""тивиров"",""ал "",""двиг"",""ател"","" "",""ориен"",""таци"",""и, "",""и нормальн"",""ое "",""пол"",""жен"",""ие "",""стан"",""ции "",""в "",""про"",""тран"",""ств"",""е "",""было "",""во"",""стан"",""ов"",""лен"",""о.""]",39
267,dev,267,"Дело было возбуждено в Вирджинии, так как там находится главный офис ведущего интернет-провайдера AOL, компании, которая выдвинула обвинения.","[""Д"",""ел"","" "",""было "",""возб"",""ужден"",""о "",""в "",""Вирджин"",""ии, "",""так"","" "",""как"","" "",""там "",""находится "",""глав"",""н"",""ый "",""офис "",""вед"",""щ"",""его "",""ин"",""тер"","""",""ет-"",""пров"",""айдера "",""AOL, "",""ком"",""пан"",""ии, "",""кото"",""ая "",""выд"","""",""ин"",""ула "",""обвин"",""ен"",""ия.""]",42
268,dev,268,"Это было первое дело, в котором был вынесен приговор на основании принятого в 2003 году законодательства против массовых рассылок электронных писем пользователям, которые не давали на это согласие, так называемого спама.","[""Э"",""о "",""было "",""пер"",""ое "",""дел"","", "",""в "",""кото"",""ом "",""был "",""вын"",""есен"","" "",""при"",""ов"",""ор "",""на "",""основ"",""ан"",""ии "",""при"","""",""ятого "",""в "",""2003 "",""году "",""зак"",""он"",""одательств"",""а "",""про"",""ив "",""массов"",""ых "",""рас"",""ылок"","" "",""элек"",""трон"",""ных "",""писем"","" "",""пол"",""зов"",""ателям"","", "",""кото"",""ые "",""не "",""давали "",""на "",""это "",""согла"",""ие, "",""так"","" "",""называем"",""ого "",""спама.""]",60
269,dev,269,"21-летний Иисус перешел в ""Манчестер Сити"" в январе прошлого 2017 года из бразильского клуба ""Палмейрас"" за сумму, по сообщениям, составляющую 27 миллионов фунтов стерлингов.","[""21-"",""летн"",""ий "",""Иису"","" "",""пер"",""шел "",""в "",""\""Ман"",""честер "",""Сити\"""","" "",""в "",""ян"",""варе "",""про"",""лог"",""о "",""2017 "",""года "",""из "",""бразильск"",""ого "",""клуба "",""\""Пал"",""ейрас\"" "",""за "",""сум"",""му, "",""по "",""сообщ"",""ен"",""иям, "",""со"",""тавляющ"",""ую "",""27 "",""миллион"",""ов"","" "",""фун"",""тов"","" "",""стер"",""ин"",""гов"","".""]",47
270,dev,270,С тех пор бразилец провел за клуб 53 матча во всех турнирах и забил 24 гола.,"[""С "",""тех "",""по"","" "",""бразилец "",""пров"",""ел "",""за "",""клуб "",""53 "",""матча "",""во "",""всех "",""тур"","""",""ирах "",""и заб"",""ил "",""24 "",""гола.""]",20
271,dev,271,"Доктор Ли также выразил свою обеспокоенность насчёт поступающих сообщений о том, что в настоящее время дети в Турции заражаются вирусом птичьего гриппа A(H5N1) и не имеют симптомов болезни.","[""Д"",""ок"",""тор "",""Ли "",""так"",""же "",""выразил "",""сво"","" "",""обесп"",""ок"",""оен"",""ность "",""насчёт "",""по"",""тупающ"",""их "",""сообщ"",""ен"",""ий "",""о "",""том, "",""что "",""в "",""насто"",""щ"",""ее "",""врем"",""я "",""дет"","" "",""в "",""Турции "",""за"",""ажаются "",""вир"",""сом"","" "",""пти"",""ьего "",""гриппа "",""A("",""H5N1) "",""и не "",""имеют "",""сим"",""птом"",""ов"","" "",""болезн"",""и.""]",51
272,dev,272,"Он отметил, что, по некоторым исследованиям, болезнь должна стать менее летальной, прежде чем она сможет вызвать глобальную эпидемию.","[""Он"","" "",""отм"",""етил, "",""что, "",""по "",""нек"",""ото"",""ым "",""исследов"",""ан"",""иям, "",""болезн"",""ь "",""должн"",""а "",""ста"",""ь "",""мен"",""ее "",""летальн"",""ой, "",""преж"",""е "",""чем"","" "",""он"",""а "",""сможет "",""вызв"",""ать "",""глоб"",""альн"",""ую "",""эпидем"",""ию.""]",36
273,dev,273,"Существует опасение, что пациенты могут продолжать заражать больше людей, выполняя свой привычный распорядок дня, если симптомы гриппа остаются лёгкими.","[""С"","""",""еств"",""ует "",""опа"",""ен"",""ие, "",""что "",""пациен"",""ты "",""могут "",""прод"",""олжать "",""за"",""ажать "",""больш"",""е "",""людей, "",""выполняя "",""свой "",""при"",""ычн"",""ый "",""расп"",""о"",""ядок"","" "",""дня, "",""если "",""сим"",""птом"",""ы "",""гриппа "",""оста"",""тся "",""лёгк"",""ими.""]",37
274,dev,274,"По словам представителя Komen Foundation Лесли Он (Leslie Aun), организация приняла новое правило, запрещающее предоставлять гранты или финансирование организациям, в отношении которых проводится судебное разбирательство.","[""П"",""о "",""слов"",""ам "",""пред"",""став"",""ител"","" "",""Kom en  "",""Found"",""ation "",""Лесли "",""Он"","" "",""(L es lie "",""Aun), "",""орган"",""изаци"",""я "",""при"","""",""яла "",""нов"",""ое "",""прав"",""ило, "",""зап"",""рещающ"",""ее "",""пред"",""о"",""тавлять "",""гран"",""ты "",""или "",""фин"",""ан"",""сиров"",""ан"",""ие "",""орган"",""иза"",""и"",""ям, "",""в "",""отн"",""ошен"",""ии "",""кото"",""ых "",""пров"",""одится "",""суд"",""бн"",""ое "",""разб"",""ирательств"",""о.""]",58
275,dev,275,"В своей политике Komen лишили поддержки Planned Parenthood из-за ведущегося расследования того, как Planned Parenthood тратит и отчитывается о своих деньгах, которое ведётся конгрессменом Клиффом Стирном.","[""В"","" "",""своей "",""пол"",""тик"",""е "",""Kom en  "",""лишили "",""под"",""ержк"",""и "",""Planned "",""Par en thood"","" "",""из-"",""за "",""вед"",""щ"",""его"",""я "",""рас"",""ледов"",""ан"",""ия "",""того, "",""как"","" "",""Planned "",""Par en thood"","" "",""тратит "",""и отчитывается "",""о "",""своих "",""ден"",""ьгах, "",""кото"",""ое "",""вед"",""тся "",""кон"",""грессмен"",""ом "",""Кли"",""фом "",""Сти"",""н"",""ом.""]",48
276,dev,276,"Стирнз как председаель Подкомиссии надзора и расследований, находящейся под эгидой Комитета энергии и торговли конгресса, расследует, применяются ли налоги для финансирования абортов через Planned Parenthood.","[""С"",""и"",""н"",""з "",""как"","" "",""пред"",""седаел"","" "",""Под"","""",""омисси"",""и "",""над"",""о"",""а "",""и рас"",""ледов"",""ан"",""ий, "",""наход"",""щ"",""ейся "",""под "",""эгидой "",""Ком"",""итета "",""эн"",""ер"",""ии "",""и то"",""гов"",""ли "",""кон"",""гресса, "",""рас"",""лед"",""ет, "",""при"",""ен"",""яются "",""ли "",""нал"",""г"",""и "",""для "",""фин"",""ан"",""сиров"",""ан"",""ия "",""або"",""тов"","" "",""чер"",""з "",""Planned "",""Par en thood"","".""]",59
277,dev,277,"Бывший губернатор Массачусетса Митт Ромни победил на прошедших во вторник президентских праймериз от Республиканской партии во Флориде, набрав более 46 процентов голосов.","[""Б"",""ывш"",""ий "",""губер"","""",""атор "",""Масса"",""усетса "",""Митт "",""Ром"",""н"",""и "",""поб"",""едил "",""на "",""про"",""едш"",""их "",""во "",""вто"",""н"",""ик "",""президен"",""тск"",""их "",""прайм"",""ериз "",""от "",""Республик"",""ан"",""ск"",""ой "",""пар"",""ии "",""во "",""Фло"",""иде, "",""наб"",""рав"","" "",""более "",""46 "",""про"",""ен"",""тов"","" "",""голо"",""ов"","".""]",49
278,dev,278,Бывший спикер палаты Ньют Гингрич занял второе место с 32 процентами.,"[""Б"",""ывш"",""ий "",""спик"",""ер "",""пал"","""",""ы "",""Ньют "",""Гин"",""гри"","" "",""зан"",""ял "",""вто"",""ое "",""место "",""с "",""32 "",""про"",""ен"",""тами.""]",22
279,dev,279,"Как штат, где ""победитель забирает всё"", Флорида предоставила всех своих делегатов в количестве 50 человек Ромни, выдвинув его вперёд в качестве лидера в гонке за место кандидата от республиканской партии.","[""К"",""ак"","" "",""шта"","", "",""где "",""\""поб"",""едитель "",""заб"",""ирает "",""всё\"", "",""Фло"",""ида "",""пред"",""о"",""тавила "",""все"","" "",""своих "",""дел"",""гатов"","" "",""в "",""кол"",""честв"",""е "",""50 "",""челов"",""ек "",""Ром"",""н"",""и, "",""выд"","""",""ин"",""ув "",""его "",""впер"",""д "",""в "",""качеств"",""е "",""лидера "",""в "",""гон"",""ке "",""за "",""место "",""кан"",""дидата "",""от "",""респ"",""ублик"",""ан"",""ск"",""ой "",""пар"",""ии.""]",58
280,dev,280,"Организаторы акции протеста сообщили, что в таких немецких городах, как Берлин, Кельн, Гамбург и Ганновер, собралось около 100 000 человек.","[""О"",""ган"",""иза"",""о"",""ы "",""ак"",""ции "",""про"",""еста "",""сообщ"",""или, "",""что "",""в "",""так"",""их "",""нем"",""ецк"",""их "",""го"",""одах, "",""как"","" "",""Бер"",""ин"","", "",""Кельн"","", "",""Гамбург "",""и Ган"",""нов"",""ер, "",""соб"",""рало"",""ь "",""ок"",""оло "",""100 "",""000 "",""челов"",""ек.""]",40
281,dev,281,В Берлине полиция насчитала 6500 протестующих.,"[""В"","" "",""Бер"",""ин"",""е "",""пол"",""ция "",""насчитала "",""6500 "",""про"",""естующ"",""их.""]",12
282,dev,282,"Также протесты прошли в Париже, в болгарской Софии, в Вильнюсе в Литве, в Валлетте в Мальте, в Таллине в Эстонии, в Эдинбурге и Глазго в Шотландии.","[""Т"",""ак"",""же "",""про"",""ест"","" "",""про"",""ли "",""в "",""Пар"",""же, "",""в "",""болгарск"",""ой "",""Со"",""ии, "",""в "",""Вил"",""н"",""юсе "",""в "",""Литве, "",""в "",""Валле"",""те "",""в "",""Мал"",""те, "",""в "",""Таллин"",""е "",""в "",""Эстон"",""ии, "",""в "",""Эдин"",""бурге "",""и Глазг"",""о "",""в "",""Шо"",""лан"",""дии.""]",43
283,dev,283,В Лондоне около 200 человек выступили с протестами перед некоторыми крупными офисами владельцев авторских прав.,"[""В"","" "",""Лон"",""дон"",""е "",""ок"",""оло "",""200 "",""челов"",""ек "",""выс"",""упили "",""с "",""про"",""естам"",""и "",""пер"",""д "",""нек"",""ото"",""ыми "",""крупн"",""ыми "",""офисам"",""и "",""владельцев"","" "",""авто"",""ск"",""их "",""прав"","".""]",32
284,dev,284,"В прошлом месяце, когда страна подписала соглашение ACTA, в Польше прошли значительные протесты. В результате них правительство Польши решило пока не ратифицировать данный документ.","[""В"","" "",""про"",""лом "",""месяце, "",""когда "",""стр"",""н"",""а "",""под"",""исала "",""согла"",""ен"",""ие "",""ACTA, "",""в "",""Пол"",""ш"",""е "",""про"",""ли "",""зн"",""ачительн"",""ые "",""про"",""есты. "",""В "",""рез"",""льта"",""е "",""них "",""прав"",""ительств"",""о "",""Пол"",""ш"",""и "",""решило "",""пок"",""а "",""не "",""рати"",""ициров"",""ать "",""дан"",""ный "",""док"",""умен"",""т.""]",49
285,dev,285,Латвия и Словакия отложили процесс присоединения к Торговому соглашению по борьбе с контрафакцией (ACTA).,"[""Л"",""а"",""в"",""ия "",""и Слов"",""акия "",""отложили "",""про"",""есс "",""при"",""оедин"",""ен"",""ия "",""к "",""То"",""гов"",""ому "",""согла"",""ен"",""ию "",""по "",""бо"",""ьбе "",""с "",""кон"",""тра"",""ак"",""цией "",""(ACTA).""]",29
286,dev,286,"Организация ""Освобождение животных"" и Королевское общество по предотвращению жестокого обращения с животными (RSPCA) снова призывают к обязательной установке камер видеонаблюдения на всех австралийских скотобойнях.","[""О"",""ган"",""иза"",""и"",""я "",""\""Освоб"",""ожден"",""ие "",""живо"",""н"",""ых\"" "",""и Ко"",""олев"",""ск"",""ое "",""общ"",""еств"",""о "",""по "",""пред"",""о"",""вращен"",""ию "",""жесток"",""ого "",""обращен"",""ия "",""с "",""живо"",""н"",""ыми "",""(RSPCA) "",""снов"",""а "",""при"",""ывают "",""к "",""обязательн"",""ой "",""устан"",""ов"",""ке "",""камер "",""вид"",""он"",""аб"",""люден"",""ия "",""на "",""всех "",""австралийск"",""их "",""ск"",""отоб"",""ойн"",""ях.""]",56
287,dev,287,"Дэвид О'Шаннесси, главный инспектор RSPCA в Новом Южном Уэльсе, сообщил ABC, что инспекции и наблюдения за скотобойнями в Австралии должны стать обыденностью.","[""Д"","""",""вид "",""О'"",""Шан"",""несси"","", "",""глав"",""н"",""ый "",""ин"",""спек"",""тор "",""RSPCA "",""в "",""Нов"",""ом "",""Южн"",""ом "",""Уэльсе, "",""сообщ"",""ил "",""ABC, "",""что "",""ин"",""спек"",""ции "",""и наб"",""люден"",""ия "",""за "",""ск"",""отоб"",""ойн"",""ями "",""в "",""Австралии "",""должн"",""ы "",""ста"",""ь "",""обыден"",""ностью.""]",43
288,dev,288,"""Система видеонаблюдения, безусловно, станет четким сигналом для всех людей, работающих с животными, о том, что их благополучие имеет первостепенное значение"".","[""\"""",""Систем"",""а "",""вид"",""он"",""аб"",""люден"",""ия, "",""без"",""слов"",""н"",""о, "",""стан"",""ет "",""чет"","""",""им "",""сигн"",""алом"","" "",""для "",""всех "",""людей, "",""рабо"",""ающ"",""их "",""с "",""живо"",""н"",""ыми, "",""о "",""том, "",""что "",""их "",""благ"",""оп"",""ол"",""чие "",""имеет "",""пер"",""о"",""теп"",""ен"",""ное "",""зн"",""ачен"",""ие\"".""]",47
289,dev,289,Международная карта землетрясений Геологической службы Соединённых Штатов не отображала землетрясений в Исландии за неделю до этого.,"[""М"",""ежд"",""н"",""ародн"",""ая "",""кар"",""а "",""зем"",""ле"",""р"",""сен"",""ий "",""Геолог"",""ическ"",""ой "",""служб"",""ы "",""Соедин"",""ён"",""ных "",""Штатов"","" "",""не "",""ото"","""",""ражала "",""зем"",""ле"",""рясен"",""ий "",""в "",""Ислан"",""дии "",""за "",""нед"",""лю "",""до "",""этого.""]",38
290,dev,290,Метеорологическая служба Исландии также не сообщала о каких-либо признаках сейсмической активности в районе Геклы за прошедшие 48 часов.,"[""М"",""ет"",""о"",""ол"",""ог"",""ическ"",""ая "",""служб"",""а "",""Ислан"",""дии "",""так"",""же "",""не "",""сообщ"",""ала "",""о "",""как"",""их-"",""либ"",""о "",""при"",""н"",""аках "",""сейсмическ"",""ой "",""ак"",""тивн"",""ости "",""в "",""район"",""е "",""Гек"",""лы "",""за "",""про"",""едш"",""ие "",""48 "",""часов"","".""]",41
291,dev,291,"Существенная сейсмическая активность, которая привела к фазовом сдвигу, произошла 10 марта на северо-восточной стороне верхнего кратера вулкана.","[""С"","""",""еств"",""ен"",""ная "",""сейсмическ"",""ая "",""ак"",""тивн"",""ость, "",""кото"",""ая "",""при"",""ела "",""к "",""фазов"",""ом "",""сдв"",""игу, "",""произо"",""ла "",""10 "",""мар"",""а "",""на "",""сев"",""еро-"",""во"",""то"",""н"",""ой "",""сто"",""он"",""е "",""вер"",""н"",""его "",""кра"",""ер"","" "",""вулкан"",""а.""]",42
292,dev,292,"Темные облака, не связанные с вулканической активностью, были зафиксированы у подножия горы.","[""Т"",""ем"",""н"",""ые "",""облак"",""а, "",""не "",""связан"",""ные "",""с "",""вулкан"",""ическ"",""ой "",""ак"",""тивн"",""остью, "",""были "",""за"",""иксиров"",""ан"",""ы "",""у "",""под"","""",""ожия "",""го"",""ы.""]",27
293,dev,293,"Иза-за облачности могла возникнуть путаница насчёт того, произошло ли настоящее извержение или нет.","[""Иза-"",""за "",""обла"",""н"",""ости "",""могла "",""возн"",""икнуть "",""путан"",""ица "",""насчёт "",""того, "",""произо"",""ло "",""ли "",""насто"",""щ"",""ее "",""извержен"",""ие "",""или "",""нет.""]",22
294,dev,294,"На борту ""Луно"" находилось 120–160 кубических метров топлива, когда он сломался и сильный ветер c волнами столкнули его с волнорезом.","[""Н"",""а "",""бо"",""ту "",""\""Лун"",""о\"" "",""находило"",""ь "",""120–"",""160 "",""кубическ"",""их "",""мет"",""ов"","" "",""топ"",""лив"",""а, "",""когда "",""он"","" "",""слом"",""ался "",""и сильн"",""ый "",""ветер "",""c волн"",""ами "",""стол"",""кнули "",""его "",""с "",""волн"",""орезом"","".""]",35
295,dev,295,"Вертолёты спасли всех двенадцать членов экипажа, и единственной травмой был сломанный нос.","[""В"",""ер"",""ол"",""ёты "",""спа"",""ли "",""все"","" "",""двен"",""адцать "",""член"",""ов"","" "",""эк"",""ипажа, "",""и един"",""ств"",""ен"",""ной "",""трав"",""мой "",""был "",""слом"",""ан"",""ный "",""нос.""]",26
296,dev,296,"Корабль стометровой длины находился в пути, чтобы забрать свой обычный груз с удобрениями, и в начале представители власти опасались, что он может разлить груз.","[""К"",""о"",""аб"",""ль "",""стом"",""етров"",""ой "",""длин"",""ы "",""находился "",""в "",""пути, "",""чтоб"",""ы "",""заб"",""рать "",""свой "",""обычн"",""ый "",""гр"",""з "",""с "",""удоб"",""рен"",""иями, "",""и в "",""начале "",""пред"",""став"",""ител"","" "",""вла"",""ти "",""опасали"",""ь, "",""что "",""он"","" "",""може"","" "",""разлить "",""гр"",""з.""]",43
297,dev,297,Предлагаемая поправка уже была одобрена обеими палатами в 2011 году.,"[""П"",""ред"",""лаг"",""аем"",""ая "",""поп"",""рав"",""ка "",""уже "",""была "",""одоб"",""рен"",""а "",""обеими "",""пал"","""",""ами "",""в "",""2011 "",""году.""]",20
298,dev,298,"Изменение было сделано на этой сессии законодательного собрания, когда второе предложение было сначала удалено Палатой представителей, а затем принято в схожей форме Сенатом в понедельник.","[""Изм"",""ен"",""ен"",""ие "",""было "",""сделан"",""о "",""на "",""этой "",""сессии "",""зак"",""он"",""одательн"",""ого "",""соб"",""ран"",""ия, "",""когда "",""вто"",""ое "",""пред"",""ложен"",""ие "",""было "",""сначала "",""удален"",""о "",""Пала"",""ой "",""пред"",""став"",""ител"",""й, "",""а за"",""ем"","" "",""при"","""",""ято "",""в "",""схожей "",""форм"",""е "",""Сен"",""атом "",""в "",""пон"",""едельн"",""ик.""]",49
299,dev,299,"Исключение второго предложения, которое предлагает запрет на однополые гражданские союзы, возможно, может открыть путь для гражданских союзов в будущем.","[""И"",""к"",""лючен"",""ие "",""вто"",""ого "",""пред"",""ложен"",""ия, "",""кото"",""ое "",""пред"",""лаг"",""ает "",""зап"",""рет "",""на "",""одн"",""оп"",""ол"",""е "",""гражд"",""ан"",""ск"",""ие "",""со"",""зы, "",""возм"",""ожн"",""о, "",""може"","" "",""отк"",""рыть "",""путь "",""для "",""гражд"",""ан"",""ск"",""их "",""со"",""зов"","" "",""в "",""буд"",""щ"",""ем.""]",47
300,dev,300,"Следуя процедуре, совместная резолюция обеих палат будет рассмотрена следующими избранными законодателями вновь в 2015 или 2016 году для продолжения процесса.","[""След"",""я "",""про"",""едуре, "",""сов"",""местн"",""ая "",""резол"",""юция "",""обеи"","" "",""пал"","""","" "",""будет "",""рас"",""мо"",""рен"",""а "",""след"",""ющ"",""ими "",""изб"",""ран"",""ными "",""зак"",""он"",""одателям"",""и "",""вн"",""ов"",""ь "",""в "",""2015 "",""или "",""2016 "",""году "",""для "",""прод"",""олжен"",""ия "",""про"",""есса.""]",43
301,dev,301,"Достижения Вотье помимо режиссуры включают в себя голодовку в 1973 году против того, что он считал политической цензурой.","[""Д"",""о"",""тижен"",""ия "",""Во"",""ье "",""пом"",""имо "",""режи"",""сур"","" "",""включа"",""т "",""в "",""себя "",""голод"",""ов"",""ку "",""в "",""1973 "",""году "",""про"",""ив "",""того, "",""что "",""он"","" "",""считал "",""пол"",""тическ"",""ой "",""цен"",""зурой.""]",33
302,dev,302,"Французский закон изменился. Его активизм стал таким же, как когда ему было 15 лет, и он присоединился к движению сопротивления во время Второй мировой войны.","[""Ф"","""",""н"",""цузск"",""ий "",""зак"",""он"","" "",""измен"",""ился. "",""Его "",""ак"",""тивизм "",""стал "",""так"",""им "",""же, "",""как"","" "",""когда "",""ему "",""было "",""15 "",""лет, "",""и он"","" "",""при"",""оедин"",""ился "",""к "",""движен"",""ию "",""соп"",""ро"",""ивлен"",""ия "",""во "",""врем"",""я "",""Вто"",""ой "",""миров"",""ой "",""войн"",""ы.""]",45
303,dev,303,Он написал о себе книгу в 1998 году.,"[""Он"","" "",""нап"",""исал "",""о себе "",""книгу "",""в "",""1998 "",""году.""]",9
304,dev,304,"В 1960-х годах он отправился обратно в только что ставший независимым Алжир, чтобы преподавать кинорежиссуру.","[""В"","" "",""1960-"",""х "",""года"","" "",""он"","" отправ"",""ился "",""обра"",""н"",""о "",""в "",""тольк"",""о "",""что "",""став"",""ш"",""ий "",""нез"",""в"",""исим"",""ым "",""Алжи"","", "",""чтобы "",""преп"",""одавать "",""кин"",""орежиссур"","".""]",31
305,dev,305,"Японский дзюдоист Хитоси Сайто, обладатель двух золотых олимпийских медалей, умер в возрасте 54 лет.","[""Яп"",""он"",""ский "",""дзюдоист "",""Хито"",""и "",""Сайто, "",""облад"",""тел"","" "",""двух "",""золо"",""ых "",""олим"",""пийск"",""их "",""мед"",""лей, "",""умер "",""в "",""воз"",""асте "",""54 "",""лет.""]",24
306,dev,306,"Заявили, что смерть наступила из-за рака внутрипеченочного желчного протока.","[""З"",""а"",""вили, "",""что "",""смер"",""ь "",""нас"","""",""пила "",""из-"",""за "",""рак"",""а "",""вн"",""утрип"",""ечен"",""очн"",""ого "",""жел"",""н"",""ого "",""про"",""ок"",""а.""]",24
307,dev,307,Он умер во вторник в Осаке.,"[""Он"","" "",""умер "",""во вто"",""н"",""ик "",""в "",""Осак"",""е.""]",9
308,dev,308,"Когда Сайто скончался, он был не только в прошлом олимпийским чемпионом и чемпионом мира, но и руководителем комиссии по обучению, входящей во Всеяпонскую федерацию дзюдо.","[""К"",""ог"",""да "",""Сайто "",""ск"",""он"",""чался, "",""он"","" "",""был "",""не "",""тольк"",""о "",""в "",""про"",""лом "",""олим"",""пийск"",""им "",""чем"",""пион"",""ом "",""и чем"",""пион"",""ом "",""мира, "",""но "",""и руков"",""одител"",""м"","" "",""ком"",""исси"",""и "",""по "",""обучен"",""ию, "",""входящ"",""ей "",""во "",""Всеяп"",""он"",""скую "",""федераци"",""ю "",""дзюдо.""]",46
309,dev,309,"На вечеринке по случаю празднования первой годовщины пары, свадьба которой состоялась в прошлом году, присутствовало не меньше 100 человек.","[""Н"",""а "",""вечер"",""н"",""ке "",""по "",""случаю "",""праз"",""дн"",""ов"",""ан"",""ия "",""пер"",""ой "",""годов"",""щин"",""ы "",""пар"","", "",""свадьба "",""кото"",""ой "",""со"",""тоялась "",""в "",""про"",""лом "",""году, "",""при"",""утств"",""ов"",""ало "",""не "",""мен"",""ьш"",""е "",""100 "",""челов"",""ек.""]",39
310,dev,310,"Власти сообщили, что официальное мероприятие в честь годовщины было перенесено на более позднюю дату.","[""В"",""ла"",""ти "",""сообщ"",""или, "",""что "",""официальн"",""ое "",""мер"",""п"",""ри"",""тие "",""в "",""честь "",""годов"",""щин"",""ы "",""было "",""пер"",""н"",""есен"",""о "",""на "",""более "",""поз"",""н"",""юю "",""дату.""]",28
311,dev,311,"Пара поженилась в Техасе год назад и приехала в Буффало, чтобы отпраздновать это событие с друзьями и родственниками.","[""П"",""а"","""","" "",""пож"",""н"",""илась "",""в "",""Техасе "",""год "",""назад "",""и при"",""хала "",""в "",""Буффало, "",""чтобы "",""отпразд"","""",""ов"",""ать "",""это "",""соб"",""ытие "",""с "",""друзьями "",""и род"",""тв"",""ен"",""никами.""]",29
312,dev,312,"30-ти летний муж, который родился в Буффало, был одним из четырёх людей, убитых при стрельбе, но его жена не пострадала.","[""30-"",""ти летн"",""ий "",""муж, "",""кото"",""ый "",""родился "",""в "",""Буффало, "",""был "",""одн"",""им "",""из "",""чет"",""р"",""х "",""людей, "",""убитых "",""при "",""стр"",""льбе, "",""но "",""его "",""жен"",""а "",""не "",""по"",""традала.""]",28
313,dev,313,"Карно является знаменитым учителем английского со спорной репутацией. Он преподавал в учебных заведениях ""Современное образование"" и ""Королевская слава"" и заявлял, что на пике карьеры у него было 9000 учащихся.","[""К"",""а"","""","""",""о "",""является "",""зн"",""амен"",""итым "",""учител"",""м"","" "",""ан"",""глий"",""к"",""ого "",""со "",""спо"",""н"",""ой "",""реп"",""ута"",""и"",""ей. "",""Он"","" "",""преп"",""одавал "",""в "",""учебн"",""ых "",""зав"",""еден"",""иях "",""\""Сов"",""рем"",""ен"",""ное "",""образов"",""ан"",""ие\"" "",""и \""Ко"",""олев"",""ск"",""ая "",""слав"",""а\"" "",""и за"",""влял, "",""что "",""на "",""пик"",""е "",""карьер"","" "",""у "",""него "",""было "",""9000 "",""учащ"",""ихся.""]",61
314,dev,314,"В своих записках он использовал слова, которые некоторые родители сочли грубыми, и, как сообщается, он использовал нецензурную лексику на занятиях.","[""В"","" "",""своих "",""зап"",""иск"",""ах "",""он"","" "",""использов"",""ал "",""слов"",""а, "",""кото"",""ые "",""нек"",""ото"",""ые "",""родител"","" "",""со"",""ли "",""грубыми, "",""и, "",""как"","" "",""сообщ"",""ается, "",""он"","" "",""использов"",""ал "",""нец"",""н"",""зурн"",""ую "",""лек"",""сик"",""у "",""на "",""зан"",""ятиях.""]",41
315,dev,315,"Компания Modern Education обвинила его в том, что он печатал большие рекламные объявления на автобусах без соответствующего разрешения, и за то, что он лгал, утверждая, что является их старшим преподавателем английского языка.","[""К"",""ом"",""пан"",""ия "",""Modern "",""Education "",""обвин"",""ила "",""его "",""в "",""том, "",""что "",""он"","" "",""печатал "",""больш"",""ие "",""рек"",""ламн"",""ые "",""объявлен"",""ия "",""на "",""авто"","""",""усах "",""без "",""соответств"",""ующ"",""его "",""раз"",""ешен"",""ия, "",""и за "",""то, "",""что "",""он"","" "",""лгал, "",""утвержд"",""ая, "",""что "",""является "",""их "",""ста"",""шим "",""преп"",""одавател"",""м"","" "",""ан"",""глийск"",""ого "",""языка.""]",54
316,dev,316,"Он также ранее был обвинён в нарушении авторских прав, но ему не было предъявлено никаких обвинений.","[""Он"","" "",""так"",""же "",""ран"",""ее "",""был "",""обвин"",""ён"","" "",""в "",""нар"",""шен"",""ии "",""авто"",""ск"",""их "",""прав"","", "",""но "",""ему "",""не "",""было "",""пред"",""ъявлен"",""о "",""никак"",""их "",""обвин"",""ен"",""ий.""]",31
317,dev,317,"Бывший студент сообщил, что он ""использовал сленг на занятиях, давал советы о романтических знакомствах в конспектах и был для студентов как друг"".","[""Б"",""ывш"",""ий "",""сту"",""ен"",""т "",""сообщ"",""ил, "",""что "",""он"","" "",""\""использов"",""ал "",""слен"",""г "",""на "",""зан"",""ятиях, "",""давал "",""сов"",""еты "",""о "",""ром"",""ан"",""тическ"",""их "",""зн"",""акомств"",""ах "",""в "",""кон"",""спек"",""тах "",""и был "",""для "",""студен"",""тов"","" "",""как"","" "",""друг"",""\"".""]",42
318,dev,318,"За последние три десятилетия, несмотря на то, что Китай официально остается коммунистическим государством, в стране развилась рыночная экономика.","[""З"",""а "",""по"",""ледн"",""ие "",""три "",""дес"",""ятиле"",""ия, "",""несмо"",""ря "",""на "",""то, "",""что "",""Китай "",""официальн"",""о "",""остается "",""ком"",""мун"",""истическ"",""им "",""го"",""ударств"",""ом, "",""в "",""стр"",""н"",""е "",""разв"",""илась "",""рын"",""очн"",""ая "",""эк"",""он"",""омика.""]",37
319,dev,319,Первые экономические реформы были проведены под руководством Дэн Сяопина.,"[""П"",""ер"",""ые "",""эк"",""он"",""омическ"",""ие "",""реформ"",""ы "",""были "",""пров"",""еден"",""ы "",""под "",""руков"",""одств"",""ом "",""Дэн"","" "",""Сяоп"",""ин"",""а.""]",22
320,dev,320,С тех пор объем экономики Китая вырос в 90 раз.,"[""С "",""тех "",""по"","" "",""объем"","" "",""эк"",""он"",""омики "",""Китая "",""выро"","" "",""в "",""90 "",""раз.""]",15
321,dev,321,"В прошлом году Китай впервые экспортировал больше автомобилей, чем Германия, и обошел США как самый большой рынок в этой отрасли.","[""В"","" "",""про"",""лом "",""году "",""Китай "",""впер"",""ые "",""эк"",""спортиров"",""ал "",""больш"",""е "",""авто"","""",""об"",""илей, "",""чем"","" "",""Гер"",""ан"",""ия, "",""и обо"",""ел "",""США "",""как"","" "",""сам"",""ый "",""больш"",""ой "",""рын"",""ок "",""в "",""этой "",""отр"",""сли.""]",37
322,dev,322,ВВП Китая может стать больше чем у США через два десятилетия.,"[""В"",""В"",""П "",""Кита"","" "",""може"","" "",""ста"",""ь "",""больш"",""е "",""чем"","" "",""у "",""США "",""чер"",""з "",""два "",""дес"",""ятиле"",""ия.""]",21
323,dev,323,"Тропический шторм ""Даниэлла"", четвёртый шторм с названием в сезоне ураганов в Атлантике 2010 года, образовался в восточной части Атлантического океана.","[""Т"","""","""",""п"",""ическ"",""ий "",""што"",""м "",""\""Дан"",""иэлла\"", "",""чет"",""ёр"",""ый "",""што"",""м "",""с "",""назв"",""ан"",""ием "",""в "",""сезон"",""е "",""ураган"",""ов"","" "",""в "",""Атлан"",""тик"",""е "",""2010 "",""года, "",""образов"",""ался "",""в "",""во"",""то"",""н"",""ой "",""части "",""Атлан"",""тическ"",""ого "",""ок"",""еан"",""а.""]",45
324,dev,324,"Шторм, находящийся примерно в 3000 милях от Майами в штате Флорида, имеет максимальную устойчивую скорость ветра 40 миль/ч (64 км/ч).","[""Ш"",""о"",""м"","", "",""наход"",""щ"",""ийся "",""при"",""ерн"",""о "",""в "",""3000 "",""милях "",""от "",""Майам"",""и "",""в "",""шта"",""е "",""Фло"",""ида, "",""имеет "",""мак"",""сим"",""альн"",""ую "",""устойч"",""ив"",""ю "",""ск"",""орость "",""вет"",""а "",""40 "",""миль/"",""ч "",""(64 "",""км/"",""ч).""]",39
325,dev,325,"Учёные из Национального центра ураганов предсказывают, что к среде ""Даниэль"" усилится до урагана.","[""У"",""ён"",""ые "",""из "",""Национ"",""альн"",""ого "",""цен"",""тра "",""ураган"",""ов"","" "",""пред"",""ск"",""азывают, "",""что "",""к "",""среде "",""\""Дан"",""иэль\"" "",""усилится "",""до "",""ураган"",""а.""]",24
326,dev,326,"Шторм пока далеко от берега, поэтому все еще тяжело оценить его возможное влияние на страны Карибского бассейна и США.","[""Ш"",""о"",""м"","" "",""пок"",""а "",""далек"",""о "",""от "",""бер"",""га, "",""по"",""тому "",""все "",""еще "",""тяжел"","" "",""оцен"",""ить "",""его "",""возм"",""ожн"",""ое "",""влиян"",""ие "",""на "",""стр"",""н"",""ы "",""Кар"",""бск"",""ого "",""бассейн"",""а "",""и США.""]",35
327,dev,327,"Родившись в столице Хорватии Загребе, Бобек получил известность, играя за футбольный клуб ""Партизан"" Белград.","[""Р"","""",""д"",""ив"",""ись "",""в "",""стол"",""ице "",""Хо"",""ватии "",""Заг"","""",""еб"",""е, "",""Боб"",""ек"","" "",""пол"",""чил "",""известн"",""ость, "",""играя "",""за "",""футбольн"",""ый "",""клуб "",""\""Пар"",""изан"",""\"" "",""Белг"","""",""ад.""]",32
328,dev,328,Он присоединился к ним в 1945 году и оставался с ними до 1958 года.,"[""Он"","" "",""при"",""оедин"",""ился "",""к "",""ним "",""в "",""1945 "",""году "",""и оставался "",""с "",""ними "",""до "",""1958 "",""года.""]",16
329,dev,329,За время пребывания в команде он забил 403 гола в 468 выступлениях.,"[""З"",""а "",""врем"",""я "",""преб"",""ыван"",""ия "",""в "",""ком"",""ан"",""де "",""он"","" "",""заб"",""ил "",""403 "",""гола "",""в "",""468 "",""выс"",""уплен"",""иях.""]",22
330,dev,330,"Никто не провел за клуб больше матчей и не забил больше голов, чем Бобек.","[""Н"",""икто "",""не "",""пров"",""ел "",""за "",""клуб "",""больш"",""е "",""матчей "",""и не "",""заб"",""ил "",""больш"",""е "",""голов"","", "",""чем"","" "",""Боб"",""ек"","".""]",22
331,dev,331,"В 1995 году его признали лучшим игроком за всю историю ""Партизана"".","[""В"","" "",""1995 "",""году "",""его "",""при"",""н"",""али "",""лучш"",""им "",""игрок"",""ом "",""за "",""всю "",""исто"",""ию "",""\""Пар"",""изан"",""а\"".""]",19
332,dev,332,Празднование началось со специального шоу всемирно известной группы Cirque du Soleil.,"[""П"",""разд"","""",""ов"",""ан"",""ие "",""начало"",""ь "",""со "",""спе"",""иальн"",""ого "",""шо"","" "",""всем"",""ирн"",""о "",""известн"",""ой "",""группы "",""Cirqu"",""e "",""du "",""Soleil.""]",24
333,dev,333,"За ним последовали Государственный Симфонический оркестр Стамбула, ансамбль ""Янычар"", а также певцы Фатих Эркоч и Мюслюм Гюрсес.","[""З"",""а "",""ним "",""по"",""ледов"",""али "",""Го"",""ударств"",""ен"",""ный "",""Сим"",""фон"",""ическ"",""ий "",""оркестр "",""Стам"",""була, "",""ан"",""сам"",""бль "",""\""Ян"",""ычар\"", "",""а так"",""же "",""певцы "",""Фатих "",""Эрк"",""оч "",""и Мюслюм"","" "",""Гюрсе"","".""]",32
334,dev,334,Затем на сцену вышли крутящиеся дервиши.,"[""З"",""а"",""ем"","" "",""на "",""сцен"",""у "",""выш"",""ли "",""кру"",""я"","""",""иеся "",""дер"",""иши.""]",15
335,dev,335,Турецкая примадонна Сезен Акссу выступила вместе с итальянским тенором Алессандро Сафина и греческой певицей Харис Алексиу.,"[""Т"","""","""","""","""",""к"",""ая "",""при"",""адон"",""на "",""Сезен"","" "",""Ак"",""ссу "",""выс"",""упила "",""вместе "",""с "",""итальян"",""ск"",""им "",""тен"",""ором "",""Алессан"",""дро "",""Сафин"",""а "",""и гре"",""еск"",""ой "",""певицей "",""Хари"","" "",""Алек"",""сиу.""]",35
336,dev,336,"В заключение турецкий танцевальный коллектив Fire of Anatolia исполнил представление ""Троя"".","[""В"","" "",""зак"",""лючен"",""ие "",""тур"",""цк"",""ий "",""тан"",""цев"",""альн"",""ый "",""кол"",""ек"",""тив "",""Fire "",""of "",""Anatolia "",""исполн"",""ил "",""пред"",""став"",""лен"",""ие "",""\""Тро"",""\"".""]",26
337,dev,337,"Питер Ленц, 13-летний мотогонщик, погиб в результате автокатастрофы на ""Индианаполис Мотор Спидвей"".","[""П"",""и"",""ер "",""Лен"",""ц, "",""13-"",""летн"",""ий "",""мо"",""огон"",""щик, "",""пог"",""иб "",""в "",""рез"",""льта"",""е "",""авто"","""",""атастро"",""ы "",""на "",""\""Ин"",""диан"",""ап"",""олис "",""Мото"","" "",""Спидвей\"".""]",29
338,dev,338,"Во время разминочного круга Ленц упал с мотоцикла, после чего его сбил коллега по гонке Ксавьер Заят.","[""В"",""о врем"",""я "",""разм"",""ин"",""очн"",""ого "",""круг"",""а "",""Лен"",""ц "",""упал "",""с "",""мо"",""о"",""икла, "",""по"",""ле "",""чего "",""его "",""сбил "",""кол"",""ега "",""по "",""гон"",""ке "",""Ксавьер "",""За"",""т.""]",29
339,dev,339,"Дежурный медицинский персонал немедленно оказал ему первую помощь и доставил его в местную больницу, где он впоследствии скончался.","[""Д"",""еж"",""рн"",""ый "",""мед"",""цин"",""ск"",""ий "",""пер"",""он"",""ал "",""нем"",""едлен"",""но "",""ок"",""азал "",""ему "",""пер"",""ую "",""пом"",""ощь "",""и до"",""тавил "",""его "",""в "",""местн"",""ую "",""больн"",""ицу, "",""где "",""он"","" "",""впо"",""ледств"",""ии "",""ск"",""он"",""чался.""]",38
340,dev,340,Заят не пострадал в аварии.,"[""З"",""а"",""т "",""не "",""по"",""традал "",""в "",""ава"",""ии.""]",9
341,dev,341,"Что касается глобальной финансовой ситуации, Сапатеро продолжил, сказав, что ""финансовая система является частью экономики, важнейшей частью"".","[""Ч"",""о "",""касается "",""глоб"",""альн"",""ой "",""фин"",""ан"",""сов"",""ой "",""ситуаци"",""и, "",""Сап"",""атер"","" "",""прод"",""олжил, "",""ск"",""азав"","", "",""что "",""\""фин"",""ан"",""сов"",""ая "",""систем"",""а "",""является "",""част"",""ю "",""эк"",""он"",""омики, "",""важн"",""ейш"",""ей "",""частью\"""","".""]",38
342,dev,342,"""Наш финансовый кризис длится вот уже год, а последние два месяца были наиболее трудными, и я думаю, что сейчас финансовые рынки начинают восстанавливаться"".","[""\"""",""На"","""","" "",""фин"",""ан"",""сов"",""ый "",""кри"",""ис "",""длится "",""во"","" "",""уже "",""год, "",""а по"",""ледн"",""ие "",""два "",""месяца "",""были "",""наиболее "",""тр"",""дн"",""ыми, "",""и я думаю, "",""что "",""сейчас "",""фин"",""ан"",""сов"",""ые "",""рын"",""ки "",""начин"",""ают "",""во"",""стан"",""авлив"",""аться\"".""]",40
343,dev,343,"На прошлой неделе ""Голые новости"" объявили, что значительно увеличат свои полномочия по подаче новостей на иностранных языках, добавив три новых трансляции.","[""Н"",""а "",""про"",""лой "",""нед"",""ле "",""\""Голые "",""нов"",""ости\"" "",""объявили, "",""что "",""зн"",""ачительн"",""о "",""увеличат "",""свои "",""пол"",""омо"",""ия "",""по "",""под"",""че "",""нов"",""остей "",""на "",""ин"",""остран"",""ных "",""языках, "",""доб"",""авив "",""три "",""нов"",""ых "",""тран"",""сляции.""]",36
344,dev,344,"Глобальная организация уже сейчас вещает на английском и японском, а вскоре еще запустит ТВ-передачи, передачи в интернете и на мобильных устройствах на испанском, итальянском и корейском языках.","[""Г"",""лоб"",""альн"",""ая "",""орган"",""иза"",""и"",""я "",""уже "",""сейчас "",""вещает "",""на "",""ан"",""глийск"",""ом "",""и япон"",""ском, "",""а вск"",""оре "",""еще "",""зап"",""устит "",""ТВ-"",""пер"",""дачи, "",""пер"",""дачи "",""в "",""ин"",""тер"","""",""ете "",""и на "",""мобильн"",""ых "",""устройств"",""ах "",""на "",""испан"",""ском, "",""итальян"",""ск"",""ом "",""и корейск"",""ом "",""языках.""]",46
345,dev,345,"""К счастью, со мной ничего не случилось, но я стал свидетелем жуткой сцены, когда люди пытались разбить окна, чтобы выбраться"".","[""\"""",""К сча"",""тью, "",""со "",""мной "",""ничего "",""не "",""случило"",""ь, "",""но "",""я стал "",""свидетел"",""м"","" "",""жуткой "",""сцен"",""ы, "",""когда "",""люди "",""пытали"",""ь "",""разб"",""ить "",""ок"",""на, "",""чтобы "",""выб"",""аться\"".""]",28
346,dev,346,"Люди пытались разбить стекла стульями , но окна были непробиваемыми.","[""Л"","""",""д"",""и "",""пытали"",""ь "",""разб"",""ить "",""стек"",""ла "",""стул"",""ями "","", "",""но "",""ок"",""на "",""были "",""неп"",""роб"",""иваем"",""ыми.""]",21
347,dev,347,"Одно из оконных стёкол в конечном итоге разбилось, и они стали выбираться через окно"", — сказал выживший Францишек Ковал.","[""Од"",""н"",""о "",""из "",""ок"",""он"",""ных "",""стёк"",""ол "",""в "",""кон"",""ечн"",""ом "",""итоге "",""разб"",""ило"",""ь, "",""и он"",""и "",""стали "",""выби"",""аться "",""чер"",""з "",""ок"",""но\"", "",""— "",""ск"",""азал "",""выжив"","""",""ий "",""Фран"",""цишек"","" "",""Ковал.""]",36
348,dev,348,"Звёзды испускают свет и тепло, поскольку при слияние (или соединения) атомов водорода и образования из них более тяжёлых элементов создаётся энергия.","[""З"",""в"",""ёзд"","" "",""испуск"",""ают "",""све"","" "",""и теп"",""ло, "",""по"",""к"",""ольку "",""при "",""сли"",""н"",""ие "",""(или "",""соедин"",""ен"",""ия) "",""атом"",""ов"","" "",""водо"",""ода "",""и образов"",""ан"",""ия "",""из "",""них "",""более "",""тяжёлых "",""элем"",""ен"",""тов"","" "",""создаётся "",""эн"",""ергия.""]",40
349,dev,349,"Учёные работают над созданием реактора, который сможет производить энергию таким же способом.","[""У"",""ён"",""ые "",""рабо"",""ают "",""над "",""создан"",""ием "",""реак"",""тора, "",""кото"",""ый "",""сможет "",""произв"",""одить "",""эн"",""ер"",""ию "",""так"",""им "",""же "",""спо"",""об"",""ом.""]",24
350,dev,350,"Тем не менее это серьезная проблема, и ее нужно решить. Пройдет много времени, прежде чем будут построены полезные термоядерные реакторы.","[""Т"",""ем"","" "",""не "",""мен"",""ее "",""это "",""сер"",""езн"",""ая "",""проб"",""лем"",""а, "",""и ее "",""нужн"",""о "",""решить. "",""Пройдет "",""мн"",""ого "",""врем"",""ен"",""и, "",""преж"",""е "",""чем"","" "",""буд"",""т "",""по"",""троен"",""ы "",""пол"",""зн"",""ые "",""тер"",""о"",""дерн"",""ые "",""реак"",""торы.""]",41
351,dev,351,Стальная игла плавает по воде из-за поверхностного натяжения.,"[""С"",""ал"",""н"",""ая "",""игла "",""плавает "",""по "",""воде "",""из-"",""за "",""пов"",""ерхн"",""остн"",""ого "",""натяжен"",""ия.""]",16
352,dev,352,"Поверхностное натяжение происходит из-за того, что молекулы воды на поверхности воды притягиваются друг к другу сильнее, чем к молекулам воздуха над ними.","[""П"",""ов"",""ер"",""н"",""остн"",""ое "",""натяжен"",""ие "",""происходи"","" "",""из-"",""за "",""того, "",""что "",""молек"",""улы "",""воды "",""на "",""пов"",""ерхн"",""ости "",""воды "",""при"",""ягиваются "",""друг"","" "",""к "",""друг"",""у "",""сильн"",""ее, "",""чем"","" "",""к "",""молек"",""улам "",""возд"",""ха "",""над "",""ними.""]",40
353,dev,353,"Молекулы воды образуют на поверхности воды невидимую плёнку, которая позволяет таким предметам, как игла, плавать по ее поверхности.","[""М"",""олек"",""улы "",""воды "",""образ"",""ют "",""на "",""пов"",""ерхн"",""ости "",""воды "",""нев"",""идим"",""ую "",""пл"",""н"",""ку, "",""кото"",""ая "",""поз"","""",""оляет "",""так"",""им "",""пред"",""метам"","", "",""как"","" "",""игла, "",""плавать "",""по "",""ее "",""пов"",""ерхн"",""ости.""]",36
354,dev,354,Лезвия современных коньков для льда состоят из двух краёв с вогнутой полостью между ними. Два края помогают лучшему сцеплению со льдом даже при наклоне.,"[""Л"",""ез"",""в"",""ия "",""сов"",""рем"",""ен"",""ных "",""кон"",""ьков"","" "",""для "",""льда "",""со"",""тоят "",""из "",""двух "",""кра"",""в "",""с "",""вогн"",""утой "",""пол"",""стью "",""межд"","" "",""ними. "",""Два "",""кра"","" "",""пом"",""огают "",""лучш"",""ему "",""сцеп"",""лен"",""ию "",""со "",""льдом"","" "",""даже "",""при "",""нак"",""лон"",""е.""]",45
355,dev,355,"Так как низ лезвия немного изогнут, при наклоне лезвия в одну или другую сторону край, соприкасающийся со льдом, тоже изгибается.","[""Т"",""ак"","" "",""как"","" "",""низ "",""лезв"",""ия "",""нем"",""ного "",""изог"",""н"",""ут, "",""при "",""нак"",""лон"",""е "",""лезв"",""ия "",""в "",""одн"",""у "",""или "",""друг"",""ую "",""сто"",""он"",""у "",""кра"","", "",""соп"",""ри"",""асающ"",""ийся "",""со "",""льдом"","", "",""тоже "",""изгибается.""]",39
356,dev,356,"Это обеспечивает конькобежцу поворот. Если коньки наклонены вправо, конькобежец поворачивает вправо, а если коньки наклонены влево, конькобежец поворачивает влево.","[""Э"",""о "",""обесп"",""ечивает "",""кон"",""ькоб"",""еж"",""у "",""пов"",""орот. "",""Если "",""кон"",""ьки "",""нак"",""лон"",""ен"",""ы "",""вправ"",""о, "",""кон"",""ькоб"",""ежец "",""пов"",""орачивает "",""вправ"",""о, "",""а если "",""кон"",""ьки "",""нак"",""лон"",""ен"",""ы "",""влев"",""о, "",""кон"",""ькоб"",""ежец "",""пов"",""орачивает "",""влев"",""о.""]",42
357,dev,357,"Чтобы вернуться на прежний энергетический уровень, они должны избавиться от лишней энергии, полученной от света.","[""Ч"",""об"",""ы "",""вер"","""",""уться "",""на "",""преж"","""",""ий "",""эн"",""ер"",""етическ"",""ий "",""уров"",""ен"",""ь, "",""он"",""и "",""должн"",""ы "",""изб"",""авиться "",""от "",""лишн"",""ей "",""эн"",""ер"",""ии, "",""пол"",""чен"",""ной "",""от "",""све"",""а.""]",35
358,dev,358,"Они делают это, испуская крошечную частицу света, называемую фотоном.","[""Он"",""и "",""дел"",""ют "",""это, "",""испуск"",""ая "",""кро"",""ечн"",""ую "",""частицу "",""све"",""а, "",""называем"",""ую "",""фото"","""",""ом.""]",18
359,dev,359,"Учёные называют этот процесс ""индуцированным излучением"", потому что атомы индуцируются ярким светом, вызывая испускание фотона света, а свет является одним из видов излучения.","[""У"",""ён"",""ые "",""называют "",""это"","" "",""про"",""есс "",""\""ин"",""дуциров"",""ан"",""ным "",""изл"",""чен"",""ием\"", "",""по"",""ому "",""что "",""атом"",""ы "",""ин"",""дуцир"",""ются "",""ярк"",""им "",""све"",""ом, "",""выз"",""вая "",""испуск"",""ан"",""ие "",""фото"","""",""а "",""све"",""а, "",""а све"","" "",""является "",""одн"",""им "",""из "",""вид"",""в"","" "",""изл"",""чен"",""ия.""]",49
360,dev,360,"На следующем изображении показаны атомы, излучающие фотоны. Конечно, в действительности фотоны намного меньше, чем те, которые изображены на картинке.","[""Н"",""а "",""след"",""ющ"",""ем "",""изоб"",""ражен"",""ии "",""пок"",""азан"",""ы "",""атом"",""ы, "",""изл"",""ча"",""щ"",""ие "",""фото"","""",""ы. "",""Кон"",""ечн"",""о, "",""в "",""действ"",""ительн"",""ости "",""фото"","""",""ы "",""намного "",""мен"",""ьш"",""е, "",""чем"","" "",""те, "",""кото"",""ые "",""изоб"",""ражен"",""ы "",""на "",""картин"",""ке.""]",45
361,dev,361,"Фотоны даже меньше того, из чего состоят атомы!","[""Фо"",""о"","""",""ы "",""даже "",""мен"",""ьш"",""е "",""того, "",""из "",""чего "",""со"",""тоят "",""атом"",""ы!""]",15
362,dev,362,"После сотен часов работы нить в лампочке в конце концов перегорает, и лампочка больше не работает.","[""П"",""о"",""ле "",""со"",""ен"","" "",""часов"","" "",""рабо"",""ы "",""нить "",""в "",""лам"",""по"",""ке "",""в "",""кон"",""це "",""кон"",""цов"","" "",""пер"",""горает, "",""и лам"",""по"",""ка "",""больш"",""е "",""не "",""рабо"",""ает.""]",31
363,dev,363,"После этого нужно обязательно сменить лампочку, соблюдая исключительную осторожность.","[""П"",""о"",""ле "",""этого "",""нужн"",""о "",""обязательн"",""о "",""смен"",""ить "",""лам"",""по"",""ку, "",""соб"",""людая "",""иск"",""лючительн"",""ую "",""осто"",""ожн"",""ость.""]",21
364,dev,364,"Во-первых, переключатель светового прибора должен быть выключен или должен быть отсоединен кабель.","[""В"",""о-"",""пер"",""ых, "",""пер"",""к"",""люча"",""ел"","" "",""све"",""ов"",""ого "",""при"",""о"",""а "",""должен"","" "",""быть "",""вык"",""лючен"","" "",""или "",""должен"","" "",""быть "",""отсоедин"",""ен"","" "",""кабель.""]",29
365,dev,365,"Это происходит потому, что электричество, поступающее в патрон, где находится металлическая часть лампочки, может привести к сильному удару электрическим током, если вы прикоснётесь к внутренней части патрона или к металлическому основанию лампочки, когда она ещё частично находится в патроне.","[""Э"",""о "",""происходи"","" "",""по"",""ому, "",""что "",""элек"",""тричеств"",""о, "",""по"",""тупа"",""щ"",""ее "",""в "",""патрон"","", "",""где "",""находи"",""ся "",""мет"",""лли"",""еск"",""ая "",""част"","" "",""лам"",""по"",""ки, "",""може"","" "",""при"",""ести "",""к "",""сильн"",""ому "",""удару "",""элек"",""трическ"",""им "",""ток"",""ом, "",""если "",""вы при"","""",""осн"",""ётесь "",""к "",""вн"",""утрен"",""ней "",""части "",""патрон"",""а "",""или "",""к "",""мет"",""лли"",""еск"",""ому "",""основ"",""ан"",""ию "",""лам"",""по"",""ки, "",""когда "",""он"",""а "",""ещё "",""частичн"",""о "",""находи"",""ся "",""в "",""патрон"",""е.""]",77
366,dev,366,"Главным органом системы кровообращения является сердце, которое перекачивает кровь.","[""Г"",""лав"",""н"",""ым "",""орган"",""ом "",""систем"",""ы "",""кров"",""ооб"",""ращен"",""ия "",""является "",""сер"",""це, "",""кото"",""ое "",""пер"",""к"",""ачивает "",""кров"",""ь.""]",22
367,dev,367,Кровь выходит из сердца по особым трубочкам (артериям) и возвращается назад к сердцу по другим трубочкам (венам). Самые маленькие трубочки называют капиллярами.,"[""К"",""ров"",""ь "",""выходи"","" "",""из "",""сер"",""ца "",""по "",""особ"",""ым "",""тр"",""бо"",""кам "",""(ар"",""ер"",""ям) "",""и возв"",""ращается "",""назад "",""к "",""сер"",""цу "",""по "",""друг"",""им "",""тр"",""бо"",""кам "",""(вен"",""ам). "",""Сам"",""ые "",""мал"",""н"",""ькие "",""тр"",""бо"",""ки "",""называют "",""кап"",""илля"",""ами.""]",43
368,dev,368,"Зубы трицератопса могли измельчать не только листья, но даже очень прочные ветки и корни.","[""З"","""",""б"",""ы "",""три"",""е"","""",""топ"",""са "",""могли "",""измельч"",""а"",""ь "",""не "",""тольк"",""о "",""ли"",""тья, "",""но "",""даже "",""очен"",""ь "",""про"",""н"",""ые "",""ветк"",""и "",""и корн"",""и.""]",29
369,dev,369,"Некоторые ученые полагают, что трицератопс питался саговниками — вид растений, который был распространен в меловом периоде.","[""Н"",""ек"",""ото"",""ые "",""учен"",""ые "",""пол"",""г"",""ают, "",""что "",""трицер"",""топ"",""с "",""питался "",""сагов"",""н"",""иками "",""— "",""вид "",""рас"",""ен"",""ий, "",""кото"",""ый "",""был "",""расп"",""ро"",""тран"",""ен"","" "",""в "",""мелов"",""ом "",""пер"",""оде.""]",35
370,dev,370,Эти растения выглядят как маленькая пальма с короной из острых шипообразных листьев.,"[""Э"",""и "",""рас"",""ен"",""ия "",""выг"",""ляд"",""т "",""как"","" "",""мал"",""н"",""ькая "",""пал"",""ма "",""с "",""корон"",""ой "",""из "",""остр"",""х "",""шипооб"",""разн"",""ых "",""листьев"","".""]",26
371,dev,371,"Трицератопс мог использовать свой сильный клюв, чтобы обдирать листья перед тем, как съедать ствол.","[""Т"","""","""","""",""е"","""",""топ"",""с "",""мог "",""испол"",""зов"",""ать "",""свой "",""сильн"",""ый "",""клюв, "",""чтоб"",""ы "",""обдирать "",""ли"",""тья "",""пер"",""д "",""тем"","", "",""как"","" "",""съедать "",""ствол.""]",29
372,dev,372,"Другие учёные заявляют, что эти растения очень ядовиты, поэтому вряд ли динозавр ел их, даже несмотря на то, что на сегодняшний день ленивцы и другие животные, такие как попугай (потомок динозавров), могут есть ядовитые листья или фрукты.","[""Д"","""",""уг"",""ие "",""учён"",""ые "",""за"",""вляют, "",""что "",""эти "",""рас"",""ен"",""ия "",""очен"",""ь "",""ядов"",""иты, "",""по"",""тому "",""вряд "",""ли "",""дин"",""озав"",""р "",""ел "",""их, "",""даже "",""несмо"",""ря "",""на "",""то, "",""что "",""на "",""сегодн"",""яшн"",""ий "",""ден"",""ь "",""лен"",""ивцы "",""и друг"",""ие "",""живо"",""н"",""ые, "",""так"",""ие "",""как"","" "",""попугай "",""(по"",""омок"","" "",""дин"",""озав"",""ров"",""), "",""могут "",""есть "",""ядов"",""итые "",""листья "",""или "",""фр"",""к"",""ты.""]",66
373,dev,373,"Как бы меня притягивала гравитация Ио? Стоя на поверхности Ио, вы бы весили меньше, чем на Земле.","[""К"",""ак"","" "",""бы "",""мен"",""я "",""при"",""ягивала "",""грав"",""итаци"",""я "",""Ио? "",""Сто"","" "",""на "",""пов"",""ерхн"",""ости "",""Ио, "",""вы бы "",""вес"",""или "",""мен"",""ьш"",""е, "",""чем"","" "",""на "",""Зем"",""ле.""]",30
374,dev,374,"Человек, который весит 200 фунтов (90 кг) на Земле, будет весить около 36 фунтов (16 кг) на Ио. Так что эта гравитация, конечно, тянет тебя слабее.","[""Чел"",""в"",""ек, "",""кото"",""ый "",""вес"",""ит "",""200 "",""фун"",""тов"","" "",""(90 "",""кг) "",""на "",""Зем"",""ле, "",""будет "",""вес"",""ить "",""ок"",""оло "",""36 "",""фун"",""тов"","" "",""(16 "",""кг) "",""на "",""Ио. "",""Так"","" "",""что "",""эта "",""грав"",""итация, "",""кон"",""ечн"",""о, "",""тян"",""ет "",""тебя "",""слаб"",""ее.""]",43
375,dev,375,"У Солнца нет коры как у Земли, на которой вы можете стоять. Всё Солнце состоит из газов, огня и плазмы.","[""У "",""Сол"","""",""ца "",""нет "",""коры "",""как"","" "",""у "",""Зем"",""ли, "",""на "",""кото"",""ой "",""вы може"",""е "",""сто"",""ть. "",""Всё "",""Сол"","""",""це "",""со"",""тоит "",""из "",""газов"","", "",""огн"",""я "",""и плазм"",""ы.""]",31
376,dev,376,По мере удаления от центра Солнца газ становится все более разряжённым.,"[""П"",""о "",""мер"","" "",""удален"",""ия "",""от "",""цен"",""тра "",""Сол"","""",""ца "",""газ "",""стан"",""ов"",""ится "",""все "",""более "",""раз"",""яжён"",""ным.""]",21
377,dev,377,"Внешняя часть, которую мы видим, когда смотрим на Солнце, называется фотосферой, что означает ""шар света"".","[""В"",""н"",""ешн"",""яя "",""часть, "",""кото"",""ую "",""мы вид"",""м"","", "",""когда "",""смо"",""рим "",""на "",""Сол"",""це, "",""называется "",""фото"",""фер"",""й, "",""что "",""озн"",""ачает "",""\""шар "",""све"",""а\"".""]",26
378,dev,378,"Около 3000 лет спустя, в 1610 году, итальянский астроном Галилео Галилей при помощи телескопа обнаружил, что Венера, как и Луна, имеет фазы.","[""Ок"",""ол"","" "",""3000 "",""лет "",""спустя, "",""в "",""1610 "",""году, "",""итальян"",""ск"",""ий "",""астрон"",""ом "",""Галилео "",""Галилей "",""при "",""пом"",""ощи "",""тел"","""",""к"",""опа "",""обн"",""аружил, "",""что "",""Вен"",""ера, "",""как"","" "",""и Лун"",""а, "",""имеет "",""фазы.""]",34
379,dev,379,"Фазы сменяются потому, что освещается только сторона Венеры (или Луны), обращённая к Солнцу. Фазы Венеры подтвердили теорию Коперника о том, что планеты вращаются вокруг Солнца.","[""Фаз"","""","" "",""смен"",""яются "",""по"",""ому, "",""что "",""осве"",""ается "",""тольк"",""о "",""сто"",""он"",""а "",""Вен"",""ер"","" "",""(или "",""Лун"",""ы), "",""обра"",""ён"",""ная "",""к "",""Сол"",""цу. "",""Фаз"","" "",""Вен"",""ер"","" "",""под"",""вер"",""или "",""тео"",""ию "",""Копер"","""",""ика "",""о "",""том, "",""что "",""план"",""еты "",""вращаются "",""вок"",""руг "",""Сол"","""",""ца.""]",51
380,dev,380,Английский астроном Джеремайя Хоррокс (Jeremiah Horrocks) наблюдал прохождение Венеры через несколько лет (а именно в 1639 году).,"[""Ан"",""глийск"",""ий "",""астрон"",""ом "",""Джерем"",""ай"","" "",""Хо"",""рок"",""с "",""(Jeremiah "",""Horrocks)"","" "",""наб"",""людал "",""про"",""ожден"",""ие "",""Вен"",""ер"","" "",""чер"",""з "",""неск"",""олько "",""лет "",""(а имен"",""но "",""в "",""1639 "",""году).""]",32
381,dev,381,После отвоевания Денло в Англии надолго установился мир.,"[""П"",""о"",""ле "",""отвоев"",""ан"",""ия "",""Ден"",""ло "",""в "",""Ан"",""глии "",""над"",""лг"",""о "",""устан"",""ов"",""ился "",""мир.""]",18
382,dev,382,"Однако в 991 году Этельред столкнулся с флотом викингов, который был больше, чем любой другой времён Гутрума веком ранее.","[""Од"",""н"",""ако "",""в "",""991 "",""году "",""Этельред "",""стол"",""кнулся "",""с "",""фло"",""ом "",""вик"",""ин"",""гов"","", "",""кото"",""ый "",""был "",""больш"",""е, "",""чем"","" "",""люб"",""ой "",""друг"",""ой "",""врем"",""ён"","" "",""Гутрума "",""век"",""ом "",""ран"",""ее.""]",35
383,dev,383,"Этот флот возглавлял Олав Трюггвасон, норвежец, намеренный вернуть свою страну из-под датского господства.","[""Э"",""о"","" "",""фло"","" "",""возг"",""лавлял "",""Олав"","" "",""Тр"",""ггва"",""он"","", "",""норвежец, "",""намерен"",""ный "",""вер"","""",""уть "",""сво"","" "",""стр"",""н"",""у "",""из-"",""под "",""датск"",""ого "",""го"",""подств"",""а.""]",31
384,dev,384,"После первоначальных военных неудач Этельред смог договориться об условиях с Олафом, который вернулся в Норвегию, чтобы с переменным успехом пытаться завоевать свое королевство.","[""П"",""о"",""ле "",""пер"",""он"",""ачальн"",""ых "",""воен"",""ных "",""неудач "",""Этельред "",""смог "",""дог"",""ов"",""ориться "",""об услов"",""иях "",""с "",""Ола"",""ом, "",""кото"",""ый "",""вер"","""",""улся "",""в "",""Норвегию, "",""чтобы "",""с "",""пер"",""м"",""ен"",""ным "",""успехом "",""пытаться "",""зав"",""оев"",""ать "",""свое "",""королев"",""ств"",""о.""]",42
385,dev,385,"Хангыль — единственный специально изобретённый алфавит, широко использующийся в повседневной жизни. Это алфавит был изобретён в 1444 году во время правления вана Сечжона (1418-1450).","[""Х"",""ан"",""гыль "",""— "",""един"",""ств"",""ен"",""ный "",""спе"",""иальн"",""о "",""изоб"",""ретён"",""ный "",""алфав"",""ит, "",""широк"",""о "",""использ"",""ющ"",""ийся "",""в "",""пов"",""седн"",""ев"",""н"",""ой "",""жизн"",""и. "",""Это "",""алфав"",""ит "",""был "",""изоб"",""ретён"","" "",""в "",""1444 "",""году "",""во "",""врем"",""я "",""прав"",""лен"",""ия "",""ван"",""а "",""Сечжон"",""а "",""(1418-"",""1450).""]",51
386,dev,386,Король Седжон был четвёртым королем из династии Чосон и одним из наиболее уважаемых.,"[""К"",""о"",""ол"",""ь "",""Седжон"","" "",""был "",""четвёр"",""ым "",""королем"","" "",""из "",""дин"",""астии "",""Чо"",""он"","" "",""и одн"",""им "",""из "",""наиболее "",""уважаем"",""ых.""]",23
387,dev,387,"Первоначально он назвал алфавит хангыль ""Хунмин Чоным"", что означает ""правильные звуки для наставления людей"".","[""П"",""ер"",""он"",""ачальн"",""о "",""он"","" "",""назв"",""ал "",""алфав"",""ит "",""хан"",""гыль "",""\""Хун"",""мин"","" "",""Чон"",""ым\"", "",""что "",""озн"",""ачает "",""\""прав"",""ильн"",""ые "",""звук"",""и "",""для "",""наставлен"",""ия "",""людей\"".""]",30
388,dev,388,"Существует множество теорий насчет того, как возник санскрит. Согласно одной из них, арии, переселившиеся в Индию с запада, принесли с собой свой язык.","[""С"","""",""еств"",""ует "",""мн"",""оже"",""тв"",""о "",""тео"",""ий "",""насчет "",""того, "",""как"","" "",""возн"",""ик "",""сан"",""ск"",""рит. "",""Согла"",""н"",""о "",""одн"",""ой "",""из "",""них, "",""арии, "",""пер"",""селив"",""шиеся "",""в "",""Ин"",""дию "",""с "",""зап"",""ада, "",""при"","""",""если "",""с "",""соб"",""ой "",""свой "",""язык.""]",44
389,dev,389,"Санскрит — это древний язык и его можно сравнить с латинским языком, на котором говорили в Европе.","[""Сан"",""ск"",""рит "",""— "",""это "",""древ"",""н"",""ий "",""язык "",""и его "",""можн"",""о "",""срав"",""н"",""ить "",""с "",""ла"",""ин"",""ским "",""языком, "",""на "",""кото"",""ом "",""гово"",""или "",""в "",""Европ"",""е.""]",28
390,dev,390,Самая ранняя известная человечеству книга была написана на санскрите. После составления Упанишад санскрит просто потерял свою актуальность из-за иерархии.,"[""Сам"",""а"","" "",""ран"",""няя "",""известн"",""ая "",""челов"",""ечеств"",""у "",""книга "",""была "",""нап"",""исан"",""а "",""на "",""сан"",""скрите. "",""По"",""ле "",""со"",""тавлен"",""ия "",""Упан"",""ишад "",""сан"",""ск"",""рит "",""про"",""то "",""по"",""ер"",""л "",""сво"","" "",""ак"",""туальн"",""ость "",""из-"",""за "",""иер"",""рхии.""]",42
391,dev,391,"Санскрит — очень сложный и богатый язык, который послужил основой для многих современных индийских языков, как и от латинского произошли европейские языки, такие как французский и испанский.","[""Сан"",""ск"",""рит "",""— "",""очен"",""ь "",""сложн"",""ый "",""и бога"",""ый "",""язык, "",""кото"",""ый "",""по"",""лужил "",""основ"",""ой "",""для "",""мн"",""огих "",""сов"",""рем"",""ен"",""ных "",""ин"",""дийск"",""их "",""языков"","", "",""как"","" "",""и от "",""латин"",""ского "",""произо"",""ли "",""европ"",""ейск"",""ие "",""языки, "",""так"",""ие "",""как"","" "",""фран"",""цузск"",""ий "",""и испан"",""ский.""]",49
392,dev,392,После окончания битвы за Францию Германия начала подготовку к наступлению на Великобританию.,"[""П"",""о"",""ле "",""ок"",""он"",""чан"",""ия "",""битвы "",""за "",""Фран"",""цию "",""Гер"",""ан"",""ия "",""начала "",""под"",""отов"",""ку "",""к "",""наступлен"",""ию "",""на "",""Велик"",""об"",""ритан"",""ию.""]",26
393,dev,393,"Германия дала наступлению кодовое название ""Операция ""Морской лев"""". Британская армия потеряла большинство своих тяжелых вооружений и припасов во время эвакуации из Дюнкерка и была довольно слаба.","[""Г"",""ер"",""ан"",""ия "",""дала "",""наступлен"",""ию "",""кодов"",""ое "",""назв"",""ан"",""ие "",""\""Опер"",""ци"",""я "",""\""Морск"",""ой "",""лев"",""\""\"""","". "",""Бри"",""ан"",""ская "",""арм"",""ия "",""по"",""ер"",""ла "",""больш"",""ин"",""ств"",""о "",""своих "",""тяжел"",""х "",""воо"",""ужен"",""ий "",""и при"",""асов"","" "",""во "",""врем"",""я "",""эвак"",""уаци"",""и "",""из "",""Дюн"",""кер"",""а "",""и была "",""дов"",""ольн"",""о "",""слаб"",""а.""]",57
394,dev,394,"Но Королевский военно-морской флот по-прежнему был значительно сильнее Военно-морских сил Германии (""Кригсмарине"") и мог уничтожить любой флот противника, пересекший Ла-Манш.","[""Н"",""о "",""Ко"",""олев"",""ск"",""ий "",""воен"",""но-"",""мо"",""ск"",""ой "",""фло"","" "",""по-преж"","""",""ему "",""был "",""зн"",""ачительн"",""о "",""сильн"",""ее "",""Воен"",""но-"",""мо"",""ск"",""их "",""сил "",""Гер"",""ан"",""ии "",""(\""Кри"",""смарин"",""е\"") "",""и мог "",""ун"",""ичтожить "",""люб"",""ой "",""фло"","" "",""про"",""ивн"",""ика, "",""пер"",""сек"",""ший "",""Ла-"",""Ман"",""ш.""]",50
395,dev,395,"Однако совсем немного судов ВМС Великобритании базировались рядом с возможными путями проникновения, так как адмиралы опасались затонуть под атакой германской авиации.","[""Од"",""н"",""ако "",""сов"",""сем"","" "",""нем"",""ного "",""суд"",""в"","" "",""ВМС "",""Велик"",""об"",""ритан"",""ии "",""базиров"",""али"",""ь "",""рядом"","" "",""с "",""возм"",""ожн"",""ыми "",""путями "",""прон"",""икнов"",""ен"",""ия, "",""так"","" "",""как"","" "",""адмиралы "",""опасали"",""ь "",""за"",""он"",""уть "",""под "",""атак"",""ой "",""гер"",""ан"",""ск"",""ой "",""авиа"",""ии.""]",49
396,dev,396,"Начнем с разъяснения планов Италии. Италия была по сути ""младшим братом"" Германии и Японии.","[""Н"",""а"",""н"",""ем"","" "",""с "",""раз"",""ясн"",""ен"",""ия "",""план"",""ов"","" "",""Италии. "",""Итали"","" "",""была "",""по "",""сути "",""\""млад"","""",""им "",""бра"",""ом\"" "",""Гер"",""ан"",""ии "",""и Япон"",""ии.""]",29
397,dev,397,"У нее были более слабые армия и флот, хотя прямо перед началом войны там построили четыре новых корабля.","[""У "",""нее "",""были "",""более "",""слаб"",""ые "",""армия "",""и фло"","", "",""хо"",""я "",""прям"",""о "",""пер"",""д "",""началом"","" "",""войн"",""ы "",""там "",""по"",""троили "",""чет"",""ре "",""нов"",""ых "",""корабля.""]",27
398,dev,398,"Главной целью Италии были африканские государства. Для захвата этих стран нужен был плацдарм для войск, чтобы отряды могли переплыть Средиземное море и атаковать Африку.","[""Г"",""лав"",""н"",""ой "",""целью "",""Италии "",""были "",""африк"",""ан"",""ск"",""ие "",""го"",""ударств"",""а. "",""Для "",""за"",""вата "",""этих "",""стр"",""н"","" "",""нужен"","" "",""был "",""пла"",""дарм"","" "",""для "",""войск"","", "",""чтоб"",""ы "",""отр"",""ды "",""могли "",""пер"",""п"",""лыть "",""Средизем"",""н"",""ое "",""мо"",""е "",""и атак"",""ов"",""ать "",""Африк"",""у.""]",48
399,dev,399,"Для этого им надо было расправиться с британскими базами и кораблями в Египте. Кроме этих действий, линкорам Италии не нужно было делать больше ничего.","[""Д"",""ля "",""этого "",""им "",""над"","" "",""было "",""расп"",""рав"",""иться "",""с "",""бри"",""ан"",""скими "",""базам"",""и "",""и кораблями "",""в "",""Егип"",""те. "",""Кром"",""е "",""эти"","" "",""действ"",""ий, "",""лин"",""корам "",""Италии "",""не "",""нужн"",""о "",""было "",""дел"",""ть "",""больш"",""е "",""ничего.""]",38
400,dev,400,"Теперь о Японии. Япония была островным государством, так же как и Британия.","[""Т"",""еп"",""ер"","" "",""о Япон"",""ии. "",""Япон"",""ия "",""была "",""остров"",""н"",""ым "",""го"",""ударств"",""ом, "",""так"","" "",""же "",""как"","" "",""и Бри"",""ан"",""ия.""]",23
401,dev,401,"Подводные лодки — это суда, предназначенные для передвижения под водой и пребывания там в течение длительного времени.","[""П"",""од"","""",""одн"",""ые "",""лодк"",""и "",""— "",""это "",""суд"","", "",""пред"",""н"",""азн"",""ачен"",""ные "",""для "",""пер"",""дв"",""ижен"",""ия "",""под "",""водой "",""и пребыван"",""ия "",""там "",""в "",""течен"",""ие "",""длительн"",""ого "",""врем"",""ен"",""и.""]",34
402,dev,402,"Подводные лодки были на вооружении во время Первой мировой войны, а также во время Великой Отечественной войны. В то время они развивали очень низкую скорость и могли стрелять лишь на коротком расстоянии.","[""П"",""од"","""",""одн"",""ые "",""лодк"",""и "",""были "",""на "",""воо"",""ужен"",""ии "",""во "",""врем"",""я "",""Пер"",""ой "",""миров"",""ой "",""войн"",""ы, "",""а так"",""же "",""во "",""врем"",""я "",""Велик"",""ой "",""Отечеств"",""ен"",""ной "",""войн"",""ы. "",""В "",""то "",""врем"",""я "",""он"",""и "",""разв"",""ивали "",""очен"",""ь "",""низк"",""ую "",""ск"",""орость "",""и могли "",""стр"",""лять "",""лишь "",""на "",""коро"",""ком "",""рас"",""то"",""н"",""ии.""]",58
403,dev,403,"В начале войны они в основном передвигались по поверхности моря, но когда радары начали совершенствоваться и становились более точными, подводным лодкам пришлось уйти под воду, чтобы их не могли обнаружить.","[""В"","" "",""начале "",""войн"",""ы "",""он"",""и "",""в "",""основ"",""н"",""ом "",""пер"",""дв"",""игали"",""ь "",""по "",""пов"",""ерхн"",""ости "",""мо"",""я, "",""но "",""когда "",""рад"",""ры "",""начали "",""сов"",""ершен"",""ств"",""ов"",""аться "",""и стан"",""ов"",""или"",""ь "",""более "",""то"",""н"",""ыми, "",""под"",""одн"",""ым "",""лодк"",""ам "",""при"",""ло"",""ь "",""уйти "",""под "",""воду, "",""чтобы "",""их "",""не "",""могли "",""обн"",""аружить.""]",56
404,dev,404,Немецкие подводные лодки назывались U-Boat. Немцы очень хорошо разбирались в навигации и управлении своими подлодками.,"[""Н"",""ем"",""ецк"",""ие "",""под"",""одн"",""ые "",""лодк"",""и "",""называли"",""ь "",""U-Boat. "",""Нем"",""цы "",""очен"",""ь "",""хорош"",""о "",""разб"",""ирали"",""ь "",""в "",""нав"",""игации "",""и управ"",""лен"",""ии "",""своими "",""под"",""од"",""к"",""ами.""]",32
405,dev,405,"В связи с успешным опытом применения подводных лодок, после войны немцам не доверяют иметь их в большом количестве.","[""В"","" "",""связи "",""с "",""успешн"",""ым "",""опытом "",""при"",""ен"",""ен"",""ия "",""под"",""одн"",""ых "",""лодок"","", "",""по"",""ле "",""войн"",""ы "",""нем"",""цам "",""не "",""дов"",""еряют "",""иметь "",""их "",""в "",""больш"",""ом "",""кол"",""честв"",""е.""]",33
406,dev,406,"Да! Фараон Тутанхамон, которого иногда называют ""Король Тут"" или ""мальчик-фараон"", сегодня является одним из известнейших правителей Древнего Египта.","[""Д"",""а! "",""Фа"","""",""он"","" "",""Тутан"",""хамон"","", "",""кото"",""ого "",""ин"",""огда "",""называют "",""\""Король "",""Тут\"" "",""или "",""\""мал"",""ч"",""ик-"",""фар"",""он"",""\"", "",""сегодн"",""я "",""является "",""одн"",""им "",""из "",""известн"",""ейш"",""их "",""прав"",""ител"",""й "",""Древ"",""н"",""его "",""Егип"",""та.""]",40
407,dev,407,"Интересно то, что в древние времена его не считали очень важной фигурой, а его имени не было в большинстве древних списков фараонов.","[""Ин"",""тер"",""сн"",""о "",""то, "",""что "",""в "",""древ"",""н"",""ие "",""врем"",""ен"",""а "",""его "",""не "",""считали "",""очен"",""ь "",""важн"",""ой "",""фигурой, "",""а его "",""имен"",""и "",""не "",""было "",""в "",""больш"",""ин"",""ств"",""е "",""древ"",""н"",""их "",""списк"",""ов"","" "",""фар"",""он"",""ов"","".""]",41
408,dev,408,"Однако, обнаружение его могилы в 1922 году сделало его знаменитым. В то время как многие захоронения прошлого были разграблены, эта могила осталась практически нетронутой.","[""Од"",""н"",""ако, "",""обн"",""аружен"",""ие "",""его "",""могилы "",""в "",""1922 "",""году "",""сделало "",""его "",""зн"",""амен"",""итым. "",""В "",""то "",""врем"",""я "",""как"","" "",""многие "",""за"",""орон"",""ен"",""ия "",""про"",""лог"",""о "",""были "",""разг"",""раб"",""лен"",""ы, "",""эта "",""могила "",""остала"",""ь "",""прак"",""тическ"",""и "",""нет"",""он"",""утой.""]",45
409,dev,409,"Большая часть предметов, погребенных с Тутанхамоном, прекрасно сохранилась, включая тысячи артефактов из драгоценных металлов и редких камней.","[""Б"",""ольш"",""ая "",""част"","" "",""пред"",""метов"","", "",""пог"",""реб"",""ен"",""ных "",""с "",""Тутан"",""хамон"",""ом, "",""прек"",""расн"",""о "",""со"",""ран"",""илась, "",""включая "",""тысячи "",""ар"",""ефак"",""тов"","" "",""из "",""драг"",""о"",""ен"",""ных "",""мет"",""ллов"","" "",""и редк"",""их "",""камн"",""ей.""]",40
410,dev,410,Изобретение спицевых колес сделало ассирийские колесницы легче и быстрее и позволило эффективнее обгонять солдат и другие колесницы.,"[""Изоб"",""ретен"",""ие "",""спицев"",""ых "",""кол"",""с "",""сделало "",""асси"",""ий"",""к"",""ие "",""кол"",""сн"",""ицы "",""лег"",""е "",""и быстрее "",""и поз"","""",""олило "",""эффек"",""тивн"",""ее "",""обгон"",""ять "",""сол"",""ат "",""и друг"",""ие "",""кол"",""сн"",""ицы.""]",33
411,dev,411,Стрелы из их смертоносных арбалетов могли пробивать доспехи вражеских солдат. Примерно в 1000 году до нашей эры ассирийцы создали первую кавалерию.,"[""С"","""","""",""л"","" "",""из "",""их "",""смер"",""он"",""осн"",""ых "",""арбалетов"","" "",""могли "",""проб"",""ивать "",""до"",""п"",""ехи "",""враже"",""к"",""их "",""сол"",""ат. "",""При"",""ерн"",""о "",""в "",""1000 "",""году "",""до "",""наш"",""ей "",""эры "",""асси"",""ийцы "",""создали "",""пер"",""ую "",""кавалерию.""]",40
412,dev,412,"Кавалерия — это род войск, в котором для ведения боевых действий используются лошади. На тот момент седло еще не было изобретено, поэтому бойцы ассирийской кавалерии сражались, сидя прямо на голых спинах лошадей.","[""К"",""ав"",""ал"","""","""",""я "",""— "",""это "",""род "",""войск"","", "",""в "",""кото"",""ом "",""для "",""вед"",""н"",""ия "",""боев"",""ых "",""действ"",""ий "",""использ"",""ются "",""ло"",""ади. "",""На "",""то"","" "",""момен"",""т "",""седло "",""еще "",""не "",""было "",""изоб"",""ретен"",""о, "",""по"",""тому "",""бойцы "",""асси"",""ийск"",""ой "",""кавалерии "",""сражали"",""ь, "",""сид"","" "",""прям"",""о "",""на "",""голых "",""спин"",""ах "",""ло"",""адей.""]",57
413,dev,413,"Мы знаем много греческих политиков, учёных и художников. Возможно, самая известная личность этой культуры — это Гомер, легендарный слепой поэт, который создал два шедевра греческой литературы — поэмы ""Илиада"" и ""Одиссея"".","[""М"",""ы зн"",""аем"","" "",""много "",""гре"",""еск"",""их "",""пол"",""тик"",""ов"","", "",""учён"",""ых "",""и художн"",""иков"","". "",""Возм"",""ожн"",""о, "",""сам"",""ая "",""известн"",""ая "",""личн"",""ость "",""этой "",""культу"","""","" "",""— "",""это "",""Гомер, "",""леген"",""дарн"",""ый "",""слеп"",""ой "",""по"",""т, "",""кото"",""ый "",""создал "",""два "",""шедев"",""ра "",""гре"",""еск"",""ой "",""литер"",""туры "",""— "",""по"",""мы "",""\""Илиада\"" "",""и \""Одиссе"",""\"".""]",57
414,dev,414,"Софокл и Аристофан по-прежнему являются популярными драматургами, и их пьесы считаются одними из величайших произведений мировой литературы.","[""Со"",""ок"",""л "",""и Ари"",""то"",""ан"","" "",""по-преж"","""",""ему "",""явля"",""тся "",""поп"",""улярн"",""ыми "",""драматургами, "",""и их "",""пье"",""ы "",""счи"",""аются "",""одн"",""ими "",""из "",""вели"",""айш"",""их "",""произв"",""еден"",""ий "",""миров"",""ой "",""ли"",""ер"",""тур"","".""]",36
415,dev,415,"Другим известным греком является математик Пифагор, известный, главным образом, благодаря своей знаменитой теореме о соотношениях сторон прямоугольных треугольников.","[""Д"","""",""уг"",""им "",""известн"",""ым "",""грек"",""ом "",""является "",""матем"",""атик"","" "",""Пифаг"",""о"","", "",""известн"",""ый, "",""глав"",""н"",""ым "",""образом"","", "",""благ"",""ода"",""я "",""своей "",""зн"",""амен"",""итой "",""тео"",""ем"",""е "",""о "",""соотношен"",""иях "",""сто"",""он"","" "",""прям"",""оугол"",""ьн"",""ых "",""тре"",""гол"",""ьн"",""иков"","".""]",47
416,dev,416,"Есть разные подсчёты того, сколько людей говорят на хинди. Согласно оценкам, он находится между вторым и четвёртым наиболее распространёнными языками в мире.","[""Е"",""т"","" "",""разн"",""ые "",""под"",""чёты "",""того, "",""ск"",""олько "",""людей "",""гово"",""ят "",""на "",""хин"",""ди. "",""Согла"",""н"",""о "",""оцен"",""кам, "",""он"","" "",""находи"",""ся "",""межд"","" "",""вто"",""ым "",""и четвёртым "",""наиболее "",""расп"",""ро"",""тран"",""ён"",""ными "",""языками "",""в "",""мире.""]",39
417,dev,417,"Количество носителей языка разнится в зависимости от того, берутся ли в учет очень близкие диалекты.","[""К"",""ол"","""",""еств"",""о "",""носител"",""й "",""языка "",""разн"",""ится "",""в "",""зав"",""исим"",""о"",""ти "",""от "",""того, "",""бер"",""тся "",""ли "",""в "",""учет "",""очен"",""ь "",""близк"",""ие "",""диалек"",""ты.""]",28
418,dev,418,"По разным оценкам, от 340 до 500 миллионов людей говорят на этом языке и до 800 миллионов людей его понимают.","[""П"",""о "",""разн"",""ым "",""оцен"",""кам, "",""от "",""340 "",""до "",""500 "",""миллион"",""ов"","" "",""людей "",""гово"",""ят "",""на "",""этом "",""языке "",""и до "",""800 "",""миллион"",""ов"","" "",""людей "",""его "",""пон"",""имают.""]",28
419,dev,419,"Хинди и урду имеют схожий словарный состав, но разный алфавит; в разговорах на повседневные темы говорящие на этих языках обычно могут понимать друг друга.","[""Х"",""ин"",""ди "",""и урд"","" "",""имеют "",""схожий "",""слов"",""арн"",""ый "",""со"",""тав, "",""но "",""разн"",""ый "",""алфав"",""ит; "",""в "",""разг"",""ов"",""орах "",""на "",""пов"",""седн"",""ев"",""н"",""ые "",""тем"",""ы "",""гово"",""ящ"",""ие "",""на "",""этих "",""языках "",""обычн"",""о "",""могут "",""пон"",""имать "",""друг"","" "",""друг"",""а.""]",44
420,dev,420,Примерно в XV-м веке северная часть Эстонии находилась под большим культурным влиянием Германии.,"[""П"",""ри"",""ерн"",""о "",""в "",""XV-"",""м "",""век"",""е "",""сев"",""ерн"",""ая "",""часть "",""Эстон"",""ии "",""находилась "",""под "",""больш"",""им "",""культу"",""н"",""ым "",""влиян"",""ием "",""Гер"",""ан"",""ии.""]",27
421,dev,421,"Некоторые немецкие монахи хотели донести до коренного народа слово Божье, поэтому они изобрели эстонский письменный язык.","[""Н"",""ек"",""ото"",""ые "",""нем"",""ецк"",""ие "",""мон"",""ахи "",""хотели "",""дон"",""ести "",""до "",""корен"",""ного "",""нар"",""да "",""слов"",""о "",""Божье, "",""по"",""тому "",""он"",""и "",""изоб"",""рели "",""эстон"",""ский "",""письм"",""ен"",""ный "",""язык.""]",32
422,dev,422,"Он был основан на немецком алфавите, к которому был добавлен еще один символ: ""Õ/õ"".","[""Он"","" "",""был "",""основ"",""ан"","" "",""на "",""нем"",""ецк"",""ом "",""алфав"",""ите, "",""к кото"",""ому "",""был "",""доб"",""авлен"","" "",""еще "",""один"","" "",""сим"",""вол: "",""\""Õ/"",""õ\"".""]",25
423,dev,423,"По прошествии определенного времени произошло слияние многих слов, заимствованных из немецкого языка. Так началось эпоха Просвещения.","[""П"",""о "",""про"",""еств"",""ии "",""опред"",""елен"",""ного "",""врем"",""ен"",""и "",""произо"",""ло "",""сли"",""н"",""ие "",""многих "",""слов"","", "",""заим"",""ств"",""ов"",""ан"",""ных "",""из "",""нем"",""ецк"",""ого "",""языка. "",""Так"","" "",""начало"",""ь "",""эпо"",""а "",""Про"",""вещен"",""ия.""]",38
424,dev,424,"Как правило, наследник престола шел в армию сразу после окончания школы.","[""К"",""ак"","" "",""прав"",""ило, "",""наследн"",""ик "",""пре"",""тол"",""а "",""шел "",""в "",""армию "",""сразу "",""по"",""ле "",""ок"",""он"",""чан"",""ия "",""шк"",""олы.""]",22
425,dev,425,"Однако Чарльз поступил в Тринити-колледж в Кембридже, где изучал антропологию и археологию, а позже и историю, получив степень бакалавра 2:2 (диплом с отличием второй степени нижнего уровня).","[""Од"",""н"",""ако "",""Чар"",""ьз "",""по"",""тупил "",""в "",""Три"","""",""ити-"",""кол"",""едж "",""в "",""Кем"",""бридже, "",""где "",""из"",""чал "",""ан"",""троп"",""ол"",""г"",""ию "",""и ар"",""еол"",""ог"",""ию, "",""а поз"",""е "",""и исто"",""ию, "",""пол"",""чив "",""степ"",""ен"",""ь "",""бак"",""алав"",""ра "",""2:2 "",""(диплом"","" "",""с "",""отличием"","" "",""вто"",""ой "",""степ"",""ен"",""и "",""нижн"",""его "",""уров"",""н"",""я).""]",56
426,dev,426,"Чарльз был первым членом британской королевской семьи, получившим высшее образование.","[""Ча"","""",""ьз "",""был "",""пер"",""ым "",""член"",""ом "",""бри"",""ан"",""ской "",""королев"",""ск"",""ой "",""сем"",""ьи, "",""пол"",""чив"","""",""им "",""выс"","""",""ее "",""образов"",""ан"",""ие.""]",26
427,dev,427,"Европейская часть Турции (Восточная Турция, или Румелия, на Балканском полуострове) охватывает 3% страны.","[""Ев"",""роп"",""ейск"",""ая "",""част"","" "",""Тур"",""ии "",""(Во"",""то"",""н"",""ая "",""Тур"",""ия, "",""или "",""Румели"","", "",""на "",""Балкан"",""ском "",""пол"",""остров"",""е) "",""охватывает "",""3% "",""стр"",""н"",""ы.""]",28
428,dev,428,Территория Турции превышает 1 600 километров (1 000 миль) в длину и 800 км (500 миль) в ширину и имеет приблизительно прямоугольную форму.,"[""Т"",""ер"",""ито"",""ия "",""Тур"",""ии "",""прев"",""ышает "",""1 600 "",""килом"",""етров"","" "",""(1 000 "",""миль) "",""в "",""длин"",""у "",""и 800 "",""км "",""(500 "",""миль) "",""в "",""ширин"",""у "",""и имеет "",""при"",""лизительн"",""о "",""прям"",""оугол"",""ьн"",""ую "",""форм"",""у.""]",34
429,dev,429,"Территория Турции, включая озёра, занимает 783 562 кв. км (300 948 кв. миль), из которых 755 688 кв. км (291 773 кв. миль) находится в юго-западной Азии, а 23 764 кв. км (9 174 кв. миль) — в Европе.","[""Т"",""ер"",""ито"",""ия "",""Тур"",""ии, "",""включа"","" "",""оз"",""ра, "",""зан"",""имает "",""783 "",""562 "",""кв. "",""км "",""(300 "",""948 "",""кв. "",""миль), "",""из "",""кото"",""ых "",""755 "",""688 "",""кв. "",""км "",""(291 "",""773 "",""кв. "",""миль) "",""находи"",""ся "",""в "",""юго-"",""зап"",""адн"",""ой "",""Азии, "",""а 23 "",""764 "",""кв. "",""км "",""(9 174 "",""кв. "",""миль) "",""— "",""в "",""Европ"",""е.""]",50
430,dev,430,Турция занимает 37-е место в мире по величине территории. Она примерно размера Метрополии Франции и Великобритании вместе взятыx.,"[""Т"","""","""","""",""и"",""я "",""зан"",""имает "",""37-"",""е "",""место "",""в "",""мире "",""по "",""вели"",""ин"",""е "",""тер"",""ито"",""ии. "",""Он"",""а "",""при"",""ерн"",""о "",""разм"",""ера "",""Мет"",""оп"",""ол"",""и "",""Фран"",""ции "",""и Велик"",""об"",""ритан"",""ии "",""вмес"",""те "",""вз"",""тыx.""]",41
431,dev,431,"Турция с трёх сторон окружена морями: на западе — Эгейским, на севере — Чёрным и на юге — Средиземным.","[""Т"","""","""","""",""и"",""я "",""с "",""тр"","""","" "",""сто"",""он"","" "",""ок"",""ружен"",""а "",""мо"",""ями: "",""на "",""зап"",""аде "",""— "",""Эгей"",""к"",""им, "",""на "",""сев"",""ере "",""— "",""Чёрн"",""ым "",""и на "",""юге "",""— "",""Средизем"",""н"",""ым.""]",37
432,dev,432,"У Люксембурга богатая история, но независимым он стал в 1839 году.","[""У "",""Люк"",""сем"",""б"",""урга "",""бога"",""а"","" "",""исто"",""ия, "",""но "",""нез"",""в"",""исим"",""ым "",""он"","" "",""стал "",""в "",""1839 "",""году.""]",21
433,dev,433,"Современные участки территории Бельгии в прошлом были частью Люксембурга, но после Бельгийской революции 1830-х годов стали бельгийскими.","[""Сов"",""рем"",""ен"",""ные "",""уча"",""тки "",""тер"",""ито"",""ии "",""Бел"",""гии "",""в "",""про"",""лом "",""были "",""частью "",""Люк"",""сем"",""бурга, "",""но "",""по"",""ле "",""Бел"",""гий"",""к"",""ой "",""рев"",""олюции "",""1830-"",""х "",""годов"","" "",""стали "",""бел"",""гийск"",""ими.""]",36
434,dev,434,"Люксембург всегда старался соблюдать нейтралитет, однако Германия его анексировала как во временна Первой, так и Второй мировой войны.","[""Л"","""",""к"",""сем"",""б"",""ург "",""всегда "",""ста"",""ался "",""соб"",""людать "",""ней"",""рали"",""ет, "",""одн"",""ако "",""Гер"",""ан"",""ия "",""его "",""ан"",""ек"",""сиров"",""ала "",""как"","" "",""во "",""врем"",""ен"",""на "",""Пер"",""ой, "",""так"","" "",""и Вто"",""ой "",""миров"",""ой "",""войн"",""ы.""]",40
435,dev,435,"В 1957 году Люксембург стал одним из государств-основателей организации, которая известна сейчас как Европейский Союз.","[""В"","" "",""1957 "",""году "",""Люк"",""сем"",""бург "",""стал "",""одн"",""им "",""из "",""го"",""ударств"",""-"",""основ"",""ател"",""й "",""орган"",""иза"",""и"",""и, "",""кото"",""ая "",""известн"",""а "",""сейчас "",""как"","" "",""Европ"",""ейск"",""ий "",""Со"",""з.""]",33
436,dev,436,Другьел-дзонг — разрушенная крепость и буддийский монастырь в верхней части района Паро (в деревне Фондей).,"[""Д"","""",""уг"",""ьел-"",""дзон"",""г "",""— "",""раз"",""ушен"",""ная "",""креп"",""о"",""ть "",""и буддийск"",""ий "",""мон"",""астыр"","" "",""в "",""вер"",""н"",""ей "",""части "",""район"",""а "",""Пар"","" "",""(в "",""дерев"",""н"",""е "",""Фон"",""дей).""]",33
437,dev,437,"Говорят, что Шабдрунг Нгаванг Намгьял построил крепость в 1649 в память о своей победе над тибето-монгольскими силами.","[""Г"",""ов"",""о"",""ят, "",""что "",""Шаб"",""друн"",""г "",""Нгав"",""ан"",""г "",""Намгьял "",""по"",""троил "",""креп"",""о"",""ть "",""в "",""1649 "",""в "",""память "",""о "",""своей "",""поб"",""еде "",""над "",""тибето-"",""мон"",""гольск"",""ими "",""силами.""]",31
438,dev,438,"В результате пожара 1951 года уцелели только некоторые реликвии Другьел-дзонг, такие как изображение Шабдрунга Нгаванга Намгьяла.","[""В"","" "",""рез"",""льта"",""е "",""пож"",""ра "",""1951 "",""года "",""уцелели "",""тольк"",""о "",""нек"",""ото"",""ые "",""рел"",""к"",""вии "",""Друг"",""ьел-"",""дзон"",""г, "",""так"",""ие "",""как"","" "",""изоб"",""ражен"",""ие "",""Шаб"",""друн"",""га "",""Нгав"",""ан"",""га "",""Намгьяла.""]",36
439,dev,439,"После пожара крепость удалось сохранить и взять под охрану, после чего она стала одной из самых потрясающих достопримечательностей Бутана.","[""П"",""о"",""ле "",""пож"",""ра "",""креп"",""о"",""ть "",""удало"",""ь "",""со"",""ран"",""ить "",""и вз"",""ть "",""под "",""охран"",""у, "",""по"",""ле "",""чего "",""он"",""а "",""стала "",""одн"",""ой "",""из "",""сам"",""ых "",""по"",""рясающ"",""их "",""до"",""топ"",""ри"",""ечател"",""н"",""остей "",""Бутан"",""а.""]",40
440,dev,440,В течение XVIII века Камбоджа оказалась зажатой между двумя могущественными соседями – Таиландом и Вьетнамом.,"[""В"","" "",""течен"",""ие "",""XVIII "",""век"",""а "",""Камбоджа "",""ок"",""азалась "",""заж"",""атой "",""межд"","" "",""двумя "",""могуществ"",""ен"",""ными "",""со"",""едями "",""– "",""Таилан"",""дом"","" "",""и Вьетн"",""амом.""]",26
441,dev,441,В 18 веке тайцы неоднократно вторгались в Камбоджу и в 1772 году уничтожили Пномпень.,"[""В"","" "",""18 "",""век"",""е "",""тайцы "",""неод"",""н"",""ок"",""ратн"",""о "",""вто"",""гали"",""ь "",""в "",""Камбоджу "",""и в "",""1772 "",""году "",""ун"",""ичтожили "",""Пн"",""омпен"",""ь.""]",24
442,dev,442,В последние годы XVIII века вьетнамцы также вторглись в Камбоджу.,"[""В"","" "",""по"",""ледн"",""ие "",""годы "",""XVIII "",""век"",""а "",""вьетн"",""амцы "",""так"",""же "",""вто"",""глись "",""в "",""Камбоджу.""]",17
443,dev,443,"Восемнадцать процентов венесуэльцев — безработные, а большинство работающих занято в теневом секторе экономики.","[""В"",""о"",""ем"",""н"",""адцать "",""про"",""ен"",""тов"","" "",""вен"",""есуэльцев"","" "",""— "",""без"",""або"",""н"",""ые, "",""а больш"",""ин"",""ств"",""о "",""рабо"",""ающ"",""их "",""зан"",""ято "",""в "",""тен"",""ев"",""ом "",""сек"",""торе "",""эк"",""он"",""омики.""]",35
444,dev,444,"Две трети работающих венесуэльцев работают в сфере услуг, около четверти работают в промышленности, и пятая часть работает в сельском хозяйстве.","[""Д"",""в"",""е "",""тре"",""и "",""рабо"",""ающ"",""их "",""вен"",""есуэльцев"","" "",""рабо"",""ают "",""в "",""сфер"","" "",""услуг"","", "",""ок"",""оло "",""четвер"",""и "",""рабо"",""ают "",""в "",""пром"",""ышлен"",""ности, "",""и пятая "",""часть "",""рабо"",""ает "",""в "",""сел"",""ск"",""ом "",""хоз"",""йств"",""е.""]",39
445,dev,445,"Важной отраслью для венесуэльцев является нефть, являясь её нетто-экспортером, несмотря на то, что только один процент населения работает в нефтяной промышленности.","[""В"",""ажн"",""ой "",""отр"","""",""лью "",""для "",""вен"",""есуэльцев"","" "",""является "",""неф"",""ь, "",""явл"","""",""сь "",""её "",""нет"",""о-"",""эк"",""спо"",""тер"",""м, "",""несмо"",""ря "",""на "",""то, "",""что "",""тольк"",""о "",""один"","" "",""про"",""ен"",""т "",""населен"",""ия "",""рабо"",""ает "",""в "",""неф"",""ян"",""ой "",""пром"",""ышлен"",""ности.""]",46
446,dev,446,В ранний период государственной независимости экспертные знания Ботанического сада Сингапура помогли преобразовать остров в город-тропический сад.,"[""В"","" "",""ран"",""ний "",""пер"",""од "",""го"",""ударств"",""ен"",""ной "",""нез"",""в"",""исим"",""о"",""ти "",""эк"",""спер"",""н"",""ые "",""зн"",""ан"",""ия "",""Бо"",""ан"",""ическ"",""ого "",""сада "",""Син"",""гап"",""ура "",""пом"",""огли "",""преоб"",""разов"",""ать "",""остров"","" "",""в "",""го"",""од-"",""троп"",""ическ"",""ий "",""сад.""]",44
447,dev,447,"В 1981 году сорт орхидеи под названием ""Ванда мисс Джоаким"" стал национальным символом страны.","[""В"","" "",""1981 "",""году "",""со"",""т "",""орхидеи "",""под "",""назв"",""ан"",""ием "",""\""Ван"",""да "",""мисс "",""Джоак"",""им\"" "",""стал "",""национ"",""альн"",""ым "",""сим"",""волом"","" "",""стр"",""н"",""ы.""]",26
448,dev,448,"Каждый год, где-то в октябре, около 1,5 миллиона травоядных животных движутся в сторону южных равнин от северных холмов к дождям, пересекая реку Мара.","[""К"",""аж"",""д"","""",""й "",""год, "",""где-"",""то "",""в "",""ок"",""тябре, "",""ок"",""оло "",""1,5 "",""миллион"",""а "",""трав"",""о"",""дн"",""ых "",""живо"",""н"",""ых "",""движ"",""тся "",""в "",""сто"",""он"",""у "",""южн"",""ых "",""рав"",""н"",""ин"","" "",""от "",""сев"",""ерн"",""ых "",""холмов"","" "",""к "",""дождям, "",""пер"",""сек"",""ая "",""рек"",""у "",""Мар"","".""]",50
449,dev,449,"И затем снова на север через запад, вновь пересекая реку Мару после апрельских дождей.","[""И "",""за"",""ем"","" "",""снов"",""а "",""на "",""сев"",""ер "",""чер"",""з "",""зап"",""ад, "",""вн"",""ов"",""ь "",""пер"",""сек"",""ая "",""рек"",""у "",""Мару "",""по"",""ле "",""ап"",""рельск"",""их "",""дождей.""]",28
450,dev,450,"В области Серенгети находятся национальный парк Серенгети, заповедник Нгоронгоро, заказник Масва в Танзании и национальный парк Маасай Мара в Кении.","[""В"","" "",""обла"",""ти "",""Сер"",""н"",""гети "",""наход"",""тся "",""национ"",""альн"",""ый "",""пар"","" "",""Сер"",""н"",""гети, "",""зап"",""ов"",""едн"",""ик "",""Нго"",""он"",""горо, "",""зак"",""азн"",""ик "",""Масва "",""в "",""Тан"",""зан"",""ии "",""и национ"",""альн"",""ый "",""пар"","" "",""Маасай "",""Мар"","" "",""в "",""Кен"",""ии.""]",43
451,dev,451,"Обучение созданию интерактивных медиа требует как традиционных навыков, так и инструментов, освоенных на занятиях по интерактивным технологиям (раскадровка, аудио- и видеомонтаж, повествование и др.).","[""Об"",""учен"",""ие "",""создан"",""ию "",""ин"",""тер"",""ктивн"",""ых "",""мед"",""а "",""треб"",""ует "",""как"","" "",""традицион"",""ных "",""нав"",""ыков"","", "",""так"","" "",""и ин"",""струмен"",""тов"","", "",""освоен"",""ных "",""на "",""зан"",""ятиях "",""по "",""ин"",""тер"",""ктивн"",""ым "",""техн"",""олог"",""иям "",""(раск"",""адров"",""ка, "",""аудио-"","" "",""и вид"",""ом"",""он"",""таж, "",""пов"",""еств"",""ов"",""ан"",""ие "",""и др.)"","".""]",55
452,dev,452,Для работы над интерактивным дизайном вам потребуется переоценить ваши представления об информационной индустрии и научиться нестандартно мыслить.,"[""Д"",""ля "",""рабо"",""ы "",""над "",""ин"",""тер"",""ктивн"",""ым "",""дизайн"",""ом "",""вам "",""по"",""реб"",""уется "",""пер"",""о"",""ен"",""ить "",""ваш"",""и "",""пред"",""став"",""лен"",""ия "",""об ин"",""форм"",""аци"",""он"",""ной "",""ин"",""дустрии "",""и научиться "",""нес"",""ан"",""дартн"",""о "",""мысли"",""ь.""]",39
453,dev,453,"Интерактивный дизайн предполагает, что элементы проекта должны быть связаны между собой, но в то же время иметь смысл по отдельности.","[""Ин"",""тер"",""ктивн"",""ый "",""дизайн"","" "",""пред"",""полаг"",""ает, "",""что "",""элем"",""ен"",""ты "",""проек"",""та "",""должн"",""ы "",""быть "",""связан"",""ы "",""межд"","" "",""соб"",""ой, "",""но "",""в "",""то "",""же "",""врем"",""я "",""иметь "",""смысл "",""по "",""отдельн"",""ости.""]",35
454,dev,454,У зум-объективов имеется следующий недостаток: они требуют более сложной фокусировки и большее количество линз для получения возможности использовать весь диапазон фокусных расстояний по сравнению с фикс-объективами.,"[""У "",""зум-"",""объек"",""тивов"","" "",""имеется "",""след"",""ющ"",""ий "",""нед"","""",""таток"","": "",""он"",""и "",""треб"",""уют "",""более "",""сложн"",""ой "",""фок"",""усиров"",""ки "",""и больш"",""ее "",""кол"",""честв"",""о "",""лин"",""з "",""для "",""пол"",""чен"",""ия "",""возм"",""ожн"",""ости "",""использов"",""ать "",""вес"",""ь "",""диап"",""азон"","" "",""фок"",""усн"",""ых "",""рас"",""то"",""н"",""ий "",""по "",""срав"",""н"",""ен"",""ию "",""с "",""фик"",""с-"",""объек"",""тивами.""]",61
455,dev,455,"Это становится всё менее серьёзной проблемой по мере того, как производители объективов достигают более высоких стандартов в производстве объективов.","[""Э"",""о "",""стан"",""ов"",""ится "",""всё "",""мен"",""ее "",""сер"",""ёзн"",""ой "",""проб"",""лем"",""ой "",""по "",""мер"","" "",""того, "",""как"","" "",""произв"",""одител"","" "",""объек"",""тивов"","" "",""до"",""тигают "",""более "",""высок"",""их "",""стан"",""дартов"","" "",""в "",""произв"",""одств"",""е "",""объек"",""тивов"","".""]",41
456,dev,456,"Это позволило объективам с переменным фокусным расстоянием создавать снимки качества, сравнимого с качеством, получаемым объективами с постоянным фокусным расстоянием.","[""Э"",""о "",""поз"","""",""олило "",""объек"",""тивам "",""с "",""пер"",""м"",""ен"",""ным "",""фок"",""усн"",""ым "",""рас"",""то"",""н"",""ием "",""создавать "",""сн"",""имки "",""качеств"",""а, "",""срав"",""н"",""имого "",""с "",""качеств"",""ом, "",""пол"",""чаем"",""ым "",""объек"",""тивами "",""с "",""по"",""тоян"",""ным "",""фок"",""усн"",""ым "",""рас"",""то"",""н"",""ием.""]",46
457,dev,457,"Другим недостатком зум-объективов является то, что максимальное значение диафрагмы (светосилы) такого объектива, как правило, ниже.","[""Д"","""",""уг"",""им "",""нед"","""",""татком"","" "",""зум-"",""объек"",""тивов"","" "",""является "",""то, "",""что "",""мак"",""сим"",""альн"",""ое "",""зн"",""ачен"",""ие "",""диа"",""раг"",""мы "",""(све"",""о"",""илы) "",""так"",""ого "",""объек"",""тива, "",""как"","" "",""прав"",""ило, "",""ниже.""]",37
458,dev,458,Из-за этого сложно использовать недорогие объективы в условиях слабого освещения без вспышки.,"[""Из-"",""за "",""этого "",""сложн"",""о "",""использов"",""ать "",""нед"","""",""огие "",""объек"",""тив"","" "",""в "",""услов"",""иях "",""слаб"",""ого "",""освещен"",""ия "",""без "",""вспышки.""]",22
459,dev,459,Одной из наиболее распространённых проблем при попытке конвертирования фильма в формат DVD является вылет развертки.,"[""Од"",""н"",""ой "",""из "",""наиболее "",""расп"",""ро"",""тран"",""ён"",""ных "",""проб"",""лем"","" "",""при "",""попытке "",""кон"",""вер"",""иров"",""ан"",""ия "",""фильма "",""в "",""форм"",""ат "",""DVD "",""является "",""выле"","" "",""разв"",""ер"",""ки.""]",31
460,dev,460,"Большинство телевизоров сделано таким образом, чтобы угодить широкой публике.","[""Б"",""ольш"",""ин"",""ств"",""о "",""тел"",""в"",""изо"",""ов"","" "",""сделан"",""о "",""так"",""им "",""образом"","", "",""чтоб"",""ы "",""угодить "",""широк"",""ой "",""публик"",""е.""]",23
461,dev,461,"Поэтому у всего, что вы видите по телевизору, обрезаны края сверху, снизу и по бокам.","[""П"",""о"",""тому "",""у "",""всего, "",""что "",""вы видите "",""по "",""тел"",""в"",""изо"",""у, "",""обрезан"",""ы "",""кра"","" "",""све"","""",""у, "",""сн"",""изу "",""и по "",""бок"",""ам.""]",24
462,dev,462,"Это сделано для того, чтобы изображение охватывало весь экран. Это называется растянутая развёртка.","[""Э"",""о "",""сделан"",""о "",""для "",""того, "",""чтоб"",""ы "",""изоб"",""ражен"",""ие "",""охватывало "",""вес"",""ь "",""эк"",""ран"","". "",""Это "",""называется "",""рас"","""",""н"",""ута"","" "",""разв"",""ёртка.""]",26
463,dev,463,"К сожалению, когда вы записываете DVD, изображение по границам экрана также скорее всего будут отрезано, и, если субтитры на видео расположены близко к нижнему краю экрана, их не будет видно целиком.","[""К"","" "",""сожален"",""ию, "",""когда "",""вы зап"",""исывает"","" "",""DVD, "",""изоб"",""ражен"",""ие "",""по "",""гран"",""ицам "",""эк"",""ран"",""а "",""так"",""же "",""ск"",""орее "",""всего "",""буд"",""т "",""отр"",""зан"",""о, "",""и, "",""если "",""суб"",""итр"","" "",""на "",""вид"",""о "",""расп"",""оложен"",""ы "",""близк"",""о "",""к "",""нижн"",""ему "",""кра"","" "",""эк"",""ран"",""а, "",""их "",""не "",""будет "",""вид"","""",""о "",""целик"",""ом.""]",57
464,dev,464,"Традиционный средневековый замок с давних времен будоражил воображение, навевая картины поединков, пиршеств и рыцарского благородства из легенд о короле Артуре.","[""Т"","""","""",""д"","""","""",""ион"",""ный "",""средн"",""ев"",""ек"",""ов"",""ый "",""зам"",""ок"","" "",""с "",""давн"",""их "",""врем"",""ен"","" "",""будо"",""ажил "",""воображен"",""ие, "",""нав"",""ев"",""ая "",""картин"",""ы "",""поедин"",""ков"","", "",""пир"",""еств"","" "",""и рыцарск"",""ого "",""благ"",""о"",""одств"",""а "",""из "",""леген"",""д "",""о "",""короле "",""Артуре.""]",49
465,dev,465,"Даже стоя среди руин тысячелетней древности, легко представить звуки и запахи давно прошедших битв, почти услышать цокот копыт по мостовой и почуять страх, исходящий из ям в подземельях.","[""Д"",""аже "",""сто"","" "",""среди "",""руин"","" "",""тысячеле"",""н"",""ей "",""древ"",""н"",""ости, "",""легк"",""о "",""пред"",""став"",""ить "",""звук"",""и "",""и зап"",""ахи "",""давн"",""о "",""про"",""едш"",""их "",""битв, "",""по"",""ти "",""услышать "",""цок"",""от "",""копыт "",""по "",""мо"",""тов"",""ой "",""и по"",""уять "",""стр"",""х, "",""исход"",""щ"",""ий "",""из "",""ям "",""в "",""под"",""ем"",""елья"","".""]",52
466,dev,466,Но основана ли наши фантазия на действительности? Зачем вообще строились эти замки? Как их спроектировали и возвели?,"[""Н"",""о "",""основ"",""ан"",""а "",""ли "",""наш"",""и "",""фан"",""тазия "",""на "",""действ"",""ительн"",""ости? "",""За"",""ем"","" "",""вообщ"",""е "",""стр"",""или"",""ь "",""эти "",""зам"",""ки? "",""Как"","" "",""их "",""спроек"",""тиров"",""али "",""и возв"",""ели?""]",33
467,dev,467,"Замок Кирби Муксло скорее представляет собой фортифицированный дом, чем настоящий замок, что является характерным для данного периода.","[""З"",""ам"",""ок"","" "",""Кирби "",""Мук"",""сло "",""ск"",""орее "",""пред"",""став"",""ляет "",""соб"",""ой "",""фор"",""ифициров"",""ан"",""ный "",""дом"","", "",""чем"","" "",""насто"",""щ"",""ий "",""зам"",""ок"","", "",""что "",""является "",""харак"",""тер"","""",""ым "",""для "",""дан"",""ного "",""пер"",""ода.""]",39
468,dev,468,Его огромные застеклённые окна и тонкие стены не могли бы долго устоять против мощной атаки.,"[""Ег"",""о "",""огром"",""н"",""ые "",""за"",""тек"",""лён"",""ные "",""ок"",""на "",""и тон"",""кие "",""стен"",""ы "",""не "",""могли "",""бы "",""долг"",""о "",""усто"",""ть "",""про"",""ив "",""мо"",""н"",""ой "",""атак"",""и.""]",29
469,dev,469,"В 1480-х, когда лорд Гастингс начал его строительство, в стране было относительно спокойно, и защита требовалась только от небольших банд кочующих мародеров.","[""В"","" "",""1480-"",""х, "",""когда "",""ло"",""д "",""Гастин"",""гс "",""начал "",""его "",""стр"",""ительств"",""о, "",""в "",""стр"",""н"",""е "",""было "",""отн"",""осительн"",""о "",""спо"","""",""ойн"",""о, "",""и за"",""ита "",""треб"",""ов"",""ала"",""ь "",""тольк"",""о "",""от "",""небольш"",""их "",""бан"",""д "",""кочующ"",""их "",""мар"",""деров"","".""]",44
470,dev,470,"Баланс власти был системой, при которой европейские народы пытались сохранить суверенитет всех европейских государств.","[""Б"",""алан"",""с "",""вла"",""ти "",""был "",""систем"",""ой, "",""при "",""кото"",""ой "",""европ"",""ейск"",""ие "",""нар"",""ды "",""пытались "",""со"",""ран"",""ить "",""суверен"",""итет "",""все"","" "",""европ"",""ейск"",""их "",""го"",""ударств"","".""]",30
471,dev,471,"Концепция заключалась в том, что все европейские страны должны стремиться не допускать, чтобы какая-либо нация стала могущественной, и поэтому национальные правительства часто переходили из одного альянса в другой, чтобы сохранить равновесие.","[""К"",""он"",""цеп"",""ция "",""зак"",""лючала"",""ь "",""в "",""том, "",""что "",""все "",""европ"",""ейск"",""ие "",""стр"",""н"",""ы "",""должн"",""ы "",""стр"",""м"",""иться "",""не "",""доп"",""уск"",""ать, "",""чтоб"",""ы "",""как"",""ая-"",""либо "",""нация "",""стал"","" "",""могуществ"",""ен"",""ной, "",""и по"",""тому "",""национ"",""альн"",""ые "",""прав"",""ительств"",""а "",""часто "",""пер"",""ходили "",""из "",""одн"",""ого "",""альян"",""са "",""в "",""друг"",""ой, "",""чтобы "",""со"",""ран"",""ить "",""рав"",""н"",""ов"",""есие.""]",64
472,dev,472,"Война за испанское наследство вошла в историю как первая война, в которой ключевой проблемой оказалось равновесие власти.","[""В"",""ойн"",""а "",""за "",""испан"",""ск"",""ое "",""наслед"",""тв"",""о "",""во"",""ла "",""в "",""исто"",""ию "",""как"","" "",""пер"",""ая "",""войн"",""а, "",""в "",""кото"",""ой "",""ключев"",""ой "",""проб"",""лем"",""ой "",""ок"",""азало"",""ь "",""рав"",""н"",""ов"",""есие "",""вла"",""ти.""]",38
473,dev,473,"Это ознаменовало важную перемену, поскольку у европейских государств больше не могло быть предлогов для религиозных войн. Таким образом, Тридцатилетняя война стала последней войной, которая считалась религиозной.","[""Э"",""о "",""озн"",""амен"",""ов"",""ало "",""важн"",""ую "",""пер"",""м"",""ен"",""у, "",""по"",""к"",""ольку "",""у "",""европ"",""ейск"",""их "",""го"",""ударств"","" "",""больш"",""е "",""не "",""могло "",""быть "",""пред"",""лог"",""ов"","" "",""для "",""рел"",""г"",""иоз"",""н"",""ых "",""войн"","". "",""Так"",""им "",""образом"","", "",""Три"",""цатиле"",""н"",""яя "",""войн"",""а "",""стала "",""по"",""ледн"",""ей "",""войн"",""ой, "",""кото"",""ая "",""считала"",""ь "",""рел"",""г"",""иоз"",""н"",""ой.""]",64
474,dev,474,"Храм Артемиды в Эфесе был разрушен 21 июля 356 года до н. э. в результате акта поджога, совершённого Геростратом.","[""Х"",""рам "",""Артем"",""ид"","" "",""в "",""Эфесе "",""был "",""раз"",""ушен"","" "",""21 "",""июля "",""356 "",""года "",""до "",""н. "",""э. "",""в "",""рез"",""льта"",""е "",""ак"",""та "",""под"",""ог"",""а, "",""сов"",""ершён"",""ного "",""Гер"","""",""тратом.""]",33
475,dev,475,"Как следует из истории, он искал славы любой ценой. Возмущенные эфесяне заявили, что имя Герострата никогда не войдет в историю.","[""К"",""ак"","" "",""след"",""ет "",""из "",""исто"",""ии, "",""он"","" "",""иск"",""ал "",""слав"",""ы "",""люб"",""ой "",""цен"",""ой. "",""Возм"",""ущен"",""ные "",""эфесян"",""е "",""за"",""вили, "",""что "",""имя "",""Гер"","""",""трата "",""никогда "",""не "",""войдет "",""в "",""исто"",""ию.""]",36
476,dev,476,"Греческий историк Страбон позже упомянул имя, поэтому мы знаем его сегодня. Храм был разрушен в туже ночь, в которую родился Александр Македонский.","[""Г"",""ре"",""еск"",""ий "",""исто"",""ик "",""Страб"",""он"","" "",""поз"",""е "",""упом"",""ян"",""ул "",""имя, "",""по"",""тому "",""мы зн"",""аем"","" "",""его "",""сегодн"",""я. "",""Храм "",""был "",""раз"",""ушен"","" "",""в "",""туже "",""ночь, "",""в "",""кото"",""ую "",""родился "",""Алек"",""сан"",""др "",""Мак"",""едон"",""ский.""]",41
477,dev,477,"Александр, будучи царём, предложил заплатить за восстановление храма, но его предложение было отклонено. А позже, уже после смерти Александра, храм был восстановлен в 323 году до нашей эры.","[""Алек"",""сан"",""др, "",""буд"",""чи "",""царём, "",""пред"",""ложил "",""зап"",""латить "",""за "",""во"",""стан"",""ов"",""лен"",""ие "",""храма, "",""но "",""его "",""пред"",""ложен"",""ие "",""было "",""отк"",""лон"",""ен"",""о. "",""А "",""поз"",""е, "",""уже "",""по"",""ле "",""смерти "",""Алек"",""сан"",""дра, "",""храм "",""был "",""во"",""стан"",""ов"",""лен"","" "",""в "",""323 "",""году "",""до "",""наш"",""ей "",""эры.""]",51
478,dev,478,"Убедитесь, что ваша рука расслаблена насколько это возможно и в то же время правильно попадает по всем нотам, также постарайтесь не делать много посторонних движений вашими пальцами.","[""Уб"",""едитес"",""ь, "",""что "",""ваш"",""а "",""рука "",""рас"",""лаб"",""лен"",""а "",""наск"",""олько "",""это "",""возм"",""ожн"",""о "",""и в "",""то "",""же "",""врем"",""я "",""прав"",""ильн"",""о "",""поп"",""адает "",""по "",""всем"","" "",""нотам, "",""так"",""же "",""по"",""тарай"",""ес"",""ь "",""не "",""дел"",""ть "",""много "",""по"",""то"",""он"",""них "",""движен"",""ий "",""ваш"",""ими "",""пал"",""цами.""]",51
479,dev,479,"Так вы как можно меньше устанете. Запомните, что не нужно сильно нажимать на клавиши для большей громкости, как на фортепиано.","[""Т"",""ак"","" "",""вы как"","" "",""можн"",""о "",""мен"",""ьш"",""е "",""устан"",""ете. "",""Зап"",""ом"",""ните, "",""что "",""не "",""нужн"",""о "",""сильн"",""о "",""нажимать "",""на "",""клавиши "",""для "",""больш"",""ей "",""гром"",""кости, "",""как"","" "",""на "",""фор"",""еп"",""иан"",""о.""]",36
480,dev,480,"Для получения более громкого звука на аккордеоне, мехи используются с большим давлением или скоростью.","[""Д"",""ля "",""пол"",""чен"",""ия "",""более "",""гром"",""кого "",""звук"",""а "",""на "",""ак"",""кордеон"",""е, "",""мехи "",""использ"",""ются "",""с "",""больш"",""им "",""давлен"",""ием "",""или "",""ск"",""оростью.""]",25
481,dev,481,"Мистицизм — это стремление к осознанному пониманию абсолютной реальности, божества, духовной правды или Бога, а также стремление к слиянию и единству с Ним.","[""М"",""и"","""",""и"",""изм"","" "",""— "",""это "",""стр"",""м"",""лен"",""ие "",""к "",""осозн"",""ан"",""ному "",""пон"",""иман"",""ию "",""абсолютн"",""ой "",""реальн"",""ости, "",""боже"",""тв"",""а, "",""духов"",""н"",""ой "",""прав"",""ды "",""или "",""Бога, "",""а так"",""же "",""стр"",""м"",""лен"",""ие "",""к "",""слиян"",""ию "",""и един"",""ств"",""у "",""с "",""Ним.""]",47
482,dev,482,"Верующий ищет прямого опыта, интуитивного понимания или представления о божественной реальности или боге/богах.","[""В"",""ер"",""ющ"",""ий "",""ищет "",""прям"",""ого "",""опыта, "",""ин"",""туитивн"",""ого "",""пон"",""иман"",""ия "",""или "",""пред"",""став"",""лен"",""ия "",""о "",""боже"",""тв"",""ен"",""ной "",""реальн"",""ости "",""или "",""боге/"",""бога"","".""]",30
483,dev,483,"Последователи ведут определенный образ жизни или занимаются чем-то, что подпитывает такие ощущения.","[""П"",""о"",""ледов"",""ател"","" "",""вед"",""т "",""опред"",""елен"",""ный "",""образ "",""жизн"",""и "",""или "",""зан"",""имаются "",""чем"",""-"",""то, "",""что "",""под"",""итывает "",""так"",""ие "",""ощущен"",""ия.""]",26
484,dev,484,"Можно отличить мистицизм от других форм религиозных верований и культов по его упору на прямой опыт человека нахождения в уникальном состоянии сознания, особенно в состоянии умиротворённого, проникновенного, блаженного или даже экстатического характера.","[""М"",""ожн"",""о "",""отличить "",""мисти"",""изм"","" "",""от "",""друг"",""их "",""форм"","" "",""рел"",""г"",""иоз"",""н"",""ых "",""вер"",""в"",""ан"",""ий "",""и культов"","" "",""по "",""его "",""упо"",""у "",""на "",""прям"",""ой "",""опыт "",""челов"",""ека "",""нахожден"",""ия "",""в "",""ун"",""икальн"",""ом "",""со"",""тоян"",""ии "",""созн"",""ан"",""ия, "",""особ"",""ен"",""но "",""в "",""со"",""тоян"",""ии "",""умиро"",""ворён"",""ного, "",""прон"",""икнов"",""ен"",""ного, "",""блажен"",""ного "",""или "",""даже "",""эк"",""статическ"",""ого "",""харак"",""тер"","".""]",69
485,dev,485,"Сикхизм — это религия, зародившаяся на индийском субконтиненте в регионе Пенджаб в XV веке в результате сектантского раскола внутри индуизма.","[""Сик"",""хизм "",""— "",""это "",""рел"",""гия, "",""за"",""одив"",""аяся "",""на "",""ин"",""дийск"",""ом "",""субкон"",""тин"",""ен"",""те "",""в "",""регион"",""е "",""Пен"",""джаб"","" "",""в "",""XV "",""век"",""е "",""в "",""рез"",""льта"",""е "",""сек"",""тан"",""тск"",""ого "",""раск"",""ола "",""вн"",""утри "",""ин"",""дуизма.""]",41
486,dev,486,"Сикхи считают свою веру  религией,  отдельной от индуизма, хотя и признают её индуистские корни и традиции.","[""Сик"",""хи "",""счи"",""ают "",""сво"","" "",""вер"","" "","" "",""рел"",""гией, "","" "",""отд"",""л"",""н"",""ой "",""от "",""ин"",""дуизма, "",""хо"",""я "",""и при"",""н"",""ают "",""её "",""ин"",""дуистск"",""ие "",""корн"",""и "",""и традиции.""]",31
487,dev,487,"Сикхи называют их религию ""гурмат"", что на пенджабском значит ""путь гуру"". Гуру — основополагающий аспект всех индийских религий, но в сикхизме он приобрёл значение, которое воплощает суть сикхских верований.","[""Сик"",""хи "",""называют "",""их "",""рел"",""г"",""ию "",""\""гурмат\"", "",""что "",""на "",""пен"",""джаб"",""ск"",""ом "",""зн"",""ачит "",""\""путь "",""гуру\"""","". "",""Гур"","" "",""— "",""основ"",""опол"",""г"",""ающ"",""ий "",""аспек"",""т "",""всех "",""ин"",""дийск"",""их "",""рел"",""г"",""ий, "",""но "",""в "",""сик"",""хизме "",""он"","" "",""при"",""брёл "",""зн"",""ачен"",""ие, "",""кото"",""ое "",""вопло"",""ает "",""суть "",""сик"",""хск"",""их "",""вер"",""в"",""ан"",""ий.""]",59
488,dev,488,"Эта религия была основана в XV веке Гуру Нанаком (1469-1539). Затем было ещё девять гуру, сменявших друг друга.","[""Э"",""а "",""рел"",""г"",""ия "",""была "",""основ"",""ан"",""а "",""в "",""XV "",""век"",""е "",""Гуру "",""Нан"",""аком "",""(1469-"",""1539). "",""За"",""ем"","" "",""было "",""ещё "",""дев"",""ять "",""гуру, "",""смен"",""явших "",""друг"","" "",""друг"",""а.""]",32
489,dev,489,"Однако в июне 1956 года обещания Хрущёва были подвергнуты испытанию, когда беспорядки в Польше, где рабочие протестовали против нехватки продовольствия и урезания зарплат, переросли в общий протест против коммунизма.","[""Од"",""н"",""ако "",""в "",""июн"",""е "",""1956 "",""года "",""обещан"",""ия "",""Хрущёва "",""были "",""под"",""ергн"",""уты "",""испытан"",""ию, "",""когда "",""беспо"",""ядк"",""и "",""в "",""Пол"",""ш"",""е, "",""где "",""рабо"",""ие "",""про"",""естов"",""али "",""про"",""ив "",""нехватки "",""прод"",""ов"",""ольств"",""ия "",""и урезан"",""ия "",""за"",""плат, "",""пер"",""р"","""",""ли "",""в "",""общ"",""ий "",""про"",""ест "",""про"",""ив "",""ком"",""мун"",""изма.""]",56
490,dev,490,"Несмотря на то, что в конечном итоге Хрущев ввел танки для восстановления порядка, он все же выполнил некоторые экономические требования и согласился назначить премьер-министром популярного Владислава Гомулку.","[""Н"",""есмо"",""р"","" "",""на "",""то, "",""что "",""в "",""кон"",""ечн"",""ом "",""итоге "",""Хрущев"","" "",""ввел "",""тан"",""ки "",""для "",""во"",""стан"",""ов"",""лен"",""ия "",""по"",""ядк"",""а, "",""он"","" "",""все "",""же "",""выполнил "",""нек"",""ото"",""ые "",""эк"",""он"",""омическ"",""ие "",""треб"",""ов"",""ан"",""ия "",""и согла"",""ился "",""назн"",""ачить "",""прем"",""ьер-"",""мин"",""истром"","" "",""популярн"",""ого "",""Владислав"",""а "",""Гомулку.""]",56
491,dev,491,"Индская цивилизация — это цивилизация, существовавшая в бронзовом веке в северо-западной части индийского субконтинента, охватывающей большую часть современного Пакистана и некоторые области на северо-западе Индии и северо-востоке Афганистана.","[""Ин"",""дск"",""ая "",""цивилиза"",""и"",""я "",""— "",""это "",""цивилиза"",""и"",""я, "",""существ"",""ов"",""авш"",""ая "",""в "",""брон"",""зов"",""ом "",""век"",""е "",""в "",""сев"",""еро-"",""зап"",""адн"",""ой "",""части "",""ин"",""дийск"",""ого "",""субкон"",""тин"",""ен"",""та, "",""охватывающ"",""ей "",""больш"",""ую "",""часть "",""сов"",""рем"",""ен"",""ного "",""Пак"",""истан"",""а "",""и нек"",""ото"",""ые "",""обла"",""ти "",""на "",""сев"",""еро-"",""зап"",""аде "",""Ин"",""дии "",""и сев"",""еро-"",""во"",""ток"",""е "",""Афган"",""истан"",""а.""]",67
492,dev,492,"Эта цивилизация развивалась в бассейнах реки Инд, откуда и произошло её название.","[""Э"",""а "",""цивилиза"",""и"",""я "",""разв"",""ивала"",""ь "",""в "",""бассейн"",""ах "",""рек"",""и "",""Ин"",""д, "",""отк"",""уда "",""и произо"",""ло "",""её "",""назв"",""ан"",""ие.""]",23
493,dev,493,"Некоторые ученые высказывают идею, что, поскольку эта цивилизация существовала также в бассейнах ныне высохшей реки Сарасвати, ее уместно называть индо-сарасватской цивилизацией, в то время как другие называют ее хараппской цивилизацией в честь Хараппы — ее первого раскопанного памятника, обнаруженного в 1920-х.","[""Н"",""ек"",""ото"",""ые "",""учен"",""ые "",""выск"",""азывают "",""идею, "",""что, "",""по"",""к"",""ольку "",""эта "",""цивилиза"",""и"",""я "",""существ"",""ов"",""ала "",""так"",""же "",""в "",""бассейн"",""ах "",""нын"",""е "",""высо"",""ш"",""ей "",""рек"",""и "",""Сар"",""свати, "",""ее "",""уместн"",""о "",""называть "",""ин"",""до-"",""сарасватск"",""ой "",""цивилиза"",""и"",""ей, "",""в "",""то "",""врем"",""я "",""как"","" "",""друг"",""ие "",""называют "",""ее "",""харапп"",""ск"",""ой "",""цивилиза"",""и"",""ей "",""в "",""честь "",""Харапп"",""ы "",""— "",""ее "",""пер"",""ого "",""раск"",""опан"",""ного "",""памятн"",""ика, "",""обн"",""аружен"",""ного "",""в "",""1920-"",""х.""]",80
494,dev,494,Многочисленные войны Римской империи способствовали развитию медицины.,"[""М"",""н"",""ого"",""ислен"",""ные "",""войн"",""ы "",""Римск"",""ой "",""импер"",""и "",""спо"",""об"",""ств"",""ов"",""али "",""разв"",""итию "",""мед"",""цин"",""ы.""]",21
495,dev,495,"Император Август начал набирать врачей, которые даже сформировали первый римский медицинский корпус, использовавшийся после сражений.","[""Им"",""пер"",""то"","" "",""Авг"","""",""т "",""начал "",""наб"",""ирать "",""вра"",""ей, "",""кото"",""ые "",""даже "",""сформиров"",""али "",""пер"",""ый "",""римск"",""ий "",""мед"",""цин"",""ск"",""ий "",""корпус, "",""использов"",""авшийся "",""по"",""ле "",""сражен"",""ий.""]",32
496,dev,496,"Хирургам были известны различные седативные вещества, включая морфин из экстракта семян опиумного мака и скополамин из семян  чёрной белены.","[""Х"",""и"","""",""ргам "",""были "",""известн"",""ы "",""разли"",""н"",""ые "",""седативн"",""ые "",""веществ"",""а, "",""включая "",""мо"",""фин"","" "",""из "",""эк"",""стракта "",""сем"",""ян"","" "",""опиумн"",""ого "",""мак"",""а "",""и ск"",""опол"",""мин"","" "",""из "",""сем"",""ян"","" "","" "",""чёрн"",""ой "",""белен"",""ы.""]",41
497,dev,497,"Они научились мастерски делать ампутации, чтобы спасать пациентов от гангрены, и так же хорошо освоили жгут и артериальные зажимы для приостановки кровотока.","[""Он"",""и "",""научили"",""ь "",""мас"",""ер"",""к"",""и "",""дел"",""ть "",""ампута"",""и"",""и, "",""чтоб"",""ы "",""спа"",""а"",""ь "",""пациен"",""тов"","" "",""от "",""ган"",""грен"",""ы, "",""и так"","" "",""же "",""хорош"",""о "",""освоили "",""жгут "",""и ар"",""ер"",""альн"",""ые "",""заж"",""имы "",""для "",""при"","""",""тан"",""ов"",""ки "",""кров"",""оток"",""а.""]",47
498,dev,498,"За несколько веков Римская империя добилась больших достижений в области медицины и сформировала большую часть знаний, известных нам сегодня.","[""З"",""а "",""неск"",""олько "",""век"",""ов"","" "",""Римск"",""ая "",""импер"",""я "",""доб"",""илась "",""больш"",""их "",""до"",""тижен"",""ий "",""в "",""обла"",""ти "",""мед"",""цин"",""ы "",""и сформиров"",""ала "",""больш"",""ую "",""часть "",""зн"",""ан"",""ий, "",""известн"",""ых "",""нам "",""сегодн"",""я.""]",37
499,dev,499,"Простое оригами — разновидность оригами с ограничением на одну складку за раз, запретом на более сложные складки, такие как, например, обратная, и простым расположением каждой складки.","[""П"",""ро"",""тое "",""оригами "",""— "",""разн"",""ов"",""идн"",""ость "",""оригами "",""с "",""огран"",""ичен"",""ием "",""на "",""одн"",""у "",""ск"",""ладк"",""у "",""за "",""раз, "",""зап"",""ретом "",""на "",""более "",""сложн"",""ые "",""ск"",""ладк"",""и, "",""так"",""ие "",""как"","", "",""нап"",""ример, "",""обратн"",""ая, "",""и про"",""тым "",""расп"",""оложен"",""ием "",""каждой "",""ск"",""ладк"",""и.""]",48
500,dev,500,Его разработал в 1970-х годах Джон Смит с целью помочь неопытным оригамистам и людям с ограниченными двигательными навыками.,"[""Ег"",""о "",""раз"",""або"",""ал "",""в "",""1970-"",""х "",""года"","" "",""Джон"","" "",""Смит "",""с "",""целью "",""пом"",""очь "",""неоп"",""ытн"",""ым "",""оригамистам"","" "",""и людям "",""с "",""огран"",""ичен"",""ными "",""двиг"",""ательн"",""ыми "",""нав"",""ыками.""]",32
501,dev,501,"У детей формируется осознание расовых стереотипов в довольно раннем возрасте, и эти расовые стереотипы влияют на поведение.","[""У "",""дет"",""й "",""форм"",""ир"",""ется "",""осозн"",""ан"",""ие "",""расов"",""ых "",""сте"","""",""о"",""ип"",""ов"","" "",""в "",""дов"",""ольн"",""о "",""ран"",""нем "",""воз"",""асте, "",""и эти "",""расов"",""ые "",""сте"","""",""о"",""ип"",""ы "",""влияют "",""на "",""пов"",""еден"",""ие.""]",38
502,dev,502,"Например, существует стереотип, согласно которому дети, принадлежащие к расовым меньшинствам, плохо учатся в школе, и как только дети, причисляющие себя к расовым меньшинствам, узнают об этом стереотипе, то сразу перестают хорошо учиться.","[""Н"",""ап"",""ри"",""ер, "",""существ"",""ует "",""сте"","""",""о"",""ип"","", "",""сог"",""ла"",""н"",""о "",""кото"",""ому "",""дет"","", "",""при"","""",""адлежащ"",""ие "",""к "",""расов"",""ым "",""мен"",""ьш"",""ин"",""ств"",""ам, "",""пло"",""о "",""уча"",""ся "",""в "",""шк"",""оле, "",""и как"","" "",""тольк"",""о "",""дет"","", "",""при"",""исляющ"",""ие "",""себя "",""к "",""расов"",""ым "",""мен"",""ьш"",""ин"",""ств"",""ам, "",""узн"",""ают "",""об этом "",""стер"",""о"",""ип"",""е, "",""то "",""сразу "",""пер"",""стают "",""хорош"",""о "",""учиться.""]",70
503,dev,503,"MySpace является третьим по популярности сайтом, используемым в США, и в настоящее время имеет 54 миллиона профилей.","[""M"",""ySpace "",""является "",""тре"","""",""им"","" "",""по "",""популярн"",""ости "",""сайтом"","", "",""испол"",""з"",""ем"",""ым "",""в "",""США, "",""и в "",""насто"",""щ"",""ее "",""врем"",""я "",""имеет "",""54 "",""миллион"",""а "",""про"",""илей.""]",30
504,dev,504,Эти сайты привлекли много внимания особенно со стороны системы образования.,"[""Э"",""и "",""сайты "",""при"",""лек"",""ли "",""мн"",""ого "",""вн"",""иман"",""ия "",""особ"",""ен"",""но "",""со "",""сто"",""он"",""ы "",""систем"",""ы "",""образов"",""ан"",""ия.""]",23
505,dev,505,"У этих сайтов есть такие положительные стороны, как возможность легко настроить страницу класса, которая может включать в себя блоги, видео, фотографии и прочий функционал.","[""У "",""эти"","" "",""сайтов"","" "",""есть "",""так"",""ие "",""пол"",""жительн"",""ые "",""сто"",""он"",""ы, "",""как"","" "",""возм"",""ожн"",""ость "",""легк"",""о "",""настроить "",""стр"",""н"",""ицу "",""класса, "",""кото"",""ая "",""може"","" "",""включать "",""в "",""себя "",""блог"",""и, "",""вид"",""о, "",""фото"","""",""рафии "",""и про"",""ий "",""фун"",""кцион"",""ал.""]",45
506,dev,506,"На эту страницу можно легко зайти, предоставив всего один веб-адрес, что облегчает запоминание и ввод текста для учащихся, которые могут испытывать трудности с использованием клавиатуры или правильным написанием адреса.","[""Н"",""а "",""эту "",""стр"",""н"",""ицу "",""можн"",""о "",""легк"",""о "",""зайти, "",""пред"",""о"",""тавив "",""всего "",""один"","" "",""веб-"",""адрес, "",""что "",""облегчает "",""зап"",""ом"",""ин"",""ан"",""ие "",""и ввод "",""тек"",""ста "",""для "",""уча"","""",""ихся, "",""кото"",""ые "",""могут "",""испытывать "",""тр"",""дн"",""ости "",""с "",""использов"",""ан"",""ием "",""клав"",""иа"",""ур"","" "",""или "",""прав"",""ильн"",""ым "",""нап"",""исан"",""ием "",""ад"",""еса.""]",57
507,dev,507,"Его можно настроить, чтобы было легче читать, и по желанию добавить как можно больше или меньше цвета.","[""Ег"",""о "",""можн"",""о "",""настроить, "",""чтоб"",""ы "",""было "",""лег"",""е "",""чи"",""а"",""ь, "",""и по "",""желан"",""ию "",""доб"",""авить "",""как"","" "",""можн"",""о "",""больш"",""е "",""или "",""мен"",""ьш"",""е "",""цвета.""]",29
508,dev,508,"Расстройство дефицита внимания — это ""неврологический синдром, классическая определяющая триада симптомов которого, включает импульсивность, отвлекаемость и гиперактивность или избыток энергии"".","[""Р"","""","""","""",""т"",""ойств"",""о "",""дефицита "",""вн"",""иман"",""ия "",""— "",""это "",""\""нев"",""рол"",""ог"",""ическ"",""ий "",""син"",""дром"","", "",""классическ"",""ая "",""опред"",""ел"","""",""щ"",""ая "",""три"",""да "",""сим"",""птом"",""ов"","" "",""кото"",""ого, "",""включает "",""импульсивн"",""ость, "",""отвлек"",""аем"",""о"",""ть "",""и гип"",""ер"",""ктивн"",""ость "",""или "",""изб"",""ыток"","" "",""эн"",""ер"",""ии\"".""]",54
509,dev,509,"Это не необучаемость, а расстройство познавательной способности; от него ""страдают от трех до пяти процентов всех детей, возможно, до двух миллионов детей Америки"".","[""Э"",""о "",""не "",""необучаем"",""о"",""ть, "",""а рас"",""т"",""ойств"",""о "",""поз"","""",""авател"",""н"",""ой "",""спо"",""об"",""ности; "",""от "",""него "",""\""стр"",""дают "",""от "",""тре"","" "",""до "",""пяти "",""про"",""ен"",""тов"","" "",""все"","" "",""дет"",""й, "",""возм"",""ожн"",""о, "",""до "",""двух "",""миллион"",""ов"","" "",""дет"",""й "",""Америк"",""и\"".""]",47
510,dev,510,"Детям с СДВГ тяжело сосредотачиваться на таких вещах, как работа в школе, но они могут концентрироваться на вещах, которые им нравиться делать, таких как игры, просмотр их любимых мультфильмов или написание предложений без знаков пунктуации.","[""Д"",""е"","""",""м"","" "",""с "",""СДВГ "",""тяжел"","" "",""со"",""редо"",""ачиваться "",""на "",""так"",""их "",""вещ"",""ах, "",""как"","" "",""рабо"",""а "",""в "",""шк"",""оле, "",""но "",""он"",""и "",""могут "",""кон"",""цен"",""триров"",""аться "",""на "",""вещах, "",""кото"",""ые "",""им "",""нрав"",""иться "",""дел"",""ть, "",""так"",""их "",""как"","" "",""игры, "",""про"",""мотр "",""их "",""люб"",""им"",""ых "",""мультф"",""ильмов"","" "",""или "",""нап"",""исан"",""ие "",""пред"",""ложен"",""ий "",""без "",""зн"",""аков"","" "",""пун"",""ктуаци"",""и.""]",69
511,dev,511,"Эти дети склонны попадать во многие неприятности, потому что они ""вовлекаются в виды поведения с повышенным риском, участвуют в драках и бросают вызов властям"" для того, чтобы стимулировать свой мозг, поскольку их мозг не может быть стимулирован нормальными методами.","[""Э"",""и "",""дет"","" "",""ск"",""лон"",""ны "",""попадать "",""во "",""многие "",""неп"",""ри"",""тн"",""ости, "",""по"",""ому "",""что "",""он"",""и "",""\""вов"",""лек"",""аются "",""в "",""вид"","" "",""пов"",""еден"",""ия "",""с "",""пов"",""ышен"",""ным "",""риск"",""ом, "",""уча"",""твуют "",""в "",""драках "",""и бро"",""ают "",""вызов"","" "",""вла"",""тям\"" "",""для "",""того, "",""чтобы "",""сти"","""",""улиров"",""ать "",""свой "",""мозг"","", "",""по"",""к"",""ольку "",""их "",""мозг"","" "",""не "",""може"","" "",""быть "",""сти"","""",""улиров"",""ан"","" "",""нормальн"",""ыми "",""мет"",""дами.""]",73
512,dev,512,"СДВ влияет на отношения детей со сверстниками, поскольку другие дети не могут понять, почему они ведут себя именно таким образом, или почему они разговаривают именно так, или что их уровень зрелости отличается.","[""СД"",""В"","" "",""влияет "",""на "",""отн"",""ошен"",""ия "",""дет"",""й "",""со "",""све"","""",""тн"",""иками, "",""по"",""к"",""ольку "",""друг"",""ие "",""дет"","" "",""не "",""могут "",""пон"",""ять, "",""по"",""ему "",""он"",""и "",""вед"",""т "",""себя "",""имен"",""но "",""так"",""им "",""образом"","", "",""или "",""по"",""ему "",""он"",""и "",""разг"",""ов"",""аривают "",""имен"",""но "",""так"","", "",""или "",""что "",""их "",""уров"",""ен"",""ь "",""зрело"",""ти "",""отличается.""]",60
513,dev,513,С изменением способности получать знания и учиться изменилась и базовая скорость приобретения знаний.,"[""С "",""измен"",""ен"",""ием "",""спо"",""об"",""ности "",""пол"",""чать "",""зн"",""ан"",""ия "",""и учиться "",""измен"",""ила"",""ь "",""и базов"",""ая "",""ск"",""орость "",""при"",""б"",""ретен"",""ия "",""зн"",""ан"",""ий.""]",27
514,dev,514,"Подход к получению информации был иным. Способность запоминать услышанное потеряла свою важность, вместо этого фокус сместился в сторону запоминания текстов.","[""П"",""од"","""",""од "",""к пол"",""чен"",""ию "",""ин"",""форм"",""аци"",""и "",""был "",""ин"",""ым. "",""Спо"",""об"",""ность "",""зап"",""ом"",""ин"",""ать "",""услышан"",""ное "",""по"",""ер"",""ла "",""сво"","" "",""важн"",""ость, "",""вмес"",""то "",""этого "",""фок"",""ус "",""сместился "",""в "",""сто"",""он"",""у "",""зап"",""ом"",""ин"",""ан"",""ия "",""тек"",""стов"","".""]",48
515,dev,515,Фактически Ренессанс внес значительные изменения в подход к обучению и распространение знаний.,"[""Фак"",""тическ"",""и "",""Рен"",""ессан"",""с "",""вн"",""ес "",""зн"",""ачительн"",""ые "",""измен"",""ен"",""ия "",""в "",""под"",""од "",""к "",""обучен"",""ию "",""и расп"",""ро"",""тран"",""ен"",""ие "",""зн"",""ан"",""ий.""]",28
516,dev,516,"В отличие от других приматов, гоминиды не используют более свои руки для передвижения, опоры или перескакивания с ветки на ветку.","[""В"","" "",""отли"",""ие "",""от "",""друг"",""их "",""при"",""атов"","", "",""гом"",""ин"",""ид"","" "",""не "",""использ"",""ют "",""более "",""свои "",""руки "",""для "",""пер"",""дв"",""ижен"",""ия, "",""опо"",""ы "",""или "",""пер"",""ск"",""ак"",""иван"",""ия "",""с "",""ветк"",""и "",""на "",""ветку.""]",38
517,dev,517,"Рука и ступня шимпанзе похожи по размеру и длине, что объясняет использование рук для поддержания веса тела при передвижении на четырёх конечностях.","[""Р"","""",""к"",""а "",""и ступн"",""я "",""шимпан"",""зе "",""по"",""ожи "",""по "",""разм"",""ер"","" "",""и длин"",""е, "",""что "",""объясн"",""яет "",""использов"",""ан"",""ие "",""рук "",""для "",""под"",""ержан"",""ия "",""вес"",""а "",""тел"","" "",""при "",""пер"",""дв"",""ижен"",""ии "",""на "",""четыр"",""х "",""кон"",""ечн"",""остях.""]",42
518,dev,518,"Человеческие руки короче, чем ноги, и имеют более прямые фаланги.","[""Чел"",""в"",""еческ"",""ие "",""руки "",""коро"",""е, "",""чем"","" "",""ноги, "",""и имеют "",""более "",""прям"",""ые "",""фал"",""н"",""ги.""]",17
519,dev,519,Ископаемые кости рук возрастом от двух до трех миллионов лет показывают эту смену специализации руки с передвижения на обращение с предметами.,"[""И"",""к"",""опаем"",""ые "",""кости "",""рук"","" "",""воз"",""астом"","" "",""от "",""двух "",""до "",""тре"","" "",""миллион"",""ов"","" "",""лет "",""пок"",""азывают "",""эту "",""смен"",""у "",""спе"",""иализа"",""и"",""и "",""рук"",""и "",""с "",""пер"",""дв"",""ижен"",""ия "",""на "",""обращен"",""ие "",""с "",""пред"",""метам"",""и.""]",42
520,dev,520,"Некоторые люди считают, что достаточно частое переживание многочисленных осознанных, искусственно вызванных сновидений может быть очень изнурительным.","[""Н"",""ек"",""ото"",""ые "",""люди "",""считают, "",""что "",""до"",""тато"",""н"",""о "",""частое "",""пер"",""живан"",""ие "",""мн"",""ого"",""ислен"",""ных "",""осозн"",""ан"",""ных, "",""иск"",""усств"",""ен"",""но "",""вызв"",""ан"",""ных "",""сн"",""ов"",""иден"",""ий "",""може"","" "",""быть "",""очен"",""ь "",""изн"",""урительн"",""ым.""]",41
521,dev,521,"Основная причина этого феномена заключается в том, что осознанные сновидения увеличивают интервалы между фазами быстрого сна.","[""О"",""нов"",""н"",""ая "",""при"",""ин"",""а "",""этого "",""фен"",""омен"",""а "",""зак"",""лючается "",""в "",""том, "",""что "",""осозн"",""ан"",""ные "",""снов"",""иден"",""ия "",""увеличивают "",""ин"",""тер"",""алы "",""межд"","" "",""фазам"",""и "",""быстрог"",""о "",""сна.""]",33
522,dev,522,"При меньшем количестве фаз быстрого сна за ночь это состояние, в котором вы испытываете настоящий сон и ваше тело восстанавливает запас сил, случается достаточно редко, чтобы стать проблемой.","[""П"",""ри "",""мен"",""ьш"",""ем "",""кол"",""честв"",""е "",""фаз "",""быстрог"",""о "",""сна "",""за "",""ночь "",""это "",""со"",""тоян"",""ие, "",""в "",""кото"",""ом "",""вы испытывает"","" "",""насто"",""щ"",""ий "",""сон"","" "",""и ваш"",""е "",""тел"","" "",""во"",""стан"",""авлив"",""ает "",""зап"",""ас "",""сил, "",""случается "",""до"",""тато"",""н"",""о "",""редк"",""о, "",""чтобы "",""ста"",""ь "",""проб"",""лем"",""ой.""]",52
523,dev,523,"Это было также утомительно, как если бы вам нужно были просыпаться каждые 20-30 минут и смотреть телевизор.","[""Э"",""о "",""было "",""так"",""же "",""утомительн"",""о, "",""как"","" "",""если "",""бы "",""вам "",""нужн"",""о "",""были "",""про"",""ыпаться "",""кажд"",""е "",""20-"",""30 "",""мин"",""ут "",""и смо"",""реть "",""тел"",""в"",""изо"","".""]",29
524,dev,524,"Эффект зависит от того, как часто ваш мозг пытается осознанно видеть сны каждую ночь.","[""Э"",""фек"",""т "",""зав"",""исит "",""от "",""того, "",""как"","" "",""часто "",""ваш"","" "",""мозг"","" "",""пытается "",""осозн"",""ан"",""но "",""вид"",""ть "",""сн"",""ы "",""кажд"",""ю "",""ночь.""]",25
525,dev,525,Дела у итальянцев в Северной Африке почти с самого начала шли не очень хорошо. Спустя неделю с момента объявления Италией войны 10 июня 1940 года 11-й гусарский полк Великобритании овладел Фортом Капуццо в Ливии.,"[""Д"",""ел"","" "",""у "",""итальян"",""цев"","" "",""в "",""Сев"",""ерн"",""ой "",""Африк"",""е "",""по"",""ти "",""с "",""сам"",""ого "",""начала "",""шли "",""не "",""очен"",""ь "",""хорош"",""о. "",""Спустя "",""нед"",""лю "",""с "",""момен"",""та "",""объявлен"",""ия "",""Италией "",""войн"",""ы "",""10 "",""июн"",""я "",""1940 "",""года "",""11-й "",""гусарск"",""ий "",""пол"","" "",""Велик"",""об"",""ритан"",""ии "",""овладел "",""Фортом "",""Капуццо "",""в "",""Ливии.""]",55
526,dev,526,В засаде к востоку от Бардии англичане захватили в плен главного инженера итальянской 10-й армии генерала Ластуччи.,"[""В"","" "",""за"",""аде "",""к во"",""ток"",""у "",""от "",""Бардии "",""ан"",""гли"",""ан"",""е "",""за"",""ватили "",""в "",""плен"","" "",""глав"",""н"",""ого "",""ин"",""жен"",""ера "",""итальян"",""ск"",""ой "",""10-"",""й "",""армии "",""ген"",""ерала "",""Ла"",""тучч"",""и.""]",35
527,dev,527,"28 Июня маршал Итало Балбо, генерал-губернатор Ливии и вероятный наследник Муссолини был убит дружественным огнём во время высадки в Тобруке.","[""28 "",""Июн"",""я "",""мар"",""ал "",""Итало "",""Балбо, "",""ген"",""ерал-"",""губер"","""",""атор "",""Лив"",""ии "",""и вер"","""",""тн"",""ый "",""наследн"",""ик "",""Муссол"",""ин"",""и "",""был "",""убит "",""друже"",""тв"",""ен"",""ным "",""огн"",""ём "",""во "",""врем"",""я "",""высадк"",""и "",""в "",""Тоб"",""руке.""]",39
528,dev,528,В наши дни фехтованием занимаются на многих уровнях – от игр между студентами университетов до профессиональных и олимпийских соревнований.,"[""В"","" "",""наш"",""и "",""дни "",""фех"",""ов"",""ан"",""ием "",""зан"",""имаются "",""на "",""многих "",""уров"",""н"",""ях "",""– "",""от "",""игр "",""межд"","" "",""студен"",""тами "",""ун"",""ивер"",""итетов"","" "",""до "",""про"",""есси"",""он"",""альн"",""ых "",""и олим"",""пийск"",""их "",""со"",""ев"",""н"",""ов"",""ан"",""ий.""]",42
529,dev,529,В этом виде спорта в основном играют в формате дуэли: один фехтовальщик сражается с другим.,"[""В"","" "",""этом "",""вид"","" "",""спо"",""та "",""в "",""основ"",""н"",""ом "",""играют "",""в "",""форм"",""ате "",""дуэли: "",""один"","" "",""фех"",""ов"",""альщ"",""ик "",""сражается "",""с "",""друг"",""им.""]",26
530,dev,530,"Гольф – это игра, в которой игроки с помощью клюшек забивают мячи в лунки.","[""Г"",""ол"","""","" "",""– "",""это "",""игра, "",""в "",""кото"",""ой "",""игрок"",""и "",""с "",""пом"",""ощью "",""клю"",""ек"","" "",""заб"",""ивают "",""мячи "",""в "",""лун"",""ки.""]",24
531,dev,531,В обычной партии играют на восемнадцать лунок: игроки начинают с первой лунки на поле и заканчивают на восемнадцатой.,"[""В"","" "",""обычн"",""ой "",""пар"",""ии "",""играют "",""на "",""во"",""ем"",""надцать "",""лун"",""ок: "",""игрок"",""и "",""начин"",""ают "",""с "",""пер"",""ой "",""лун"",""ки "",""на "",""пол"","" "",""и зак"",""ан"",""чивают "",""на "",""во"",""ем"",""надцатой.""]",32
532,dev,532,"Побеждает тот игрок, который сделает наименьшее количество ударов клюшкой, то есть свингов, на момент завершения курса.","[""П"",""об"",""еждает "",""то"","" "",""игрок"","", "",""кото"",""ый "",""сделает "",""наимен"",""ьш"",""ее "",""кол"",""честв"",""о "",""ударов"","" "",""клюшкой, "",""то "",""есть "",""свин"",""гов"","", "",""на "",""момен"",""т "",""зав"",""ершен"",""ия "",""кур"",""а.""]",32
533,dev,533,"Эта игра ведётся на траве, а трава вокруг ямки косится короче и называется ""грин"".","[""Э"",""а "",""игра "",""вед"",""тся "",""на "",""трав"",""е, "",""а трав"",""а "",""вок"",""руг "",""ямк"",""и "",""косится "",""коро"",""е "",""и называется "",""\""грин"",""\"".""]",20
534,dev,534,"Возможно, самым распространенным видом туризма является рекреационный туризм, который ассоциируется с путешествиями у большинства людей.","[""В"",""озм"",""ожн"",""о, "",""сам"",""ым "",""расп"",""ро"",""тран"",""ен"",""ным "",""вид"",""м"","" "",""тур"",""зма "",""является "",""рек"",""реаци"",""он"",""ный "",""тур"",""зм, "",""кото"",""ый "",""ассо"",""иир"",""ется "",""с "",""путешеств"",""иями "",""у "",""больш"",""ин"",""ств"",""а "",""людей.""]",37
535,dev,535,"Это когда люди посещают место, которое очень отличается от их обычной повседневной жизни, чтобы расслабиться и развлечься.","[""Э"",""о "",""когда "",""люди "",""по"",""ещают "",""место, "",""кото"",""ое "",""очен"",""ь "",""отличается "",""от "",""их "",""обычн"",""ой "",""пов"",""седн"",""ев"",""н"",""ой "",""жизн"",""и, "",""чтоб"",""ы "",""рас"",""лаб"",""иться "",""и разв"",""лечься.""]",30
536,dev,536,"Рекреационные туристы чаще всего посещают такие общественные места, как пляжи, тематические парки и кемпинги.","[""Р"","""",""к"",""реаци"",""он"",""ные "",""тур"",""ст"","" "",""чащ"",""е "",""всего "",""по"",""ещают "",""так"",""ие "",""общ"",""еств"",""ен"",""ные "",""места, "",""как"","" "",""пляжи, "",""тем"",""атическ"",""ие "",""пар"",""и "",""и кем"",""пин"",""ги.""]",32
537,dev,537,"Если целью посещения определённого места является ознакомление с его историей и культурой, то такой вид туризма называется культурным туризмом.","[""Е"",""ли "",""цел"",""ю "",""по"",""ещен"",""ия "",""опред"",""ел"",""н"",""ного "",""места "",""является "",""озн"",""акомлен"",""ие "",""с "",""его "",""исто"",""ией "",""и культу"",""ой, "",""то "",""так"",""ой "",""вид "",""тур"",""зма "",""называется "",""культу"",""н"",""ым "",""тур"",""змом.""]",34
538,dev,538,Туристы могут посетить различные достопримечательности отдельной страны или же сосредоточить своё внимание лишь на одной области.,"[""Т"","""","""","""",""ст"","" "",""мог"",""т "",""по"",""етить "",""разли"",""н"",""ые "",""до"",""топ"",""ри"",""ечател"",""н"",""ости "",""отд"",""л"",""н"",""ой "",""стр"",""н"",""ы "",""или "",""же "",""со"",""редо"",""о"",""ить "",""сво"","" "",""вн"",""иман"",""ие "",""лишь "",""на "",""одн"",""ой "",""обла"",""ти.""]",43
539,dev,539,"Заметив происходящее, колонисты также вызвали подкрепление.","[""З"",""ам"",""етив "",""происход"",""щ"",""ее, "",""кол"",""н"",""ист"","" "",""так"",""же "",""вызв"",""али "",""под"","""",""реп"",""лен"",""ие.""]",19
540,dev,540,"Среди войск, служивших подкреплением для передовых позиций, были 1-й и 3-й Нью-Гэмпширские полки численностью в 200 человек под командованием полковников Джона Старка и Джеймса Рида (оба впоследствии стали генералами).","[""С"",""еди "",""войск"","", "",""служив"","""",""их "",""под"","""",""реп"",""лен"",""ием "",""для "",""пер"",""дов"",""ых "",""поз"",""ций, "",""были "",""1-й "",""и 3-й "",""Нью-"",""Гэмпшир"",""к"",""ие "",""пол"",""и "",""чи"",""лен"",""ностью "",""в "",""200 "",""челов"",""ек "",""под "",""ком"",""ан"",""дов"",""ан"",""ием "",""пол"",""ов"",""н"",""иков"","" "",""Джон"",""а "",""Ста"",""ка "",""и Джейм"",""са "",""Рида "",""(оба "",""впо"",""ледств"",""ии "",""стали "",""ген"",""ералами).""]",59
541,dev,541,Люди Старка заняли позиции вдоль забора с северного конца позиций колонистов.,"[""Л"","""",""д"",""и "",""Ста"",""ка "",""зан"",""яли "",""поз"",""ции "",""вдоль "",""заб"",""ора "",""с "",""сев"",""ерн"",""ого "",""кон"",""ца "",""поз"",""ций "",""кол"",""н"",""истов"","".""]",25
542,dev,542,"Когда отлив обнажил брешь вдоль реки Мистик вдоль северо-восточной части полуострова, они быстро продлили ограждение короткой каменной стеной до северной оконечности у кромки воды на небольшом пляже.","[""К"",""ог"",""да "",""отлив"","" "",""обн"",""ажил "",""брешь "",""вдоль "",""рек"",""и "",""Мистик"","" "",""вдоль "",""сев"",""еро-"",""во"",""то"",""н"",""ой "",""части "",""пол"",""остров"",""а, "",""он"",""и "",""быстро "",""прод"",""лили "",""огражден"",""ие "",""коро"",""кой "",""камен"",""ной "",""стен"",""ой "",""до "",""сев"",""ерн"",""ой "",""ок"",""он"",""ечн"",""ости "",""у "",""кром"",""ки "",""воды "",""на "",""небольш"",""ом "",""пляже.""]",53
543,dev,543,"Гридли или Старк установили кол на расстоянии приблизительно 100 футов (30 м) от забора перед ним и приказали, чтобы никто не стрелял, пока солдаты регулярной армии не пройдут мимо него.","[""Г"",""ри"",""л"",""и "",""или "",""Ста"",""к "",""устан"",""ов"",""или "",""кол "",""на "",""рас"",""то"",""н"",""ии "",""при"",""лизительн"",""о "",""100 "",""футов"","" "",""(30 "",""м) "",""от "",""заб"",""ора "",""пер"",""д "",""ним "",""и при"","""",""азали, "",""чтобы "",""никто "",""не "",""стр"",""лял, "",""пок"",""а "",""сол"",""аты "",""рег"",""лярн"",""ой "",""арм"",""ии "",""не "",""пройдут "",""мим"",""о "",""него.""]",52
544,dev,544,Американский план опирался на проведение скоординированных атак из трёх разных направлений.,"[""Ам"",""ер"",""к"",""ан"",""ск"",""ий "",""план"","" "",""опирался "",""на "",""пров"",""еден"",""ие "",""ск"",""оордин"",""иров"",""ан"",""ных "",""атак"","" "",""из "",""тр"",""х "",""разн"",""ых "",""нап"",""рав"",""лен"",""ий.""]",29
545,dev,545,Генарал Джон Кадвалдер начнет диверсионную атаку против гарнизона англичан в Бордентауне с целью блокировать любое подкрепление.,"[""Г"",""ен"",""арал "",""Джон"","" "",""Кадвалдер "",""начн"",""ет "",""дивер"",""ион"",""ную "",""атак"",""у "",""про"",""ив "",""гарн"",""изон"",""а "",""ан"",""гличан"","" "",""в "",""Борден"",""таун"",""е "",""с "",""целью "",""блок"",""иров"",""ать "",""люб"",""ое "",""под"","""",""реп"",""лен"",""ие.""]",37
546,dev,546,"Генерал Джеймс Эвинг (James Ewing) поведет 700 ополченцев на другой берег реки у Трентон-Ферри, возьмет под свой контроль мост через Ассунпинк-Крик и воспрепятствует отступлению вражеских войск.","[""Г"",""ен"",""ер"",""л "",""Джейм"",""с "",""Эвин"",""г "",""(Jam es  "",""Ewing) "",""пов"",""едет "",""700 "",""ополчен"",""цев"","" "",""на "",""друг"",""ой "",""бер"",""г "",""рек"",""и "",""у "",""Трен"",""тон"",""-"",""Фер"",""и, "",""воз"",""м"",""ет "",""под "",""свой "",""кон"",""трол"",""ь "",""мо"",""т "",""чер"",""з "",""Ассун"",""пин"",""к-"",""Кри"","""","" "",""и во"",""преп"",""ятств"",""ует "",""отступлен"",""ию "",""враже"",""к"",""их "",""войск"","".""]",58
547,dev,547,"Основной штурмовой отряд в 2400 человек должен был переправиться через реку в девяти милях к северу от Трентона, а затем разделиться на две группы: одна, под командованием Грина, а другая, под командованием Салливана. Отряд должен был начать атаку до рассвета.","[""О"",""нов"",""н"",""ой "",""штурмов"",""ой "",""отр"",""д "",""в "",""2400 "",""челов"",""ек "",""должен"","" "",""был "",""пер"",""п"",""рав"",""иться "",""чер"",""з "",""рек"",""у "",""в "",""дев"",""яти "",""милях "",""к "",""сев"",""ер"","" "",""от "",""Трен"",""тон"",""а, "",""а за"",""ем"","" "",""разд"",""литься "",""на "",""две "",""группы: "",""одн"",""а, "",""под "",""ком"",""ан"",""дов"",""ан"",""ием "",""Грин"",""а, "",""а друг"",""ая, "",""под "",""ком"",""ан"",""дов"",""ан"",""ием "",""Саллив"",""ан"",""а. "",""Отр"",""д "",""должен"","" "",""был "",""начать "",""атак"",""у "",""до "",""рас"",""вета.""]",75
548,dev,548,"Если увеличить расстояние для бега с четверти до половины мили, скорость становится не так важна, тогда как выносливость превращается в абсолютную необходимость.","[""Е"",""ли "",""увеличить "",""рас"",""то"",""н"",""ие "",""для "",""бега "",""с "",""четвер"",""и "",""до "",""пол"",""в"",""ины "",""мили, "",""ск"",""орость "",""стан"",""ов"",""ится "",""не "",""так"","" "",""важн"",""а, "",""тогда "",""как"","" "",""вын"",""ослив"",""о"",""ть "",""прев"",""ращается "",""в "",""абсолютн"",""ую "",""необходим"",""о"",""ть.""]",42
549,dev,549,"Разумеется, первоклассный бегун на полмили, способный пробежать менее чем за две минуты, должен обладать изрядной скоростью, но во что бы то ни стало нужно тренировать выносливость.","[""Р"","""",""з"",""мее"",""ся, "",""пер"",""ок"",""лассн"",""ый "",""бег"",""н"","" "",""на "",""пол"",""или, "",""спо"",""об"",""ный "",""проб"",""ежать "",""мен"",""ее "",""чем"","" "",""за "",""две "",""мин"",""уты, "",""должен"","" "",""обладать "",""из"",""ядн"",""ой "",""ск"",""оростью, "",""но "",""во "",""что "",""бы "",""то "",""ни стало "",""нужн"",""о "",""трен"",""иров"",""ать "",""вын"",""ослив"",""о"",""ть.""]",51
550,dev,550,"Некоторое количество бега по пересеченной местности зимой, совмещённое с работой в спорт-зале для верхней части тела – это лучшая подготовка к беговому сезону.","[""Н"",""ек"",""ото"",""ое "",""кол"",""честв"",""о "",""бега "",""по "",""пер"",""сечен"",""ной "",""местн"",""ости "",""зим"",""ой, "",""сов"",""мещён"",""ное "",""с "",""рабо"",""ой "",""в "",""спо"",""т-"",""зале "",""для "",""вер"",""н"",""ей "",""части "",""тел"","" "",""– "",""это "",""лучш"",""ая "",""под"",""отов"",""ка "",""к "",""бегов"",""ому "",""сезон"",""у.""]",45
551,dev,551,"Сама по себе практика правильного питания не приведет к высочайшим результатам, но она способна значительно повлиять на общее состояние здоровья молодых спортсменов.","[""Сам"",""а "",""по "",""себе "",""прак"",""тик"",""а "",""прав"",""ильн"",""ого "",""питан"",""ия "",""не "",""при"",""едет "",""к "",""высо"",""айш"",""им "",""рез"",""льта"",""ам, "",""но "",""он"",""а "",""спо"",""об"",""на "",""зн"",""ачительн"",""о "",""пов"",""лиять "",""на "",""общ"",""ее "",""со"",""тоян"",""ие "",""здо"",""ов"",""ья "",""молод"",""ых "",""спо"",""тсмен"",""ов"","".""]",48
552,dev,552,"Поддержка здорового энергетического баланса, соблюдение эффективных привычек поддержания водного баланса и понимание различных аспектов использования пищевых добавок могут помочь спортсменам улучшить свои показатели и увеличить удовольствие от спорта.","[""П"",""од"","""",""е"",""жк"",""а "",""здо"",""ов"",""ого "",""эн"",""ер"",""етическ"",""ого "",""балан"",""са, "",""соб"",""люден"",""ие "",""эффек"",""тивн"",""ых "",""при"",""ычек"","" "",""под"",""ержан"",""ия "",""водн"",""ого "",""балан"",""са "",""и пон"",""иман"",""ие "",""различн"",""ых "",""аспек"",""тов"","" "",""использов"",""ан"",""ия "",""пищев"",""ых "",""доб"",""авок"","" "",""могут "",""пом"",""очь "",""спо"",""тсмен"",""ам "",""улучш"",""ить "",""свои "",""пок"",""азател"","" "",""и увеличить "",""удов"",""ольств"",""ие "",""от "",""спо"",""та.""]",66
553,dev,553,"Бег на среднюю дистанцию — это относительно недорогой вид спорта, однако существует множество заблуждений насчёт небольшого количества оборудования, необходимого для участия.","[""Б"",""ег "",""на "",""средн"",""юю "",""дис"",""тан"",""цию "",""— "",""это "",""отн"",""осительн"",""о "",""нед"","""",""огой "",""вид "",""спо"",""та, "",""одн"",""ако "",""существ"",""ует "",""мн"",""оже"",""тв"",""о "",""заб"",""лужден"",""ий "",""насчёт "",""небольш"",""ого "",""кол"",""честв"",""а "",""обо"",""удов"",""ан"",""ия, "",""необходим"",""ого "",""для "",""уча"",""тия.""]",45
554,dev,554,"Товары при необходимости можно купить, однако большая их часть окажет минимальное или нулевое влияние на результаты.","[""Т"",""ов"",""ар"","" "",""при "",""необходим"",""о"",""ти "",""можн"",""о "",""купить, "",""одн"",""ако "",""больш"",""ая "",""их "",""часть "",""ок"",""ажет "",""мин"",""имальн"",""ое "",""или "",""нулев"",""ое "",""влиян"",""ие "",""на "",""рез"",""льта"",""ы.""]",31
555,dev,555,"Спортсменам может казаться, что им нравится тот или иной продукт, даже если он не приносит никакой реальной пользы.","[""Сп"",""о"",""тсмен"",""ам "",""може"","" "",""каза"",""ься, "",""что "",""им "",""нрав"",""ится "",""то"","" "",""или "",""ин"",""ой "",""прод"",""укт, "",""даже "",""если "",""он"","" "",""не "",""при"","""",""осит "",""никак"",""ой "",""реальн"",""ой "",""пол"",""зы.""]",33
556,dev,556,"Атом можно рассматривать, как одну из важнейших структурных единиц всех веществ.","[""А"",""ом"","" "",""можн"",""о "",""рас"",""матривать, "",""как"","" "",""одн"",""у "",""из "",""важн"",""ейш"",""их "",""стр"",""ктурн"",""ых "",""един"",""иц "",""всех "",""веществ"","".""]",23
557,dev,557,"Это очень сложная частица, которая, согласно упрощенной боровской модели, состоит из центрального ядра и электронов, вращающихся по его орбите, что отчасти напоминает планеты, вращающиеся вокруг Солнца —  см. рисунок 1.1.","[""Э"",""о "",""очен"",""ь "",""сложн"",""ая "",""частица, "",""кото"",""ая, "",""сог"",""ла"",""н"",""о "",""упро"",""ен"",""ной "",""бо"",""ов"",""ск"",""ой "",""модели, "",""со"",""тоит "",""из "",""цен"",""тральн"",""ого "",""ядра "",""и элек"",""трон"",""ов"","", "",""вращающ"",""ихся "",""по "",""его "",""орбите, "",""что "",""отчасти "",""нап"",""ом"",""ин"",""ает "",""план"",""еты, "",""вращающ"",""иеся "",""вок"",""руг "",""Сол"","""",""ца "",""— "","" см. "",""рисун"",""ок "",""1.1.""]",57
558,dev,558,Ядро состоит из двух частиц — нейтронов и протонов.,"[""Яд"","""",""о "",""со"",""тоит "",""из "",""двух "",""части"","" "",""— "",""ней"",""рон"",""ов"","" "",""и про"",""он"",""ов"","".""]",18
559,dev,559,"Протоны имеют положительный электрический заряд, в то время как нейтроны заряда не имеют. У электронов электрический заряд отрицательный.","[""П"",""ро"",""он"",""ы "",""имеют "",""пол"",""жительн"",""ый "",""элек"",""трическ"",""ий "",""за"",""яд, "",""в "",""то "",""врем"",""я "",""как"","" "",""ней"",""рон"",""ы "",""за"",""яда "",""не "",""имеют. "",""У "",""элек"",""трон"",""ов"","" "",""элек"",""трическ"",""ий "",""за"",""яд "",""отр"",""цательн"",""ый.""]",39
560,dev,560,"Перед осмотром пострадавшего вы сперва должны обследовать место происшествия, чтобы убедиться в безопасности для себя.","[""П"",""ер"",""д "",""осмо"",""ром"","" "",""по"",""традавш"",""его "",""вы спе"","""",""а "",""должн"",""ы "",""обследов"",""ать "",""место "",""происш"",""еств"",""ия, "",""чтоб"",""ы "",""убедиться "",""в "",""без"",""п"",""асн"",""ости "",""для "",""себя.""]",30
561,dev,561,"Вы должны обращать внимание на положение пострадавшего, когда приближаетесь к нему, а также учитывать любые настораживающие моменты на месте трагедии.","[""В"",""ы должн"",""ы "",""обра"",""ать "",""вн"",""иман"",""ие "",""на "",""пол"",""жен"",""ие "",""по"",""традавш"",""его, "",""когда "",""при"",""лижает"",""с"",""ь "",""к "",""нем"",""у, "",""а так"",""же "",""учитывать "",""люб"",""ые "",""насто"",""аживающ"",""ие "",""момен"",""ты "",""на "",""месте "",""траг"",""едии.""]",37
562,dev,562,"Если вы пострадаете, пытаясь помочь, вы только усугубите ситуацию.","[""Е"",""ли "",""вы по"",""традаете, "",""пытаясь "",""пом"",""очь, "",""вы тольк"",""о "",""усуг"",""уб"",""ите "",""ситуаци"",""ю.""]",14
563,dev,563,"Исследование показало, что депрессия, страх и катастрофические настроения  способствовали переходу от боли к инвалидности у страдающих от болей в нижней части спины.","[""И"","""",""ледов"",""ан"",""ие "",""пок"",""азало, "",""что "",""деп"",""ресси"",""я, "",""стр"",""х "",""и ката"",""тро"",""ическ"",""ие "",""нас"",""роен"",""ия "","" "",""спо"",""об"",""ств"",""ов"",""али "",""пер"",""ход"","" "",""от "",""боли "",""к "",""ин"",""валидн"",""ости "",""у "",""стр"",""дающ"",""их "",""от "",""болей "",""в "",""нижн"",""ей "",""части "",""спин"",""ы.""]",47
564,dev,564,"Только эффект катастрофических настроений, а не депрессия или страх, были условием регулярных еженедельно структурированных сессий физической активности.","[""Т"",""ол"",""ьк"",""о "",""эффек"",""т "",""ката"",""тро"",""ическ"",""их "",""нас"",""роен"",""ий, "",""а не "",""деп"",""ресси"",""я "",""или "",""стр"",""х, "",""были "",""услов"",""ием"","" "",""рег"",""ля"",""н"",""ых "",""ежен"",""едельн"",""о "",""стр"",""ктуриров"",""ан"",""ных "",""сессий "",""физическ"",""ой "",""ак"",""тивн"",""ости.""]",41
565,dev,565,"Тем, кто тренируется постоянно, требуется больше поддержки по причине негативного отношения к боли и для того, чтобы отличить хронические боли от чувства дискомфорта после обычных физических нагрузок.","[""Т"",""ем"","", "",""кто "",""трен"",""ир"",""ется "",""по"",""то"",""н"",""но, "",""треб"",""уется "",""больш"",""е "",""под"",""ержк"",""и "",""по "",""при"",""ин"",""е "",""нега"",""ивн"",""ого "",""отн"",""ошен"",""ия "",""к "",""боли "",""и для "",""того, "",""чтобы "",""отличить "",""хрон"",""ическ"",""ие "",""боли "",""от "",""чувств"",""а "",""дис"",""к"",""омфорта "",""по"",""ле "",""обычн"",""ых "",""физическ"",""их "",""наг"","""",""узок"","".""]",54
566,dev,566,"Зрение, или способность видеть, зависит от органов чувств зрительной системы, а именно глаз.","[""З"","""",""ен"",""ие, "",""или "",""спо"",""об"",""ность "",""вид"",""ть, "",""зав"",""исит "",""от "",""орган"",""ов"","" "",""чувств"","" "",""зрительн"",""ой "",""систем"",""ы, "",""а имен"",""но "",""глаз.""]",25
567,dev,567,"Существует множество различных строений глаз, сложность которых варьируется в зависимости от потребностей организма.","[""С"","""",""еств"",""ует "",""мн"",""оже"",""тв"",""о "",""разли"",""н"",""ых "",""стр"",""ен"",""ий "",""глаз, "",""сложн"",""ость "",""кото"",""ых "",""вар"",""ир"",""ется "",""в "",""зав"",""исим"",""о"",""ти "",""от "",""по"",""реб"",""н"",""остей "",""орган"",""изма.""]",34
568,dev,568,"Разные конструкции предоставляют различные возможности, являются чувствительными к разным длинам волн и имеют разную степень остроты. Кроме того, они требуют разной обработки для того, чтобы понимать вводимые данные и разные числа для оптимального функционирования.","[""Р"","""",""зн"",""ые "",""кон"",""струкции "",""пред"",""о"",""тавля"",""т "",""разли"",""н"",""ые "",""возм"",""ожн"",""ости, "",""явля"",""тся "",""чувств"",""ител"",""н"",""ыми "",""к "",""разн"",""ым "",""длин"",""ам "",""волн"","" "",""и имеют "",""разн"",""ую "",""степ"",""ен"",""ь "",""остро"",""ы. "",""Кром"",""е "",""того, "",""он"",""и "",""треб"",""уют "",""разн"",""ой "",""обрабо"",""ки "",""для "",""того, "",""чтобы "",""пон"",""имать "",""вводим"",""ые "",""дан"",""ные "",""и разн"",""ые "",""числа "",""для "",""оптим"",""альн"",""ого "",""фун"",""кцион"",""иров"",""ан"",""ия.""]",69
569,dev,569,Популяция – это совокупность организмов конкретного вида в пределах определённой географической области.,"[""П"",""оп"",""ул"","""",""ия "",""– "",""это "",""сов"",""ок"",""упн"",""ость "",""орган"",""измов "",""кон"",""кретн"",""ого "",""вид"","" "",""в "",""пред"",""елах "",""опред"",""елён"",""ной "",""географическ"",""ой "",""обла"",""ти.""]",28
570,dev,570,"Когда все представители популяции имеют идентичный фенотипический признак, они называются мономорфными.","[""К"",""ог"",""да "",""все "",""пред"",""став"",""ител"","" "",""поп"",""уляции "",""имеют "",""ид"",""н"",""тичн"",""ый "",""фен"",""отип"",""ическ"",""ий "",""при"",""н"",""ак, "",""он"",""и "",""называются "",""мон"",""омо"",""фн"",""ыми.""]",29
571,dev,571,"Если у особей проявляется несколько вариантов определенного признака, они являются полиморфными.","[""Е"",""ли "",""у "",""особ"",""ей "",""про"",""вляется "",""неск"",""олько "",""вар"",""ан"",""тов"","" "",""опред"",""елен"",""ного "",""при"",""н"",""ака, "",""он"",""и "",""являются "",""пол"",""м"",""о"",""фн"",""ыми.""]",27
572,dev,572,Колонии кочевых муравьёв мигрируют и строят гнёзда в разные фазы.,"[""К"",""ол"",""н"",""ии "",""кочев"",""ых "",""мурав"",""ьёв "",""миг"",""ир"",""ют "",""и стр"","""",""т "",""гн"",""ёзда "",""в "",""разн"",""ые "",""фазы.""]",20
573,dev,573,"Во время кочевой фазы муравьи-кочевники передвигаются ночью, а днём останавливаются, чтобы отдохнуть.","[""В"",""о врем"",""я "",""кочев"",""ой "",""фазы "",""мурав"",""ьи-"",""кочев"",""н"",""ики "",""пер"",""дв"",""игаются "",""ночью, "",""а днём "",""остан"",""ав"",""лив"",""аются, "",""чтоб"",""ы "",""отдо"",""н"",""уть.""]",25
574,dev,574,"Колония начинает кочевую фазу при уменьшении количества доступной пищи. Во время этой фазы колония строит временные гнёзда, сменяемые каждый день.","[""К"",""ол"",""н"",""ия "",""начин"",""ает "",""кочев"",""ую "",""фаз"","" "",""при "",""умен"",""ьш"",""ен"",""ии "",""кол"",""честв"",""а "",""до"",""тупн"",""ой "",""пищи. "",""Во "",""врем"",""я "",""этой "",""фазы "",""кол"",""н"",""ия "",""стр"",""ит "",""врем"",""ен"",""ные "",""гн"",""ёзда, "",""смен"",""яем"",""ые "",""кажд"",""й "",""ден"",""ь.""]",44
575,dev,575,Каждый из этих кочевых набегов или походов длится примерно 17 дней.,"[""К"",""аж"",""д"","""",""й "",""из "",""эти"","" "",""кочев"",""ых "",""наб"",""егов"","" "",""или "",""по"",""одов"","" "",""длится "",""при"",""ерн"",""о "",""17 "",""дней.""]",23
576,dev,576,"Что такое клетка? Слово ""клетка"" происходит от латинского cella, что означает ""маленькая комната"". Оно было впервые введено в обращение учёным, который изучал структуру пробки под микроскопом.","[""Ч"",""о "",""так"",""ое "",""клетка? "",""Слов"",""о "",""\""клетка\"" "",""происходи"","" "",""от "",""ла"",""ин"",""ского "",""cella, "",""что "",""озн"",""ачает "",""\""мал"",""н"",""ькая "",""ком"",""н"",""ата\"". "",""Он"",""о "",""было "",""впер"",""ые "",""введен"",""о "",""в "",""обращен"",""ие "",""учён"",""ым, "",""кото"",""ый "",""из"",""чал "",""стр"",""ктур"","" "",""проб"",""к"",""и "",""под "",""мик"",""ро"",""к"",""опом"","".""]",52
577,dev,577,"Клетка — это базовый элемент всех живых существ, все организмы состоят из одной или нескольких клеток.","[""К"",""ле"",""ка "",""— "",""это "",""базов"",""ый "",""элем"",""ен"",""т "",""всех "",""жив"",""х "",""существ"","", "",""все "",""орган"",""измы "",""со"",""тоят "",""из "",""одн"",""ой "",""или "",""неск"",""ольких "",""клеток"","".""]",28
578,dev,578,"Клетки настолько существенны и важны для изучения жизни, что фактически их обычно называют ""строительными кирпичиками жизни"".","[""К"",""ле"",""ки "",""нас"",""ол"",""ько "",""существ"",""ен"",""ны "",""и важн"",""ы "",""для "",""из"",""чен"",""ия "",""жизн"",""и, "",""что "",""фак"",""тическ"",""и "",""их "",""обычн"",""о "",""называют "",""\""стр"",""ительн"",""ыми "",""кирпичиками "",""жизн"",""и\"".""]",31
579,dev,579,"Нервная система поддерживает гомеостаз, посылая нервные импульсы через все тело, чтобы поддерживать кровоток и не нарушать его.","[""Н"",""ер"",""н"",""ая "",""систем"",""а "",""под"",""ерживает "",""гом"",""ео"",""таз, "",""по"",""ылая "",""нер"",""н"",""ые "",""импульсы "",""чер"",""з "",""все "",""тел"","", "",""чтоб"",""ы "",""под"",""ерживать "",""кров"",""о"",""ок"","" "",""и не "",""нар"",""шать "",""его.""]",34
580,dev,580,"Эти нервные импульсы могут быть посланы очень быстро по всему телу, что помогает сохранять тело в безопасности от потенциальных угроз.","[""Э"",""и "",""нер"",""н"",""ые "",""импульсы "",""могут "",""быть "",""по"",""лан"",""ы "",""очен"",""ь "",""быстро "",""по "",""всем"",""у "",""телу, "",""что "",""пом"",""огает "",""со"",""ран"",""ять "",""тел"","" "",""в "",""без"",""п"",""асн"",""ости "",""от "",""по"",""ен"",""циальн"",""ых "",""угроз.""]",37
581,dev,581,"По сравнению с другими сильными штормами, торнадо поражают небольшую площадь, но они могут уничтожить всё на своем пути.","[""П"",""о "",""срав"",""н"",""ен"",""ию "",""с "",""друг"",""ими "",""сильн"",""ыми "",""што"",""мами, "",""то"",""н"",""адо "",""по"",""ажают "",""небольш"",""ую "",""пло"",""адь, "",""но "",""он"",""и "",""могут "",""ун"",""ичтожить "",""всё "",""на "",""своем"","" "",""пути.""]",33
582,dev,582,"Торнадо вырывают с корнями деревья, срывают со зданий отделку и поднимают в небо автомобили. Самые сильные смерчи, на которые приходится около 2 процентов всех торнадо, длятся более трех часов.","[""Т"",""о"",""н"",""адо "",""выр"",""вают "",""с "",""корн"",""ями "",""дер"",""в"",""ья, "",""срывают "",""со "",""здан"",""ий "",""отделку "",""и под"","""",""имают "",""в "",""небо "",""авто"",""обили. "",""Сам"",""ые "",""сильн"",""ые "",""смерчи, "",""на "",""кото"",""ые "",""при"",""оди"",""ся "",""ок"",""оло "",""2 про"",""ен"",""тов"","" "",""всех "",""то"",""н"",""адо, "",""длятся "",""более "",""тре"","" "",""часов"","".""]",51
583,dev,583,Во время этих чудовищных штормов бушуют ветра со скоростью до 480 км/ч (133 м/с; 300 миль в час).,"[""В"",""о врем"",""я "",""эти"","" "",""чудов"",""ищн"",""ых "",""што"",""мов"","" "",""бушуют "",""вет"",""а "",""со "",""ск"",""оростью "",""до "",""480 "",""км/"",""ч "",""(133 "",""м/с; "",""300 "",""миль "",""в "",""час).""]",27
584,dev,584,Люди делают и используют линзы для увеличения на протяжении многих тысячелетий.,"[""Л"","""",""д"",""и "",""дел"",""ют "",""и испол"",""з"",""ют "",""лин"",""зы "",""для "",""увеличен"",""ия "",""на "",""про"",""яжен"",""ии "",""мн"",""огих "",""тысячеле"",""ий.""]",22
585,dev,585,Однако первые настоящие телескопы произвели в Европе в конце XVI века.,"[""Од"",""н"",""ако "",""пер"",""ые "",""насто"",""щ"",""ие "",""тел"","""",""к"",""опы "",""произв"",""ели "",""в "",""Европ"",""е "",""в "",""кон"",""це "",""XVI "",""век"",""а.""]",23
586,dev,586,"В этих телескопах использовалась двухлинзовая система, чтобы делать удалённые объекты ближе и больше.","[""В"","" "",""эти"","" "",""тел"","""",""к"",""опах "",""испол"",""зов"",""ала"",""ь "",""двухлин"",""зов"",""ая "",""систем"",""а, "",""чтоб"",""ы "",""дел"",""ть "",""удалён"",""ные "",""объек"",""ты "",""ближе "",""и больш"",""е.""]",28
587,dev,587,"Жадность и эгоизм всегда будут нашими спутниками, и природа кооперации состоит в том, что, когда большинству выгодно, в краткосрочной перспективе всегда можно будет получить больше, если действовать только в своих интересах.","[""Ж"",""ад"","""","""",""ость "",""и эгоизм "",""всегда "",""буд"",""т "",""наш"",""ими "",""спутн"",""иками, "",""и при"",""ода "",""кооп"",""ер"",""ци"",""и "",""со"",""тоит "",""в "",""том, "",""что, "",""когда "",""больш"",""ин"",""ств"",""у "",""выг"",""одн"",""о, "",""в "",""кра"",""косро"",""н"",""ой "",""пер"",""пек"",""тиве "",""всегда "",""можн"",""о "",""будет "",""пол"",""чить "",""больш"",""е, "",""если "",""действ"",""ов"",""ать "",""тольк"",""о "",""в "",""своих "",""ин"",""тер"",""сах.""]",59
588,dev,588,"Будем надеяться, что большинство людей поймут, что в долгосрочной перспективе их лучший вариант — работать вместе с другими.","[""Б"",""удем"","" "",""над"",""яться, "",""что "",""больш"",""ин"",""ств"",""о "",""людей "",""пойм"",""ут, "",""что "",""в "",""долг"",""о"",""ро"",""н"",""ой "",""пер"",""пек"",""тиве "",""их "",""лучш"",""ий "",""вар"",""ан"",""т "",""— "",""рабо"",""ать "",""вместе "",""с "",""друг"",""ими.""]",36
589,dev,589,"Многие мечтают о дне, когда люди смогут путешествовать к другим звездам и исследовать другие миры. Некоторые задаются вопросом: что там? Некоторые верят, что на других планетах могут быть инопланетяне или другая жизнь.","[""М"",""н"",""огие "",""мечтают "",""о "",""дне, "",""когда "",""люди "",""смогут "",""путешеств"",""ов"",""ать "",""к "",""друг"",""им "",""звезд"",""м "",""и исследов"",""ать "",""друг"",""ие "",""мир"","". "",""Нек"",""ото"",""ые "",""зад"",""ются "",""вопро"",""ом"","": "",""что "",""там? "",""Нек"",""ото"",""ые "",""вер"",""т, "",""что "",""на "",""друг"",""их "",""план"",""етах "",""могут "",""быть "",""ин"",""оп"",""лан"",""етян"",""е "",""или "",""друг"",""ая "",""жизн"",""ь.""]",56
590,dev,590,"Но если это когда-нибудь и произойдет, скорее всего это будет очень нескоро. Звезды рассеяны так редко, что между звездами-соседями триллионы миль.","[""Н"",""о "",""если "",""это "",""когда-"",""нибуд"","" "",""и произойдет, "",""ск"",""орее "",""всего "",""это "",""будет "",""очен"",""ь "",""неск"",""оро. "",""Звез"",""д"","" "",""рас"",""еян"",""ы "",""так"","" "",""редк"",""о, "",""что "",""межд"","" "",""звездами-"",""со"",""едями "",""три"",""лион"",""ы "",""миль.""]",37
591,dev,591,Возможно когда-нибудь ваши правнуки будут стоять на вершине инопланетного мира и задумаются о своих древних предках?,"[""В"",""озм"",""ожн"",""о "",""когда-"",""нибуд"","" "",""ваш"",""и "",""прав"",""н"",""уки "",""буд"",""т "",""сто"",""ть "",""на "",""вер"",""ин"",""е "",""ин"",""оплан"",""етн"",""ого "",""мира "",""и зад"",""маются "",""о "",""своих "",""древ"",""н"",""их "",""пред"",""к"",""ах?""]",35
592,dev,592,Животные состоят из большого количества клеток. Они едят пищу и переваривают её внутри. Большинство животных могут двигаться.,"[""Ж"",""ив"",""о"",""н"",""ые "",""со"",""тоят "",""из "",""больш"",""ого "",""кол"",""честв"",""а "",""клеток"","". "",""Он"",""и "",""едят "",""пищу "",""и пер"",""в"",""аривают "",""её "",""вн"",""утри. "",""Больш"",""ин"",""ств"",""о "",""живо"",""н"",""ых "",""могут "",""двиг"",""аться.""]",35
593,dev,593,"Только у животных есть мозги (хотя даже и не у всех животных; у медузы, например, мозгов нет).","[""Т"",""ол"",""ьк"",""о "",""у "",""живо"",""н"",""ых "",""есть "",""мозг"",""и "",""(хо"",""я "",""даже "",""и не "",""у "",""всех "",""живо"",""н"",""ых; "",""у "",""медузы, "",""нап"",""ример, "",""мозг"",""ов"","" "",""нет).""]",28
594,dev,594,"Во всех уголках Земле есть животные. Они летают по небу, плавают в океане и роют землю.","[""В"",""о все"","" "",""уголках "",""Зем"",""ле "",""есть "",""живо"",""н"",""ые. "",""Он"",""и "",""летают "",""по "",""небу, "",""плавают "",""в "",""ок"",""еан"",""е "",""и роют "",""зем"",""лю.""]",23
595,dev,595,Клетка является самой маленькой структурной и функциональной единицей живого организма (существ).,"[""К"",""ле"",""ка "",""является "",""сам"",""ой "",""мал"",""н"",""ькой "",""стр"",""ктурн"",""ой "",""и фун"",""кцион"",""альн"",""ой "",""един"",""ицей "",""живого "",""орган"",""изма "",""(существ"","").""]",23
596,dev,596,"Слово ""клетка"" происходит от латинского слова cella, что значит маленькая комната.","[""Слов"",""о "",""\""клетка\"" "",""происходи"","" "",""от "",""ла"",""ин"",""ского "",""слов"",""а "",""cella, "",""что "",""зн"",""ачит "",""мал"",""н"",""ькая "",""ком"",""н"",""ата.""]",21
597,dev,597,"Если вы посмотрите на живых существ под микроскопом, вы увидите, что они состоят из квадратиков или шариков.","[""Е"",""ли "",""вы по"",""мотрите "",""на "",""жив"",""х "",""существ"","" "",""под "",""мик"",""ро"",""к"",""опом"","", "",""вы увидите, "",""что "",""он"",""и "",""со"",""тоят "",""из "",""квад"",""атик"",""ов"","" "",""или "",""шарик"",""ов"","".""]",30
598,dev,598,"Роберт Гук, английский биолог, увидел маленькие квадратики пробки через микроскоп.","[""Р"","""",""б"",""ер"","" "",""Гук, "",""ан"",""глийск"",""ий "",""биолог"","", "",""увидел "",""мал"",""н"",""ькие "",""квад"",""атик"",""и "",""проб"",""к"",""и "",""чер"",""з "",""мик"",""ро"",""к"",""оп.""]",27
599,dev,599,"Они выглядели как отсеки. Он был первым, кто изучал мёртвые клетки.","[""Он"",""и "",""выг"",""лядели "",""как"","" "",""отсек"",""и. "",""Он"","" "",""был "",""пер"",""ым, "",""кто "",""из"",""чал "",""мёртвые "",""клетки.""]",18
600,dev,600,Химические элементы и их соединения могут переходить из одного состояния в другое без изменений.,"[""Х"",""им"",""и"",""еск"",""ие "",""элем"",""ен"",""ты "",""и их "",""соедин"",""ен"",""ия "",""могут "",""пер"",""ходи"",""ь "",""из "",""одн"",""ого "",""со"",""тоян"",""ия "",""в "",""друг"",""ое "",""без "",""измен"",""ен"",""ий.""]",29
601,dev,601,"Азот в форме газа имеет те же свойства, что и жидкий азот. В жидкой фазе он более густой, но молекулы те же самые.","[""Аз"",""о"","" "",""в "",""форм"",""е "",""газа "",""имеет "",""те "",""же "",""свойств"",""а, "",""что "",""и жидк"",""ий "",""азо"","". "",""В "",""жидк"",""ой "",""фазе "",""он"","" "",""более "",""густой, "",""но "",""молек"",""улы "",""те "",""же "",""сам"",""ые.""]",32
602,dev,602,Вода — ещё один пример. Соединение воды состоит из двух атомов водорода и одного атома кислорода.,"[""В"",""ода "",""— "",""ещё "",""один"","" "",""при"",""ер. "",""Соедин"",""ен"",""ие "",""воды "",""со"",""тоит "",""из "",""двух "",""атом"",""ов"","" "",""водо"",""ода "",""и одн"",""ого "",""атом"",""а "",""кисло"",""ода.""]",27
603,dev,603,"У нее одна и та же молекулярная структура вне зависимости от того, газ это, жидкость или твердое вещество.","[""У "",""нее "",""одн"",""а "",""и та "",""же "",""молек"",""уля"",""н"",""ая "",""стр"",""ктура "",""вн"",""е "",""зав"",""исим"",""о"",""ти "",""от "",""того, "",""газ "",""это, "",""жидк"",""ость "",""или "",""твер"",""ое "",""веществ"",""о.""]",29
604,dev,604,"Ее физическое состояние может меняться, но химическое состояние остается прежним.","[""Ее "",""физическ"",""ое "",""со"",""тоян"",""ие "",""може"","" "",""мен"",""яться, "",""но "",""хим"",""ическ"",""ое "",""со"",""тоян"",""ие "",""остается "",""преж"","""",""им.""]",21
605,dev,605,"Время — это нечто, что окружает нас повсюду и влияет на все, что мы делаем, однако оно сложно для понимания.","[""В"",""рем"",""я "",""— "",""это "",""неч"",""о, "",""что "",""ок"",""ружает "",""нас "",""пов"",""сюду "",""и влияет "",""на "",""все, "",""что "",""мы дел"",""ем"","", "",""одн"",""ако "",""он"",""о "",""сложн"",""о "",""для "",""пон"",""иман"",""ия.""]",30
606,dev,606,"Религиозные, философские и научные исследователи изучают время на протяжении тысячелетий.","[""Р"","""",""л"",""г"",""иоз"",""н"",""ые, "",""фило"",""о"",""ск"",""ие "",""и научн"",""ые "",""исследов"",""ател"","" "",""из"",""чают "",""врем"",""я "",""на "",""про"",""яжен"",""ии "",""тысячеле"",""ий.""]",26
607,dev,607,"Нам время кажется рядом событий, следующих от будущего через настоящее к прошлому.","[""Н"",""ам "",""врем"",""я "",""кажется "",""рядом "",""соб"",""ытий, "",""след"",""ющ"",""их "",""от "",""буд"",""щ"",""его "",""чер"",""з "",""насто"",""щ"",""ее "",""к "",""про"",""лому.""]",23
608,dev,608,"Время — это также то, как мы сравниваем продолжительность (длительность) событий.","[""В"",""рем"",""я "",""— "",""это "",""так"",""же "",""то, "",""как"","" "",""мы срав"",""н"",""иваем"","" "",""прод"",""олжительн"",""ость "",""(длительн"",""ость) "",""соб"",""ытий.""]",21
609,dev,609,"Вы можете сами отметить ход времени, наблюдая за повторением циклического события. Циклическое событие – это событие, которое систематически повторяется снова и снова.","[""В"",""ы може"",""е "",""сам"",""и "",""отм"",""етить "",""ход "",""врем"",""ен"",""и, "",""наб"",""людая "",""за "",""пов"",""торен"",""ием "",""цик"",""лическ"",""ого "",""соб"",""ытия. "",""Цик"",""лическ"",""ое "",""соб"",""ытие "",""– "",""это "",""соб"",""ытие, "",""кото"",""ое "",""систем"",""атическ"",""и "",""пов"",""торяется "",""сн"",""ов"",""а "",""и снов"",""а.""]",43
610,dev,610,"Сегодня компьютеры используются, чтобы обрабатывать фотографии и видеоматериалы.","[""Сегодн"",""я "",""ком"",""пьютер"","" "",""испол"",""з"",""ются, "",""чтоб"",""ы "",""обраб"",""атывать "",""фото"","""",""ра"",""ии "",""и вид"",""ом"",""атер"",""алы.""]",20
611,dev,611,"На компьютере можно создавать сложные анимации, которые все чаще используются на телевидении и в фильмах.","[""Н"",""а "",""ком"",""пью"",""ер"","" "",""можн"",""о "",""создавать "",""сложн"",""ые "",""ан"",""имаци"",""и, "",""кото"",""ые "",""все "",""чащ"",""е "",""использ"",""ются "",""на "",""тел"",""в"",""иден"",""ии "",""и в "",""фильма"","".""]",29
612,dev,612,"Музыка часто записывается с помощью современных компьютеров, обрабатывающих и смешивающих звуки.","[""М"",""уз"",""к"",""а "",""часто "",""зап"",""исывается "",""с "",""пом"",""ощью "",""сов"",""рем"",""ен"",""ных "",""ком"",""пьютер"",""в"","", "",""обрабатывающ"",""их "",""и смешивающ"",""их "",""звук"",""и.""]",24
613,dev,613,"На протяжении девятнадцатого и двадцатого веков долгое время считалось, что первыми обитателями Новой Зеландии были представители народа маори, которые охотились на гигантских птиц моа.","[""Н"",""а "",""про"",""яжен"",""ии "",""дев"",""ятн"",""адцатог"",""о "",""и двад"",""атог"",""о "",""век"",""ов"","" "",""долг"",""ое "",""врем"",""я "",""считало"",""ь, "",""что "",""пер"",""ыми "",""оби"",""ател"",""м"",""и "",""Нов"",""ой "",""Зелан"",""дии "",""были "",""пред"",""став"",""ител"","" "",""нар"",""да "",""мао"",""и, "",""кото"",""ые "",""охо"",""ились "",""на "",""гиган"",""тск"",""их "",""пти"","" "",""моа.""]",52
614,dev,614,"Затем теория утвердила идею, что маори переселились из Полинезии на ""Великом флоте"" и отвоевали Новую Зеландию у мориори, основав аграрное общество.","[""З"",""а"",""ем"","" "",""тео"",""ия "",""утвердила "",""ид"",""ю, "",""что "",""мао"",""и "",""пер"",""селили"",""ь "",""из "",""Пол"",""н"",""езии "",""на "",""\""Велик"",""ом "",""фло"",""е\"" "",""и отвоев"",""али "",""Нов"",""ую "",""Зелан"",""дию "",""у "",""мо"",""ио"",""и, "",""основ"",""ав "",""аг"",""а"",""н"",""ое "",""общ"",""еств"",""о.""]",43
615,dev,615,"Однако новые данные свидетельствуют о том, что мориори были группой материковых маори, мигрировавших из Новой Зеландии на архипелаг Чатем, развивая свою собственную самобытную мирную культуру.","[""Од"",""н"",""ако "",""нов"",""ые "",""дан"",""ные "",""свидетельств"",""уют "",""о "",""том, "",""что "",""мо"",""ио"",""и "",""были "",""гр"",""ппой "",""матер"",""ков"",""ых "",""мао"",""и, "",""миг"",""иров"",""авш"",""их "",""из "",""Нов"",""ой "",""Зелан"",""дии "",""на "",""ар"",""ип"",""елаг"","" "",""Ча"",""ем"","", "",""разв"",""ивая "",""сво"","" "",""соб"",""ств"",""ен"",""ную "",""сам"",""обытн"",""ую "",""мирн"",""ую "",""культу"","""","".""]",56
616,dev,616,"На архипелаге Чатем было ещё одно племя – маори, мигрировавшее из Новой Зеландии.","[""Н"",""а "",""ар"",""ип"",""елаг"",""е "",""Ча"",""ем"","" "",""было "",""ещё "",""одн"",""о "",""плем"",""я "",""– "",""мао"",""и, "",""миг"",""иров"",""авшее "",""из "",""Нов"",""ой "",""Зелан"",""дии.""]",26
617,dev,617,"Они называли себя мориори. Произошло несколько схваток, и в конце концов, мориори были стёрты с лица земли.","[""Он"",""и "",""называли "",""себя "",""мо"",""ио"",""и. "",""Произо"",""ло "",""неск"",""олько "",""схваток"","", "",""и в "",""кон"",""це "",""кон"",""цов"","", "",""мо"",""ио"",""и "",""были "",""стё"",""ты "",""с "",""лица "",""зем"",""ли.""]",29
618,dev,618,"Люди, вовлеченные в течение нескольких десятилетий, помогли нам оценить наши сильные стороны и стремления, в то же время честно оценивая сложности и даже неудачи.","[""Л"","""",""д"",""и, "",""вов"",""лечен"",""ные "",""в "",""течен"",""ие "",""неск"",""ольких "",""дес"",""ятиле"",""ий, "",""пом"",""огли "",""нам "",""оцен"",""ить "",""наш"",""и "",""сильн"",""ые "",""сто"",""он"",""ы "",""и стр"",""м"",""лен"",""ия, "",""в "",""то "",""же "",""врем"",""я "",""честн"",""о "",""оцен"",""ивая "",""сложн"",""ости "",""и даже "",""неудачи.""]",44
619,dev,619,"Слушая, как люди делятся своими личными, семейными и организационными историями, мы получили ценное представление о прошлом и о некоторых личностях, которые оказали положительное и негативное влияние на культуру организации.","[""Сл"","""",""а"","", "",""как"","" "",""люди "",""делятся "",""своими "",""ли"",""н"",""ыми, "",""сем"",""ейн"",""ыми "",""и орган"",""иза"",""и"",""он"",""ными "",""исто"",""иями, "",""мы пол"",""чили "",""цен"",""ное "",""пред"",""став"",""лен"",""ие "",""о "",""про"",""лом "",""и о "",""нек"",""ото"",""ых "",""личн"",""остях, "",""кото"",""ые "",""ок"",""азали "",""пол"",""жительн"",""ое "",""и нега"",""ивн"",""ое "",""влиян"",""ие "",""на "",""культу"","""","" "",""орган"",""иза"",""и"",""и.""]",59
620,dev,620,"Хотя понимание личной истории и не подразумевает понимание культуры, оно, по крайней мере, помогает людям получить представление об их месте в истории организации.","[""Х"",""о"",""я "",""пон"",""иман"",""ие "",""личн"",""ой "",""исто"",""ии "",""и не "",""под"",""азумев"",""ает "",""пон"",""иман"",""ие "",""культу"","""","", "",""он"",""о, "",""по "",""крайн"",""ей "",""мер"","", "",""пом"",""огает "",""людям "",""пол"",""чить "",""пред"",""став"",""лен"",""ие "",""об их "",""месте "",""в "",""исто"",""ии "",""орган"",""иза"",""и"",""и.""]",45
621,dev,621,"Оценивая успехи и понимая неудачи, отдельные лица и все участвующие глубже открывают для себя ценности, миссию и движущие силы организации.","[""О"",""ен"",""ивая "",""успехи "",""и пон"",""имая "",""неудачи, "",""отд"",""льн"",""ые "",""лица "",""и все "",""уча"",""тв"",""ующ"",""ие "",""глубже "",""отк"",""рывают "",""для "",""себя "",""цен"",""ности, "",""миссию "",""и движ"",""щ"",""ие "",""силы "",""орган"",""иза"",""и"",""и.""]",32
622,dev,622,В данном случае вспоминание предыдущих примеров предпринимательского поведения и достигнутых в результате этого успехов помогло людям стать открытыми новым изменениям и новому направлению деятельности поместной церкви.,"[""В"","" "",""дан"",""ном "",""случае "",""вспом"",""ин"",""ан"",""ие "",""пред"",""ыдущ"",""их "",""при"",""еров"","" "",""пред"",""при"","""",""имательск"",""ого "",""пов"",""еден"",""ия "",""и до"",""тигн"",""утых "",""в "",""рез"",""льта"",""е "",""этого "",""успехов"","" "",""пом"",""огло "",""людям "",""ста"",""ь "",""отк"",""рытыми "",""нов"",""ым "",""измен"",""ен"",""иям "",""и нов"",""ому "",""нап"",""рав"",""лен"",""ию "",""деятел"",""н"",""ости "",""пом"",""естн"",""ой "",""цер"",""ви.""]",59
623,dev,623,"Подобные успешные истории уменьшали страх перемен, одновременно создавая положительную предрасположенность к переменам в будущем.","[""П"",""од"","""",""б"",""н"",""ые "",""успешн"",""ые "",""исто"",""ии "",""умен"",""ьш"",""али "",""стр"",""х "",""пер"",""м"",""ен"","", "",""одн"",""ов"",""рем"",""ен"",""но "",""создавая "",""пол"",""жительн"",""ую "",""пред"",""расп"",""оложен"",""ность "",""к "",""пер"",""м"",""ен"",""ам "",""в "",""буд"",""щ"",""ем.""]",41
624,dev,624,"Модели конвергентного мышления – это способы решения проблем, которые объединяют различные идеи или сферы для того, чтобы найти их решение.","[""М"",""од"",""ели "",""кон"",""верген"",""тн"",""ого "",""мышлен"",""ия "",""– "",""это "",""спо"",""об"",""ы "",""решен"",""ия "",""проб"",""лем"","", "",""кото"",""ые "",""объедин"",""яют "",""различн"",""ые "",""идеи "",""или "",""сфер"","" "",""для "",""того, "",""чтобы "",""най"",""и "",""их "",""решен"",""ие.""]",37
625,dev,625,"В центре подобного образа мышления находятся скорость, логика и точность, а также идентификация фактов, повторное применение существующих методов и сбор информации.","[""В"","" "",""цен"",""тре "",""под"",""б"",""н"",""ого "",""образа "",""мышлен"",""ия "",""наход"",""тся "",""ск"",""орость, "",""лог"",""ика "",""и то"",""н"",""ость, "",""а так"",""же "",""иден"",""тифик"",""аци"",""я "",""фак"",""тов"","", "",""пов"",""торн"",""ое "",""при"",""ен"",""ен"",""ие "",""существ"",""ующ"",""их "",""мет"",""дов"","" "",""и сбо"","" "",""ин"",""форм"",""аци"",""и.""]",48
626,dev,626,"Самый важный фактор этого образа мышления заключается в том, что есть только один правильный ответ. Вам нужно думать, что есть только два варианта ответа, а именно: правильный или неправильный.","[""Сам"",""ый "",""важн"",""ый "",""фак"",""тор "",""этого "",""образа "",""мышлен"",""ия "",""зак"",""лючается "",""в "",""том, "",""что "",""есть "",""тольк"",""о "",""один"","" "",""прав"",""ильн"",""ый "",""ответ. "",""Вам "",""нужн"",""о "",""думать, "",""что "",""есть "",""тольк"",""о "",""два "",""вариан"",""та "",""ответа, "",""а имен"",""но: "",""прав"",""ильн"",""ый "",""или "",""неп"",""рав"",""ильн"",""ый.""]",46
627,dev,627,Этот тип мышления связан с определенными научными теориями и стандартными процедурами.,"[""Э"",""о"","" "",""тип "",""мышлен"",""ия "",""связан"","" "",""с "",""опред"",""елен"",""ными "",""научн"",""ыми "",""тео"",""иями "",""и стан"",""дартн"",""ыми "",""про"",""едурами.""]",21
628,dev,628,"Люди с таким типом мышления имеют логическое мышление, могут запоминать шаблоны, решать проблемы и работать над научными тестами.","[""Л"","""",""д"",""и "",""с "",""так"",""им "",""типом"","" "",""мышлен"",""ия "",""имеют "",""лог"",""ическ"",""ое "",""мышлен"",""ие, "",""мог"",""т "",""зап"",""ом"",""ин"",""ать "",""шаб"",""лон"",""ы, "",""решать "",""проб"",""лем"",""ы "",""и рабо"",""ать "",""над "",""научн"",""ыми "",""тес"",""там"",""и.""]",38
629,dev,629,Люди намного превосходят остальные виды в способности читать чужие мысли.,"[""Л"","""",""д"",""и "",""намн"",""ого "",""прев"",""осходят "",""остал"",""н"",""ые "",""вид"","" "",""в "",""спо"",""об"",""ности "",""чи"",""а"",""ь "",""чужие "",""мысли.""]",22
630,dev,630,"Это означает, что мы можем успешно предсказать, что другие люди ощущают, намереваются сделать, во что верят, что знают или желают.","[""Э"",""о "",""озн"",""ачает, "",""что "",""мы можем"","" "",""успешн"",""о "",""пред"",""ск"",""азать, "",""что "",""друг"",""ие "",""люди "",""ощущают, "",""намерев"",""аются "",""сделать, "",""во "",""что "",""вер"",""т, "",""что "",""зн"",""ают "",""или "",""жела"",""т.""]",30
631,dev,631,Среди этих способностей ключевое значение имеет понимание намерений других. Оно позволяет нам разрешать возможные неясности физических действий.,"[""С"",""еди "",""эти"","" "",""спо"",""об"",""ностей "",""клю"",""ев"",""ое "",""зн"",""ачен"",""ие "",""имеет "",""пон"",""иман"",""ие "",""намерен"",""ий "",""друг"",""их. "",""Он"",""о "",""поз"","""",""оляет "",""нам "",""раз"",""ешать "",""возм"",""ожн"",""ые "",""нея"",""н"",""ости "",""физическ"",""их "",""действ"",""ий.""]",39
632,dev,632,"Например, если бы вы увидели, что некто разбивает окно машины, то, вероятно, предположили бы, что он пытается украсть чей-то автомобиль.","[""Н"",""ап"",""ри"",""ер, "",""если "",""бы "",""вы увидели, "",""что "",""нек"",""то "",""разб"",""ивает "",""ок"",""но "",""машин"",""ы, "",""то, "",""вер"","""",""тн"",""о, "",""пред"",""положили "",""бы, "",""что "",""он"","" "",""пытается "",""украсть "",""чей-"",""то "",""авто"","""",""обиль.""]",34
633,dev,633,"Он должен быть оценен иначе если он потерял ключи от своей машины и машина, которую он пытался взломать была его собственной.","[""Он"","" "",""должен"","" "",""быть "",""оцен"",""ен"","" "",""ин"",""аче "",""если "",""он"","" "",""по"",""ер"",""л "",""ключи "",""от "",""своей "",""машин"",""ы "",""и машин"",""а, "",""кото"",""ую "",""он"","" "",""пытался "",""взлом"",""ать "",""была "",""его "",""соб"",""ств"",""ен"",""ной.""]",36
634,dev,634,"МРТ основано на физическом явлении, которое называют ядерным магнитным резонансом (ЯМР). Это явление было открыто в 1930-х годах учеными Феликсом Блохом (Felix Bloch)из Стэнфордского университета и Эдвардом Парселлом (Edward Purcell) из Гарвардского университета.","[""М"",""РТ "",""основ"",""ан"",""о "",""на "",""физическ"",""ом "",""явлен"",""ии, "",""кото"",""ое "",""называют "",""ядерн"",""ым "",""магн"",""итн"",""ым "",""резон"",""ан"",""сом "",""(ЯМР)"","". "",""Это "",""явлен"",""ие "",""было "",""отк"",""рыто "",""в "",""1930-"",""х "",""годах "",""учен"",""ыми "",""Фелик"",""сом"","" "",""Бло"",""ом "",""(Felix "",""Bloch)"",""з "",""Стэн"",""фордск"",""ого "",""ун"",""ивер"",""итета "",""и Эдвардом"","" "",""Пар"",""еллом"","" "",""(Edward "",""Purcel"",""l) "",""из "",""Гарвард"",""к"",""ого "",""ун"",""ивер"",""итета.""]",64
635,dev,635,В этом резонансе магнитное поле и радиоволны заставляют атомы издавать мельчайшие радиосигналы.,"[""В"","" "",""этом "",""резон"",""ан"",""се "",""магн"",""итн"",""ое "",""пол"","" "",""и рад"",""ов"",""олн"",""ы "",""за"",""тавляют "",""атом"",""ы "",""изд"",""вать "",""мел"",""ч"",""ай"","""",""ие "",""рад"",""о"",""игн"",""алы.""]",30
636,dev,636,"В 1970 году Реймонд Дамадьян, врач и учёный-исследователь, открыл основы использования магнитно-резонансной томографии в качестве инструмента медицинской диагностики.","[""В"","" "",""1970 "",""году "",""Рейм"",""он"",""д "",""Дамадьян"","", "",""врач "",""и учён"",""ый-"",""исследов"",""атель, "",""отк"",""рыл "",""основ"",""ы "",""использов"",""ан"",""ия "",""магн"",""итн"",""о-"",""резон"",""ан"",""сн"",""ой "",""томографии "",""в "",""качеств"",""е "",""ин"",""струмен"",""та "",""мед"",""цин"",""ск"",""ой "",""диаг"",""н"",""остик"",""и.""]",43
637,dev,637,"Через четыре года был выдан патент, ставший первым в мире патентом в области МРТ.","[""Че"","""",""з "",""чет"",""ре "",""года "",""был "",""выд"",""н"","" "",""патен"",""т, "",""став"",""ш"",""ий "",""пер"",""ым "",""в "",""мире "",""патен"",""том "",""в "",""обла"",""ти "",""МРТ.""]",25
638,dev,638,"В 1977 году доктор Дамадьян завершил создание первого аппарата МРТ для  сканирования всего тела, который он назвал ""Неукротимый"".","[""В"","" "",""1977 "",""году "",""док"",""тор "",""Дамадьян"","" "",""зав"",""ершил "",""создан"",""ие "",""пер"",""ого "",""ап"",""па"",""ата "",""МРТ "",""для "","" ск"",""ан"",""иров"",""ан"",""ия "",""всего "",""тел"","", "",""кото"",""ый "",""он"","" "",""назв"",""ал "",""\""Неук"",""ро"",""им"",""ый\"".""]",37
639,dev,639,Асинхронная связь даёт время для размышлений и реагирования на других.,"[""А"",""ин"",""хрон"",""ная "",""связь "",""даёт "",""врем"",""я "",""для "",""разм"",""ышлен"",""ий "",""и реагиров"",""ан"",""ия "",""на "",""друг"",""их.""]",18
640,dev,640,"Это позволяет учащимся работать в собственном ритме, а также контролировать ритм получения учебной информации.","[""Э"",""о "",""поз"","""",""оляет "",""уча"","""",""имся "",""рабо"",""ать "",""в "",""соб"",""ств"",""ен"",""ном "",""ритме, "",""а так"",""же "",""кон"",""трол"",""иров"",""ать "",""ритм "",""пол"",""чен"",""ия "",""учебн"",""ой "",""ин"",""форм"",""аци"",""и.""]",32
641,dev,641,"Также существует меньше временных ограничений с возможностью гибкого рабочего времени. (Бремер, 1998 год)","[""Т"",""ак"",""же "",""существ"",""ует "",""мен"",""ьш"",""е "",""врем"",""ен"",""ных "",""огран"",""ичен"",""ий "",""с "",""возм"",""ожн"",""остью "",""гибк"",""ого "",""рабо"",""его "",""врем"",""ен"",""и. "",""(Брем"",""ер, "",""1998 "",""год)""]",29
642,dev,642,Использование Интернета и Всемирной паутины позволяет учащимся иметь доступ к информации в любой момент.,"[""И"",""п"",""ол"",""зов"",""ан"",""ие "",""Ин"",""тер"","""",""ета "",""и Всем"",""ирн"",""ой "",""паутин"",""ы "",""поз"","""",""оляет "",""уча"","""",""имся "",""иметь "",""до"",""туп "",""к "",""ин"",""форм"",""аци"",""и "",""в "",""люб"",""ой "",""момен"",""т.""]",34
643,dev,643,"Студенты также могут задавать вопросы преподавателям в любое время суток и рассчитывать на достаточно быстрые ответы, не дожидаясь следующей личной встречи.","[""С"","""",""ден"",""ты "",""так"",""же "",""могут "",""зад"",""вать "",""вопро"",""ы "",""преп"",""од"",""вател"",""м"","" "",""в "",""люб"",""ое "",""врем"",""я "",""суток"","" "",""и рас"",""читывать "",""на "",""до"",""таточн"",""о "",""быстр"",""е "",""ответы, "",""не "",""дожидая"",""ь "",""след"",""ющ"",""ей "",""ли"",""н"",""ой "",""встречи.""]",42
644,dev,644,"Постмодернистский подход к обучению предлагает свободу от абсолютов, т.е. не существует одного идеального способа обучения.","[""П"",""о"",""тм"",""од"",""е"",""н"",""ист"",""к"",""ий "",""под"",""од "",""к "",""обучен"",""ию "",""пред"",""лаг"",""ает "",""своб"",""оду "",""от "",""абсолютов"","", "",""т."","". "",""не "",""существ"",""ует "",""одн"",""ого "",""идеальн"",""ого "",""спо"",""об"",""а "",""обучен"",""ия.""]",36
645,dev,645,"В действительности не существует ни одной вещи, достойной изучения. Обучение происходит в ходе взаимодействия учащегося и предоставляемых знаний.","[""В"","" "",""действ"",""ител"",""н"",""ости "",""не "",""существ"",""ует "",""ни одн"",""ой "",""вещи, "",""до"",""тойн"",""ой "",""из"",""чен"",""ия. "",""Обучен"",""ие "",""происходи"","" "",""в "",""ходе "",""взаим"",""од"",""ейств"",""ия "",""уча"","""",""его"",""я "",""и пред"",""о"",""тавляем"",""ых "",""зн"",""ан"",""ий.""]",39
646,dev,646,"Наш текущий опыт работы с телевизионными шоу информационно-обучающего характера, а также шоу формата ""сделай сам"" наглядно иллюстрирует этот момент.","[""Н"",""а"","""","" "",""тек"",""ущ"",""ий "",""опыт "",""рабо"",""ы "",""с "",""тел"",""в"",""изион"",""ными "",""шо"","" "",""ин"",""форм"",""аци"",""он"",""но-"",""обучающ"",""его "",""харак"",""тер"","", "",""а так"",""же "",""шо"","" "",""форм"",""ата "",""\""сделай "",""сам"",""\"" "",""наг"",""л"",""дн"",""о "",""иллюстрир"",""ет "",""это"","" "",""момен"",""т.""]",46
647,dev,647,"Многие из нас обнаруживают, что смотрят шоу на телевидении, которое рассказывает нам о процессах или приключениях, в которых мы никогда не примем участия и не применим знания оттуда.","[""М"",""н"",""огие "",""из "",""нас "",""обн"",""аруживают, "",""что "",""смо"",""рят "",""шо"","" "",""на "",""тел"",""в"",""иден"",""ии, "",""кото"",""ое "",""рас"",""к"",""азывает "",""нам "",""о "",""про"",""есса"","" "",""или "",""при"","""",""лючен"",""иях, "",""в "",""кото"",""ых "",""мы никогда "",""не "",""при"",""ем"","" "",""уча"",""тия "",""и не "",""при"",""ен"",""им "",""зн"",""ан"",""ия "",""оттуда.""]",50
648,dev,648,"Мы никогда не станем ремонтировать автомобиль, строить фонтан на заднем дворе, не поедем в Перу исследовать древние руины и не станем делать ремонт в доме наших соседей.","[""М"",""ы никогда "",""не "",""стан"",""ем"","" "",""рем"",""он"",""тиров"",""ать "",""авто"","""",""об"",""иль, "",""стр"",""ить "",""фон"",""тан"","" "",""на "",""зад"","""",""ем "",""дво"",""е, "",""не "",""поедем"","" "",""в "",""Пер"","" "",""исследов"",""ать "",""древ"",""н"",""ие "",""руин"",""ы "",""и не "",""стан"",""ем"","" "",""дел"",""ть "",""рем"",""он"",""т "",""в "",""дом"",""е "",""наш"",""их "",""со"",""едей.""]",54
649,dev,649,"Благодаря  связи по подводному оптиковолоконному кабелю с Европой и широкополосному спутнику, Гренландия имеет хорошую связь, 93% населения имеют доступ в интернет.","[""Б"",""лаг"",""ода"",""я "","" "",""связи "",""по "",""под"",""одн"",""ому "",""оптик"",""ов"",""олок"",""он"",""ному "",""кабелю "",""с "",""Европ"",""ой "",""и широк"",""оп"",""ол"",""сн"",""ому "",""спутн"",""ику, "",""Грен"",""лан"",""дия "",""имеет "",""хорош"",""ую "",""связь, "",""93% "",""населен"",""ия "",""имеют "",""до"",""туп "",""в "",""ин"",""тер"","""",""ет.""]",44
650,dev,650,"В вашем отеле или у ваших хозяев (если вы остановились в гостевом или частном доме), скорее всего, будет Wi-Fi или компьютер с доступом в Интернет. Также во всех населённых пунктах есть интернет-кафе или какое-либо другое место с общедоступным Wi-Fi.","[""В"","" "",""ваш"",""ем "",""отеле "",""или "",""у "",""ваш"",""их "",""хозяев"","" "",""(если "",""вы остан"",""ов"",""или"",""ь "",""в "",""го"",""тев"",""ом "",""или "",""частн"",""ом "",""дом"",""е), "",""ск"",""орее "",""всего, "",""будет "",""Wi-"",""Fi "",""или "",""ком"",""пьютер "",""с "",""до"",""тупом"","" "",""в "",""Ин"",""тер"","""",""ет. "",""Так"",""же "",""во "",""всех "",""насел"",""н"",""ных "",""пун"",""ктах "",""есть "",""ин"",""тер"","""",""ет-"",""кафе "",""или "",""как"",""ое-"",""либо "",""друг"",""ое "",""место "",""с "",""общ"",""едо"",""тупн"",""ым "",""Wi-"",""Fi.""]",72
651,dev,651,"Выше уже упоминалось, что, хотя слово ""эскимос"" все еще приемлемо в США, многие неамериканские арктические народы, особенно в Канаде, считают его оскорбительным.","[""В"",""ы"","""",""е "",""уже "",""упом"",""ин"",""ало"",""ь, "",""что, "",""хо"",""я "",""слов"",""о "",""\""эск"",""имо"",""\"" "",""все "",""еще "",""при"",""млем"",""о "",""в "",""США, "",""мн"",""огие "",""неам"",""ерик"",""ан"",""ск"",""ие "",""арк"",""тическ"",""ие "",""нар"",""ды, "",""особ"",""ен"",""но "",""в "",""Кан"",""аде, "",""считают "",""его "",""оск"",""орбительн"",""ым.""]",47
652,dev,652,"Хотя это слово и можно услышать из уст коренных жителей Гренландии, иностранцам следует воздержаться от его употребления.","[""Х"",""о"",""я "",""это "",""слов"",""о "",""и можн"",""о "",""услышать "",""из "",""уст "",""корен"",""ных "",""жител"",""й "",""Грен"",""лан"",""дии, "",""ин"",""остран"",""цам "",""следует "",""возд"",""ржаться "",""от "",""его "",""упо"",""реб"",""лен"",""ия.""]",30
653,dev,653,"Коренные жители Гренландии называют себя инуитами в Канаде и калааллитами (ед.ч. — Kalaalleq, мн. ч. — Kalaallit), то есть собственно гренландцами, в Гренландии.","[""К"",""о"",""ен"",""ные "",""жител"","" "",""Грен"",""лан"",""дии "",""называют "",""себя "",""ин"",""уитами "",""в "",""Кан"",""аде "",""и кал"",""алл"",""тами "",""(ед."","". "",""— "",""Kalaall"",""eq, "",""мн"","". "",""ч. "",""— "",""Kalaall"",""it), "",""то "",""есть "",""соб"",""ств"",""ен"",""но "",""грен"",""лан"",""дцами, "",""в "",""Грен"",""лан"",""дии.""]",43
654,dev,654,"Преступность и неприязнь по отношению к иностранцам практически неведомы в Гренландии. Даже в городах не существует ""опасных мест"".","[""П"",""ре"",""т"",""пн"",""ость "",""и неп"",""ри"",""зн"",""ь "",""по "",""отн"",""ошен"",""ию "",""к "",""ин"",""остран"",""цам "",""прак"",""тическ"",""и "",""нев"",""едом"",""ы "",""в "",""Грен"",""лан"",""дии. "",""Даже "",""в "",""го"",""одах "",""не "",""существ"",""ует "",""\""опасн"",""ых "",""мест\"".""]",37
655,dev,655,"Единственная настоящая опасность, с которой может столкнуться человек без подготовки, – это холодная погода.","[""Ед"","""",""н"",""ств"",""ен"",""ная "",""насто"",""щ"",""ая "",""опасн"",""ость, "",""с "",""кото"",""ой "",""може"","" "",""стол"",""кнуться "",""челов"",""ек "",""без "",""под"",""отов"",""ки, "",""– "",""это "",""холод"",""н"",""ая "",""пог"",""ода.""]",31
656,dev,656,"Если вы посещаете Гренландию в холодное время года (учитывая, что чем севернее вы движетесь, тем становится холоднее), необходимо взять с собой достаточно теплую одежду.","[""Е"",""ли "",""вы по"",""ещаете "",""Грен"",""лан"",""дию "",""в "",""холод"",""н"",""ое "",""врем"",""я "",""года "",""(учитывая, "",""что "",""чем"","" "",""сев"",""ерн"",""ее "",""вы движетес"",""ь, "",""тем"","" "",""стан"",""ов"",""ится "",""холод"",""н"",""ее), "",""необходим"",""о "",""вз"",""ть "",""с "",""соб"",""ой "",""до"",""таточн"",""о "",""теп"",""лую "",""одежд"","".""]",45
657,dev,657,Очень длинные летние дни могут привести к проблемам с получением достаточного сна и связанным с этим проблемам со здоровьем.,"[""О"",""ен"",""ь "",""длин"",""ные "",""летн"",""ие "",""дни "",""могут "",""при"",""ести "",""к "",""проб"",""лем"",""ам "",""с "",""пол"",""чен"",""ием "",""до"",""таточн"",""ого "",""сна "",""и связан"",""ным "",""с "",""этим"","" "",""проб"",""лем"",""ам "",""со "",""здо"",""ов"",""ьем"","".""]",36
658,dev,658,"В течении лета остерегайтесь также северных комаров. Хотя они не переносят никаких заболеваний, они могут быть назойливыми.","[""В"","" "",""течен"",""ии "",""лета "",""остер"",""гай"",""ес"",""ь "",""так"",""же "",""сев"",""ерн"",""ых "",""ком"",""аров"","". "",""Хо"",""я "",""он"",""и "",""не "",""пер"",""н"",""осят "",""никак"",""их "",""заб"",""олев"",""ан"",""ий, "",""он"",""и "",""могут "",""быть "",""назойлив"",""ыми.""]",37
659,dev,659,"Хотя экономика Сан-Франциско и связана с его статусом достопримечательности мирового класса, она представляет собой многоотраслевую структуру.","[""Х"",""о"",""я "",""эк"",""он"",""омика "",""Сан"",""-"",""Фран"",""циск"",""о "",""и связан"",""а "",""с "",""его "",""ста"",""усом"","" "",""до"",""топ"",""ри"",""ечательн"",""ости "",""миров"",""ого "",""класса, "",""он"",""а "",""пред"",""став"",""ляет "",""соб"",""ой "",""многоо"",""раслев"",""ую "",""стр"",""ктур"","".""]",39
660,dev,660,"Среди крупнейших секторов занятости — профессиональные услуги, правительственные учреждения, финансы, торговля и туризм.","[""С"",""еди "",""крупн"",""ейш"",""их "",""сек"",""торов"","" "",""зан"",""ято"",""ти "",""— "",""про"",""есси"",""он"",""альн"",""ые "",""услуг"",""и, "",""прав"",""ительств"",""ен"",""ные "",""учрежден"",""ия, "",""фин"",""ан"",""сы, "",""то"",""гов"",""ля "",""и тур"",""зм.""]",33
661,dev,661,"Частое изображение в музыкальных произведениях, фильмах, литературе и популярной культуре принесло городу и его достопримечательностям всемирную известность.","[""Ча"",""тое "",""изоб"",""ражен"",""ие "",""в "",""музык"",""альн"",""ых "",""произв"",""еден"",""иях, "",""фильма"","", "",""ли"",""ер"",""туре "",""и поп"",""улярн"",""ой "",""культу"",""е "",""при"","""",""есло "",""го"",""оду "",""и его "",""до"",""топ"",""ри"",""ечательн"",""остям "",""всем"",""ирн"",""ую "",""известн"",""ость.""]",38
662,dev,662,"Сан-Франциско развил крупную туристическую инфраструктуру с большим количеством отелей, ресторанов и первоклассных конференц-центров.","[""Сан"",""-"",""Фран"",""циск"",""о "",""разв"",""ил "",""крупн"",""ую "",""тур"",""стическ"",""ую "",""ин"",""фрастр"",""ктур"","" "",""с "",""больш"",""им "",""кол"",""честв"",""ом "",""отелей, "",""рес"",""о"",""ан"",""ов"","" "",""и пер"",""ок"",""лассн"",""ых "",""кон"",""фер"",""н"",""ц-"",""цен"",""тров"","".""]",39
663,dev,663,"Сан-Франциско также является одним из лучших мест в стране, где представлены кухни других азиатских стран: корейская, тайская, индийская и японская.","[""Сан"",""-"",""Фран"",""циск"",""о "",""так"",""же "",""является "",""одн"",""им "",""из "",""лучш"",""их "",""мест "",""в "",""стр"",""н"",""е, "",""где "",""пред"",""став"",""лен"",""ы "",""кухн"",""и "",""друг"",""их "",""азиа"",""ск"",""их "",""стр"",""н"","": "",""корейск"",""ая, "",""тай"",""к"",""ая, "",""ин"",""дийск"",""ая "",""и япон"",""ская.""]",43
664,dev,664,Путешествие в Мир Уолта Диснея является главным местом паломничества для многих американских семей.,"[""П"",""утеш"",""еств"",""ие "",""в "",""Мир "",""Уолта "",""Дис"",""н"",""ея "",""является "",""глав"",""н"",""ым "",""местом"","" "",""пал"",""м"",""н"",""ичеств"",""а "",""для "",""мн"",""огих "",""американ"",""ск"",""их "",""сем"",""ей.""]",29
665,dev,665,"""Стандартное"" посещение парка включает в себя приземление в Международном аэропорту Орландо, поездку на автобусе до отеля Disney, расположенного на территории, пребывание там около недели, не покидая территорию Disney, и возвращение домой.","[""\"""",""Стан"",""дартн"",""ое\"" "",""по"",""ещен"",""ие "",""пар"",""а "",""включает "",""в "",""себя "",""при"",""ем"",""лен"",""ие "",""в "",""Межд"",""н"",""ародн"",""ом "",""аэроп"",""о"",""ту "",""Орлан"",""до, "",""поездк"",""у "",""на "",""авто"","""",""усе "",""до "",""отеля "",""Disney, "",""расп"",""оложен"",""ного "",""на "",""тер"",""ито"",""ии, "",""преб"",""ыван"",""ие "",""там "",""ок"",""оло "",""нед"",""ли, "",""не "",""пок"",""идая "",""тер"",""ито"",""ию "",""Disney, "",""и возв"",""ращен"",""ие "",""дом"",""ой.""]",62
666,dev,666,"Есть бесчисленное множество возможных вариантов, но большинство людей, говоря о посещении ""Дисней Уорлда"", все же подразумевают именно это.","[""Е"",""т"","" "",""бесчи"",""лен"",""ное "",""множе"",""тв"",""о "",""возм"",""ожн"",""ых "",""вар"",""ан"",""тов"","", "",""но "",""больш"",""ин"",""ств"",""о "",""людей, "",""гово"",""я "",""о "",""по"",""ещен"",""ии "",""\""Дис"",""н"",""ей "",""Уорлда\"", "",""все "",""же "",""под"",""азумев"",""ают "",""имен"",""но "",""это.""]",40
667,dev,667,"Многие билеты, которые продаются в Интернете через такие аукционные сайты, как eBay или Craigslist, являются частично использованными многодневными билетами, которые позволяют посещать несколько парков в один день.","[""М"",""н"",""огие "",""билеты, "",""кото"",""ые "",""прод"",""аются "",""в "",""Ин"",""тер"","""",""ете "",""чер"",""з "",""так"",""ие "",""аук"",""цион"",""ные "",""сайты, "",""как"","" "",""eBay "",""или "",""Craigsl"",""ist, "",""являются "",""частичн"",""о "",""использов"",""ан"",""ными "",""мн"",""огодн"",""ев"",""н"",""ыми "",""билетам"",""и, "",""кото"",""ые "",""поз"","""",""оляют "",""по"",""ещать "",""неск"",""олько "",""пар"",""ов"","" "",""в "",""один"","" "",""ден"",""ь.""]",57
668,dev,668,"Хотя это и очень распространенный тип сделки, он запрещен правилами Disney: билеты не подлежат передаче другому лицу.","[""Х"",""о"",""я "",""это "",""и очен"",""ь "",""расп"",""ро"",""тран"",""ен"",""ный "",""тип "",""сделки, "",""он"","" "",""зап"",""рещен"","" "",""прав"",""илами "",""Disney: "",""билеты "",""не "",""под"",""ежат "",""пер"",""даче "",""друг"",""ому "",""лицу.""]",30
669,dev,669,Любой кемпинг ниже края Большого каньона требует разрешения на посещение отдаленных районов штата.,"[""Л"","""",""б"",""ой "",""кем"",""пин"",""г "",""ниже "",""кра"","" "",""Больш"",""ого "",""кан"",""ьон"",""а "",""треб"",""ует "",""раз"",""ешен"",""ия "",""на "",""по"",""ещен"",""ие "",""отдален"",""ных "",""район"",""ов"","" "",""штата.""]",30
670,dev,670,"Для защиты каньона разрешения ограничены и становятся доступны в 1-й день месяца, за четыре месяца до месяца старта.","[""Д"",""ля "",""за"",""иты "",""кан"",""ьон"",""а "",""раз"",""ешен"",""ия "",""огран"",""ичен"",""ы "",""и стан"",""ов"",""ятся "",""до"",""тупн"",""ы "",""в "",""1-й "",""ден"",""ь "",""месяца, "",""за "",""чет"",""ре "",""месяца "",""до "",""месяца "",""ста"",""та.""]",32
671,dev,671,"Так, разрешение на посещение отдаленных территорий с начальной датой в любой день мая становится доступно 1 января.","[""Т"",""ак"","", "",""раз"",""ешен"",""ие "",""на "",""по"",""ещен"",""ие "",""отдален"",""ных "",""тер"",""ито"",""ий "",""с "",""начальн"",""ой "",""датой "",""в "",""люб"",""ой "",""ден"",""ь "",""мая "",""стан"",""ов"",""ится "",""до"",""тупн"",""о "",""1 ян"",""варя.""]",33
672,dev,672,"Места в самых популярных районах, таких как Bright Angtl Campground рядом с Phantom Ranch, обычно заполняются в результате запросов, полученных в первый день, когда они открываются для бронирования.","[""М"",""еста "",""в "",""сам"",""ых "",""популярн"",""ых "",""район"",""ах, "",""так"",""их "",""как"","" "",""Bright "",""Angtl "",""Camp"",""ground"","" "",""рядом "",""с "",""Phantom "",""Ranch, "",""обычн"",""о "",""зап"",""олняются "",""в "",""рез"",""льта"",""е "",""зап"",""ро"",""ов"","", "",""пол"",""чен"",""ных "",""в "",""пер"",""ый "",""ден"",""ь, "",""когда "",""он"",""и "",""отк"",""рываются "",""для "",""брон"",""иров"",""ан"",""ия.""]",52
673,dev,673,"Существует ограниченное количество разрешений, отведённых для посетителей без предварительной записи, которые доступны в порядке живой очереди.","[""С"","""",""еств"",""ует "",""огран"",""ичен"",""ное "",""кол"",""честв"",""о "",""раз"",""ешен"",""ий, "",""отведён"",""ных "",""для "",""по"",""етител"",""й "",""без "",""пред"",""в"",""арительн"",""ой "",""зап"",""иси, "",""кото"",""ые "",""до"",""тупн"",""ы "",""в "",""по"",""ядк"",""е "",""живой "",""очер"",""ди.""]",38
674,dev,674,"Посетить Южную Африку на автомобиле — это прекрасный способ увидеть всю красоту этой местности, а также попасть в уголки за пределами традиционных туристических маршрутов.","[""П"",""о"",""етить "",""Южн"",""ую "",""Африк"",""у "",""на "",""авто"","""",""об"",""иле "",""— "",""это "",""прек"",""расн"",""ый "",""спо"",""об"","" "",""увидеть "",""всю "",""кра"",""о"",""у "",""этой "",""местн"",""ости, "",""а так"",""же "",""поп"",""асть "",""в "",""уголки "",""за "",""пред"",""елами "",""традицион"",""ных "",""тур"",""стическ"",""их "",""мар"",""рутов"","".""]",45
675,dev,675,"Это можно сделать на обычном автомобиле с тщательным планированием, но настоятельно рекомендуется полноприводный автомобиль, так как до многих мест можно добраться только на машине с полным приводом и высокой колёсной базой.","[""Э"",""о "",""можн"",""о "",""сделать "",""на "",""обычн"",""ом "",""авто"","""",""об"",""иле "",""с "",""тщательн"",""ым "",""план"",""иров"",""ан"",""ием, "",""но "",""насто"",""тельн"",""о "",""рек"",""омен"",""дуется "",""пол"",""оп"",""ри"",""одн"",""ый "",""авто"","""",""об"",""иль, "",""так"","" "",""как"","" "",""до "",""многих "",""мест "",""можн"",""о "",""доб"",""раться "",""тольк"",""о "",""на "",""машин"",""е "",""с "",""пол"",""ым "",""при"",""одом"","" "",""и высок"",""ой "",""колёсн"",""ой "",""базой.""]",62
676,dev,676,"Планируя имейте ввиду, что хотя Южная Африка стабильна, не все соседние страны такие.","[""П"",""лан"",""ир"",""я "",""имейте "",""ввид"","", "",""что "",""хо"",""я "",""Южн"",""ая "",""Африк"",""а "",""стабильн"",""а, "",""не "",""все "",""со"",""едн"",""ие "",""стр"",""н"",""ы "",""так"",""ие.""]",26
677,dev,677,Требования к визам и их стоимость разные во всех странах и зависят от вашей страны.,"[""Т"","""","""",""б"",""ов"",""ан"",""ия "",""к "",""визам"","" "",""и их "",""стоимо"",""ть "",""разн"",""ые "",""во "",""всех "",""стр"",""н"",""ах "",""и зав"",""исят "",""от "",""ваш"",""ей "",""стр"",""н"",""ы.""]",28
678,dev,678,"Каждая страна также имеет особые законы, предписывающие какие предметы должны находится в машине на случай экстренной ситуации.","[""К"",""аж"",""д"",""а"","" "",""стр"",""н"",""а "",""так"",""же "",""имеет "",""особ"",""ые "",""зак"",""он"",""ы, "",""пред"",""писывающ"",""ие "",""как"",""ие "",""пред"",""меты "",""должн"",""ы "",""находи"",""ся "",""в "",""машин"",""е "",""на "",""случай "",""эк"",""стрен"",""ной "",""ситуаци"",""и.""]",37
679,dev,679,Виктория-Фолс — это город в западной части Зимбабве вдоль границы с замбийским Ливингстоном и рядом с Ботсваной.,"[""В"",""ик"",""тория-"",""Фол"","" "",""— "",""это "",""го"",""од "",""в "",""зап"",""адн"",""ой "",""части "",""Зим"",""бабве "",""вдоль "",""гран"",""ицы "",""с "",""зам"",""бийск"",""им "",""Лив"",""ин"",""гстон"",""ом "",""и рядом "",""с "",""Бо"",""сван"",""ой.""]",32
680,dev,680,"Город расположен непосредственно у водопада, который является главной достопримечательностью, но это популярное туристическое место предлагает множество возможностей для длительного пребывания как искателям приключений, так и созерцателям.","[""Г"",""о"",""од "",""расп"",""оложен"","" "",""неп"",""о"",""редств"",""ен"",""но "",""у "",""водоп"",""ада, "",""кото"",""ый "",""является "",""глав"",""н"",""ой "",""до"",""топ"",""ри"",""ечател"",""н"",""остью, "",""но "",""это "",""поп"",""улярн"",""ое "",""тур"",""стическ"",""ое "",""место "",""пред"",""лаг"",""ает "",""мн"",""оже"",""тв"",""о "",""возм"",""ожн"",""остей "",""для "",""длител"",""н"",""ого "",""преб"",""ыван"",""ия "",""как"","" "",""иск"",""ателям"","" "",""при"","""",""лючен"",""ий, "",""так"","" "",""и созер"",""ателям"","".""]",66
681,dev,681,"В сезон дождей (с ноября по март) объём воды будет выше, а водопады — более эффектными.","[""В"","" "",""сезон"","" "",""дождей "",""(с ноября "",""по "",""мар"","") "",""объём "",""воды "",""будет "",""выш"",""е, "",""а водоп"",""ад"","" "",""— "",""более "",""эффек"",""тн"",""ыми.""]",22
682,dev,682,"Вы однозначно промокнёте, если пройдётесь по мосту или тропинкам, проложенным около водопада.","[""В"",""ы одн"",""озн"",""ачн"",""о "",""пром"",""ок"",""нёте, "",""если "",""пройдётесь "",""по "",""мо"",""ту "",""или "",""троп"",""ин"",""кам, "",""прол"",""жен"",""ным "",""ок"",""оло "",""водоп"",""ада.""]",24
683,dev,683,"С другой стороны, именно по причине настолько большого объёма воды ваш обзор на сам водопад будет нечётким из-за всей этой воды!","[""С "",""друг"",""ой "",""сто"",""он"",""ы, "",""имен"",""но "",""по "",""при"",""ин"",""е "",""настол"",""ько "",""больш"",""ого "",""объёма "",""воды "",""ваш"","" "",""обзо"","" "",""на "",""сам"","" "",""водоп"",""ад "",""будет "",""нечётк"",""им "",""из-"",""за "",""всей "",""этой "",""воды!""]",35
684,dev,684,"Вероятно, могила Тутанхамона (KV62). KV62, может быть названа самой известной из гробниц в Долине. В 1922 году Говард Картер нашел тут почти нетронутую королевскую усыпальницу, в которой покоился молодой король.","[""В"",""ер"","""",""тн"",""о, "",""могила "",""Тутан"",""хамон"",""а "",""(KV62). "",""KV62, "",""може"","" "",""быть "",""назв"",""ан"",""а "",""сам"",""ой "",""известн"",""ой "",""из "",""гроб"",""н"",""иц "",""в "",""Долин"",""е. "",""В "",""1922 "",""году "",""Говард "",""Картер "",""наш"",""ел "",""тут "",""по"",""ти "",""нет"",""он"",""утую "",""королев"",""ск"",""ую "",""усыпальн"",""ицу, "",""в "",""кото"",""ой "",""пок"",""оился "",""молод"",""ой "",""король.""]",54
685,dev,685,"Однако по сравнению с другими королевскими могилами, могила Тутанхамона едва ли заслуживает посещения, так как она намного меньше и имеет незначительные украшения.","[""Од"",""н"",""ако "",""по "",""срав"",""н"",""ен"",""ию "",""с "",""друг"",""ими "",""королев"",""ск"",""ими "",""могилами, "",""могила "",""Тутан"",""хамон"",""а "",""едва "",""ли "",""за"",""луживает "",""по"",""ещен"",""ия, "",""так"","" "",""как"","" "",""он"",""а "",""намного "",""мен"",""ьш"",""е "",""и имеет "",""нез"","""",""ачительн"",""ые "",""украшен"",""ия.""]",43
686,dev,686,"Любой желающий увидеть доказательства повреждения мумии, нанесенные при попытке вытащить ее из гроба, будет разочарован, так как видны только ее голова и плечи.","[""Л"","""",""б"",""ой "",""жела"",""щ"",""ий "",""увидеть "",""док"",""азател"",""ств"",""а "",""пов"",""режден"",""ия "",""мумии, "",""нан"",""есен"",""ные "",""при "",""поп"",""ытке "",""вытащ"",""ить "",""ее "",""из "",""гроб"",""а, "",""будет "",""разо"",""аров"",""ан"","", "",""так"","" "",""как"","" "",""вид"","""",""ы "",""тольк"",""о "",""ее "",""голов"",""а "",""и пле"",""и.""]",47
687,dev,687,"Баснословные богатства гробницы больше в ней не находятся, а были перемещены в Египетский музей в Каире.","[""Б"",""а"",""н"",""ослов"",""н"",""ые "",""бога"",""ств"",""а "",""гроб"",""н"",""ицы "",""больш"",""е "",""в "",""ней "",""не "",""наход"",""тся, "",""а были "",""пер"",""м"",""ещен"",""ы "",""в "",""Егип"",""етск"",""ий "",""музей "",""в "",""Каире.""]",31
688,dev,688,"Посетителям, у которых не очень много времени, лучше провести его где-нибудь еще.","[""П"",""о"",""етител"",""м"","", "",""у "",""кото"",""ых "",""не "",""очен"",""ь "",""много "",""врем"",""ен"",""и, "",""лучш"",""е "",""пров"",""ести "",""его "",""где-"",""нибуд"","" "",""еще.""]",24
689,dev,689,"Пном Кром, расположенный в 12 км к юго-западу от Сиемреапа. Этот храм на вершине холма был построен в конце IX века, во времена правления короля Яшовармана.","[""П"",""н"",""ом "",""Кром"","", "",""расп"",""оложен"",""ный "",""в "",""12 "",""км "",""к "",""юго-"",""зап"",""ад"","" "",""от "",""Сием"",""реап"",""а. "",""Это"","" "",""храм "",""на "",""вер"",""ин"",""е "",""холма "",""был "",""по"",""троен"","" "",""в "",""кон"",""це "",""IX "",""век"",""а, "",""во "",""врем"",""ен"",""а "",""прав"",""лен"",""ия "",""короля "",""Яшов"",""арм"",""ан"",""а.""]",50
690,dev,690,На холм стоит забраться ради мрачной атмосферы храма и вида на озеро Тонлесап.,"[""Н"",""а "",""холм "",""стоит "",""заб"",""раться "",""рад"","" "",""мра"",""н"",""ой "",""атмо"",""фер"","" "",""храма "",""и вид"","" "",""на "",""озеро "",""Тон"",""лесап"","".""]",22
691,dev,691,Посещение этого места можно удобно совместить с лодочной прогулкой по озеру.,"[""П"",""о"",""ещен"",""ие "",""этого "",""места "",""можн"",""о "",""удоб"",""н"",""о "",""сов"",""местить "",""с "",""лодо"",""н"",""ой "",""прог"",""улкой "",""по "",""озер"","".""]",22
692,dev,692,"Для входа в храм требуется специальный пропуск ""Angkor Pass"", поэтому, когда поедете на озеро Тонлесап, не забудьте взять с собой паспорт.","[""Д"",""ля "",""входа "",""в "",""храм "",""треб"",""уется "",""спе"",""иальн"",""ый "",""проп"",""уск"","" "",""\""Angkor "",""Pass\"", "",""по"",""тому, "",""когда "",""поед"",""ете "",""на "",""озеро "",""Тон"",""лесап, "",""не "",""заб"",""уд"",""те "",""вз"",""ть "",""с "",""соб"",""ой "",""паспо"",""т.""]",35
693,dev,693,"Иерусалим — это столица и самый крупный город Израиля, однако большинство других государств и ООН не признают его израильской столицей.","[""Ие"","""",""салим"","" "",""—"","" "",""это "",""стол"",""ица "",""и сам"",""ый "",""крупн"",""ый "",""го"",""од "",""Израиля, "",""одн"",""ако "",""больш"",""ин"",""ств"",""о "",""друг"",""их "",""го"",""ударств"","" "",""и ООН"","" "",""не "",""при"",""н"",""ают "",""его "",""из"",""аильск"",""ой "",""стол"",""ицей.""]",39
694,dev,694,"Древний город в Иудейских горах имеет удивительную историю, которая охватывает тысячи лет.","[""Д"","""",""ев"",""н"",""ий "",""го"",""од "",""в "",""Иудейск"",""их "",""го"",""ах "",""имеет "",""удивительн"",""ую "",""исто"",""ию, "",""кото"",""ая "",""охватывает "",""тысячи "",""лет.""]",22
695,dev,695,"Этот город священен для трёх монотеистических религий — иудаизма, христианства и ислама, и служит духовным, религиозным и культурным центром.","[""Э"",""о"","" "",""го"",""од "",""свя"",""ен"",""ен"","" "",""для "",""тр"","""","" "",""мон"",""отеистическ"",""их "",""рел"",""г"",""ий "",""— "",""иудаизма, "",""христиан"",""ств"",""а "",""и ислама, "",""и служит "",""духов"",""н"",""ым, "",""рел"",""г"",""иоз"",""н"",""ым "",""и культу"",""н"",""ым "",""цен"",""тром"","".""]",40
696,dev,696,"В связи с религиозным значением города и, в частности, многочисленными достопримечательностями Старого города, Иерусалим является одним из главных туристических пунктов назначений в Израиле.","[""В"","" "",""связи "",""с "",""рел"",""гиоз"",""н"",""ым "",""зн"",""ачен"",""ием "",""го"",""ода "",""и, "",""в "",""частн"",""ости, "",""мн"",""ого"",""ислен"",""ными "",""до"",""топ"",""ри"",""ечательн"",""остями "",""Ста"",""ог"",""о "",""го"",""ода, "",""Иер"",""салим"","" "",""является "",""одн"",""им "",""из "",""глав"",""н"",""ых "",""тур"",""стическ"",""их "",""пун"",""ктов"","" "",""назн"",""ачен"",""ий "",""в "",""Из"",""аиле.""]",53
697,dev,697,"В Иерусалиме есть много исторических, археологических и культурных мест наряду с оживленными и многолюдными торговыми центрами, кафе и ресторанами.","[""В"","" "",""Иер"",""салим"",""е "",""есть "",""мн"",""ого "",""исто"",""ическ"",""их, "",""ар"",""еол"",""ог"",""ическ"",""их "",""и культу"",""н"",""ых "",""мест "",""нар"",""ду "",""с "",""оживлен"",""ными "",""и многолюдн"",""ыми "",""то"",""гов"",""ыми "",""цен"",""трами, "",""кафе "",""и рес"",""о"",""ан"",""ами.""]",37
698,dev,698,"Эквадор требует, чтобы граждане Кубы перед прибытием в Эквадор через международные аэропорты или пограничные пункты пропуска получили пригласительное письмо.","[""Эк"",""вадо"","" "",""треб"",""ует, "",""чтоб"",""ы "",""гражд"",""ан"",""е "",""Кубы "",""пер"",""д "",""при"",""ытием"","" "",""в "",""Эк"",""вадо"","" "",""чер"",""з "",""межд"",""н"",""ародн"",""ые "",""аэроп"",""о"",""ты "",""или "",""пог"",""ран"",""ичн"",""ые "",""пун"",""кты "",""проп"",""уск"",""а "",""пол"",""чили "",""при"",""ласительн"",""ое "",""письм"",""о.""]",46
699,dev,699,Это письмо должно быть легализовано Министерством иностранных дел Эквадора и соответствовать определённым требованиям.,"[""Э"",""о "",""пис"",""м"",""о "",""должн"",""о "",""быть "",""легализов"",""ан"",""о "",""Мин"",""истер"",""тв"",""ом "",""ин"",""остран"",""ных "",""дел "",""Эк"",""вадо"",""а "",""и соответств"",""ов"",""ать "",""опред"",""ел"",""н"",""ным "",""треб"",""ов"",""ан"",""иям.""]",33
700,dev,700,Эти требования должны обеспечить упорядоченный миграционный поток между двумя государствами.,"[""Э"",""и "",""треб"",""ов"",""ан"",""ия "",""должн"",""ы "",""обесп"",""ечить "",""упо"",""ядо"",""ен"",""ный "",""миг"",""аци"",""он"",""ный "",""по"",""ок"","" "",""межд"","" "",""двумя "",""го"",""ударств"",""ами.""]",27
701,dev,701,"Граждане Кубы, являющиеся владельцами американской грин-карты, должны посетить консульство Эквадора для получения освобождения от этого требования.","[""Г"",""раж"",""д"",""ан"",""е "",""Кубы, "",""явля"",""щ"",""иеся "",""владел"",""цами "",""америк"",""ан"",""ск"",""ой "",""гри"","""",""-"",""карты, "",""должн"",""ы "",""по"",""етить "",""кон"",""сульств"",""о "",""Эк"",""вадо"",""а "",""для "",""пол"",""чен"",""ия "",""освоб"",""ожден"",""ия "",""от "",""этого "",""треб"",""ов"",""ан"",""ия.""]",42
702,dev,702,"Ваш паспорт должен быть действителен как минимум в течение 6 месяцев после даты окончания поездки. Необходимо предоставить билет ""туда-обратно"" или билет для проезда в следующий пункт назначения для того, чтобы подтвердить длительность вашего пребывания.","[""В"",""а"","""","" "",""паспо"",""т "",""должен"","" "",""быть "",""действ"",""ител"",""н"","" "",""как"","" "",""мин"",""имум "",""в "",""течен"",""ие "",""6 месяцев"","" "",""по"",""ле "",""даты "",""ок"",""он"",""чан"",""ия "",""поездк"",""и. "",""Необходим"",""о "",""пред"",""о"",""тавить "",""билет "",""\""туда-"",""обратн"",""о\"" "",""или "",""билет "",""для "",""проезда "",""в "",""следующ"",""ий "",""пун"",""кт "",""назн"",""ачен"",""ия "",""для "",""того, "",""чтобы "",""под"",""вер"",""ить "",""длительн"",""ость "",""ваш"",""его "",""преб"",""ыван"",""ия.""]",65
703,dev,703,"Экскурсии для больших групп обходятся дешевле, поэтому, если вы один или вдвоем с другом, познакомьтесь с другими людьми и объединитесь в группу из четырех-шести человек, чтобы цена билета на человека была меньше.","[""Эк"",""ск"",""урсии "",""для "",""больш"",""их "",""гр"",""пп "",""обход"",""тся "",""дешев"",""ле, "",""по"",""тому, "",""если "",""вы один"","" "",""или "",""вдвоем"","" "",""с "",""друг"",""ом, "",""поз"","""",""акомьтес"",""ь "",""с "",""друг"",""ими "",""людьм"",""и "",""и объедин"",""итес"",""ь "",""в "",""гр"",""ппу "",""из "",""чет"",""рех-"",""шести "",""челов"",""ек, "",""чтобы "",""цен"",""а "",""билета "",""на "",""челов"",""ека "",""была "",""мен"",""ьш"",""е.""]",55
704,dev,704,"Впрочем, можете об этом сильно не беспокоиться, так как туристов часто распределяют так, чтобы заполнить машины.","[""В"",""п"",""ро"",""ем"","", "",""може"",""е "",""об этом "",""сильн"",""о "",""не "",""беспок"",""оиться, "",""так"","" "",""как"","" "",""туристов"","" "",""часто "",""расп"",""ред"",""ел"","""",""т "",""так"","", "",""чтобы "",""зап"",""олнить "",""машин"",""ы.""]",32
705,dev,705,На самом деле это кажется скорее способом убедить людей заплатить больше.,"[""Н"",""а "",""сам"",""ом "",""дел"","" "",""это "",""кажется "",""ск"",""орее "",""спо"",""об"",""ом "",""убедить "",""людей "",""зап"",""латить "",""больш"",""е.""]",19
706,dev,706,"У северной границы Мачу-Пикчу возвышается эта крутая гора, которую часто можно увидеть на заднем плане на многих фотографиях руин.","[""У "",""сев"",""ерн"",""ой "",""гран"",""ицы "",""Мачу-"",""Пик"",""чу "",""возв"",""ышается "",""эта "",""кру"",""а"","" "",""го"",""а, "",""кото"",""ую "",""часто "",""можн"",""о "",""увидеть "",""на "",""зад"","""",""ем "",""план"",""е "",""на "",""многих "",""фото"","""",""рафиях "",""руин"","".""]",36
707,dev,707,"Снизу она выглядит несколько пугающе, и это крутое и сложное восхождение, но большинство людей в хорошей физической форме осилят его за 45 минут.","[""Сн"",""из"","" "",""он"",""а "",""выг"",""лядит "",""неск"",""олько "",""пуг"",""ающ"",""е, "",""и это "",""крутое "",""и сложн"",""ое "",""во"",""хожден"",""ие, "",""но "",""больш"",""ин"",""ств"",""о "",""людей "",""в "",""хорош"",""ей "",""физическ"",""ой "",""форм"",""е "",""осилят "",""его "",""за "",""45 "",""мин"",""ут.""]",38
708,dev,708,"Бо́льшая часть пути выложена каменными ступенями, а на более крутых участках стальные тросы служат в качестве опорных перил.","[""Б"",""о́льш"",""ая "",""част"","" "",""пути "",""выложен"",""а "",""камен"",""ными "",""ступен"",""ями, "",""а на "",""более "",""крутых "",""уча"",""тках "",""стал"",""н"",""ые "",""тро"",""ы "",""служа"","" "",""в "",""качеств"",""е "",""опо"",""ных "",""пер"",""л.""]",31
709,dev,709,"Это значит, ожидайте, что будете выдыхаться и будьте осторожнее на более крутых участках, особенно когда влажно, потому что это быстро может стать опасным.","[""Э"",""о "",""зн"",""ачит, "",""ожидайте, "",""что "",""будете "",""выд"",""хаться "",""и буд"",""те "",""осто"",""ожн"",""ее "",""на "",""более "",""кру"",""ых "",""уча"",""тках, "",""особ"",""ен"",""но "",""когда "",""влажн"",""о, "",""по"",""ому "",""что "",""это "",""быстро "",""може"","" "",""ста"",""ь "",""опасн"",""ым.""]",37
710,dev,710,"Недалеко от вершины есть крошечная пещера, через которую нужно пройти. Она весьма низкая и довольно узкая.","[""Н"",""ед"",""лек"",""о "",""от "",""вер"",""ин"",""ы "",""есть "",""кро"",""ечн"",""ая "",""пещер"","", "",""чер"",""з "",""кото"",""ую "",""нужн"",""о "",""пройти. "",""Он"",""а "",""вес"",""ьма "",""низк"",""ая "",""и дов"",""ольн"",""о "",""узк"",""ая.""]",32
711,dev,711,"Осмотр достопримечательностей и дикой природы Галапагосских островов лучше всего проводить на лодке, как это делал Чарльз Дарвин в 1835 году.","[""О"",""м"",""о"",""р "",""до"",""топ"",""ри"",""еча"",""ел"",""н"",""остей "",""и дик"",""ой "",""при"",""оды "",""Галап"",""аг"",""о"",""ск"",""их "",""остров"",""ов"","" "",""лучш"",""е "",""всего "",""пров"",""одить "",""на "",""лодк"",""е, "",""как"","" "",""это "",""дел"",""л "",""Ча"","""",""ьз "",""Дарвин"","" "",""в "",""1835 "",""году.""]",44
712,dev,712,В акватории Галапагосских островов находится не менее 60 круизных лайнеров разных размеров — от 8 до 100 пассажиров.,"[""В"","" "",""ак"",""вато"",""ии "",""Галап"",""аг"",""о"",""ск"",""их "",""остров"",""ов"","" "",""находи"",""ся "",""не "",""мен"",""ее "",""60 "",""круизн"",""ых "",""лайн"",""еров"","" "",""разн"",""ых "",""разм"",""еров"","" "",""— "",""от "",""8 до "",""100 "",""пассажиров"","".""]",35
713,dev,713,Большинство людей бронируют свои места заблаговременно (так как места на лодках обычно заняты в разгар сезона).,"[""Б"",""ольш"",""ин"",""ств"",""о "",""людей "",""брон"",""ир"",""ют "",""свои "",""места "",""заб"",""лаг"",""ов"",""рем"",""ен"",""но "",""(так"","" "",""как"","" "",""места "",""на "",""лодк"",""ах "",""обычн"",""о "",""зан"",""яты "",""в "",""разг"",""ар "",""сезон"",""а).""]",34
714,dev,714,"Убедитесь, что агент, через которого вы делаете заказ, является специалистом по Галапагосам с хорошим знанием разнообразных кораблей.","[""Уб"",""едитес"",""ь, "",""что "",""аген"",""т, "",""чер"",""з "",""кото"",""ого "",""вы дел"",""ете "",""зак"",""аз, "",""является "",""спе"",""иали"",""том"","" "",""по "",""Галап"",""аго"",""ам"","" "",""с "",""хо"",""ош"",""им "",""зн"",""ан"",""ием "",""разн"",""ооб"",""разн"",""ых "",""кораблей.""]",36
715,dev,715,Так вы найдете наиболее подходящую лодку под ваши интересы и/или ограничения.,"[""Т"",""ак"","" "",""вы найдете "",""наиболее "",""под"",""одящ"",""ую "",""лодк"",""у "",""под "",""ваш"",""и "",""ин"",""тер"",""сы "",""и/"",""или "",""огран"",""ичен"",""ия.""]",21
716,dev,716,"До прибытия испанцев в 16 веке северная часть Чили находилась во владении инков, в то время как коренные Арауканы (Мапуче) населяли центральную и южную части страны.","[""Д"",""о "",""при"",""ыти"","" "",""испан"",""цев"","" "",""в "",""16 "",""век"",""е "",""сев"",""ерн"",""ая "",""часть "",""Чили "",""находилась "",""во "",""владен"",""ии "",""ин"",""ков"","", "",""в "",""то "",""врем"",""я "",""как"","" "",""корен"",""ные "",""Араукан"",""ы "",""(Мап"",""уче) "",""насел"",""ли "",""цен"",""тральн"",""ую "",""и южн"",""ую "",""части "",""стр"",""н"",""ы.""]",47
717,dev,717,"Мапуче были также одними из последних независимых групп коренного населения Америки, которые не были полностью интегрированы в испаноговорящее сообщество вплоть до независимости Чили.","[""М"",""ап"",""уче "",""были "",""так"",""же "",""одн"",""ими "",""из "",""по"",""ледн"",""их "",""нез"",""в"",""исим"",""ых "",""групп "",""корен"",""ного "",""населен"",""ия "",""Америк"",""и, "",""кото"",""ые "",""не "",""были "",""пол"",""остью "",""ин"",""тегриров"",""ан"",""ы "",""в "",""испан"",""огов"",""орящ"",""ее "",""сообщ"",""еств"",""о "",""впло"",""ь "",""до "",""нез"",""в"",""исим"",""о"",""ти "",""Чили.""]",50
718,dev,718,"Хотя Чили объявило о независимости в 1810 году (на фоне Наполеоновских войн, которые на несколько лет оставили Испанию без дееспособного центрального правительства), решающей победы над испанцами удалось добиться только в 1818 году.","[""Х"",""о"",""я "",""Чили "",""объявило "",""о "",""нез"",""в"",""исим"",""о"",""ти "",""в "",""1810 "",""году "",""(на "",""фон"",""е "",""Нап"",""олеон"",""ов"",""ск"",""их "",""войн"","", "",""кото"",""ые "",""на "",""неск"",""олько "",""лет "",""оставили "",""Испан"",""ию "",""без "",""деесп"",""о"",""об"",""ного "",""цен"",""тральн"",""ого "",""прав"",""ительств"",""а), "",""решающ"",""ей "",""поб"",""еды "",""над "",""испан"",""цами "",""удало"",""ь "",""доб"",""иться "",""тольк"",""о "",""в "",""1818 "",""году.""]",60
719,dev,719,"Доминиканская Республика (на испанском: Республика Доминикана) — страна в Карибском море, занимающая восточную часть острова Гаити (бывший Испаньола), на котором также располагается государство Гаити.","[""Д"",""ом"",""ин"",""икан"",""ск"",""ая "",""Республик"",""а "",""(на "",""испан"",""ском: "",""Респ"",""ублик"",""а "",""Дом"",""ин"",""икан"",""а) "",""— "",""стр"",""н"",""а "",""в "",""Кар"",""бск"",""ом "",""мо"",""е, "",""зан"",""имающ"",""ая "",""во"",""то"",""н"",""ую "",""часть "",""остров"",""а "",""Гаи"",""и "",""(бывший "",""Испан"",""ьола), "",""на "",""кото"",""ом "",""так"",""же "",""расп"",""олаг"",""ается "",""го"",""ударств"",""о "",""Гаи"",""и.""]",56
720,dev,720,"Помимо пляжей с белым песком и горных ландшафтов, страна является родиной старейшего европейского города в Америках, сейчас это часть Санто-Доминго.","[""П"",""ом"",""им"",""о "",""пл"",""жей "",""с "",""бел"",""м "",""песк"",""ом "",""и го"",""н"",""ых "",""лан"",""дшафтов"","", "",""стр"",""н"",""а "",""является "",""родин"",""ой "",""ста"",""ейш"",""его "",""европ"",""ейск"",""ого "",""го"",""ода "",""в "",""Америк"",""ах, "",""сейчас "",""это "",""часть "",""Сан"",""то-"",""Дом"",""ин"",""го.""]",42
721,dev,721,"Первоначально остров населяли таино и карибы. Карибы — это народы, говорившие на аравакских языках и появившиеся около 10 000 лет до н. э.","[""П"",""ер"",""он"",""ачальн"",""о "",""остров"","" "",""насел"",""ли "",""таин"",""о "",""и кар"",""бы. "",""Кар"",""бы "",""— "",""это "",""нар"",""ды, "",""гово"",""ившие "",""на "",""арав"",""акск"",""их "",""языках "",""и по"",""вив"","""",""иеся "",""ок"",""оло "",""10 "",""000 "",""лет "",""до "",""н. "",""э.""]",38
722,dev,722,Население Тайноса существенно сократилось из-за действий испанских завоевателей за несколько лет после прибытия исследователей из Европы.,"[""Н"",""а"",""ел"",""н"",""ие "",""Тайн"",""оса "",""существ"",""ен"",""но "",""сок"",""ратило"",""ь "",""из-"",""за "",""действ"",""ий "",""испан"",""ских "",""зав"",""оев"",""ател"",""й "",""за "",""неск"",""олько "",""лет "",""по"",""ле "",""при"",""ытия "",""исследов"",""ател"",""й "",""из "",""Европ"",""ы.""]",37
723,dev,723,Согласно труду Бартоломе де лас Касаса (История Индий) испанские завоеватели уничтожили около 100 000 индейцев Таино между 1492 и 1498 годами.,"[""Сог"",""ла"",""н"",""о "",""тр"",""ду "",""Бартол"",""ом"",""е "",""де "",""ла"","" "",""Каса"",""а "",""(Исто"",""ия "",""Ин"",""дий) "",""испан"",""ские "",""зав"",""оев"",""ател"","" "",""ун"",""ичтожили "",""ок"",""оло "",""100 "",""000 "",""ин"",""дейцев"","" "",""Таин"",""о "",""межд"","" "",""1492 "",""и 1498 "",""годами.""]",40
724,dev,724,"Хардин-де-ла-Уньон. Это пространство было создано как атриум для монастыря XVII века, из которого храм Сан-Диего является единственным сохранившимся зданием.","[""Х"",""а"",""ди"",""н"",""-"",""де-"",""ла-"",""Ун"",""ьон"","". "",""Это "",""про"",""тран"",""ств"",""о "",""было "",""создан"",""о "",""как"","" "",""атр"",""ум "",""для "",""мон"",""астыр"","" "",""XVII "",""век"",""а, "",""из "",""кото"",""ого "",""храм "",""Сан"",""-"",""Диего "",""является "",""един"",""ств"",""ен"",""ным "",""со"",""ран"",""ивш"",""имся "",""здан"",""ием.""]",47
725,dev,725,"Сейчас оно является центральной площадью, где постоянно, и днём, и ночью что-то происходит.","[""Сейч"",""а"","" "",""он"",""о "",""является "",""цен"",""тральн"",""ой "",""пло"",""адью, "",""где "",""по"",""то"",""н"",""но, "",""и днём, "",""и ночью "",""что-"",""то "",""происходи"","".""]",22
726,dev,726,"Вокруг сада расположено несколько ресторанов, и по утрам и вечерам в центральной беседке часто дают бесплатные концерты.","[""В"",""ок"",""руг"","" "",""сада "",""расп"",""оложен"",""о "",""неск"",""олько "",""рес"",""о"",""ан"",""ов"","", "",""и по "",""утрам "",""и вечер"",""м "",""в "",""цен"",""тральн"",""ой "",""беседк"",""е "",""часто "",""дают "",""бесплатн"",""ые "",""кон"",""цер"",""ы.""]",32
727,dev,727,"Кальехон-дель-Бесо (Аллея поцелуя). Два балкона, разделённых всего лишь 69 сантиметрами, являются местом рождения старой легенды о любви.","[""К"",""ал"",""е"",""он"",""-"",""дель-"",""Бесо "",""(Алл"","""","" "",""по"",""елуя). "",""Два "",""балкон"",""а, "",""разд"",""лён"",""ных "",""всего "",""лишь "",""69 "",""сан"",""тим"",""етрами, "",""явля"",""тся "",""местом"","" "",""рожден"",""ия "",""ста"",""ой "",""леген"",""ды "",""о "",""люб"",""ви.""]",37
728,dev,728,За несколько монет вы сможете услышать историю из уст детей.,"[""З"",""а "",""неск"",""олько "",""мон"",""ет "",""вы сможете "",""услышать "",""исто"",""ию "",""из "",""уст "",""дет"",""й.""]",14
729,dev,729,"Остров Боуэн – популярное направление для однодневных поездок или экскурсий на выходные, где можно кататься на каяках, ходить в походы, посещать магазины и рестораны и многое другое.","[""О"",""тров"","" "",""Бо"",""эн"","" "",""– "",""популярн"",""ое "",""нап"",""рав"",""лен"",""ие "",""для "",""одн"",""одн"",""ев"",""н"",""ых "",""поездок"","" "",""или "",""эк"",""ск"",""урсий "",""на "",""выходн"",""ые, "",""где "",""можн"",""о "",""кататься "",""на "",""каяк"",""ах, "",""ходи"",""ь "",""в "",""по"",""оды, "",""по"",""ещать "",""магазин"",""ы "",""и рес"",""о"",""ан"",""ы "",""и многое "",""друг"",""ое.""]",51
730,dev,730,"Это самобытное сообщество находится в Хау недалеко от Ванкувера, и до него легко добраться на заранее заказанном водном такси, отправляющемся из Грэнвилл-Айленд в центре Ванкувера.","[""Э"",""о "",""сам"",""об"",""ытн"",""ое "",""сообщ"",""еств"",""о "",""находи"",""ся "",""в "",""Хау "",""нед"",""лек"",""о "",""от "",""Ван"",""кувера, "",""и до "",""него "",""легк"",""о "",""доб"",""раться "",""на "",""за"",""ан"",""ее "",""зак"",""азан"",""ном "",""водн"",""ом "",""так"",""си, "",""отправ"",""ляющ"",""емся "",""из "",""Грэн"",""вилл-"",""Айлен"",""д "",""в "",""цен"",""тре "",""Ван"",""кувера.""]",49
731,dev,731,"Тем, кто любит активный отдых, обязательно нужно совершить поход по коридору Си-ту-Скай.","[""Т"",""ем"","", "",""кто "",""люб"",""ит "",""ак"",""тивн"",""ый "",""отд"",""х, "",""обязательн"",""о "",""нужн"",""о "",""сов"",""ершить "",""по"",""од "",""по "",""коридо"",""у "",""Си-"",""ту-"",""Ск"",""ай.""]",26
732,dev,732,"Расположившийся в 1,5 часа езды от Ванкувера, Уистлер — дорогой город, который приобрел свою известность благодаря зимним Олимпийским играм 2010 года.","[""Р"","""","""",""п"",""оложив"","""",""ийся "",""в "",""1,5 "",""часа "",""езд"","" "",""от "",""Ван"",""кувера, "",""Уистлер "",""— "",""до"",""ог"",""ой "",""го"",""од, "",""кото"",""ый "",""при"",""брел "",""сво"","" "",""известн"",""ость "",""благ"",""ода"",""я "",""зим"",""н"",""им "",""Олим"",""пийск"",""им "",""играм "",""2010 "",""года.""]",42
733,dev,733,"Зимой наслаждайтесь одним из лучших лыжных курортов Северной Америки, а летом попробуйте настоящую езду на горных велосипедах.","[""З"",""им"",""ой "",""наслаждайтес"",""ь "",""одн"",""им "",""из "",""лучш"",""их "",""лыжн"",""ых "",""кур"","""",""тов"","" "",""Сев"",""ерн"",""ой "",""Америк"",""и, "",""а летом "",""попроб"",""уйте "",""насто"",""щ"",""ую "",""езд"","" "",""на "",""го"",""н"",""ых "",""вело"",""ип"",""едах.""]",36
734,dev,734,"Разрешения необходимо зарезервировать заранее. Вы должны иметь разрешение, чтобы переночевать в ""Сирене"".","[""Р"","""",""з"",""ешен"",""ия "",""необходим"",""о "",""за"",""езервиров"",""ать "",""за"",""ан"",""ее. "",""Вы должн"",""ы "",""иметь "",""раз"",""ешен"",""ие, "",""чтоб"",""ы "",""пер"",""н"",""очев"",""ать "",""в "",""\""Сирен"",""е\"".""]",28
735,dev,735,"Sirena — это единственное лесничество где помимо кэмпинга предлагается жилье студенческого типа и горячее питание. La Leona, San Pedrillo и Los Patos предлагают только кэмпинг без еды.","[""S"",""ir"",""en a "",""—"","" "",""это "",""един"",""ств"",""ен"",""ное "",""лесн"",""ичеств"",""о "",""где "",""пом"",""имо "",""кэмпин"",""га "",""пред"",""лаг"",""ается "",""жилье "",""студен"",""ческ"",""ого "",""типа "",""и го"",""ячее "",""питан"",""ие. "",""La "",""Leona, "",""San "",""Pedrill"",""o "",""и Los "",""Patos "",""пред"",""лаг"",""ают "",""тольк"",""о "",""кэмпин"",""г "",""без "",""еды.""]",46
736,dev,736,"Получить пропуск в парк непосредственно на Станции Рейнджеров в Пуэрто-Хименес возможно, но там не принимают кредитные карты.","[""П"",""ол"",""чить "",""проп"",""уск"","" "",""в "",""пар"","" "",""неп"",""о"",""редств"",""ен"",""но "",""на "",""Стан"",""ции "",""Рейн"",""джеров"","" "",""в "",""Пуэрто-"",""Хим"",""ен"",""ес "",""возм"",""ожн"",""о, "",""но "",""там "",""не "",""при"","""",""имают "",""кредитн"",""ые "",""карты.""]",37
737,dev,737,"Служба парков (Министерство окружающей среды, энергетики и телекоммуникаций) не выдаёт разрешения на въезд в парк более чем за месяц до предполагаемого прибытия.","[""Сл"",""жб"",""а "",""пар"",""ов"","" "",""(Мин"",""истер"",""тв"",""о "",""ок"",""ружающ"",""ей "",""среды, "",""эн"",""ер"",""етик"",""и "",""и тел"",""к"",""оммун"",""икаци"",""й) "",""не "",""выд"",""ёт "",""раз"",""ешен"",""ия "",""на "",""въезд "",""в "",""пар"","" "",""более "",""чем"","" "",""за "",""месяц "",""до "",""пред"",""полаг"",""аем"",""ого "",""при"",""ытия.""]",46
738,dev,738,CafeNet El Sol предлагает услугу бронирования за плату в размере 30 долларов США или 10 долларов США за пропуск на один день. Более подробно см. страницу компании в Corcovado.,"[""C"",""af"",""eN"",""et"","" "",""El "",""Sol"","" "",""пред"",""лаг"",""ает "",""услуг"",""у "",""брон"",""иров"",""ан"",""ия "",""за "",""пла"",""у "",""в "",""разм"",""ере "",""30 "",""долларов"","" "",""США "",""или "",""10 "",""долларов"","" "",""США "",""за "",""проп"",""уск"","" "",""на "",""один"","" "",""ден"",""ь. "",""Более "",""под"",""обн"",""о "",""см. "",""стр"",""н"",""ицу "",""ком"",""пан"",""ии "",""в "",""Corcovado.""]",54
739,dev,739,"Острова Кука – это островное государство, состоящее в свободной ассоциации с Новой Зеландией, находящейся в Полинезии в центре южной части Тихого океана.","[""О"",""тров"",""а "",""Кука "",""– "",""это "",""остров"",""н"",""ое "",""го"",""ударств"",""о, "",""со"",""то"",""щ"",""ее "",""в "",""свободн"",""ой "",""ассо"",""иа"",""ии "",""с "",""Нов"",""ой "",""Зелан"",""дией, "",""наход"",""щ"",""ейся "",""в "",""Пол"",""н"",""езии "",""в "",""цен"",""тре "",""южн"",""ой "",""части "",""Ти"",""ог"",""о "",""ок"",""еан"",""а.""]",46
740,dev,740,"Это архипелаг из 15 островов, раскинувшийся на 2,2 миллиона кв. км в океане.","[""Э"",""о "",""ар"",""ип"",""елаг"","" "",""из "",""15 "",""остров"",""ов"","", "",""раск"",""ин"",""увш"",""ийся "",""на "",""2,2 "",""миллион"",""а "",""кв. "",""км "",""в "",""ок"",""еан"",""е.""]",25
741,dev,741,"Так как на островах тот же часовой пояс, как на Гавайях, их иногда называют ""нижние Гавайи"".","[""Т"",""ак"","" "",""как"","" "",""на "",""остров"",""ах "",""то"","" "",""же "",""часов"",""ой "",""по"",""с, "",""как"","" "",""на "",""Гавайя"","", "",""их "",""ин"",""огда "",""называют "",""\""нижн"",""ие "",""Гавайи\"".""]",27
742,dev,742,"Хотя они меньше, но напоминают некоторым пожилым гостям Гавайи до получения статуса штата, без всех их огромных отелей и других построек.","[""Х"",""о"",""я "",""он"",""и "",""мен"",""ьш"",""е, "",""но "",""нап"",""ом"",""ин"",""ают "",""нек"",""ото"",""ым "",""пож"",""лым "",""го"",""тям "",""Гавайи "",""до "",""пол"",""чен"",""ия "",""ста"",""уса "",""шта"",""а, "",""без "",""всех "",""их "",""огром"",""н"",""ых "",""отелей "",""и друг"",""их "",""по"",""троек"","".""]",41
743,dev,743,На островах Кука отсутствуют города. но этот архипелаг включает 15 различных островов. Главными из них являются острова Раротонга и Аитутаки.,"[""Н"",""а "",""остров"",""ах "",""Кука "",""отсутств"",""уют "",""го"",""ода. "",""но "",""это"","" "",""ар"",""ип"",""елаг"","" "",""включает "",""15 "",""разли"",""н"",""ых "",""остров"",""ов"","". "",""Глав"",""н"",""ыми "",""из "",""них "",""явля"",""тся "",""остров"",""а "",""Рар"","""",""он"",""га "",""и Аи"",""у"",""ак"",""и.""]",41
744,dev,744,"В развитых странах предоставление услуг класса люкс в рамках системы ""ночлег и завтрак"" стало своего рода искусством.","[""В"","" "",""разв"",""итых "",""стр"",""н"",""ах "",""пред"",""о"",""тавлен"",""ие "",""услуг"","" "",""кла"",""са "",""люк"",""с "",""в "",""рамках "",""систем"",""ы "",""\""ночлег "",""и зав"",""трак\"" "",""стало "",""своего "",""рода "",""иск"",""усств"",""ом.""]",30
745,dev,745,"Будучи лидерами в своей нише, мини-гостиницы B&B конкурируют в основном по двум главным параметрам: постель и завтрак.","[""Б"",""уд"",""чи "",""лиде"",""ами "",""в "",""своей "",""нише, "",""мин"",""и-"",""го"",""тин"",""ицы "",""B&B "",""кон"",""курир"",""ют "",""в "",""основ"",""н"",""ом "",""по "",""двум "",""глав"",""н"",""ым "",""пар"",""метрам: "",""по"",""тель "",""и зав"",""трак.""]",32
746,dev,746,"Соответственно, в наиболее престижных заведениях такого типа можно встретить самое роскошное постельное белье, например, лоскутные одеяла ручной работы или антикварную кровать.","[""Соо"",""ветств"",""ен"",""но, "",""в "",""наиболее "",""пре"",""тижн"",""ых "",""зав"",""еден"",""иях "",""так"",""ого "",""типа "",""можн"",""о "",""встретить "",""сам"",""ое "",""роск"",""ошн"",""ое "",""по"",""тел"",""н"",""ое "",""бел"",""е, "",""нап"",""ример, "",""ло"",""к"",""утн"",""ые "",""одеяла "",""ручн"",""ой "",""рабо"",""ы "",""или "",""ан"",""тик"",""варн"",""ую "",""кров"",""ать.""]",47
747,dev,747,За завтраком могут подавать сезонные местные деликатесы или особое блюдо владельца.,"[""З"",""а "",""зав"",""траком "",""могут "",""под"",""вать "",""сезон"",""ные "",""местн"",""ые "",""дел"",""к"",""атес"",""ы "",""или "",""особ"",""ое "",""блюдо "",""владельца.""]",20
748,dev,748,"Фоном может являться историческое старое здание со старинной меблировкой, ухоженным ландшафтом и плавательным бассейном.","[""Фон"",""ом "",""може"","" "",""явля"",""ься "",""исто"",""ическ"",""ое "",""ста"",""ое "",""здан"",""ие "",""со "",""ста"",""ин"",""ной "",""меблиров"",""кой, "",""ухожен"",""ным "",""лан"",""дшафтом "",""и плавательн"",""ым "",""бассейн"",""ом.""]",27
749,dev,749,Идея сесть в свой автомобиль и отправиться в долгую поездку неизменно привлекательна в своей простоте.,"[""Ид"",""я "",""сест"","" "",""в "",""свой "",""авто"","""",""об"",""иль "",""и отправ"",""иться "",""в "",""долг"",""ую "",""поездк"",""у "",""неизмен"",""но "",""при"",""лек"",""ател"",""н"",""а "",""в "",""своей "",""про"",""то"",""е.""]",29
750,dev,750,"В отличие от более габаритных машин, вы уже наверное знаете, как водить вашу машину, и какие у неё есть ограничения.","[""В"","" "",""отли"",""ие "",""от "",""более "",""габаритн"",""ых "",""машин"","", "",""вы уже "",""нав"",""ерн"",""ое "",""зн"",""аете, "",""как"","" "",""водить "",""ваш"",""у "",""машин"",""у, "",""и как"",""ие "",""у "",""неё "",""есть "",""огран"",""ичен"",""ия.""]",31
751,dev,751,Установка палатки на частной территории или в даже небольшом городе может легко привлечь нежелательное внимание.,"[""У"",""тан"",""ов"",""ка "",""пал"","""",""ки "",""на "",""частн"",""ой "",""тер"",""ито"",""ии "",""или "",""в "",""даже "",""небольш"",""ом "",""го"",""оде "",""може"","" "",""легк"",""о "",""при"",""лечь "",""нежела"",""ел"",""н"",""ое "",""вн"",""иман"",""ие.""]",33
752,dev,752,"Словом, использование личного автомобиля это прекрасный способ совершать поездки, что само по себе редко является причиной ночёвок на открытом воздухе.","[""Слов"",""ом, "",""испол"",""зов"",""ан"",""ие "",""личн"",""ого "",""авто"","""",""об"",""иля "",""это "",""прек"",""расн"",""ый "",""спо"",""об"","" "",""сов"",""ершать "",""поездк"",""и, "",""что "",""сам"",""о "",""по "",""себе "",""редк"",""о "",""является "",""при"",""ин"",""ой "",""ночёвок"","" "",""на "",""отк"",""рытом "",""возд"",""хе.""]",41
753,dev,753,"Кемпинг в машине возможен, если у вас есть большой минивэн, внедорожник, седан или универсал с откидывающимися сиденьями.","[""К"",""ем"",""п"",""ин"",""г "",""в "",""машин"",""е "",""возм"",""ожен"","", "",""если "",""у "",""вас "",""есть "",""больш"",""ой "",""мин"",""ивэн"","", "",""вн"",""едо"",""ожн"",""ик, "",""седан"","" "",""или "",""ун"",""ивер"",""ал "",""с "",""отк"",""идывающ"",""имися "",""сиден"",""ьями.""]",36
754,dev,754,Некоторые отели имеют наследие со времён золотого века паровых железных дорог и океанских лайнеров до Второй мировой войны в 19 и 20 веках.,"[""Н"",""ек"",""ото"",""ые "",""отели "",""имеют "",""наследие "",""со "",""врем"",""ён"","" "",""золо"",""ог"",""о "",""век"",""а "",""пар"",""в"",""ых "",""желез"",""н"",""ых "",""до"",""ог"","" "",""и ок"",""еан"",""ских "",""лайн"",""еров"","" "",""до "",""Вто"",""ой "",""миров"",""ой "",""войн"",""ы "",""в "",""19 "",""и 20 "",""век"",""ах.""]",43
755,dev,755,"В этих отелях останавливались богатые и известные люди тех времён, и часто у них было изысканное питание и ночная жизнь","[""В"","" "",""эти"","" "",""отел"","""","" "",""остан"",""ав"",""лив"",""али"",""ь "",""бога"",""ые "",""и известн"",""ые "",""люди "",""тех "",""врем"",""ён"","", "",""и часто "",""у "",""них "",""было "",""из"",""ск"",""ан"",""ное "",""питан"",""ие "",""и ночн"",""ая "",""жизн"",""ь""]",35
756,dev,756,"Старомодная фурнитура, отсутствие современных удобств и определённая элегантная состаренность также являются их характерными чертами.","[""С"",""а"",""ом"",""од"",""н"",""ая "",""фур"","""",""итура, "",""отсутств"",""ие "",""сов"",""рем"",""ен"",""ных "",""удоб"",""ств"","" "",""и опред"",""ел"",""н"",""ная "",""элеган"",""тн"",""ая "",""со"",""тарен"",""ность "",""так"",""же "",""явля"",""тся "",""их "",""харак"",""тер"","""",""ыми "",""чер"",""ами.""]",39
757,dev,757,"Несмотря на то, что они обычно находятся в частной собственности, иногда там принимают глав государств и других почетных гостей.","[""Н"",""есмо"",""р"","" "",""на "",""то, "",""что "",""он"",""и "",""обычн"",""о "",""находятся "",""в "",""частн"",""ой "",""соб"",""ств"",""ен"",""ности, "",""ин"",""огда "",""там "",""при"","""",""имают "",""глав"","" "",""го"",""ударств"","" "",""и друг"",""их "",""по"",""етн"",""ых "",""го"",""тей.""]",37
758,dev,758,Путешественник с кучей денег может задуматься о кругосветном полете с остановками во многих из этих отелей.,"[""П"",""утеш"",""еств"",""ен"",""ник "",""с "",""кучей "",""ден"",""ег "",""може"","" "",""зад"",""маться "",""о "",""круг"",""о"",""ветн"",""ом "",""пол"",""те "",""с "",""остан"",""ов"",""ками "",""во "",""многих "",""из "",""этих "",""отелей.""]",29
759,dev,759,"Сеть обмена гостеприимством — это организация, которая предоставляет путешественникам возможность пообщаться с местными жителями городов, которые они собираются посетить.","[""Се"","""","" "",""обм"",""ен"",""а "",""го"",""теп"",""ри"",""м"",""ств"",""ом "",""— "",""это "",""орган"",""иза"",""и"",""я, "",""кото"",""ая "",""пред"",""о"",""тавляет "",""путешеств"",""ен"",""никам "",""возм"",""ожн"",""ость "",""пооб"",""щ"",""аться "",""с "",""местн"",""ыми "",""жителям"",""и "",""го"",""одов"","", "",""кото"",""ые "",""он"",""и "",""соб"",""ираются "",""по"",""етить.""]",48
760,dev,760,"Чтобы присоединиться к такой сети, обычно достаточно заполнить онлайн-форму, хотя некоторые сети предлагают дополнительную проверку или требуют ее.","[""Ч"",""об"",""ы "",""при"",""оедин"",""иться "",""к "",""так"",""ой "",""сети, "",""обычн"",""о "",""до"",""таточн"",""о "",""зап"",""олнить "",""он"",""лайн"",""-"",""форм"",""у, "",""хо"",""я "",""нек"",""ото"",""ые "",""сети "",""пред"",""лаг"",""ают "",""доп"",""олнительн"",""ую "",""пров"",""ерку "",""или "",""треб"",""уют "",""ее.""]",40
761,dev,761,"Затем предоставляется список доступных хозяев в печатном и/или электронном виде, в котором иногда могут быть указаны рекомендации и отзывы от других путешественников.","[""З"",""а"",""ем"","" "",""пред"",""о"",""тавляется "",""спи"",""ок"","" "",""до"",""тупн"",""ых "",""хоз"",""ев"","" "",""в "",""печа"",""н"",""ом "",""и/"",""или "",""элек"",""трон"",""ном "",""вид"","", "",""в "",""кото"",""ом "",""ин"",""огда "",""могут "",""быть "",""указан"",""ы "",""рек"",""омен"",""дации "",""и отз"",""вы "",""от "",""друг"",""их "",""путешеств"",""ен"",""ников"","".""]",48
762,dev,762,"Компания Couchsurfing учреждена в январе 2004 года. Поводом для ее основания стало то, что программисту Кейси Фентон удалось найти недорогой авиабилет в Исландию, но ему негде было там остановиться.","[""К"",""ом"",""пан"",""ия "",""Couchsurfin"",""g "",""учрежден"",""а "",""в "",""ян"",""варе "",""2004 "",""года. "",""Пов"",""одом"","" "",""для "",""ее "",""основ"",""ан"",""ия "",""стало "",""то, "",""что "",""прог"",""раммисту "",""Кейси "",""Фен"",""тон"","" "",""удало"",""ь "",""най"",""и "",""нед"","""",""огой "",""авиаб"",""илет "",""в "",""Ислан"",""дию, "",""но "",""ему "",""негде "",""было "",""там "",""остан"",""ов"",""иться.""]",50
763,dev,763,Он написал по электронной почте студентам местного университета и получил огромное количество предложений насчёт бесплатного проживания.,"[""Он"","" "",""нап"",""исал "",""по "",""элек"",""трон"",""ной "",""по"",""те "",""студен"",""там "",""местн"",""ого "",""ун"",""ивер"",""итета "",""и пол"",""чил "",""огром"",""н"",""ое "",""кол"",""честв"",""о "",""пред"",""ложен"",""ий "",""насчёт "",""бесплатн"",""ого "",""проживан"",""ия.""]",33
764,dev,764,"Хостелы предназначены, главным образом, для молодых людей — возраст типичных гостей варьируется от двадцати до тридцати лет, но часто вы можете встретить там и путешественников постарше.","[""Х"",""о"",""тел"","" "",""пред"",""н"",""азн"",""ачен"",""ы, "",""глав"",""н"",""ым "",""образом"","", "",""для "",""молод"",""ых "",""людей "",""— "",""воз"",""аст "",""типичн"",""ых "",""го"",""тей "",""вар"",""ир"",""ется "",""от "",""двад"",""ати "",""до "",""три"",""цати "",""лет, "",""но "",""часто "",""вы може"",""е "",""вст"",""етить "",""там "",""и путешеств"",""ен"",""ников"","" "",""по"",""тарше.""]",48
765,dev,765,"Cемьи с детьми здесь можно увидеть редко, но некоторые хостелы разрешают им селится в отдельных номерах.","[""C"",""ем"",""ьи "",""с "",""детьми "",""здесь "",""можн"",""о "",""увидеть "",""редк"",""о, "",""но "",""нек"",""ото"",""ые "",""хостел"","" "",""раз"",""ешают "",""им "",""сели"",""ся "",""в "",""отдел"",""н"",""ых "",""номерах.""]",27
766,dev,766,"Столица Китая Пекин примет у себя зимние Олимпийские игры в 2022 году, что сделает его первым городом, принявшим у себя как летние, так и зимние Олимпийские игры.","[""С"",""ол"","""","""",""а "",""Кита"","" "",""Пек"",""ин"","" "",""при"",""ет "",""у "",""себя "",""зимн"",""ие "",""Олим"",""пийск"",""ие "",""игры "",""в "",""2022 "",""году, "",""что "",""сделает "",""его "",""пер"",""ым "",""го"",""одом"","", "",""при"","""",""явшим "",""у "",""себя "",""как"","" "",""летн"",""ие, "",""так"","" "",""и зимн"",""ие "",""Олим"",""пийск"",""ие "",""игры.""]",48
767,dev,767,"Пекин станет местом проведения церемоний открытия и закрытия, а также ледовых мероприятий в помещениях.","[""П"",""ек"",""ин"","" "",""стан"",""ет "",""местом"","" "",""пров"",""еден"",""ия "",""цер"",""м"",""он"",""ий "",""отк"",""рытия "",""и зак"",""рытия, "",""а так"",""же "",""ледов"",""ых "",""мер"",""п"",""риятий "",""в "",""пом"",""ещен"",""иях.""]",30
768,dev,768,"Другие лыжные соревнования пройдут в горнолыжном районе Тайцзичэн в Чжанцзякоу, примерно в 220 км (140 миль) от Пекина.","[""Д"","""",""уг"",""ие "",""лыжн"",""ые "",""со"",""ев"",""н"",""ов"",""ан"",""ия "",""пройдут "",""в "",""го"",""н"",""олыжн"",""ом "",""район"",""е "",""Тайцзичэн"","" "",""в "",""Чжан"",""цзяк"",""оу, "",""при"",""ерн"",""о "",""в "",""220 "",""км "",""(140 "",""миль) "",""от "",""Пек"",""ин"",""а.""]",38
769,dev,769,"В большинстве храмов отмечается ежегодный фестиваль, проводящийся с конца ноября до середины мая. Даты проведения зависят от годового календаря каждого храма.","[""В"","" "",""больш"",""ин"",""ств"",""е "",""храмов"","" "",""отм"",""ечается "",""ежегодн"",""ый "",""фестивал"","", "",""пров"",""одящ"",""ийся "",""с "",""кон"",""ца "",""ноября "",""до "",""сер"",""дин"",""ы "",""мая. "",""Даты "",""пров"",""еден"",""ия "",""зав"",""исят "",""от "",""годов"",""ого "",""кал"",""н"",""даря "",""каждог"",""о "",""храма.""]",41
770,dev,770,"Большинство храмовых праздников отмечается в рамках годовщины храма, дня рождения центрального божества или любого другого значимого события, связанного с храмом.","[""Б"",""ольш"",""ин"",""ств"",""о "",""храмов"",""ых "",""праздн"",""иков"","" "",""отм"",""ечается "",""в "",""рамках "",""годов"",""щин"",""ы "",""храма, "",""дня "",""рожден"",""ия "",""цен"",""тральн"",""ого "",""боже"",""тв"",""а "",""или "",""люб"",""ого "",""друг"",""ог"",""о "",""зн"",""ачим"",""ого "",""соб"",""ытия, "",""связан"",""ного "",""с "",""храмом.""]",42
771,dev,771,"Храмовые праздники в Керале очень интересно наблюдать, они сопровождаются постоянными процессиями украшенных слонов, выступлениями храмовых оркестров и другими торжествами.","[""Х"",""рамов"",""ые "",""праз"",""дн"",""ики "",""в "",""Кер"",""ле "",""очен"",""ь "",""ин"",""тер"",""сн"",""о "",""наб"",""людать, "",""он"",""и "",""соп"",""ров"",""ождаются "",""по"",""то"",""н"",""ными "",""про"",""есси"",""ями "",""украшен"",""ных "",""слон"",""ов"","", "",""выс"",""уплен"",""иями "",""храмов"",""ых "",""оркестров"","" "",""и друг"",""ими "",""то"",""же"",""тв"",""ами.""]",47
772,dev,772,"Всемирная выставка (которую часто называют просто ""Экспо"") представляет собой большой международный фестиваль искусств и науки.","[""В"",""сем"",""ирн"",""ая "",""выс"",""авка "",""(кото"",""ую "",""часто "",""называют "",""про"",""то "",""\""Эк"",""спо\"""","") "",""пред"",""став"",""ляет "",""соб"",""ой "",""больш"",""ой "",""межд"",""н"",""ародн"",""ый "",""фестивал"","" "",""иск"",""усств"","" "",""и науки.""]",32
773,dev,773,"Страны-участницы представляют в национальных павильонах художественные и образовательные экспозиции, показывая мировые проблемы или культуру и историю своей страны.","[""С"","""","""",""н"",""ы-"",""уча"",""тн"",""ицы "",""пред"",""став"",""ля"",""т "",""в "",""национ"",""альн"",""ых "",""павильон"",""ах "",""художеств"",""ен"",""ные "",""и образов"",""ательн"",""ые "",""эк"",""споз"",""иции, "",""пок"",""азывая "",""миров"",""ые "",""проб"",""лем"",""ы "",""или "",""культу"","""","" "",""и исто"",""ию "",""своей "",""стр"",""н"",""ы.""]",44
774,dev,774,"Международные садовые выставки — это специализированные события, на которых выставляются цветочные экспозиции, ботанические сады, а также всё, что связано с растениями.","[""М"",""ежд"",""н"",""ародн"",""ые "",""садов"",""ые "",""выс"",""авки "",""— "",""это "",""спе"",""иализиров"",""ан"",""ные "",""соб"",""ытия, "",""на "",""кото"",""ых "",""выс"",""авляются "",""цвето"",""н"",""ые "",""эк"",""споз"",""иции, "",""бо"",""ан"",""ическ"",""ие "",""сад"","", "",""а так"",""же "",""всё, "",""что "",""связан"",""о "",""с "",""рас"",""ен"",""иями.""]",44
775,dev,775,"Хотя теоретически они могут проходить каждый год  (если проводятся в разных странах), но в действительности это не так.","[""Х"",""о"",""я "",""тео"",""етическ"",""и "",""он"",""и "",""могут "",""про"",""оди"",""ь "",""кажд"",""й "",""год "","" (если "",""пров"",""одятся "",""в "",""разн"",""ых "",""стр"",""н"",""ах), "",""но "",""в "",""действ"",""ительн"",""ости "",""это "",""не "",""так"","".""]",33
776,dev,776,Эти мероприятия длятся обычно от трёх до шести месяцев и проводятся на участках не менее 50-ти гектаров.,"[""Э"",""и "",""мер"",""п"",""ри"",""ти"","" "",""длятся "",""обычн"",""о "",""от "",""тр"","""","" "",""до "",""шести "",""месяцев"","" "",""и пров"",""одятся "",""на "",""уча"",""тках "",""не "",""мен"",""ее "",""50-"",""ти "",""гек"",""таров"","".""]",31
777,dev,777,"Существует множество разных форматов пленки, используемых уже на протяжении долгих лет. Стандартная 35-миллиметровая пленка (негатив 36 на 24 мм) — наиболее распространенная.","[""С"","""",""еств"",""ует "",""мн"",""оже"",""тв"",""о "",""разн"",""ых "",""форм"",""атов"","" "",""плен"",""ки, "",""использ"",""ем"",""ых "",""уже "",""на "",""про"",""яжен"",""ии "",""долг"",""их "",""лет. "",""Стан"",""дартн"",""ая "",""35-"",""миллим"",""етров"",""ая "",""плен"",""ка "",""(нега"",""ив "",""36 "",""на "",""24 "",""мм) "",""— "",""наиболее "",""расп"",""ро"",""тран"",""ен"",""ная.""]",48
778,dev,778,"Его обычно достаточно легко восполнить, если он у вас закончится, а также он дает разрешение, которое приблизительно сопоставимо с однообъективной цифровой зеркалкой.","[""Ег"",""о "",""обычн"",""о "",""до"",""тато"",""н"",""о "",""легк"",""о "",""во"",""полн"",""ить, "",""если "",""он"","" "",""у "",""вас "",""зак"",""он"",""чится, "",""а так"",""же "",""он"","" "",""дает "",""раз"",""ешен"",""ие, "",""кото"",""ое "",""при"",""лизительн"",""о "",""соп"",""о"",""тавимо "",""с "",""одн"",""ооб"",""ъек"",""тивн"",""ой "",""цифров"",""ой "",""зеркалкой.""]",46
779,dev,779,"Некоторые плёночные фотоаппараты среднего формата используют формат 6 на 6 сантиметров, а точнее негатив 56мм на 56 мм.","[""Н"",""ек"",""ото"",""ые "",""пл"",""н"",""очн"",""ые "",""фото"",""пп"",""араты "",""средн"",""его "",""форм"",""ата "",""использ"",""ют "",""форм"",""ат "",""6 на "",""6 сан"",""тим"",""етров"","", "",""а то"",""н"",""ее "",""нега"",""ив "",""56мм "",""на "",""56 "",""мм.""]",33
780,dev,780,"Благодаря этому, разрешение почти в четыре раза больше, чем у 35-миллиметрового негатива (3136 кв. мм против 864).","[""Б"",""лаг"",""ода"",""я "",""этому, "",""раз"",""ешен"",""ие "",""по"",""ти "",""в "",""чет"",""ре "",""раза "",""больш"",""е, "",""чем"","" "",""у "",""35-миллим"",""етров"",""ого "",""нега"",""ива "",""(3136 "",""кв. "",""мм "",""про"",""ив "",""864).""]",30
781,dev,781,"Дикая природа является одним из самых сложных направлений для фотографа, ведь для её съёмки требуется сочетание удачи, терпения, опыта и хорошего оборудования.","[""Д"",""ик"",""ая "",""при"",""ода "",""является "",""одн"",""им "",""из "",""сам"",""ых "",""сложн"",""ых "",""нап"",""рав"",""лен"",""ий "",""для "",""фото"","""",""рафа, "",""вед"","" "",""для "",""её "",""съёмки "",""треб"",""уется "",""со"",""етан"",""ие "",""удачи, "",""тер"",""ен"",""ия, "",""опыта "",""и хо"",""ош"",""его "",""обо"",""удов"",""ан"",""ия.""]",43
782,dev,782,"Искусство фотографии дикой природы зачастую воспринимается как нечто само собой разумеющееся, но, как и в искусстве фотографии в целом, один снимок стоит тысячи слов.","[""И"",""к"",""усств"",""о "",""фото"","""",""ра"",""ии "",""дик"",""ой "",""при"",""оды "",""за"",""астую "",""во"",""прин"",""имается "",""как"","" "",""неч"",""о "",""сам"",""о "",""соб"",""ой "",""раз"",""меющ"",""ееся, "",""но, "",""как"","" "",""и в "",""иск"",""усств"",""е "",""фото"","""",""рафии "",""в "",""целом, "",""один"","" "",""снимок"","" "",""стоит "",""тысячи "",""слов"","".""]",48
783,dev,783,"Для фотосъёмки дикой природы зачастую требуется длинный телеобъектив, хотя, например, для стаи птиц или какого-нибудь крошечного существа понадобятся другие виды объективов.","[""Д"",""ля "",""фото"",""ъёмки "",""дик"",""ой "",""при"",""оды "",""за"",""астую "",""треб"",""уется "",""длин"",""ный "",""тел"",""об"",""ъек"",""тив, "",""хо"",""я, "",""нап"",""ример, "",""для "",""стаи "",""пти"","" "",""или "",""как"",""ого-"",""нибуд"","" "",""кро"",""ечн"",""ого "",""существ"",""а "",""пон"",""адоб"",""ятся "",""друг"",""ие "",""вид"","" "",""объек"",""тивов"","".""]",46
784,dev,784,"Многих экзотических животных сложно отыскать, к тому же в парках иногда налагаются ограничения на фотографирование в коммерческих целях.","[""М"",""н"",""огих "",""эк"",""зо"",""ическ"",""их "",""живо"",""н"",""ых "",""сложн"",""о "",""отыск"",""ать, "",""к "",""тому "",""же "",""в "",""пар"",""ах "",""ин"",""огда "",""нал"",""г"",""аются "",""огран"",""ичен"",""ия "",""на "",""фото"","""",""рафиров"",""ан"",""ие "",""в "",""ком"",""мер"",""еск"",""их "",""целя"","".""]",41
785,dev,785,"Дикие животные могут быть пугливыми или агрессивными. Окружающая среда может быть холодной, жаркой или же, наоборот, неблагоприятной.","[""Д"",""ик"",""ие "",""живо"",""н"",""ые "",""могут "",""быть "",""пуг"",""лив"",""ыми "",""или "",""аг"",""есси"",""вн"",""ыми. "",""Ок"",""ружающ"",""ая "",""среда "",""може"","" "",""быть "",""холод"",""н"",""ой, "",""жар"","""",""ой "",""или "",""же, "",""наоб"",""орот, "",""неблаг"",""оп"",""ри"",""тн"",""ой.""]",38
786,dev,786,"В мире насчитывается более 5000 различных языков, и из них более двадцати, на которых говорят 50 и более миллионов человек.","[""В"","" "",""мире "",""насчитывается "",""более "",""5000 "",""разли"",""н"",""ых "",""языков"","", "",""и из "",""них "",""более "",""двад"",""ати, "",""на "",""кото"",""ых "",""гово"",""ят "",""50 "",""и более "",""миллион"",""ов"","" "",""челов"",""ек.""]",28
787,dev,787,"Также написанное часто легче понять, чем произнесенное вслух. Особенно это касается адресов, которые часто трудно произнести так, чтобы было понятно.","[""Т"",""ак"",""же "",""нап"",""исан"",""ное "",""часто "",""лег"",""е "",""пон"",""ять, "",""чем"","" "",""произн"",""есен"",""ное "",""вслух"","". "",""Особ"",""ен"",""но "",""это "",""касается "",""ад"",""есов"","", "",""кото"",""ые "",""часто "",""тр"",""дн"",""о "",""произн"",""ести "",""так"","", "",""чтобы "",""было "",""пон"",""ятн"",""о.""]",41
788,dev,788,"Всё население многих стран абсолютно свободно говорит на английском, и в ещё большем количестве вы можете ожидать встретить ограниченное знание, особенно среди более молодых людей.","[""В"",""сё "",""населен"",""ие "",""многих "",""стр"",""н"","" "",""абсолютн"",""о "",""своб"",""одн"",""о "",""гово"",""ит "",""на "",""ан"",""глийск"",""ом, "",""и в "",""ещё "",""больш"",""ем "",""кол"",""честв"",""е "",""вы може"",""е "",""ожидать "",""вст"",""етить "",""огран"",""ичен"",""ное "",""зн"",""ан"",""ие, "",""особ"",""ен"",""но "",""среди "",""более "",""молод"",""ых "",""людей.""]",45
789,dev,789,"Представьте себе, что люди из Манчестера, Бостона, Сиднея и Ямайки сидят за столом, ужиная в ресторане в Торонто.","[""П"",""ред"",""став"",""ьте "",""себе, "",""что "",""люди "",""из "",""Ман"",""честер"","", "",""Бо"",""тон"",""а, "",""Сид"","""",""ея "",""и Ямайк"",""и "",""сидят "",""за "",""стол"",""ом"","", "",""ужин"",""ая "",""в "",""рес"",""о"",""ан"",""е "",""в "",""То"",""он"",""то.""]",35
790,dev,790,"Они развлекают друг друга историями из своих родных городов, рассказанными с выраженным акцентом на местном жаргоне.","[""Он"",""и "",""разв"",""лек"",""ают "",""друг"","" "",""друг"",""а "",""исто"",""иями "",""из "",""своих "",""родн"",""ых "",""го"",""одов"","", "",""рас"",""к"",""азан"",""ными "",""с "",""выражен"",""ным "",""ак"",""цен"",""том "",""на "",""местн"",""ом "",""жаргон"",""е.""]",33
791,dev,791,"Покупать еду в супермаркетах, как правило, — это самый дешёвый способ питаться. Если же нет возможности готовить пищу, выбор ограничивается готовой к употреблению едой.","[""П"",""ок"",""упа"",""ь "",""еду "",""в "",""супер"",""аркета"","", "",""как"","" "",""прав"",""ило, "",""— "",""это "",""сам"",""ый "",""дешёвый "",""спо"",""об"","" "",""питаться. "",""Если "",""же "",""нет "",""возм"",""ожн"",""ости "",""го"",""ов"",""ить "",""пищу, "",""выбо"","" "",""огран"",""ичивается "",""го"",""ов"",""ой "",""к "",""упо"",""реб"",""лен"",""ию "",""едой.""]",45
792,dev,792,Все чаще супермаркеты расширяют ассортимент отделов готовой еды. Некоторые даже предоставляют микроволновую печь или другие средства для разогрева еды.,"[""В"",""се "",""чащ"",""е "",""супер"",""аркеты "",""рас"",""иряют "",""ассо"",""тимен"",""т "",""отделов"","" "",""го"",""ов"",""ой "",""еды. "",""Нек"",""ото"",""ые "",""даже "",""пред"",""о"",""тавляют "",""мик"",""ров"",""олн"",""ов"",""ую "",""печ"","" "",""или "",""друг"",""ие "",""средств"",""а "",""для "",""разог"",""рев"",""а "",""еды.""]",41
793,dev,793,"В некоторых странах или внутри магазинов определенных форматов есть хотя бы один, зачастую довольно простой, ресторан с доступными ценами.","[""В"","" "",""нек"",""ото"",""ых "",""стр"",""н"",""ах "",""или "",""вн"",""утри "",""магазин"",""ов"","" "",""опред"",""елен"",""ных "",""форм"",""атов"","" "",""есть "",""хотя "",""бы "",""один"","", "",""за"",""астую "",""дов"",""ольн"",""о "",""про"",""той, "",""рес"",""о"",""ан"","" "",""с "",""до"",""тупн"",""ыми "",""цен"",""ами.""]",42
794,dev,794,Сделайте копии своего полиса и носите их и контакты вашего страховщика с собой.,"[""Сд"",""л"",""й"",""е "",""копии "",""своего "",""пол"",""са "",""и носите "",""их "",""и кон"",""такты "",""ваш"",""его "",""стр"",""хов"",""щ"",""ика "",""с "",""соб"",""ой.""]",21
795,dev,795,"В них должны быть указаны электронная почта, адрес и международные телефоны, чтобы можно было обратиться за консультацией, подтверждением или предъявить претензии.","[""В"","" "",""них "",""должн"",""ы "",""быть "",""указан"",""ы "",""элек"",""трон"",""ная "",""по"",""та, "",""ад"",""ес "",""и межд"",""н"",""ародн"",""ые "",""тел"","""",""он"",""ы, "",""чтобы "",""можн"",""о "",""было "",""обратиться "",""за "",""кон"",""сульта"",""и"",""ей, "",""под"",""вер"",""д"",""ен"",""ием "",""или "",""пред"",""ъявить "",""пре"",""ен"",""зии.""]",44
796,dev,796,"Имейте с собой ещё один экземпляр в багаже и онлайн (отправьте его себе по электронной почте в виде вложения или храните в ""облаке"").","[""Им"",""ей"",""е "",""с "",""собой "",""ещё "",""один"","" "",""эк"",""зем"",""пляр "",""в "",""багаже "",""и он"",""лайн"","" "",""(отправ"",""ьте "",""его "",""себе "",""по "",""элек"",""трон"",""ной "",""по"",""те "",""в "",""виде "",""вложен"",""ия "",""или "",""хран"",""ите "",""в "",""\""облак"",""е\"").""]",36
797,dev,797,"Взяв собой в путешествие ноутбук или планшет, обязательно сохраните копию либо во внутренней памяти этого устройства, либо на внешнем диске (к которому будет доступ и в отсутствие Интернета).","[""В"",""з"",""в "",""соб"",""ой "",""в "",""путешеств"",""ие "",""ноутбук "",""или "",""план"",""шет, "",""обязательн"",""о "",""со"",""ран"",""ите "",""копию "",""либо "",""во "",""вн"",""утрен"",""ней "",""памяти "",""этого "",""устройств"",""а, "",""либо "",""на "",""вн"",""ешн"",""ем "",""дис"",""к"",""е "",""(к "",""кото"",""ому "",""будет "",""до"",""туп "",""и в "",""отсутств"",""ие "",""Ин"",""тер"","""",""ета).""]",48
798,dev,798,"Кроме того, предоставьте копии страхового свидетельства/контактов попутчикам или родственникам и друзьям, которые остались дома и могут помочь.","[""К"",""ром"",""е "",""того, "",""пред"",""о"",""тавьте "",""копии "",""стр"",""хов"",""ого "",""свидетел"",""ств"",""а/"",""кон"",""тактов"","" "",""поп"",""утч"",""икам "",""или "",""родств"",""ен"",""никам "",""и друзьям, "",""кото"",""ые "",""остались "",""дом"",""а "",""и могут "",""пом"",""очь.""]",33
799,dev,799,"Лоси по своей природе неагрессивны, но будут защищать себя, если почувствуют угрозу.","[""Л"",""о"",""и "",""по "",""своей "",""при"",""оде "",""неаг"",""есси"",""вн"",""ы, "",""но "",""буд"",""т "",""за"",""ищать "",""себя, "",""если "",""по"",""увств"",""уют "",""уг"",""оз"","".""]",24
800,dev,800,"Если люди не воспринимают лосей как потенциальную опасность, они могут подойти слишком близко, подвергая себя риску.","[""Е"",""ли "",""люди "",""не "",""во"",""прин"",""имают "",""ло"",""ей "",""как"","" "",""по"",""ен"",""циальн"",""ую "",""опасн"",""ость, "",""он"",""и "",""могут "",""под"",""йти "",""сли"",""ком "",""близк"",""о, "",""под"",""ергая "",""себя "",""риск"",""у.""]",31
801,dev,801,"Пейте алкогольные напитки в умеренном количестве. Алкоголь влияет на всех по-разному, и знать свой лимит очень важно.","[""П"",""ей"",""е "",""алк"",""ог"",""ол"",""ьн"",""ые "",""нап"",""итки "",""в "",""умерен"",""ном "",""кол"",""честв"",""е. "",""Алк"",""огол"",""ь "",""влияет "",""на "",""всех "",""по-разн"",""ому, "",""и зн"",""ать "",""свой "",""лим"",""ит "",""очен"",""ь "",""важн"",""о.""]",33
802,dev,802,Возможные долгосрочные последствия для здоровья от чрезмерного употребления алкоголя могут включать в себя поражение печени и даже слепоту и летальный исход. Потенциальная опасность увеличивается при употреблении нелегально произведённого алкоголя.,"[""В"",""озм"",""ожн"",""ые "",""долг"",""о"",""ро"",""н"",""ые "",""по"",""ледств"",""ия "",""для "",""здо"",""ов"",""ья "",""от "",""чрезм"",""ерн"",""ого "",""упо"",""реб"",""лен"",""ия "",""алк"",""огол"",""я "",""могут "",""включать "",""в "",""себя "",""по"",""ажен"",""ие "",""печен"",""и "",""и даже "",""слеп"",""о"",""у "",""и летальн"",""ый "",""исход. "",""По"",""ен"",""циальн"",""ая "",""опасн"",""ость "",""увеличивается "",""при "",""упо"",""реб"",""лен"",""ии "",""нел"",""гальн"",""о "",""произв"",""едён"",""ного "",""алкогол"",""я.""]",63
803,dev,803,"Нелегальные спиртные напитки могут содержать различные опасные примеси, включая метиловый спирт, который в небольших дозах может вызвать слепоту или даже смерть.","[""Н"",""ел"",""гальн"",""ые "",""спиртн"",""ые "",""нап"",""итки "",""могут "",""содержать "",""разли"",""н"",""ые "",""опасн"",""ые "",""при"",""еси, "",""включая "",""мет"",""лов"",""ый "",""спирт, "",""кото"",""ый "",""в "",""небольш"",""их "",""доза"","" "",""може"","" "",""вызв"",""ать "",""слеп"",""о"",""у "",""или "",""даже "",""смерть.""]",39
804,dev,804,"Очки могут быть дешевле в другом государстве, особенно в странах с низким доходом, где затраты на труд меньше.","[""О"",""ки "",""мог"",""т "",""быть "",""дешев"",""ле "",""в "",""друг"",""ом "",""го"",""ударств"",""е, "",""особ"",""ен"",""но "",""в "",""стр"",""н"",""ах "",""с "",""низк"",""им "",""до"",""одом"","", "",""где "",""за"",""раты "",""на "",""тр"",""д "",""мен"",""ьш"",""е.""]",35
805,dev,805,"Рассмотрите возможность получить проверку глаз дома, особенно если страховка это покрывает, и взять рецепт с собой, чтобы использовать его в другом месте.","[""Р"","""","""","""",""мо"",""рите "",""возм"",""ожн"",""ость "",""пол"",""чить "",""пров"",""ерку "",""глаз "",""дом"",""а, "",""особ"",""ен"",""но "",""если "",""стр"",""хов"",""ка "",""это "",""пок"",""рывает, "",""и вз"",""ть "",""рецеп"",""т "",""с "",""соб"",""ой, "",""чтобы "",""испол"",""зов"",""ать "",""его "",""в "",""друг"",""ом "",""месте.""]",42
806,dev,806,"С высококачественными оправами от известных производителей в таких регионах могут возникнуть две проблемы. Некоторые из них могут быть подделками, а оригинальные и импортированные оправы могут быть дороже, чем в стране производства.","[""С "",""высок"",""ок"",""ачеств"",""ен"",""ными "",""оправ"",""ами "",""от "",""известн"",""ых "",""произв"",""одител"",""й "",""в "",""так"",""их "",""регион"",""ах "",""могут "",""возн"",""икнуть "",""две "",""проб"",""лем"",""ы. "",""Нек"",""ото"",""ые "",""из "",""них "",""могут "",""быть "",""под"",""елками, "",""а оригин"",""альн"",""ые "",""и импо"",""тиров"",""ан"",""ные "",""оправ"",""ы "",""могут "",""быть "",""до"",""оже, "",""чем"","" "",""в "",""стр"",""н"",""е "",""произв"",""одств"",""а.""]",57
807,dev,807,"Кофе является одним из самых продаваемых товаров в мире, и вы, вероятно, увидите много его сортов в своём родном регионе.","[""К"",""о"",""е "",""является "",""одн"",""им "",""из "",""сам"",""ых "",""прод"",""аваем"",""ых "",""тов"",""аров"","" "",""в "",""мире, "",""и вы, "",""вер"","""",""тн"",""о, "",""увидите "",""много "",""его "",""со"",""тов"","" "",""в "",""сво"",""м "",""родн"",""ом "",""регион"",""е.""]",35
808,dev,808,"Тем не менее в мире есть очень много разных вариантов употребления кофе, которые стоит попробовать.","[""Т"",""ем"","" "",""не "",""мен"",""ее "",""в "",""мире "",""есть "",""очен"",""ь "",""много "",""разн"",""ых "",""вариан"",""тов"","" "",""упо"",""реб"",""лен"",""ия "",""кофе, "",""кото"",""ые "",""стоит "",""поп"",""роб"",""овать.""]",28
809,dev,809,"Каньонинг (или спуск по каньону) представляет собой спуск на дно каньона, которое может быть как сухим, так и полным воды.","[""К"",""ан"",""ьон"",""ин"",""г "",""(или "",""спуск"","" "",""по "",""кан"",""ьон"",""у) "",""пред"",""став"",""ляет "",""соб"",""ой "",""спуск"","" "",""на "",""дно "",""кан"",""ьон"",""а, "",""кото"",""ое "",""може"","" "",""быть "",""как"","" "",""сух"",""им"","", "",""так"","" "",""и пол"",""ым "",""воды.""]",39
810,dev,810,"Каньонинг совмещает элементы плавания, лазанья и прыжков, и все же для начала занятий этим видом спорта много тренировок или серьезная физическая подготовка относительно не требуется (например, по сравнению со скалолазанием, дайвингом или горнолыжным спортом).","[""К"",""ан"",""ьон"",""ин"",""г "",""сов"",""мещает "",""элем"",""ен"",""ты "",""плаван"",""ия, "",""лазан"",""ья "",""и прыжков"","", "",""и все "",""же "",""для "",""начала "",""зан"",""ятий "",""этим"","" "",""вид"",""м"","" "",""спо"",""та "",""много "",""трен"",""иров"",""ок"","" "",""или "",""сер"",""езн"",""ая "",""физическ"",""ая "",""под"",""отов"",""ка "",""отн"",""осительн"",""о "",""не "",""треб"",""уется "",""(нап"",""ример, "",""по "",""срав"",""н"",""ен"",""ию "",""со "",""ск"",""алол"",""азан"",""ием, "",""дайв"",""ин"",""гом"","" "",""или "",""го"",""н"",""олыжн"",""ым "",""спо"",""том).""]",72
811,dev,811,"Пеший туризм это вид активности на открытом воздухе, состоящий в пеших прогулках в условиях естественной природной среды, часто по маршрутам для пешего туризма.","[""П"",""еший "",""тур"",""зм "",""это "",""вид "",""ак"",""тивн"",""ости "",""на "",""отк"",""рытом "",""возд"",""хе, "",""со"",""тоящ"",""ий "",""в "",""пеших "",""прог"",""улках "",""в "",""услов"",""иях "",""естеств"",""ен"",""ной "",""при"",""одн"",""ой "",""среды, "",""часто "",""по "",""мар"",""рутам "",""для "",""пешего "",""тур"",""зма.""]",39
812,dev,812,"Дневные походы выполняются на дистанции от менее мили, которые можно пройти пешком за день.","[""Д"",""н"",""ев"",""н"",""ые "",""по"",""оды "",""выполняются "",""на "",""дис"",""тан"",""ции "",""от "",""мен"",""ее "",""мили, "",""кото"",""ые "",""можн"",""о "",""пройти "",""пешк"",""ом "",""за "",""ден"",""ь.""]",26
813,dev,813,"Для дневной прогулки по легкому маршруту не требуется особых приготовлений, она подойдет для всех желающих с умеренной физической подготовкой.","[""Д"",""ля "",""днев"",""н"",""ой "",""прог"",""улки "",""по "",""легк"",""ому "",""мар"",""руту "",""не "",""треб"",""уется "",""особ"",""ых "",""при"",""отов"",""лен"",""ий, "",""он"",""а "",""под"",""йдет "",""для "",""всех "",""жела"",""щ"",""их "",""с "",""умерен"",""ной "",""физическ"",""ой "",""под"",""отов"",""кой.""]",38
814,dev,814,"Семьям с маленькими детьми могут понадобиться дополнительные приготовления, но день на открытом воздухе с легкостью можно провести даже с малолетними детьми и детьми дошкольного возраста.","[""Сем"",""ьям "",""с "",""мал"",""н"",""ькими "",""детьм"",""и "",""мог"",""т "",""пон"",""адоб"",""иться "",""доп"",""олнительн"",""ые "",""при"",""отов"",""лен"",""ия, "",""но "",""ден"",""ь "",""на "",""отк"",""рытом "",""возд"",""хе "",""с "",""легк"",""остью "",""можн"",""о "",""пров"",""ести "",""даже "",""с "",""мал"",""л"",""е"",""н"",""ими "",""детьм"",""и "",""и детьми "",""до"",""кольн"",""ого "",""воз"",""аста.""]",50
815,dev,815,"По всему миру существует около 200 организаций, которые предлагают беговые туры. Большинство этих организаций работают независимо.","[""П"",""о "",""всем"",""у "",""мир"","" "",""существ"",""ует "",""ок"",""оло "",""200 "",""орган"",""иза"",""и"",""й, "",""кото"",""ые "",""пред"",""лаг"",""ают "",""бегов"",""ые "",""туры. "",""Больш"",""ин"",""ств"",""о "",""этих "",""орган"",""иза"",""и"",""й "",""рабо"",""ают "",""нез"",""в"",""исим"",""о.""]",38
816,dev,816,"Преемник Global Running Tours, Go Running Tours, объединяет десятки организаций, занимающихся администрацией достопримечательностей на четырёх континентах.","[""П"",""реем"",""н"",""ик "",""Global "",""Running "",""Tours, "",""Go Running "",""Tours, "",""объедин"",""яет "",""дес"",""ятки "",""орган"",""иза"",""и"",""й, "",""зан"",""имающ"",""ихся "",""админ"",""истра"",""и"",""ей "",""до"",""топ"",""ри"",""ечател"",""н"",""остей "",""на "",""чет"",""р"",""х "",""кон"",""тин"",""ен"",""тах.""]",38
817,dev,817,"После Барселоны и Копенгагена компании, организующие беговые туры, вскоре появились в Праге и других городах.","[""П"",""о"",""ле "",""Бар"",""елон"",""ы "",""и Копен"",""гаген"",""а "",""ком"",""пан"",""ии, "",""орган"",""из"",""ющ"",""ие "",""бегов"",""ые "",""туры, "",""вск"",""оре "",""по"",""вили"",""ь "",""в "",""Праг"",""е "",""и друг"",""их "",""го"",""одах.""]",31
818,dev,818,"Перед тем, как вы отправитесь в путешествие, и во время него вам нужно учитывать множество вещей.","[""П"",""ер"",""д "",""тем"","", "",""как"","" "",""вы отправ"",""итес"",""ь "",""в "",""путешеств"",""ие, "",""и во "",""врем"",""я "",""него "",""вам "",""нужн"",""о "",""учитывать "",""множе"",""тв"",""о "",""вещей.""]",25
819,dev,819,"Когда вы путешествуете, ожидайте, что всё будет не так, как дома. Правила этикета, законы, еда, дорожный трафик, жильё, стандарты, язык и так далее будут в некоторой степени отличаться от того места, где вы живёте.","[""К"",""ог"",""да "",""вы путешеств"",""ует"","", "",""ожидайте, "",""что "",""всё "",""будет "",""не "",""так"","", "",""как"","" "",""дом"",""а. "",""Прав"",""ила "",""этик"",""ета, "",""зак"",""он"",""ы, "",""ед"","", "",""до"",""ожн"",""ый "",""трафик, "",""жильё, "",""стан"",""дарты, "",""язык"","" "",""и так"","" "",""далее "",""буд"",""т "",""в "",""нек"",""ото"",""ой "",""степ"",""ен"",""и "",""отличаться "",""от "",""того "",""места, "",""где "",""вы жив"",""те.""]",54
820,dev,820,"Это то, что вы всегда должны иметь в виду, чтобы избежать разочарования или, возможно, даже отвращения относительно местных обычаев и устоев.","[""Э"",""о "",""то, "",""что "",""вы всегда "",""должн"",""ы "",""иметь "",""в "",""вид"","", "",""чтобы "",""изб"",""ежать "",""разо"",""аров"",""ан"",""ия "",""или, "",""возм"",""ожн"",""о, "",""даже "",""отвращен"",""ия "",""отн"",""осительн"",""о "",""местн"",""ых "",""обычаев"","" "",""и устоев"","".""]",34
821,dev,821,"Туристические агентства существуют с XIX века. Обычно туристическое агентство является хорошим вариантом для путешествия, которое выходит за рамки предыдущего опыта с точки зрения природы, культуры, языка или посещения стран с низким доходом.","[""Т"","""","""","""",""сти"",""еск"",""ие "",""аген"",""тств"",""а "",""существ"",""уют "",""с "",""XIX "",""век"",""а. "",""Обычн"",""о "",""тур"",""стическ"",""ое "",""аген"",""тств"",""о "",""является "",""хо"",""ош"",""им "",""вар"",""ан"",""том "",""для "",""путешеств"",""ия, "",""кото"",""ое "",""выходи"","" "",""за "",""рамки "",""пред"",""ыд"",""щ"",""его "",""опыта "",""с "",""то"",""ки "",""зрен"",""ия "",""при"",""оды, "",""культу"","""","", "",""языка "",""или "",""по"",""ещен"",""ия "",""стр"",""н"","" "",""с "",""низк"",""им "",""до"",""одом"","".""]",69
822,dev,822,"Большинство агентств предпочитают заниматься самыми востребованными турами, но многие агенты специализируются на конкретных видах путешествий, ценовых сегментах или направлениях.","[""Б"",""ольш"",""ин"",""ств"",""о "",""аген"",""тств"","" "",""пред"",""по"",""итают "",""зан"",""иматься "",""сам"",""ыми "",""во"",""треб"",""ов"",""ан"",""ными "",""тур"",""ми, "",""но "",""многие "",""аген"",""ты "",""спе"",""иализир"",""ются "",""на "",""кон"",""кретн"",""ых "",""вид"",""х "",""путешеств"",""ий, "",""цен"",""ов"",""ых "",""сегмен"",""тах "",""или "",""нап"",""рав"",""лен"",""иях.""]",47
823,dev,823,"Может быть лучше пользоваться услугами агента, который часто бронирует путешествия подобные вашему.","[""М"",""оже"","" "",""быть "",""лучш"",""е "",""пол"",""зов"",""аться "",""услуг"",""ами "",""аген"",""та, "",""кото"",""ый "",""часто "",""брон"",""ир"",""ет "",""путешеств"",""ия "",""под"",""б"",""н"",""ые "",""ваш"",""ему.""]",27
824,dev,824,"Посмотрите, какие поездки рекламирует агент, на сайте или на витрине офиса.","[""П"",""о"",""мо"",""рите, "",""как"",""ие "",""поездк"",""и "",""рек"",""ламир"",""ет "",""аген"",""т, "",""на "",""сайте "",""или "",""на "",""вит"",""ин"",""е "",""офиса.""]",21
825,dev,825,"Если вы хотите увидеть мир недорого, по необходимости, по образу жизни или ради испытания, существует несколько способов это сделать.","[""Е"",""ли "",""вы хоти"",""е "",""увидеть "",""мир "",""нед"","""",""ог"",""о, "",""по "",""необходим"",""о"",""ти, "",""по "",""образ"","" "",""жизн"",""и "",""или "",""рад"","" "",""испытан"",""ия, "",""существ"",""ует "",""неск"",""олько "",""спо"",""об"",""ов "",""это "",""сделать.""]",33
826,dev,826,"В основном они делятся на две категории: либо ты работаешь во время путешествий, либо сокращаешь свои расходы. В этой статье подробно рассматривается последний вариант.","[""В"","" "",""основ"",""н"",""ом "",""он"",""и "",""делятся "",""на "",""две "",""категории: "",""либо "",""ты рабо"",""аешь "",""во "",""врем"",""я "",""путешеств"",""ий, "",""либо "",""сок"",""ращаешь "",""свои "",""рас"",""оды. "",""В "",""этой "",""ста"",""ье "",""под"",""обн"",""о "",""рас"",""матривается "",""по"",""ледн"",""ий "",""вар"",""ан"",""т.""]",40
827,dev,827,"Люди, готовые пожертвовать комфортом, временем и предсказуемостью, чтобы снизить расходы почти до нуля, могут посмотреть путешествия с минимальным бюджетом.","[""Л"","""",""д"",""и, "",""го"",""ов"",""ые "",""пож"",""р"",""в"",""ов"",""ать "",""ком"",""фор"",""ом, "",""врем"",""ен"",""ем"","" "",""и пред"",""ск"",""азуем"",""о"",""тью, "",""чтоб"",""ы "",""снизить "",""рас"",""оды "",""по"",""ти "",""до "",""нуля, "",""мог"",""т "",""по"",""мотреть "",""путешеств"",""ия "",""с "",""мин"",""имальн"",""ым "",""бюдже"",""ом.""]",45
828,dev,828,"Этот совет предполагает, что туристы не воруют, не вторгаются на чужую собственность, не принимают участие в деятельности нелегального рынка, не попрошайничают и не эксплуатируют других людей для собственной выгоды.","[""Э"",""о"","" "",""сов"",""ет "",""пред"",""пол"",""г"",""ает, "",""что "",""тур"",""ст"","" "",""не "",""во"",""уют, "",""не "",""вто"",""гаются "",""на "",""чуж"",""ю "",""соб"",""ств"",""ен"",""ность, "",""не "",""при"","""",""имают "",""уча"",""тие "",""в "",""деятел"",""н"",""ости "",""нел"",""гальн"",""ого "",""рын"",""ка, "",""не "",""поп"",""ро"",""айн"",""ичают "",""и не "",""эк"",""сплуатир"",""ют "",""друг"",""их "",""людей "",""для "",""соб"",""ств"",""ен"",""ной "",""выг"",""оды.""]",60
829,dev,829,"Иммиграционный контрольно-пропускной пункт обычно является первой остановкой при высадке с самолёта, корабля или другого транспортного средства.","[""Им"",""миг"",""а"",""и"",""он"",""ный "",""кон"",""трол"",""ьн"",""о-"",""проп"",""уск"",""ной "",""пун"",""кт "",""обычн"",""о "",""является "",""пер"",""ой "",""остан"",""ов"",""кой "",""при "",""высадк"",""е "",""с "",""сам"",""олёта, "",""корабля "",""или "",""друг"",""ог"",""о "",""тран"",""спо"",""тн"",""ого "",""средств"",""а.""]",40
830,dev,830,"В некоторых поездах, пересекающих границу, контроль осуществляется во время движения, поэтому, садясь на такой поезд, следует иметь при себе действительное удостоверение личности.","[""В"","" "",""нек"",""ото"",""ых "",""поездах, "",""пер"",""сек"",""ающ"",""их "",""гран"",""ицу, "",""кон"",""трол"",""ь "",""осуществ"",""ляется "",""во "",""врем"",""я "",""движен"",""ия, "",""по"",""тому, "",""сад"",""сь "",""на "",""так"",""ой "",""поезд, "",""след"",""ет "",""иметь "",""при "",""себе "",""действ"",""ительн"",""ое "",""удо"",""тов"",""ерен"",""ие "",""личн"",""ости.""]",44
831,dev,831,"На ночных поездах со спальными местами паспорта могут собираться проводником, чтобы не прерывать ваш сон.","[""Н"",""а "",""ночн"",""ых "",""поездах "",""со "",""спал"",""н"",""ыми "",""местам"",""и "",""паспо"",""та "",""могут "",""соб"",""и"",""аться "",""пров"",""одн"",""иком, "",""чтобы "",""не "",""пре"","""",""вать "",""ваш"","" "",""сон"","".""]",29
832,dev,832,"Регистрация является дополнительным требованием для получения визы. В некоторых странах вы должны зарегистрировать в местных органах власти своё присутствие и адрес, по которому будете проживать.","[""Р"","""",""гист"",""а"",""и"",""я "",""явл"",""ется "",""доп"",""олнител"",""н"",""ым "",""треб"",""ов"",""ан"",""ием "",""для "",""пол"",""чен"",""ия "",""виз"","". "",""В "",""нек"",""ото"",""ых "",""стр"",""н"",""ах "",""вы должн"",""ы "",""за"",""егист"",""иров"",""ать "",""в "",""местн"",""ых "",""орган"",""ах "",""вла"",""ти "",""сво"","" "",""при"",""утств"",""ие "",""и ад"",""ес, "",""по "",""кото"",""ому "",""будете "",""проживать.""]",54
833,dev,833,Может потребоваться заполнение бланка в местной полиции или визит в миграционную службу.,"[""М"",""оже"","" "",""по"",""реб"",""ов"",""аться "",""зап"",""олнен"",""ие "",""блан"",""ка "",""в "",""местн"",""ой "",""пол"",""ции "",""или "",""визит "",""в "",""миг"",""аци"",""он"",""ную "",""служб"",""у.""]",26
834,dev,834,"Во многих странах, где действует такой закон, регистрация будет осуществляться местными отелями (обязательно уточните).","[""В"",""о многих "",""стр"",""н"",""ах, "",""где "",""действ"",""ует "",""так"",""ой "",""зак"",""он"","", "",""регистра"",""и"",""я "",""будет "",""осуществ"",""л"",""ться "",""местн"",""ыми "",""отел"",""м"",""и "",""(обязател"",""н"",""о "",""уто"",""н"",""ите).""]",31
835,dev,835,"В других случаях регистрироваться должны только те, кто останавливается не в местах размещения туристов. Однако, это делает закон намного запутаннее, поэтому выясните детали заранее.","[""В"","" "",""друг"",""их "",""слу"",""а"",""х "",""регист"",""и"",""ов"",""аться "",""должн"",""ы "",""тольк"",""о "",""те, "",""кто "",""остан"",""ав"",""лив"",""ается "",""не "",""в "",""местах "",""разм"",""ещен"",""ия "",""тур"",""стов"","". "",""Одн"",""ако, "",""это "",""дел"",""ет "",""зак"",""он"","" "",""намного "",""зап"",""утан"",""нее, "",""по"",""тому "",""выя"",""н"",""ите "",""дет"",""ли "",""за"",""ан"",""ее.""]",52
836,dev,836,Архитектура занимается проектированием и строительством зданий. Архитектура того или иного места зачастую сама по себе является туристической достопримечательностью.,"[""А"","""",""и"",""ек"",""тура "",""зан"",""имается "",""проек"",""тиров"",""ан"",""ием "",""и стр"",""ительств"",""ом "",""здан"",""ий. "",""Ар"",""и"",""ек"",""тура "",""того "",""или "",""ин"",""ого "",""места "",""за"",""астую "",""сам"",""а "",""по "",""себе "",""является "",""тур"",""стическ"",""ой "",""до"",""топ"",""ри"",""ечател"",""н"",""остью.""]",41
837,dev,837,"Многие здания довольно красивы, чтобы на них посмотреть, а вид с высокого здания или из умело расположенного окна может быть красивым для созерцания.","[""М"",""н"",""огие "",""здан"",""ия "",""дов"",""ольн"",""о "",""кра"",""ивы, "",""чтоб"",""ы "",""на "",""них "",""по"",""мотреть, "",""а вид "",""с "",""высок"",""ого "",""здан"",""ия "",""или "",""из "",""умело "",""расп"",""оложен"",""ного "",""ок"",""на "",""може"","" "",""быть "",""кра"",""ивым "",""для "",""созер"",""ан"",""ия.""]",39
838,dev,838,"Архитектура в значительной степени пересекается с такими сферами, как градостроительство, гражданское строительство, декоративное искусство, дизайн интерьера и ландшафтный дизайн.","[""А"","""",""и"",""ек"",""тура "",""в "",""зн"",""ачительн"",""ой "",""степ"",""ен"",""и "",""пер"",""сек"",""ается "",""с "",""так"",""ими "",""сфер"",""ми, "",""как"","" "",""градо"",""троительств"",""о, "",""гражд"",""ан"",""ск"",""ое "",""стр"",""ительств"",""о, "",""дек"",""оративн"",""ое "",""иск"",""усств"",""о, "",""дизайн"","" "",""ин"",""тер"",""ера "",""и лан"",""дшафтн"",""ый "",""дизайн"","".""]",48
839,dev,839,"Учитывая, как далеко расположены многие пуэбло, вы не найдете большого числа ночных заведений, не посетив Альбукерке или Санта-Фе.","[""У"",""и"",""ыва"","", "",""как"","" "",""далек"",""о "",""расп"",""оложен"",""ы "",""мн"",""огие "",""пуэбло, "",""вы не "",""найдете "",""больш"",""ого "",""числа "",""ночн"",""ых "",""зав"",""еден"",""ий, "",""не "",""по"",""етив "",""Альбукерке "",""или "",""Сан"",""та-"",""Фе.""]",32
840,dev,840,"Однако почти во всех казино, перечисленных выше, подают напитки, а некоторые из них используют и различные виды развлечений от известных брендов (в первую очередь, это крупные компании, расположенные в непосредственной близости от Альбукерке и Санта-Фе).","[""Од"",""н"",""ако "",""по"",""ти "",""во "",""всех "",""казин"",""о, "",""пер"",""числен"",""ных "",""выш"",""е, "",""под"",""ют "",""нап"",""итки, "",""а нек"",""ото"",""ые "",""из "",""них "",""использ"",""ют "",""и различн"",""ые "",""вид"","" "",""разв"",""лечен"",""ий "",""от "",""известн"",""ых "",""брен"",""дов"","" "",""(в "",""пер"",""ую "",""очер"",""дь, "",""это "",""крупн"",""ые "",""ком"",""пан"",""ии, "",""расп"",""оложен"",""ные "",""в "",""неп"",""о"",""редств"",""ен"",""ной "",""близо"",""ти "",""от "",""Альбукерке "",""и Сан"",""та-"",""Фе).""]",65
841,dev,841,"Остерегайтесь, бары в маленьких городах здесь не всегда являются хорошим местом времяпрепровождения для посетителей из-за пределов штата.","[""О"",""тер"",""гай"",""ес"",""ь, "",""бар"","" "",""в "",""мал"",""н"",""ьких "",""го"",""одах "",""здесь "",""не "",""всегда "",""явля"",""тся "",""хо"",""ош"",""им "",""местом"","" "",""врем"",""яп"",""реп"",""ров"",""ожден"",""ия "",""для "",""по"",""етител"",""й "",""из-"",""за "",""пред"",""елов"","" "",""шта"",""а.""]",40
842,dev,842,"Прежде всего, на севере Нью-Мексико существует серьезная проблема вождения в нетрезвом состоянии, особенно много нетрезвых водителей ездят неподалеку от баров в маленьких городах.","[""П"",""реж"",""е "",""всего, "",""на "",""сев"",""ере "",""Нью-"",""Мек"",""сик"",""о "",""существ"",""ует "",""сер"",""езн"",""ая "",""проб"",""лем"",""а "",""вожден"",""ия "",""в "",""нет"",""езв"",""ом "",""со"",""тоян"",""ии, "",""особ"",""ен"",""но "",""много "",""нет"",""езв"",""ых "",""водител"",""й "",""езд"",""т "",""неп"",""од"",""лек"",""у "",""от "",""бар"",""в"","" "",""в "",""мален"",""ьких "",""го"",""одах.""]",52
843,dev,843,Нежелательные настенные рисунки или небрежные надписи известны как граффити.,"[""Н"",""ежела"",""ел"",""н"",""ые "",""настен"",""ные "",""рисун"",""ки "",""или "",""неб"",""ежн"",""ые "",""над"",""иси "",""известн"",""ы "",""как"","" "",""гра"",""фити.""]",21
844,dev,844,"Хотя это далеко не современное явление, большинство людей, скорее всего, считают это вандализмом молодёжи государственной и частной собственности с использованием аэрозольной краски.","[""Х"",""о"",""я "",""это "",""далек"",""о "",""не "",""сов"",""рем"",""ен"",""ное "",""явлен"",""ие, "",""больш"",""ин"",""ств"",""о "",""людей, "",""ск"",""орее "",""всего, "",""считают "",""это "",""ван"",""дализмом "",""молод"",""ёжи "",""го"",""ударств"",""ен"",""ной "",""и частн"",""ой "",""соб"",""ств"",""ен"",""ности "",""с "",""использов"",""ан"",""ием "",""аэрозольн"",""ой "",""кра"",""к"",""и.""]",46
845,dev,845,"Однако в настоящее время существуют признанные граффити-художники, граффити-мероприятия и ""легальные"" стены. Изображения граффити в этом контексте часто напоминают произведения искусства, а не неразборчивые надписи.","[""Од"",""н"",""ако "",""в "",""насто"",""щ"",""ее "",""врем"",""я "",""существ"",""уют "",""при"",""н"",""ан"",""ные "",""гра"",""фити-"",""худож"",""н"",""ики, "",""гра"",""фити-"",""мер"",""п"",""ри"",""тия "",""и \""легальн"",""ые\"" "",""стен"",""ы. "",""Изоб"",""ражен"",""ия "",""гра"",""фити "",""в "",""этом "",""кон"",""тек"",""сте "",""часто "",""нап"",""ом"",""ин"",""ают "",""произв"",""еден"",""ия "",""иск"",""усств"",""а, "",""а не "",""нер"",""зб"",""орчив"",""е "",""над"",""иси.""]",58
846,dev,846,Метание бумеранга является популярным умением. Множество туристов хотят научиться метать бумеранг.,"[""М"",""ет"",""н"",""ие "",""бумеран"",""га "",""является "",""поп"",""улярн"",""ым "",""умен"",""ием. "",""Мн"",""оже"",""тв"",""о "",""тур"",""стов"","" "",""хо"",""я"","" "",""научиться "",""мет"","""",""ь "",""бумеран"",""г.""]",28
847,dev,847,"Если вы хотите научиться бросать бумеранг, который возвращается вам в руки, убедитесь, что у вас есть подходящий для возвращения бумеранг.","[""Е"",""ли "",""вы хоти"",""е "",""научиться "",""бро"",""а"",""ь "",""бумеран"",""г, "",""кото"",""ый "",""возв"",""ращается "",""вам "",""в "",""руки, "",""убедитес"",""ь, "",""что "",""у "",""вас "",""есть "",""под"",""од"",""щ"",""ий "",""для "",""возв"",""ращен"",""ия "",""бумеран"",""г.""]",33
848,dev,848,"Большинство бумерангов, имеющихся в Австралии, по сути, невозвратные. Новичкам лучше не стоит пытаться бросать бумеранг в ветреную погоду.","[""Б"",""ольш"",""ин"",""ств"",""о "",""бумеран"",""гов"","", "",""имеющ"",""ихся "",""в "",""Австралии, "",""по "",""сути, "",""нев"",""озв"",""ратн"",""ые. "",""Нов"",""ичкам "",""лучш"",""е "",""не "",""стоит "",""пытаться "",""бро"",""ать "",""бумеран"",""г "",""в "",""вет"",""ен"",""ую "",""пог"",""оду.""]",35
849,dev,849,"Ханги готовится в горячей яме, вырытой в земле.","[""Х"",""ан"",""ги "",""го"",""ов"",""ится "",""в "",""го"",""ячей "",""яме, "",""выр"",""той "",""в "",""зем"",""ле.""]",15
850,dev,850,"Яма обогревается раскалёнными камнями от костра, или в некоторых местах геотермальное тепло делает участки земли горячими естественным образом.","[""Ям"",""а "",""обог"","""",""ев"",""ается "",""раск"",""алён"",""ными "",""кам"",""н"",""ями "",""от "",""костра, "",""или "",""в "",""нек"",""ото"",""ых "",""местах "",""гео"",""ер"",""альн"",""ое "",""теп"",""ло "",""дел"",""ет "",""уча"",""тки "",""зем"",""ли "",""го"",""ячим"",""и "",""естеств"",""ен"",""ным "",""образом"","".""]",40
851,dev,851,"Ханги часто используются, чтобы приготовить традиционный ужин в стиле жаркого.","[""Х"",""ан"",""ги "",""часто "",""испол"",""з"",""ются, "",""чтоб"",""ы "",""при"",""отов"",""ить "",""традицион"",""ный "",""ужин"","" "",""в "",""сти"",""е "",""жар"","""",""ого.""]",22
852,dev,852,"Несколько заведений в Роторуа предлагают ханги, приготовленные в геотермальных источниках, в то время как прочие виды ханги можно попробовать в Крайстчерче, Веллингтоне и других местах.","[""Н"",""еск"",""олько "",""зав"",""еден"",""ий "",""в "",""Рото"",""уа "",""пред"",""лаг"",""ают "",""хан"",""ги, "",""при"",""отов"",""лен"",""ные "",""в "",""гео"",""ер"",""альн"",""ых "",""исто"",""н"",""иках, "",""в "",""то "",""врем"",""я "",""как"","" "",""про"",""ие "",""вид"","" "",""хан"",""ги "",""можн"",""о "",""поп"",""роб"",""овать "",""в "",""Край"",""тчер"",""е, "",""Веллин"",""гтон"",""е "",""и друг"",""их "",""местах.""]",53
853,dev,853,"В Кейптауне и его окрестностях есть два класса пригородных поездов MetroRail: ""MetroPlus"" (также именуемый первым классом) и ""Metro"" (третий класс).","[""В"","" "",""Кейпта"",""н"",""е "",""и его "",""ок"",""рестн"",""остях "",""есть "",""два "",""класса "",""при"",""ородн"",""ых "",""поездов"","" "",""MetroRail: "",""\""MetroPlus\"" "",""(так"",""же "",""имен"",""уем"",""ый "",""пер"",""ым "",""классом"","") "",""и \""Metro\"" "",""(тре"",""ий "",""класс).""]",32
854,dev,854,"Класс ""MetroPlus"" более комфортабельный и в нем меньше пассажиров, но он немного дороже, хотя его стоимость всё равно дешевле, чем цена обычных билетов на метро в Европе.","[""К"",""ла"",""с "",""\""MetroPlus\"" "",""более "",""ком"",""фортаб"",""ельн"",""ый "",""и в "",""нем"","" "",""мен"",""ьш"",""е "",""пассажиров"","", "",""но "",""он"","" "",""нем"",""ного "",""до"",""оже, "",""хотя "",""его "",""стоимо"",""ть "",""всё "",""рав"",""н"",""о "",""дешев"",""ле, "",""чем"","" "",""цен"",""а "",""обычн"",""ых "",""билетов"","" "",""на "",""метро "",""в "",""Европ"",""е.""]",47
855,dev,855,"Вагоны MetroPlus и Metro имеются в каждом поезде. Вагоны первого вида всегда находятся в конце поезда, ближайшем к Кейптауну.","[""В"",""агон"",""ы "",""MetroPlus "",""и Metro "",""имеются "",""в "",""каждом"","" "",""поезде. "",""Вагон"",""ы "",""пер"",""ого "",""вид"","" "",""всегда "",""наход"",""тся "",""в "",""кон"",""це "",""поезда, "",""ближайш"",""ем "",""к "",""Кейпта"",""н"",""у.""]",29
856,dev,856,"Ношение вещей за других. Никогда не оставляйте свои сумки без присмотра, особенно при пересечении международных границ.","[""Н"",""ошен"",""ие "",""вещей "",""за "",""друг"",""их. "",""Никогда "",""не "",""оставляйте "",""свои "",""сум"",""ки "",""без "",""при"",""мо"",""ра, "",""особ"",""ен"",""но "",""при "",""пер"",""сечен"",""ии "",""межд"",""н"",""ародн"",""ых "",""гран"",""иц.""]",30
857,dev,857,"Вы можете заиметь себе большие проблемы, если вас используют в качестве перевозчика наркотиков без вашего ведома.","[""В"",""ы може"",""е "",""заим"",""еть "",""себе "",""больш"",""ие "",""проб"",""лем"",""ы, "",""если "",""вас "",""испол"",""з"",""ют "",""в "",""качеств"",""е "",""пер"",""в"",""оз"",""ика "",""нар"",""отиков"","" "",""без "",""ваш"",""его "",""вед"",""м"",""а.""]",32
858,dev,858,"Это подразумевает ожидание в очереди в то время, как собаки, обнаруживающие наркотики, могут быть задействованы в любое время без какого-либо предварительного уведомления.","[""Э"",""о "",""под"",""аз"",""мев"",""ает "",""ожидан"",""ие "",""в "",""очер"",""ди "",""в "",""то "",""врем"",""я, "",""как"","" "",""соб"",""аки, "",""обн"",""аруживающ"",""ие "",""нар"",""отики, "",""могут "",""быть "",""зад"",""йств"",""ов"",""ан"",""ы "",""в "",""люб"",""ое "",""врем"",""я "",""без "",""как"",""ого-"",""либ"",""о "",""пред"",""в"",""арительн"",""ого "",""уведом"",""лен"",""ия.""]",48
859,dev,859,"Некоторые страны имеют чрезмерно драконовские наказания даже за преступления, совершенные в первый раз; они могут включать приговоры более 10 лет или смертную казнь.","[""Н"",""ек"",""ото"",""ые "",""стр"",""н"",""ы "",""имеют "",""чрезм"",""ерн"",""о "",""драк"",""он"",""ов"",""ск"",""ие "",""нак"",""азан"",""ия "",""даже "",""за "",""пре"",""туплен"",""ия, "",""сов"",""ершен"",""ные "",""в "",""пер"",""ый "",""раз; "",""он"",""и "",""могут "",""включать "",""при"",""ов"",""оры "",""более "",""10 "",""лет "",""или "",""смертн"",""ую "",""казн"",""ь.""]",46
860,dev,860,"Оставленный без присмотра багаж представляет собой мишень для воров, а также может привлечь внимание органов безопасности, которые опасаются угрозы теракта.","[""О"",""тав"",""лен"",""ный "",""без "",""при"",""мо"",""ра "",""багаж "",""пред"",""став"",""ляет "",""соб"",""ой "",""мишен"",""ь "",""для "",""во"",""ов"","", "",""а так"",""же "",""може"","" "",""при"",""лечь "",""вн"",""иман"",""ие "",""орган"",""ов"","" "",""без"",""п"",""асн"",""ости, "",""кото"",""ые "",""опасаются "",""угроз"","" "",""тер"",""к"",""та.""]",44
861,dev,861,"Дома на вас постоянного воздействуют местные микробы, следовательно вероятность того, что вы уже выработали к ним иммунитет, очень высока.","[""Д"",""ом"",""а "",""на "",""вас "",""по"",""то"",""н"",""ного "",""возд"",""йств"",""уют "",""местн"",""ые "",""мик"",""роб"",""ы, "",""следов"",""ательн"",""о "",""вер"","""",""тн"",""ость "",""того, "",""что "",""вы уже "",""вырабо"",""али "",""к "",""ним "",""иммун"",""итет, "",""очен"",""ь "",""высок"",""а.""]",37
862,dev,862,"Но в других частях мира, где бактериальная фауна для вас нова, вероятность столкнуться с проблемами у вас значительно выше.","[""Н"",""о "",""в "",""друг"",""их "",""частя"","" "",""мира, "",""где "",""бак"",""тер"",""альн"",""ая "",""фа"",""н"",""а "",""для "",""вас "",""нов"",""а, "",""вер"","""",""тн"",""ость "",""стол"",""кнуться "",""с "",""проб"",""лем"",""ами "",""у "",""вас "",""зн"",""ачительн"",""о "",""выш"",""е.""]",37
863,dev,863,"Кроме того, в более теплом климате бактерии быстрее растут и дольше выживают вне организма.","[""К"",""ром"",""е "",""того, "",""в "",""более "",""теп"",""лом"","" "",""климате "",""бак"",""тер"",""и "",""быстрее "",""рас"","""",""т "",""и дольш"",""е "",""выживают "",""вн"",""е "",""орган"",""изма.""]",24
864,dev,864,"Отсюда такие напасти, как ""делийский живот"", ""проклятье фараона"", ""месть Монтесумы"", и их многочисленные друзья.","[""О"",""сюда "",""так"",""ие "",""нап"",""асти, "",""как"","" "",""\""дел"",""йск"",""ий "",""живо"",""\"", "",""\""прок"",""лятье "",""фа"","""",""он"",""а\"", "",""\""месть "",""Мон"",""тесум"",""ы\"", "",""и их "",""много"",""ислен"",""ные "",""друзья.""]",28
865,dev,865,"Если респираторные заболевания распространены в холодном климате, то в жарком климате довольно распространены кишечные заболевания, и в большинстве случаев они очень неприятны, но не представляют особой опасности.","[""Е"",""ли "",""респ"",""ирато"",""н"",""ые "",""заб"",""олев"",""ан"",""ия "",""расп"",""ро"",""тран"",""ен"",""ы "",""в "",""холод"",""н"",""ом "",""климате, "",""то "",""в "",""жарк"",""ом "",""климате "",""дов"",""ольн"",""о "",""расп"",""ро"",""тран"",""ен"",""ы "",""кишечн"",""ые "",""заб"",""олев"",""ан"",""ия, "",""и в "",""больш"",""ин"",""ств"",""е "",""случаев"","" "",""он"",""и "",""очен"",""ь "",""неп"",""ри"",""тн"",""ы, "",""но "",""не "",""пред"",""став"",""ляют "",""особ"",""ой "",""опасн"",""ости.""]",63
866,dev,866,"Путешествуя впервые по одной из развивающихся стран или попадая в ту часть света, где вы раньше не бывали, будьте готовы в возможному сильному  культурному потрясению.","[""П"",""утеш"",""еств"",""уя "",""впер"",""ые "",""по "",""одн"",""ой "",""из "",""разв"",""ивающ"",""ихся "",""стр"",""н"","" "",""или "",""поп"",""адая "",""в "",""ту часть "",""све"",""а, "",""где "",""вы ран"",""ьш"",""е "",""не "",""бывали, "",""буд"",""те "",""го"",""ов"",""ы "",""в "",""возм"",""ожн"",""ому "",""сильн"",""ому "","" "",""культу"",""н"",""ому "",""по"",""рясен"",""ию.""]",47
867,dev,867,"Многие уравновешенные и способные путешественники не справились с новизной путешествий по развивающимся странам, где множество мелких культурных изменений могут быстро накапливаться.","[""М"",""н"",""огие "",""урав"",""н"",""ов"",""ешен"",""ные "",""и спо"",""об"",""ные "",""путешеств"",""ен"",""ники "",""не "",""справ"",""или"",""ь "",""с "",""нов"",""изн"",""ой "",""путешеств"",""ий "",""по "",""разв"",""ивающ"",""имся "",""стр"",""н"",""ам, "",""где "",""множе"",""тв"",""о "",""мел"","""",""их "",""культу"",""н"",""ых "",""измен"",""ен"",""ий "",""могут "",""быстро "",""нак"",""ап"",""лив"",""аться.""]",50
868,dev,868,"Особенно в первые дни рассмотрите возможность потратиться на хорошие отели в западном стиле, а также на еду и услуги высокого качества, чтобы вам было легче акклиматизироваться.","[""О"",""об"",""ен"",""но "",""в "",""пер"",""ые "",""дни "",""рас"",""мо"",""рите "",""возм"",""ожн"",""ость "",""по"",""ратиться "",""на "",""хо"",""ош"",""ие "",""отели "",""в "",""зап"",""адн"",""ом "",""сти"",""е, "",""а так"",""же "",""на "",""еду "",""и услуг"",""и "",""высок"",""ого "",""качеств"",""а, "",""чтобы "",""вам "",""было "",""лег"",""е "",""ак"",""климатизиров"",""аться.""]",45
869,dev,869,"Вам не следует спать на матраце или подстилке, которые размещаются прямо на земле, в местах, где вам не известна местная фауна.","[""В"",""ам "",""не "",""след"",""ет "",""спа"",""ь "",""на "",""матра"",""е "",""или "",""под"",""тилке, "",""кото"",""ые "",""разм"",""ещаются "",""прям"",""о "",""на "",""зем"",""ле, "",""в "",""местах, "",""где "",""вам "",""не "",""известн"",""а "",""местн"",""ая "",""фа"",""н"",""а.""]",34
870,dev,870,"Если вы собираетесь разбить лагерь, возьмите с собой раскладушку или гамак, чтобы до вас не добрались змеи, скорпионы и прочие.","[""Е"",""ли "",""вы соб"",""и"",""аетес"",""ь "",""разб"",""ить "",""лаг"",""ер"","", "",""воз"",""м"",""ите "",""с "",""собой "",""раск"",""ладушку "",""или "",""гамак"","", "",""чтобы "",""до "",""вас "",""не "",""доб"",""рали"",""ь "",""змеи, "",""ск"",""орпион"",""ы "",""и про"",""ие.""]",34
871,dev,871,Наполните ваш дом утренним насыщенным кофе и вечерним расслабляющим ромашковым чаем.,"[""Н"",""ап"",""олните "",""ваш"","" "",""дом"","" "",""утрен"",""ним "",""насыщен"",""ным "",""кофе "",""и вечер"","""",""им "",""рас"",""лаб"",""ляющ"",""им "",""ром"",""ашков"",""ым "",""чаем"","".""]",24
872,dev,872,"Когда вы проводите отпуск дома, у вас есть время, чтобы побаловать себя и уделить несколько дополнительных минут, чтобы приготовить нечто особенное.","[""К"",""ог"",""да "",""вы пров"",""одите "",""отпуск"","" "",""дом"",""а, "",""у "",""вас "",""есть "",""врем"",""я, "",""чтобы "",""поб"",""алов"",""ать "",""себя "",""и уделить "",""неск"",""олько "",""доп"",""олнительн"",""ых "",""мин"",""ут, "",""чтоб"",""ы "",""при"",""отов"",""ить "",""неч"",""о "",""особ"",""ен"",""ное.""]",37
873,dev,873,"Если вы чувствуете себя более отважным, воспользуйтесь возможностью выжать сок или смешать несколько фруктовых напитков:","[""Е"",""ли "",""вы чувств"",""ует"","" "",""себ"","" "",""более "",""отважн"",""ым, "",""во"",""пол"",""з"",""йтес"",""ь "",""возм"",""ожн"",""остью "",""выжать "",""сок"","" "",""или "",""смешать "",""неск"",""олько "",""фр"",""к"",""тов"",""ых "",""нап"",""итков"","":""]",32
874,dev,874,"Может быть, вы откроете для себя простой напиток, который можно приготовить на завтрак, когда вернётесь к своему обычному распорядку дня.","[""М"",""оже"","" "",""быть, "",""вы отк"",""роете "",""для "",""себя "",""про"",""той "",""нап"",""иток"","", "",""кото"",""ый "",""можн"",""о "",""при"",""отов"",""ить "",""на "",""зав"",""трак, "",""когда "",""вер"","""",""ётесь "",""к "",""своем"",""у "",""обычн"",""ому "",""расп"",""о"",""ядк"",""у "",""дня.""]",37
875,dev,875,"Если вы живёте в городе с разнообразной питейной культурой, сходите в бары или пабы местных районов, в которых вы редко бываете.","[""Е"",""ли "",""вы жив"",""те "",""в "",""го"",""оде "",""с "",""разн"",""ооб"",""разн"",""ой "",""питейн"",""ой "",""культу"",""ой, "",""сходи"",""е "",""в "",""бар"","" "",""или "",""паб"",""ы "",""местн"",""ых "",""район"",""ов"","", "",""в "",""кото"",""ых "",""вы редк"",""о "",""бываете.""]",35
876,dev,876,"Для тех, кто не знает медицинской терминологии: слова ""инфекционный"" и ""заразный"" имеют разное значение.","[""Д"",""ля "",""тех, "",""кто "",""не "",""зн"",""ает "",""мед"",""цин"",""ск"",""ой "",""тер"",""ин"",""олог"",""ии: "",""слов"",""а "",""\""ин"",""фекцион"",""ный\"" "",""и \""за"",""азн"",""ый\"" "",""имеют "",""разн"",""ое "",""зн"",""ачен"",""ие.""]",29
877,dev,877,"Инфекционное заболевание – это болезнь, вызванная проникновением в организм патогенных микроорганизмов, таких как вирусы, бактерии, грибки или иные паразиты.","[""Ин"",""фекцион"",""ное "",""заб"",""олев"",""ан"",""ие "",""– "",""это "",""болезн"",""ь, "",""вызв"",""ан"",""ная "",""прон"",""икнов"",""ен"",""ием "",""в "",""орган"",""изм "",""патог"",""ен"",""ных "",""мик"",""роо"",""ган"",""измов, "",""так"",""их "",""как"","" "",""вир"",""сы, "",""бак"",""тер"",""и, "",""гри"",""к"",""и "",""или "",""ин"",""ые "",""пар"",""зиты.""]",45
878,dev,878,"Заразная болезнь — это болезнь, которая легко передается при нахождении поблизости от инфицированного человека.","[""З"",""а"",""азн"",""ая "",""болезн"",""ь "",""— "",""это "",""болезн"",""ь, "",""кото"",""ая "",""легк"",""о "",""пер"",""дается "",""при "",""нахожден"",""ии "",""поб"",""лизо"",""ти "",""от "",""ин"",""фициров"",""ан"",""ного "",""челов"",""ека.""]",29
879,dev,879,Многие правительства требуют от въезжающих гостей и отбывающих из страны жителей вакцинации от ряда болезней.,"[""М"",""н"",""огие "",""прав"",""ительств"",""а "",""треб"",""уют "",""от "",""въезжающ"",""их "",""го"",""тей "",""и отбывающ"",""их "",""из "",""стр"",""н"",""ы "",""жител"",""й "",""вак"",""цин"",""аци"",""и "",""от "",""ряда "",""болезн"",""ей.""]",29
880,dev,880,"Эти требования часто могут зависеть от того, какие страны посещал или планирует посетить путешественник.","[""Э"",""и "",""треб"",""ов"",""ан"",""ия "",""часто "",""мог"",""т "",""зав"",""исеть "",""от "",""того, "",""как"",""ие "",""стр"",""н"",""ы "",""по"",""ещал "",""или "",""план"",""ир"",""ет "",""по"",""етить "",""путешеств"",""ен"",""ник.""]",29
881,dev,881,"Одной из сильных сторон Шарлотта (штат Северная Каролина) является то, что он обладает огромным количеством высококлассных вариантов для семейного отдыха.","[""Од"",""н"",""ой "",""из "",""сильн"",""ых "",""сто"",""он"","" "",""Шарло"",""та "",""(шта"","" "",""Сев"",""ерн"",""ая "",""Кар"",""л"",""ин"",""а) "",""является "",""то, "",""что "",""он"","" "",""обладает "",""огром"",""н"",""ым "",""кол"",""честв"",""ом "",""высок"",""ок"",""лассн"",""ых "",""вар"",""ан"",""тов"","" "",""для "",""сем"",""ейн"",""ого "",""отд"",""ха.""]",46
882,dev,882,"Ориентированность на семейную жизнь часто мотивирует жителей других районов на переезд туда, и гости часто говорят, что в городе просто найти способ хорошо провести время с детьми.","[""О"",""иен"",""тиров"",""ан"",""ность "",""на "",""сем"",""ейн"",""ую "",""жизн"",""ь "",""часто "",""мо"",""ивир"",""ет "",""жител"",""й "",""друг"",""их "",""район"",""ов"","" "",""на "",""пер"",""езд "",""туда, "",""и го"",""ти "",""часто "",""гово"",""ят, "",""что "",""в "",""го"",""оде "",""про"",""то "",""най"",""и "",""спо"",""об"","" "",""хорош"",""о "",""пров"",""ести "",""врем"",""я "",""с "",""детьми.""]",50
883,dev,883,"За последние 20 лет количество мест, учитывающих потребности детей, в Аптауне Шарлотты выросло в геометрической прогрессии.","[""З"",""а "",""по"",""ледн"",""ие "",""20 "",""лет "",""кол"",""честв"",""о "",""мест, "",""учи"",""ывающ"",""их "",""по"",""реб"",""н"",""ости "",""дет"",""й, "",""в "",""Ап"",""та"",""н"",""е "",""Шарло"",""ты "",""выро"",""ло "",""в "",""геом"",""етрическ"",""ой "",""прог"",""ресси"",""и.""]",36
884,dev,884,"Семьи в Шарлотт, как правило, не используют такси, хотя от них может быть некоторая польза в определённых обстоятельствах.","[""Сем"",""ьи "",""в "",""Шарло"",""т, "",""как"","" "",""прав"",""ило, "",""не "",""использ"",""ют "",""так"",""си, "",""хотя "",""от "",""них "",""може"","" "",""быть "",""нек"",""ото"",""ая "",""пол"",""за "",""в "",""опред"",""ел"",""н"",""ных "",""обсто"",""тельств"",""ах.""]",33
885,dev,885,"При наличии более двух пассажиров взимается доплата, поэтому этот вариант может оказаться дороже.","[""П"",""ри "",""нал"","""",""ии "",""более "",""двух "",""пассажиров"","" "",""взим"",""ается "",""доп"",""лата, "",""по"",""тому "",""это"","" "",""вар"",""ан"",""т "",""може"","" "",""ок"",""азаться "",""до"",""оже.""]",26
886,dev,886,Антарктика – самое холодное место на Земле и располагается вокруг Южного полюса.,"[""Ан"",""тарктик"",""а "",""– "",""сам"",""ое "",""холод"",""н"",""ое "",""место "",""на "",""Зем"",""ле "",""и расп"",""олаг"",""ается "",""вок"",""руг "",""Южн"",""ого "",""пол"",""са.""]",22
887,dev,887,"Помимо ограничений, связанных с дороговизной и необходимостью физической подготовки, есть и сезонные ограничения. Они возможны только летом — с ноября по февраль — охватывают в основном территории полуострова, островов и море Росса.","[""П"",""ом"",""им"",""о "",""огран"",""ичен"",""ий, "",""связан"",""ных "",""с "",""до"",""ог"",""ов"",""изн"",""ой "",""и необходим"",""о"",""тью "",""физическ"",""ой "",""под"",""отов"",""ки, "",""есть "",""и сезон"",""ные "",""огран"",""ичен"",""ия. "",""Он"",""и "",""возм"",""ожн"",""ы "",""тольк"",""о "",""летом "",""— "",""с "",""ноября "",""по "",""фев"",""раль "",""— "",""охватывают "",""в "",""основ"",""н"",""ом "",""тер"",""ито"",""ии "",""пол"",""остров"",""а, "",""остров"",""ов"","" "",""и мо"",""е "",""Росса.""]",61
888,dev,888,"Летом здесь проживает несколько тысяч работников приблизительно на четырех дюжинах баз, расположенных главным образом в этих областях. Небольшое число из них остаются на зиму.","[""Л"",""е"",""ом"","" "",""здесь "",""проживает "",""неск"",""олько "",""тысяч "",""рабо"",""н"",""иков"","" "",""при"",""лизител"",""н"",""о "",""на "",""чет"",""рех "",""дюжин"",""ах "",""баз, "",""расп"",""оложен"",""ных "",""глав"",""н"",""ым "",""образом"","" "",""в "",""этих "",""обла"",""тях. "",""Небольш"",""ое "",""чи"",""ло "",""из "",""них "",""оста"",""тся "",""на "",""зиму.""]",45
889,dev,889,"Внутренняя Антарктида — это пустынное плато, которое покрыто льдом толщиной от 2 до 3 км.","[""В"",""н"",""утрен"",""няя "",""Ан"",""тарктида "",""— "",""это "",""пустын"",""ное "",""пла"",""о, "",""кото"",""ое "",""пок"",""рыто "",""льдом"","" "",""толщ"",""ин"",""ой "",""от "",""2 до "",""3 км.""]",24
890,dev,890,"Вглубь материка по воздуху отправляются нерегулярные специализированные рейсы, для альпинизма или походов к полюсу, где расположена крупная база.","[""В"",""г"",""л"",""б"",""ь "",""матер"",""ка "",""по "",""возд"",""ху "",""отправ"",""ляются "",""нер"",""г"",""ля"",""н"",""ые "",""спе"",""иализиров"",""ан"",""ные "",""рей"",""ы, "",""для "",""альпин"",""изма "",""или "",""по"",""одов"","" "",""к "",""пол"",""су, "",""где "",""расп"",""оложен"",""а "",""крупн"",""ая "",""база.""]",40
891,dev,891,Шоссе Мак-Мердо — Южный полюс — это 1600-километровый путь от станции Мак-Мердо у моря Росса до полюса.,"[""Шо"",""се "",""Мак"",""-"",""Мер"",""о "",""— "",""Южн"",""ый "",""пол"",""с "",""— "",""это "",""1600-"",""километров"",""ый "",""путь "",""от "",""стан"",""ции "",""Мак"",""-"",""Мер"",""о "",""у "",""мо"",""я "",""Росса "",""до "",""пол"",""са.""]",31
892,dev,892,"Это утрамбованный снег с заполненными расселинами, помеченными флажками. По нему могут передвигаться только специальные буксировщики, тянущие сани с топливом и продовольствием.","[""Э"",""о "",""утрамб"",""ов"",""ан"",""ный "",""сн"",""ег "",""с "",""зап"",""олнен"",""ными "",""рас"",""елин"",""ами, "",""пом"",""ечен"",""ными "",""флажк"",""ами. "",""По "",""нем"",""у "",""могут "",""пер"",""дв"",""игаться "",""тольк"",""о "",""спе"",""иальн"",""ые "",""бук"",""сиров"",""щ"",""ики, "",""тян"",""ущ"",""ие "",""сан"",""и "",""с "",""топ"",""лив"",""ом "",""и прод"",""ов"",""ольств"",""ием"","".""]",50
893,dev,893,"Они не очень быстрые, поэтому в маршруте должно быть сделано большое отклонение вокруг Трансантарктических гор, чтобы достичь плато.","[""Он"",""и "",""не "",""очен"",""ь "",""быстрые, "",""по"",""тому "",""в "",""мар"",""руте "",""должн"",""о "",""быть "",""сделан"",""о "",""больш"",""ое "",""отк"",""лон"",""ен"",""ие "",""вок"",""руг "",""Тран"",""сан"",""тарктическ"",""их "",""го"","", "",""чтобы "",""до"",""тичь "",""пла"",""о.""]",35
894,dev,894,"Наиболее частой причиной несчастных случаев зимой являются скользкие дороги, тротуары и особенно ступеньки.","[""Н"",""аиболее "",""частой "",""при"",""ин"",""ой "",""нес"",""а"",""тн"",""ых "",""случаев"","" "",""зимой "",""явля"",""тся "",""ск"",""ользк"",""ие "",""до"",""ог"",""и, "",""тро"",""уар"","" "",""и особ"",""ен"",""но "",""ступен"",""ьки.""]",29
895,dev,895,"Вам хотя бы нужна обувь с соответствующей подошвой. Летняя обувь, как правило, сильно скользит на льду и снегу, таковы даже некоторые зимние сапоги.","[""В"",""ам "",""хо"",""я "",""бы "",""нужн"",""а "",""обувь "",""с "",""соответств"",""ующ"",""ей "",""под"","""",""вой. "",""Летн"",""яя "",""обувь, "",""как"","" "",""прав"",""ило, "",""сильн"",""о "",""ск"",""ользит "",""на "",""льд"","" "",""и снегу, "",""так"",""ов"",""ы "",""даже "",""нек"",""ото"",""ые "",""зимн"",""ие "",""сап"",""ог"",""и.""]",42
896,dev,896,"Узор должен быть достаточно глубоким — 5 мм (1/5 дюйма) и более, а материал — достаточно мягким при низких температурах.","[""Узо"","" "",""должен"","" "",""быть "",""до"",""тато"",""н"",""о "",""глуб"",""ок"",""им "",""— "",""5 мм "",""(1/5 "",""дюйм"",""а) "",""и более, "",""а матер"",""ал "",""— "",""до"",""таточн"",""о "",""мягк"",""им "",""при "",""низк"",""их "",""тем"",""пер"",""турах.""]",32
897,dev,897,"Некоторые сапоги имеют шипы, а так же есть дополнительное оборудование с шипами для условий скольжения, подходящие для большинства ботинок и сапог как для каблуков так и для каблуков и подошв.","[""Н"",""ек"",""ото"",""ые "",""сап"",""ог"",""и "",""имеют "",""шипы, "",""а так"","" "",""же "",""есть "",""доп"",""олнительн"",""ое "",""обо"",""удов"",""ан"",""ие "",""с "",""шипами "",""для "",""услов"",""ий "",""ск"",""ольжен"",""ия, "",""под"",""од"",""щ"",""ие "",""для "",""больш"",""ин"",""ств"",""а "",""бо"",""ин"",""ок"","" "",""и сап"",""ог"","" "",""как"","" "",""для "",""каб"",""луков"","" "",""так"","" "",""и для "",""каб"",""луков"","" "",""и под"",""шв.""]",58
898,dev,898,"Песок, соль (хлорид кальция) и гравий часто рассыпают по дорогам или пешеходным дорожкам для лучшего сцепления. Поэтому каблуки должны быть низкими и широкими.","[""П"",""есок"","", "",""соль "",""(хло"",""ид "",""кальция) "",""и грав"",""ий "",""часто "",""рас"",""ыпают "",""по "",""до"",""ог"",""ам "",""или "",""пешеходн"",""ым "",""до"",""ожкам "",""для "",""лучш"",""его "",""сцеп"",""лен"",""ия. "",""По"",""тому "",""каб"",""луки "",""должн"",""ы "",""быть "",""низк"",""ими "",""и широк"",""ими.""]",38
899,dev,899,"Лавины не являются аномалией; крутые склоны способны удерживать только ограниченное количество снега, и его избыточные объемы сходят в виде лавин.","[""Л"",""ав"",""ин"",""ы "",""не "",""являются "",""ан"",""омалией; "",""кру"",""ые "",""ск"",""лон"",""ы "",""спо"",""об"",""ны "",""удерживать "",""тольк"",""о "",""огран"",""ичен"",""ное "",""кол"",""честв"",""о "",""снега, "",""и его "",""изб"",""ыто"",""н"",""ые "",""объем"",""ы "",""сходят "",""в "",""вид"","" "",""лавин"","".""]",39
900,dev,900,"Проблема в том, что снег цепкий, поэтому, чтобы он скатился, необходимо какое-то воздействие, а небольшое количество скатывающегося снега может стать этим самым воздействием для остальной массы.","[""П"",""роб"",""лем"",""а "",""в "",""том, "",""что "",""снег "",""цепкий, "",""по"",""тому, "",""чтобы "",""он"","" "",""ск"",""атился, "",""необходим"",""о "",""как"",""ое-"",""то "",""возд"",""йств"",""ие, "",""а небольш"",""ое "",""кол"",""честв"",""о "",""ск"",""атывающ"",""его"",""я "",""сн"",""ега "",""може"","" "",""ста"",""ь "",""этим"","" "",""сам"",""ым "",""возд"",""йств"",""ием"","" "",""для "",""остал"",""н"",""ой "",""массы.""]",52
901,dev,901,"Иногда провоцирующим фактором становится нагрев снега солнцем, иногда — выпадение большего количества снега, другие природные явления или, часто, человек.","[""Ин"",""огда "",""пров"",""оцир"",""ющ"",""им "",""фак"",""тором "",""стан"",""ов"",""ится "",""наг"","""",""ев"","" "",""снега "",""сол"",""цем"","", "",""ин"",""огда "",""— "",""выпаден"",""ие "",""больш"",""его "",""кол"",""честв"",""а "",""сн"",""ега, "",""друг"",""ие "",""при"",""одн"",""ые "",""явлен"",""ия "",""или, "",""часто, "",""челов"",""ек.""]",42
902,dev,902,Торнадо представляет собой вращающийся столб воздуха с сверхнизким давлением. Он всасывает вовнутрь и вверх окружающий его воздух.,"[""Т"",""о"",""н"",""адо "",""пред"",""став"",""ляет "",""соб"",""ой "",""вращающ"",""ийся "",""стол"",""б"","" "",""возд"",""ха "",""с "",""све"","""",""н"",""изк"",""им "",""давлен"",""ием. "",""Он"","" "",""всасывает "",""вов"",""н"",""утрь "",""и ввер"","" "",""ок"",""ружающ"",""ий "",""его "",""возд"",""х.""]",38
903,dev,903,"Они образуют сильный ветер (зачастую 100–200 миль/час) и могут поднимать тяжёлые предметы в воздух, перенося их на другое место по мере движения торнадо.","[""Он"",""и "",""образ"",""ют "",""сильн"",""ый "",""ветер "",""(за"",""астую "",""100–"",""200 "",""миль/"",""час) "",""и могут "",""под"","""",""имать "",""тяжёлые "",""пред"",""меты "",""в "",""возд"",""х, "",""пер"",""н"",""ося "",""их "",""на "",""друг"",""ое "",""место "",""по "",""мер"","" "",""движен"",""ия "",""то"",""н"",""адо.""]",39
904,dev,904,"Они начинаются как воронки, спускающиеся из грозовых облаков, и превращаются в торнадо, когда касаются земли.","[""Он"",""и "",""начин"",""аются "",""как"","" "",""во"",""он"",""ки, "",""спуск"",""ающ"",""иеся "",""из "",""грозов"",""ых "",""облак"",""ов"","", "",""и прев"",""ращаются "",""в "",""то"",""н"",""адо, "",""когда "",""касаются "",""зем"",""ли.""]",28
905,dev,905,"Провайдеры личных VPN (виртуальных частных сетей) — отличный способ обойти как политическую цензуру, так и коммерческую геофильтрацию по IP-адресу.","[""П"",""ров"",""айд"",""е"","""","" "",""ли"",""н"",""ых "",""VPN "",""(вир"",""уальн"",""ых "",""частн"",""ых "",""сетей) "",""— "",""отличн"",""ый "",""спо"",""об"","" "",""обойти "",""как"","" "",""пол"",""тическ"",""ую "",""цен"",""зуру, "",""так"","" "",""и ком"",""мер"",""еск"",""ую "",""гео"",""ильтра"",""и"",""ю "",""по "",""IP-"",""ад"",""есу.""]",44
906,dev,906,"Они лучше веб-прокси по ряду причин: они пересылают весь веб-трафик, а не только трафик по HTTP-протоколу.","[""Он"",""и "",""лучш"",""е "",""веб-"",""прок"",""си "",""по "",""ряду "",""при"",""ин"","": "",""он"",""и "",""пер"",""сылают "",""вес"",""ь "",""веб-"",""трафик, "",""а не "",""тольк"",""о "",""трафик "",""по "",""HTTP-"",""про"",""ок"",""олу.""]",29
907,dev,907,"Они обычно предлагают более высокую пропускную способность соединения и лучшее качество обслуживания. Они зашифрованы, что делает слежку сложнее.","[""Он"",""и "",""обычн"",""о "",""пред"",""лаг"",""ают "",""более "",""высок"",""ую "",""проп"",""уск"",""ную "",""спо"",""об"",""ность "",""соедин"",""ен"",""ия "",""и лучш"",""ее "",""качеств"",""о "",""обслуживан"",""ия. "",""Он"",""и "",""за"",""ифров"",""ан"",""ы, "",""что "",""дел"",""ет "",""слежк"",""у "",""сложн"",""ее.""]",38
908,dev,908,"СМИ систематически скрывают настоящую цель и заявляют, что делают это, чтобы ""предотвратить пиратство"".","[""СМ"",""И "",""систем"",""ати"",""еск"",""и "",""ск"",""рывают "",""нас"",""о"",""щ"",""ую "",""цел"","" "",""и за"",""вляют, "",""что "",""дел"",""ют "",""это, "",""чтоб"",""ы "",""\""пред"",""о"",""вратить "",""пиратств"",""о\"""","".""]",28
909,dev,909,"Фактически коды регионов не оказывают никакого эффекта на нелегальное копирование; побитная копия диска будет работать на любом устройстве, где будет работать оригинальный диск.","[""Фак"",""тическ"",""и "",""коды "",""регион"",""ов"","" "",""не "",""ок"",""азывают "",""никак"",""ого "",""эффек"",""та "",""на "",""нел"",""гальн"",""ое "",""копиров"",""ан"",""ие; "",""поб"",""итн"",""ая "",""копия "",""дис"",""к"",""а "",""будет "",""рабо"",""ать "",""на "",""люб"",""ом "",""устройств"",""е, "",""где "",""будет "",""рабо"",""ать "",""оригин"",""альн"",""ый "",""дис"",""к"","".""]",46
910,dev,910,"Настоящая цель состоит в том, чтобы дать этим компаниям больше контроля над своими рынками. Главное здесь — это получение постоянного дохода.","[""Н"",""а"",""то"",""щ"",""ая "",""цел"","" "",""со"",""тоит "",""в "",""том, "",""чтобы "",""дать "",""этим"","" "",""ком"",""пан"",""иям "",""больш"",""е "",""кон"",""трол"",""я "",""над "",""своими "",""рын"",""ками. "",""Глав"",""н"",""ое "",""здесь "",""— "",""это "",""пол"",""чен"",""ие "",""по"",""тоян"",""ного "",""до"",""ода.""]",41
911,dev,911,"Так как звонки совершаются через Интернет, не нужно использовать телефонную компанию, которая расположена в месте, где вы живете или путешествуете.","[""Т"",""ак"","" "",""как"","" "",""звон"",""ки "",""сов"",""ершаются "",""чер"",""з "",""Ин"",""тер"","""",""ет, "",""не "",""нужн"",""о "",""использов"",""ать "",""тел"","""",""он"",""ную "",""ком"",""пан"",""ию, "",""кото"",""ая "",""расп"",""оложен"",""а "",""в "",""месте, "",""где "",""вы живете "",""или "",""путешеств"",""ует"","".""]",40
912,dev,912,"Также нет никакой необходимости, чтобы вы получали местный номер оттуда, где живёте. Вы можете подключиться к спутниковому Интернету в дебрях Чикена на Аляске и выбрать номер, который будет показывать, что вы находитесь в солнечной Аризоне.","[""Т"",""ак"",""же "",""нет "",""никак"",""ой "",""необходим"",""о"",""ти, "",""чтоб"",""ы "",""вы пол"",""чали "",""местн"",""ый "",""номер "",""оттуда, "",""где "",""жив"",""те. "",""Вы може"",""е "",""под"","""",""лючиться "",""к "",""спутн"",""иков"",""ому "",""Ин"",""тер"","""",""ету "",""в "",""дебрях "",""Чик"",""ен"",""а "",""на "",""Аля"",""к"",""е "",""и выб"",""ать "",""номер, "",""кото"",""ый "",""будет "",""пок"",""азывать, "",""что "",""вы находи"",""ес"",""ь "",""в "",""сол"",""ечн"",""ой "",""Аризон"",""е.""]",60
913,dev,913,"Часто нужно отдельно приобретать международный номер, позволяющий звонить вам с телефонов ТСОП. Для звонящих вам имеет значение, откуда номер.","[""Ча"",""то "",""нужн"",""о "",""отдел"",""н"",""о "",""при"",""б"",""ретать "",""межд"",""н"",""ародн"",""ый "",""номер, "",""поз"","""",""оляющ"",""ий "",""звон"",""ить "",""вам "",""с "",""тел"","""",""он"",""ов"","" "",""ТСОП"","". "",""Для "",""звон"",""ящих "",""вам "",""имеет "",""зн"",""ачен"",""ие, "",""отк"",""уда "",""номер.""]",41
914,dev,914,"Приложения, которые могут автоматически переводить части текста целиком с одного языка на другой — это приложения оперативного текстового перевода.","[""П"",""ри"",""ожен"",""ия, "",""кото"",""ые "",""могут "",""авто"","""",""атическ"",""и "",""пер"",""в"",""одить "",""части "",""тек"",""ста "",""цел"",""к"",""ом "",""с "",""одн"",""ого "",""языка "",""на "",""друг"",""ой "",""— "",""это "",""при"",""ожен"",""ия "",""опер"",""тивн"",""ого "",""тек"",""стов"",""ого "",""пер"",""в"",""ода.""]",41
915,dev,915,Отдельные приложения в этой категории даже могут переводить тексты на иностранных языках на вывесках или других предметах в реальном мире. Для этого пользователю нужно направить смартфон на такие предметы.,"[""О"",""дел"",""н"",""ые "",""при"",""ожен"",""ия "",""в "",""этой "",""катего"",""ии "",""даже "",""могут "",""пер"",""в"",""одить "",""тек"",""сты "",""на "",""ин"",""остран"",""ных "",""языках "",""на "",""вывеск"",""ах "",""или "",""друг"",""их "",""пред"",""метах "",""в "",""реальн"",""ом "",""мире. "",""Для "",""этого "",""пол"",""зов"",""ателю "",""нужн"",""о "",""нап"",""рав"",""ить "",""смартфон"","" "",""на "",""так"",""ие "",""пред"",""меты.""]",52
916,dev,916,"Системы перевода существенно улучшились и теперь часто выдают более-менее правильные переводы (и реже бессмыслицу), но необходима некоторая предосторожность, так как они все равно могут полностью ошибаться.","[""Си"",""тем"",""ы "",""пер"",""в"",""ода "",""существ"",""ен"",""но "",""улучш"",""или"",""ь "",""и теп"",""ер"","" "",""часто "",""выд"",""ют "",""более-"",""мен"",""ее "",""прав"",""ильн"",""ые "",""пер"",""в"",""оды "",""(и реже "",""бессмысли"",""у), "",""но "",""необходим"",""а "",""нек"",""ото"",""ая "",""пред"",""о"",""то"",""ожн"",""ость, "",""так"","" "",""как"","" "",""он"",""и "",""все "",""рав"",""н"",""о "",""могут "",""пол"",""остью "",""ошибаться.""]",55
917,dev,917,"Одно из наиболее выдающихся приложений в этой категории — Google Translate, которое обеспечивает перевод в режиме офлайн после скачивания желаемых языковых данных.","[""Од"",""н"",""о "",""из "",""наиболее "",""выд"",""ющ"",""ихся "",""при"",""ожен"",""ий "",""в "",""этой "",""катего"",""ии "",""— "",""Google "",""Transl"",""a te, "",""кото"",""ое "",""обесп"",""ечивает "",""пер"",""в"",""од "",""в "",""режиме "",""офлайн"","" "",""по"",""ле "",""ск"",""ачиван"",""ия "",""желаем"",""ых "",""языков"",""ых "",""дан"",""ных.""]",41
918,dev,918,"Использование приложений GPS-навигации в вашем смартфоне может быть самым лёгким и удобным способом ориентирования, когда вы находитесь за пределами своей страны.","[""И"",""п"",""ол"",""зов"",""ан"",""ие "",""при"",""ожен"",""ий "",""GPS-"",""нав"",""игации "",""в "",""ваш"",""ем "",""смартфон"",""е "",""може"","" "",""быть "",""сам"",""ым "",""лёгк"",""им "",""и удоб"",""н"",""ым "",""спо"",""об"",""ом "",""ориен"",""тиров"",""ан"",""ия, "",""когда "",""вы находи"",""ес"",""ь "",""за "",""пред"",""елами "",""своей "",""стр"",""н"",""ы.""]",45
919,dev,919,Это может сэкономить на покупке новых карт для GPS или отдельного GPS-устройства или аренды такого устройства в прокате автомобилей.,"[""Э"",""о "",""може"","" "",""сэк"",""он"",""омить "",""на "",""пок"",""упке "",""нов"",""ых "",""карт "",""для "",""GPS "",""или "",""отдельн"",""ого "",""GPS-"",""устройств"",""а "",""или "",""арен"",""ды "",""так"",""ого "",""устройств"",""а "",""в "",""прок"",""ате "",""авто"","""",""об"",""илей.""]",35
920,dev,920,"Если у вас нет соединения для передачи данных или телефон находится вне зоны действия сети, их работа может быть ограничена или недоступна.","[""Е"",""ли "",""у "",""вас "",""нет "",""соедин"",""ен"",""ия "",""для "",""пер"",""дачи "",""дан"",""ных "",""или "",""тел"","""",""он"","" "",""находи"",""ся "",""вн"",""е "",""зон"",""ы "",""действ"",""ия "",""сети, "",""их "",""рабо"",""а "",""може"","" "",""быть "",""огран"",""ичен"",""а "",""или "",""нед"","""",""тупн"",""а.""]",41
921,dev,921,"Каждый магазин шаговой доступности заполнен сбивающими с толку наборами телефонных карт предоплаты, которые можно использовать в таксофонах или обычных телефонах.","[""К"",""аж"",""д"","""",""й "",""магазин"","" "",""шагов"",""ой "",""до"",""тупн"",""ости "",""зап"",""олнен"","" "",""сбивающ"",""ими "",""с "",""толку "",""наб"",""орами "",""тел"","""",""он"",""ных "",""карт "",""пред"",""оп"",""латы, "",""кото"",""ые "",""можн"",""о "",""использов"",""ать "",""в "",""так"",""со"",""он"",""ах "",""или "",""обычн"",""ых "",""тел"","""",""он"",""ах.""]",47
922,dev,922,"Большая часть карт подходит для звонков в любое место, но некоторые из карт предоставляют льготные тарифы на звонки в определенные страны.","[""Б"",""ольш"",""ая "",""част"","" "",""кар"","" "",""под"",""оди"","" "",""для "",""звон"",""ков"","" "",""в "",""люб"",""ое "",""место, "",""но "",""нек"",""ото"",""ые "",""из "",""карт "",""пред"",""о"",""тавляют "",""льго"",""н"",""ые "",""тар"",""фы "",""на "",""звон"",""ки "",""в "",""опред"",""елен"",""ные "",""стр"",""н"",""ы.""]",42
923,dev,923,"Чтобы воспользоваться этими услугами, как правило, достаточно позвонить на бесплатный (для большинства телефонов) номер.","[""Ч"",""об"",""ы "",""во"",""пол"",""зов"",""аться "",""этим"",""и "",""услуг"",""ами, "",""как"","" "",""прав"",""ило, "",""до"",""тато"",""н"",""о "",""поз"","""",""он"",""ить "",""на "",""бесплатн"",""ый "",""(для "",""больш"",""ин"",""ств"",""а "",""тел"","""",""он"",""ов"","") "",""номер.""]",37
924,dev,924,"Правила, касающиеся обычной фотосъёмки, касаются и видеозаписи, возможно, даже в ещё большей степени.","[""П"",""рав"",""ила, "",""каса"",""щ"",""иеся "",""обычн"",""ой "",""фото"",""ъёмки, "",""каса"",""тся "",""и вид"",""оз"",""ап"",""иси, "",""возм"",""ожн"",""о, "",""даже "",""в "",""ещё "",""больш"",""ей "",""степ"",""ен"",""и.""]",27
925,dev,925,"Если фотосъёмка не разрешена, то даже и не стоит думать о том, чтобы снимать что-либо на видео.","[""Е"",""ли "",""фото"",""ъёмка "",""не "",""раз"",""ешен"",""а, "",""то "",""даже "",""и не "",""стоит "",""думать "",""о "",""том, "",""чтобы "",""снимать "",""что-"",""либ"",""о "",""на "",""вид"",""о.""]",23
926,dev,926,"Если вы используете дрон, заблаговременно узнайте, что вам можно снимать, а также какие требуются разрешения или дополнительные лицензии.","[""Е"",""ли "",""вы испол"",""з"",""ете "",""дрон"","", "",""заб"",""лаг"",""ов"",""рем"",""ен"",""но "",""узн"",""айте, "",""что "",""вам "",""можн"",""о "",""снимать, "",""а так"",""же "",""как"",""ие "",""треб"",""уются "",""раз"",""ешен"",""ия "",""или "",""доп"",""олнительн"",""ые "",""лицен"",""зии.""]",35
927,dev,927,"Запускать дрона около аэропорта или над толпой людей – это почти всегда плохая идея, даже если там, где вы живете, это не запрещено законом.","[""З"",""ап"",""уск"",""ать "",""дрон"",""а "",""ок"",""оло "",""аэроп"",""о"",""та "",""или "",""над "",""толпой "",""людей "",""– "",""это "",""по"",""ти "",""всегда "",""пло"",""ая "",""идея, "",""даже "",""если "",""там, "",""где "",""вы живете, "",""это "",""не "",""зап"",""рещен"",""о "",""зак"",""он"",""ом.""]",36
928,dev,928,"Сегодня билеты на самолет редко бронируют непосредственно в авиакомпании, не проведя сначала поиск и не сравнив цены.","[""Сегодн"",""я "",""билеты "",""на "",""сам"",""олет "",""редк"",""о "",""брон"",""ир"",""ют "",""неп"",""о"",""редств"",""ен"",""но "",""в "",""авиак"",""омпан"",""ии, "",""не "",""пров"",""едя "",""сн"",""ачала "",""поиск"","" "",""и не "",""срав"",""н"",""ив "",""цен"",""ы.""]",33
929,dev,929,"Иногда цены на один и тот же рейс могут сильно отличаться на разных агрегаторах, и перед бронированием стоит сравнить результаты поиска, а также посмотреть на сайте самой авиакомпании.","[""Ин"",""огда "",""цен"",""ы "",""на "",""один"","" "",""и то"","" "",""же "",""рейс "",""могут "",""сильн"",""о "",""отличаться "",""на "",""разн"",""ых "",""аг"",""егато"",""ах, "",""и пер"",""д "",""брон"",""иров"",""ан"",""ием "",""стоит "",""срав"",""н"",""ить "",""рез"",""льта"",""ы "",""поиск"",""а, "",""а так"",""же "",""по"",""мотреть "",""на "",""сайте "",""сам"",""ой "",""авиак"",""омпан"",""ии.""]",47
930,dev,930,"Хотя для краткосрочных туристических или деловых поездок в некоторые страны виза не нужна, поездка в качестве иностранного студента обычно предполагает более длительное пребывание, нежели поездка обычного туриста.","[""Х"",""о"",""я "",""для "",""кра"",""косро"",""н"",""ых "",""тур"",""стическ"",""их "",""или "",""дел"",""в"",""ых "",""поездок"","" "",""в "",""нек"",""ото"",""ые "",""стр"",""н"",""ы "",""виза "",""не "",""нужн"",""а, "",""поездк"",""а "",""в "",""качеств"",""е "",""ин"",""остран"",""ного "",""студен"",""та "",""обычн"",""о "",""пред"",""полаг"",""ает "",""более "",""длительн"",""ое "",""преб"",""ыван"",""ие, "",""нежели "",""поездк"",""а "",""обычн"",""ого "",""тур"",""ста.""]",56
931,dev,931,"Как правило, для пребывания в любой зарубежной стране на протяжении длительного периода времени потребуется предварительное получение визы.","[""К"",""ак"","" "",""прав"",""ило, "",""для "",""преб"",""ыван"",""ия "",""в "",""люб"",""ой "",""за"",""убежн"",""ой "",""стр"",""н"",""е "",""на "",""про"",""яжен"",""ии "",""длительн"",""ого "",""пер"",""ода "",""врем"",""ен"",""и "",""по"",""реб"",""уется "",""пред"",""в"",""арительн"",""ое "",""пол"",""чен"",""ие "",""виз"","".""]",41
932,dev,932,"Как правило, требования и процедуры подачи документов на получение студенческой визы отличаются от требований и процедур для получения обычных туристических или деловых виз.","[""К"",""ак"","" "",""прав"",""ило, "",""треб"",""ов"",""ан"",""ия "",""и про"",""едур"","" "",""под"",""чи "",""док"",""умен"",""тов"","" "",""на "",""пол"",""чен"",""ие "",""студен"",""ческ"",""ой "",""виз"","" "",""отличаются "",""от "",""треб"",""ов"",""ан"",""ий "",""и про"",""едур "",""для "",""пол"",""чен"",""ия "",""обычн"",""ых "",""тур"",""стическ"",""их "",""или "",""дел"",""в"",""ых "",""виз.""]",49
933,dev,933,"Для большинства стран вам потребуется письмо с предложением на учебу от университета, в котором вы желаете обучаться, а также подтверждение наличия достаточного количества средств для проживания по крайней мере в первый год вашего обучения.","[""Д"",""ля "",""больш"",""ин"",""ств"",""а "",""стр"",""н"","" "",""вам "",""по"",""реб"",""уется "",""пис"",""мо "",""с "",""пред"",""ложен"",""ием "",""на "",""учебу "",""от "",""ун"",""ивер"",""итета, "",""в "",""кото"",""ом "",""вы желаете "",""обучаться, "",""а так"",""же "",""под"",""вер"",""д"",""ен"",""ие "",""нал"",""чия "",""до"",""тато"",""н"",""ого "",""кол"",""честв"",""а "",""средств"","" "",""для "",""проживан"",""ия "",""по "",""кра"",""н"",""ей "",""мер"","" "",""в "",""пер"",""ый "",""год "",""ваш"",""его "",""обучен"",""ия.""]",65
934,dev,934,"Согласуйте детальные требования с учреждением, а так же с департаментом иммиграции страны, в которой вы хотите учиться.","[""Сог"",""ла"",""уйте "",""дет"",""льн"",""ые "",""треб"",""ов"",""ан"",""ия "",""с "",""учрежден"",""ием, "",""а так"","" "",""же "",""с "",""деп"",""артамен"",""том "",""иммиг"",""аци"",""и "",""стр"",""н"",""ы, "",""в "",""кото"",""ой "",""вы хоти"",""е "",""учиться.""]",32
935,dev,935,"Если только вы не являетесь дипломатом, работа за рубежом, как правило, означает, что вам будет нужно предоставлять налоговые декларации в стране, в которой вы проживаете.","[""Е"",""ли "",""тольк"",""о "",""вы не "",""являетес"",""ь "",""диплом"",""атом"","", "",""рабо"",""а "",""за "",""рубежом, "",""как"","" "",""прав"",""ило, "",""озн"",""ачает, "",""что "",""вам "",""будет "",""нужн"",""о "",""пред"",""о"",""тавлять "",""нал"",""г"",""ов"",""ые "",""дек"",""лараци"",""и "",""в "",""стр"",""н"",""е, "",""в "",""кото"",""ой "",""вы проживает"","".""]",44
936,dev,936,"В каждой стране своя структура подоходного налога, а также сильно отличаются в разных странах налоговые ставки и группы.","[""В"","" "",""каждой "",""стр"",""н"",""е "",""сво"","" "",""стр"",""ктура "",""под"",""ходн"",""ого "",""нал"",""г"",""а, "",""а так"",""же "",""сильн"",""о "",""отличаются "",""в "",""разн"",""ых "",""стр"",""н"",""ах "",""нал"",""г"",""ов"",""ые "",""став"",""ки "",""и гр"",""ппы.""]",35
937,dev,937,"В некоторых федеративных государствах, таких как США и Канада, подоходный налог взимается как на федеральном, так и на местном уровнях, поэтому ставки и диапазоны могут отличаться в разных регионах.","[""В"","" "",""нек"",""ото"",""ых "",""феде"",""ативн"",""ых "",""го"",""ударств"",""ах, "",""так"",""их "",""как"","" "",""США "",""и Кан"",""ада, "",""под"",""ходн"",""ый "",""нал"",""г"","" "",""взим"",""ается "",""как"","" "",""на "",""федеральн"",""ом, "",""так"","" "",""и на "",""местн"",""ом "",""уров"",""н"",""ях, "",""по"",""тому "",""став"",""ки "",""и диап"",""азон"",""ы "",""могут "",""отличаться "",""в "",""разн"",""ых "",""регион"",""ах.""]",53
938,dev,938,"Хотя иммиграционная проверка, как правило, отсутствует или представляет собой формальность по возвращении на родину, таможенный контроль может быть хлопотным.","[""Х"",""о"",""я "",""иммиг"",""аци"",""он"",""ная "",""пров"",""ерка, "",""как"","" "",""прав"",""ило, "",""отсутств"",""ует "",""или "",""пред"",""став"",""ляет "",""соб"",""ой "",""форм"",""альн"",""ость "",""по "",""возв"",""ращен"",""ии "",""на "",""родин"",""у, "",""таможен"",""ный "",""кон"",""трол"",""ь "",""може"","" "",""быть "",""хлоп"",""о"",""н"",""ым.""]",43
939,dev,939,"Убедитесь, что вы знаете, что вы можете и не можете ввозить и задекларируйте всё, что превышает оговоренные законом пределы.","[""Уб"",""едитес"",""ь, "",""что "",""вы зн"",""аете, "",""что "",""вы може"",""е "",""и не "",""може"",""е "",""ввозить "",""и зад"",""к"",""ларир"",""йте "",""всё, "",""что "",""прев"",""ышает "",""оговорен"",""ные "",""зак"",""он"",""ом "",""пред"",""елы.""]",28
940,dev,940,Самый простой способ начать работу по написанию статей о путешествиях — это отточить свои навыки в уже существующем интернет-блоге о путешествиях.,"[""Сам"",""ый "",""про"",""той "",""спо"",""об"","" "",""начать "",""рабо"",""у "",""по "",""нап"",""исан"",""ию "",""ста"",""ей "",""о "",""путешеств"",""ия"","" "",""— "",""это "",""отто"",""ить "",""свои "",""нав"",""ыки "",""в "",""уже "",""существ"",""ующ"",""ем "",""ин"",""тер"","""",""ет-"",""блог"",""е "",""о "",""путешеств"",""иях.""]",41
941,dev,941,"После того, как вы освоите форматирование и редактирование в интернете, вы сможете создать свой собственный сайт.","[""П"",""о"",""ле "",""того, "",""как"","" "",""вы освоите "",""форм"",""атиров"",""ан"",""ие "",""и редак"",""тиров"",""ан"",""ие "",""в "",""ин"",""тер"","""",""ете, "",""вы сможете "",""создать "",""свой "",""соб"",""ств"",""ен"",""ный "",""сайт.""]",28
942,dev,942,"Волонтёрство во время путешествий — это отличный способ изменить мир к лучшему, но это гораздо большее, чем просто помощь.","[""В"",""олон"",""тёр"",""тв"",""о "",""во "",""врем"",""я "",""путешеств"",""ий "",""— "",""это "",""отличн"",""ый "",""спо"",""об"","" "",""измен"",""ить "",""мир "",""к "",""лучш"",""ему, "",""но "",""это "",""го"",""аздо "",""больш"",""ее, "",""чем"","" "",""про"",""то "",""пом"",""ощь.""]",35
943,dev,943,"Жить и выступать в качестве волонтёра в чужой стране — это прекрасный способ познакомиться с другой культурой, встретить новых людей, узнать что-то новое о себе, получить представление о перспективах и даже приобрести новые навыки.","[""Ж"",""и"",""ь "",""и выс"",""упать "",""в "",""качеств"",""е "",""волон"",""тёра "",""в "",""чужой "",""стр"",""н"",""е "",""— "",""это "",""прек"",""расн"",""ый "",""спо"",""об"","" "",""поз"","""",""акомиться "",""с "",""друг"",""ой "",""культу"",""ой, "",""вст"",""етить "",""нов"",""ых "",""людей, "",""узн"",""ать "",""что-"",""то "",""нов"",""ое "",""о "",""себе, "",""пол"",""чить "",""пред"",""став"",""лен"",""ие "",""о "",""пер"",""пек"",""тивах "",""и даже "",""при"",""брести "",""нов"",""ые "",""нав"",""ыки.""]",61
944,dev,944,"Это также хороший способ немного сэкономить и позволить себе задержаться где-то подольше, поскольку многие волонтерские проекты обеспечивают жильем и питанием, а некоторые даже платят небольшую зарплату.","[""Э"",""о "",""так"",""же "",""хорош"",""ий "",""спо"",""об"","" "",""нем"",""ного "",""сэк"",""он"",""омить "",""и поз"","""",""олить "",""себе "",""зад"",""ржаться "",""где-"",""то "",""под"",""льш"",""е, "",""по"",""к"",""ольку "",""мн"",""огие "",""волон"",""тер"",""к"",""ие "",""проек"",""ты "",""обесп"",""ечивают "",""жильем"","" "",""и питан"",""ием, "",""а нек"",""ото"",""ые "",""даже "",""пла"",""ят "",""небольш"",""ую "",""за"",""плату.""]",52
945,dev,945,"Викинги использовали русские водные пути, чтобы добраться до Чёрного и Каспийского морей. Часть этих маршрутов могут использоваться и сейчас. Проверьте, требуются ли специальные разрешения, которые трудно получить.","[""В"",""ик"",""ин"",""ги "",""использов"",""али "",""русск"",""ие "",""водн"",""ые "",""пути, "",""чтоб"",""ы "",""доб"",""раться "",""до "",""Чёрн"",""ого "",""и Каспийск"",""ого "",""мо"",""ей. "",""Ча"",""ть "",""эти"","" "",""мар"",""рутов"","" "",""могут "",""испол"",""зов"",""аться "",""и сейчас. "",""Пров"",""ер"",""те, "",""треб"",""уются "",""ли "",""спе"",""иальн"",""ые "",""раз"",""ешен"",""ия, "",""кото"",""ые "",""тр"",""дн"",""о "",""пол"",""чить.""]",53
946,dev,946,"Беломорско-балтийский канал соединяет Северный Ледовитый океан с Балтийским морем в основном реками и озерами через Онежское озеро, Ладожское озеро и Санкт-Петербург.","[""Б"",""ел"",""м"",""о"",""ск"",""о-"",""балтийск"",""ий "",""кан"",""ал "",""соедин"",""яет "",""Сев"",""ерн"",""ый "",""Ледов"",""итый "",""ок"",""еан"","" "",""с "",""Балтий"",""к"",""им "",""мо"",""ем"","" "",""в "",""основ"",""н"",""ом "",""рек"",""ами "",""и озерами "",""чер"",""з "",""Он"",""еж"",""к"",""ое "",""озеро, "",""Лад"",""жск"",""ое "",""озеро "",""и Сан"",""кт-"",""Петер"",""ург.""]",49
947,dev,947,"Онежское озеро также соединено с Волгой, поэтому  прибыть сюда из Каспийского моря через всю Россию всё ещё возможно.","[""Он"",""еж"",""к"",""ое "",""озеро "",""так"",""же "",""соедин"",""ен"",""о "",""с "",""Волгой, "",""по"",""тому "","" при"",""ыть "",""сюда "",""из "",""Каспийск"",""ого "",""мо"",""я "",""чер"",""з "",""всю "",""Росси"","" "",""всё "",""ещё "",""возм"",""ожн"",""о.""]",32
948,dev,948,"Будьте уверены, как только вы доберетесь до причала, все станет вполне очевидно. Вы встретите других лодочных автостопщиков, и они поделятся информацией с вам.","[""Б"",""уд"",""те "",""уверен"",""ы, "",""как"","" "",""тольк"",""о "",""вы доб"",""еретес"",""ь "",""до "",""при"",""ала, "",""все "",""стан"",""ет "",""впол"","""",""е "",""очев"",""идн"",""о. "",""Вы вст"",""етите "",""друг"",""их "",""лодо"",""н"",""ых "",""авто"",""топ"",""щ"",""иков"","", "",""и он"",""и "",""под"",""лятся "",""ин"",""форм"",""аци"",""ей "",""с "",""вам.""]",46
949,dev,949,"В основном вы будете расклевать объявления с предложением помочь, ходить по докам, подходить к людям, которые чистят свои яхты, пытаться наладить контакт с моряками в баре и так далее.","[""В"","" "",""основ"",""н"",""ом "",""вы будете "",""раск"",""лев"",""ать "",""объявлен"",""ия "",""с "",""пред"",""ложен"",""ием "",""пом"",""очь, "",""ходи"",""ь "",""по "",""док"",""ам, "",""под"",""оди"",""ь "",""к "",""людям, "",""кото"",""ые "",""чи"",""тя"","" "",""свои "",""яхты, "",""пытаться "",""нал"",""дить "",""кон"",""такт "",""с "",""мо"",""яками "",""в "",""бар"","" "",""и так"","" "",""далее.""]",48
950,dev,950,"Попытайтесь пообщаться с как можно большим количеством людей. Спустя какое-то время люди вас запомнят и помогут узнать, какой лодке нужен человек.","[""П"",""оп"",""ытай"",""ес"",""ь "",""пооб"",""щ"",""аться "",""с "",""как"","" "",""можн"",""о "",""больш"",""им "",""кол"",""честв"",""ом "",""людей. "",""Спуст"","" "",""как"",""ое-"",""то "",""врем"",""я "",""люди "",""вас "",""зап"",""ом"",""нят "",""и пом"",""огут "",""узн"",""ать, "",""как"",""ой "",""лодк"",""е "",""нужен"","" "",""челов"",""ек.""]",43
951,dev,951,Вам следует тщательно выбирать входящую в какой-либо альянс авиакомпанию с программой для часто летающих пассажиров.,"[""В"",""ам "",""след"",""ет "",""тщател"",""н"",""о "",""выби"",""ать "",""вход"",""щ"",""ую "",""в "",""как"",""ой-"",""либ"",""о "",""альян"",""с "",""авиак"",""омпан"",""ию "",""с "",""прог"",""раммой "",""для "",""часто "",""летающ"",""их "",""пассажиров"","".""]",31
952,dev,952,"Хотя вам может показаться, что логичнее присоединиться к авиакомпании, рейсами которой вы летаете чаще всего, следует иметь в виду, что предлагаемые привилегии часто различаются, и другая авиакомпания из того же альянса может оказаться более щедрой при раздаче баллов в рамках программы поощрения часто летающих пассажиров.","[""Х"",""о"",""я "",""вам "",""може"","" "",""пок"",""азаться, "",""что "",""лог"",""ичн"",""ее "",""при"",""оедин"",""иться "",""к "",""авиак"",""омпан"",""ии, "",""рей"",""ам"",""и "",""кото"",""ой "",""вы летаете "",""чащ"",""е "",""всего, "",""след"",""ет "",""иметь "",""в "",""вид"","", "",""что "",""пред"",""лаг"",""аем"",""ые "",""при"",""илег"",""ии "",""часто "",""разли"",""аются, "",""и друг"",""ая "",""авиак"",""омпан"",""ия "",""из "",""того "",""же "",""альян"",""са "",""може"","" "",""ок"",""азаться "",""более "",""щед"",""ой "",""при "",""разд"",""че "",""баллов"","" "",""в "",""рамках "",""прог"",""раммы "",""поо"",""рен"",""ия "",""часто "",""летающ"",""их "",""пассажиров"","".""]",79
953,dev,953,"Такие авиакомпании, как Emirates, Etihad Airways, Qatar Airways и Turkish Airlines значительно расширили перечень их услуг для Африки и предлагают рейсы во многие крупные города Африки по конкурентоспособным ценам в сравнении с другими европейскими авиакомпаниями.","[""Т"",""ак"",""ие "",""авиак"",""омпан"",""ии, "",""как"","" "",""Emira te s, "",""Etihad "",""Airways, "",""Qatar "",""Airways "",""и Turkish "",""Airlin es  "",""зн"",""ачительн"",""о "",""рас"",""ирили "",""пер"",""чен"",""ь "",""их "",""услуг"","" "",""для "",""Африк"",""и "",""и пред"",""лаг"",""ают "",""рейсы "",""во "",""многие "",""крупн"",""ые "",""го"",""ода "",""Африк"",""и "",""по "",""кон"",""курен"",""тосп"",""о"",""об"",""ным "",""цен"",""ам "",""в "",""срав"",""н"",""ен"",""ии "",""с "",""друг"",""ими "",""европ"",""ейск"",""ими "",""авиак"",""омпан"",""иями.""]",64
954,dev,954,"""Турецкие Авиалинии"" летают по 39 направлениям в 30 африканских государствах по состоянию на 2014 год.","[""\"""",""Тур"","""",""к"",""ие "",""Авиалин"",""ии\"" "",""летают "",""по "",""39 "",""нап"",""рав"",""лен"",""иям "",""в "",""30 "",""африкан"",""ских "",""го"",""ударств"",""ах "",""по "",""со"",""тоян"",""ию "",""на "",""2014 "",""год.""]",28
955,dev,955,"Если у вас есть дополнительное время на путешествия, узнайте, как ваша суммарная стоимость поездки в Африку соотносится с тарифом на кругосветное путешествие.","[""Е"",""ли "",""у "",""вас "",""есть "",""доп"",""олнител"",""н"",""ое "",""врем"",""я "",""на "",""путешеств"",""ия, "",""узн"",""айте, "",""как"","" "",""ваш"",""а "",""сум"",""марн"",""ая "",""стоимо"",""ть "",""поездк"",""и "",""в "",""Африку "",""соотносится "",""с "",""тар"",""фом "",""на "",""круг"",""о"",""ветн"",""ое "",""путешеств"",""ие.""]",40
956,dev,956,"Не забудьте учесть добавочные расходы на дополнительные визы, налоги на выезд, наземный транспорт и т. д. для всех тех мест за пределами Африки.","[""Н"",""е "",""заб"",""уд"",""те "",""учесть "",""доб"",""аво"",""н"",""ые "",""рас"",""од"","" "",""на "",""доп"",""олнительн"",""ые "",""виз"","", "",""нал"",""г"",""и "",""на "",""выезд, "",""назем"",""н"",""ый "",""тран"",""спо"",""т "",""и т. "",""д. "",""для "",""всех "",""тех "",""мест "",""за "",""пред"",""елами "",""Африк"",""и.""]",41
957,dev,957,"Если вы хотите полностью облететь мир в южном полушарии, выбор рейсов и направлений является ограниченным в связи с недостатком трансокеанских маршрутов.","[""Е"",""ли "",""вы хоти"",""е "",""пол"",""остью "",""обле"",""еть "",""мир "",""в "",""южн"",""ом "",""пол"",""шарии, "",""выбо"","" "",""рейсов"","" "",""и нап"",""рав"",""лен"",""ий "",""является "",""огран"",""ичен"",""ным "",""в "",""связи "",""с "",""нед"","""",""татком "",""тран"",""сок"",""еан"",""ских "",""мар"",""рутов"","".""]",39
958,dev,958,Ни один альянс авиакомпаний не выполняет все три трансокеанских перелета в Южном полушарии (а SkyTeam не выполняет ни одного).,"[""Н"",""и "",""один"","" "",""альян"",""с "",""авиак"",""омпан"",""ий "",""не "",""выполняет "",""все "",""три "",""тран"",""сок"",""еан"",""ск"",""их "",""пер"",""лета "",""в "",""Южн"",""ом "",""пол"",""шарии "",""(а SkyTeam "",""не "",""выполняет "",""ни одн"",""ого).""]",30
959,dev,959,"Однако, Star Alliance покрывает все за исключением юго-восточной части Тихоокеанского региона от Сантьяго-де-Чили до Таити, где перелет осуществляется LATAM Oneworld.","[""Од"",""н"",""ако, "",""Star "",""All"",""iance "",""пок"",""рывает "",""все "",""за "",""иск"",""лючен"",""ием "",""юго-"",""во"",""то"",""н"",""ой "",""части "",""Ти"",""оок"",""еан"",""ского "",""регион"",""а "",""от "",""Сан"",""тьяго-"",""де-"",""Чили "",""до "",""Таити, "",""где "",""пер"",""лет "",""осуществ"",""ляется "",""LATAM "",""Oneworld.""]",39
960,dev,960,"Данный рейс не является единственным вариантом, если вы желаете не включать южную часть Тихого океана и западное побережье Южной Америки. (см. ниже)","[""Д"",""ан"",""ный "",""рейс "",""не "",""является "",""един"",""ств"",""ен"",""ным "",""вариан"",""том, "",""если "",""вы желаете "",""не "",""включать "",""южн"",""ую "",""часть "",""Ти"",""ог"",""о "",""ок"",""еан"",""а "",""и зап"",""адн"",""ое "",""поб"",""ереж"",""е "",""Южн"",""ой "",""Америк"",""и. "",""(см. "",""ниже)""]",37
961,dev,961,"В 1994 году Нагорный Карабах, этнически армянский регион Азербайджана, вёл войну против азербайджанцев.","[""В"","" "",""1994 "",""году "",""Наго"",""н"",""ый "",""Кар"",""бах, "",""этн"",""ическ"",""и "",""арм"",""ян"",""ский "",""регион"","" "",""Азербайдж"",""ан"",""а, "",""вёл "",""войн"",""у "",""про"",""ив "",""азербайдж"",""ан"",""цев"","".""]",29
962,dev,962,"Новая республика была создана при поддержке Армении. Однако ни одно авторитетное государство, даже сама Армения, официально не признаёт её.","[""Н"",""ов"",""ая "",""респ"",""ублик"",""а "",""была "",""создан"",""а "",""при "",""под"",""ержк"",""е "",""Армен"",""ии. "",""Одн"",""ако "",""ни одн"",""о "",""авто"",""итетн"",""ое "",""го"",""ударств"",""о, "",""даже "",""сам"",""а "",""Армен"",""ия, "",""официальн"",""о "",""не "",""при"",""н"",""аёт "",""её.""]",37
963,dev,963,На отношения между Арменией и Азербайджаном по-прежнему негативно влияют дипломатические споры в отношении данного региона.,"[""Н"",""а "",""отн"",""ошен"",""ия "",""межд"","" "",""Армен"",""ией "",""и Азербайдж"",""ан"",""ом "",""по-преж"","""",""ему "",""нега"",""ивн"",""о "",""влияют "",""диплом"",""атическ"",""ие "",""спо"",""ы "",""в "",""отношен"",""ии "",""дан"",""ного "",""регион"",""а.""]",31
964,dev,964,"Район каналов (на голландском: Grachtengordel) — известный район 17 века, расположенный вокруг центра города.","[""Р"","""",""йон"","" "",""кан"",""алов"","" "",""(на "",""голлан"",""дск"",""ом: "",""Grach te ngordel"","") "",""— "",""известн"",""ый "",""район"","" "",""17 "",""век"",""а, "",""расп"",""оложен"",""ный "",""вок"",""руг "",""цен"",""тра "",""го"",""ода.""]",30
965,dev,965,"Вся эта область включена в список Всемирного наследия ЮНЕСКО за её уникальную культурно-историческую ценность, а цена ее владений является одной из самых высоких в стране.","[""В"",""ся "",""эта "",""обла"",""ть "",""включен"",""а "",""в "",""список"","" "",""Всем"",""ирн"",""ого "",""наследия "",""ЮНЕСК"",""О "",""за "",""её "",""ун"",""икальн"",""ую "",""культу"",""н"",""о-"",""исто"",""ическ"",""ую "",""цен"",""ность, "",""а цен"",""а "",""ее "",""владен"",""ий "",""является "",""одн"",""ой "",""из "",""сам"",""ых "",""высок"",""их "",""в "",""стр"",""н"",""е.""]",46
966,dev,966,"Чинкве-Терре, что означает ""пять земель"", включает пять маленьких прибрежных деревень - Риомаджоре, Манарола, Корнилья, Манарола и Монтероссо, расположенных в итальянском регионе Лигурия.","[""Чин"",""кве-"",""Тер"",""е, "",""что "",""озн"",""ачает "",""\""пять "",""зем"",""ель\"", "",""включает "",""пять "",""мал"",""н"",""ьких "",""при"",""режн"",""ых "",""дер"",""в"",""ен"",""ь "",""- Риомаджоре, "",""Ман"",""арола, "",""Ко"",""н"",""илья, "",""Ман"",""арола "",""и Мон"",""тер"","""",""со, "",""расп"",""оложен"",""ных "",""в "",""итальян"",""ск"",""ом "",""регион"",""е "",""Лигурия.""]",44
967,dev,967,Они внесены в Список всемирного наследия ЮНЕСКО.,"[""Он"",""и "",""вн"",""есен"",""ы "",""в "",""Список"","" "",""всем"",""ирн"",""ого "",""наследия "",""ЮНЕСК"",""О.""]",14
968,dev,968,"На протяжении веков люди старательно выстраивали террасы на крутом скалистом ландшафте вплоть до обрывов, с которых открывается вид на море.","[""Н"",""а "",""про"",""яжен"",""ии "",""век"",""ов"","" "",""люди "",""ста"",""ательн"",""о "",""выс"",""раив"",""али "",""тер"",""асы "",""на "",""кру"",""ом "",""ск"",""алистом"","" "",""лан"",""дшафте "",""впло"",""ь "",""до "",""обр"",""вов"","", "",""с "",""кото"",""ых "",""отк"",""рывается "",""вид "",""на "",""мо"",""е.""]",40
969,dev,969,"Их очарование частично происходит от отсутствия видимого развития хозяйственной деятельности. Деревни соединены тропами, поездами и лодками, и туда нельзя добраться извне на автомобиле.","[""И"","" "",""оча"",""ов"",""ан"",""ие "",""частичн"",""о "",""происходи"","" "",""от "",""отсутств"",""ия "",""вид"",""м"",""ого "",""разв"",""ития "",""хоз"",""йств"",""ен"",""ной "",""деятел"",""н"",""ости. "",""Дер"",""в"",""н"",""и "",""соедин"",""ен"",""ы "",""троп"",""ами, "",""поездами "",""и лодк"",""ами, "",""и туда "",""нел"",""зя "",""доб"",""раться "",""извн"",""е "",""на "",""авто"","""",""об"",""иле.""]",49
970,dev,970,"В Бельгии и Швейцарии говорят на разновидностях французского языка, которые слегка отличаются от французского во Франции, но они достаточно похожи, чтобы быть понятными друг для друга.","[""В"","" "",""Бел"",""гии "",""и Швейца"",""ии "",""гово"",""ят "",""на "",""разн"",""ов"",""идн"",""остях "",""фран"",""цузск"",""ого "",""языка, "",""кото"",""ые "",""слег"",""к"",""а "",""отличаются "",""от "",""фран"",""цузск"",""ого "",""во "",""Фран"",""ции, "",""но "",""он"",""и "",""до"",""таточн"",""о "",""по"",""ожи, "",""чтоб"",""ы "",""быть "",""пон"",""ятн"",""ыми "",""друг"","" "",""для "",""друг"",""а.""]",49
971,dev,971,"В частности, в системе нумерации франко-говорящих районов Бельгии и Швейцарии есть небольшие отличия от французского языка, на котором говорят во Франции, а также слегка отличается произношение некоторых слов.","[""В"","" "",""частн"",""ости, "",""в "",""систем"",""е "",""нумераци"",""и "",""фран"",""ко-"",""гово"",""ящ"",""их "",""район"",""ов"","" "",""Бельгии "",""и Швейцарии "",""есть "",""небольш"",""ие "",""отли"",""ия "",""от "",""фран"",""цузск"",""ого "",""языка, "",""на "",""кото"",""ом "",""гово"",""ят "",""во "",""Фран"",""ции, "",""а так"",""же "",""слег"",""к"",""а "",""отличается "",""произн"",""ошен"",""ие "",""нек"",""ото"",""ых "",""слов"","".""]",51
972,dev,972,"Тем не менее, все франкоязычные бельгийцы и швейцарцы вероятно изучали стандартный французский в школе, так что они смогли бы понять вас даже если бы вы использовали стандартную французскую систему счисления.","[""Т"",""ем"","" "",""не "",""мен"",""ее, "",""все "",""фран"",""коязычн"",""ые "",""бел"",""гийцы "",""и швейцарцы "",""вер"","""",""тн"",""о "",""из"",""чали "",""стан"",""дартн"",""ый "",""фран"",""цузск"",""ий "",""в "",""шк"",""оле, "",""так"","" "",""что "",""он"",""и "",""смогли "",""бы "",""пон"",""ять "",""вас "",""даже "",""если "",""бы "",""вы использов"",""али "",""стан"",""дартн"",""ую "",""фран"",""цузск"",""ую "",""систем"",""у "",""счислен"",""ия.""]",53
973,dev,973,"Во многих частях мира махание рукой это дружеский жест, означающий ""привет"".","[""В"",""о многих "",""частя"","" "",""мира "",""махан"",""ие "",""рукой "",""это "",""друже"",""к"",""ий "",""жест, "",""озн"",""ачающ"",""ий "",""\""при"",""ет\"""","".""]",19
974,dev,974,"Однако в Малайзии, как минимум, среди малайцев, которые проживают в сельских районах, это означает ""подойди"", подобно согнутому к себе указательному пальцу — и это жест, который используется в некоторых странах на Западе. Он должен использоваться только для этой цели.","[""Од"",""н"",""ако "",""в "",""Малайз"",""ии, "",""как"","" "",""мин"",""имум, "",""среди "",""мал"",""й"","""",""ев"","", "",""кото"",""ые "",""проживают "",""в "",""сел"",""ск"",""их "",""район"",""ах, "",""это "",""озн"",""ачает "",""\""под"",""йди\"", "",""под"",""б"",""н"",""о "",""согн"",""утому "",""к "",""себе "",""указательн"",""ому "",""пал"",""цу "",""— "",""и это "",""жест, "",""кото"",""ый "",""использ"",""ется "",""в "",""нек"",""ото"",""ых "",""стр"",""н"",""ах "",""на "",""Зап"",""аде. "",""Он"","" "",""должен"","" "",""использов"",""аться "",""тольк"",""о "",""для "",""этой "",""цели.""]",70
975,dev,975,"Аналогичным образом, британский турист в Испании может ошибочно принять махание рукой на прощание, при котором ладонь обращена к тому, кто машет (а не к тому, кому машут рукой), за жест, означающий, что его просят вернуться.","[""Ан"",""алог"",""ичн"",""ым "",""образом"","", "",""бри"",""ан"",""ский "",""тур"",""ст "",""в "",""Испан"",""ии "",""може"","" "",""ошибо"",""н"",""о "",""при"","""",""ять "",""махан"",""ие "",""рукой "",""на "",""про"",""ан"",""ие, "",""при "",""кото"",""ом "",""ладон"",""ь "",""обращен"",""а "",""к "",""тому, "",""кто "",""машет "",""(а не "",""к "",""тому, "",""ком"",""у "",""машут "",""рукой), "",""за "",""жест, "",""озн"",""ачающ"",""ий, "",""что "",""его "",""про"",""ят "",""вер"","""",""уться.""]",59
976,dev,976,"Вспомогательные языки — это искусственные или сконструированные языки, созданные с целью облегчить общение между людьми, у которых, в противоположном случае, возникали бы сложности при общении.","[""В"",""спом"",""огател"",""н"",""ые "",""языки "",""— "",""это "",""иск"",""усств"",""ен"",""ные "",""или "",""ск"",""он"",""струиров"",""ан"",""ные "",""языки, "",""создан"",""ные "",""с "",""целью "",""облегчить "",""общ"",""ен"",""ие "",""межд"","" "",""людьм"",""и, "",""у "",""кото"",""ых, "",""в "",""про"",""ивоп"",""ол"",""жн"",""ом "",""случае, "",""возн"",""икали "",""бы "",""сложн"",""ости "",""при "",""общ"",""ен"",""ии.""]",50
977,dev,977,"Они не относятся к языкам-посредникам, являющимся естественными или органическими языками, которые по той или иной причине становятся доминирующим средством общения между носителями разных языков.","[""Он"",""и "",""не "",""отн"",""осятся "",""к "",""языкам-"",""по"",""редн"",""икам, "",""явля"",""щ"",""имся "",""естеств"",""ен"",""ными "",""или "",""орган"",""ическ"",""ими "",""языками, "",""кото"",""ые "",""по "",""той "",""или "",""ин"",""ой "",""при"",""ин"",""е "",""стан"",""ов"",""ятся "",""дом"",""ин"",""ир"",""ющ"",""им "",""средств"",""ом "",""общ"",""ен"",""ия "",""межд"","" "",""носителям"",""и "",""разн"",""ых "",""языков"","".""]",52
978,dev,978,"Во время дневной жары путешественники могут увидеть миражи, при которых создается иллюзия воды (или других вещей).","[""В"",""о врем"",""я "",""днев"",""н"",""ой "",""жары "",""путешеств"",""ен"",""ники "",""могут "",""увидеть "",""миражи, "",""при "",""кото"",""ых "",""создается "",""илл"",""зия "",""вод"","" "",""(или "",""друг"",""их "",""вещ"",""ей).""]",26
979,dev,979,"Они могут быть опасными если путешественник  пойдёт за миражом, теряя ценную энергию и оставшуюся воду.","[""Он"",""и "",""могут "",""быть "",""опасн"",""ыми "",""если "",""путешеств"",""ен"",""ник "","" "",""пойдёт "",""за "",""миражом, "",""тер"",""я "",""цен"",""ную "",""эн"",""ер"",""ию "",""и оставш"",""уюся "",""воду.""]",24
980,dev,980,По ночам даже самые жаркие пустыни могут стать экстремально холодными. При отсутствии тёплой одежды гипотермия представляет реальный риск.,"[""П"",""о "",""ночам "",""даже "",""сам"",""ые "",""жарк"",""ие "",""пусты"",""н"",""и "",""могут "",""ста"",""ь "",""эк"",""стрем"",""альн"",""о "",""холод"",""н"",""ыми. "",""При "",""отсутств"",""ии "",""тёплой "",""одежд"","" "",""гип"",""о"",""ер"",""ия "",""пред"",""став"",""ляет "",""реальн"",""ый "",""ри"",""к"","".""]",39
981,dev,981,"Если вы решите путешествовать по тропическому лесу – остерегайтесь комаров, особенно летом.","[""Е"",""ли "",""вы решите "",""путешеств"",""ов"",""ать "",""по "",""троп"",""ическ"",""ому "",""лесу "",""– "",""остер"",""гай"",""ес"",""ь "",""ком"",""аров"","", "",""особ"",""ен"",""но "",""летом.""]",23
982,dev,982,"Даже если вы едете через субтропические джунгли на машине, несколько секунд с открытой дверью, пока вы садитесь в машину, достаточно для того, чтобы москиты проникли в автомобиль вместе с вами.","[""Д"",""аже "",""если "",""вы едете "",""чер"",""з "",""суб"",""роп"",""ическ"",""ие "",""джун"",""гли "",""на "",""машин"",""е, "",""неск"",""олько "",""сек"",""ун"",""д "",""с "",""отк"",""рытой "",""двер"",""ю, "",""пок"",""а "",""вы садитес"",""ь "",""в "",""машин"",""у, "",""до"",""таточн"",""о "",""для "",""того, "",""чтобы "",""мо"",""к"",""иты "",""прон"",""икли "",""в "",""авто"",""обиль "",""вместе "",""с "",""вами.""]",49
983,dev,983,"Птичий грипп, или более формально классическая чума птиц, может инфицировать и птиц и млекопитающих.","[""П"",""ти"",""ий "",""гри"",""п, "",""или "",""более "",""форм"",""альн"",""о "",""классическ"",""ая "",""чума "",""пти"","", "",""може"","" "",""ин"",""фициров"",""ать "",""и пти"","" "",""и млек"",""оп"",""итающ"",""их.""]",26
984,dev,984,"Есть сведения меньше, чем о тысяче случаев среди людей, но некоторые из них были смертельными.","[""Е"",""т"","" "",""сведен"",""ия "",""мен"",""ьш"",""е, "",""чем"","" "",""о "",""тысяче "",""случаев"","" "",""среди "",""людей, "",""но "",""нек"",""ото"",""ые "",""из "",""них "",""были "",""смертельн"",""ыми.""]",25
985,dev,985,"В большинстве случаев пострадали люди, работающие с домашней птицей, но и наблюдатели за птицами также подвергаются риску.","[""В"","" "",""больш"",""ин"",""ств"",""е "",""случаев"","" "",""по"",""традали "",""люди, "",""рабо"",""ающ"",""ие "",""с "",""дом"",""ашн"",""ей "",""пти"",""ей, "",""но "",""и наб"",""людател"","" "",""за "",""пти"",""ами "",""так"",""же "",""под"",""ергаются "",""ри"",""к"",""у.""]",34
986,dev,986,"Для Норвегии характерно, когда отвесные фьорды и долины внезапно сменяются высокими, практически ровными нагорьями.","[""Д"",""ля "",""Норвегии "",""харак"",""тер"","""",""о, "",""когда "",""отвесн"",""ые "",""фьо"",""д"","" "",""и долин"",""ы "",""вн"",""езап"",""н"",""о "",""смен"",""яются "",""высок"",""ими, "",""прак"",""тическ"",""и "",""ров"",""н"",""ыми "",""наг"",""о"",""ьями.""]",32
987,dev,987,"Эти плато часто упоминаются как vidde, что означает широкое открытое место без деревьев, бескрайний простор.","[""Э"",""и "",""пла"",""о "",""часто "",""упом"",""ин"",""аются "",""как"","" "",""vidde, "",""что "",""озн"",""ачает "",""широк"",""ое "",""отк"",""рытое "",""место "",""без "",""дерев"",""ьев"","", "",""беск"",""райн"",""ий "",""про"",""то"","".""]",29
988,dev,988,"В Ругаланне и Агдере их обычно называют ""hei"", что означает безлесую пустошь, часто покрытую вереском.","[""В"","" "",""Ругалан"",""не "",""и Агдере "",""их "",""обычн"",""о "",""называют "",""\""hei\"", "",""что "",""озн"",""ачает "",""без"",""есую "",""пусто"",""ь, "",""ча"",""то "",""пок"",""рытую "",""вер"",""ск"",""ом.""]",24
989,dev,989,"Ледники не имеют постоянной формы, так как стекают по склонам. Это приводит к трещинам и расселинам, которые могут быть спрятаны под снежными мостами.","[""Л"",""ед"",""н"",""ики "",""не "",""имеют "",""по"",""то"",""н"",""ной "",""форм"",""ы, "",""так"","" "",""как"","" "",""стек"",""ают "",""по "",""ск"",""лон"",""ам. "",""Это "",""при"",""одит "",""к "",""тре"","""",""ин"",""ам "",""и рас"",""елин"",""ам, "",""кото"",""ые "",""могут "",""быть "",""спрятан"",""ы "",""под "",""снежн"",""ыми "",""мо"",""тами.""]",44
990,dev,990,"Стены и своды ледяных пещер могут обрушиться, и трещины могут быть перекрыты.","[""С"",""ен"",""ы "",""и своды "",""лед"",""н"",""ых "",""пещер "",""могут "",""обр"",""шиться, "",""и тре"","""",""ин"",""ы "",""могут "",""быть "",""пер"",""к"",""рыты.""]",20
991,dev,991,"По краям ледников откалываются огромные глыбы, которые падают вниз и могут отскакивать или катиться дальше от края.","[""П"",""о "",""кра"",""м "",""ледн"",""иков"","" "",""отк"",""алываются "",""огром"",""н"",""ые "",""глыбы, "",""кото"",""ые "",""пад"",""ют "",""вн"",""из "",""и могут "",""отск"",""ак"",""ивать "",""или "",""катиться "",""дальш"",""е "",""от "",""кра"","".""]",30
992,dev,992,Пик туристического сезона в горных деревушках обычно приходится на индийское лето.,"[""П"",""ик"","" "",""тур"",""стическ"",""ого "",""сезон"",""а "",""в "",""го"",""н"",""ых "",""дерев"",""ушках "",""обычн"",""о "",""при"",""оди"",""ся "",""на "",""ин"",""дийск"",""ое "",""лето.""]",24
993,dev,993,"Впрочем, зимой это другая красота и шарм, с горными деревушками, где выпадает много снега и доступны такие занятия, как катание на горные лыжах и сноуборде.","[""В"",""п"",""ро"",""ем"","", "",""зим"",""ой "",""это "",""друг"",""ая "",""кра"",""о"",""а "",""и шарм, "",""с го"",""н"",""ыми "",""дер"",""в"",""ушками, "",""где "",""выпадает "",""мн"",""ого "",""снега "",""и до"",""тупн"",""ы "",""так"",""ие "",""зан"",""ятия, "",""как"","" "",""катан"",""ие "",""на "",""го"",""н"",""ые "",""лыжах "",""и сноуборде.""]",42
994,dev,994,"Только несколько авиакомпаний всё еще предлагают тариф при утрате родственника, немного удешевляющий стоимость полёта на похороны, заказанного в последний момент.","[""Т"",""ол"",""ьк"",""о "",""неск"",""олько "",""авиак"",""омпан"",""ий "",""всё "",""еще "",""пред"",""лаг"",""ают "",""тар"",""ф "",""при "",""утрате "",""родств"",""ен"",""ника, "",""нем"",""ного "",""удешев"",""ляющ"",""ий "",""стоимо"",""ть "",""пол"",""та "",""на "",""по"",""орон"",""ы, "",""зак"",""азан"",""ного "",""в "",""по"",""ледн"",""ий "",""момен"",""т.""]",43
995,dev,995,"Авиакомпании, предлагающие эти услуги включают: Air Canada, Delta Air Lines, Lufthansa — для рейсов, отправляющихся из США или Канады, и WestJet.","[""Ав"",""иак"",""омпан"",""ии, "",""пред"",""лаг"",""ающ"",""ие "",""эти "",""услуг"",""и "",""включа"",""т: "",""Air "",""Canada, "",""Delta "",""Air "",""Lin es, "",""Lufthansa "",""— "",""для "",""рейсов"","", "",""отправ"",""ляющ"",""ихся "",""из "",""США "",""или "",""Кан"",""ады, "",""и W es tJet.""]",32
996,dev,996,В любом случае вы должны бронировать билеты по телефону непосредственно у самой авиакомпании.,"[""В"","" "",""люб"",""ом "",""слу"",""ае "",""вы должн"",""ы "",""брон"",""иров"",""ать "",""билеты "",""по "",""тел"","""",""он"",""у "",""неп"",""о"",""редств"",""ен"",""но "",""у "",""сам"",""ой "",""авиак"",""омпан"",""ии.""]",28
997,devtest,0,"""Теперь у нас есть четырёхмесячные мыши, у которых больше нет диабета"", — добавил он.","[""\"""",""Теп"",""ер"","" "",""у "",""нас "",""есть "",""чет"",""р"",""хмесячн"",""ые "",""мыши, "",""у "",""кото"",""ых "",""больш"",""е "",""нет "",""диаб"",""ета\"", "",""— "",""доб"",""авил "",""он"","".""]",25
998,devtest,1,"Согласно предупреждению доктора Эхуда Ура (Ehud Ur), профессора медицины в Университете Дэлхаузи в Галифаксе (Новая Шотландия) и председателя клинико-научного отдела Канадской диабетической ассоциации, исследования все еще находятся на начальной стадии.","[""Сог"",""ла"",""н"",""о "",""пред"",""упрежден"",""ию "",""док"",""тора "",""Эхуда "",""Ура "",""(Ehud "",""Ur), "",""про"",""ессо"",""а "",""мед"",""цин"",""ы "",""в "",""Ун"",""ивер"",""итете "",""Дэлха"",""зи"","" "",""в "",""Гали"",""ак"",""се "",""(Нов"",""ая "",""Шо"",""лан"",""дия) "",""и пред"",""седателя "",""клин"",""ико-"",""научн"",""ого "",""отдела "",""Кан"",""адск"",""ой "",""диаб"",""етическ"",""ой "",""ассо"",""иа"",""и"",""и, "",""исследов"",""ан"",""ия "",""все "",""еще "",""находятся "",""на "",""начальн"",""ой "",""стадии.""]",62
999,devtest,2,"Как и некоторые другие эксперты, он сомневается, что диабет излечим, отмечая, что эти открытия не относятся к людям, у которых уже развился диабет 1 типа.","[""К"",""ак"","" "",""и нек"",""ото"",""ые "",""друг"",""ие "",""эк"",""спер"",""ы, "",""он"","" "",""сом"",""нев"",""ается, "",""что "",""диаб"",""ет "",""излечим"","", "",""отм"",""ечая, "",""что "",""эти "",""отк"",""рытия "",""не "",""отн"",""осятся "",""к "",""людям, "",""у "",""кото"",""ых "",""уже "",""разв"",""ился "",""диаб"",""ет "",""1 типа.""]",41
1000,devtest,3,"В понедельник Сара Даниус, постоянный секретарь Нобелевского комитета по литературе при Шведской Академии, публично заявила во время передачи на шведской радиостанции Sveriges о том, что комитет, которому не удалось связаться с Бобом Диланом напрямую и сообщить ему, что он выиграл Нобелевскую премию по литературе за 2016 год, прекращает попытки выйти с ним на связь.","[""В"","" "",""пон"",""едельн"",""ик "",""Сар"","" "",""Дан"",""иус, "",""по"",""то"",""н"",""ный "",""сек"",""ретарь "",""Ноб"",""елев"",""ск"",""ого "",""ком"",""итета "",""по "",""литер"",""туре "",""при "",""Шведск"",""ой "",""Ак"",""адем"",""ии, "",""публичн"",""о "",""за"",""вила "",""во "",""врем"",""я "",""пер"",""дачи "",""на "",""шведск"",""ой "",""рад"",""о"",""тан"",""ции "",""Sverig es  "",""о "",""том, "",""что "",""ком"",""итет, "",""кото"",""ому "",""не "",""удало"",""ь "",""связаться "",""с "",""Бобом "",""Дилан"",""ом "",""нап"",""рям"",""ую "",""и сообщ"",""ить "",""ему, "",""что "",""он"","" "",""выиграл "",""Ноб"",""елев"",""ск"",""ую "",""прем"",""ию "",""по "",""литер"",""туре "",""за "",""2016 "",""год, "",""прек"",""ращает "",""поп"",""ытки "",""выйти "",""с "",""ним "",""на "",""связь.""]",93
1001,devtest,4,"Даниус заявил: ""Сейчас мы ничего не делаем. Я звонил и отправлял электронные письма его ближайшему сотруднику и получал очень дружелюбные ответы. На данный момент этого, конечно, достаточно"".","[""Д"",""ан"",""иу"","" "",""за"",""вил: "",""\"""",""Сейчас "",""мы ничего "",""не "",""дел"",""ем"","". "",""Я звон"",""ил "",""и отправ"",""лял "",""элек"",""трон"",""ные "",""письма "",""его "",""ближайш"",""ему "",""со"",""рудн"",""ику "",""и пол"",""чал "",""очен"",""ь "",""дружел"",""б"",""н"",""ые "",""ответы. "",""На "",""дан"",""ный "",""момен"",""т "",""этого, "",""кон"",""ечн"",""о, "",""до"",""таточн"",""о\"".""]",48
1002,devtest,5,"Ранее генеральный директор Ring Джейми Симинофф отметил, что эта компания началась с того, что он не слышал дверного звонка в мастерской своего гаража.","[""Р"","""",""н"",""ее "",""ген"",""еральн"",""ый "",""дирек"",""тор "",""Ring "",""Джейм"",""и "",""Сим"",""ин"",""офф "",""отм"",""етил, "",""что "",""эта "",""ком"",""пан"",""ия "",""начала"",""ь "",""с "",""того, "",""что "",""он"","" "",""не "",""слышал "",""дверн"",""ого "",""звон"",""ка "",""в "",""мастер"",""к"",""ой "",""своего "",""гаража.""]",41
1003,devtest,6,"Он сказал, что создал дверной звонок, работающий от WiFi.","[""Он"","" "",""ск"",""азал, "",""что "",""создал "",""дверн"",""ой "",""звон"",""ок, "",""рабо"",""ающ"",""ий "",""от "",""WiFi.""]",15
1004,devtest,7,"Симинофф сказал, что продажи выросли после его появления в выпуске шоу ""Shark Tank"" в 2013 году, где члены жюри отказались финансировать его стартап.","[""Сим"",""ин"",""офф "",""ск"",""азал, "",""что "",""прод"",""ажи "",""выро"",""ли "",""по"",""ле "",""его "",""по"",""влен"",""ия "",""в "",""выпуск"",""е "",""шо"","" "",""\""Shark "",""Tank\"" "",""в "",""2013 "",""году, "",""где "",""член"",""ы "",""жюри "",""отк"",""азались "",""фин"",""ан"",""сиров"",""ать "",""его "",""ста"",""тап.""]",39
1005,devtest,8,В конце 2017 года Симинофф появился на торговом телеканале QVC.,"[""В"","" "",""кон"",""це "",""2017 "",""года "",""Сим"",""ин"",""офф "",""по"",""вился "",""на "",""то"",""гов"",""ом "",""тел"",""к"",""ан"",""але "",""QVC.""]",20
1006,devtest,9,"Кроме того, Ring урегулировала судебный процесс с конкурентами, охранной фирмой ADT Corporation.","[""К"",""ром"",""е "",""того, "",""Ring "",""урегулиров"",""ала "",""суд"",""бн"",""ый "",""про"",""есс "",""с "",""кон"",""курен"",""тами, "",""охран"",""ной "",""фирмой "",""ADT "",""Corporation.""]",21
1007,devtest,10,"Несмотря на то, что нашлась экспериментальная вакцина, способная снизить смертность от вируса Эбола, пока еще ни одно лекарство не продемонстрировало явного эффекта в лечении существующей инфекции.","[""Н"",""есмо"",""р"","" "",""на "",""то, "",""что "",""наш"",""лась "",""эк"",""спер"",""мен"",""тальн"",""ая "",""вак"",""цин"",""а, "",""спо"",""об"",""ная "",""сн"",""изить "",""смертн"",""ость "",""от "",""вир"",""са "",""Эбола, "",""пок"",""а "",""еще "",""ни одн"",""о "",""лек"",""арств"",""о "",""не "",""прод"",""ем"",""он"",""стриров"",""ало "",""явн"",""ого "",""эффек"",""та "",""в "",""лечен"",""ии "",""существ"",""ующ"",""ей "",""ин"",""фекции.""]",54
1008,devtest,11,"Коктейль из антител ZMapp изначально показал многообещающие результаты в этой области, но официальные исследования показали, что он обладает меньшей пользой в предотвращении смерти, чем ожидалось ранее.","[""К"",""ок"",""тейл"",""ь "",""из "",""ан"",""ти"",""ел "",""ZMapp "",""изн"",""ачальн"",""о "",""пок"",""азал "",""многооб"",""ещающ"",""ие "",""рез"",""льта"",""ы "",""в "",""этой "",""обла"",""ти, "",""но "",""официальн"",""ые "",""исследов"",""ан"",""ия "",""пок"",""азали, "",""что "",""он"","" "",""обладает "",""мен"",""ьш"",""ей "",""пол"",""зой "",""в "",""пред"",""о"",""вращен"",""ии "",""смерти, "",""чем"","" "",""ожидало"",""ь "",""ран"",""ее.""]",53
1009,devtest,12,"В испытании PALM, ZMapp служил в качестве контрольного уровня, то есть учёные использовали его в качестве основы и сравнили с ним три других варианта лечения.","[""В"","" "",""испытан"",""ии "",""PALM, "",""ZMapp "",""служил "",""в "",""качеств"",""е "",""кон"",""трол"",""ьн"",""ого "",""уров"",""н"",""я, "",""то "",""есть "",""учён"",""ые "",""использов"",""али "",""его "",""в "",""качеств"",""е "",""основ"",""ы "",""и срав"",""н"",""или "",""с "",""ним "",""три "",""друг"",""их "",""вар"",""ан"",""та "",""лечен"",""ия.""]",42
1010,devtest,13,Федерация гимнастики США поддерживает письмо Олимпийского комитета США и соглашается с абсолютной необходимостью создания безопасной среды для всех наших спортсменов.,"[""Фед"","""","""","""",""ци"",""я "",""гимн"",""астик"",""и "",""США "",""под"",""ерживает "",""пис"",""м"",""о "",""Олим"",""пийск"",""ого "",""ком"",""итета "",""США "",""и согла"",""ается "",""с "",""абсолютн"",""ой "",""необходим"",""о"",""тью "",""создан"",""ия "",""без"",""п"",""асн"",""ой "",""среды "",""для "",""все"","" "",""наш"",""их "",""спо"",""тсмен"",""ов"","".""]",45
1011,devtest,14,"Мы согласны с заявлением USOC о том, что интересам наших спортсменов, клубов, а также их видов спорта, больше соответствует проведение реформ внутри нашей организации, а не аннулирование ее сертификации.","[""М"",""ы согла"",""н"",""ы "",""с "",""за"",""влен"",""ием "",""USOC "",""о "",""том, "",""что "",""ин"",""тер"",""сам"","" "",""наш"",""их "",""спо"",""тсмен"",""ов"","", "",""клубов"","", "",""а так"",""же "",""их "",""вид"",""в"","" "",""спо"",""та, "",""больш"",""е "",""соответств"",""ует "",""пров"",""еден"",""ие "",""реформ "",""вн"",""утри "",""наш"",""ей "",""орган"",""иза"",""и"",""и, "",""а не "",""ан"",""нулиров"",""ан"",""ие "",""ее "",""сер"",""ифик"",""аци"",""и.""]",58
1012,devtest,15,"USA Gymnastics поддерживает независимое расследование, которое бы могло пролить свет на то, каким образом насилие в таких масштабах, столь храбро описанных выжившими жертвами Ларри Наскара, могло продолжаться незамеченным так долго, и поддерживает все необходимые и уместные в данном случае изменения.","[""U"",""S"",""A "",""Gymn"",""ast"",""ics "",""под"",""ерживает "",""нез"",""в"",""исим"",""ое "",""рас"",""ледов"",""ан"",""ие, "",""кото"",""ое "",""бы "",""могло "",""прол"",""ть "",""све"","" "",""на "",""то, "",""как"",""им "",""образом"","" "",""насилие "",""в "",""так"",""их "",""масштаб"",""ах, "",""стол"",""ь "",""храб"",""ро "",""описан"",""ных "",""выжив"","""",""ими "",""жер"",""в"",""ами "",""Ла"","""",""и "",""Наск"",""ара, "",""могло "",""прод"",""олжаться "",""нез"",""м"",""ечен"",""ным "",""так"","" "",""долг"",""о, "",""и под"",""ерживает "",""все "",""необходим"",""ые "",""и уместн"",""ые "",""в "",""дан"",""ном "",""случае "",""измен"",""ен"",""ия.""]",78
1013,devtest,16,"Федерация гимнастики США и Олимпийский комитет США имеют одинаковую цель — сделать гимнастику и другие виды спорта настолько безопасными для спортсменов, насколько это возможно, чтобы они могли стремиться к своим целям в безопасной, позитивной среде и были наделены всеми правами.","[""Фед"","""","""","""",""ци"",""я "",""гимн"",""астик"",""и "",""США "",""и Олим"",""пийск"",""ий "",""ком"",""итет "",""США "",""имеют "",""один"",""аков"",""ую "",""цел"","" "",""— "",""сделать "",""гимн"",""астик"",""у "",""и друг"",""ие "",""вид"","" "",""спо"",""та "",""настол"",""ьк"",""о "",""без"",""п"",""асн"",""ыми "",""для "",""спо"",""тсмен"",""ов"","", "",""наск"",""олько "",""это "",""возм"",""ожн"",""о, "",""чтобы "",""он"",""и "",""могли "",""стр"",""м"",""иться "",""к "",""своим "",""цел"",""м"","" "",""в "",""без"",""п"",""асн"",""ой, "",""поз"",""тивн"",""ой "",""среде "",""и были "",""над"",""лен"",""ы "",""всем"",""и "",""прав"",""ами.""]",80
1014,devtest,17,"В 1960-х гг. Бжезинский занимал должность советника при Джоне Ф. Кеннеди, затем в администрации Линдона Б. Джонсона.","[""В"","" "",""1960-"",""х "",""гг. "",""Бжезин"",""ский "",""зан"",""имал "",""должн"",""ость "",""сов"",""етн"",""ика "",""при "",""Джон"",""е "",""Ф. "",""Кен"",""неди, "",""за"",""ем"","" "",""в "",""админ"",""истраци"",""и "",""Лин"",""дон"",""а "",""Б. "",""Джон"",""сон"",""а.""]",34
1015,devtest,18,"Во время выборов 1976 года он консультировал Картера по вопросам внешней политики. Затем с 1977 по 1981 год он работал советником по национальной безопасности, сменив на этом посту Генри Киссинджера.","[""В"",""о врем"",""я "",""выбо"",""ов"","" "",""1976 "",""года "",""он"","" "",""кон"",""сультиров"",""ал "",""Картер"","" "",""по "",""вопро"",""ам"","" "",""вн"",""ешн"",""ей "",""пол"",""тик"",""и. "",""За"",""ем"","" "",""с "",""1977 "",""по "",""1981 "",""год "",""он"","" "",""рабо"",""ал "",""сов"",""етн"",""иком "",""по "",""национ"",""альн"",""ой "",""без"",""п"",""асн"",""ости, "",""смен"",""ив "",""на "",""этом "",""по"",""ту "",""Ген"",""ри "",""Киссин"",""джера.""]",58
1016,devtest,19,"Будучи советником по нацбезопасности, он помогал Картеру в мировой дипломатии, например, в заключении Кэмп-Дэвидских соглашений 1978 года, нормализации американо-китайских отношений в конце 1970-х годов, выработке политики в отношении Иранской революции, приведшей к кризису с заложниками в 1979 г., и вторжении СССР в Афганистан в 1979 году.","[""Б"",""уд"",""чи "",""сов"",""етн"",""иком "",""по "",""нацбезоп"",""асн"",""ости, "",""он"","" "",""пом"",""огал "",""Картер"","" "",""в "",""миров"",""ой "",""диплом"",""атии, "",""нап"",""ример, "",""в "",""зак"",""лючен"",""ии "",""Кэмп-"",""Дэвид"",""к"",""их "",""согла"",""ен"",""ий "",""1978 "",""года, "",""норм"",""ализа"",""и"",""и "",""американ"",""о-"",""китайск"",""их "",""отн"",""ошен"",""ий "",""в "",""кон"",""це "",""1970-"",""х "",""годов"","", "",""выработке "",""пол"",""тик"",""и "",""в "",""отн"",""ошен"",""ии "",""Иран"",""ской "",""рев"",""олюции, "",""при"",""едш"",""ей "",""к "",""кри"",""ису "",""с "",""заложн"",""иками "",""в "",""1979 "",""г., "",""и вто"",""жен"",""ии "",""СССР "",""в "",""Афган"",""истан"","" "",""в "",""1979 "",""году.""]",89
1017,devtest,20,Этот фильм с участием Райана Гослинга и Эммы Стоун получил номинации во всех главных категориях.,"[""Э"",""о"","" "",""фильм "",""с "",""уча"",""тием"","" "",""Райан"",""а "",""Го"",""лин"",""га "",""и Эммы "",""Сто"",""н"","" "",""пол"",""чил "",""номин"",""ации "",""во "",""всех "",""глав"",""н"",""ых "",""категориях.""]",27
1018,devtest,21,Гослинг и Стоун получили номинации на лучшего актера и актрису соответственно.,"[""Г"",""о"",""лин"",""г "",""и Сто"",""н"","" "",""пол"",""чили "",""номин"",""аци"",""и "",""на "",""лучш"",""его "",""ак"",""тер"","" "",""и ак"",""трису "",""соответств"",""ен"",""но.""]",23
1019,devtest,22,"Среди других номинаций: ""Лучшая картина"", ""Режиссёр"", ""Операторская работа"", ""Дизайн костюмов"", ""Монтаж фильма"", ""Оригинальная музыка"", ""Художник-постановщик"", ""Звуковой монтаж"", ""Звук"" и ""Оригинальный сценарий"".","[""С"",""еди "",""друг"",""их "",""номин"",""аци"",""й: "",""\"""",""Лучш"",""ая "",""картин"",""а\"", "",""\""Режи"",""сё"",""\"", "",""\""Опер"",""то"",""ск"",""ая "",""рабо"",""а\"", "",""\""Дизайн"","" "",""костюмов"",""\"", "",""\""Мон"",""таж "",""фильма\"", "",""\""Оригин"",""альн"",""ая "",""музык"",""а\"", "",""\""Художн"",""ик-"",""по"",""тан"",""ов"",""щик\"", "",""\""Звуков"",""ой "",""мон"",""таж\"""","", "",""\""Звук\"" "",""и \""Оригин"",""альн"",""ый "",""сцен"",""арий\"".""]",50
1020,devtest,23,"Две песни из фильма — Audition (The Fools Who Dream) и City of Stars, попали в номинацию лучшая авторская песня. Студия Lionsgate попала в 26 номинаций — больше, чем любая другая студия.","[""Д"",""в"",""е "",""песни "",""из "",""фильма "",""— "",""Aud"",""ition "",""(The Fools "",""Who "",""Dream) "",""и City "",""of "",""Stars, "",""попали "",""в "",""номин"",""ацию "",""лучш"",""ая "",""авто"",""ск"",""ая "",""песня. "",""Студия "",""Lionsga te  "",""попала "",""в "",""26 "",""номин"",""аций "",""— "",""больш"",""е, "",""чем"","" "",""люб"",""ая "",""друг"",""ая "",""студия.""]",42
1021,devtest,24,"Поздно вечером в воскресенье президент США Дональд Трамп через пресс-секретаря заявил, что войска США покинут Сирию.","[""П"",""оз"","""","""","""",""о "",""вечер"",""м "",""в "",""во"",""к"",""ресен"",""ье "",""президен"",""т "",""США "",""Дон"",""альд "",""Трамп "",""чер"",""з "",""пре"",""с-"",""сек"",""ретаря "",""за"",""вил, "",""что "",""войск"",""а "",""США "",""пок"",""ин"",""ут "",""Сирию.""]",35
1022,devtest,25,"Заявление было сделано после того, как Трамп провел телефонный разговор с президентом Турции Реджепом Тайипом Эрдоганом.","[""З"",""а"",""влен"",""ие "",""было "",""сделан"",""о "",""по"",""ле "",""того, "",""как"","" "",""Трамп "",""пров"",""ел "",""тел"","""",""он"",""ный "",""разг"",""ов"",""ор "",""с "",""президен"",""том "",""Турции "",""Реджеп"",""ом"","" "",""Тайип"",""ом"","" "",""Эрдог"",""ан"",""ом.""]",35
1023,devtest,26,"Кроме того, Турция займет главную роль в вопросе охраны пойманных боевиков ИГИЛ, которых, согласно заявлению, европейские государства не согласились возвращать домой.","[""К"",""ром"",""е "",""того, "",""Тур"",""ия "",""займ"",""ет "",""глав"",""н"",""ую "",""роль "",""в "",""вопро"",""е "",""охран"",""ы "",""пойм"",""ан"",""ных "",""боев"",""иков"","" "",""ИГИЛ, "",""кото"",""ых, "",""согла"",""н"",""о "",""за"",""влен"",""ию, "",""европ"",""ейск"",""ие "",""го"",""ударств"",""а "",""не "",""согла"",""или"",""ь "",""возв"",""ращать "",""дом"",""ой.""]",46
1024,devtest,27,"Это не только подтверждает, что, по крайней мере, у некоторых динозавров были перья, что является уже широко распространённой теорией, но и предоставляет детали, которые обычно нельзя получить из окаменелых остатков, такие как цвет и трехмерную структуру.","[""Э"",""о "",""не "",""тольк"",""о "",""под"",""вер"",""д"",""ает, "",""что, "",""по "",""кра"",""н"",""ей "",""мер"","", "",""у "",""нек"",""ото"",""ых "",""дин"",""озав"",""ров"","" "",""были "",""пер"",""я, "",""что "",""является "",""уже "",""широк"",""о "",""расп"",""ро"",""тран"",""ён"",""ной "",""тео"",""ией, "",""но "",""и пред"",""о"",""тавляет "",""дет"",""ли, "",""кото"",""ые "",""обычн"",""о "",""нел"",""зя "",""пол"",""чить "",""из "",""ок"",""амен"",""елых "",""оста"",""ков"","", "",""так"",""ие "",""как"","" "",""цвет "",""и тре"",""мерн"",""ую "",""стр"",""ктур"","".""]",71
1025,devtest,28,"Учёные говорят, что оперение этого животного было сверху каштаново-коричневого цвета, а снизу — либо бледным, либо имело каротиноидную пигментацию.","[""У"",""ён"",""ые "",""гово"",""ят, "",""что "",""опер"",""н"",""ие "",""этого "",""живо"",""н"",""ого "",""было "",""све"","""",""у "",""каштан"",""ов"",""о-"",""коричн"",""ев"",""ого "",""цвета, "",""а снизу "",""— "",""либо "",""бледн"",""ым, "",""либо "",""имело "",""кар"","""",""ин"",""оидн"",""ую "",""пигмен"",""таци"",""ю.""]",39
1026,devtest,29,Находка также позволяет ознакомиться с эволюцией перьев у птиц.,"[""Н"",""а"",""одк"",""а "",""так"",""же "",""поз"","""",""оляет "",""озн"",""акомиться "",""с "",""эволюцией "",""пер"",""ев"","" "",""у "",""пти"","".""]",19
1027,devtest,30,"Так как у перьев динозавров отсутствует хорошо развитый стержень, называемый рахисом, но все же имеются другие отличительные черты — бородки и бородочки — исследователи пришли к выводу, что рахис, скорее всего, появился позднее путем эволюционного развития других отличительных черт.","[""Т"",""ак"","" "",""как"","" "",""у "",""пер"",""ев"","" "",""дин"",""озав"",""ров"","" "",""отсутств"",""ует "",""хо"",""ош"",""о "",""разв"",""итый "",""сте"","""",""ен"",""ь, "",""называем"",""ый "",""рахисом"","", "",""но "",""все "",""же "",""имеются "",""друг"",""ие "",""отли"",""ител"",""н"",""ые "",""чер"",""ы "",""— "",""бо"",""одки "",""и бо"",""одо"",""ки "",""— "",""исследов"",""ател"","" "",""при"",""ли "",""к "",""выводу, "",""что "",""рахис, "",""ск"",""орее "",""всего, "",""по"",""вился "",""поз"",""н"",""ее "",""путем"","" "",""эволюцион"",""ного "",""разв"",""ития "",""друг"",""их "",""отличительн"",""ых "",""чер"","".""]",76
1028,devtest,31,"Структура перьев наводит на мысль, что они не использовались для полёта, а скорее для регуляции температуры и демонстрирования. Исследователи предположили, что хотя это и хвост молодого динозавра, но в образце представлено взрослое оперение, а не пух цыплёнка.","[""С"","""","""",""к"",""тура "",""пер"",""ев"","" "",""нав"",""одит "",""на "",""мысль, "",""что "",""он"",""и "",""не "",""использов"",""али"",""ь "",""для "",""пол"",""та, "",""а ск"",""орее "",""для "",""рег"",""ляции "",""тем"",""пер"",""туры "",""и дем"",""он"",""стриров"",""ан"",""ия. "",""Исследов"",""ател"","" "",""пред"",""пол"",""жили, "",""что "",""хотя "",""это "",""и хво"",""т "",""молод"",""ог"",""о "",""дин"",""озав"",""ра, "",""но "",""в "",""образ"",""е "",""пред"",""став"",""лен"",""о "",""вз"",""о"",""лое "",""опер"",""н"",""ие, "",""а не "",""пух "",""цыплён"",""ка.""]",70
1029,devtest,32,"Исследователи предположили, что, несмотря на то, что это хвост молодого динозавра, данный образец имеет оперение взрослой особи, а не пух цыплёнка.","[""И"","""",""ледов"",""ател"","" "",""пред"",""пол"",""жили, "",""что, "",""несмо"",""ря "",""на "",""то, "",""что "",""это "",""хво"",""т "",""молод"",""ог"",""о "",""дин"",""озав"",""ра, "",""дан"",""ный "",""образец "",""имеет "",""опер"",""н"",""ие "",""вз"",""о"",""лой "",""особ"",""и, "",""а не "",""пух "",""цыплён"",""ка.""]",39
1030,devtest,33,"Вчера утром возле главного полицейского управления Газиантепа (Турция) был подорван автомобиль, в результате чего погибли 2 полицейских и еще более 20 человек получили ранения.","[""В"",""чер"","" "",""утром"","" "",""возле "",""глав"",""н"",""ого "",""пол"",""цейск"",""ого "",""управ"",""лен"",""ия "",""Газиан"",""теп"",""а "",""(Тур"",""ия) "",""был "",""под"",""рван"","" "",""авто"","""",""об"",""иль, "",""в "",""рез"",""льта"",""е "",""чего "",""пог"",""ибли "",""2 пол"",""цейск"",""их "",""и еще "",""более "",""20 "",""челов"",""ек "",""пол"",""чили "",""ран"",""ен"",""ия.""]",48
1031,devtest,34,"Канцелярия губернатора сообщила, что 19 из раненных были офицерами полиции.","[""К"",""ан"",""целя"",""ия "",""губер"","""",""ато"",""а "",""сообщ"",""ила, "",""что "",""19 "",""из "",""ран"",""ен"",""ных "",""были "",""офицер"",""ми "",""пол"",""ции.""]",21
1032,devtest,35,"Полиция заявила, что в совершении нападения подозревается предполагаемый боевик ДАИШ (ИГИЛ).","[""П"",""ол"",""ция "",""за"",""вила, "",""что "",""в "",""сов"",""ершен"",""ии "",""нап"",""аден"",""ия "",""под"",""зрев"",""ается "",""пред"",""пол"",""г"",""аем"",""ый "",""боев"",""ик "",""ДАИШ "",""(ИГИЛ)"","".""]",26
1033,devtest,36,"Они обнаружили, что Солнце работает по тем же основным принципам, что и другие звёзды: было установлено, что активность всех звёзд в системе определяется их яркостью, вращением и ничем другим.","[""Он"",""и "",""обн"",""аружили, "",""что "",""Сол"","""",""це "",""рабо"",""ает "",""по "",""тем"","" "",""же "",""основ"",""н"",""ым "",""при"","""",""ципам, "",""что "",""и друг"",""ие "",""звёзд"","": "",""было "",""устан"",""ов"",""лен"",""о, "",""что "",""ак"",""тивн"",""ость "",""всех "",""звёзд "",""в "",""систем"",""е "",""опред"",""еляется "",""их "",""ярк"",""остью, "",""вра"",""ен"",""ием "",""и ничем "",""друг"",""им.""]",50
1034,devtest,37,"Совокупность светимости и вращения используется для определения числа Россби звезды, связанного с потоком плазмы.","[""Сов"",""ок"",""упн"",""ость "",""све"",""им"",""о"",""ти "",""и вра"",""ен"",""ия "",""испол"",""з"",""ется "",""для "",""опред"",""елен"",""ия "",""чи"",""ла "",""Россб"",""и "",""звезд"","", "",""связан"",""ного "",""с "",""по"",""ок"",""ом "",""плазм"",""ы.""]",32
1035,devtest,38,"Чем меньше число Россби, тем менее активна звезда по отношению к инверсиям магнитного поля.","[""Чем"","" "",""мен"",""ьш"",""е "",""чи"",""ло "",""Россб"",""и, "",""тем"","" "",""мен"",""ее "",""ак"",""тивн"",""а "",""звезда "",""по "",""отн"",""ошен"",""ию "",""к "",""ин"",""вер"",""иям "",""магн"",""итн"",""ого "",""пол"","".""]",30
1036,devtest,39,Ивасаки часто попадал в неприятные ситуации во время путешествия.,"[""Ива"",""ак"",""и "",""часто "",""поп"",""адал "",""в "",""неп"",""ри"",""тн"",""ые "",""ситуаци"",""и "",""во "",""врем"",""я "",""путешеств"",""ия.""]",18
1037,devtest,40,"Он был ограблен пиратами, атакован бешеной собакой в Тибете, избежал свадьбы в Непале и был арестован в Индии.","[""Он"","" "",""был "",""ограб"",""лен"","" "",""пиратами, "",""атак"",""ов"",""ан"","" "",""бешен"",""ой "",""соб"",""акой "",""в "",""Тибете, "",""изб"",""ежал "",""свадьбы "",""в "",""Неп"",""але "",""и был "",""арестов"",""ан"","" "",""в "",""Ин"",""дии.""]",30
1038,devtest,41,Стандарт 802.11n работает на обоих частотах – 2.4 ГГц и 5.0 ГГц.,"[""С"",""ан"",""дарт "",""802.1"",""1n"","" "",""рабо"",""ает "",""на "",""обоих "",""часто"",""ах "",""– "",""2.4 "",""ГГц "",""и 5.0 "",""ГГц.""]",17
1039,devtest,42,"Это обеспечит его обратную совместимость с 802.11a, 802.11b и 802.11g при условии, что у базовой станции есть двойной приемник.","[""Э"",""о "",""обесп"",""ечит "",""его "",""обра"",""н"",""ую "",""сов"",""местим"",""о"",""ть "",""с "",""802.11a, "",""802.1"",""1b "",""и 802.11g "",""при "",""услов"",""ии, "",""что "",""у "",""базов"",""ой "",""стан"",""ции "",""есть "",""двойн"",""ой "",""при"",""мн"",""ик.""]",32
1040,devtest,43,"Скорости 802.11n значительно быстрее, чем у его предшественников с максимальной теоретической пропускной способностью в 600 Мбит/с.","[""Ск"",""оро"",""ти "",""802.1"",""1n"","" "",""зн"",""ачительн"",""о "",""быстрее, "",""чем"","" "",""у "",""его "",""пред"",""шеств"",""ен"",""ников"","" "",""с "",""мак"",""сим"",""альн"",""ой "",""тео"",""етическ"",""ой "",""проп"",""уск"",""ной "",""спо"",""об"",""ностью "",""в "",""600 "",""Мбит/"",""с.""]",37
1041,devtest,44,"Дюваль, который женат и имеет двух совершеннолетних детей, не произвел большого впечатления на Миллера, которому рассказали эту историю.","[""Д"","""",""вал"","", "",""ко"",""о"",""ый "",""жен"",""ат "",""и имеет "",""двух "",""сов"",""ершен"",""нолетн"",""их "",""дет"",""й, "",""не "",""произв"",""ел "",""больш"",""ого "",""впечатл"",""ен"",""ия "",""на "",""Милле"","""","", "",""кото"",""ому "",""рас"",""к"",""азали "",""эту "",""исто"",""ию.""]",37
1042,devtest,45,"Когда у Миллера попросили комментарий, он сказал: ""Майк много говорит во время слушаний... Я готовился, поэтому особо не слушал, что он говорил"".","[""К"",""ог"",""да "",""у "",""Милле"","""","" "",""попро"",""или "",""ком"",""мен"",""тарий, "",""он"","" "",""ск"",""азал: "",""\""Майк"","" "",""много "",""гово"",""ит "",""во "",""врем"",""я "",""слушан"",""ий... "",""Я го"",""ов"",""ился, "",""по"",""тому "",""особ"",""о "",""не "",""слушал, "",""что "",""он"","" "",""гово"",""ил\"".""]",40
1043,devtest,46,"""Мы будем предпринимать усилия с целью значительного сокращения выбросов углекислого газа на единицу ВВП к 2020 году по сравнению с уровнем 2005 года"", — сказал Ху.","[""\"""",""Мы будем"","" "",""пред"",""при"","""",""имать "",""усилия "",""с "",""целью "",""зн"",""ачительн"",""ого "",""сок"",""ращен"",""ия "",""выб"",""о"",""ов"","" "",""углек"",""ислог"",""о "",""газа "",""на "",""един"",""ицу "",""ВВП "",""к "",""2020 "",""году "",""по "",""срав"",""н"",""ен"",""ию "",""с "",""уров"",""н"",""ем "",""2005 "",""года\"", "",""— "",""ск"",""азал "",""Ху.""]",46
1044,devtest,47,"Он не назвал цифру для сокращений бюджетов, сказав, что они будут сделаны исходя из производительности экономики Китая.","[""Он"","" "",""не "",""назв"",""ал "",""цифру "",""для "",""сок"",""ращен"",""ий "",""бюджетов"","", "",""ск"",""азав"","", "",""что "",""он"",""и "",""буд"",""т "",""сделан"",""ы "",""исходя "",""из "",""произв"",""одительн"",""ости "",""эк"",""он"",""омики "",""Китая.""]",31
1045,devtest,48,"Ху призывал развивающиеся страны ""избегать старой схемы, в которой сначала загрязняют, а потом очищают"".","[""Х"",""у "",""при"","""",""вал "",""разв"",""ивающ"",""иеся "",""стр"",""н"",""ы "",""\""изб"",""егать "",""ста"",""ой "",""схем"",""ы, "",""в "",""кото"",""ой "",""сначала "",""заг"","""",""язн"",""яют, "",""а по"",""ом "",""очищают\"".""]",28
1046,devtest,49,"Он добавил, что ""их, однако, не следует просить брать на себя обязательства, которые выходят за рамки их стадии разработки, ответственности и возможностей"".","[""Он"","" "",""доб"",""авил, "",""что "",""\""их, "",""одн"",""ако, "",""не "",""следует "",""про"",""ить "",""бра"",""ь "",""на "",""себя "",""обязательств"",""а, "",""кото"",""ые "",""выход"",""т "",""за "",""рамки "",""их "",""стадии "",""раз"",""або"",""ки, "",""ответств"",""ен"",""ности "",""и возм"",""ожн"",""остей\"".""]",35
1047,devtest,50,Сегодня в 12:00 по Гринвичу группа по изучению Ирака представила свой доклад.,"[""Сегодн"",""я "",""в "",""12:00 "",""по "",""Грин"",""вичу "",""группа "",""по "",""из"",""чен"",""ию "",""Ирак"",""а "",""пред"",""став"",""ила "",""свой "",""док"",""лад.""]",20
1048,devtest,51,"Он предупреждает: ""Никто не может гарантировать, что какой-либо план действий в Ираке в текущей ситуации сможет остановить религиозную войну, растущее насилие или надвигающийся хаос"".","[""Он"","" "",""пред"",""упреждает: "",""\"""",""Никто "",""не "",""може"","" "",""гаран"",""тиров"",""ать, "",""что "",""как"",""ой-"",""либ"",""о "",""план"","" "",""действ"",""ий "",""в "",""Ирак"",""е "",""в "",""тек"",""ущ"",""ей "",""ситуаци"",""и "",""сможет "",""остан"",""ов"",""ить "",""рел"",""г"",""иоз"",""н"",""ую "",""войн"",""у, "",""рас"","""",""щ"",""ее "",""насилие "",""или "",""над"",""игающ"",""ийся "",""хао"",""\"".""]",52
1049,devtest,52,Доклад открывается призывом к проведению открытых обсуждений и формированию консенсуса в Соединённых Штатах насчёт политики в отношении Ближнего Востока.,"[""Д"",""ок"",""лад "",""отк"",""рывается "",""при"","""",""вом "",""к "",""пров"",""еден"",""ию "",""отк"",""рытых "",""обсужден"",""ий "",""и форм"",""иров"",""ан"",""ию "",""кон"",""сен"",""суса "",""в "",""Соедин"",""ён"",""ных "",""Штатах "",""насчёт "",""пол"",""тик"",""и "",""в "",""отношен"",""ии "",""Ближн"",""его "",""Во"",""ток"",""а.""]",40
1050,devtest,53,В докладе содержится резкая критика почти каждого аспекта нынешней политики исполнительной власти в отношении Ирака и настоятельный призыв к незамедлительной смене курса.,"[""В"","" "",""док"",""ладе "",""содержится "",""рез"","""",""ая "",""кри"",""ик"",""а "",""по"",""ти "",""каждог"",""о "",""аспек"",""та "",""нын"",""ешн"",""ей "",""пол"",""тик"",""и "",""исполн"",""ительн"",""ой "",""вла"",""ти "",""в "",""отн"",""ошен"",""ии "",""Ирак"",""а "",""и насто"",""тельн"",""ый "",""при"",""ыв "",""к "",""нез"",""м"",""едлительн"",""ой "",""смен"",""е "",""кур"",""а.""]",48
1051,devtest,54,"Первой среди 78 рекомендаций является то, что следует реализовать новую дипломатическую инициативу до конца этого года для укрепления иракских границ, чтобы не допустить враждебного вмешательства, а также для возобновления дипломатических отношений с соседями.","[""П"",""ер"",""ой "",""среди "",""78 "",""рек"",""омен"",""даций "",""является "",""то, "",""что "",""след"",""ет "",""реализов"",""ать "",""нов"",""ую "",""диплом"",""атическ"",""ую "",""ин"",""ициа"",""ив"","" "",""до "",""кон"",""ца "",""этого "",""года "",""для "",""укреп"",""лен"",""ия "",""ирак"",""ск"",""их "",""гран"",""иц, "",""чтоб"",""ы "",""не "",""доп"",""устить "",""враждеб"",""н"",""ого "",""вмешательств"",""а, "",""а так"",""же "",""для "",""возоб"",""н"",""ов"",""лен"",""ия "",""диплом"",""атическ"",""их "",""отн"",""ошен"",""ий "",""с "",""со"",""едями.""]",65
1052,devtest,55,"Нынешняя сенатор и Первая леди Аргентины Кристина Фернандес де Киршнер анонсировала выдвижение своей кандидатуры на пост президента вчера вечером в Ла-Плате, городе в 50 километрах (31 милях) от Буэнос-Айреса.","[""Н"",""ын"",""ешн"",""яя "",""сен"",""атор "",""и Пер"",""ая "",""леди "",""Арген"",""тин"",""ы "",""Кристин"",""а "",""Фер"","""",""ан"",""дес "",""де "",""Кир"",""н"",""ер "",""ан"",""он"",""сиров"",""ала "",""выд"","""",""ижен"",""ие "",""своей "",""кан"",""дидатуры "",""на "",""по"",""т "",""президен"",""та "",""вчера "",""вечер"",""м "",""в "",""Ла-"",""Пла"",""е, "",""го"",""оде "",""в "",""50 "",""километрах "",""(31 "",""милях) "",""от "",""Буэн"",""ос-"",""Айреса.""]",56
1053,devtest,56,"Г-жа Киршнер объявила о своём намерении баллотироваться на пост президента в Аргентинском театре, в том же месте, где она начала свою предвыборную кампанию в Сенат в 2005 году в качестве члена делегации провинции Буэнос-Айрес.","[""Г"",""-"",""жа "",""Кир"",""н"",""ер "",""объявила "",""о "",""сво"",""м "",""намерен"",""ии "",""балло"",""иров"",""аться "",""на "",""по"",""т "",""президен"",""та "",""в "",""Арген"",""тин"",""ском "",""театре, "",""в "",""том "",""же "",""месте, "",""где "",""он"",""а "",""начала "",""сво"","" "",""пред"",""в"",""ыбо"",""н"",""ую "",""кампан"",""ию "",""в "",""Сен"",""ат "",""в "",""2005 "",""году "",""в "",""качеств"",""е "",""член"",""а "",""дел"",""гации "",""пров"",""инции "",""Буэн"",""ос-"",""Айрес.""]",60
1054,devtest,57,"Причиной дебатов стали разногласия относительно затрат на оказание материальной поддержки и восстановление зданий после урагана Катрина, который некоторые фискальные консерваторы в шутку назвали ""новоорлеанской сделкой Буша"".","[""П"",""ри"",""ин"",""ой "",""дебатов"","" "",""стали "",""разн"",""огла"",""ия "",""отн"",""осительн"",""о "",""за"",""рат "",""на "",""ок"",""азан"",""ие "",""матер"",""альн"",""ой "",""под"",""ержк"",""и "",""и во"",""стан"",""ов"",""лен"",""ие "",""здан"",""ий "",""по"",""ле "",""ураган"",""а "",""Катрин"",""а, "",""кото"",""ый "",""нек"",""ото"",""ые "",""фиск"",""альн"",""ые "",""кон"",""сер"",""ато"",""ы "",""в "",""шутку "",""назв"",""али "",""\""нов"",""оорлеан"",""ск"",""ой "",""сделкой "",""Буша\"".""]",60
1055,devtest,58,"Либеральная критика усилий по восстановлению сосредоточивалась на том, что контракты на восстановительные работы отдавались предположительно имеющим связи с правительством.","[""Л"",""иб"",""ер"",""льн"",""ая "",""кри"",""ик"",""а "",""усилий "",""по "",""во"",""стан"",""ов"",""лен"",""ию "",""со"",""редо"",""о"",""ивала"",""ь "",""на "",""том, "",""что "",""кон"",""тракты "",""на "",""во"",""стан"",""ов"",""ительн"",""ые "",""рабо"",""ы "",""отдавали"",""ь "",""пред"",""пол"",""жительн"",""о "",""имеющ"",""им "",""связи "",""с "",""прав"",""ительств"",""ом.""]",46
1056,devtest,59,"Более четырёх миллионов человек отправились в Рим, чтобы посетить похороны.","[""Б"",""олее "",""чет"",""р"","""","" "",""миллион"",""ов"","" "",""челов"",""ек "",""отправ"",""или"",""ь "",""в "",""Рим, "",""чтоб"",""ы "",""по"",""етить "",""по"",""орон"",""ы.""]",23
1057,devtest,60,"Количество присутствующих было настолько велико, что не все смогли попасть на площадь Святого Петра, где проходили похороны.","[""К"",""ол"","""",""еств"",""о "",""при"",""утств"",""ующ"",""их "",""было "",""нас"",""ол"",""ько "",""велик"",""о, "",""что "",""не "",""все "",""смогли "",""поп"",""асть "",""на "",""пло"",""адь "",""Свя"",""ого "",""Пет"",""а, "",""где "",""про"",""одили "",""по"",""орон"",""ы.""]",34
1058,devtest,61,"В различных местах Рима были установлены большие телевизионные экраны, с помощью которых люди могли наблюдать за церемонией.","[""В"","" "",""разли"",""н"",""ых "",""места"","" "",""Рима "",""были "",""устан"",""ов"",""лен"",""ы "",""больш"",""ие "",""тел"",""в"",""изион"",""ные "",""эк"",""ран"",""ы, "",""с "",""пом"",""ощью "",""кото"",""ых "",""люди "",""могли "",""наб"",""людать "",""за "",""цер"",""м"",""он"",""ией.""]",36
1059,devtest,62,"Подобные площадки, которые посетило большое количество людей, были организованы во многих других городах Италии и в остальном мире, в частности в Польше.","[""П"",""од"","""",""б"",""н"",""ые "",""пло"",""адк"",""и, "",""кото"",""ые "",""по"",""етило "",""больш"",""ое "",""кол"",""честв"",""о "",""людей, "",""были "",""орган"",""изов"",""ан"",""ы "",""во "",""многих "",""друг"",""их "",""го"",""одах "",""Италии "",""и в "",""остал"",""н"",""ом "",""мире, "",""в "",""частн"",""ости "",""в "",""Пол"",""ш"",""е.""]",43
1060,devtest,63,"Историки критикуют прошлую политику ФБР за то, что выделяла большую часть ресурсов на дела, которые легко раскрываются, особенно на дела об угоне автомобилей, с целью повышения уровня успешности работы агентства.","[""И"","""",""о"",""ики "",""кри"",""ик"",""уют "",""про"",""лую "",""пол"",""тик"",""у "",""ФБР "",""за "",""то, "",""что "",""выд"",""ляла "",""больш"",""ую "",""часть "",""рес"",""р"",""ов"","" "",""на "",""дел"","", "",""кото"",""ые "",""легк"",""о "",""раск"",""рываются, "",""особ"",""ен"",""но "",""на "",""дел"","" "",""об угон"",""е "",""авто"","""",""обилей, "",""с "",""целью "",""пов"",""ышен"",""ия "",""уров"",""н"",""я "",""успешн"",""ости "",""рабо"",""ы "",""аген"",""тств"",""а.""]",60
1061,devtest,64,"Конгресс начал финансировать инициативу по борьбе с развратом в 2005 налоговом году и определил, что ФБР должно выделить 10 агентов на борьбу со взрослой порнографией.","[""К"",""он"",""гресс "",""начал "",""фин"",""ан"",""сиров"",""ать "",""ин"",""ициа"",""ив"","" "",""по "",""бо"",""ьбе "",""с "",""разв"",""ратом "",""в "",""2005 "",""нал"",""г"",""ов"",""ом "",""году "",""и опред"",""елил, "",""что "",""ФБР "",""должн"",""о "",""выд"",""ли"",""ь "",""10 "",""аген"",""тов"","" "",""на "",""бо"",""ьбу "",""со "",""вз"",""о"",""лой "",""по"",""нографией.""]",47
1062,devtest,65,"Робин Утхаппа  набрал рекордное количество очков в иннинге: 70 ранов за всего 41 подачу, отбил 11 четвёрок и 2 шестёрки.","[""Р"","""",""б"",""ин"","" "",""Утхап"",""п"",""а "","" "",""наб"",""рал "",""рек"",""ордн"",""ое "",""кол"",""честв"",""о "",""очков"","" "",""в "",""ин"",""нин"",""ге: "",""70 "",""ран"",""ов"","" "",""за "",""всего "",""41 "",""под"",""чу, "",""отбил "",""11 "",""четвёрок"","" "",""и 2 шестёрки.""]",37
1063,devtest,66,Отбивающие мячи среднего звена Сачин Тендулкар и Рахул Дравид хорошо выступили и заработали в тандеме результат в сто баллов.,"[""О"",""б"",""ива"",""щ"",""ие "",""мячи "",""средн"",""его "",""звен"",""а "",""Сачин"","" "",""Тен"",""дулкар "",""и Рахул "",""Драв"",""ид "",""хорош"",""о "",""выс"",""упили "",""и за"",""або"",""али "",""в "",""тан"",""дем"",""е "",""рез"",""льта"","" "",""в "",""сто "",""баллов"","".""]",35
1064,devtest,67,"Однако после потери калитки капитана Индия совершила лишь 36 пробегов, потеряв 7 калиток для завершения иннингсов.","[""Од"",""н"",""ако "",""по"",""ле "",""по"",""ери "",""кал"",""тки "",""кап"",""итан"",""а "",""Ин"",""дия "",""сов"",""ершила "",""лишь "",""36 "",""проб"",""егов"","", "",""по"",""ер"",""в "",""7 кал"",""ток"","" "",""для "",""зав"",""ершен"",""ия "",""ин"",""нин"",""гсов"","".""]",35
1065,devtest,68,"Президент США Джордж Буш прибыл в Сингапур утром 16 ноября, начав свой недельный тур по Азии.","[""П"",""рез"",""иден"",""т "",""США "",""Джо"",""дж"","" "",""Буш "",""при"",""ыл "",""в "",""Син"",""гап"",""ур "",""утром"","" "",""16 "",""ноября, "",""начав "",""свой "",""нед"",""льн"",""ый "",""тур "",""по "",""Азии.""]",27
1066,devtest,69,Его приветствовал заместитель премьер-министра Сингапура Вонг Кан Сенг. Затем он обсудил вопросы торговли и терроризма с премьер-министром Сингапура Ли Сянь Луном.,"[""Ег"",""о "",""при"",""етств"",""ов"",""ал "",""зам"",""естител"","" "",""прем"",""ье"",""-"",""мин"",""ист"",""а "",""Син"",""гап"",""ура "",""Вон"",""г "",""Кан"","" "",""Сен"",""г. "",""За"",""ем"","" "",""он"","" "",""обсудил "",""вопро"",""ы "",""то"",""гов"",""ли "",""и тер"",""о"",""изма "",""с "",""прем"",""ьер-"",""мин"",""истром"","" "",""Син"",""гап"",""ура "",""Ли "",""Сян"",""ь "",""Лун"",""ом.""]",52
1067,devtest,70,"Спустя неделю после поражений на промежуточных выборах, Буш сообщил публике о расширении торговли с Азией.","[""Сп"",""уст"","" "",""нед"",""л"","" "",""по"",""ле "",""по"",""ажен"",""ий "",""на "",""пром"",""ежуто"",""н"",""ых "",""выбо"",""ах, "",""Буш "",""сообщ"",""ил "",""публик"",""е "",""о "",""рас"",""ирен"",""ии "",""то"",""гов"",""ли "",""с "",""Азией.""]",32
1068,devtest,71,"Премьер-министр Стивен Харпер согласился отослать ""Закон о чистом воздухе"" на рассмотрение общепартийного комитета до второго чтения. Этому предшествовала 25-минутная встреча с лидером НДП Джеком Лейтоном в ОУП во вторник.","[""П"",""рем"",""ье"",""-"",""мин"",""истр "",""Сти"",""ен"","" "",""Харпер "",""согла"",""ился "",""ото"",""ла"",""ь "",""\""Зак"",""он"","" "",""о "",""чистом"","" "",""возд"",""хе\"" "",""на "",""рас"",""мо"",""рен"",""ие "",""общ"",""еп"",""артийн"",""ого "",""ком"",""итета "",""до "",""вто"",""ого "",""чтен"",""ия. "",""Этому "",""пред"",""шеств"",""ов"",""ала "",""25-"",""мин"",""утн"",""ая "",""встреча "",""с "",""лидером "",""НДП "",""Джек"",""ом "",""Лей"",""он"",""ом "",""в "",""ОУП "",""во "",""вто"",""н"",""ик.""]",63
1069,devtest,72,"На встрече с премьер-министром Лейтон попросил внести изменения и ""полностью переписать"" экологический законопроект Консервативной партии.","[""Н"",""а "",""вст"",""ече "",""с "",""прем"",""ьер-"",""мин"",""истром"","" "",""Лей"",""он"","" "",""попро"",""ил "",""вн"",""ести "",""измен"",""ен"",""ия "",""и \""пол"",""остью "",""пер"",""п"",""исать\"" "",""эк"",""олог"",""ическ"",""ий "",""зак"",""он"",""оп"",""роек"",""т "",""Кон"",""сер"",""ативн"",""ой "",""пар"",""ии.""]",40
1070,devtest,73,"С тех пор, как федеральное правительство вмешалось и взяло на себя финансирование госпиталя Мерси в Девонпарте (Тасмания), правительство штата и некоторые члены федерального парламента критиковали эту акцию как уловку в преддверии федеральных выборов, которые должны пройти в ноябре.","[""С "",""тех "",""по"","", "",""как"","" "",""федеральн"",""ое "",""прав"",""ительств"",""о "",""вмешало"",""ь "",""и вз"",""ло "",""на "",""себя "",""фин"",""ан"",""сиров"",""ан"",""ие "",""го"",""питаля "",""Мер"",""и "",""в "",""Дев"",""он"",""парте "",""(Тасман"",""ия), "",""прав"",""ительств"",""о "",""шта"",""а "",""и нек"",""ото"",""ые "",""член"",""ы "",""федеральн"",""ого "",""пар"",""амен"",""та "",""критик"",""ов"",""али "",""эту "",""ак"",""цию "",""как"","" "",""улов"",""ку "",""в "",""пред"",""дв"",""ерии "",""федеральн"",""ых "",""выбо"",""ов"","", "",""кото"",""ые "",""должн"",""ы "",""пройти "",""в "",""ноябре.""]",73
1071,devtest,74,"Но премьер-министр Джон Ховард заявил, что это было сделано лишь для защиты больницы от снижения финансирования правительством Тасмании с помощью выделения дополнительных 45 миллионов австралийских долларов.","[""Н"",""о "",""прем"",""ьер-"",""мин"",""истр "",""Джон"","" "",""Ховард "",""за"",""вил, "",""что "",""это "",""было "",""сделан"",""о "",""лишь "",""для "",""за"",""иты "",""больн"",""ицы "",""от "",""снижен"",""ия "",""фин"",""ан"",""сиров"",""ан"",""ия "",""прав"",""ительств"",""ом "",""Тасман"",""ии "",""с "",""пом"",""ощью "",""выд"",""лен"",""ия "",""доп"",""олнительн"",""ых "",""45 "",""миллион"",""ов"","" "",""австралий"",""к"",""их "",""долларов"","".""]",53
1072,devtest,75,"Согласно последней сводке, данные наблюдений за уровнем моря указывали на приближение цунами. Явная сейсмическая активность была зарегистрирована возле Паго-Паго и Ниуэ.","[""Сог"",""ла"",""н"",""о "",""по"",""ледн"",""ей "",""сводк"",""е, "",""дан"",""ные "",""наб"",""люден"",""ий "",""за "",""уров"",""н"",""ем "",""мо"",""я "",""указывали "",""на "",""при"",""лижен"",""ие "",""цун"",""ами. "",""Явн"",""ая "",""сейсмическ"",""ая "",""ак"",""тивн"",""ость "",""была "",""за"",""егист"",""иров"",""ан"",""а "",""возле "",""Паго-"",""Паго "",""и Ниуэ.""]",44
1073,devtest,76,"Из Тонга не поступило сообщений о серьезных разрушениях или о пострадавших, но произошло временное отключение электроснабжения, что, по имеющимся данным, не позволило властям Тонга получить предупреждение о цунами, посланное Тихоокеанским центром предупреждения о цунами (PTWC).","[""Из "",""Тон"",""га "",""не "",""по"",""тупило "",""сообщ"",""ен"",""ий "",""о "",""сер"",""езн"",""ых "",""раз"",""ушен"",""иях "",""или "",""о "",""по"",""традавш"",""их, "",""но "",""произо"",""ло "",""врем"",""ен"",""ное "",""отк"",""лючен"",""ие "",""элек"",""тро"",""н"",""абжен"",""ия, "",""что, "",""по "",""имеющ"",""имся "",""дан"",""ным, "",""не "",""поз"","""",""олило "",""вла"",""тям "",""Тон"",""га "",""пол"",""чить "",""пред"",""упрежден"",""ие "",""о "",""цун"",""ами, "",""по"",""лан"",""ное "",""Тихоок"",""еан"",""ск"",""им "",""цен"",""тром"","" "",""пред"",""упрежден"",""ия "",""о "",""цун"",""ами "",""(PTWC).""]",74
1074,devtest,77,"Четырнадцать школ на Гавайях, расположенных на побережье или вблизи него, были закрыты в среду, несмотря на отмену предупреждений.","[""Че"","""",""рн"",""ад"",""ать "",""шк"",""ол "",""на "",""Гавай"","""","", "",""расп"",""оложен"",""ных "",""на "",""поб"",""ереж"",""е "",""или "",""вблизи "",""него, "",""были "",""зак"",""рыты "",""в "",""среду, "",""несмо"",""ря "",""на "",""отм"",""ен"",""у "",""пред"",""упрежден"",""ий.""]",35
1075,devtest,78,Президент США Джордж Буш приветствовал это заявление.,"[""П"",""рез"",""иден"",""т "",""США "",""Джо"",""дж"","" "",""Буш "",""при"",""етств"",""ов"",""ал "",""это "",""за"",""влен"",""ие.""]",17
1076,devtest,79,"Представитель Буша Гордон Джондро назвал обещание Северной Кореи ""большим шагом на пути к цели по достижению поддающегося проверке ядерного разоружения Корейского полуострова"".","[""П"",""ред"",""став"",""ител"","" "",""Буша "",""Го"",""дон"","" "",""Джон"",""дро "",""назв"",""ал "",""обещан"",""ие "",""Сев"",""ерн"",""ой "",""Ко"",""еи "",""\""больш"",""им "",""шагом "",""на "",""пути "",""к "",""цели "",""по "",""до"",""тижен"",""ию "",""под"",""ающ"",""его"",""я "",""пров"",""ерке "",""ядерн"",""ого "",""разо"",""ужен"",""ия "",""Ко"",""ейск"",""ого "",""пол"",""остров"",""а\"".""]",48
1077,devtest,80,"Сегодня в Атлантическом океане сформировался субтропический циклон Джерри, это десятый получивший имя циклон в этом сезоне ураганов а Атлантике.","[""Сегодн"",""я "",""в "",""Атлан"",""тическ"",""ом "",""ок"",""еан"",""е "",""сформиров"",""ался "",""суб"",""роп"",""ическ"",""ий "",""цик"",""лон"","" "",""Дже"","""",""и, "",""это "",""дес"",""ятый "",""пол"",""чив"","""",""ий "",""имя "",""цик"",""лон"","" "",""в "",""этом "",""сезон"",""е "",""ураган"",""ов"","" "",""а Атлан"",""тик"",""е.""]",42
1078,devtest,81,"Согласно Национальному ураганному центру, на данный момент Джерри не представляет никакой угрозы на суше.","[""Сог"",""ла"",""н"",""о "",""Национ"",""альн"",""ому "",""ураган"",""ному "",""цен"",""тру, "",""на "",""дан"",""ный "",""момен"",""т "",""Джер"",""и "",""не "",""пред"",""став"",""ляет "",""никак"",""ой "",""угроз"","" "",""на "",""суше.""]",28
1079,devtest,82,"По оценке начальника Инженерных войск США, 6 дюймов дождевых осадков могли прорвать поврежденные ранее дамбы.","[""П"",""о "",""оцен"",""ке "",""начальн"",""ика "",""Ин"",""жен"",""ерн"",""ых "",""войск"","" "",""США, "",""6 дюйм"",""ов"","" "",""дождев"",""ых "",""осадк"",""ов"","" "",""могли "",""про"",""вать "",""пов"",""режден"",""ные "",""ран"",""ее "",""дам"",""бы.""]",31
1080,devtest,83,"Девятый административный район, затопленный на 20 футов во время урагана Катрина, сейчас по пояс залит водой, поскольку дамба, находящаяся неподалеку, оказалась недостаточно высокой, чтобы удержать воду.","[""Д"",""ев"",""ятый "",""админ"",""ист"",""а"",""ивн"",""ый "",""район"","", "",""за"",""оп"",""лен"",""ный "",""на "",""20 "",""футов"","" "",""во "",""врем"",""я "",""ураган"",""а "",""Катрин"",""а, "",""сейчас "",""по "",""по"",""с "",""залит "",""водой, "",""по"",""к"",""ольку "",""дам"",""ба, "",""находящ"",""аяся "",""неп"",""од"",""лек"",""у, "",""ок"",""азалась "",""нед"","""",""таточн"",""о "",""высок"",""ой, "",""чтобы "",""удержать "",""воду.""]",53
1081,devtest,84,Вода выливается за плотину на отрезке шириной 100 футов.,"[""В"",""ода "",""вылив"",""ается "",""за "",""пло"",""ин"",""у "",""на "",""отр"",""зк"",""е "",""ширин"",""ой "",""100 "",""футов"","".""]",17
1082,devtest,85,Администратор Commons Адам Керден выразил своё разочарование в связи с удалениями в своем разговоре  в прошлом месяце с Wikinews.,"[""Адм"",""ин"",""ист"",""а"",""о"","" "",""Comm"",""ons "",""Адам "",""Кер"",""ен"","" "",""выразил "",""сво"","" "",""разо"",""аров"",""ан"",""ие "",""в "",""связи "",""с "",""удален"",""иями "",""в "",""своем"","" "",""разг"",""ов"",""оре "","" "",""в "",""про"",""лом "",""месяце "",""с "",""Wikinews.""]",37
1083,devtest,86,"""Он [Уэльс] по сути лгал нам с самого начала. Во-первых, действуя так, как будто это нужно было сделать по юридическим причинам. Во-вторых, делая вид, что слушает нас вплоть до своего удаления изображений.""","[""\"""",""Он"","" [Уэльс] "",""по "",""сути "",""лгал "",""нам "",""с "",""сам"",""ого "",""начала. "",""Во-пер"",""ых, "",""действ"",""уя "",""так"","", "",""как"","" "",""буд"",""о "",""это "",""нужн"",""о "",""было "",""сделать "",""по "",""юридическ"",""им "",""при"",""ин"",""ам. "",""Во-вто"",""ых, "",""дел"",""я "",""вид, "",""что "",""слушает "",""нас "",""впло"",""ь "",""до "",""своего "",""удален"",""ия "",""изоб"",""ражен"",""ий.\""""]",49
1084,devtest,87,"Раздражение общественности привело к тому, что в настоящее время предпринимаются меры по разработке регламента относительно контента сексуального характера для данного сайта, на котором размещены миллионы медиаматериалов с открытой лицензией.","[""Р"","""",""зд"",""ажен"",""ие "",""общ"",""еств"",""ен"",""ности "",""при"",""ело "",""к "",""тому, "",""что "",""в "",""насто"",""щ"",""ее "",""врем"",""я "",""пред"",""при"","""",""имаются "",""мер"","" "",""по "",""раз"",""або"",""ке "",""регламен"",""та "",""отн"",""осительн"",""о "",""кон"",""тен"",""та "",""сек"",""суальн"",""ого "",""харак"",""тер"","" "",""для "",""дан"",""ного "",""сайта, "",""на "",""кото"",""ом "",""разм"",""ещен"",""ы "",""миллион"",""ы "",""мед"",""ам"",""атер"",""алов"","" "",""с "",""отк"",""рытой "",""лицен"",""зией.""]",66
1085,devtest,88,"Проведенная работа была в основном теоретической, но программа была написана для имитации наблюдений галактики в Стрельце.","[""П"",""ров"",""еден"",""ная "",""рабо"",""а "",""была "",""в "",""основ"",""н"",""ом "",""тео"",""етическ"",""ой, "",""но "",""прог"",""рамма "",""была "",""нап"",""исан"",""а "",""для "",""имитаци"",""и "",""наб"",""люден"",""ий "",""галак"",""тик"",""и "",""в "",""Стрельце.""]",32
1086,devtest,89,"Эффект, который искала команда, может быть вызван приливными силами между тёмной материей галактики и тёмной материей Млечного Пути.","[""Э"",""фек"",""т, "",""кото"",""ый "",""иск"",""ала "",""ком"",""ан"",""да, "",""може"","" "",""быть "",""вызв"",""ан"","" "",""при"",""ив"",""н"",""ыми "",""силами "",""межд"","" "",""тёмн"",""ой "",""матер"",""ей "",""галак"",""тик"",""и "",""и тёмн"",""ой "",""матер"",""ей "",""Мле"",""н"",""ого "",""Пути.""]",38
1087,devtest,90,"Так же, как Луна притягивает Землю, при этом вызывая приливы, так и Млечный Путь воздействует на галактику в Стрельце.","[""Т"",""ак"","" "",""же, "",""как"","" "",""Лун"",""а "",""при"",""ягивает "",""Зем"",""лю, "",""при "",""этом "",""выз"",""вая "",""при"",""ив"",""ы, "",""так"","" "",""и Мле"",""н"",""ый "",""Путь "",""возд"",""йств"",""ует "",""на "",""галак"",""тик"",""у "",""в "",""Стрельце.""]",34
1088,devtest,91,"Ученые смогли сделать вывод, что темная материя воздействует на другую темную материю так же, как и в случае с обычной материей.","[""У"",""ен"",""ые "",""смогли "",""сделать "",""вывод, "",""что "",""тем"",""ная "",""матер"",""я "",""возд"",""йств"",""ует "",""на "",""друг"",""ую "",""тем"",""ную "",""матер"",""ю "",""так"","" "",""же, "",""как"","" "",""и в "",""случае "",""с "",""обычн"",""ой "",""матер"",""ей.""]",33
1089,devtest,92,"Согласно этой теории, значительная часть темной материи вокруг Галактики располагается в виде ореола и состоит из большого количества мелких частиц.","[""Сог"",""ла"",""н"",""о "",""этой "",""тео"",""ии, "",""зн"",""ачительн"",""ая "",""часть "",""тем"",""ной "",""матер"",""и "",""вок"",""руг "",""Галак"",""тик"",""и "",""расп"",""олаг"",""ается "",""в "",""вид"","" "",""ореол"",""а "",""и со"",""тоит "",""из "",""больш"",""ого "",""кол"",""честв"",""а "",""мел"","""",""их "",""части"","".""]",41
1090,devtest,93,"В репортажах по телевидению сообщается  о белом дыме, идущем от завода.","[""В"","" "",""реп"",""о"",""тажах "",""по "",""тел"",""в"",""иден"",""ию "",""сообщ"",""ается "","" о "",""бел"",""м "",""дым"",""е, "",""ид"",""щ"",""ем "",""от "",""зав"",""ода.""]",23
1091,devtest,94,"Местные власти предупреждают жителей, проживающих поблизости от станции, о необходимости оставаться в помещениях, выключить кондиционеры и не пить воду из-под крана.","[""М"",""естн"",""ые "",""вла"",""ти "",""пред"",""упреждают "",""жител"",""й, "",""прож"",""вающ"",""их "",""поб"",""лизо"",""ти "",""от "",""стан"",""ции, "",""о "",""необходим"",""о"",""ти "",""оставаться "",""в "",""пом"",""ещен"",""иях, "",""вык"",""лючить "",""кон"",""дицион"",""ер"","" "",""и не "",""пить "",""воду "",""из-"",""под "",""кра"","""",""а.""]",41
1092,devtest,95,"Согласно ядерному управлению Японии, на заводе были обнаружены радиоактивный цезий и йод.","[""Сог"",""ла"",""н"",""о "",""ядерн"",""ому "",""управ"",""лен"",""ию "",""Япон"",""ии, "",""на "",""зав"",""оде "",""были "",""обн"",""аружен"",""ы "",""рад"",""оак"",""тивн"",""ый "",""цезий "",""и йод.""]",24
1093,devtest,96,"Власти предполагают, что это указывает на возможную пробоину и утечку в находящихся на объекте контейнерах с урановым топливом.","[""В"",""ла"",""ти "",""пред"",""пол"",""г"",""ают, "",""что "",""это "",""указывает "",""на "",""возм"",""ожн"",""ую "",""проб"",""оин"",""у "",""и утечку "",""в "",""находящ"",""ихся "",""на "",""объек"",""те "",""кон"",""тейн"",""ер"",""х "",""с "",""уран"",""ов"",""ым "",""топ"",""лив"",""ом.""]",35
1094,devtest,97,В ходе исследований в южноафриканском регионе Квазулу-Натал доктору Тони Моллу (Tony Moll ) удалось обнаружить туберкулез с исключительно высокой устойчивостью к лекарствам (XDR-TB).,"[""В"","" "",""ходе "",""исследов"",""ан"",""ий "",""в "",""южн"",""оафрикан"",""ск"",""ом "",""регион"",""е "",""Квазулу-"",""Натал "",""док"",""тору "",""Тон"",""и "",""Моллу "",""(Tony "",""Moll "","") "",""удало"",""ь "",""обн"",""аружить "",""туб"",""ер"",""улез "",""с "",""иск"",""лючительн"",""о "",""высок"",""ой "",""устойч"",""иво"",""тью "",""к "",""лек"",""арств"",""ам "",""(XDR-"",""TB).""]",45
1095,devtest,98,"В интервью он сказал, что новый штамм ""вызывает очень большие опасения, так как он приводит к очень высокому уровню смертности"".","[""В"","" "",""ин"",""тер"",""ью "",""он"","" "",""ск"",""азал, "",""что "",""нов"",""ый "",""штамм "",""\""выз"",""вает "",""очен"",""ь "",""больш"",""ие "",""опасен"",""ия, "",""так"","" "",""как"","" "",""он"","" "",""при"",""одит "",""к "",""очен"",""ь "",""высок"",""ому "",""уров"",""н"",""ю "",""смертн"",""ости\"".""]",39
1096,devtest,99,"Некоторые пациенты могли заразиться в больнице, думает доктор Молл, и по крайней мере двое были работниками здравоохранения в больнице.","[""Н"",""ек"",""ото"",""ые "",""пациен"",""ты "",""могли "",""за"",""азиться "",""в "",""больн"",""ице, "",""думает "",""док"",""тор "",""Молл, "",""и по "",""крайн"",""ей "",""мер"","" "",""двое "",""были "",""рабо"",""н"",""иками "",""зд"",""ав"",""оо"",""ран"",""ен"",""ия "",""в "",""больн"",""ице.""]",35
1097,devtest,100,За один год инфицированный человек может заразить от 10 до 15 человек при близком контакте.,"[""З"",""а "",""один"","" "",""год "",""ин"",""фициров"",""ан"",""ный "",""челов"",""ек "",""може"","" "",""за"",""азить "",""от "",""10 "",""до "",""15 "",""челов"",""ек "",""при "",""близк"",""ом "",""кон"",""такте.""]",26
1098,devtest,101,"Однако, процент людей с туберкулёзом с множественной лекарственной устойчивостью в целой группе больных туберкулезом все еще кажется низким; 6000 от общего числа 330 000 зараженных в данный конкретный момент в ЮАР.","[""Од"",""н"",""ако, "",""про"",""ен"",""т "",""людей "",""с "",""тубер"",""улёзом"","" "",""с "",""множеств"",""ен"",""ной "",""лек"",""арств"",""ен"",""ной "",""устойч"",""иво"",""тью "",""в "",""целой "",""гр"",""ппе "",""больн"",""ых "",""туб"",""ер"",""улезом"","" "",""все "",""еще "",""кажется "",""низк"",""им; "",""6000 "",""от "",""общ"",""его "",""чи"",""ла "",""330 "",""000 "",""за"",""ажен"",""ных "",""в "",""дан"",""ный "",""кон"",""кретн"",""ый "",""момен"",""т "",""в "",""ЮАР.""]",58
1099,devtest,102,"Спутники, каждый из которых был тяжелее 1 000 фунтов и перемещался со скоростью приблизительно 17 500 миль в час, столкнулись на высоте 491 мили над поверхностью Земли.","[""Сп"",""утн"",""ики, "",""кажд"",""й "",""из "",""кото"",""ых "",""был "",""тяжел"",""е "",""1 000 "",""фун"",""тов"","" "",""и пер"",""м"",""ещался "",""со "",""ск"",""оростью "",""при"",""лизительн"",""о "",""17 "",""500 "",""миль "",""в "",""час, "",""стол"",""кнулись "",""на "",""высо"",""е "",""491 "",""мили "",""над "",""пов"",""ерхн"",""остью "",""Зем"",""ли.""]",42
1100,devtest,103,"Учёные говорят, что взрыв, вызванный столкновением, был очень мощным.","[""У"",""ён"",""ые "",""гово"",""ят, "",""что "",""вз"","""",""в, "",""вызв"",""ан"",""ный "",""стол"",""кнов"",""ен"",""ием, "",""был "",""очен"",""ь "",""мо"",""н"",""ым.""]",22
1101,devtest,104,"Они по-прежнему стараются определить, насколько большим было столкновение и как пострадает Земля.","[""Он"",""и "",""по-преж"","""",""ему "",""ста"",""аются "",""опред"",""ели"",""ь, "",""на"",""к"",""олько "",""больш"",""им "",""было "",""стол"",""кнов"",""ен"",""ие "",""и как"","" "",""по"",""традает "",""Зем"",""ля.""]",26
1102,devtest,105,Стратегическое командование Министерства обороны США ведёт поиск обломков.,"[""С"","""","""","""",""егическ"",""ое "",""ком"",""ан"",""дов"",""ан"",""ие "",""Мин"",""истер"",""тв"",""а "",""обо"",""он"",""ы "",""США "",""вед"",""т "",""поиск"","" "",""облом"",""ков"","".""]",26
1103,devtest,106,Результаты анализа графиков будут размещены на общедоступном сайте.,"[""Р"","""",""з"",""льта"",""ы "",""ан"",""ализа "",""гра"",""иков"","" "",""буд"",""т "",""разм"",""ещен"",""ы "",""на "",""общ"",""едо"",""тупн"",""ом "",""сайте.""]",21
1104,devtest,107,"Обвинение в убийстве при отягчающих обстоятельствах будет предъявлено врачу, которая работала в Детской больнице Питтсбурга, Пенсильвания, после того как в среду ее мать нашли мертвой в багажнике ее автомобиля, сообщают власти Огайо.","[""Об"",""вин"",""ен"",""ие "",""в "",""убийств"",""е "",""при "",""отягчающ"",""их "",""обсто"",""тел"",""ств"",""а"","" "",""будет "",""пред"",""ъявлен"",""о "",""врачу, "",""кото"",""ая "",""рабо"",""ала "",""в "",""Детск"",""ой "",""больн"",""ице "",""Питтсб"",""урга, "",""Пен"",""сильван"",""ия, "",""по"",""ле "",""того "",""как"","" "",""в "",""среду "",""ее "",""мать "",""наш"",""ли "",""мер"",""вой "",""в "",""багажн"",""ике "",""ее "",""авто"","""",""обиля, "",""сообщ"",""ают "",""вла"",""ти "",""Огайо.""]",59
1105,devtest,108,"Доктора Малар Баласубраманиан, 29 лет, нашли в Блю-Эше (штат Огайо), пригороде примерно в 15 милях к северу от Цинциннати. Он лежал на земле рядом с дорогой в футболке и нижнем белье и, по-видимому, в состоянии сильного наркотического опьянения.","[""Д"",""ок"",""тора "",""Мала"","" "",""Бала"",""уб"","""",""аман"",""иан"","", "",""29 "",""лет, "",""наш"",""ли "",""в "",""Блю-"",""Эше "",""(шта"","" "",""Огайо)"","", "",""при"",""ороде "",""при"",""ерн"",""о "",""в "",""15 "",""милях "",""к "",""сев"",""ер"","" "",""от "",""Цин"",""цин"",""нати. "",""Он"","" "",""лежал "",""на "",""зем"",""ле "",""рядом "",""с "",""до"",""ог"",""ой "",""в "",""футболке "",""и нижн"",""ем "",""белье "",""и, "",""по-видим"",""ому, "",""в "",""со"",""тоян"",""ии "",""сильн"",""ого "",""нар"",""отическ"",""ого "",""опьян"",""ен"",""ия.""]",69
1106,devtest,109,"Она отправила офицеров в свой чёрный Олдсмобиль Интрига, который находился в 500 футах.","[""Он"",""а "",""отправ"",""ила "",""офице"","""",""в"","" "",""в "",""свой "",""чёрн"",""ый "",""Олд"",""мобиль "",""Ин"",""трига, "",""кото"",""ый "",""находился "",""в "",""500 "",""фута"","".""]",23
1107,devtest,110,"Там они нашли тело 53-летнего Сароджи Баласубраманиана, покрытое окровавленными одеялами.","[""Т"",""ам"","" "",""он"",""и "",""наш"",""ли "",""тел"","" "",""53-летн"",""его "",""Сароджи "",""Бала"",""убраман"",""иан"",""а, "",""пок"",""рытое "",""ок"",""ров"",""авлен"",""ными "",""одеялами.""]",23
1108,devtest,111,"Полиция сказала, что тело, скорее всего, находилось там около дня.","[""П"",""ол"",""ция "",""ск"",""азала, "",""что "",""тел"","", "",""ск"",""орее "",""всего, "",""находило"",""ь "",""там "",""ок"",""оло "",""дня.""]",17
1109,devtest,112,О первых случаях заболевания в этом сезоне было сообщено в июле.,"[""О "",""пер"",""ых "",""случа"",""х "",""заб"",""олев"",""ан"",""ия "",""в "",""этом "",""сезон"",""е "",""было "",""сообщ"",""ен"",""о "",""в "",""июле.""]",19
1110,devtest,113,"Переносчиками являются свиньи, от которых через комаров болезнь затем передаётся человеку.","[""П"",""ер"",""н"",""осчиками "",""явля"",""тся "",""свин"",""ьи, "",""от "",""кото"",""ых "",""чер"",""з "",""ком"",""аров"","" "",""болезн"",""ь "",""за"",""ем"","" "",""пер"",""даётся "",""челов"",""еку.""]",25
1111,devtest,114,"Эта вспышка побудила индийское правительство принять такие меры, как установка ловушек для свиней в серьёзно пострадавших районах, раздача тысяч противомоскитных занавесок и распыление пестицидов.","[""Э"",""а "",""вспышка "",""поб"",""удила "",""ин"",""дийск"",""ое "",""прав"",""ительств"",""о "",""при"","""",""ять "",""так"",""ие "",""мер"","", "",""как"","" "",""устан"",""ов"",""ка "",""лов"",""ушек"","" "",""для "",""свин"",""ей "",""в "",""сер"",""ёзн"",""о "",""по"",""традавш"",""их "",""район"",""ах, "",""разд"",""ча "",""тысяч "",""про"",""ивомо"",""к"",""итн"",""ых "",""зан"",""авесок"","" "",""и расп"",""ылен"",""ие "",""пес"",""ицидов"","".""]",55
1112,devtest,115,"Правительство также пообещало несколько миллионов ампул вакцины против энцефалита, которые помогут подготовить учреждения здравоохранения к следующему году.","[""П"",""рав"",""ител"",""ств"",""о "",""так"",""же "",""пооб"",""ещало "",""неск"",""олько "",""миллион"",""ов"","" "",""ампул "",""вак"",""цин"",""ы "",""про"",""ив "",""эн"",""цефали"",""а, "",""кото"",""ые "",""пом"",""огут "",""под"",""отов"",""ить "",""учрежден"",""ия "",""зд"",""ав"",""оо"",""ран"",""ен"",""ия "",""к "",""следующ"",""ему "",""году.""]",42
1113,devtest,116,Планы по доставке вакцин в исторически наиболее пострадавшие районы в этом году были отложены из-за недостатка средств и низкой приоритетности по сравнению с другими заболеваниями.,"[""П"",""лан"",""ы "",""по "",""до"",""тавке "",""вак"",""цин"","" "",""в "",""исто"",""ическ"",""и "",""наиболее "",""по"",""традавш"",""ие "",""район"",""ы "",""в "",""этом "",""году "",""были "",""отложен"",""ы "",""из-"",""за "",""нед"","""",""татка "",""средств"","" "",""и низк"",""ой "",""при"","""",""итетн"",""ости "",""по "",""срав"",""н"",""ен"",""ию "",""с "",""друг"",""ими "",""заб"",""олев"",""ан"",""иями.""]",50
1114,devtest,117,"В 1956 году Сланя переехал в Швецию, где три года спустя начал работать на Шведскую почтовую компанию, и стал их главным гравировщиком.","[""В"","" "",""1956 "",""году "",""Слан"",""я "",""пер"",""ехал "",""в "",""Швецию, "",""где "",""три "",""года "",""спустя "",""начал "",""рабо"",""ать "",""на "",""Шведск"",""ую "",""по"",""тов"",""ую "",""ком"",""пан"",""ию, "",""и стал "",""их "",""глав"",""н"",""ым "",""грав"",""иров"",""щ"",""иком.""]",35
1115,devtest,118,Он создал более 1000 марок для Швеции и 28 других стран.,"[""Он"","" "",""создал "",""более "",""1000 "",""мар"",""к"","" "",""для "",""Швеции "",""и 28 "",""друг"",""их "",""стр"",""н"","".""]",16
1116,devtest,119,"Его работы настолько известны своим качеством и детализацией, что он является одним из немногих ""нарицательных имён"" среди филателистов. Некоторые специализируются только на коллекционировании его работ.","[""Ег"",""о "",""рабо"",""ы "",""настол"",""ько "",""известн"",""ы "",""своим "",""качеств"",""ом "",""и дет"",""лиза"",""и"",""ей, "",""что "",""он"","" "",""является "",""одн"",""им "",""из "",""нем"",""ногих "",""\""нар"",""цательн"",""ых "",""имён"",""\"" "",""среди "",""фила"",""ел"","""",""тов"","". "",""Нек"",""ото"",""ые "",""спе"",""иализир"",""ются "",""тольк"",""о "",""на "",""кол"",""ек"",""цион"",""иров"",""ан"",""ии "",""его "",""рабо"","".""]",53
1117,devtest,120,"Его великолепная тысячная марка 2000-го  года воспроизводит ""Великие деяния шведских королей"" Давида-Клёккера Эрнестраля, она внесена в книгу мировых рекордов Гиннеса.","[""Ег"",""о "",""велик"",""олеп"",""н"",""ая "",""тысячн"",""ая "",""мар"","""",""а "",""2000-"",""го "","" года "",""во"",""произв"",""оди"","" "",""\""Велик"",""ие "",""деян"",""ия "",""шведск"",""их "",""королей\"" "",""Давида-"",""Клёк"",""кер"","" "",""Эрн"",""естраля, "",""он"",""а "",""вн"",""есен"",""а "",""в "",""книгу "",""миров"",""ых "",""рек"",""ордов"","" "",""Гин"",""неса.""]",45
1118,devtest,121,"Кроме того, он занимался гравюрным оттиском банкнот для многих стран. Недавние примеры его работ — портреты премьер-министра на лицевой стороне новых банкнот Канады номиналом 5 и 100 долларов.","[""К"",""ром"",""е "",""того, "",""он"","" "",""зан"",""имался "",""грав"",""юрн"",""ым "",""оттиск"",""ом "",""бан"",""кнот "",""для "",""многих "",""стр"",""н"","". "",""Нед"",""вн"",""ие "",""при"",""ер"","" "",""его "",""рабо"","" "",""— "",""по"",""треты "",""прем"",""ьер-"",""мин"",""истра "",""на "",""лицев"",""ой "",""сто"",""он"",""е "",""нов"",""ых "",""бан"",""кнот "",""Кан"",""ады "",""номин"",""алом"","" "",""5 и 100 "",""долларов"","".""]",54
1119,devtest,122,"После несчастного случая Гибсон был доставлен в больницу, но вскоре скончался.","[""П"",""о"",""ле "",""нес"",""а"",""тн"",""ого "",""случа"","" "",""Гиб"",""он"","" "",""был "",""до"",""тавлен"","" "",""в "",""больн"",""ицу, "",""но "",""вск"",""оре "",""ск"",""он"",""чался.""]",25
1120,devtest,123,64-летний водитель грузовика в аварии не пострадал.,"[""64-"",""летн"",""ий "",""водитель "",""гр"",""зов"",""ика "",""в "",""аварии "",""не "",""по"",""традал.""]",12
1121,devtest,124,Сам автомобиль убрали с места происшествия в тот же день примерно в 12:00 по Гринвичу.,"[""Сам"","" "",""авто"","""",""об"",""иль "",""убрали "",""с "",""места "",""происш"",""еств"",""ия "",""в "",""то"","" "",""же "",""ден"",""ь "",""при"",""ерн"",""о "",""в "",""12:00 "",""по "",""Грин"",""вичу.""]",26
1122,devtest,125,"Человек, работающий в гараже недалеко от того места, где произошла авария, сказал: ""Там стояли дети, которые ждали, чтобы перейти дорогу. Все они кричали и плакали.","[""Чел"",""в"",""ек, "",""рабо"",""ающ"",""ий "",""в "",""га"",""аже "",""нед"",""лек"",""о "",""от "",""того "",""места, "",""где "",""произо"",""ла "",""авария, "",""ск"",""азал: "",""\""Там "",""сто"",""ли "",""дет"","", "",""кото"",""ые "",""ждали, "",""чтобы "",""пер"",""йти "",""до"",""ог"",""у. "",""Все "",""он"",""и "",""кричали "",""и плак"",""али.""]",41
1123,devtest,126,"Все отбежали от места, в котором произошла авария.","[""В"",""се "",""отбежали "",""от "",""места, "",""в "",""кото"",""ом "",""произо"",""ла "",""авария.""]",11
1124,devtest,127,"Прочие вопросы в повестке дня на Бали включают в себя сохранение оставшихся в мире лесов и обмен технологиями, чтобы способствовать росту развивающихся стран с меньшими загрязняющими последствиями.","[""П"",""ро"",""ие "",""вопро"",""ы "",""в "",""пов"",""естке "",""дня "",""на "",""Бали "",""включают "",""в "",""себя "",""со"",""ран"",""ен"",""ие "",""оставш"",""ихся "",""в "",""мире "",""лесов"","" "",""и обм"",""ен"","" "",""техн"",""олог"",""иями, "",""чтобы "",""спо"",""об"",""ств"",""ов"",""ать "",""росту "",""разв"",""ивающ"",""ихся "",""стр"",""н"","" "",""с "",""мен"",""ьш"",""ими "",""заг"","""",""язн"",""яющ"",""ими "",""по"",""ледств"",""иями.""]",55
1125,devtest,128,"ООН также надеется завершить создание фонда помощи странам, страдающим от глобального потепления, для борьбы с его последствиями.","[""ООН"","" "",""так"",""же "",""над"",""ется "",""зав"",""ер"",""ить "",""создан"",""ие "",""фон"",""да "",""пом"",""ощи "",""стр"",""н"",""ам, "",""стр"",""дающ"",""им "",""от "",""глоб"",""альн"",""ого "",""по"",""еп"",""лен"",""ия, "",""для "",""бо"",""ьбы "",""с "",""его "",""по"",""ледств"",""иями.""]",37
1126,devtest,129,"Эти деньги могут пойти на строительство домов, устойчивых к наводнениям, рациональное использование водных ресурсов и диверсификацию сельскохозяйственных культур.","[""Э"",""и "",""ден"",""ьги "",""мог"",""т "",""пойти "",""на "",""стр"",""ительств"",""о "",""дом"",""ов"","", "",""устойч"",""ив"",""х "",""к "",""нав"",""одн"",""ен"",""иям, "",""рацион"",""альн"",""ое "",""использов"",""ан"",""ие "",""водн"",""ых "",""рес"",""рсов"","" "",""и дивер"",""ифик"",""аци"",""ю "",""сел"",""ск"",""охоз"","""",""йств"",""ен"",""ных "",""культу"","".""]",46
1127,devtest,130,"Флюк написала, что попытки заставить женщин  молчать о женском здоровье были безуспешными.","[""Фл"",""к"","" "",""нап"",""исала, "",""что "",""поп"",""ытки "",""за"",""тавить "",""жен"",""щин"","" "","" "",""молчать "",""о "",""жен"",""ском "",""здо"",""ов"",""ье "",""были "",""без"",""спешн"",""ыми.""]",25
1128,devtest,131,"Она пришла к такому выводу из-за многочисленных положительных комментариев и поддержки, полученных ею как от женщин, так и от мужчин, утверждающих, что противозачаточные средства следует рассматривать как медицинскую необходимость.","[""Он"",""а "",""при"",""ла "",""к так"",""ому "",""выводу "",""из-"",""за "",""много"",""ислен"",""ных "",""пол"",""жительн"",""ых "",""ком"",""мен"",""тариев"","" "",""и под"",""ержк"",""и, "",""пол"",""чен"",""ных "",""ею "",""как"","" "",""от "",""жен"",""щин"","", "",""так"","" "",""и от "",""мужчин"","", "",""утвержд"",""ающ"",""их, "",""что "",""про"",""ивоза"",""ато"",""н"",""ые "",""средств"",""а "",""следует "",""рас"",""матривать "",""как"","" "",""мед"",""цин"",""ск"",""ую "",""необходим"",""о"",""ть.""]",60
1129,devtest,132,"Когда драка прекратилась, после того как раненые были доставлены в больницу, еще около 40 заключенных остались во дворе и отказались возвращаться в свои камеры.","[""К"",""ог"",""да "",""драк"",""а "",""прек"",""ратилась, "",""по"",""ле "",""того "",""как"","" "",""ран"",""ен"",""ые "",""были "",""до"",""тавлен"",""ы "",""в "",""больн"",""ицу, "",""еще "",""ок"",""оло "",""40 "",""зак"",""лючен"",""ных "",""остались "",""во "",""дво"",""е "",""и отк"",""азались "",""возв"",""ращаться "",""в "",""свои "",""камер"","".""]",41
1130,devtest,133,"Переговорщики попытались исправить ситуацию, но требования заключённых не ясны.","[""П"",""ер"",""гов"",""орщ"",""ики "",""поп"",""ытали"",""ь "",""исправ"",""ить "",""ситуаци"",""ю, "",""но "",""треб"",""ов"",""ан"",""ия "",""зак"",""лючён"",""ных "",""не "",""ясн"",""ы.""]",23
1131,devtest,134,Между 10:00 и 11:00 вечера по горному времени заключенные устроили пожар во дворе.,"[""М"",""ежд"","" "",""10:00 "",""и 11:00 "",""вечер"","" "",""по "",""го"",""н"",""ому "",""врем"",""ен"",""и "",""зак"",""лючен"",""ные "",""устроили "",""пож"",""р "",""во "",""дво"",""е.""]",23
1132,devtest,135,"Вскоре надзиратели в защитном снаряжении прошли во двор и загнали заключенных в угол, применив слезоточивый газ.","[""В"",""ск"",""оре "",""над"",""ирател"","" "",""в "",""за"",""итн"",""ом "",""снаряжен"",""ии "",""про"",""ли "",""во "",""дво"","" "",""и заг"",""н"",""али "",""зак"",""лючен"",""ных "",""в "",""угол, "",""при"",""ен"",""ив "",""слез"",""о"",""о"",""ивый "",""газ.""]",33
1133,devtest,136,В результате бригады пожарных потушили пожар к 23:35.,"[""В"","" "",""рез"",""льта"",""е "",""бри"",""ад"","" "",""пож"",""рн"",""ых "",""по"",""ушили "",""пож"",""р "",""к "",""23:35.""]",17
1134,devtest,137,"После строительства плотины в 1963 году сезонные паводки, распространявшие по реке отложения, прекратились.","[""П"",""о"",""ле "",""стр"",""ительств"",""а "",""пло"",""ин"",""ы "",""в "",""1963 "",""году "",""сезон"",""ные "",""паводки, "",""расп"",""ро"",""тран"",""явшие "",""по "",""рек"",""е "",""отложен"",""ия, "",""прек"",""ратили"",""ь.""]",27
1135,devtest,138,"Этот осадок требовался для формирования пляжей и песчаных отмелей, являвшихся местом обитания диких животных.","[""Э"",""о"","" "",""осадок"","" "",""треб"",""ов"",""ался "",""для "",""форм"",""иров"",""ан"",""ия "",""пл"",""жей "",""и пес"",""ан"",""ых "",""отм"",""елей, "",""являвш"",""ихся "",""местом"","" "",""оби"",""ан"",""ия "",""дик"",""их "",""живо"",""н"",""ых.""]",32
1136,devtest,139,"Это привело к тому, что два вида рыб вымерли, а два других, в том числе горбатый голавль, попали под угрозу исчезновения.","[""Э"",""о "",""при"",""ело "",""к "",""тому, "",""что "",""два "",""вид"","" "",""рыб "",""вым"",""ерли, "",""а два "",""друг"",""их, "",""в "",""том "",""числе "",""го"",""батый "",""голав"",""ль, "",""поп"",""али "",""под "",""угроз"","" "",""исчезн"",""ов"",""ен"",""ия.""]",32
1137,devtest,140,"Несмотря на то, что после наводнения уровень воды поднимется только на несколько футов, власти надеются, что этого будет достаточно для восстановления размытых песчаных отмелей ниже по течению.","[""Н"",""есмо"",""р"","" "",""на "",""то, "",""что "",""по"",""ле "",""нав"",""одн"",""ен"",""ия "",""уров"",""ен"",""ь "",""воды "",""под"","""",""имется "",""тольк"",""о "",""на "",""неск"",""олько "",""футов"","", "",""вла"",""ти "",""над"",""ются, "",""что "",""этого "",""будет "",""до"",""тато"",""н"",""о "",""для "",""во"",""стан"",""ов"",""лен"",""ия "",""разм"",""ытых "",""пес"",""ан"",""ых "",""отм"",""елей "",""ниже "",""по "",""течен"",""ию.""]",55
1138,devtest,141,"Предупреждений о цунами не было и, согласно сообщению от Джакартского геофизического агентства, не будет, так как магнитуда землетрясения не достигла 6,5 балла.","[""П"",""ред"",""упреж"",""ден"",""ий "",""о "",""цун"",""ами "",""не "",""было "",""и, "",""согла"",""н"",""о "",""сообщ"",""ен"",""ию "",""от "",""Джак"",""артск"",""ого "",""гео"",""изическ"",""ого "",""аген"",""тств"",""а, "",""не "",""будет, "",""так"","" "",""как"","" "",""магн"",""итуда "",""зем"",""ле"",""рясен"",""ия "",""не "",""до"",""тигла "",""6,5 "",""балла.""]",44
1139,devtest,142,"Несмотря на отсутствие угрозы цунами, жители начали паниковать и покидать помещения своих компаний и свои дома.","[""Н"",""есмо"",""р"","" "",""на "",""отсутств"",""ие "",""уг"",""оз"","" "",""цун"",""ами, "",""жител"","" "",""начали "",""пан"",""иков"",""ать "",""и пок"",""идать "",""пом"",""ещен"",""ия "",""своих "",""ком"",""пан"",""ий "",""и свои "",""дом"",""а.""]",30
1140,devtest,143,"Хотя Уинфри была готова расплакаться во время прощания, она дала понять своим поклонникам, что вернется.","[""Х"",""о"",""я "",""Уин"",""фри "",""была "",""го"",""ов"",""а "",""расп"",""лак"",""аться "",""во "",""врем"",""я "",""про"",""ан"",""ия, "",""он"",""а "",""дала "",""пон"",""ять "",""своим "",""пок"",""лон"",""никам, "",""что "",""вер"","""",""ется.""]",31
1141,devtest,144,"""Это не станет прощанием. Это закрытие одной главы и открытие новой.""","[""\"""",""Это "",""не "",""стан"",""ет "",""про"",""ан"",""ием. "",""Это "",""зак"",""рытие "",""одн"",""ой "",""глав"",""ы "",""и отк"",""рытие "",""нов"",""ой.\""""]",19
1142,devtest,145,По окончательным результатам президентских и парламентских выборов Намибии действующий президент Хификепунье Похамба был переизбран с большим перевесом.,"[""П"",""о "",""ок"",""он"",""чательн"",""ым "",""рез"",""льта"",""ам "",""президен"",""тск"",""их "",""и пар"",""амен"",""тск"",""их "",""выбо"",""ов"","" "",""Намибии "",""действ"",""ующ"",""ий "",""президен"",""т "",""Хифик"",""еп"",""ун"",""ье "",""По"",""амб"",""а "",""был "",""пер"",""изб"",""ран"","" "",""с "",""больш"",""им "",""пер"",""в"",""есом"","".""]",44
1143,devtest,146,Правящая партия Организация народов Юго‑Западной Африки (СВАПО) также сохранила большинство на парламентских выборах.,"[""П"",""рав"",""ящая "",""пар"",""ия "",""Орган"",""иза"",""и"",""я "",""нар"",""дов"","" "",""Юго"","""",""Зап"",""адн"",""ой "",""Африк"",""и "",""(СВАПО)"","" "",""так"",""же "",""со"",""ран"",""ила "",""больш"",""ин"",""ств"",""о "",""на "",""пар"",""амен"",""тск"",""их "",""выбо"",""ах.""]",37
1144,devtest,147,"Коалиционные и афганские войска выдвинулись в район, чтобы обезопасить объект, и другой самолет коалиции был послан для оказания поддержки.","[""К"",""оал"","""",""ион"",""ные "",""и афган"",""ск"",""ие "",""войск"",""а "",""выд"","""",""ин"",""улись "",""в "",""район"","", "",""чтобы "",""обезоп"",""асить "",""объек"",""т, "",""и друг"",""ой "",""сам"",""олет "",""коалиции "",""был "",""по"",""лан"","" "",""для "",""ок"",""азан"",""ия "",""под"",""ержк"",""и.""]",38
1145,devtest,148,"Падение произошло в высокогорье, и, как полагают, стало результатом вражеского огня.","[""П"",""ад"","""",""н"",""ие "",""произо"",""ло "",""в "",""высок"",""ого"",""ье, "",""и, "",""как"","" "",""пол"",""г"",""ают, "",""стал"","" "",""рез"",""льта"",""ом "",""враже"",""к"",""ого "",""огн"",""я.""]",27
1146,devtest,149,Попытки провести поиск места крушения наталкиваются на плохие погодные условия и сложный рельеф.,"[""П"",""оп"",""ытки "",""пров"",""ести "",""поиск"","" "",""места "",""кру"",""ен"",""ия "",""наталкиваются "",""на "",""пло"",""ие "",""пог"",""одн"",""ые "",""услов"",""ия "",""и сложн"",""ый "",""рел"",""еф.""]",24
1147,devtest,150,"Медицинская благотворительная организация Мангола, Врачи без границ и Всемирная организация здравоохранения заявили, что это сильнейшая вспышка в истории страны.","[""М"",""ед"",""и"",""ин"",""ск"",""ая "",""благ"",""о"",""во"",""ительн"",""ая "",""орган"",""иза"",""и"",""я "",""Ман"",""гола, "",""Вра"",""и "",""без "",""гран"",""иц "",""и Всем"",""ирн"",""ая "",""орган"",""иза"",""и"",""я "",""зд"",""ав"",""оо"",""ран"",""ен"",""ия "",""за"",""вили, "",""что "",""это "",""сильн"",""ейш"",""ая "",""вспышка "",""в "",""исто"",""ии "",""стр"",""н"",""ы.""]",49
1148,devtest,151,"Представитель организации ""Врачи без границ"" Ричард Вирман сказал: ""Ангола идёт к своей худшей вспышке за всё время, и ситуация в Анголе остаётся очень плохой"".","[""П"",""ред"",""став"",""ител"","" "",""орган"",""иза"",""и"",""и "",""\""Вра"",""и "",""без "",""гран"",""иц\"" "",""Рича"",""д "",""Вирман"","" "",""ск"",""азал: "",""\""Ан"",""гола "",""идёт "",""к "",""своей "",""худ"","""",""ей "",""вспышке "",""за "",""всё "",""врем"",""я, "",""и ситуаци"",""я "",""в "",""Ан"",""голе "",""оста"",""тся "",""очен"",""ь "",""пло"",""ой\"".""]",44
1149,devtest,152,"Матчи начались в 10:00 при прекрасной погоде, и если не считать моросящий утренний дождь, который быстро прошёл, это был идеальный день для регби-7.","[""М"",""а"",""ч"",""и "",""на"",""али"",""ь "",""в "",""10:00 "",""при "",""прек"",""расн"",""ой "",""пог"",""оде, "",""и если "",""не "",""считать "",""мо"",""о"",""ящий "",""утрен"",""ний "",""дожд"","", "",""кото"",""ый "",""быстро "",""про"",""ёл, "",""это "",""был "",""идеальн"",""ый "",""ден"",""ь "",""для "",""регби-"",""7.""]",39
1150,devtest,153,"Фавориты турнира из Южной Африки начали с правильной ноты, когда одержали красивую победу со счетом 26-00 над Замбией, находящейся на 5-ой позиции.","[""Фав"",""о"",""иты "",""тур"","""",""ира "",""из "",""Южн"",""ой "",""Африк"",""и "",""начали "",""с "",""прав"",""ильн"",""ой "",""ноты, "",""когда "",""одержали "",""кра"",""ивую "",""поб"",""еду "",""со "",""счетом "",""26-00 "",""над "",""Зам"",""бией, "",""наход"",""щ"",""ейся "",""на "",""5-ой "",""поз"",""ции.""]",36
1151,devtest,154,"Выглядя явно хуже в игре против своих южных сестер, ЮАР все-таки постепенно улучшила своё выступление по ходу турнира.","[""В"",""ыг"",""л"",""д"","" "",""явн"",""о "",""хуже "",""в "",""игре "",""про"",""ив "",""своих "",""южн"",""ых "",""сестер, "",""ЮАР "",""все-"",""так"",""и "",""по"",""теп"",""ен"",""но "",""улучш"",""ила "",""сво"","" "",""выс"",""уплен"",""ие "",""по "",""ход"","" "",""тур"","""",""ира.""]",37
1152,devtest,155,"Их отличали дисциплинированная защита, мастерство владения мячом и превосходная командная работа, и было ясно, что обыграть эту команду непросто.","[""И"","" "",""отли"",""али "",""дис"",""циплин"",""иров"",""ан"",""ная "",""за"",""ита, "",""мас"",""ер"",""тв"",""о "",""владен"",""ия "",""мячом "",""и прев"",""осходн"",""ая "",""ком"",""ан"",""дн"",""ая "",""рабо"",""а, "",""и было "",""ясн"",""о, "",""что "",""обыг"",""ать "",""эту "",""ком"",""ан"",""ду "",""неп"",""ро"",""то.""]",40
1153,devtest,156,"Официальные представители властей Амстердама и музея Анны Франк заявляют, что дерево заражено грибком и представляет общественную опасность, так как есть непосредственная угроза его падения.","[""О"",""ициальн"",""ые "",""пред"",""став"",""ител"","" "",""вла"",""тей "",""Амстер"",""ам"",""а "",""и музе"","" "",""Ан"",""ны "",""Фран"",""к "",""за"",""вляют, "",""что "",""дер"",""в"",""о "",""за"",""ажен"",""о "",""грибк"",""ом "",""и пред"",""став"",""ляет "",""общ"",""еств"",""ен"",""ную "",""опасн"",""ость, "",""так"","" "",""как"","" "",""есть "",""неп"",""о"",""редств"",""ен"",""ная "",""угроза "",""его "",""пад"",""н"",""ия.""]",53
1154,devtest,157,"Его планировали срубить во вторник, но постановлением чрезвычайного суда оно было сохранено.","[""Ег"",""о "",""план"",""иров"",""али "",""срубить "",""во "",""вто"",""н"",""ик, "",""но "",""по"",""тан"",""ов"",""лен"",""ием "",""чрезв"",""ычайн"",""ого "",""суд"","" "",""он"",""о "",""было "",""со"",""ран"",""ен"",""о.""]",28
1155,devtest,158,"Диаметр всех входов в пещеру, которые были названы ""Семь сестёр"", составляет не менее 100-250 метров (328-820 футов).","[""Д"",""иам"",""етр "",""все"","" "",""входов"","" "",""в "",""пещер"","", "",""кото"",""ые "",""были "",""назв"",""ан"",""ы "",""\""Сем"",""ь "",""сестёр\"", "",""со"",""тавляет "",""не "",""мен"",""ее "",""100-"",""250 "",""метров"","" "",""(328-"",""820 "",""футов"","").""]",32
1156,devtest,159,"Согласно данным инфракрасных изображений разницы ночных и дневных температур говорят, что это скорее всего пещеры.","[""Сог"",""ла"",""н"",""о "",""дан"",""ным "",""ин"",""фрак"",""расн"",""ых "",""изоб"",""ражен"",""ий "",""разн"",""ицы "",""ночн"",""ых "",""и днев"",""н"",""ых "",""тем"",""пер"",""тур "",""гово"",""ят, "",""что "",""это "",""ск"",""орее "",""всего "",""пещер"","".""]",32
1157,devtest,160,"Днём они холоднее, чем окружающая поверхность, а ночью теплее.","[""Д"",""н"",""ём "",""он"",""и "",""холод"",""н"",""ее, "",""чем"","" "",""ок"",""ружающ"",""ая "",""пов"",""ерхн"",""ость, "",""а ночью "",""теп"",""лее.""]",19
1158,devtest,161,"Их термические характеристики не такие стабильные, как у больших пещер на Земле, которые часто поддерживают почти постоянную температуру, но они соответствуют тому, что является глубокими ямами в грунте, — сообщил Глен Кушинг из отдела планетной геологии Геологической службы США и Университета Северной Аризоны, расположенного во Флагстаффе, Аризона.","[""И"","" "",""тер"",""ическ"",""ие "",""харак"",""тер"",""стик"",""и "",""не "",""так"",""ие "",""стабильн"",""ые, "",""как"","" "",""у "",""больш"",""их "",""пещер "",""на "",""Зем"",""ле, "",""кото"",""ые "",""часто "",""под"",""ерживают "",""по"",""ти "",""по"",""тоян"",""ную "",""тем"",""пер"",""туру, "",""но "",""он"",""и "",""соответств"",""уют "",""тому, "",""что "",""является "",""гл"",""б"",""ок"",""ими "",""ямам"",""и "",""в "",""гр"",""н"",""те, "",""— "",""сообщ"",""ил "",""Глен"","" "",""Кушин"",""г "",""из "",""отдела "",""план"",""етн"",""ой "",""геол"",""ог"",""ии "",""Геол"",""ог"",""ическ"",""ой "",""служб"",""ы "",""США "",""и Ун"",""ивер"",""итета "",""Сев"",""ерн"",""ой "",""Аризон"",""ы, "",""расп"",""оложен"",""ного "",""во "",""Флаг"",""ста"","""",""фе, "",""Аризон"",""а.""]",94
1159,devtest,162,"Во Франции голосование традиционно проводится низкотехнологичными методами: голосующий закрывается в кабинке и кладет заранее напечатанный лист бумаги, указывающий выбранного кандидата, в конверт.","[""В"",""о Фран"",""ции "",""голо"",""ов"",""ан"",""ие "",""традицион"",""но "",""пров"",""одится "",""низк"",""отехн"",""олог"",""ичн"",""ыми "",""мет"",""дами: "",""голо"",""ующ"",""ий "",""зак"",""рывается "",""в "",""кабин"",""ке "",""и кладет "",""за"",""ан"",""ее "",""нап"",""ечатан"",""ный "",""лист "",""бумаг"",""и, "",""ук"",""азывающ"",""ий "",""выб"",""ан"",""ного "",""кан"",""дидата, "",""в "",""кон"",""вер"","".""]",48
1160,devtest,163,"После того, как должностные лица удостоверяют личность избирателя, он опускает конверт в урну для голосования и расписывается в списке избирателей.","[""П"",""о"",""ле "",""того, "",""как"","" "",""должн"",""остн"",""ые "",""лица "",""удо"",""тов"",""ер"",""ют "",""личн"",""ость "",""изб"",""и"",""ателя, "",""он"","" "",""опуск"",""ает "",""кон"",""вер"","" "",""в "",""урн"",""у "",""для "",""голо"",""ов"",""ан"",""ия "",""и расп"",""исывается "",""в "",""списк"",""е "",""изб"",""и"",""ател"",""й.""]",43
1161,devtest,164,Законы Франции о выборах довольно строго систематизируют процедуры.,"[""З"",""ак"",""он"",""ы "",""Фран"",""ции "",""о "",""выбо"",""ах "",""дов"",""ольн"",""о "",""стр"",""г"",""о "",""систем"",""атизир"",""ют "",""про"",""едур"","".""]",21
1162,devtest,165,"Начиная с 1988 года урны для избирательных бюллетеней должны быть прозрачными, чтобы избиратели и наблюдатели могли убедиться в том, что в начале голосования внутри нет конвертов и что к ним не добавлены какие-либо другие конверты, кроме конвертов тех людей, которых допустили к участию в голосовании и голоса которых подсчитали надлежащим образом.","[""Н"",""а"",""ин"",""ая "",""с "",""1988 "",""года "",""урн"",""ы "",""для "",""изб"",""и"",""ательн"",""ых "",""бюлле"",""ен"",""ей "",""должн"",""ы "",""быть "",""проз"","""",""ачн"",""ыми, "",""чтобы "",""изб"",""и"",""ател"","" "",""и наб"",""людател"","" "",""могли "",""убедиться "",""в "",""том, "",""что "",""в "",""начале "",""голо"",""ов"",""ан"",""ия "",""вн"",""утри "",""нет "",""кон"",""вер"",""ов"","" "",""и что "",""к "",""ним "",""не "",""доб"",""авлен"",""ы "",""как"",""ие-"",""либ"",""о "",""друг"",""ие "",""кон"",""вер"",""ы, "",""кром"",""е "",""кон"",""вер"",""ов"","" "",""тех "",""людей, "",""кото"",""ых "",""доп"",""устили "",""к "",""уча"",""тию "",""в "",""голо"",""ов"",""ан"",""ии "",""и голо"",""а "",""кото"",""ых "",""под"",""читали "",""над"",""ежащ"",""им "",""образом"","".""]",97
1163,devtest,166,"Кандидаты могут отправить своих представителей, чтобы те следили за всем процессом. Вечером голоса подсчитываются волонтерами под строгим контролем в согласно специальной процедуре.","[""К"",""ан"",""дидаты"","" "",""мог"",""т "",""отправ"",""ить "",""своих "",""пред"",""став"",""ител"",""й, "",""чтоб"",""ы "",""те "",""следили "",""за "",""всем"","" "",""про"",""ессом"","". "",""Вечер"",""м "",""голо"",""а "",""под"",""читываются "",""вол"",""н"",""тер"",""ми "",""под "",""стр"",""г"",""им "",""кон"",""трол"",""ем"","" "",""в "",""согла"",""н"",""о "",""спе"",""иальн"",""ой "",""про"",""едуре.""]",50
1164,devtest,167,"Серия ASUS Eee PC, ранее представленная во всём мире с ориентацией на такие факторы, как экономия средств и функциональность, стала горячей темой во время месяца информационных технологий в Тайбэе в 2007 году.","[""Се"","""","""","" "",""ASUS "",""Eee "",""PC, "",""ран"",""ее "",""пред"",""став"",""лен"",""ная "",""во "",""всём"","" "",""мире "",""с "",""ориен"",""тацией "",""на "",""так"",""ие "",""фак"",""торы, "",""как"","" "",""эк"",""он"",""омия "",""средств"","" "",""и фун"",""кцион"",""альн"",""ость, "",""стал"","" "",""го"",""ячей "",""тем"",""ой "",""во "",""врем"",""я "",""месяца "",""ин"",""форм"",""аци"",""он"",""ных "",""техн"",""олог"",""ий "",""в "",""Тайб"",""эе "",""в "",""2007 "",""году.""]",60
1165,devtest,168,Но потребительский рынок ноутбуков изменится коренным образом после награждения компании ASUS Премией Тайваня за стабильность Исполнительным юанем Республики Китай в 2007 году.,"[""Н"",""о "",""по"",""реб"",""ител"",""ск"",""ий "",""рын"",""ок "",""ноутб"",""уков"","" "",""измен"",""ится "",""корен"",""ным "",""образом"","" "",""по"",""ле "",""наг"","""",""ажден"",""ия "",""ком"",""пан"",""ии "",""ASUS "",""Прем"",""ией "",""Тайв"",""ан"",""я "",""за "",""стабильн"",""ость "",""Исполн"",""ительн"",""ым "",""юан"",""ем"","" "",""Республик"",""и "",""Китай "",""в "",""2007 "",""году.""]",48
1166,devtest,169,"Сайт станции описывает шоу как ""традиционный радиотеатр с новым и возмутительно задротным видением!"".","[""Сай"","" "",""стан"",""ции "",""описывает "",""шо"","" "",""как"","" "",""\""традицион"",""ный "",""рад"",""о"",""еатр "",""с "",""нов"",""ым "",""и возм"",""утительн"",""о "",""зад"",""о"",""н"",""ым "",""вид"",""н"",""ием!\"".""]",27
1167,devtest,170,"В начальный период своего существования это шоу транслировалось только на сайте давно существующего онлайн-радио TogiNet Radio, посвященного радиобеседам.","[""В"","" "",""начальн"",""ый "",""пер"",""од "",""своего "",""существ"",""ов"",""ан"",""ия "",""это "",""шо"","" "",""тран"",""сли"",""ов"",""ало"",""ь "",""тольк"",""о "",""на "",""сайте "",""давн"",""о "",""существ"",""ующ"",""его "",""он"",""лайн"",""-"",""рад"",""о "",""TogiNet "",""Radio, "",""по"",""вящен"",""ного "",""рад"",""об"",""еседам.""]",41
1168,devtest,171,В конце 2015 года TogiNet создала AstroNet Radio в качестве дочерней радиостанции.,"[""В"","" "",""кон"",""це "",""2015 "",""года "",""TogiNet "",""создала "",""Ast"",""roNet "",""Radio "",""в "",""качеств"",""е "",""до"",""ер"","""",""ей "",""рад"",""о"",""тан"",""ции.""]",22
1169,devtest,172,Первоначально шоу озвучивали актёры-любители из Восточного Техаса.,"[""П"",""ер"",""он"",""ачальн"",""о "",""шо"","" "",""озв"",""учивали "",""ак"",""тёр"",""-"",""люб"",""ител"","" "",""из "",""Во"",""то"",""н"",""ого "",""Техаса.""]",21
1170,devtest,173,"Согласно сообщениям, массовое мародерство продолжалось всю ночь, поскольку на улицах Бишкека не было сотрудников органов охраны правопорядка.","[""Сог"",""ла"",""н"",""о "",""сообщ"",""ен"",""иям, "",""мас"",""ов"",""ое "",""мар"",""дер"",""тв"",""о "",""прод"",""олжало"",""ь "",""всю "",""ночь, "",""по"",""к"",""ольку "",""на "",""улицах "",""Бишк"",""ек"",""а "",""не "",""было "",""со"",""рудн"",""иков"","" "",""орган"",""ов"","" "",""охран"",""ы "",""прав"",""оп"",""о"",""ядк"",""а.""]",43
1171,devtest,174,"Бишкек был описан одним обозревателем как погружающийся в состояние анархии, поскольку группы людей бегали по улицам и грабили магазины с потребительскими товарами.","[""Б"",""и"",""к"",""ек"","" "",""был "",""описан"","" "",""одн"",""им "",""обоз"",""ев"",""ател"",""м"","" "",""как"","" "",""пог"",""ружающ"",""ийся "",""в "",""со"",""тоян"",""ие "",""ан"",""архии, "",""по"",""к"",""ольку "",""группы "",""людей "",""бегали "",""по "",""улицам"","" "",""и граб"",""или "",""магазин"",""ы "",""с "",""по"",""реб"",""ительск"",""ими "",""тов"",""арами.""]",46
1172,devtest,175,Некоторая часть жителей Бишкека обвинила митингующих с юга в беззаконии.,"[""Н"",""ек"",""ото"",""ая "",""част"","" "",""жител"",""й "",""Бишк"",""ек"",""а "",""обвин"",""ила "",""митин"",""гующ"",""их "",""с "",""юга "",""в "",""без"",""ак"",""он"",""ии.""]",23
1173,devtest,176,"Южная Африка победила ""Олл Блэкс"" (Новую Зеландию) в матче Кубка трех наций по регби-юниону на стадионе ""Роял Бафокенг"" в Рюстенбурге, Южная Африка.","[""Юж"",""н"",""ая "",""Африк"",""а "",""поб"",""едила "",""\""Олл "",""Блэк"",""с\"" "",""(Нов"",""ую "",""Зелан"",""дию) "",""в "",""матче "",""Кубка "",""тре"","" "",""наций "",""по "",""регби-"",""юн"",""ион"",""у "",""на "",""стадион"",""е "",""\""Роял "",""Бафок"",""ен"",""г\"" "",""в "",""Рюстен"",""бурге, "",""Южн"",""ая "",""Африк"",""а.""]",39
1174,devtest,177,"Окончательным счётом стала победа в одно очко, 21 к 20, что закончило победную серию All Black в 15-ти играх.","[""Ок"",""он"",""чательн"",""ым "",""счётом "",""стал"","" "",""поб"",""еда "",""в "",""одн"",""о "",""очко, "",""21 "",""к "",""20, "",""что "",""зак"",""он"",""чило "",""поб"",""едн"",""ую "",""сер"",""ю "",""All "",""Black"","" "",""в "",""15-ти "",""играх.""]",31
1175,devtest,178,"Для ""Спрингбокс"" это прервало пятиматчевую серию поражений.","[""Д"",""ля "",""\""Спри"","""",""гбок"",""с\"" "",""это "",""пре"","""",""ало "",""пятим"",""атч"",""ев"",""ую "",""сер"",""ю "",""по"",""ажен"",""ий.""]",19
1176,devtest,179,"Этот матч стал последним для ""Олл Блэкс"", уже завоевавших кубок две недели назад.","[""Э"",""о"","" "",""матч "",""стал "",""по"",""ледн"",""им "",""для "",""\""Олл "",""Блэк"",""с\"", "",""уже "",""зав"",""оев"",""авших "",""кубок"","" "",""две "",""нед"",""ли "",""назад.""]",22
1177,devtest,180,"Финальный матч сезона будет проведён в Эллис Парке в Йоханесбурге на следующей неделе, когда Springboks сыграет с Австралией.","[""Фин"",""альн"",""ый "",""матч "",""сезон"",""а "",""будет "",""пров"",""едён"","" "",""в "",""Элли"","" "",""Пар"",""е "",""в "",""Йохан"",""есб"",""урге "",""на "",""следующ"",""ей "",""нед"",""ле, "",""когда "",""Springboks "",""сыграет "",""с "",""Австралией.""]",29
1178,devtest,181,Умеренное землетрясение произошло в понедельник в западной части штата Монтана в 22:08.,"[""Умер"",""н"",""ное "",""зем"",""ле"",""р"",""сен"",""ие "",""произо"",""ло "",""в "",""пон"",""едельн"",""ик "",""в "",""зап"",""адн"",""ой "",""части "",""шта"",""а "",""Мон"",""тан"",""а "",""в "",""22:08.""]",26
1179,devtest,182,Геологическая служба США (USGS) и ее Национальная информационная служба по землетрясениям не получали никаких срочных сообщений об ущербе.,"[""Г"",""еол"","""",""г"",""ическ"",""ая "",""служб"",""а "",""США "",""(USGS) "",""и ее "",""Национ"",""альн"",""ая "",""ин"",""форм"",""аци"",""он"",""ная "",""служб"",""а "",""по "",""зем"",""ле"",""рясен"",""иям "",""не "",""пол"",""чали "",""никак"",""их "",""сро"",""н"",""ых "",""сообщ"",""ен"",""ий "",""об ущербе.""]",38
1180,devtest,183,Эпицентр землетрясения был примерно в 20 км (15 милях) северо-восточнее Диллона и около 65 км (40 миль) южнее Бьютта.,"[""Эп"",""и"",""ен"",""тр "",""зем"",""ле"",""р"",""сен"",""ия "",""был "",""при"",""ерн"",""о "",""в "",""20 "",""км "",""(15 "",""милях) "",""сев"",""еро-"",""во"",""то"",""н"",""ее "",""Диллон"",""а "",""и ок"",""оло "",""65 "",""км "",""(40 "",""миль) "",""южн"",""ее "",""Бьютта.""]",35
1181,devtest,184,"Было подтверждено, что штаммом птичьего гриппа H5N1, смертельного для людей, была заражена мёртвая дикая утка, найденная в понедельник на болоте рядом с Леоном в восточной Франции.","[""Б"",""ыло "",""под"",""вер"",""д"",""ен"",""о, "",""что "",""штаммом "",""пти"",""ьего "",""гри"",""па "",""H5N1, "",""смертельн"",""ого "",""для "",""людей, "",""была "",""за"",""ажен"",""а "",""мёртв"",""ая "",""дик"",""ая "",""утка, "",""найден"",""ная "",""в "",""пон"",""едельн"",""ик "",""на "",""боло"",""е "",""рядом "",""с "",""Леон"",""ом "",""в "",""во"",""точн"",""ой "",""Фран"",""ции.""]",46
1182,devtest,185,"Франция – это 7-я страна ЕС, пострадавшая от этого вируса, после Австрии, Германии, Словении, Болгарии, Греции и Италии.","[""Ф"","""",""н"",""ция "",""– "",""это "",""7-я стр"",""н"",""а "",""ЕС, "",""по"",""традавш"",""ая "",""от "",""этого "",""вир"",""са, "",""по"",""ле "",""Австрии, "",""Гер"",""ан"",""ии, "",""Слов"",""ен"",""ии, "",""Болгарии, "",""Гре"",""ии "",""и Италии.""]",30
1183,devtest,186,Случаи с подозрениями на H5N1 в Хорватии и Дании остаются неподтверждёнными.,"[""Сл"","""",""аи "",""с "",""под"",""зрен"",""иями "",""на "",""H5N1 "",""в "",""Хорватии "",""и Дан"",""ии "",""оста"",""тся "",""неп"",""од"",""вер"",""д"","""",""н"",""ными.""]",22
1184,devtest,187,"Чемберс подал в суд на Бога за ""распространение смерти, разрушений и запугивания миллионов и миллионов жителей Земли"".","[""Чем"",""б"",""ер"","" "",""под"",""л "",""в "",""суд "",""на "",""Бога "",""за "",""\""расп"",""ро"",""тран"",""ен"",""ие "",""смерти, "",""раз"",""ушен"",""ий "",""и зап"",""угиван"",""ия "",""миллион"",""ов"","" "",""и миллион"",""ов"","" "",""жител"",""й "",""Зем"",""ли\"".""]",33
1185,devtest,188,"Агностик Чемберс утверждает, что его иск ""несерьезный"" и ""каждый может подать в суд на кого угодно"".","[""Аг"",""н"",""остик"","" "",""Чем"",""бер"","" "",""утвержд"",""ает, "",""что "",""его "",""иск"","" "",""\""несер"",""езн"",""ый\"" "",""и \""кажд"",""й "",""може"","" "",""под"",""ть "",""в "",""суд "",""на "",""кого "",""угодн"",""о\"".""]",28
1186,devtest,189,"История, рассказанная во французской опере Камилем Сен-Сансом, повествует о художнике, ""жизнью которого управляет любовь к наркотикам и к Японии"".","[""И"","""",""о"",""ия, "",""рас"",""к"",""азан"",""ная "",""во "",""фран"",""цузск"",""ой "",""опер"","" "",""Камилем"","" "",""Сен"",""-"",""Сан"",""сом, "",""пов"",""еств"",""ует "",""о "",""художн"",""ике, "",""\""жизн"",""ью "",""кото"",""ого "",""управ"",""ляет "",""люб"",""овь "",""к "",""нар"",""отикам "",""и к "",""Япон"",""ии\"".""]",40
1187,devtest,190,"В результате актёры курят косяки с марихуаной на сцене, и сам театр поощряет публику присоединиться.","[""В"","" "",""рез"",""льта"",""е "",""ак"",""тёр"","" "",""кур"",""т "",""косяки "",""с "",""мар"",""х"",""ан"",""ой "",""на "",""сцен"",""е, "",""и сам"","" "",""театр "",""поо"",""ряет "",""публик"",""у "",""при"",""оедин"",""иться.""]",29
1188,devtest,191,"Бывший спикер палаты Ньют Гингрич, губернатор Техаса Рик Перри и конгресмен Мишель Бахман заняли четвертое, пятое и шестое места соответственно.","[""Б"",""ывш"",""ий "",""спик"",""ер "",""пал"","""",""ы "",""Ньют "",""Гин"",""гри"","", "",""губерн"",""атор "",""Техаса "",""Рик"","" "",""Пер"",""и "",""и кон"",""гресмен"","" "",""Мишель "",""Бахман"","" "",""зан"",""яли "",""четвер"",""ое, "",""пятое "",""и шестое "",""места "",""соответств"",""ен"",""но.""]",35
1189,devtest,192,"После того, как стали известны результаты, Гингрич похвалил Санторума, но грубо высказался о Ромни, от имени которого в Айове транслировалась негативная информация против Гингрича.","[""П"",""о"",""ле "",""того, "",""как"","" "",""стали "",""известн"",""ы "",""рез"",""льта"",""ы, "",""Гин"",""гри"","" "",""по"",""валил "",""Сан"",""торума, "",""но "",""грубо "",""выск"",""азался "",""о "",""Ром"",""н"",""и, "",""от "",""имен"",""и "",""кото"",""ого "",""в "",""Айов"",""е "",""тран"",""слиров"",""ала"",""ь "",""нега"",""ивн"",""ая "",""ин"",""форм"",""аци"",""я "",""про"",""ив "",""Гин"",""грича.""]",50
1190,devtest,193,"Перри заявил, что вернётся в Техас, ""чтобы оценить результаты сегодняшнего партийного собрания и определить, стоит ли мне продолжать гонку"", но позже сказал, что он её продолжит и будет участвовать в предварительных выборах в Южной Каролине 21 января.","[""П"",""ер"",""и "",""за"",""вил, "",""что "",""вер"","""",""ётся "",""в "",""Техас, "",""\""чтоб"",""ы "",""оцен"",""ить "",""рез"",""льта"",""ы "",""сегодн"",""яшн"",""его "",""пар"",""ийн"",""ого "",""соб"",""ран"",""ия "",""и опред"",""ели"",""ь, "",""стоит "",""ли "",""мне "",""прод"",""олжать "",""гон"",""ку\"", "",""но "",""поз"",""е "",""ск"",""азал, "",""что "",""он"","" "",""её "",""прод"",""олжит "",""и будет "",""уча"",""твов"",""ать "",""в "",""пред"",""в"",""арительн"",""ых "",""выбо"",""ах "",""в "",""Южн"",""ой "",""Кар"",""л"",""ин"",""е "",""21 "",""ян"",""варя.""]",69
1191,devtest,194,"Бахман, которая победила в проведенном в августе выборочном опросе в городе Амес, решила закончить проведение своей кампании.","[""Б"",""а"",""ман"","", "",""кото"",""ая "",""поб"",""едила "",""в "",""пров"",""еден"",""ном "",""в "",""авг"",""сте "",""выбо"",""очн"",""ом "",""опро"",""е "",""в "",""го"",""оде "",""Амес, "",""решила "",""зак"",""он"",""чить "",""пров"",""еден"",""ие "",""своей "",""кампан"",""ии.""]",34
1192,devtest,195,"Фотограф был доставлен в медицинский центр имени Рональда Рейгана при  Калифорнийском университете в Лос-Анджелесе, где он впоследствии скончался.","[""Фо"",""о"","""",""ра"","" "",""был "",""до"",""тавлен"","" "",""в "",""мед"",""цин"",""ск"",""ий "",""цен"",""тр "",""имен"",""и "",""Рон"",""альда "",""Рейган"",""а "",""при "","" Кали"",""орн"",""ийск"",""ом "",""ун"",""ивер"",""итете "",""в "",""Ло"",""-"",""Ан"",""джеле"",""е, "",""где "",""он"","" "",""впо"",""ледств"",""ии "",""ск"",""он"",""чался.""]",45
1193,devtest,196,"По сообщениям ему было от 20-ти до 30-ти лет. В заявление Бибер сказал: ""Хотя я и не присутствовал при трагическом инциденте и не был вовлечён в него напрямую, мои мысли и молитвы с семьёй жертвы"".","[""П"",""о "",""сообщ"",""ен"",""иям "",""ему "",""было "",""от "",""20-"",""ти "",""до "",""30-"",""ти лет. "",""В "",""за"",""влен"",""ие "",""Бибер "",""ск"",""азал: "",""\""Хо"",""я "",""я и не "",""при"",""утств"",""ов"",""ал "",""при "",""траг"",""ическ"",""ом "",""ин"",""циден"",""те "",""и не "",""был "",""вов"",""лечён"","" "",""в "",""него "",""нап"",""рям"",""ую, "",""мои "",""мысли "",""и молитвы "",""с "",""сем"",""ьёй "",""жер"",""вы\"".""]",52
1194,devtest,197,"Развлекательно-новостной сайт TMZ полагает, что фотограф остановил свой автомобиль на противоположной стороне бульвара Сепульведа и попытался сделать снимки остановки полицейскими, перед тем как перейти дорогу и продолжить. Полицейский Калифорнийского дорожного патруля, остановивший движение, дважды был вынужден приказать ему перейти обратно.","[""Р"","""",""зв"",""лек"",""ател"",""н"",""о-"",""нов"",""остн"",""ой "",""сайт "",""TMZ "",""пол"",""гает, "",""что "",""фото"","""",""раф "",""остан"",""ов"",""ил "",""свой "",""авто"","""",""об"",""иль "",""на "",""про"",""ивоп"",""ол"",""жн"",""ой "",""сто"",""он"",""е "",""бульвара "",""Сеп"",""ульведа "",""и поп"",""ытался "",""сделать "",""сн"",""имки "",""остан"",""ов"",""ки "",""пол"",""цейск"",""ими, "",""пер"",""д "",""тем"","" "",""как"","" "",""пер"",""йти "",""до"",""ог"",""у "",""и прод"",""олжить. "",""Пол"",""цейск"",""ий "",""Кал"","""",""орн"",""ийск"",""ого "",""до"",""ожн"",""ого "",""патр"",""ля, "",""остан"",""ов"",""ив"","""",""ий "",""движен"",""ие, "",""дважд"","" "",""был "",""вын"",""ужден"","" "",""при"","""",""азать "",""ему "",""пер"",""йти "",""обра"",""н"",""о.""]",97
1195,devtest,198,"По сообщениям полиции, водителю автомобиля, сбившего фотографа, скорее всего, не будет предъявлено уголовное обвинение.","[""П"",""о "",""сообщ"",""ен"",""иям "",""пол"",""ции, "",""водител"","" "",""авто"","""",""об"",""иля, "",""сбившего "",""фото"","""",""рафа, "",""ск"",""орее "",""всего, "",""не "",""будет "",""пред"",""ъявлен"",""о "",""уголов"",""н"",""ое "",""обвин"",""ен"",""ие.""]",31
1196,devtest,199,"Учитывая то, что в день можно было выиграть только восемнадцать медалей, ряду стран не удалось оказаться на пьедестале почёта.","[""У"",""и"",""ыва"","" "",""то, "",""что "",""в "",""ден"",""ь "",""можн"",""о "",""было "",""выиграть "",""тольк"",""о "",""во"",""ем"",""надцать "",""мед"",""лей, "",""ряд"","" "",""стр"",""н"","" "",""не "",""удало"",""ь "",""ок"",""азаться "",""на "",""пьед"",""естале "",""по"",""ёта.""]",35
1197,devtest,200,"Они включают Нидерланды с Анной Йохемсен, которая вчера финишировала девятой в женском заезде стоя в супергигантском слаломе, а также Финляндию с Катей Сааринен, финишировавшей в том же состязании десятой.","[""Он"",""и "",""включа"",""т "",""Нид"",""рлан"",""ды "",""с "",""Ан"",""ной "",""Йохем"",""сен"","", "",""кото"",""ая "",""вчера "",""фин"",""иширов"",""ала "",""дев"",""ятой "",""в "",""жен"",""ском "",""заезде "",""сто"","" "",""в "",""супер"",""иган"",""тск"",""ом "",""слалом"",""е, "",""а так"",""же "",""Фин"",""лян"",""дию "",""с "",""Катей "",""Саа"",""ин"",""ен"","", "",""фин"",""иширов"",""авшей "",""в "",""том "",""же "",""со"",""тязан"",""ии "",""дес"",""ятой.""]",56
1198,devtest,201,"Австралиец Митчелл Гурли пришел к финишу одиннадцатым в соревнованиях по супергиганту для мужчин в классе ""стоя"". Чех Олдрич Елинек пришел к финишу шестнадцатым в соревнованиях по супергиганту для мужчин в классе ""сидя"".","[""Ав"",""ст"",""алие"","" "",""Мит"",""ел"","" "",""Гурли "",""при"",""ел "",""к "",""фин"",""ишу "",""один"",""надцатым "",""в "",""со"",""ев"",""н"",""ов"",""ан"",""иях "",""по "",""супер"",""иган"",""ту "",""для "",""мужчин"","" "",""в "",""классе "",""\""сто"",""\"". "",""Чех "",""Олд"",""ич "",""Елин"",""ек"","" "",""при"",""ел "",""к "",""фин"",""ишу "",""шестн"",""адцатым "",""в "",""со"",""ев"",""н"",""ов"",""ан"",""иях "",""по "",""супер"",""иган"",""ту "",""для "",""мужчин"","" "",""в "",""классе "",""\""сидя\"".""]",63
1199,devtest,202,Арли Веласкес из Мексики финишировал пятнадцатым среди мужчин в супергиганте в положении сидя. Новозеландец Адам Холл финишировал девятым среди мужчин в супергиганте в положении стоя.,"[""А"",""ли "",""Вела"",""к"",""ес "",""из "",""Мек"",""сик"",""и "",""фин"",""иширов"",""ал "",""пятн"",""адцатым "",""среди "",""мужчин"","" "",""в "",""супер"",""иган"",""те "",""в "",""пол"",""жен"",""ии "",""сидя. "",""Нов"",""озелан"",""дец "",""Адам "",""Холл "",""фин"",""иширов"",""ал "",""дев"",""ятым "",""среди "",""мужчин"","" "",""в "",""супер"",""иган"",""те "",""в "",""пол"",""жен"",""ии "",""сто"","".""]",49
1200,devtest,203,Польский лыжник с нарушением зрения Мацей Крезель и спортсмен-ведущий Анна Огаржинска финишировали тринадцатыми в супергиганте. Южнокорейский лыжник Пак Чон Сок финишировал двадцать четвёртым в супергиганте среди мужчин в положении сидя.,"[""П"",""ол"",""ск"",""ий "",""лыжн"",""ик "",""с "",""нар"",""шен"",""ием "",""зрен"",""ия "",""Мацей "",""Крезель "",""и спо"",""тсмен"",""-"",""вед"",""щ"",""ий "",""Ан"",""на "",""Ога"",""жин"",""ск"",""а "",""фин"",""иширов"",""али "",""три"","""",""адцатыми "",""в "",""супер"",""иган"",""те. "",""Южн"",""ок"",""орейск"",""ий "",""лыжн"",""ик "",""Пак"","" "",""Чон"","" "",""Сок"","" "",""фин"",""иширов"",""ал "",""двадцать "",""четвёртым "",""в "",""супер"",""иган"",""те "",""среди "",""мужчин"","" "",""в "",""пол"",""жен"",""ии "",""сидя.""]",65
1201,devtest,204,"Миротворцы ООН, прибывшие на Гаити после землетрясения в 2010 году, обвиняются в распространении заболевания, которое началось поблизости от их военного лагеря.","[""М"",""и"",""о"",""во"",""цы "",""ООН"","", "",""при"",""ывш"",""ие "",""на "",""Гаи"",""и "",""по"",""ле "",""зем"",""ле"",""р"",""сен"",""ия "",""в "",""2010 "",""году, "",""обвин"",""яются "",""в "",""расп"",""ро"",""тран"",""ен"",""ии "",""заб"",""олев"",""ан"",""ия, "",""кото"",""ое "",""начало"",""ь "",""поб"",""лизо"",""ти "",""от "",""их "",""воен"",""ного "",""лаг"",""ер"","".""]",49
1202,devtest,205,"Как говорится в иске, отходы из лагеря ООН не прошли надлежащую санитарную обработку, в результате чего бактерии попали в приток реки Артибонит, одной из крупнейших в Гаити.","[""К"",""ак"","" "",""гово"",""ится "",""в "",""иск"",""е, "",""отход"","" "",""из "",""лаг"",""ер"","" "",""ООН"","" "",""не "",""про"",""ли "",""над"",""ежащ"",""ую "",""сан"",""итарн"",""ую "",""обрабо"",""ку, "",""в "",""рез"",""льта"",""е "",""чего "",""бак"",""тер"",""и "",""поп"",""али "",""в "",""при"",""ок"","" "",""рек"",""и "",""Артибон"",""ит, "",""одн"",""ой "",""из "",""крупн"",""ейш"",""их "",""в "",""Гаи"",""и.""]",54
1203,devtest,206,"До прибытия войск государство Гаити не сталкивалось с проблемами, касающимися данного заболевания, с начала 19 века.","[""Д"",""о "",""при"",""ыти"","" "",""войск"","" "",""го"",""ударств"",""о "",""Гаи"",""и "",""не "",""стал"",""ивало"",""ь "",""с "",""проб"",""лем"",""ами, "",""каса"",""щ"",""имися "",""дан"",""ного "",""заб"",""олев"",""ан"",""ия, "",""с "",""начала "",""19 "",""век"",""а.""]",34
1204,devtest,207,"Гаитянский Институт Справедливости и Демократии сослался на независимое исследование, которое предполагает, что непальский миротворческий батальон ООН непреднамеренно завёз заболевание в Гаити.","[""Г"",""аи"",""ян"",""ск"",""ий "",""Ин"",""ститут "",""Справ"",""едлив"",""о"",""ти "",""и Дем"",""ок"",""ратии "",""со"",""лался "",""на "",""нез"",""в"",""исим"",""ое "",""исследов"",""ан"",""ие, "",""кото"",""ое "",""пред"",""пол"",""г"",""ает, "",""что "",""неп"",""ал"",""ск"",""ий "",""миро"",""во"",""ч"",""еск"",""ий "",""батальон"","" "",""ООН"","" "",""неп"",""ред"",""н"",""амерен"",""но "",""зав"",""ёз "",""заб"",""олев"",""ан"",""ие "",""в "",""Гаи"",""и.""]",58
1205,devtest,208,"Даниэль Лантань, эксперт ООН по вопросам данной болезни, заявила, что вспышка, вероятно, была вызвана миротворцами.","[""Д"",""ан"",""иэль "",""Лан"",""тан"",""ь, "",""эк"",""спер"","" "",""ООН"","" "",""по "",""вопро"",""ам"","" "",""дан"",""ной "",""болезн"",""и, "",""за"",""вила, "",""что "",""вспышка, "",""вер"","""",""тн"",""о, "",""была "",""вызв"",""ан"",""а "",""миро"",""ворцами.""]",33
1206,devtest,209,"Гамильтон подтвердил, что пациент поступил в больницу Говардского университета в стабильном состоянии.","[""Г"",""ам"",""ил"","""",""он"","" "",""под"",""вер"",""ил, "",""что "",""пациен"",""т "",""по"",""тупил "",""в "",""больн"",""ицу "",""Говард"",""к"",""ого "",""ун"",""ивер"",""итета "",""в "",""стабильн"",""ом "",""со"",""тоян"",""ии.""]",29
1207,devtest,210,"Больной посещал Нигерию, где обнаружен ряд случаев инфицирования вирусом Эбола.","[""Б"",""ольн"",""ой "",""по"",""ещал "",""Нигер"",""ю, "",""где "",""обн"",""аружен"","" "",""ряд "",""случаев"","" "",""ин"",""фициров"",""ан"",""ия "",""вир"",""сом"","" "",""Эбола.""]",22
1208,devtest,211,"В больнице был соблюден протокол инфекционного контроля, включая отдельное содержание пациента, чтобы предотвратить возможное заражение других пациентов.","[""В"","" "",""больн"",""ице "",""был "",""соб"",""люден"","" "",""про"",""ок"",""ол "",""ин"",""фекцион"",""ного "",""кон"",""трол"",""я, "",""включая "",""отдельн"",""ое "",""содержан"",""ие "",""пациен"",""та, "",""чтоб"",""ы "",""пред"",""о"",""вратить "",""возм"",""ожн"",""ое "",""за"",""ажен"",""ие "",""друг"",""их "",""пациен"",""тов"","".""]",40
1209,devtest,212,"До ""Симпсонов"" Саймон работал на различных должностях над несколькими передачами.","[""Д"",""о "",""\""Сим"",""псон"",""ов"",""\"" "",""Сайм"",""он"","" "",""рабо"",""ал "",""на "",""различн"",""ых "",""должн"",""остях "",""над "",""неск"",""олькими "",""пер"",""дачами.""]",21
1210,devtest,213,"В 1980-х годах он работал в таких передачах, как ""Такси"", ""Веселая компания"" и ""Шоу Трейси Ульман"".","[""В"","" "",""1980-"",""х "",""года"","" "",""он"","" рабо"",""ал "",""в "",""так"",""их "",""пер"",""дачах, "",""как"","" "",""\""Так"",""си\"", "",""\""Вес"",""елая "",""ком"",""пан"",""ия\"" "",""и \""Шоу "",""Трейси "",""Ульман"",""\"".""]",27
1211,devtest,214,"В 1989 году вместе с Бруксом и Гронингом он помогал создать ""Симпсонов"" и был ответственным за набор первой команды сценаристов этого сериала.","[""В"","" "",""1989 "",""году "",""вместе "",""с "",""Бруксом"","" "",""и Грон"",""ин"",""гом"","" "",""он"","" "",""пом"",""огал "",""создать "",""\""Сим"",""псон"",""ов"",""\"" "",""и был "",""ответств"",""ен"",""ным "",""за "",""наб"",""ор "",""пер"",""ой "",""ком"",""ан"",""ды "",""сцен"",""аристов"","" "",""этого "",""сер"",""ала.""]",39
1212,devtest,215,"Несмотря на уход из шоу в 1993 году, он остался исполнительным продюсером и каждый сезон по-прежнему получал гонорары в размере десятков миллионов долларов.","[""Н"",""есмо"",""р"","" "",""на "",""уход "",""из "",""шо"","" "",""в "",""1993 "",""году, "",""он"","" "",""остался "",""исполн"",""ительн"",""ым "",""прод"",""юсер"",""м "",""и кажд"",""й "",""сезон"","" "",""по-преж"","""",""ему "",""пол"",""чал "",""гон"",""орар"","" "",""в "",""разм"",""ере "",""дес"",""ятков"","" "",""миллион"",""ов"","" "",""долларов"","".""]",44
1213,devtest,216,"Ранее китайское новостное агентство ""Синьхуа"" сообщило, что самолет был угнан.","[""Р"","""",""н"",""ее "",""китай"",""к"",""ое "",""нов"",""остн"",""ое "",""аген"",""тств"",""о "",""\""Син"",""ьх"",""а\"" "",""сообщ"",""ило, "",""что "",""сам"",""олет "",""был "",""угн"",""ан"","".""]",25
1214,devtest,217,"Позже сообщалось, что на самолет поступила угроза взрыва бомбы и он был развернут обратно в Афганистан, приземлившись в Кандагаре.","[""П"",""оз"","""","""",""е "",""сообщ"",""ало"",""ь, "",""что "",""на "",""сам"",""оле"","" "",""по"",""тупила "",""уг"",""оза "",""вз"","""",""ва "",""бом"",""бы "",""и он"","" "",""был "",""разв"",""ерн"",""ут "",""обратн"",""о "",""в "",""Афган"",""истан"","", "",""при"",""ем"",""лив"",""ш"",""ись "",""в "",""Кан"",""дага"",""е.""]",43
1215,devtest,218,"В ранних сообщениях говорится, что самолёт возвратился в Афганистан после того, как ему было отказано в экстренной посадке в Урумчи.","[""В"","" "",""ран"",""них "",""сообщ"",""ен"",""иях "",""гово"",""ится, "",""что "",""сам"",""олёт "",""возв"",""ратился "",""в "",""Афган"",""истан"","" "",""по"",""ле "",""того, "",""как"","" "",""ему "",""было "",""отк"",""азан"",""о "",""в "",""эк"",""стрен"",""ной "",""по"",""адке "",""в "",""Урумч"",""и.""]",37
1216,devtest,219,"Авиакатастрофы — обычное явление для Ирана, где используется стареющий авиапарк, который плохо обслуживается как для гражданских, так и для военных операций.","[""Ав"",""иак"",""атастро"",""ы "",""— "",""обычн"",""ое "",""явлен"",""ие "",""для "",""Иран"",""а, "",""где "",""использ"",""ется "",""ста"",""еющ"",""ий "",""авиап"",""арк, "",""кото"",""ый "",""пло"",""о "",""обслуживается "",""как"","" "",""для "",""гражд"",""ан"",""ск"",""их, "",""так"","" "",""и для "",""воен"",""ных "",""опер"",""ци"",""й.""]",40
1217,devtest,220,Международные санкции привели к невозможности покупки новых воздушных судов.,"[""М"",""ежд"",""н"",""ародн"",""ые "",""сан"",""кции "",""при"",""ели "",""к "",""нев"",""озм"",""ожн"",""ости "",""пок"",""упки "",""нов"",""ых "",""возд"",""шн"",""ых "",""суд"",""в"","".""]",24
1218,devtest,221,Ранее на этой неделе в результате крушения полицейского самолёта погибло три человека и было ранено еще три.,"[""Р"","""",""н"",""ее "",""на "",""этой "",""нед"",""ле "",""в "",""рез"",""льта"",""е "",""кру"",""ен"",""ия "",""пол"",""цейск"",""ого "",""сам"",""олёта "",""пог"",""ибло "",""три "",""челов"",""ека "",""и было "",""ран"",""ен"",""о "",""еще "",""три.""]",31
1219,devtest,222,"В прошлом году в Иране произошла худшая за годы авиакатастрофа, когда разбился следовавший в Армению авиалайнер, в результате чего погибли 168 человек, находившиеся на борту.","[""В"","" "",""про"",""лом "",""году "",""в "",""Иран"",""е "",""произо"",""ла "",""худ"","""",""ая "",""за "",""годы "",""авиак"",""атастро"",""а, "",""когда "",""разб"",""ился "",""следов"",""авший "",""в "",""Армен"",""ию "",""авиалайн"",""ер, "",""в "",""рез"",""льта"",""е "",""чего "",""пог"",""ибли "",""168 "",""челов"",""ек, "",""находив"",""иеся "",""на "",""бо"",""ту.""]",43
1220,devtest,223,"В том же месяце другой авиалайнер выкатился за пределы взлетной полосы в Мешхеде и врезался в стену, погибли семнадцать человек.","[""В"","" "",""том "",""же "",""месяце "",""друг"",""ой "",""авиалайн"",""ер "",""вык"",""атился "",""за "",""пред"",""елы "",""взлетн"",""ой "",""пол"",""сы "",""в "",""Мешхеде "",""и врезался "",""в "",""стен"",""у, "",""пог"",""ибли "",""сем"",""надцать "",""челов"",""ек.""]",30
1221,devtest,224,Группа Aerosmith отменила оставшиеся концерты в своем турне.,"[""Г"",""р"",""пп"",""а "",""Aerosmith "",""отм"",""ен"",""ила "",""оставш"",""иеся "",""кон"",""цер"",""ы "",""в "",""своем"","" "",""тур"","""",""е.""]",19
1222,devtest,225,Рок-группа должна была гастролировать по США и Канаде до 16 сентября.,"[""Р"","""",""к"",""-"",""гр"",""ппа "",""должн"",""а "",""была "",""гаст"",""ол"",""и"",""ов"",""ать "",""по "",""США "",""и Кан"",""аде "",""до "",""16 "",""сен"",""тября.""]",22
1223,devtest,226,"Они отменили тур после того, как солист Стив Тайлер получил травму при падении со сцены во время концерта 5 августа.","[""Он"",""и "",""отм"",""ен"",""или "",""тур "",""по"",""ле "",""того, "",""как"","" "",""сол"",""ст "",""Сти"","" "",""Тайле"","" "",""пол"",""чил "",""трав"",""му "",""при "",""пад"",""н"",""ии "",""со "",""сцен"",""ы "",""во "",""врем"",""я "",""кон"",""цер"",""а "",""5 авг"",""ста.""]",36
1224,devtest,227,"Муррэй  проиграл первый сет в тай-брейке после того, как оба мужчины отбивали абсолютно все подачи в сете.","[""М"",""ур"","""",""й "","" "",""проиграл "",""пер"",""ый "",""сет "",""в "",""тай-"",""брейк"",""е "",""по"",""ле "",""того, "",""как"","" "",""оба "",""мужчин"",""ы "",""отбивали "",""абсолютн"",""о "",""все "",""под"",""чи "",""в "",""сете.""]",29
1225,devtest,228,"Дель Потро имел раннее преимущество во втором сете, но это также потребовало тай-брейка после достижения 6-6.","[""Д"",""ел"","" "",""По"",""ро "",""имел "",""ран"",""нее "",""преимуществ"",""о "",""во "",""вто"",""ом "",""сете, "",""но "",""это "",""так"",""же "",""по"",""реб"",""ов"",""ало "",""тай-"",""брейк"",""а "",""по"",""ле "",""до"",""тижен"",""ия "",""6-6.""]",31
1226,devtest,229,На данный момент Потро была оказана медицинская помощь для его плеча и он сумел вернуться к игре.,"[""Н"",""а "",""дан"",""ный "",""момен"",""т "",""По"",""ро "",""была "",""ок"",""азан"",""а "",""медицин"",""ск"",""ая "",""пом"",""ощь "",""для "",""его "",""пле"",""а "",""и он"","" "",""сум"",""ел "",""вер"","""",""уться "",""к "",""игре.""]",30
1227,devtest,230,Программа началась в 8:30 вечера по местному времени (или 15:00 UTC).,"[""П"",""рог"",""рамм"",""а "",""начала"",""ь "",""в "",""8:30 "",""вечер"","" "",""по "",""местн"",""ому "",""врем"",""ен"",""и "",""(или "",""15:00 "",""UTC).""]",19
1228,devtest,231,Известные певцы со всей страны исполнили бхаджаны или песни преданности  у ног Шри Шиам.,"[""Изв"",""естн"",""ые "",""певцы "",""со "",""всей "",""стр"",""н"",""ы "",""исполн"",""или "",""бхаджан"",""ы "",""или "",""песн"",""и "",""пред"",""ан"",""ности "","" "",""у "",""ног "",""Шри "",""Шиам.""]",24
1229,devtest,232,"Вечер начал певец Санджу Шарма, за ним выступил Джай Шанкар Чаудхари. esented the chhappan bhog bhajan также. Ему аккомпанировал певец Раджу Кханделвал.","[""В"",""ечер "",""начал "",""певец "",""Сан"",""джу "",""Шарма, "",""за "",""ним "",""выс"",""упил "",""Джай "",""Шан"",""кар "",""Чауд"",""ари. "",""es en te d "",""the "",""chhappan"","" "",""bhog "",""bhajan "",""так"",""же. "",""Ему "",""ак"",""компан"",""иров"",""ал "",""певец "",""Рад"",""у "",""Кхан"",""делвал.""]",34
1230,devtest,233,Затем Лакха Сингх взял на себя лидерство в пении бхаджанов.,"[""З"",""а"",""ем"","" "",""Лак"",""ха "",""Син"",""гх "",""взял "",""на "",""себя "",""лидер"",""тв"",""о "",""в "",""пен"",""ии "",""бхаджан"",""ов"","".""]",20
1231,devtest,234,"Баба Шьям были поданы 108 тарелок чаппан-бхог (в индуизме — 56 различных яств, включая сладости, фрукты, орехи и другие блюда, преподносимые божеству).","[""Б"",""аб"",""а "",""Шьям "",""были "",""под"",""н"",""ы "",""108 "",""тарелок"","" "",""чаппан"",""-"",""бхог"","" "",""(в "",""ин"",""дуизме "",""— "",""56 "",""различн"",""ых "",""яств"","", "",""включая "",""сладо"",""ти, "",""фр"",""к"",""ты, "",""орехи "",""и друг"",""ие "",""блюда, "",""преп"",""одн"",""осим"",""ые "",""боже"",""тв"",""у).""]",41
1232,devtest,235,Лаккха Сингх исполнил чхаппан бхог бхаджан.  Певец Раджу Кханделвал пел вместе с ним.,"[""Л"",""ак"",""кха "",""Син"",""гх "",""исполн"",""ил "",""чхап"",""п"",""ан"","" "",""бхог"","" "",""бхаджан"","". "","" "",""Певец "",""Рад"",""у "",""Кхан"",""делв"",""ал "",""пел "",""вместе "",""с "",""ним.""]",26
1233,devtest,236,"Президент Nintendo Сатору Ивата (Satoru Iwata) представил дизайн новой игровой приставки Nintendo Revolution на главной презентации ""Токийской выставки игр"" в четверг.","[""П"",""рез"",""иден"",""т "",""Nin te ndo "",""Сато"",""у "",""Ивата "",""(Sato ru  "",""Iwata) "",""пред"",""став"",""ил "",""дизайн"","" "",""нов"",""ой "",""игров"",""ой "",""при"",""тавки "",""Nin te ndo "",""Revolution "",""на "",""глав"",""н"",""ой "",""презен"",""тации "",""\""Ток"",""ийск"",""ой "",""выс"",""авки "",""игр\"" "",""в "",""четвер"","".""]",38
1234,devtest,237,"В контроллере, который выглядит как телевизионный пульт, используются два датчика, находящиеся рядом с телевизором пользователя, с помощью которых вычисляется его положение в трёхмерном пространстве.","[""В"","" "",""кон"",""трол"",""лере, "",""кото"",""ый "",""выг"",""лядит "",""как"","" "",""тел"",""в"",""изион"",""ный "",""пул"",""т, "",""использ"",""ются "",""два "",""датч"",""ика, "",""наход"",""щ"",""иеся "",""рядом"","" "",""с "",""тел"",""в"",""изо"",""ом "",""пол"",""зов"",""ател"","", "",""с "",""пом"",""ощью "",""кото"",""ых "",""вычи"",""ляется "",""его "",""пол"",""жен"",""ие "",""в "",""тр"","""",""мерн"",""ом "",""про"",""тран"",""ств"",""е.""]",56
1235,devtest,238,Посредством движения устройства в воздухе игроки смогут управлять действиями и движениями в видеоиграх.,"[""П"",""о"",""редств"",""ом "",""движен"",""ия "",""устройств"",""а "",""в "",""возд"",""хе "",""игрок"",""и "",""смогут "",""управ"",""лять "",""действ"",""иями "",""и движен"",""иями "",""в "",""вид"",""оиг"",""ах.""]",24
1236,devtest,239,Джанкарло Физикелла потерял контроль над управлением своим автомобилем и завершил гонку вскоре после старта.,"[""Д"",""жан"",""карло "",""Физик"",""елла "",""по"",""ер"",""л "",""кон"",""трол"",""ь "",""над "",""управ"",""лен"",""ием "",""своим "",""авто"","""",""об"",""илем"","" "",""и зав"",""ершил "",""гон"",""ку "",""вск"",""оре "",""по"",""ле "",""ста"",""та.""]",31
1237,devtest,240,"Его товарищ по команде Фернандо Алонсо был лидером большую часть состязания, но закончил его сразу же после пит-стопа, наверное, по причине плохо затянутого правого переднего колеса.","[""Ег"",""о "",""тов"",""арищ "",""по "",""ком"",""ан"",""де "",""Фер"","""",""ан"",""до "",""Алон"",""со "",""был "",""лидером "",""больш"",""ую "",""часть "",""со"",""тязан"",""ия, "",""но "",""зак"",""он"",""чил "",""его "",""сразу "",""же "",""по"",""ле "",""пит-"",""стоп"",""а, "",""нав"",""ерн"",""ое, "",""по "",""при"",""ин"",""е "",""пло"",""о "",""за"",""ян"",""утог"",""о "",""прав"",""ого "",""пер"",""дн"",""его "",""кол"",""са.""]",54
1238,devtest,241,"Михаэль Шумахер завершил гонку вскоре после Алонсо в следствие повреждения подвески, полученного во время многочисленных попыток обгона в ходе гонки.","[""М"",""и"",""а"",""ль "",""Шума"",""ер "",""зав"",""ер"",""ил "",""гон"",""ку "",""вск"",""оре "",""по"",""ле "",""Алон"",""со "",""в "",""следств"",""ие "",""пов"",""режден"",""ия "",""под"",""еск"",""и, "",""пол"",""чен"",""ного "",""во "",""врем"",""я "",""много"",""ислен"",""ных "",""поп"",""ыток"","" "",""обгон"",""а "",""в "",""ходе "",""гон"",""ки.""]",44
1239,devtest,242,"""Она очень симпатичная и весьма хорошо поёт"", — сказал он, ссылаясь на стенограмму пресс-конференции.","[""\"""",""Он"",""а "",""очен"",""ь "",""сим"",""патичн"",""ая "",""и вес"",""ьм"",""а "",""хорош"",""о "",""по"",""т\"", "",""— "",""ск"",""азал "",""он"","", "",""ссылаясь "",""на "",""стен"",""ограмму "",""пре"",""с-"",""кон"",""фер"",""н"",""ции.""]",30
1240,devtest,243,"""Я был совершенно искренне тронут каждый раз, когда мы это репетировали.""","[""\"""",""Я был "",""сов"",""ершен"",""но "",""иск"",""рен"",""не "",""трон"",""ут "",""кажд"",""й "",""раз, "",""когда "",""мы это "",""реп"",""етиров"",""али.\""""]",18
1241,devtest,244,"Примерно через 3 минуты после запуска бортовая камера показала, как от топливного бака отлетели многочисленные куски изоляционной пены.","[""П"",""ри"",""ерн"",""о "",""чер"",""з "",""3 мин"",""уты "",""по"",""ле "",""зап"",""уск"",""а "",""бо"",""тов"",""ая "",""камера "",""пок"",""азала, "",""как"","" "",""от "",""топ"",""лив"",""н"",""ого "",""бак"",""а "",""отлетели "",""мн"",""ого"",""ислен"",""ные "",""куск"",""и "",""изол"",""яцион"",""ной "",""пен"",""ы.""]",40
1242,devtest,245,"Однако предполагается, что они не нанесли никаких повреждений шаттлу.","[""Од"",""н"",""ако "",""пред"",""пол"",""г"",""ается, "",""что "",""он"",""и "",""не "",""нан"",""если "",""никак"",""их "",""пов"",""режден"",""ий "",""шаттл"",""у.""]",20
1243,devtest,246,"Глава программы шаттлов НАСА Н. Вэйн Хейл младший сказал, что пена отвалилась ""после промежутка времени, который вызывает нашу озабоченность.""","[""Г"",""лав"",""а "",""прог"",""раммы "",""шаттл"",""ов"","" "",""НАСА "",""Н. "",""Вэйн"","" "",""Хейл "",""млад"","""",""ий "",""ск"",""азал, "",""что "",""пен"",""а "",""отвалила"",""ь "",""\""по"",""ле "",""пром"",""ежутка "",""врем"",""ен"",""и, "",""кото"",""ый "",""выз"",""вает "",""наш"",""у "",""озаб"",""очен"",""ность.\""""]",39
1244,devtest,247,"За пять минут до начала салюта ветер начал усиливаться, минутой позже ветер достиг скорости 70 километров в час... Затем начался дождь, такой сильный и крупный, будто на тебя падают иголки, потом с неба посыпался град, люди в панике кричали и сталкивались друг с другом.","[""З"",""а "",""пять "",""мин"",""ут "",""до "",""начала "",""сал"",""та "",""ветер "",""начал "",""усилив"",""аться, "",""мин"",""утой "",""поз"",""е "",""ветер "",""до"",""тиг "",""ск"",""орости "",""70 "",""килом"",""етров"","" "",""в "",""час... "",""За"",""ем"","" "",""начался "",""дожд"","", "",""так"",""ой "",""сильн"",""ый "",""и крупн"",""ый, "",""буд"",""о "",""на "",""тебя "",""пад"",""ют "",""иголки, "",""по"",""ом "",""с "",""неба "",""по"",""ыпался "",""град, "",""люди "",""в "",""пан"",""ике "",""кричали "",""и сталкивали"",""ь "",""друг"","" "",""с "",""друг"",""ом.""]",66
1245,devtest,248,"Я потерял сестру и ее друга, и на моем пути было двое инвалидов в инвалидных колясках, люди просто прыгали через них и толкали"", — рассказывал Арман Версаче.","[""Я "",""по"",""ер"",""л "",""сестр"","" "",""и ее "",""друг"",""а, "",""и на "",""моем"","" "",""пути "",""было "",""двое "",""ин"",""валидов"","" "",""в "",""ин"",""валидн"",""ых "",""коляск"",""ах, "",""люди "",""про"",""то "",""прыг"",""али "",""чер"",""з "",""них "",""и толкали\"", "",""— "",""рас"",""к"",""азывал "",""Арман"","" "",""Вер"",""аче.""]",41
1246,devtest,249,"NHK также сообщила, что АЭС Касивазаки Карива, расположенная в префектуре Ниигата, работала в стандартном режиме.","[""N"",""H"",""K "",""так"",""же "",""сообщ"",""ила, "",""что "",""АЭС "",""Касивазак"",""и "",""Кар"",""ва, "",""расп"",""оложен"",""ная "",""в "",""пре"",""ек"",""туре "",""Ниигата, "",""рабо"",""ала "",""в "",""стан"",""дартн"",""ом "",""режиме.""]",28
1247,devtest,250,"Hokuriku Electric Power Co. сообщила об отсутствии каких-либо последствий землетрясения, а также о том, что реакторы № 1 и № 2 на её атомной электростанции ""Сика"" были остановлены.","[""H"",""ok"",""uriku "",""Elect"",""ric "",""Power "",""Co. "",""сообщ"",""ила "",""об отсутств"",""ии "",""как"",""их-"",""либ"",""о "",""по"",""ледств"",""ий "",""зем"",""ле"",""р"",""сен"",""ия, "",""а так"",""же "",""о "",""том, "",""что "",""реак"",""торы "",""№ "",""1 "",""и № "",""2 на "",""её "",""атом"",""н"",""ой "",""элек"",""тро"",""тан"",""ции "",""\""Сик"",""а\"" "",""были "",""остан"",""ов"",""лен"",""ы.""]",49
1248,devtest,251,"Сообщается, что около 9400 домов в регионе остались без воды и около 100 без электричества.","[""Сооб"",""щ"",""ается, "",""что "",""ок"",""оло "",""9400 "",""дом"",""ов"","" "",""в "",""регион"",""е "",""остались "",""без "",""воды "",""и ок"",""оло "",""100 "",""без "",""элек"",""тричеств"",""а.""]",23
1249,devtest,252,"Повреждены некоторые дороги, в пострадавших районах прервано железнодорожное сообщение и аэропорт Ното в префектуре Исикава по-прежнему закрыт.","[""П"",""ов"",""режден"",""ы "",""нек"",""ото"",""ые "",""до"",""ог"",""и, "",""в "",""по"",""традавш"",""их "",""район"",""ах "",""пре"","""",""ан"",""о "",""желез"",""н"",""одо"",""ожн"",""ое "",""сообщ"",""ен"",""ие "",""и аэроп"",""о"",""т "",""Ното "",""в "",""пре"",""ек"",""туре "",""Исик"",""ава "",""по-преж"","""",""ему "",""зак"",""рыт.""]",43
1250,devtest,253,Одна из бомб взорвалась возле офиса генерал-губернатора.,"[""Од"",""н"",""а "",""из "",""бом"",""б "",""взо"",""вала"",""ь "",""возле "",""офиса "",""ген"",""ерал-"",""губер"","""",""атора.""]",16
1251,devtest,254,Еще три бомбы взорвались возле правительственных зданий в течение двух часов.,"[""Е"",""е "",""три "",""бом"",""бы "",""взо"",""вали"",""ь "",""возле "",""прав"",""ительств"",""ен"",""ных "",""здан"",""ий "",""в "",""течен"",""ие "",""двух "",""часов"","".""]",21
1252,devtest,255,"По некоторым сообщениям, официальное количество жертв достигает восьми человек, и официальные сводки подтверждают, что до 30 человек были ранены; но окончательные цифры еще неизвестны.","[""П"",""о "",""нек"",""ото"",""ым "",""сообщ"",""ен"",""иям, "",""официальн"",""ое "",""кол"",""честв"",""о "",""жер"",""в"","" "",""до"",""тигает "",""во"",""ьм"",""и "",""челов"",""ек, "",""и официальн"",""ые "",""сводк"",""и "",""под"",""вер"",""д"",""ают, "",""что "",""до "",""30 "",""челов"",""ек "",""были "",""ран"",""ен"",""ы; "",""но "",""ок"",""он"",""чательн"",""ые "",""цифры "",""еще "",""неизв"",""естн"",""ы.""]",50
1253,devtest,256,"В образцах мочи животных, умерших после поедания загрязненной еды для животных, были обнаружены как циануровая кислота, так и меламин.","[""В"","" "",""образ"",""ах "",""мо"",""и "",""живо"",""н"",""ых, "",""умер"",""их "",""по"",""ле "",""поед"",""ан"",""ия "",""заг"","""",""язн"",""ен"",""ной "",""еды "",""для "",""живо"",""н"",""ых, "",""были "",""обн"",""аружен"",""ы "",""как"","" "",""циан"",""уров"",""ая "",""кисло"",""а, "",""так"","" "",""и мел"",""мин"","".""]",42
1254,devtest,257,"Исследователи университета сообщили, что эти два соединения вступают друг с другом в реакцию, образуя кристаллы, которые могут блокировать работу почек.","[""И"","""",""ледов"",""ател"","" "",""ун"",""ивер"",""итет"","" "",""сообщ"",""или, "",""что "",""эти "",""два "",""соедин"",""ен"",""ия "",""вступают "",""друг"","" "",""с "",""друг"",""ом "",""в "",""реак"",""цию, "",""обр"",""з"",""я "",""кри"",""таллы, "",""кото"",""ые "",""могут "",""блок"",""иров"",""ать "",""рабо"",""у "",""по"",""ек"","".""]",42
1255,devtest,258,"Во время наблюдений исследователи обнаружили кристаллические образования, возникающие в кошачьей моче при добавлении циануровой кислоты и меламина.","[""В"",""о врем"",""я "",""наб"",""люден"",""ий "",""исследов"",""ател"","" "",""обн"",""аружили "",""кри"",""талл"","""",""еск"",""ие "",""обр"",""зов"",""ан"",""ия, "",""возн"",""икающ"",""ие "",""в "",""кошачьей "",""мо"",""е "",""при "",""доб"",""авлен"",""ии "",""циан"",""уров"",""ой "",""кисло"",""ы "",""и мел"",""мин"",""а.""]",39
1256,devtest,259,"Во время сравнения при помощи инфракрасной Фурье-спектроскопии выяснилось, что состав этих кристаллов соответствует кристаллам, найденным в моче поражённых домашних животных.","[""В"",""о врем"",""я "",""срав"",""н"",""ен"",""ия "",""при "",""пом"",""ощи "",""ин"",""фрак"",""расн"",""ой "",""Фур"",""е-"",""спек"",""тро"",""к"",""опии "",""выясн"",""ило"",""ь, "",""что "",""со"",""тав "",""этих "",""кристалл"",""в"","" "",""соответств"",""ует "",""кри"",""талл"",""м, "",""найден"",""ным "",""в "",""мо"",""е "",""по"",""ажён"",""ных "",""дом"",""ашн"",""их "",""живо"",""н"",""ых.""]",49
1257,devtest,260,"Не знаю, осознаете вы или нет, но большая часть товаров из Центральной Америки была ввезена в эту страну беспошлинно.","[""Н"",""е "",""зн"",""аю, "",""осоз"",""н"",""аете "",""вы или "",""нет, "",""но "",""больш"",""ая "",""часть "",""тов"",""аров"","" "",""из "",""Цен"",""тральн"",""ой "",""Америк"",""и "",""была "",""ввезен"",""а "",""в "",""эту "",""стр"",""н"",""у "",""беспо"",""лин"",""но.""]",33
1258,devtest,261,"Тем не менее, восемьдесят процентов наших товаров облагалось налогом согласно тарифам в странах Центральной Америки.","[""Т"",""ем"","" "",""не "",""мен"",""ее, "",""во"",""ем"",""ьдеся"","" "",""про"",""ен"",""тов"","" "",""наш"",""их "",""тов"",""аров"","" "",""облаг"",""ало"",""ь "",""нал"",""г"",""ом "",""согла"",""н"",""о "",""тар"",""фам "",""в "",""стр"",""н"",""ах "",""Цен"",""тральн"",""ой "",""Америк"",""и.""]",39
1259,devtest,262,Это не казалось мне имеющим смысл; конечно это не было справедливым.,"[""Э"",""о "",""не "",""казало"",""ь "",""мне "",""имеющ"",""им "",""смысл; "",""кон"",""ечн"",""о "",""это "",""не "",""было "",""справ"",""едлив"",""ым.""]",18
1260,devtest,263,"Я говорю людям, что с вами будут обращаться так, как вы обращаетесь с другими.","[""Я "",""гово"",""ю "",""людям, "",""что "",""с "",""вами "",""буд"",""т "",""обра"",""аться "",""так"","", "",""как"","" "",""вы обращаетес"",""ь "",""с "",""друг"",""ими.""]",20
1261,devtest,264,"Губернатор Калифорнии Арнольд Шварценеггер подписал закон, запрещающий продажу или прокат видеоигр с применением насилия несовершеннолетним лицам.","[""Г"",""уб"",""ер"","""",""ато"","" "",""Кал"","""",""орн"",""ии "",""Арн"",""ольд "",""Шварцен"",""еггер "",""под"",""исал "",""зак"",""он"","", "",""зап"",""рещающ"",""ий "",""прод"",""ажу "",""или "",""прок"",""ат "",""вид"",""оиг"","" "",""с "",""при"",""ен"",""ен"",""ием "",""насили"","" "",""несов"",""ер"",""ен"",""нолетн"",""им "",""лицам.""]",43
1262,devtest,265,"Закон требует, чтобы компьютерные игры c насилием продавались в штате Калифорния с наклейкой, на которой написано ""18"", и чтобы продажа игр несовершеннолетним наказывалась штрафом в 1000 долларов за каждое нарушение.","[""З"",""ак"",""он"","" "",""треб"",""ует, "",""чтоб"",""ы "",""ком"",""пьютер"","""",""ые "",""игры "",""c насилием"","" "",""прод"",""авали"",""ь "",""в "",""шта"",""е "",""Кал"","""",""орн"",""ия "",""с "",""нак"",""лейк"",""ой, "",""на "",""кото"",""ой "",""нап"",""исан"",""о "",""\""18\"", "",""и чтобы "",""прод"",""ажа "",""игр "",""несов"",""ер"",""ен"",""нолетн"",""им "",""нак"",""азывала"",""ь "",""штра"",""ом "",""в "",""1000 "",""долларов"","" "",""за "",""каждое "",""нар"",""шен"",""ие.""]",59
1263,devtest,266,"Сегодня утром генеральный прокурор Кир Стармер (Kier Starmer) , титулованный королевский адвокат, сделал заявление о возбуждении уголовного дела в отношении как Хьюна, так и Прайса.","[""Сегодн"",""я "",""утром"","" "",""ген"",""еральн"",""ый "",""прок"",""уро"","" "",""Кир "",""Ста"",""мер "",""(Kier "",""Starmer) "","", "",""ти"",""улов"",""ан"",""ный "",""королев"",""ск"",""ий "",""адвок"",""ат, "",""сделал "",""за"",""влен"",""ие "",""о "",""возб"",""ужден"",""ии "",""уголов"",""н"",""ого "",""дел"","" "",""в "",""отн"",""ошен"",""ии "",""как"","" "",""Хьюн"",""а, "",""так"","" "",""и Прайса.""]",49
1264,devtest,267,"Хьюн ушел в отставку, и в Кабинете министров его заменит член парламента Эд Дейви. Ожидается, что член парламента Норман Ламб займет принадлежащий Дейви пост Министра по делам бизнеса.","[""Х"",""ьюн"","" "",""ушел "",""в "",""отстав"",""ку, "",""и в "",""Каб"",""ин"",""ете "",""мин"",""истров"","" "",""его "",""зам"",""ен"",""ит "",""член"","" "",""пар"",""амен"",""та "",""Эд "",""Дейв"",""и. "",""Ожидается, "",""что "",""член"","" "",""пар"",""амен"",""та "",""Норм"",""ан"","" "",""Лам"",""б "",""займ"",""ет "",""при"","""",""адлежащ"",""ий "",""Дейв"",""и "",""по"",""т "",""Мин"",""ист"",""а "",""по "",""дел"",""м "",""бизн"",""еса.""]",56
1265,devtest,268,Хьюн и Прайс должны явиться в Магистратский суд Вестминстера 16 февраля.,"[""Х"",""ьюн"","" "",""и Прай"","" "",""должн"",""ы "",""явиться "",""в "",""Магист"",""а"",""ск"",""ий "",""суд "",""Вес"",""тм"",""ин"",""стер"","" "",""16 "",""фев"",""раля.""]",22
1266,devtest,269,"Погибшими были Николас Алден, 25 лет, и Захари Каддебэк, 21 год. Каддебэк был водителем.","[""П"",""ог"",""ибш"",""ими "",""были "",""Никола"","" "",""Алден"","", "",""25 "",""лет, "",""и За"",""ари "",""Каддебэк"","", "",""21 "",""год. "",""Каддебэк"","" "",""был "",""водител"",""м"","".""]",23
1267,devtest,270,"Эдгар Вегилла получил ранения руки и челюсти, тогда как Кристоффер Шнайдер нуждался в реконструктивной хирургии на лице.","[""Эдга"","" "",""Вегилла "",""пол"",""чил "",""ран"",""ен"",""ия "",""руки "",""и челюсти, "",""тогда "",""как"","" "",""Кри"",""то"",""фер "",""Шн"",""айдер "",""нуждался "",""в "",""рек"",""он"",""структивн"",""ой "",""хир"",""ргии "",""на "",""лице.""]",28
1268,devtest,271,"Орудие Уки вышло из строя, когда было нацелено в голову пятому мужчине. Шнайдер ощущает непрекращающуюся боль, он слеп на один глаз, у него отсутствует часть черепа, а лицо реконструировано с помощью титана.","[""О"","""",""дие "",""Уки "",""выш"",""ло "",""из "",""стр"","""","", "",""когда "",""было "",""нацелен"",""о "",""в "",""голов"",""у "",""пятому "",""мужчин"",""е. "",""Шн"",""айдер "",""ощущает "",""неп"",""рек"",""ращающ"",""уюся "",""боль, "",""он"","" "",""слеп"","" "",""на "",""один"","" "",""глаз, "",""у "",""него "",""отсутств"",""ует "",""часть "",""чер"",""п"",""а, "",""а ли"",""о "",""рек"",""он"",""струиров"",""ан"",""о "",""с "",""пом"",""ощью "",""ти"",""ан"",""а.""]",57
1269,devtest,272,Шнейдер дал показания через видеосвязь с базы ВВС США у себя на родине.,"[""Шн"",""ейде"","" "",""дал "",""пок"",""азан"",""ия "",""чер"",""з "",""вид"",""о"",""вязь "",""с "",""базы "",""ВВС "",""США "",""у "",""себя "",""на "",""родин"",""е.""]",21
1270,devtest,273,"Помимо соревнований в среду, Карпендо принимал участие в двух индивидуальных соревнованиях на чемпионатах.","[""П"",""ом"",""им"",""о "",""со"",""ев"",""н"",""ов"",""ан"",""ий "",""в "",""среду, "",""Кар"",""ен"",""до "",""при"","""",""имал "",""участие "",""в "",""двух "",""ин"",""дивид"",""альн"",""ых "",""со"",""ев"",""н"",""ов"",""ан"",""иях "",""на "",""чем"",""пион"",""атах.""]",35
1271,devtest,274,"Ее первым соревнованием был слалом, в первом забеге которого она не доехала до финиша. 36 из 116 участников имели такой же результат в той гонке.","[""Ее "",""пер"",""ым "",""со"",""ев"",""н"",""ов"",""ан"",""ием "",""был "",""слалом"","", "",""в "",""пер"",""ом "",""заб"",""еге "",""кото"",""ого "",""он"",""а "",""не "",""доехала "",""до "",""фин"",""иша. "",""36 "",""из "",""116 "",""участн"",""иков"","" "",""имели "",""так"",""ой "",""же "",""рез"",""льта"","" "",""в "",""той "",""гон"",""ке.""]",43
1272,devtest,275,"В другой гонке, на этот раз уже в гигантском слаломе, она финишировала десятой среди женщин в позиции сидя с комбинированным временем 4:41,30. На 2:11,60 минуты медленнее, чем финишировавшая первой австрийка Клаудия Леш и на 1:09,02 минуту медленнее, чем финишировавшая девятой венгерка Дьенджи Дани.","[""В"","" "",""друг"",""ой "",""гон"",""ке, "",""на "",""это"","" "",""раз "",""уже "",""в "",""гиган"",""тск"",""ом "",""слалом"",""е, "",""он"",""а "",""фин"",""иширов"",""ала "",""дес"",""ятой "",""среди "",""жен"",""щин"","" "",""в "",""поз"",""ции "",""сидя "",""с "",""ком"",""бин"",""иров"",""ан"",""ным "",""врем"",""ен"",""ем"","" "",""4:41,30. "",""На "",""2:11,60 "",""мин"",""уты "",""мед"",""ен"",""нее, "",""чем"","" "",""фин"",""иширов"",""авшая "",""пер"",""ой "",""австрийк"",""а "",""Клаудия "",""Леш "",""и на "",""1:09,0"",""2 "",""мин"",""уту "",""мед"",""ен"",""нее, "",""чем"","" "",""фин"",""иширов"",""авшая "",""дев"",""ятой "",""вен"",""гер"",""а "",""Дьен"",""джи "",""Дан"",""и.""]",83
1273,devtest,276,"Четыре лыжницы в женской сидячей группе не смогли завершить свои заезды, и 45 из 117 лыжниц в гигантском слаломе не сумели занять места в гонке.","[""Че"","""",""ре "",""лыжн"",""ицы "",""в "",""жен"",""ской "",""сидячей "",""гр"",""ппе "",""не "",""смогли "",""зав"",""ершить "",""свои "",""заезд"","", "",""и 45 "",""из "",""117 "",""лыжн"",""иц "",""в "",""гиган"",""тск"",""ом "",""слалом"",""е "",""не "",""сум"",""ели "",""зан"",""ять "",""места "",""в "",""гон"",""ке.""]",38
1274,devtest,277,Полиция штата Мадхья-Прадеш вернула украденные ноутбук и мобильный телефон.,"[""П"",""ол"",""ция "",""шта"",""а "",""Мад"",""ья-"",""Прад"","""",""ш "",""вер"","""",""ула "",""украден"",""ные "",""ноутб"",""ук "",""и мобильн"",""ый "",""тел"","""",""он"","".""]",23
1275,devtest,278,"Заместитель генерального инспектора Д. К. Арья заявил: ""Мы арестовали пять человек, изнасиловавших швейцарку, и вернули ее мобильный телефон и ноутбук"".","[""З"",""ам"",""естител"","" "",""ген"",""еральн"",""ого "",""ин"",""спек"",""тора "",""Д. "",""К. "",""Ар"",""я "",""за"",""вил: "",""\""Мы арестов"",""али "",""пять "",""челов"",""ек, "",""изн"",""асилов"",""авш"",""их "",""швейцарку, "",""и вер"","""",""ули "",""ее "",""мобильн"",""ый "",""тел"","""",""он"","" "",""и ноутбук\"".""]",37
1276,devtest,279,"Обвиняемые имеют имена Баба Канджар, Бхута Канджар, Рампро Канджар и Вишну Канджар.","[""Об"",""вин"",""яем"",""ые "",""имеют "",""имен"",""а "",""Баба "",""Кан"",""джар, "",""Бхута "",""Кан"",""джар, "",""Рампро "",""Кан"",""джар "",""и Виш"",""н"",""у "",""Кан"",""джар.""]",21
1277,devtest,280,"Начальник полиции Чандра Шехар Соланки заявил, что обвиняемые были представлены перед судьями с закрытыми лицами.","[""Н"",""а"",""альн"",""ик "",""пол"",""ции "",""Чан"",""дра "",""Шеха"","" "",""Сол"",""н"",""ки "",""за"",""вил, "",""что "",""обвин"",""яем"",""ые "",""были "",""пред"",""став"",""лен"",""ы "",""пер"",""д "",""суд"",""ям"",""и "",""с "",""зак"",""рытыми "",""лицами.""]",33
1278,devtest,281,"Хотя внутри здания в тот момент, когда в него врезался автомобиль, находились три человека, никто не пострадал.","[""Х"",""о"",""я "",""вн"",""утри "",""здан"",""ия "",""в "",""то"","" "",""момен"",""т, "",""когда "",""в "",""него "",""врезался "",""авто"","""",""об"",""иль, "",""находили"",""ь "",""три "",""челов"",""ека, "",""никто "",""не "",""по"",""традал.""]",29
1279,devtest,282,Однако водитель получил серьезные травмы головы.,"[""Од"",""н"",""ако "",""водитель "",""пол"",""чил "",""сер"",""езн"",""ые "",""трав"",""мы "",""голов"",""ы.""]",13
1280,devtest,283,"Дорогу, где произошла авария, временно закрыли, пока службы экстренной помощи высвобождали водителя из красной Audi TT.","[""Д"",""о"",""ог"",""у, "",""где "",""произо"",""ла "",""авари"","", "",""врем"",""ен"",""но "",""зак"",""рыли, "",""пок"",""а "",""служб"",""ы "",""эк"",""стрен"",""ной "",""пом"",""ощи "",""высвоб"",""ождали "",""водителя "",""из "",""кра"",""н"",""ой "",""Aud"",""i "",""TT.""]",33
1281,devtest,284,Первоначально он был госпитализирован в госпитале Джеймса Педжета в Грейт-Ярмуте.,"[""П"",""ер"",""он"",""ачальн"",""о "",""он"","" "",""был "",""го"",""питализиров"",""ан"","" "",""в "",""го"",""питале "",""Джейм"",""са "",""Педжета "",""в "",""Грейт-"",""Ярмуте.""]",21
1282,devtest,285,В последствие он был перемещён в госпиталь Адденбрук в Кембридже.,"[""В"","" "",""по"",""ледств"",""ие "",""он"","" "",""был "",""пер"",""м"",""ещён"","" "",""в "",""го"",""питаль "",""Адден"",""брук "",""в "",""Кем"",""бридже.""]",20
1283,devtest,286,Впоследствии Эдинбургский шерифский суд предъявил Адекое обвинение в убийстве ее сына.,"[""В"",""п"",""о"",""лед"",""тв"",""ии "",""Эдин"",""бургск"",""ий "",""шер"",""фск"",""ий "",""суд "",""пред"",""ъявил "",""Адек"",""ое "",""обвин"",""ен"",""ие "",""в "",""убийств"",""е "",""ее "",""сын"",""а.""]",26
1284,devtest,287,"Она находится под стражей в ожидании вынесения ей обвинения и проведения судебного разбирательства, однако любые свидетельские показания могут быть искажены, поскольку её популярность широко использовалась СМИ.","[""Он"",""а "",""находи"",""ся "",""под "",""стр"",""жей "",""в "",""ожидан"",""ии "",""вын"",""есен"",""ия "",""ей "",""обвин"",""ен"",""ия "",""и пров"",""еден"",""ия "",""суд"",""бн"",""ого "",""разб"",""ирательств"",""а, "",""одн"",""ако "",""люб"",""ые "",""свидетельск"",""ие "",""пок"",""азан"",""ия "",""могут "",""быть "",""иск"",""ажен"",""ы, "",""по"",""к"",""ольку "",""её "",""поп"",""улярн"",""ость "",""широк"",""о "",""использов"",""ала"",""ь "",""СМИ.""]",53
1285,devtest,288,"Это является обычной практикой в других частях Великобритании, но шотландское правосудие работает по-другому, и суды сочли публикацию фотографий как потенциально наносящую ущерб.","[""Э"",""о "",""является "",""обычн"",""ой "",""прак"",""тикой "",""в "",""друг"",""их "",""част"","""","" "",""Велик"",""об"",""ритан"",""ии, "",""но "",""шо"",""лан"",""дск"",""ое "",""прав"",""осудие "",""рабо"",""ает "",""по-друг"",""ому, "",""и суд"","" "",""со"",""ли "",""публик"",""аци"",""ю "",""фото"","""",""рафий "",""как"","" "",""по"",""ен"",""циальн"",""о "",""нан"",""осящую "",""ущерб.""]",47
1286,devtest,289,"Профессор Памела Фергюсон из Университета Данди отмечает, что ""журналисты, похоже, и вправду ходят по опасной грани, публикуя фотографии и прочие данные о подозреваемых"".","[""П"",""ро"",""ессо"","" "",""Памела "",""Фер"",""юсон"","" "",""из "",""Ун"",""ивер"",""итета "",""Дан"",""ди "",""отм"",""ечает, "",""что "",""\""журн"",""али"",""ты, "",""по"",""оже, "",""и вправ"",""ду "",""ход"",""т "",""по "",""опасн"",""ой "",""гран"",""и, "",""публик"",""уя "",""фото"","""",""рафии "",""и про"",""ие "",""дан"",""ные "",""о "",""под"",""зрев"",""аем"",""ых\"".""]",45
1287,devtest,290,"Королевская прокуратура, которая в целом отвечает за судебное преследование, сообщила журналистам, что никаких дальнейших комментариев не будет сделано, по крайней мере, до вынесения обвинительного приговора .","[""К"",""о"",""ол"",""ев"",""ск"",""ая "",""прок"",""уратура, "",""кото"",""ая "",""в "",""целом "",""отвечает "",""за "",""суд"",""бн"",""ое "",""пре"",""ледов"",""ан"",""ие, "",""сообщ"",""ила "",""журн"",""али"",""там"","", "",""что "",""никак"",""их "",""дальн"",""ейш"",""их "",""ком"",""мен"",""тариев"","" "",""не "",""будет "",""сделан"",""о, "",""по "",""кра"",""н"",""ей "",""мер"","", "",""до "",""вын"",""есен"",""ия "",""обвин"",""ительн"",""ого "",""при"",""ов"",""ора "","".""]",58
1288,devtest,291,"Документ, согласно утечке информации, будет касаться спора насчёт границ, которые Палестина хочет установить на основе тех, что существовали до начала Шестидневной войны 1967 года.","[""Д"",""ок"",""умен"",""т, "",""сог"",""ла"",""н"",""о "",""утечке "",""ин"",""форм"",""аци"",""и, "",""будет "",""касаться "",""спо"",""а "",""насчёт "",""гран"",""иц, "",""кото"",""ые "",""Пал"","""",""тин"",""а "",""хочет "",""устан"",""ов"",""ить "",""на "",""основ"",""е "",""тех, "",""что "",""существ"",""ов"",""али "",""до "",""начала "",""Шестидн"",""ев"",""н"",""ой "",""войн"",""ы "",""1967 "",""года.""]",48
1289,devtest,292,"Другие затронутые темы, как сообщается, включают будущее состояние Иерусалима, который является священным для обоих народов, и проблему долины реки Иордан.","[""Д"","""",""уг"",""ие "",""за"",""рон"",""утые "",""тем"",""ы, "",""как"","" "",""сообщ"",""ается, "",""включа"",""т "",""буд"",""щ"",""ее "",""со"",""тоян"",""ие "",""Иер"",""салим"",""а, "",""кото"",""ый "",""является "",""свя"",""ен"",""ным "",""для "",""обоих "",""нар"",""дов"","", "",""и проб"",""лем"",""у "",""долин"",""ы "",""рек"",""и "",""Ио"",""дан"","".""]",45
1290,devtest,293,"Израиль требует постоянного военного присутствия в долине в течение десяти лет после подписания соглашения, в то время как ПНА согласна на сохранение такого присутствия в течение только пяти лет.","[""Из"",""аиль "",""треб"",""ует "",""по"",""то"",""н"",""ного "",""воен"",""ного "",""при"",""утств"",""ия "",""в "",""долин"",""е "",""в "",""течен"",""ие "",""дес"",""яти "",""лет "",""по"",""ле "",""под"",""исан"",""ия "",""согла"",""ен"",""ия, "",""в "",""то "",""врем"",""я "",""как"","" "",""ПНА "",""согла"",""н"",""а "",""на "",""со"",""ран"",""ен"",""ие "",""так"",""ого "",""при"",""утств"",""ия "",""в "",""течен"",""ие "",""тольк"",""о "",""пяти "",""лет.""]",57
1291,devtest,294,"Стрелки, участвовавшие в дополнительном тесте по борьбе с вредителями, должны были находиться под пристальным присмотром рейнджеров, поскольку данный тест проходил под наблюдением и оценивалась его эффективность.","[""С"","""","""",""л"","""",""и, "",""уча"",""тв"",""ов"",""авш"",""ие "",""в "",""доп"",""олнительн"",""ом "",""тес"",""те "",""по "",""бо"",""ьбе "",""с "",""вредител"",""м"",""и, "",""должн"",""ы "",""были "",""находи"",""ься "",""под "",""при"",""тальн"",""ым "",""при"",""мо"",""ром"","" "",""рейн"",""джеров"","", "",""по"",""к"",""ольку "",""дан"",""ный "",""тес"",""т "",""про"",""одил "",""под "",""наб"",""люден"",""ием "",""и оцен"",""ивала"",""ь "",""его "",""эффек"",""тивн"",""ость.""]",60
1292,devtest,295,В рамках партнёрства NPWS и Ассоциации спортивных стрелков Австралии (NSW) в ходе охотничьей программы Ассоциации спортивных стрелков были набраны квалифицированные волонтёры.,"[""В"","" "",""рамках "",""пар"",""н"",""ёрств"",""а "",""NPWS "",""и Ассо"",""иа"",""ии "",""спо"",""тивн"",""ых "",""стр"",""лков"","" "",""Австралии "",""(NSW) "",""в "",""ходе "",""охо"",""н"",""ичьей "",""прог"",""раммы "",""Ассо"",""иа"",""ии "",""спо"",""тивн"",""ых "",""стр"",""лков"","" "",""были "",""наб"",""ран"",""ы "",""квали"",""ициров"",""ан"",""ные "",""волон"",""тёр"","".""]",46
1293,devtest,296,"По словам Мика О'Флинна, исполняющего обязанности директора по сохранению парков и наследия Службы охраны диких животных и национальных парков, четыре стрелка, отобранные для первой стрелковой операции, прошли комплексную подготовку и инструктаж по безопасности.","[""П"",""о "",""слов"",""ам "",""Мик"",""а "",""О'"",""Флин"",""на, "",""исполн"",""яющ"",""его "",""обязан"",""ности "",""дирек"",""тора "",""по "",""со"",""ран"",""ен"",""ию "",""пар"",""ов"","" "",""и наследия "",""Служб"",""ы "",""охран"",""ы "",""дик"",""их "",""живо"",""н"",""ых "",""и национ"",""альн"",""ых "",""пар"",""ов"","", "",""чет"",""ре "",""стр"",""лка, "",""ото"","""",""ран"",""ные "",""для "",""пер"",""ой "",""стр"",""лков"",""ой "",""опер"",""ци"",""и, "",""про"",""ли "",""ком"",""плек"",""сн"",""ую "",""под"",""отов"",""ку "",""и ин"",""структаж "",""по "",""без"",""п"",""асн"",""ости.""]",73
1294,devtest,297,"Вчера Мартейи привёл к присяге новый Временный избирательный совет (ВИС), состоящий из девяти участников.","[""В"",""чер"","" "",""Мар"",""ейи "",""при"",""ёл "",""к "",""при"",""яге "",""нов"",""ый "",""Врем"",""ен"",""ный "",""изб"",""и"",""ательн"",""ый "",""сов"",""ет "",""(ВИС), "",""со"",""тоящ"",""ий "",""из "",""дев"",""яти "",""уча"",""тн"",""иков"","".""]",32
1295,devtest,298,Это пятый CEP Мартейи за четыре года.,"[""Э"",""о "",""пятый "",""CEP "",""Мар"",""ейи "",""за "",""чет"",""ре "",""года.""]",10
1296,devtest,299,В прошлом месяце президентская комиссия рекомендовала предыдущему Временному избирательному совету уйти в отставку в качестве части пакета мер для движения страны к новым выборам.,"[""В"","" "",""про"",""лом "",""месяце "",""президен"",""тск"",""ая "",""ком"",""исси"","""","" "",""рек"",""омен"",""дов"",""ала "",""пред"",""ыд"",""щ"",""ему "",""Врем"",""ен"",""ному "",""изб"",""и"",""ательн"",""ому "",""сов"",""ету "",""уйти "",""в "",""отставку "",""в "",""качеств"",""е "",""части "",""пак"",""ета "",""мер "",""для "",""движен"",""ия "",""стр"",""н"",""ы "",""к "",""нов"",""ым "",""выбо"",""ам.""]",50
1297,devtest,300,"Комиссия стала ответом Мартелли на массовые протесты против государственного режима, начавшиеся в октябре.","[""К"",""ом"",""исси"","""","" "",""стал"","" "",""ответом "",""Мар"",""ел"",""и "",""на "",""массов"",""ые "",""про"",""ест"","" "",""про"",""ив "",""го"",""ударств"",""ен"",""ного "",""режима, "",""начавш"",""иеся "",""в "",""ок"",""тябре.""]",29
1298,devtest,301,"Эти иногда сопровождавшиеся насилием протесты были вызваны непроведением выборов, некоторые из которых должны были состояться ещё в 2011 году.","[""Э"",""и "",""ин"",""огда "",""соп"",""ров"",""ождавшиеся "",""насилием"","" "",""про"",""ест"","" "",""были "",""вызв"",""ан"",""ы "",""неп"",""ров"",""еден"",""ием "",""выбо"",""ов"","", "",""нек"",""ото"",""ые "",""из "",""кото"",""ых "",""должн"",""ы "",""были "",""со"",""тояться "",""ещё "",""в "",""2011 "",""году.""]",38
1299,devtest,302,"Было получено около 60 случаев перегрева бракованных устройств iPod, в результате чего произошло шесть пожаров и четыре человека получили небольшие ожоги.","[""Б"",""ыло "",""пол"",""чен"",""о "",""ок"",""оло "",""60 "",""случаев"","" "",""пер"",""грев"",""а "",""брак"",""ов"",""ан"",""ных "",""устройств"","" "",""iPod, "",""в "",""рез"",""льта"",""е "",""чего "",""произо"",""ло "",""шесть "",""пож"",""ров"","" "",""и чет"",""ре "",""челов"",""ека "",""пол"",""чили "",""небольш"",""ие "",""ожоги.""]",40
1300,devtest,303,"Министерство экономики, торговли и промышленности Японии (METI) заявило, что ему было известно о 27 cлучаях, связанных с этими устройствами.","[""М"",""ин"",""истер"",""тв"",""о "",""эк"",""он"",""омики, "",""то"",""гов"",""ли "",""и пром"",""ышлен"",""ности "",""Япон"",""ии "",""(METI) "",""за"",""вило, "",""что "",""ему "",""было "",""известн"",""о "",""о "",""27 "",""cлучаях, "",""связан"",""ных "",""с "",""этим"",""и "",""устройств"",""ами.""]",34
1301,devtest,304,"На прошлой недели Министерство экономики, труда и промышленности объявило, что Apple  проинформировала его о 34 дополнительных случаях перегрева, которые компания назвала ""несерьёзными"".","[""Н"",""а "",""про"",""лой "",""нед"",""ли "",""Мин"",""истер"",""тв"",""о "",""эк"",""он"",""омики, "",""тр"",""да "",""и пром"",""ышлен"",""ности "",""объявило, "",""что "",""Apple "","" "",""проин"",""форм"",""иров"",""ала "",""его "",""о "",""34 "",""дополнительн"",""ых "",""случаях "",""пер"",""грев"",""а, "",""кото"",""ые "",""ком"",""пан"",""ия "",""назв"",""ала "",""\""несер"",""ёзн"",""ыми\"".""]",45
1302,devtest,305,"В ответ министерство назвало задержку отчета Apple ""очень прискорбной"" .","[""В"","" "",""ответ "",""мин"",""истер"",""тв"",""о "",""назв"",""ало "",""зад"",""ржк"",""у "",""отчета "",""Apple "",""\""очен"",""ь "",""при"",""к"",""орбн"",""ой\"" "","".""]",21
1303,devtest,306,В 07:19 утра по местному времени (21:19 по Гринвичу в пятницу) произошло землетрясение в Мариане.,"[""В"","" "",""07:19 "",""утра "",""по "",""местн"",""ому "",""врем"",""ен"",""и "",""(21:1"",""9 "",""по "",""Грин"",""вичу "",""в "",""пятн"",""ицу) "",""произо"",""ло "",""зем"",""ле"",""рясен"",""ие "",""в "",""Мар"",""ан"",""е.""]",28
1304,devtest,307,"Управление по чрезвычайным ситуациям Северных Марианских островов заявило, что в стране не было сообщений о причинённом ущербе.","[""Уп"",""рав"",""лен"",""ие "",""по "",""чрезв"",""ычайн"",""ым "",""ситуаци"",""ям "",""Сев"",""ерн"",""ых "",""Мар"",""ан"",""ск"",""их "",""остров"",""ов"","" "",""за"",""вило, "",""что "",""в "",""стр"",""н"",""е "",""не "",""было "",""сообщ"",""ен"",""ий "",""о "",""при"",""ин"",""ён"",""ном "",""ущербе.""]",38
1305,devtest,308,"Также Тихоокеанский центр предупреждения цунами заявил, что никаких признаков цунами не было.","[""Т"",""ак"",""же "",""Тихоок"",""еан"",""ск"",""ий "",""цен"",""тр "",""пред"",""упрежден"",""ия "",""цун"",""ами "",""за"",""вил, "",""что "",""никак"",""их "",""при"",""н"",""аков"","" "",""цун"",""ами "",""не "",""было.""]",27
1306,devtest,309,"Бывший филиппинский полицейский угнал туристический автобус в Маниле, столице Филиппин, и взял в заложники гонконгских туристов.","[""Б"",""ывш"",""ий "",""филип"",""пин"",""ский "",""пол"",""цейск"",""ий "",""угн"",""ал "",""тур"",""стическ"",""ий "",""авто"","""",""ус "",""в "",""Ман"",""иле, "",""стол"",""ице "",""Филип"",""п"",""ин"","", "",""и вз"",""л "",""в "",""заложн"",""ики "",""гон"",""кон"",""гск"",""их "",""тур"",""стов"","".""]",38
1307,devtest,310,Роландо Мендоса выстреливал из своей винтовки М16 в туристов.,"[""Р"","""",""л"",""ан"",""до "",""Мен"",""до"",""а "",""выс"",""релив"",""ал "",""из "",""своей "",""вин"",""тов"",""ки "",""М16 "",""в "",""туристов"","".""]",20
1308,devtest,311,"Несколько заложников были спасены, а как минимум шестеро были признаны погибшими на данный момент.","[""Н"",""еск"",""олько "",""зал"",""жн"",""иков"","" "",""были "",""спа"",""ен"",""ы, "",""а как"","" "",""мин"",""имум "",""шестер"","" "",""были "",""при"",""н"",""ан"",""ы "",""пог"",""ибшими "",""на "",""дан"",""ный "",""момен"",""т.""]",29
1309,devtest,312,"Шестеро заложников, включая детей и пожилых людей, освободили раньше, как и филиппинских фотографов.","[""Ше"",""тер"","" "",""зал"",""жн"",""иков"","", "",""включа"","" "",""дет"",""й "",""и пож"",""лых "",""людей, "",""освоб"",""одили "",""ран"",""ьш"",""е, "",""как"","" "",""и филип"",""пин"",""ских "",""фото"","""",""рафов"","".""]",28
1310,devtest,313,"Позже фотографы заняли место пожилой женщины, так как она отлучилась в туалет. Мендосу застрелили.","[""П"",""оз"","""","""",""е "",""фото"","""",""ра"",""ы "",""зан"",""яли "",""место "",""пож"",""лой "",""жен"",""щин"",""ы, "",""так"","" "",""как"","" "",""он"",""а "",""отлучилась "",""в "",""туале"","". "",""Мен"",""до"",""у "",""за"",""трелили.""]",32
1311,devtest,314,Лиггинс пошел по стопам отца и начал карьеру в медицине.,"[""Л"",""иг"",""г"",""ин"",""с "",""по"",""ел "",""по "",""стоп"",""ам "",""отца "",""и начал "",""карьер"","" "",""в "",""мед"",""цин"",""е.""]",18
1312,devtest,315,Он получил образование акушера-гинеколога и начал работать в Национальной женской больнице Окленда в 1959 году.,"[""Он"","" "",""пол"",""чил "",""образов"",""ан"",""ие "",""ак"",""ушера-"",""гин"",""ек"",""ол"",""г"",""а "",""и начал "",""рабо"",""ать "",""в "",""Национ"",""альн"",""ой "",""жен"",""ской "",""больн"",""ице "",""Ок"",""лен"",""да "",""в "",""1959 "",""году.""]",31
1313,devtest,316,"Когда Лиггинс работал в больнице, в свободное от работы время он начал расследовать случаи преждевременных родов.","[""К"",""ог"",""да "",""Лиггин"",""с "",""рабо"",""ал "",""в "",""больн"",""ице, "",""в "",""свободн"",""ое "",""от "",""рабо"",""ы "",""врем"",""я "",""он"","" "",""начал "",""рас"",""ледов"",""ать "",""случаи "",""преж"",""ев"",""рем"",""ен"",""ных "",""родов"","".""]",32
1314,devtest,317,"Его исследование показало, что если вводить гормон, то он усилит созревание легких ребёнка в период развития плода.","[""Ег"",""о "",""исследов"",""ан"",""ие "",""пок"",""азало, "",""что "",""если "",""вводить "",""го"",""мон"","", "",""то "",""он"","" "",""усилит "",""созрев"",""ан"",""ие "",""легк"",""их "",""реб"",""н"",""ка "",""в "",""пер"",""од "",""разв"",""ития "",""плод"",""а.""]",32
1315,devtest,318,"Как передает Синьхуа, в среду государственные следователи обнаружили два бортовых самописца или, по-другому, ""черных ящика"".","[""К"",""ак"","" "",""пер"",""дает "",""Син"",""ьх"",""а, "",""в "",""среду "",""го"",""ударств"",""ен"",""ные "",""следов"",""ател"","" "",""обн"",""аружили "",""два "",""бо"",""тов"",""ых "",""сам"",""оп"",""исца "",""или, "",""по-друг"",""ому, "",""\""чер"","""",""ых "",""ящика\"".""]",33
1316,devtest,319,Коллеги-рестлеры тоже отдали Луне дань уважения.,"[""К"",""ол"","""",""ги-"",""рес"",""л"",""е"","""","" "",""тоже "",""отдали "",""Лун"",""е "",""дан"",""ь "",""уважен"",""ия.""]",17
1317,devtest,320,"Вот, что сказал Томми Дример: ""Луна стала первой Королевой Экстрима. Она была моим первым менеджером. Луна ушла из жизни в ночь двух лун. Это такое уже уникальное событие, как и она сама. Сильная женщина"".","[""В"",""о"","", "",""что "",""ск"",""азал "",""Томми "",""Дример: "",""\""Лун"",""а "",""стала "",""пер"",""ой "",""Ко"",""олев"",""ой "",""Эк"",""стрима. "",""Он"",""а "",""была "",""моим "",""пер"",""ым "",""мен"",""еджером"","". "",""Лун"",""а "",""ушла "",""из "",""жизн"",""и "",""в "",""ночь "",""двух "",""лун"","". "",""Это "",""так"",""ое "",""уже "",""ун"",""икальн"",""ое "",""соб"",""ытие, "",""как"","" "",""и он"",""а "",""сам"",""а. "",""Сильн"",""ая "",""жен"",""щин"",""а\"".""]",58
1318,devtest,321,"Дастин ""Голдаст"" Раннелс сказал: ""Луна была такая же чумовая, как я... Возможно, даже более чумовая... Люблю её и буду скучать по ней... Надеюсь, она в лучшем месте"".","[""Д"",""а"",""тин"","" "",""\""Голда"",""т\"""","" "",""Ран"",""нелс "",""ск"",""азал: "",""\""Лун"",""а "",""была "",""так"",""ая "",""же "",""чумов"",""ая, "",""как"","" "",""я... "",""Возм"",""ожн"",""о, "",""даже "",""более "",""чумов"",""ая... "",""Люб"",""лю "",""её "",""и буд"","" "",""ск"",""учать "",""по "",""ней... "",""Над"",""юсь, "",""он"",""а "",""в "",""лучш"",""ем "",""месте\"".""]",46
1319,devtest,322,"Из 1400 человек, опрошенных в преддверии федеральных выборов 2010 года, число тех, кто выступает против того, чтобы Австралия стала республикой, выросло с 2008 года на 8 процентов.","[""Из "",""1400 "",""челов"",""ек, "",""опро"",""ен"",""ных "",""в "",""пред"",""дв"",""ерии "",""федеральн"",""ых "",""выбо"",""ов"","" "",""2010 "",""года, "",""чи"",""ло "",""тех, "",""кто "",""выс"",""упает "",""про"",""ив "",""того, "",""чтобы "",""Австрали"","" "",""стал"","" "",""респ"",""ублик"",""ой, "",""выро"",""ло "",""с "",""2008 "",""года "",""на "",""8 про"",""ен"",""тов"","".""]",45
1320,devtest,323,"Исполняющая обязанности премьер-министра Джулия Гиллард во время федеральной избирательной кампании 2010 года высказала мнение о том, что Австралия должна стать республикой после правления королевы Елизаветы II.","[""И"",""п"",""олн"",""яющ"",""ая "",""обязан"",""ности "",""прем"",""ьер-"",""мин"",""истра "",""Джули"","" "",""Гилла"",""д "",""во "",""врем"",""я "",""федеральн"",""ой "",""изб"",""и"",""ательн"",""ой "",""кампан"",""ии "",""2010 "",""года "",""выск"",""азала "",""мнен"",""ие "",""о "",""том, "",""что "",""Австрали"","" "",""должн"",""а "",""ста"",""ь "",""респ"",""ублик"",""ой "",""по"",""ле "",""прав"",""лен"",""ия "",""королев"",""ы "",""Елизав"",""еты "",""II.""]",54
1321,devtest,324,"34% опрошенных разделяют эту точку зрения и хотят, чтобы королева Елизавета II стала последним монархом Австралии.","[""34% "",""опро"",""ен"",""ных "",""разд"",""ляют "",""эту "",""то"",""ку "",""зрен"",""ия "",""и хо"",""ят, "",""чтобы "",""королев"",""а "",""Елизав"",""ета "",""II "",""стал"","" "",""по"",""ледн"",""им "",""мон"",""архом"","" "",""Австралии.""]",28
1322,devtest,325,"Опрос показал следующее: 29 процентов респондентов уверены, что Австралия должна как можно скорее стать республикой, а 31 процент полагает, что ей не нужна эта форма государственного устройства.","[""Оп"",""ро"","" "",""пок"",""азал "",""след"",""ющ"",""ее: "",""29 "",""про"",""ен"",""тов"","" "",""респ"",""он"",""ден"",""тов"","" "",""уверен"",""ы, "",""что "",""Австрали"","" "",""должн"",""а "",""как"","" "",""можн"",""о "",""ск"",""орее "",""ста"",""ь "",""респ"",""ублик"",""ой, "",""а 31 "",""про"",""ен"",""т "",""пол"",""г"",""ает, "",""что "",""ей "",""не "",""нужн"",""а "",""эта "",""форм"",""а "",""го"",""ударств"",""ен"",""ного "",""устройств"",""а.""]",57
1323,devtest,326,"Олимпийский золотой медалист должен был участвовать в заплыве на 100 и 200 м в вольном стиле и в трёх эстафетах на Играх Содружества, но из-за его жалоб его физическая форма теперь находится под сомнением.","[""Олим"",""пийск"",""ий "",""золо"",""ой "",""мед"",""ли"",""т "",""должен"","" "",""был "",""уча"",""тв"",""ов"",""ать "",""в "",""зап"",""лыве "",""на "",""100 "",""и 200 "",""м "",""в "",""вол"",""н"",""ом "",""сти"",""е "",""и в "",""тр"",""х "",""эста"",""етах "",""на "",""Играх "",""Содруже"",""тв"",""а, "",""но "",""из-"",""за "",""его "",""жалоб"","" "",""его "",""физическ"",""ая "",""форм"",""а "",""теп"",""ер"","" "",""находи"",""ся "",""под "",""сом"",""нен"",""ием.""]",58
1324,devtest,327,"Он не смог принять препараты, необходимые для облегчения боли, так как они запрещены в Играх.","[""Он"","" "",""не "",""смог "",""при"","""",""ять "",""преп"",""араты, "",""необходим"",""ые "",""для "",""облегчен"",""ия "",""боли, "",""так"","" "",""как"","" "",""он"",""и "",""зап"",""рещен"",""ы "",""в "",""Играх.""]",26
1325,devtest,328,"Кёртис Купер, математик и профессор компьютерных наук в Университете Центрального Миссури, 25 января открыл самое большое простое число, известное на сегодняшний день.","[""К"",""ёр"",""ис "",""Купе"","", "",""матем"",""атик"","" "",""и про"",""ессо"","" "",""ком"",""пьютер"","""",""ых "",""наук "",""в "",""Ун"",""ивер"",""итете "",""Цен"",""тральн"",""ого "",""Миссури, "",""25 "",""ян"",""варя "",""отк"",""рыл "",""сам"",""ое "",""больш"",""ое "",""про"",""тое "",""чи"",""ло, "",""известн"",""ое "",""на "",""сегодн"",""яшн"",""ий "",""ден"",""ь.""]",45
1326,devtest,329,"Во вторник было объявлено, что к началу февраля несколько человек подтвердили это открытие при помощи различного аппаратного и программного обеспечения.","[""В"",""о вто"",""н"",""ик "",""было "",""объявлен"",""о, "",""что "",""к "",""началу "",""фев"",""раля "",""неск"",""олько "",""челов"",""ек "",""под"",""вер"",""или "",""это "",""отк"",""рытие "",""при "",""пом"",""ощи "",""различн"",""ого "",""ап"",""па"",""атн"",""ого "",""и прог"",""раммн"",""ого "",""обесп"",""ечен"",""ия.""]",37
1327,devtest,330,"Возможно, кометы были источником доставки воды на Землю, а также источником органических веществ, которые могут формировать белки и поддерживать жизнь.","[""В"",""озм"",""ожн"",""о, "",""ком"",""еты "",""были "",""исто"",""н"",""иком "",""до"",""тавки "",""воды "",""на "",""Зем"",""лю, "",""а так"",""же "",""исто"",""н"",""иком "",""орган"",""ическ"",""их "",""вещ"",""еств"","", "",""кото"",""ые "",""могут "",""форм"",""иров"",""ать "",""бел"",""и "",""и под"",""ерживать "",""жизн"",""ь.""]",39
1328,devtest,331,"Учёные надеются понять, как образуются планеты, особенно то, как образовалась Земля, поскольку кометы сталкивались  с Землёй очень давно.","[""У"",""ён"",""ые "",""над"",""ются "",""пон"",""ять, "",""как"","" "",""образ"",""ются "",""план"",""еты, "",""особ"",""ен"",""но "",""то, "",""как"","" "",""образов"",""ала"",""ь "",""Зем"",""ля, "",""по"",""к"",""ольку "",""ком"",""еты "",""сталкивали"",""ь "","" "",""с "",""Зем"",""лёй "",""очен"",""ь "",""давн"",""о.""]",39
1329,devtest,332,53-летний Куомо начал свою деятельность на посту губернатора в начале этого года и подписал законопроект о легализации однополых браков в прошлом месяце.,"[""53-"",""летн"",""ий "",""Куом"",""о "",""начал "",""сво"","" "",""деятел"",""н"",""ость "",""на "",""по"",""ту "",""губерн"",""ато"",""а "",""в "",""начале "",""этого "",""года "",""и под"",""исал "",""зак"",""он"",""оп"",""роек"",""т "",""о "",""легализа"",""и"",""и "",""одн"",""оп"",""ол"",""х "",""брак"",""ов"","" "",""в "",""про"",""лом "",""месяце.""]",43
1330,devtest,333,"Он назвал эти слухи ""политической болтовнёй и глупостью"".","[""Он"","" "",""назв"",""ал "",""эти "",""слух"",""и "",""\""пол"",""тическ"",""ой "",""болтов"",""н"",""ёй "",""и глупо"",""тью\"".""]",15
1331,devtest,334,"Предполагается, что он будет баллотироваться в президенты в 2016 году.","[""П"",""ред"",""п"",""ол"",""г"",""ается, "",""что "",""он"","" "",""будет "",""балло"",""иров"",""аться "",""в "",""президен"",""ты "",""в "",""2016 "",""году.""]",19
1332,devtest,335,"NextGen — это система, которая, по заверению Федеральной авиационной администрации США, позволит самолетам летать по сокращенным маршрутам и ежегодно экономить миллионы галлонов топлива, а также снизить выбросы углерода.","[""N"",""ext"",""G en  "",""—"","" "",""это "",""систем"",""а, "",""кото"",""ая, "",""по "",""зав"",""ерен"",""ию "",""Феде"",""альн"",""ой "",""авиа"",""ион"",""ной "",""админ"",""истра"",""и"",""и "",""США, "",""поз"","""",""олит "",""сам"",""олетам "",""летать "",""по "",""сок"",""ращен"",""ным "",""мар"",""рутам "",""и ежегодн"",""о "",""эк"",""он"",""омить "",""миллион"",""ы "",""галлон"",""ов"","" "",""топ"",""лив"",""а, "",""а так"",""же "",""снизить "",""выб"",""о"",""ы "",""углерода.""]",57
1333,devtest,336,"Она использует спутниковую технологию вместо старой технологии на основе наземных РЛС, что позволит авиадиспетчерам точнее определять положение самолетов и давать пилотам более точную информацию.","[""Он"",""а "",""использ"",""ет "",""спутн"",""иков"",""ую "",""техн"",""олог"",""ию "",""вмес"",""то "",""ста"",""ой "",""техн"",""олог"",""ии "",""на "",""основ"",""е "",""назем"",""н"",""ых "",""РЛС, "",""что "",""поз"","""",""олит "",""авиадис"",""п"",""етч"",""ер"",""м "",""то"",""н"",""ее "",""опред"",""ел"","""",""ь "",""пол"",""жен"",""ие "",""сам"",""оле"",""ов"","" "",""и давать "",""пило"",""ам "",""более "",""то"",""н"",""ую "",""ин"",""форм"",""аци"",""ю.""]",58
1334,devtest,337,"К Уэмбли не запущено дополнительного транспорта, там не будут останавливаться наземные поезда, кроме того, на поверхности отсутствуют парковки и перехватывающие стоянки.","[""К"","" "",""Уэмбли "",""не "",""зап"",""ущен"",""о "",""доп"",""олнительн"",""ого "",""тран"",""спо"",""та, "",""там "",""не "",""буд"",""т "",""остан"",""ав"",""лив"",""аться "",""назем"",""н"",""ые "",""поезда, "",""кром"",""е "",""того, "",""на "",""пов"",""ерхн"",""ости "",""отсутств"",""уют "",""пар"",""ов"",""ки "",""и пер"",""хватывающ"",""ие "",""сто"",""н"",""ки.""]",43
1335,devtest,338,"Опасения по поводу отсутствия транспорта вызвали предположение о том, что игру, возможно, придётся проводить за закрытыми дверями без болельщиков.","[""Оп"",""а"",""ен"",""ия "",""по "",""пов"",""оду "",""отсутств"",""ия "",""тран"",""спо"",""та "",""вызв"",""али "",""пред"",""пол"",""жен"",""ие "",""о "",""том, "",""что "",""игру, "",""возм"",""ожн"",""о, "",""при"",""ётся "",""пров"",""одить "",""за "",""зак"",""рытыми "",""двер"",""ми "",""без "",""болел"",""щ"",""иков"","".""]",39
1336,devtest,339,"В описании исследования, опубликованного в четверг в журнале Science, говорится о возникновении нового вида птиц на эквадорских Галапагосских островах.","[""В"","" "",""описан"",""ии "",""исследов"",""ан"",""ия, "",""опублик"",""ов"",""ан"",""ного "",""в "",""четвер"","" "",""в "",""журн"",""але "",""Sci en ce, "",""гово"",""ится "",""о "",""возн"",""икнов"",""ен"",""ии "",""нов"",""ого "",""вид"","" "",""пти"","" "",""на "",""эк"",""вадо"",""ск"",""их "",""Галап"",""аго"",""ск"",""их "",""остров"",""ах.""]",42
1337,devtest,340,"Исследователи из Принстонского университета (США) и Уппсальского университета (Швеция) сообщили, что из-за спаривания эндемического зяблика Дарвина (Geospiza fortes) с переселившимся кактусовым зябликом (Geospiza conirostris), новый вид эволюционировал всего за два поколения, хотя считалось, что этот процесс займёт гораздо больше времени.","[""И"","""",""ледов"",""ател"","" "",""из "",""При"","""",""стон"",""ского "",""ун"",""ивер"",""итета "",""(США)"","" "",""и Уппсальск"",""ого "",""ун"",""ивер"",""итета "",""(Швеция) "",""сообщ"",""или, "",""что "",""из-"",""за "",""спа"",""иван"",""ия "",""эн"",""дем"",""ическ"",""ого "",""зяблик"",""а "",""Дарвин"",""а "",""(Geospiza "",""for te s) "",""с "",""пер"",""селив"",""ш"",""имся "",""как"",""тусов"",""ым "",""зяблик"",""ом "",""(Geospiza "",""conirostris), "",""нов"",""ый "",""вид "",""эволюцион"",""иров"",""ал "",""всего "",""за "",""два "",""пок"",""олен"",""ия, "",""хотя "",""считало"",""ь, "",""что "",""это"","" "",""про"",""есс "",""займ"",""ёт "",""го"",""аздо "",""больш"",""е "",""врем"",""ен"",""и.""]",80
1338,devtest,341,Золоту можно придать любую форму. Его можно cкатать в очень малые формы.,"[""З"",""ол"",""о"",""у "",""можн"",""о "",""при"",""ать "",""люб"",""ую "",""форм"",""у. "",""Его "",""можн"",""о "",""cк"",""атать "",""в "",""очен"",""ь "",""мал"",""е "",""форм"",""ы.""]",24
1339,devtest,342,"Его можно вытянуть в тонкую проволоку, которую можно сплетать и платировать. Оно может быть чеканным или свернутым в рулоны.","[""Ег"",""о "",""можн"",""о "",""выт"",""н"",""уть "",""в "",""тон"",""кую "",""пров"",""олок"",""у, "",""кото"",""ую "",""можн"",""о "",""сплетать "",""и пла"",""иров"",""ать. "",""Он"",""о "",""може"","" "",""быть "",""чек"",""ан"",""ным "",""или "",""све"","""","""",""утым "",""в "",""рулон"",""ы.""]",37
1340,devtest,343,"Его можно сделать очень тонким и присоединить на другой метал. Его можно сделать настолько тонким, что иногда его использовали для украшения расписанных вручную иллюстраций в книгах – так называемая ""лицевая рукопись"".","[""Ег"",""о "",""можн"",""о "",""сделать "",""очен"",""ь "",""тон"",""ким "",""и при"",""оедин"",""ить "",""на "",""друг"",""ой "",""мет"",""л. "",""Его "",""можн"",""о "",""сделать "",""настол"",""ьк"",""о "",""тон"",""ким, "",""что "",""ин"",""огда "",""его "",""использов"",""али "",""для "",""украшен"",""ия "",""расп"",""исан"",""ных "",""вручн"",""ую "",""иллюстра"",""и"",""й "",""в "",""книгах "",""– "",""так"","" "",""называем"",""ая "",""\""лицев"",""ая "",""рукоп"",""ись\"".""]",54
1341,devtest,344,Это называется pH химического вещества. Вы можете сделать индикатор при помощи сока красной капусты.,"[""Э"",""о "",""наз"",""вается "",""pH хим"",""ическ"",""ого "",""веществ"",""а. "",""Вы може"",""е "",""сделать "",""ин"",""дик"",""ато"","" "",""при "",""пом"",""ощи "",""сок"",""а "",""кра"",""н"",""ой "",""кап"",""усты.""]",26
1342,devtest,345,"Капустный сок меняет цвет в зависимости от того, насколько кислотным или щелочным является химическое вещество.","[""К"",""ап"",""у"",""тн"",""ый "",""сок"","" "",""мен"",""яет "",""цвет "",""в "",""зав"",""исим"",""о"",""ти "",""от "",""того, "",""наск"",""олько "",""кисло"",""н"",""ым "",""или "",""щел"","""",""н"",""ым "",""является "",""хим"",""ическ"",""ое "",""веществ"",""о.""]",33
1343,devtest,346,Показатель pH определяется степенью насыщенности ионами водорода (H в pH) исследуемого химического соединения.,"[""П"",""ок"",""аза"",""ел"","" "",""pH опред"",""ел"",""ется "",""степ"",""ен"",""ью "",""нас"",""щен"",""ности "",""ион"",""ами "",""водо"",""ода "",""(H в "",""pH) "",""исслед"",""ем"",""ого "",""хим"",""ическ"",""ого "",""соедин"",""ен"",""ия.""]",29
1344,devtest,347,"Ионы водорода — это протоны, от которых отделены электроны (атомы водорода состоят из одного протона и одного электрона).","[""Ион"",""ы "",""водо"",""ода "",""— "",""это "",""про"",""он"",""ы, "",""от "",""кото"",""ых "",""отделен"",""ы "",""элек"",""трон"",""ы "",""(атом"",""ы "",""водо"",""ода "",""со"",""тоят "",""из "",""одн"",""ого "",""про"",""он"",""а "",""и одн"",""ого "",""элек"",""трон"",""а).""]",34
1345,devtest,348,"Получите новую смесь, перемешав два сухих порошка в одной емкости, а затем чистыми влажными руками слепите из этой смеси шарик.","[""П"",""ол"",""чите "",""нов"",""ую "",""смесь, "",""пер"",""м"",""ешав "",""два "",""сух"",""их "",""по"",""ошка "",""в "",""одн"",""ой "",""емкости, "",""а за"",""ем"","" "",""чи"",""тыми "",""влажн"",""ыми "",""руками "",""слеп"",""ите "",""из "",""этой "",""смеси "",""шарик"","".""]",33
1346,devtest,349,"Влага на ваших руках вступит в реакцию с верхним слоем, что будет необычно, затем сформируется подобие оболочки.","[""В"",""лаг"",""а "",""на "",""ваш"",""их "",""руках "",""вст"",""пит "",""в "",""реак"",""цию "",""с "",""вер"",""н"",""им "",""слоем"","", "",""что "",""будет "",""необычн"",""о, "",""за"",""ем"","" "",""сформир"",""ется "",""под"",""б"",""ие "",""оболо"",""ки.""]",32
1347,devtest,350,"Почти в каждом доме городов Хараппа и Мохенджо-Даро был туалет со смывом, подключённый к сложной канализационной системе.","[""П"",""о"",""ти "",""в "",""каждом"","" "",""дом"",""е "",""го"",""одов"","" "",""Харапп"",""а "",""и Мохен"",""джо-"",""Даро "",""был "",""туале"","" "",""со "",""смывом, "",""под"","""",""лючён"",""ный "",""к "",""сложн"",""ой "",""кан"",""ализаци"",""он"",""ной "",""систем"",""е.""]",34
1348,devtest,351,Сохранившиеся фрагменты канализационных систем были обнаружены в домах минойских городов на островах Крит и Санторин в Греции.,"[""Со"",""ран"",""ивш"",""иеся "",""фраг"",""мен"",""ты "",""кан"",""ализа"",""и"",""он"",""ных "",""систем"","" "",""были "",""обн"",""аружен"",""ы "",""в "",""дом"",""ах "",""мин"",""ойск"",""их "",""го"",""одов"","" "",""на "",""остров"",""ах "",""Кри"","" "",""и Сан"",""торин"","" "",""в "",""Гре"",""ии.""]",38
1349,devtest,352,"Туалеты были также в Древнем Египте, Персии и Китае. В римской цивилизации туалеты иногда были частью общественных бань, где мужчины и женщины мылись вместе.","[""Т"","""",""але"","""","" "",""были "",""так"",""же "",""в "",""Древ"",""н"",""ем "",""Егип"",""те, "",""Пер"",""ии "",""и Китае. "",""В "",""римск"",""ой "",""цивилиза"",""и"",""и "",""туале"",""ы "",""ин"",""огда "",""были "",""частью "",""общ"",""еств"",""ен"",""ных "",""бан"",""ь, "",""где "",""мужчин"",""ы "",""и жен"",""щин"",""ы "",""мыли"",""ь "",""вместе.""]",44
1350,devtest,353,"Когда вы звоните кому-то за тысячи миль от вас, вы используете спутник.","[""К"",""ог"",""да "",""вы звон"",""ите "",""ком"",""у-"",""то "",""за "",""тысячи "",""миль "",""от "",""вас, "",""вы использ"",""ете "",""спутн"",""ик.""]",17
1351,devtest,354,Спутник в космосе принимает звонок и практически мгновенно отражает его обратно вниз.,"[""Сп"",""утн"",""ик "",""в "",""космо"",""е "",""при"","""",""имает "",""звон"",""ок "",""и прак"",""тическ"",""и "",""мгн"",""ов"",""ен"",""но "",""отр"",""жает "",""его "",""обратн"",""о "",""вн"",""из.""]",25
1352,devtest,355,"Спутник был доставлен в космос ракетой. Ученые используют телескопы в космосе, потому что атмосфера Земли в некоторой степени искажает наш свет и обзор.","[""Сп"",""утн"",""ик "",""был "",""до"",""тавлен"","" "",""в "",""космо"","" "",""рак"",""етой. "",""Учен"",""ые "",""использ"",""ют "",""тел"","""",""к"",""опы "",""в "",""космо"",""е, "",""по"",""ому "",""что "",""атмо"",""фер"","" "",""Зем"",""ли "",""в "",""нек"",""ото"",""ой "",""степ"",""ен"",""и "",""иск"",""ажает "",""наш"","" "",""све"","" "",""и обзо"","".""]",46
1353,devtest,356,Для запуска в космос спутника или телескопа необходима гигантская ракета высотой более 100 футов.,"[""Д"",""ля "",""зап"",""уск"",""а "",""в "",""космо"","" "",""спутн"",""ика "",""или "",""тел"","""",""к"",""опа "",""необходим"",""а "",""гиган"",""тск"",""ая "",""рак"",""ета "",""высо"",""ой "",""более "",""100 "",""футов"","".""]",28
1354,devtest,357,"Колесо невероятным образом изменило наш мир. Самое главное, что колесо сделало для нас, — подарило нам гораздо более лёгкую и быструю транспортировку.","[""К"",""ол"","""",""о "",""нев"",""ер"","""",""тн"",""ым "",""образом"","" "",""измен"",""ило "",""наш"","" "",""мир. "",""Сам"",""ое "",""глав"",""н"",""ое, "",""что "",""кол"",""со "",""сделало "",""для "",""нас, "",""— "",""под"",""рило "",""нам "",""го"",""аздо "",""более "",""лёгк"",""ую "",""и быстр"",""ю "",""тран"",""спо"",""тиров"",""ку.""]",42
1355,devtest,358,"Оно дало нам поезд, автомобиль и многие другие транспортные средства.","[""Он"",""о "",""дало "",""нам "",""поезд, "",""авто"","""",""об"",""иль "",""и многие "",""друг"",""ие "",""тран"",""спо"",""тн"",""ые "",""средств"",""а.""]",18
1356,devtest,359,"Под ними находятся большее количество кошек среднего размера, которые едят некрупную по величине добычу от кроликов до антилоп и оленей.","[""П"",""од"","" "",""ними "",""наход"",""тся "",""больш"",""ее "",""кол"",""честв"",""о "",""ко"",""ек"","" "",""средн"",""его "",""разм"",""ера, "",""кото"",""ые "",""едят "",""нек"",""рупн"",""ую "",""по "",""вели"",""ин"",""е "",""доб"",""ычу "",""от "",""кролик"",""ов"","" "",""до "",""ан"",""тилоп"","" "",""и олен"",""ей.""]",40
1357,devtest,360,"И наконец, многие маленькие кошки (включая гуляющих домашних кошек), едят и охотятся на намного более многочисленных мелких животных, наподобие насекомых, грызунов, ящериц и птиц.","[""И "",""нак"",""он"",""ец, "",""мн"",""огие "",""мален"",""ькие "",""кошки "",""(включая "",""гуляющ"",""их "",""дом"",""ашн"",""их "",""кошек"",""), "",""едят "",""и охо"",""ятся "",""на "",""намного "",""более "",""много"",""ислен"",""ных "",""мел"","""",""их "",""живо"",""н"",""ых, "",""нап"",""од"",""б"",""ие "",""насек"",""омых, "",""гр"",""зун"",""ов"","", "",""ящериц "",""и пти"","".""]",45
1358,devtest,361,"Секрет их успеха заключается в концепции ниши, особой работы, которую выполняет каждый вид кошек, что удерживает его от конкуренции с другими.","[""Сек"",""рет "",""их "",""успеха "",""зак"",""лючается "",""в "",""кон"",""цепции "",""ниши, "",""особ"",""ой "",""рабо"",""ы, "",""кото"",""ую "",""выполняет "",""кажд"",""й "",""вид "",""кошек"","", "",""что "",""удерживает "",""его "",""от "",""кон"",""курен"",""ции "",""с "",""друг"",""ими.""]",32
1359,devtest,362,"Львы — самые социальные кошки, живущие в больших группах, которые называются прайдами.","[""Л"","""",""в"",""ы "",""— "",""сам"",""ые "",""со"",""иальн"",""ые "",""кошки, "",""жив"",""щ"",""ие "",""в "",""больш"",""их "",""группах, "",""кото"",""ые "",""называются "",""прайдам"",""и.""]",23
1360,devtest,363,"В состав прайда входит от одного до трех взрослых самцов, находящихся в родстве, а также самок и детенышей, число которых может доходить до тридцати.","[""В"","" "",""со"",""тав "",""прайда "",""входи"","" "",""от "",""одн"",""ого "",""до "",""тре"","" "",""вз"",""о"",""лых "",""сам"",""цов"","", "",""наход"",""щ"",""ихся "",""в "",""род"",""тв"",""е, "",""а так"",""же "",""сам"",""ок"","" "",""и дет"",""н"",""ышей, "",""чи"",""ло "",""кото"",""ых "",""може"","" "",""до"",""оди"",""ь "",""до "",""три"",""цати.""]",46
1361,devtest,364,Самки обычно находятся друг с другом в родстве и составляют большую семью сестёр и дочерей.,"[""Сам"",""ки "",""обычн"",""о "",""находятся "",""друг"","" "",""с "",""друг"",""ом "",""в "",""род"",""тв"",""е "",""и со"",""тавля"",""т "",""больш"",""ую "",""сем"",""ью "",""сестёр "",""и до"",""ер"",""й.""]",25
1362,devtest,365,"Львиные прайды ведут себя очень похоже со стаями волков или собак — животных, которые по повадкам удивительно похожи на львов (но не других крупных кошек) и тоже очень опасны для своих жертв.","[""Л"","""",""в"",""ин"",""ые "",""прайды "",""вед"",""т "",""себя "",""очен"",""ь "",""по"",""оже "",""со "",""ста"",""ми "",""волков"","" "",""или "",""соб"",""ак "",""— "",""живо"",""н"",""ых, "",""кото"",""ые "",""по "",""пов"",""адкам "",""удивительн"",""о "",""по"",""ожи "",""на "",""львов"","" "",""(но "",""не "",""друг"",""их "",""крупн"",""ых "",""кошек"","") "",""и тоже "",""очен"",""ь "",""опасн"",""ы "",""для "",""своих "",""жер"",""в.""]",54
1363,devtest,366,"Будучи всесторонне развитым атлетом, тигр может взбираться на деревья (хотя и не очень хорошо), плавать, прыгать на большие расстояния и тянуть с силой пяти крепких человек.","[""Б"",""уд"",""чи "",""все"","""",""то"",""он"",""не "",""разв"",""итым "",""атле"",""ом, "",""тигр "",""може"","" "",""взб"",""ираться "",""на "",""дерев"",""ья "",""(хо"",""я "",""и не "",""очен"",""ь "",""хорош"",""о), "",""плавать, "",""прыг"",""ать "",""на "",""больш"",""ие "",""рас"",""то"",""н"",""ия "",""и тян"",""уть "",""с "",""силой "",""пяти "",""креп"",""к"",""их "",""челов"",""ек.""]",47
1364,devtest,367,"Тигр принадлежит к тому же роду (Пантеры), что и львы, леопарды и ягуары. Эти четыре кошки — единственные, кто обладает способностью рычать.","[""Т"",""иг"","""","" "",""при"","""",""адлежит "",""к "",""тому "",""же "",""роду "",""(Пан"",""тер"",""), "",""что "",""и львы, "",""леоп"",""арды "",""и ягуары. "",""Эти "",""чет"",""ре "",""кошки "",""— "",""един"",""ств"",""ен"",""ные, "",""кто "",""обладает "",""спо"",""об"",""ностью "",""рыча"",""ь.""]",35
1365,devtest,368,"Тигриный рык не похож на полнозвучный рык льва, а больше напоминает выкрикивание предложений из неразборчивых слов.","[""Т"",""иг"","""",""ин"",""ый "",""рык "",""не "",""по"",""ож "",""на "",""пол"",""озв"",""учн"",""ый "",""рык "",""льва, "",""а больш"",""е "",""нап"",""ом"",""ин"",""ает "",""вык"",""рикиван"",""ие "",""пред"",""ложен"",""ий "",""из "",""нер"",""зб"",""орчив"",""х "",""слов"","".""]",35
1366,devtest,369,"Оцелоты любят поедать мелких животных. Если представится случай, они будут ловить обезьян, змей, грызунов и птиц. Почти все зверьки, на которых охотится оцелот, гораздо меньше него.","[""О"",""ел"","""",""ы "",""люб"",""ят "",""поед"",""ать "",""мел"","""",""их "",""живо"",""н"",""ых. "",""Если "",""пред"",""став"",""ится "",""слу"",""ай, "",""он"",""и "",""буд"",""т "",""лов"",""ить "",""обез"",""ян"","", "",""зм"",""ей, "",""гр"",""зун"",""ов"","" "",""и пти"","". "",""По"",""ти "",""все "",""зверьк"",""и, "",""на "",""кото"",""ых "",""охо"",""ится "",""оцело"","", "",""го"",""аздо "",""мен"",""ьш"",""е "",""него.""]",55
1367,devtest,370,"Учёные считают, что оцелоты идут по следу животных и находят добычу по запаху, отслеживая с помощью обоняния ее передвижения по земле.","[""У"",""ён"",""ые "",""считают, "",""что "",""оцело"",""ы "",""ид"",""т "",""по "",""след"","" "",""живо"",""н"",""ых "",""и наход"",""т "",""доб"",""ычу "",""по "",""зап"",""аху, "",""отслеживая "",""с "",""пом"",""ощью "",""обон"",""ян"",""ия "",""ее "",""пер"",""дв"",""ижен"",""ия "",""по "",""зем"",""ле.""]",37
1368,devtest,371,"Они умеют отлично видеть в темноте при помощи ночного видения и почти незаметно передвигаться. Оцелоты выслеживают добычу, сливаясь с окружающей обстановкой, а затем набрасываются на добычу.","[""Он"",""и "",""умеют "",""отличн"",""о "",""вид"",""ть "",""в "",""тем"",""ноте "",""при "",""пом"",""ощи "",""ночн"",""ого "",""вид"",""н"",""ия "",""и по"",""ти "",""нез"",""м"",""етн"",""о "",""пер"",""дв"",""игаться. "",""Оцело"",""ы "",""выслеживают "",""доб"",""ычу, "",""сли"","""",""аясь "",""с "",""ок"",""ружающ"",""ей "",""обстан"",""ов"",""кой, "",""а за"",""ем"","" "",""наб"",""расываются "",""на "",""доб"",""ычу.""]",50
1369,devtest,372,"Когда небольшая группа живых организмов (маленькая популяция) отделяется от основной популяции, из которой они произошли (например, если они переходят через горный хребет или реку, или, если они перемещаются на новый остров, с которого не могут легко вернуться), то они часто оказываются в среде, которая отличается от той, в которой они находились ранее.","[""К"",""ог"",""да "",""небольш"",""ая "",""гр"",""ппа "",""жив"",""х "",""орган"",""измов "",""(мал"",""н"",""ькая "",""поп"",""уляция) "",""отд"",""ляется "",""от "",""основ"",""н"",""ой "",""поп"",""уляции, "",""из "",""кото"",""ой "",""он"",""и "",""произо"",""ли "",""(нап"",""ример, "",""если "",""он"",""и "",""пер"",""ходят "",""чер"",""з "",""го"",""н"",""ый "",""хребет "",""или "",""рек"",""у, "",""или, "",""если "",""он"",""и "",""пер"",""м"",""ещаются "",""на "",""нов"",""ый "",""остров"","", "",""с "",""кото"",""ого "",""не "",""могут "",""легк"",""о "",""вер"","""",""уться), "",""то "",""он"",""и "",""часто "",""ок"",""азываются "",""в "",""среде, "",""кото"",""ая "",""отли"",""ается "",""от "",""той, "",""в "",""кото"",""ой "",""он"",""и "",""находили"",""ь "",""ран"",""ее.""]",92
1370,devtest,373,"У этой новой среды есть другие ресурсы и другие конкуренты, поэтому новой популяции будут необходимы другие характеристики или изменения, по сравнению с теми, которые у неё были раньше, чтобы стать сильным соперником.","[""У "",""этой "",""нов"",""ой "",""среды "",""есть "",""друг"",""ие "",""рес"",""р"",""ы "",""и друг"",""ие "",""кон"",""курен"",""ты, "",""по"",""тому "",""нов"",""ой "",""популяции "",""буд"",""т "",""необходим"",""ы "",""друг"",""ие "",""харак"",""тер"",""стик"",""и "",""или "",""измен"",""ен"",""ия, "",""по "",""срав"",""н"",""ен"",""ию "",""с "",""тем"",""и, "",""кото"",""ые "",""у "",""неё "",""были "",""ран"",""ьш"",""е, "",""чтобы "",""ста"",""ь "",""сильн"",""ым "",""соп"",""ер"","""",""иком.""]",60
1371,devtest,374,"Исходная популяция совсем не изменилась — она всё ещё нуждается в тех же адаптациях, что и раньше.","[""И"","""",""одн"",""ая "",""поп"",""уляция "",""сов"",""сем"","" "",""не "",""измен"",""илась "",""— "",""он"",""а "",""всё "",""ещё "",""нуждается "",""в "",""тех "",""же "",""адап"",""тация"","", "",""что "",""и ран"",""ьш"",""е.""]",28
1372,devtest,375,"С течением времени, по мере того как новая популяция начинает адаптироваться к новой среде, она начинает всё меньше и меньше походить на остальную популяцию.","[""С "",""течен"",""ием "",""врем"",""ен"",""и, "",""по "",""мер"","" "",""того "",""как"","" "",""нов"",""ая "",""популяция "",""начин"",""ает "",""адап"",""тиров"",""аться "",""к "",""нов"",""ой "",""среде, "",""он"",""а "",""начин"",""ает "",""всё "",""мен"",""ьш"",""е "",""и мен"",""ьш"",""е "",""по"",""оди"",""ь "",""на "",""остальн"",""ую "",""поп"",""уляцию.""]",43
1373,devtest,376,"Со временем, через тысячи или даже миллионы лет эти две популяции будут выглядеть настолько по-разному, что нельзя будет сказать, что это один и тот же вид.","[""Со "",""врем"",""ен"",""ем"","", "",""чер"",""з "",""тысячи "",""или "",""даже "",""миллион"",""ы "",""лет "",""эти "",""две "",""поп"",""уляции "",""буд"",""т "",""выг"",""лядеть "",""нас"",""ол"",""ьк"",""о "",""по-разн"",""ому, "",""что "",""нел"",""зя "",""будет "",""ск"",""азать, "",""что "",""это "",""один"","" "",""и то"","" "",""же "",""вид.""]",41
1374,devtest,377,"Мы называем этот процесс образованием видов, то есть возникновением новых видов. Образование видов является обязательным следствием и крайне существенной частью эволюции.","[""М"",""ы называем"","" "",""это"","" "",""про"",""есс "",""образов"",""ан"",""ием "",""вид"",""в"","", "",""то "",""есть "",""возн"",""икнов"",""ен"",""ием "",""нов"",""ых "",""вид"",""в"","". "",""Образов"",""ан"",""ие "",""вид"",""в"","" "",""является "",""обязател"",""н"",""ым "",""след"",""тв"",""ием"","" "",""и кра"",""н"",""е "",""существ"",""ен"",""ной "",""частью "",""эволюции.""]",46
1375,devtest,378,"Растения производят кислород, которым дышит человек, и поглощают углекислый газ, который человек выдыхает.","[""Р"","""","""","""",""ен"",""ия "",""произв"",""одят "",""кисло"",""од, "",""кото"",""ым "",""дышит "",""челов"",""ек, "",""и пог"",""ло"",""ают "",""углек"",""ислый "",""газ, "",""кото"",""ый "",""челов"",""ек "",""выд"",""хает.""]",27
1376,devtest,379,"Растения питаются от солнца при помощи фотосинтеза. Кроме того, они отбрасывают тень.","[""Р"","""","""","""",""ен"",""ия "",""питаются "",""от "",""сол"",""ца "",""при "",""пом"",""ощи "",""фото"",""ин"",""теза. "",""Кром"",""е "",""того, "",""он"",""и "",""отбрасывают "",""тен"",""ь.""]",24
1377,devtest,380,Мы строим наши дома и изготавливаем одежду из растений. Большая часть нашей пищи — это растения. Без растений животные не смогли бы выжить.,"[""М"",""ы стр"",""им"","" "",""наш"",""и "",""дом"",""а "",""и изготавлив"",""аем"","" "",""одежд"","" "",""из "",""рас"",""ен"",""ий. "",""Больш"",""ая "",""част"","" "",""наш"",""ей "",""пищи "",""— "",""это "",""рас"",""ен"",""ия. "",""Без "",""рас"",""ен"",""ий "",""живо"",""н"",""ые "",""не "",""смогли "",""бы "",""выжи"",""ь.""]",41
1378,devtest,381,"Мозазавр был самым грозным хищником своего времени, поэтому он не боялся никого кроме других мозазавров.","[""М"",""озаз"",""ав"",""р "",""был "",""сам"",""ым "",""грозн"",""ым "",""хищн"",""иком "",""своего "",""врем"",""ен"",""и, "",""по"",""тому "",""он"","" "",""не "",""бо"",""лся "",""никого "",""кром"",""е "",""друг"",""их "",""мозазав"",""ров"","".""]",30
1379,devtest,382,"Его длинные челюсти были усеяны более чем 70 острейшими зубами, вдобавок имелся дополнительный ряд на нёбе, так что тем, кто встречался на его пути, не было спасения.","[""Ег"",""о "",""длин"",""ные "",""челюсти "",""были "",""усеян"",""ы "",""более "",""чем"","" "",""70 "",""острейш"",""ими "",""зубами, "",""вдоб"",""авок"","" "",""имелся "",""доп"",""олнительн"",""ый "",""ряд "",""на "",""нёбе, "",""так"","" "",""что "",""тем"","", "",""кто "",""встречался "",""на "",""его "",""пути, "",""не "",""было "",""спа"",""ен"",""ия.""]",40
1380,devtest,383,"Нам точно не известно, но не исключается, что его язык был раздвоен. Он питался черепахами, большими рыбами, прочими мозазавры, а мог быть и каннибалом.","[""Н"",""ам "",""то"",""н"",""о "",""не "",""известн"",""о, "",""но "",""не "",""иск"",""лючается, "",""что "",""его "",""язык "",""был "",""разд"","""",""оен"","". "",""Он"","" "",""питался "",""чер"",""п"",""ахами, "",""больш"",""ими "",""рыбами, "",""про"",""ими "",""мозазав"",""ры, "",""а мог "",""быть "",""и кан"",""нибалом"","".""]",38
1381,devtest,384,"Он также атаковал все, что входило в воду; даже гигантский динозавр, такой как тиранозавр, не сравнился бы с ним.","[""Он"","" "",""так"",""же "",""атак"",""ов"",""ал "",""все, "",""что "",""входило "",""в "",""воду; "",""даже "",""гиган"",""тск"",""ий "",""дин"",""озав"",""р, "",""так"",""ой "",""как"","" "",""тиран"",""озав"",""р, "",""не "",""срав"",""н"",""ился "",""бы "",""с "",""ним.""]",33
1382,devtest,385,"Несмотря на то, что большая часть их еды была бы нам знакома, у римлян всё-таки были свои странные и необычные блюда, подаваемые во время пиршеств. Например, кабан, павлин, улитки и такой вид грызуна, как соня.","[""Н"",""есмо"",""р"","" "",""на "",""то, "",""что "",""больш"",""ая "",""часть "",""их "",""еды "",""была "",""бы "",""нам "",""зн"",""акома, "",""у "",""римлян"","" "",""всё-"",""так"",""и "",""были "",""свои "",""стр"",""н"",""ные "",""и необычн"",""ые "",""блюда, "",""под"",""ваем"",""ые "",""во "",""врем"",""я "",""пир"",""еств"","". "",""Нап"",""ример, "",""кабан"","", "",""павлин"","", "",""улитки "",""и так"",""ой "",""вид "",""грызун"",""а, "",""как"","" "",""сон"",""я.""]",56
1383,devtest,386,"Было и иное отличие: в то время как бедные люди и женщина ели, сидя на стульях, богатеям нравилось устраивать совместные пирушки, во время которых они ели, лежа на боку.","[""Б"",""ыло "",""и ин"",""ое "",""отличие: "",""в "",""то "",""врем"",""я "",""как"","" "",""бедн"",""ые "",""люди "",""и жен"",""щин"",""а "",""ели, "",""сидя "",""на "",""стулья"","", "",""бог"",""а"",""еям "",""нрав"",""ило"",""ь "",""устраив"",""ать "",""сов"",""местн"",""ые "",""пир"",""шки, "",""во "",""врем"",""я "",""кото"",""ых "",""он"",""и "",""ели, "",""лежа "",""на "",""бок"",""у.""]",47
1384,devtest,387,"Рацион древних римлян не мог включать продукты, которые попали в Европу из Америки или Азии в последующие века.","[""Р"","""","""",""ион"","" "",""древ"",""н"",""их "",""римлян"","" "",""не "",""мог "",""включать "",""прод"",""укты, "",""кото"",""ые "",""попали "",""в "",""Европ"",""у "",""из "",""Америк"",""и "",""или "",""Азии "",""в "",""по"",""ледующ"",""ие "",""век"",""а.""]",32
1385,devtest,388,"В частности, у них не было ни кукурузы, ни томатов, ни картофеля, ни какао, и ни один древний римлянин не пробовал индейку.","[""В"","" "",""частн"",""ости, "",""у "",""них "",""не "",""было "",""ни кукуруз"","", "",""ни томатов"","", "",""ни карто"",""еля, "",""ни как"",""ао, "",""и ни один"","" "",""древ"",""н"",""ий "",""римлян"",""ин"","" "",""не "",""проб"",""овал "",""ин"",""дейк"",""у.""]",30
1386,devtest,389,"Вавилоняне строили каждому из богов по главному святилищу, считавшемуся жилищем бога.","[""В"",""ав"",""илон"",""ян"",""е "",""стр"",""или "",""каждом"",""у "",""из "",""богов"","" "",""по "",""глав"",""н"",""ому "",""святили"",""у, "",""счи"",""авш"",""емуся "",""жили"",""ем "",""бога.""]",24
1387,devtest,390,"Люди совершали жертвоприношения богам, и жрецы старались угодить желаниям богов на церемониях и празднествах.","[""Л"","""",""д"",""и "",""сов"",""ершали "",""жер"",""в"",""оп"",""ри"","""",""ошен"",""ия "",""богам, "",""и жрецы "",""ста"",""али"",""ь "",""угодить "",""желан"",""иям "",""богов"","" "",""на "",""цер"",""м"",""он"",""иях "",""и праз"",""дн"",""еств"",""ах.""]",32
1388,devtest,391,"Каждый храм имел открытый храмовый двор и внутреннее святилище, в которое могли заходить только священники.","[""К"",""аж"",""д"","""",""й "",""храм "",""имел "",""отк"",""рытый "",""храмов"",""ый "",""дво"","" "",""и вн"",""утрен"",""нее "",""святили"",""е, "",""в "",""кото"",""ое "",""могли "",""за"",""оди"",""ь "",""тольк"",""о "",""священ"",""ники.""]",29
1389,devtest,392,"Иногда в качестве элементов храма сооружали особые башни в форме пирамид под названием ""зиккураты"".","[""Ин"",""огда "",""в "",""качеств"",""е "",""элем"",""ен"",""тов"","" "",""храма "",""сооружали "",""особ"",""ые "",""башн"",""и "",""в "",""форм"",""е "",""пирамид "",""под "",""назв"",""ан"",""ием "",""\""зик"",""кураты\"".""]",25
1390,devtest,393,Верхушка башни представляла собой особенное святилище для бога.,"[""В"",""ер"",""ушка "",""башн"",""и "",""пред"",""став"",""ляла "",""соб"",""ой "",""особ"",""ен"",""ное "",""святили"",""е "",""для "",""бога.""]",17
1391,devtest,394,В тёплом климате Ближнего Востока дом не имел особого значения.,"[""В"","" "",""тёплом"","" "",""клима"",""е "",""Ближн"",""его "",""Во"",""ток"",""а "",""дом"","" "",""не "",""имел "",""особ"",""ого "",""зн"",""ачен"",""ия.""]",20
1392,devtest,395,Большая часть жизни еврейской семьи проходила на открытом воздухе.,"[""Б"",""ольш"",""ая "",""част"","" "",""жизн"",""и "",""еврейск"",""ой "",""сем"",""ьи "",""про"",""одила "",""на "",""отк"",""рытом "",""возд"",""хе.""]",18
1393,devtest,396,"Женщины готовили во дворе; магазинами были открытые прилавки, выходящие на улицу. Для строительства домов использовался камень.","[""Ж"",""ен"",""щин"",""ы "",""го"",""ов"",""или "",""во "",""дво"",""е; "",""магазин"",""ами "",""были "",""отк"",""рытые "",""при"",""ав"",""ки, "",""выходящ"",""ие "",""на "",""улицу. "",""Для "",""стр"",""ительств"",""а "",""дом"",""ов"","" "",""использов"",""ался "",""кам"",""ен"",""ь.""]",34
1394,devtest,397,"На земле Ханаана не было больших лесов, поэтому древесина была чрезвычайно дорогой.","[""Н"",""а "",""зем"",""ле "",""Хан"",""аан"",""а "",""не "",""было "",""больш"",""их "",""лесов"","", "",""по"",""тому "",""древ"",""есин"",""а "",""была "",""чрезв"",""ычайн"",""о "",""до"",""ог"",""ой.""]",25
1395,devtest,398,"Гренландия была слабо заселена. В скандинавских сагах повествуется о том, что Эрика Рыжего изгнали из Исландии за убийство, и, продвигаясь дальше на запад, он открыл Гренландию и дал ей название.","[""Г"",""рен"",""лан"",""дия "",""была "",""слаб"",""о "",""за"",""елен"",""а. "",""В "",""ск"",""ан"",""дин"",""авск"",""их "",""сагах "",""пов"",""еств"",""уется "",""о "",""том, "",""что "",""Эри"","""",""а "",""Рыжего "",""изгн"",""али "",""из "",""Ислан"",""дии "",""за "",""убийств"",""о, "",""и, "",""прод"",""вигая"",""ь "",""дальш"",""е "",""на "",""зап"",""ад, "",""он"","" "",""отк"",""рыл "",""Грен"",""лан"",""дию "",""и дал "",""ей "",""назв"",""ан"",""ие.""]",56
1396,devtest,399,"Но вне зависимости от его открытия, в то время там уже проживали племена эскимосов.","[""Н"",""о "",""вн"",""е "",""зав"",""исим"",""о"",""ти "",""от "",""его "",""отк"",""рытия, "",""в "",""то "",""врем"",""я "",""там "",""уже "",""проживали "",""плем"",""ен"",""а "",""эск"",""имо"",""ов"","".""]",26
1397,devtest,400,"Хотя каждая из стран была скандинавской, существовало много различий между народами, правителями, традициями и историей Дании, Швеции, Норвегии и Исландии.","[""Х"",""о"",""я "",""кажда"","" "",""из "",""стр"",""н"","" "",""была "",""ск"",""ан"",""дин"",""авск"",""ой, "",""существ"",""ов"",""ало "",""мн"",""ого "",""различий "",""межд"","" "",""нар"",""дами, "",""прав"",""ителям"",""и, "",""традициями "",""и исто"",""ией "",""Дан"",""ии, "",""Швеции, "",""Норвегии "",""и Ислан"",""дии.""]",37
1398,devtest,401,"Если вы смотрели фильм ""Сокровище нации"", то можете подумать, что на оборотной стороне Декларации независимости была изображена карта сокровищ.","[""Е"",""ли "",""вы смо"",""рели "",""фильм "",""\""Сок"",""ров"",""ище "",""нации\"", "",""то "",""може"",""е "",""под"",""мать, "",""что "",""на "",""обо"",""отн"",""ой "",""сто"",""он"",""е "",""Дек"",""лараци"",""и "",""нез"",""в"",""исим"",""о"",""ти "",""была "",""изоб"",""ражен"",""а "",""карта "",""сок"",""ров"",""ищ.""]",38
1399,devtest,402,"Однако это неправда. Хотя что-то и написано на обороте документа, это не карта сокровищ.","[""Од"",""н"",""ако "",""это "",""неп"",""рав"",""да. "",""Хо"",""я "",""что-"",""то "",""и нап"",""исан"",""о "",""на "",""обо"",""оте "",""док"",""умен"",""та, "",""это "",""не "",""карта "",""сок"",""ров"",""ищ.""]",26
1400,devtest,403,"На обратной стороне Декларации независимости написано: ""Настоящая Декларация независимости подписана 4 июля 1776 года"". Текст написан внизу документа и вверх ногами.","[""Н"",""а "",""обра"",""н"",""ой "",""сто"",""он"",""е "",""Дек"",""лараци"",""и "",""нез"",""в"",""исим"",""о"",""ти "",""нап"",""исан"",""о: "",""\""Нас"",""о"",""щ"",""ая "",""Дек"",""лараци"",""я "",""нез"",""в"",""исим"",""о"",""ти "",""под"",""исан"",""а "",""4 июля "",""1776 "",""года\"". "",""Тек"",""ст "",""нап"",""исан"","" "",""вн"",""изу "",""док"",""умен"",""та "",""и ввер"","" "",""ногами.""]",50
1401,devtest,404,"Хотя никто не знает наверняка, кто его написал, известно, что в начале своего существования этот большой пергаментный документ (размером 29¾ на 24½ дюйма) был свёрнут для более удобного хранения.","[""Х"",""о"",""я "",""никто "",""не "",""зн"",""ает "",""нав"",""ерн"",""яка, "",""кто "",""его "",""нап"",""исал, "",""известн"",""о, "",""что "",""в "",""начале "",""своего "",""существ"",""ов"",""ан"",""ия "",""это"","" "",""больш"",""ой "",""пер"",""амен"",""тн"",""ый "",""док"",""умен"",""т "",""(разм"",""ером "",""29¾ "",""на "",""24½ "",""дюйм"",""а) "",""был "",""свёрн"",""ут "",""для "",""более "",""удоб"",""н"",""ого "",""хран"",""ен"",""ия.""]",53
1402,devtest,405,"Таким образом, вполне вероятно, что запись была добавлена просто как пометка.","[""Т"",""ак"",""им "",""образом"","", "",""впол"","""",""е "",""вер"","""",""тн"",""о, "",""что "",""зап"",""ись "",""была "",""доб"",""авлен"",""а "",""про"",""то "",""как"","" "",""пом"",""етка.""]",25
1403,devtest,406,"В результате операции ""Нептун"" и последующих битв был освобождён север Франции, но юг всё ещё не был освобождён.","[""В"","" "",""рез"",""льта"",""е "",""опер"",""ци"",""и "",""\""Неп"",""тун"",""\"" "",""и по"",""ледующ"",""их "",""битв "",""был "",""освоб"",""ожд"",""н"","" "",""сев"",""ер "",""Фран"",""ции, "",""но "",""юг "",""всё "",""ещё "",""не "",""был "",""освоб"",""ождён"","".""]",33
1404,devtest,407,"Он находился под управлением ""вишистских"" французов. Эти французы, заключили мир с немцами в 1940 году и работали вместе с захватчиками вместо того, чтобы им противостоять.","[""Он"","" "",""находился "",""под "",""управ"",""лен"",""ием "",""\""виш"",""ист"",""к"",""их\"" "",""фран"",""цузов"","". "",""Эти "",""фран"",""цузы, "",""зак"",""лючили "",""мир "",""с "",""нем"",""цами "",""в "",""1940 "",""году "",""и рабо"",""али "",""вместе "",""с "",""за"",""ватч"",""иками "",""вмес"",""то "",""того, "",""чтобы "",""им "",""про"",""иво"",""то"",""ть.""]",42
1405,devtest,408,"15 августа 1940 года союзники вторглись в южную часть Франции. Вторжение получило название ""Операция ""Драгун"""".","[""15 "",""авг"",""ста "",""1940 "",""года "",""со"",""зн"",""ики "",""вто"",""глись "",""в "",""южн"",""ую "",""часть "",""Фран"",""ции. "",""Вто"",""жен"",""ие "",""пол"",""чило "",""назв"",""ан"",""ие "",""\""Опер"",""ция "",""\""Драг"",""ун"",""\""\"""","".""]",30
1406,devtest,409,Всего за 2 недели силы Свободной Франции и американцы освободили южную Францию и отправились в сторону Германии.,"[""В"",""сего "",""за "",""2 недели "",""силы "",""Своб"",""одн"",""ой "",""Фран"",""ции "",""и американ"",""цы "",""освоб"",""одили "",""южн"",""ую "",""Фран"",""цию "",""и отправ"",""или"",""ь "",""в "",""сто"",""он"",""у "",""Гер"",""ан"",""ии.""]",28
1407,devtest,410,"Цивилизация — это отдельная культура, носителями которой является достаточно большая группа людей, живущих и работающих вместе, общество.","[""Ц"",""в"",""илиза"",""и"",""я "",""— "",""это "",""отдел"",""н"",""ая "",""культу"",""а, "",""носител"",""м"",""и "",""кото"",""ой "",""является "",""до"",""тато"",""н"",""о "",""больш"",""ая "",""гр"",""ппа "",""людей, "",""жив"",""щ"",""их "",""и рабо"",""ающ"",""их "",""вмес"",""те, "",""общ"",""еств"",""о.""]",38
1408,devtest,411,"Слово ""цивилизация"" происходит от латинского civilis, что означает ""гражданский"" и является родственником латинских слов civis, означающего ""гражданин"", и civitas, означающего ""город"" или ""город-государство"", и оно также определенным образом выражает размер общества.","[""Слов"",""о "",""\""цивилиза"",""и"",""я\"" "",""происходи"","" "",""от "",""ла"",""ин"",""ского "",""civilis, "",""что "",""озн"",""ачает "",""\""граждан"",""ск"",""ий\"" "",""и является "",""род"",""тв"",""ен"",""ником "",""ла"",""ин"",""ских "",""слов"","" "",""civis, "",""озн"",""ачающ"",""его "",""\""граждан"",""ин"",""\"", "",""и civitas, "",""озн"",""ачающ"",""его "",""\""го"",""од\"" "",""или "",""\""го"",""од-"",""го"",""ударств"",""о\"", "",""и он"",""о "",""так"",""же "",""опред"",""елен"",""ным "",""образом"","" "",""выражает "",""разм"",""ер "",""общ"",""еств"",""а.""]",62
1409,devtest,412,"Города-государства – это предтечи наций. Цивилизационная культура подразумевает передачу знаний через несколько поколений, непрекращающееся культурное присутствие и преемлимое распространение.","[""Г"",""о"",""ода-"",""го"",""удар"",""тв"",""а "",""– "",""это "",""пред"",""течи "",""наций. "",""Цивилиза"",""и"",""он"",""ная "",""культу"",""а "",""под"",""аз"",""мев"",""ает "",""пер"",""дачу "",""зн"",""ан"",""ий "",""чер"",""з "",""неск"",""олько "",""пок"",""олен"",""ий, "",""неп"",""рек"",""ращающ"",""ееся "",""культу"",""н"",""ое "",""при"",""утств"",""ие "",""и преем"",""лим"",""ое "",""расп"",""ро"",""тран"",""ен"",""ие.""]",52
1410,devtest,413,"Малые культуры часто исчезают, не оставив соответствующих исторических свидетельств, и поэтому не могут быть признаны в качестве подлинных цивилизаций.","[""М"",""ал"",""е "",""культу"","""","" "",""часто "",""исчеза"",""т, "",""не "",""оставив "",""соответств"",""ующ"",""их "",""исто"",""ическ"",""их "",""свидетел"",""ств"","", "",""и по"",""тому "",""не "",""могут "",""быть "",""при"",""н"",""ан"",""ы "",""в "",""качеств"",""е "",""под"",""ин"",""ных "",""цивилиза"",""и"",""й.""]",38
1411,devtest,414,"Во время Войны за независимость США тринадцать штатов, в соответствии со Статьями конфедерации, впервые сформировали слабое центральное правительство, единственным органом которого был Конгресс.","[""В"",""о врем"",""я "",""Войн"",""ы "",""за "",""нез"",""в"",""исим"",""о"",""ть "",""США "",""три"","""",""адцать "",""шта"",""ов"","", "",""в "",""соответств"",""ии "",""со "",""Ста"",""ьями "",""кон"",""федераци"",""и, "",""впер"",""ые "",""сформиров"",""али "",""слаб"",""ое "",""цен"",""тральн"",""ое "",""прав"",""ительств"",""о, "",""ед"",""н"",""ств"",""ен"",""ным "",""орган"",""ом "",""кото"",""ого "",""был "",""Кон"",""гресс.""]",51
1412,devtest,415,"У конгресса отсутствовали какие-либо полномочия вводить налоги, а поскольку не существовало общенациональной исполнительной или судебной власти, он опирался на власти штатов, которые часто отказывались от сотрудничества и не желали приводить в исполнение все его акты.","[""У "",""кон"",""гресса "",""отсутств"",""ов"",""али "",""как"",""ие-"",""либ"",""о "",""пол"",""омо"",""ия "",""вводить "",""нал"",""г"",""и, "",""а по"",""к"",""ольку "",""не "",""существ"",""ов"",""ало "",""общ"",""ен"",""ацион"",""альн"",""ой "",""исполн"",""ительн"",""ой "",""или "",""суд"",""бн"",""ой "",""вла"",""ти, "",""он"","" "",""опирался "",""на "",""вла"",""ти "",""шта"",""ов"","", "",""кото"",""ые "",""часто "",""отк"",""азывали"",""ь "",""от "",""со"",""рудн"",""ичеств"",""а "",""и не "",""желали "",""при"",""одить "",""в "",""исполн"",""ен"",""ие "",""все "",""его "",""ак"",""ты.""]",70
1413,devtest,416,У него также не было полномочий отменять налоговое законодательство и тарифы штатов.,"[""У "",""него "",""так"",""же "",""не "",""было "",""пол"",""омо"",""ий "",""отм"",""ен"",""ять "",""нал"",""г"",""ов"",""ое "",""зак"",""он"",""одательств"",""о "",""и тар"",""фы "",""шта"",""ов"","".""]",25
1414,devtest,417,"Для внесения поправок, согласно статьям, требуется единогласное одобрение всех штатов, но штаты так безответственно отнеслись к центральному правительству, что их представители часто отсутствовали.","[""Д"",""ля "",""вн"",""есен"",""ия "",""поп"",""рав"",""ок"","", "",""согла"",""н"",""о "",""ста"",""ьям, "",""треб"",""уется "",""един"",""огла"",""н"",""ое "",""одоб"",""рен"",""ие "",""всех "",""шта"",""ов"","", "",""но "",""шта"",""ы "",""так"","" "",""без"","""",""ветств"",""ен"",""но "",""отн"",""еслись "",""к "",""цен"",""тральн"",""ому "",""прав"",""ительств"",""у, "",""что "",""их "",""пред"",""став"",""ител"","" "",""часто "",""отсутств"",""ов"",""али.""]",56
1415,devtest,418,"Итальянская сборная по футболу, наряду с немецкой, является второй самой успешной командой в мире и в 2006 году выиграла Кубок мира ФИФА.","[""И"",""альян"",""ск"",""ая "",""сбо"",""н"",""ая "",""по "",""футболу, "",""нар"",""ду "",""с "",""нем"",""ецк"",""ой, "",""является "",""вто"",""ой "",""сам"",""ой "",""успешн"",""ой "",""ком"",""ан"",""дой "",""в "",""мире "",""и в "",""2006 "",""году "",""выиграла "",""Кубок"","" "",""мира "",""ФИФА.""]",35
1416,devtest,419,"В популярные виды спорта входят футбол, баскетбол, волейбол, водное поло, фехтование, регби, велоспорт, хоккей на льду, хоккей на роликах и автогонки ""Формулы-1"".","[""В"","" "",""популярн"",""ые "",""вид"","" "",""спо"",""та "",""входят "",""футбол, "",""баск"",""етб"",""ол, "",""вол"",""йб"",""ол, "",""водн"",""ое "",""пол"","", "",""фех"",""ов"",""ан"",""ие, "",""регби, "",""вело"",""по"",""т, "",""хок"",""кей "",""на "",""льд"","", "",""хок"",""кей "",""на "",""ролик"",""ах "",""и авто"",""он"",""ки "",""\""Форм"",""улы-"",""1\"".""]",44
1417,devtest,420,Зимний спорт популярнее всего в северных регионах. Жители Италии из этих регионов участвуют в международных соревнованиях и Олимпиадах.,"[""З"",""им"",""н"",""ий "",""спо"",""т "",""популярн"",""ее "",""всего "",""в "",""сев"",""ерн"",""ых "",""регион"",""ах. "",""Жител"","" "",""Италии "",""из "",""этих "",""регион"",""ов"","" "",""участв"",""уют "",""в "",""межд"",""н"",""ародн"",""ых "",""со"",""ев"",""н"",""ов"",""ан"",""иях "",""и Олим"",""пиадах.""]",38
1418,devtest,421,"В Японии приблизительно 7000 островов (самый большой из которых — Хонсю), что делает Японию 7-м по величине островом в мире!","[""В"","" "",""Япон"",""ии "",""при"",""лизительн"",""о "",""7000 "",""остров"",""ов"","" "",""(сам"",""ый "",""больш"",""ой "",""из "",""кото"",""ых "",""— "",""Хон"",""сю), "",""что "",""дел"",""ет "",""Япон"",""ию "",""7-м "",""по "",""величин"",""е "",""остров"",""ом "",""в "",""мире!""]",34
1419,devtest,422,В силу принадлежности к кластеру/группе островов Японию часто называют с географической точки зрения архипелагом.,"[""В"","" "",""силу "",""при"","""",""адлежн"",""ости "",""к "",""кластер"",""/"",""гр"",""пп"",""е "",""остров"",""ов"","" "",""Япон"",""ию "",""часто "",""называют "",""с "",""географическ"",""ой "",""то"",""ки "",""зрен"",""ия "",""ар"",""ип"",""елаг"",""ом.""]",31
1420,devtest,423,"Тайвань берёт своё начало много лет назад, в XV веке, когда европейские мореплаватели, проплывающие мимо, записали название острова как Ilha Formosa, или ""прекрасный остров"".","[""Т"",""айв"",""ан"",""ь "",""бер"",""т "",""сво"","" "",""начало "",""много "",""лет "",""назад, "",""в "",""XV "",""век"",""е, "",""когда "",""европ"",""ейск"",""ие "",""мо"",""еп"",""лавател"","", "",""проп"",""лывающ"",""ие "",""мимо, "",""зап"",""исали "",""назв"",""ан"",""ие "",""остров"",""а "",""как"","" "",""Ilha "",""Formosa, "",""или "",""\""прек"",""расн"",""ый "",""остров"",""\"".""]",45
1421,devtest,424,"В 1624 году голландская Ост-Индская компания основывает базу на юго-западе Тайваня, инициируя трансформацию аборигенных методов производства зерна и нанимая китайских рабочих для работы на своих рисовых и сахарных плантациях.","[""В"","" "",""1624 "",""году "",""голлан"",""дск"",""ая "",""Ост-"",""Ин"",""дск"",""ая "",""ком"",""пан"",""ия "",""основ"",""ывает "",""базу "",""на "",""юго-"",""зап"",""аде "",""Тайв"",""ан"",""я, "",""ин"",""ициир"",""я "",""тран"",""сформ"",""аци"",""ю "",""або"",""иген"",""ных "",""мет"",""дов"","" "",""произв"",""одств"",""а "",""зерн"",""а "",""и нан"",""имая "",""китайск"",""их "",""рабо"",""их "",""для "",""рабо"",""ы "",""на "",""своих "",""рисов"",""ых "",""и сахарн"",""ых "",""план"",""тациях.""]",59
1422,devtest,425,В 1683 году силы династии Цин (1644-1912) взяли под контроль западные и северные прибрежные районы Тайваня и в 1885 году объявили Тайвань провинцией империи Цин.,"[""В"","" "",""1683 "",""году "",""силы "",""дин"",""астии "",""Цин"","" "",""(1644-"",""1912) "",""взяли "",""под "",""кон"",""трол"",""ь "",""зап"",""адн"",""ые "",""и сев"",""ерн"",""ые "",""при"",""режн"",""ые "",""район"",""ы "",""Тайв"",""ан"",""я "",""и в "",""1885 "",""году "",""объявили "",""Тайв"",""ан"",""ь "",""пров"",""инцией "",""импер"",""и "",""Цин"","".""]",43
1423,devtest,426,"В 1895 году, после поражения в японо-китайской войне (1894-1895), цинское правительство подписало Симоносекский договор, по которому уступило права на Тайвань Японии, которая правила островом до 1945 года.","[""В"","" "",""1895 "",""году, "",""по"",""ле "",""по"",""ажен"",""ия "",""в "",""япон"",""о-"",""китайск"",""ой "",""войн"",""е "",""(1894-"",""1895), "",""цин"",""ское "",""прав"",""ительств"",""о "",""под"",""исало "",""Сим"",""он"",""осек"",""ск"",""ий "",""дог"",""ов"",""ор, "",""по "",""кото"",""ому "",""уступило "",""прав"",""а "",""на "",""Тайв"",""ан"",""ь "",""Япон"",""ии, "",""кото"",""ая "",""прав"",""ила "",""остров"",""ом "",""до "",""1945 "",""года.""]",54
1424,devtest,427,"Мачу-Пикчу состоит из трёх основных сооружений, а именно Интихуатаны, Храма Солнца и Комнаты трёх окон.","[""М"",""а"",""у-"",""Пик"",""чу "",""со"",""тоит "",""из "",""тр"","""","" "",""основ"",""н"",""ых "",""сооружен"",""ий, "",""а имен"",""но "",""Ин"",""тихуатан"",""ы, "",""Храма "",""Сол"","""",""ца "",""и Ком"",""н"",""аты "",""тр"","""","" "",""ок"",""он"","".""]",34
1425,devtest,428,"Большинство зданий по краям комплекса было перестроено, чтобы дать туристам более точное представление о том, как они выглядели изначально.","[""Б"",""ольш"",""ин"",""ств"",""о "",""здан"",""ий "",""по "",""кра"",""м "",""ком"",""плек"",""са "",""было "",""пер"",""строен"",""о, "",""чтоб"",""ы "",""дать "",""тур"",""стам"","" "",""более "",""то"",""н"",""ое "",""пред"",""став"",""лен"",""ие "",""о "",""том, "",""как"","" "",""он"",""и "",""выг"",""лядели "",""изн"",""ачальн"",""о.""]",42
1426,devtest,429,К 1976 году было восстановлено 30% Мачу-Пикчу. Работы по реставрации продолжаются и по сей день.,"[""К"","" "",""1976 "",""году "",""было "",""во"",""стан"",""ов"",""лен"",""о "",""30% "",""Мачу-"",""Пик"",""чу. "",""Рабо"",""ы "",""по "",""реставраци"",""и "",""прод"",""олжаются "",""и по "",""сей "",""ден"",""ь.""]",25
1427,devtest,430,"Например, самый распространённый в мире формат для статических фотографий — 35 мм, и именно этот размер был доминирующим размером плёнки на закате аналоговой эры.","[""Н"",""ап"",""ри"",""ер, "",""сам"",""ый "",""расп"",""ро"",""тран"",""ён"",""ный "",""в "",""мире "",""форм"",""ат "",""для "",""ста"",""ическ"",""их "",""фото"","""",""рафий "",""— "",""35 "",""мм, "",""и имен"",""но "",""это"","" "",""разм"",""ер "",""был "",""дом"",""ин"",""ир"",""ющ"",""им "",""разм"",""ером "",""плён"",""ки "",""на "",""зак"",""ате "",""ан"",""алог"",""ов"",""ой "",""эры.""]",49
1428,devtest,431,"Сегодня её всё ещё производят, но более важно то, что её соотношение сторон унаследовали размеры изображений цифровых камер.","[""Сегодн"",""я "",""её "",""всё "",""ещё "",""произв"",""одят, "",""но "",""более "",""важн"",""о "",""то, "",""что "",""её "",""соотношен"",""ие "",""сто"",""он"","" "",""ун"",""аследов"",""али "",""разм"",""ер"","" "",""изоб"",""ражен"",""ий "",""цифров"",""ых "",""камер.""]",31
1429,devtest,432,"35-ти миллиметровый формат на самом деле несколько сбивает с толку, он имеет ширину 36 мм и высоту 24 мм.","[""35"",""-"",""ти миллим"",""етров"",""ый "",""форм"",""ат "",""на "",""сам"",""ом "",""дел"","" "",""неск"",""олько "",""сбивает "",""с "",""толку, "",""он"","" "",""имеет "",""ширин"",""у "",""36 "",""мм "",""и высо"",""у "",""24 "",""мм.""]",28
1430,devtest,433,"Соотношение сторон этого формата (поделенное на двенадцать, чтобы получить соотношение с небольшими целыми числами) поэтому принято за 3:2.","[""Соо"",""н"",""ошен"",""ие "",""сто"",""он"","" "",""этого "",""форм"",""ата "",""(под"",""лен"",""ное "",""на "",""двен"",""адцать, "",""чтоб"",""ы "",""пол"",""чить "",""соотношен"",""ие "",""с "",""небольш"",""ими "",""целыми "",""чи"",""лам"",""и) "",""по"",""тому "",""при"","""",""ято "",""за "",""3:2.""]",36
1431,devtest,434,Многие распространенные форматы (например семейство форматов APS) равны или близко приближаются к этим пропорциям.,"[""М"",""н"",""огие "",""расп"",""ро"",""тран"",""ен"",""ные "",""форм"",""аты "",""(нап"",""ример "",""сем"",""ейств"",""о "",""форм"",""атов"","" "",""APS) "",""рав"",""н"",""ы "",""или "",""близк"",""о "",""при"",""лижаются "",""к "",""этим"","" "",""проп"",""о"",""циям.""]",33
1432,devtest,435,"Слишком часто используемое и нередко высмеиваемое правило третей — это простая рекомендация, которая создаёт динамизм, сохраняя при этом определённую долю порядка в изображении.","[""Сли"",""к"",""ом "",""часто "",""испол"",""з"",""ем"",""ое "",""и нер"",""дк"",""о "",""высмеив"",""аем"",""ое "",""прав"",""ило "",""тре"",""ей "",""— "",""это "",""про"",""тая "",""рек"",""омен"",""дация, "",""кото"",""ая "",""создаёт "",""дин"",""амизм, "",""со"",""ран"",""яя "",""при "",""этом "",""опред"",""ел"",""н"",""ную "",""долю "",""по"",""ядк"",""а "",""в "",""изоб"",""ражен"",""ии.""]",47
1433,devtest,436,"Оно гласит, что лучше всего помещать главный объект на пересечении линий, делящих изображение на три части по вертикали и по горизонтали (см. пример).","[""Он"",""о "",""гла"",""ит, "",""что "",""лучш"",""е "",""всего "",""пом"",""ещать "",""глав"",""н"",""ый "",""объек"",""т "",""на "",""пер"",""сечен"",""ии "",""лин"",""ий, "",""делящ"",""их "",""изоб"",""ражен"",""ие "",""на "",""три "",""части "",""по "",""вер"",""ик"",""али "",""и по "",""го"",""изон"",""тали "",""(см. "",""при"",""ер).""]",40
1434,devtest,437,"В течение этого периода европейской истории, католическая церковь, ставшая богатой и сильной, оказалась объектом пристального внимания.","[""В"","" "",""течен"",""ие "",""этого "",""пер"",""ода "",""европ"",""ейск"",""ой "",""исто"",""ии, "",""катол"",""ическ"",""ая "",""цер"",""ов"",""ь, "",""став"",""ш"",""ая "",""бога"",""ой "",""и сильн"",""ой, "",""ок"",""азалась "",""объек"",""том "",""при"",""тальн"",""ого "",""вн"",""иман"",""ия.""]",35
1435,devtest,438,На более чем тысячу лет христианство объединило европейские государства несмотря на различия в языках и традициях.,"[""Н"",""а "",""более "",""чем"","" "",""тысячу "",""лет "",""христиан"",""ств"",""о "",""объедин"",""ило "",""европ"",""ейск"",""ие "",""го"",""ударств"",""а "",""несмо"",""ря "",""на "",""различия "",""в "",""языках "",""и традиция"","".""]",26
1436,devtest,439,Её всепроникающая сила коснулась каждого - от короля до простолюдина.,"[""Е"","" "",""всеп"",""рон"",""икающ"",""ая "",""сила "",""коснула"",""ь "",""каждог"",""о "",""- "",""от "",""короля "",""до "",""про"",""тол"",""юдин"",""а.""]",19
1437,devtest,440,"Один из главных христианских принципов заключается в том, что богатство должно использоваться для облегчения страданий и бедности, и что денежные средства церкви существуют именно для этой цели.","[""Од"",""ин"","" "",""из "",""глав"",""н"",""ых "",""христиан"",""ск"",""их "",""при"","""",""ципов"","" "",""зак"",""лючается "",""в "",""том, "",""что "",""бога"",""ств"",""о "",""должн"",""о "",""использов"",""аться "",""для "",""облег"",""ен"",""ия "",""стр"",""дан"",""ий "",""и бед"","""",""ости, "",""и что "",""ден"",""ежн"",""ые "",""средств"",""а "",""цер"",""ви "",""существ"",""уют "",""имен"",""но "",""для "",""этой "",""цели.""]",51
1438,devtest,441,"Центр церковной власти базировался в Риме на протяжении более тысячи лет, и такое сосредоточение могущества и богатства привело к тому, что многие усомнились, а соблюдается ли этот догмат.","[""Ц"",""н"",""тр "",""цер"",""ов"",""н"",""ой "",""вла"",""ти "",""базиров"",""ался "",""в "",""Риме "",""на "",""про"",""яжен"",""ии "",""более "",""тысячи "",""лет, "",""и так"",""ое "",""со"",""редо"",""о"",""ен"",""ие "",""могуществ"",""а "",""и бог"",""а"",""ств"",""а "",""при"",""ело "",""к "",""тому, "",""что "",""многие "",""усом"",""нили"",""ь, "",""а соб"",""людается "",""ли "",""это"","" "",""дог"",""мат.""]",49
1439,devtest,442,Вскоре после начала военных действий Британия устроила морскую блокаду Германии.,"[""В"",""ск"",""оре "",""по"",""ле "",""начала "",""воен"",""ных "",""действ"",""ий "",""Бри"",""ан"",""ия "",""устроила "",""мо"",""ск"",""ую "",""блок"",""аду "",""Гер"",""ан"",""ии.""]",22
1440,devtest,443,"Эта стратегия доказала свою эффективность, отрезав жизненно важные военные и гражданские поставки, хотя эта блокада нарушала принятые повсеместно международные законы, изложенные в нескольких международных соглашениях за последние двести лет.","[""Э"",""а "",""стр"","""",""егия "",""док"",""азала "",""сво"","" "",""эффек"",""тивн"",""ость, "",""отр"",""зав"","" "",""жизн"",""ен"",""но "",""важн"",""ые "",""воен"",""ные "",""и граждан"",""ск"",""ие "",""по"",""тавки, "",""хотя "",""эта "",""блок"",""ада "",""нар"",""шала "",""при"","""",""ятые "",""пов"",""сем"",""естн"",""о "",""межд"",""н"",""ародн"",""ые "",""зак"",""он"",""ы, "",""изложен"",""ные "",""в "",""неск"",""ольких "",""межд"",""н"",""ародн"",""ых "",""согла"",""ен"",""иях "",""за "",""по"",""ледн"",""ие "",""двести "",""лет.""]",65
1441,devtest,444,"Британия заминировала международные воды, чтобы препятствовать судам входить в целые секторы океанов, подвергая опасности даже нейтральные суда.","[""Б"",""ри"",""ан"",""ия "",""зам"",""ин"",""иров"",""ала "",""межд"",""н"",""ародн"",""ые "",""воды, "",""чтоб"",""ы "",""преп"",""ятств"",""ов"",""ать "",""суд"",""м"","" "",""входи"",""ь "",""в "",""цел"",""е "",""сек"",""торы "",""ок"",""еан"",""ов"","", "",""под"",""ергая "",""опасн"",""ости "",""даже "",""ней"",""ральн"",""ые "",""суд"","".""]",43
1442,devtest,445,"Так как реакция на эту тактику была сдержанная, Германия ожидала подобную реакцию на свои беспрепятственные подводные военные действия.","[""Т"",""ак"","" "",""как"","" "",""реак"",""ция "",""на "",""эту "",""так"",""тик"",""у "",""была "",""сдержан"",""ная, "",""Гер"",""ан"",""ия "",""ожидала "",""под"",""б"",""н"",""ую "",""реак"",""цию "",""на "",""свои "",""беспреп"",""ятств"",""ен"",""ные "",""под"",""одн"",""ые "",""воен"",""ные "",""действ"",""ия.""]",38
1443,devtest,446,"Среди большинства граждан и народов в 1920-е годы преобладали такие настроения, как пацифизм и изоляция.","[""С"",""еди "",""больш"",""ин"",""ств"",""а "",""гражд"",""ан"","" "",""и нар"",""дов"","" "",""в "",""1920-"",""е "",""годы "",""преоб"",""ладали "",""так"",""ие "",""настроен"",""ия, "",""как"","" "",""пацифизм "",""и изол"",""яция.""]",27
1444,devtest,447,"Познав ужасы и зверства Первой мировой войны, государства хотели избежать подобной ситуации в будущем.","[""П"",""оз"","""","""",""ав "",""ужасы "",""и зверств"",""а "",""Пер"",""ой "",""миров"",""ой "",""войн"",""ы, "",""го"",""ударств"",""а "",""хо"",""ели "",""изб"",""ежать "",""под"",""б"",""н"",""ой "",""ситуаци"",""и "",""в "",""буд"",""щ"",""ем.""]",31
1445,devtest,448,"В 1884 году Тесла перебрался в Соединенные Штаты Америки, и принял предложение работать в компании Edison в городе Нью-Йорке.","[""В"","" "",""1884 "",""году "",""Тес"",""ла "",""пер"",""б"",""рался "",""в "",""Соедин"",""ен"",""ные "",""Штаты "",""Америк"",""и, "",""и при"","""",""ял "",""пред"",""ложен"",""ие "",""рабо"",""ать "",""в "",""ком"",""пан"",""ии "",""Edison "",""в "",""го"",""оде "",""Нью-"",""Йорке.""]",34
1446,devtest,449,"Он приехал в США с четырьмя центами в кармане, книгой стихов и рекомендательным письмом от Чарльза Бэтчелора, который был его начальником на предыдущей работе, к Томасу Эдисону.","[""Он"","" "",""при"",""хал "",""в "",""США "",""с "",""четыр"",""м"",""я "",""цен"",""тами "",""в "",""кар"",""ан"",""е, "",""книгой "",""сти"",""ов"","" "",""и рек"",""омен"",""дательн"",""ым "",""письмом "",""от "",""Ча"","""",""ьза "",""Бэтчело"",""а, "",""кото"",""ый "",""был "",""его "",""начальн"",""иком "",""на "",""пред"",""ыд"",""щ"",""ей "",""рабо"",""е, "",""к "",""Томасу "",""Эдисон"",""у.""]",48
1447,devtest,450,"В древнем Китае использовали уникальный способ обозначения периодов времени; каждый этап Китая или каждая семья, находившаяся у власти, были особой династией.","[""В"","" "",""древ"",""н"",""ем "",""Китае "",""испол"",""зов"",""али "",""ун"",""икальн"",""ый "",""спо"",""об"","" "",""обозн"",""ачен"",""ия "",""пер"",""одов"","" "",""врем"",""ен"",""и; "",""кажд"",""й "",""этап "",""Китая "",""или "",""каждая "",""сем"",""ья, "",""находив"",""аяся "",""у "",""вла"",""ти, "",""были "",""особ"",""ой "",""дин"",""астией.""]",42
1448,devtest,451,"Кроме того между правлениями каждой династии царила раздробленность и нестабильность. Самой известной была эпоха Троецарствия, которая длилась 60 лет во время династий Хань и Цзинь.","[""К"",""ром"",""е "",""того "",""межд"","" "",""прав"",""лен"",""иями "",""каждой "",""дин"",""астии "",""царила "",""разд"",""облен"",""ность "",""и нес"",""аб"",""ильн"",""ость. "",""Сам"",""ой "",""известн"",""ой "",""была "",""эпо"",""а "",""Троецарств"",""ия, "",""кото"",""ая "",""длилась "",""60 "",""лет "",""во "",""врем"",""я "",""дин"",""астий "",""Хан"",""ь "",""и Цзин"",""ь.""]",43
1449,devtest,452,"В течение этого периода имели место ожесточенные военные действия между многими знатными людьми, борющимися за трон.","[""В"","" "",""течен"",""ие "",""этого "",""пер"",""ода "",""имели "",""место "",""оже"",""то"",""ен"",""ные "",""воен"",""ные "",""действ"",""ия "",""межд"","" "",""мн"",""огими "",""зн"",""атн"",""ыми "",""людьм"",""и, "",""бо"",""ющ"",""имися "",""за "",""трон"","".""]",32
1450,devtest,453,"Эпоха Троецарствия была одним из самых кровавых периодов в истории древнего Китая. Тысячи людей погибли, сражаясь за место на троне в большом дворце в Сиане.","[""Эп"",""о"",""а "",""Троецарств"",""ия "",""была "",""одн"",""им "",""из "",""сам"",""ых "",""кров"",""авых "",""пер"",""одов"","" "",""в "",""исто"",""ии "",""древ"",""н"",""его "",""Китая. "",""Тысячи "",""людей "",""пог"",""ибли, "",""сражаясь "",""за "",""место "",""на "",""трон"",""е "",""в "",""больш"",""ом "",""дво"",""це "",""в "",""Сиан"",""е.""]",41
1451,devtest,454,"Существует множество таких социальных и политических эффектов, как использование метрической системы, переход от абсолютизма к республиканизму, национализм и вера в то, что страна принадлежит народу, а не единоличному правителю.","[""С"","""",""еств"",""ует "",""мн"",""оже"",""тв"",""о "",""так"",""их "",""со"",""иальн"",""ых "",""и пол"",""тическ"",""их "",""эффек"",""тов"","", "",""как"","" "",""использов"",""ан"",""ие "",""мет"",""ическ"",""ой "",""систем"",""ы, "",""пер"",""ход "",""от "",""абсолютизма "",""к "",""респ"",""ублик"",""ан"",""изму, "",""национ"",""ализм "",""и вер"","" "",""в "",""то, "",""что "",""стр"",""н"",""а "",""при"","""",""адлежит "",""нар"",""ду, "",""а не "",""един"",""оличн"",""ому "",""прав"",""ителю.""]",59
1452,devtest,455,"Также после Революции открылись возможности работы открылись всем мужчинам, что позволило самым амбициозным и талантливым добиться успеха.","[""Т"",""ак"",""же "",""по"",""ле "",""Рев"",""олюции "",""отк"",""рыли"",""ь "",""возм"",""ожн"",""ости "",""рабо"",""ы "",""отк"",""рыли"",""ь "",""всем"","" "",""мужчин"",""ам, "",""что "",""поз"","""",""олило "",""сам"",""ым "",""амбициоз"",""н"",""ым "",""и тал"",""н"",""тлив"",""ым "",""доб"",""иться "",""успеха.""]",38
1453,devtest,456,"То же самое относится и к армии, потому что звания стали основываться на качествах, а не в зависимости от происхождения.","[""Т"",""о "",""же "",""сам"",""ое "",""отн"",""осится "",""и к "",""армии, "",""по"",""ому "",""что "",""зван"",""ия "",""стали "",""основ"",""ываться "",""на "",""качеств"",""а"","", "",""а не "",""в "",""зав"",""исим"",""о"",""ти "",""от "",""происхож"",""ден"",""ия.""]",31
1454,devtest,457,Французская революция также вдохновила многих других репрессированных представителей рабочего класса в других странах начать свои собственные революции.,"[""Ф"","""",""н"",""цузск"",""ая "",""рев"",""олюция "",""так"",""же "",""вдо"",""н"",""ов"",""ила "",""мн"",""огих "",""друг"",""их "",""реп"",""ресси"",""ров"",""ан"",""ных "",""пред"",""став"",""ител"",""й "",""рабо"",""его "",""класса "",""в "",""друг"",""их "",""стр"",""н"",""ах "",""начать "",""свои "",""соб"",""ств"",""ен"",""ные "",""рев"",""олюции.""]",43
1455,devtest,458,"Мухаммед очень интересовался темами, не связанными с мирской жизнью. Он часто посещал пещеру, которая стала известна как ""Хира"" на горе ""Нур"" (свет) для размышлений.","[""М"",""ухамм"",""ед "",""очен"",""ь "",""ин"",""тер"",""сов"",""ался "",""тем"",""ами, "",""не "",""связан"",""ными "",""с "",""мир"",""к"",""ой "",""жизн"",""ью. "",""Он"","" "",""часто "",""по"",""ещал "",""пещер"","", "",""кото"",""ая "",""стал"","" "",""известн"",""а "",""как"","" "",""\""Хира\"" "",""на "",""го"",""е "",""\""Нур\"" "",""(све"","") "",""для "",""разм"",""ышлен"",""ий.""]",46
1456,devtest,459,"Ну а пещера, которая сохранилась до наших дней, очень ярко даёт нам представление о духовных стремлениях Мухаммеда.","[""Н"",""у "",""а пещер"","", "",""кото"",""ая "",""со"",""ран"",""илась "",""до "",""наш"",""их "",""дней, "",""очен"",""ь "",""ярк"",""о "",""даёт "",""нам "",""пред"",""став"",""лен"",""ие "",""о "",""духов"",""н"",""ых "",""стр"",""м"",""лен"",""иях "",""Мухамм"",""еда.""]",33
1457,devtest,460,Пещера располагается на вершине горы к северу от Мекки и полностью изолирована от остального мира.,"[""П"",""ещер"","" "",""расп"",""олаг"",""ается "",""на "",""вер"",""ин"",""е "",""го"",""ы "",""к "",""сев"",""ер"","" "",""от "",""Мек"",""ки "",""и пол"",""остью "",""изол"",""и"",""ов"",""ан"",""а "",""от "",""остал"",""н"",""ого "",""мира.""]",31
1458,devtest,461,"Ее очень нелегко обнаружить даже тому, кто знает о ее существовании. В пещере человек оказывается в полной изоляции.","[""Ее "",""очен"",""ь "",""нел"",""гк"",""о "",""обн"",""аружить "",""даже "",""тому, "",""кто "",""зн"",""ает "",""о "",""ее "",""существ"",""ов"",""ан"",""ии. "",""В "",""пещер"","" "",""челов"",""ек "",""ок"",""азывается "",""в "",""пол"",""ой "",""изол"",""яции.""]",31
1459,devtest,462,Не видно ничего кроме чистого прекрасного неба над головой и множества окружающих гор. Из глубины пещеры можно видеть и слышать лишь очень малую часть этого мира.,"[""Н"",""е "",""вид"","""",""о "",""ничего "",""кром"",""е "",""чистог"",""о "",""прек"",""расн"",""ого "",""неба "",""над "",""голов"",""ой "",""и множеств"",""а "",""ок"",""ружающ"",""их "",""го"","". "",""Из "",""глубин"",""ы "",""пещер"","" "",""можн"",""о "",""вид"",""ть "",""и слышать "",""лишь "",""очен"",""ь "",""мал"",""ю "",""часть "",""этого "",""мира.""]",42
1460,devtest,463,"Великая Пирамида в Гизе это единственное из семи чудес света, которое существует сегодня.","[""В"",""елик"",""ая "",""Пирамида "",""в "",""Гизе "",""это "",""един"",""ств"",""ен"",""ное "",""из "",""сем"",""и "",""чудес"","" "",""све"",""а, "",""кото"",""ое "",""существ"",""ует "",""сегодн"",""я.""]",24
1461,devtest,464,"Великая пирамида была возведена египтянами в третьем веке до нашей эры и является одним из множества больших пирамидальных сооружений, построенных, чтобы почтить память фараона.","[""В"",""елик"",""ая "",""пирамида "",""была "",""возв"",""еден"",""а "",""егип"",""тян"",""ами "",""в "",""тре"",""ьем"","" "",""век"",""е "",""до "",""наш"",""ей "",""эры "",""и является "",""одн"",""им "",""из "",""множе"",""тв"",""а "",""больш"",""их "",""пирамидальн"",""ых "",""сооружен"",""ий, "",""по"",""троен"",""ных, "",""чтоб"",""ы "",""по"",""тить "",""память "",""фа"","""",""он"",""а.""]",46
1462,devtest,465,"Плато Гиза, или же Некрополь Гизы, в египетской Долине Мёртвых, включает несколько пирамид (из которых Великая пирамида Гизы — самая большая), несколько небольших гробниц, несколько храмов и Большой сфинкс.","[""П"",""ла"",""о "",""Гиза, "",""или "",""же "",""Нек"",""роп"",""ол"","" "",""Гиз"","", "",""в "",""егип"",""етск"",""ой "",""Долин"",""е "",""Мёр"",""вых, "",""включает "",""неск"",""олько "",""пирамид "",""(из "",""кото"",""ых "",""Велик"",""ая "",""пирамида "",""Гиз"","" "",""— "",""сам"",""ая "",""больш"",""ая), "",""неск"",""олько "",""небольш"",""их "",""гроб"",""н"",""иц, "",""неск"",""олько "",""храмов"","" "",""и Больш"",""ой "",""сфин"",""кс.""]",52
1463,devtest,466,"Великая Пирамида была создана в честь фараона Хеопса, а много меньших пирамид, гробниц и храмов были построены в честь жён Хеопаса и его родственников.","[""В"",""елик"",""ая "",""Пирамида "",""была "",""создан"",""а "",""в "",""честь "",""фа"","""",""он"",""а "",""Хеоп"",""са, "",""а много "",""мен"",""ьш"",""их "",""пирамид, "",""гроб"",""н"",""иц "",""и храмов"","" "",""были "",""по"",""троен"",""ы "",""в "",""честь "",""жён"","" "",""Хеоп"",""аса "",""и его "",""родств"",""ен"",""ников"","".""]",40
1464,devtest,467,"Знак движения смычка вверх выглядит как V, а движение смычка вниз — как скоба или квадрат без нижней стороны.","[""З"",""н"",""ак "",""движен"",""ия "",""смычка "",""ввер"","" "",""выг"",""лядит "",""как"","" "",""V, "",""а движен"",""ие "",""смычка "",""вн"",""из "",""— "",""как"","" "",""ск"",""оба "",""или "",""квадрат "",""без "",""нижн"",""ей "",""сто"",""он"",""ы.""]",31
1465,devtest,468,"""Вверх"" означает, что вы должны начать с кончика и отвести смычок вперёд, а ""вниз"" означает, что вы должны начать с места, где ваша рука держит смычок и отвести его назад.","[""\"""",""Ввер"",""\"""","" "",""озн"",""ачает, "",""что "",""вы должн"",""ы "",""начать "",""с "",""кон"",""чика "",""и отвести "",""смычок"","" "",""впер"",""д, "",""а \""вн"",""из\"" "",""озн"",""ачает, "",""что "",""вы должн"",""ы "",""начать "",""с "",""места, "",""где "",""ваш"",""а "",""рука "",""держит "",""смычок"","" "",""и отвести "",""его "",""назад.""]",38
1466,devtest,469,"Движение смычка вверх обычно издает более мягкий звук, в то время как движение смычка вниз – более сильный и напористый.","[""Д"",""в"",""ижен"",""ие "",""смычка "",""ввер"","" "",""обычн"",""о "",""изд"",""ет "",""более "",""мягк"",""ий "",""звук"","", "",""в "",""то "",""врем"",""я "",""как"","" "",""движен"",""ие "",""смычка "",""вн"",""из "",""– "",""более "",""сильн"",""ый "",""и нап"",""ористый.""]",33
1467,devtest,470,"Вы можете рисовать свою собственную штриховку, но помните, что штриховка напечатана по музыкальным причинам, и ей обычно стоит следовать.","[""В"",""ы може"",""е "",""рисов"",""ать "",""сво"","" "",""соб"",""ств"",""ен"",""ную "",""штри"",""ов"",""ку, "",""но "",""пом"",""ните, "",""что "",""штрихов"",""ка "",""нап"",""ечатан"",""а "",""по "",""музык"",""альн"",""ым "",""при"",""ин"",""ам, "",""и ей "",""обычн"",""о "",""стоит "",""следов"",""ать.""]",36
1468,devtest,471,"6-го октября 1789-го года разозлённая толпа женщин с рынка заставила  вернуться в Париж из Версаля пришедших в ужас короля Людовика XVI, королеву Марию-Антуаннету, их двух маленьких детей (11-ти летнюю Марию-Терезу и 4-х летнего Луи-Чарлза) и сестру короля мадам Элизабет.","[""6-"",""го "",""ок"",""тября "",""1789-"",""го "",""года "",""разоз"",""лён"",""ная "",""толпа "",""жен"",""щин"","" "",""с "",""рын"",""ка "",""за"",""тавила "","" "",""вер"","""",""уться "",""в "",""Пар"",""ж "",""из "",""Вер"",""аля "",""при"",""едш"",""их "",""в "",""ужас "",""короля "",""Людов"",""ика "",""XVI, "",""королев"",""у "",""Мар"",""ю-"",""Ан"",""туан"",""нету, "",""их "",""двух "",""мал"",""н"",""ьких "",""дет"",""й "",""(11-"",""ти "",""летн"",""юю "",""Мар"",""ю-"",""Тер"",""з"","" "",""и 4-х "",""летн"",""его "",""Луи-"",""Ча"","""",""за) "",""и сестру "",""короля "",""мад"",""м "",""Элизаб"",""ет.""]",74
1469,devtest,472,"Они вернулись в Париж в карете, окружённые толпой людей, которые выкрикивали угрозы королю и королеве.","[""Он"",""и "",""вер"","""",""улись "",""в "",""Пар"",""ж "",""в "",""кар"",""те, "",""ок"",""ружён"",""ные "",""толпой "",""людей, "",""кото"",""ые "",""вык"",""рикивали "",""угроз"","" "",""королю "",""и королев"",""е.""]",25
1470,devtest,473,Толпа людей заставила Короля и Королеву широко открыть окна.,"[""Т"",""ол"","""","""",""а "",""людей "",""за"",""тавила "",""Ко"",""оля "",""и Ко"",""олев"",""у "",""широк"",""о "",""отк"",""рыть "",""ок"",""на.""]",19
1471,devtest,474,"В какой-то момент один участник этой толпы помахал головой королевского гвардейца, убитого в Версале на глазах у испуганной королевы.","[""В"","" "",""как"",""ой-"",""то "",""момен"",""т "",""один"","" "",""участн"",""ик "",""этой "",""толпы "",""пом"",""ахал "",""голов"",""ой "",""королев"",""ск"",""ого "",""гвардейца, "",""убитог"",""о "",""в "",""Вер"",""але "",""на "",""глаза"","" "",""у "",""испуг"",""ан"",""ной "",""королев"",""ы.""]",35
1472,devtest,475,Военные расходы американского империализма на завоевание Филиппин оплатили сами филиппинцы.,"[""В"",""оен"",""ные "",""рас"",""од"","" "",""америк"",""ан"",""ск"",""ого "",""импер"",""ализм"",""а "",""на "",""зав"",""оев"",""ан"",""ие "",""Филип"",""п"",""ин"","" "",""оплатили "",""сам"",""и "",""филип"",""п"",""ин"",""цы.""]",29
1473,devtest,476,"Они были вынуждены платить налоги американскому колониальному режиму, чтобы оплатить большую часть расходов и процент по облигационным займам, перемещаемым от имени филиппинского правительства через банкирские конторы Уолл-стрит.","[""Он"",""и "",""были "",""вын"",""ужден"",""ы "",""пла"",""ить "",""нал"",""г"",""и "",""америк"",""ан"",""ск"",""ому "",""кол"",""н"",""иальн"",""ому "",""режиму, "",""чтоб"",""ы "",""оплатить "",""больш"",""ую "",""часть "",""рас"",""одов"","" "",""и про"",""ен"",""т "",""по "",""облиг"",""ацион"",""ным "",""займ"",""ам"","", "",""пер"",""м"",""ещаем"",""ым "",""от "",""имен"",""и "",""филип"",""пин"",""ского "",""прав"",""ительств"",""а "",""чер"",""з "",""бан"",""кир"",""к"",""ие "",""кон"",""торы "",""Уолл-"",""стрит.""]",62
1474,devtest,477,"Конечно, сверхприбыли, принесенные долгой эксплуатацией филиппинцев, составляли основной доход американского империализма.","[""К"",""он"",""ечн"",""о, "",""све"","""",""п"",""ри"",""ыли, "",""при"","""",""есен"",""ные "",""долг"",""ой "",""эк"",""сплуата"",""и"",""ей "",""филип"",""п"",""ин"",""цев"","", "",""со"",""тавляли "",""основ"",""н"",""ой "",""до"",""од "",""америк"",""ан"",""ск"",""ого "",""импер"",""ализм"",""а.""]",38
1475,devtest,478,"Чтобы понять тамплиеров, нужно понять контекст, побудивший их к созданию ордена.","[""Ч"",""об"",""ы "",""пон"",""ять "",""тамплиеров"","", "",""нужн"",""о "",""пон"",""ять "",""кон"",""тек"",""ст, "",""поб"",""удив"",""ий "",""их "",""к "",""создан"",""ию "",""орден"",""а.""]",23
1476,devtest,479,"Эпоху, в которой происходили данные события, принято называть Высоким Средневековьем, периодом европейской истории, затрагивающим XI, XII и XIII века (1000–1300 гг. н. э.).","[""Эп"",""о"",""у, "",""в "",""кото"",""ой "",""происходили "",""дан"",""ные "",""соб"",""ытия, "",""при"","""",""ято "",""называть "",""Высок"",""им "",""Средн"",""ев"",""ек"",""ов"",""ьем"","", "",""пер"",""одом"","" "",""европ"",""ейск"",""ой "",""исто"",""ии, "",""за"",""рагивающ"",""им "",""XI, "",""XII "",""и XIII "",""век"",""а "",""(1000–"",""1300 "",""гг. "",""н. "",""э.).""]",44
1477,devtest,480,"Высокое Средневековье сменило ранее Средневековье и предшествовало позднему Средневековью, которое, согласно принятой точке зрения, завершилось около 1500 г.","[""В"",""ы"",""ок"",""ое "",""Средн"",""ев"",""ек"",""ов"",""ье "",""смен"",""ило "",""ран"",""ее "",""Средн"",""ев"",""ек"",""ов"",""ье "",""и пред"",""шеств"",""ов"",""ало "",""поз"",""н"",""ему "",""Средн"",""ев"",""ек"",""ов"",""ью, "",""кото"",""ое, "",""согла"",""н"",""о "",""при"","""",""ятой "",""то"",""ке "",""зрен"",""ия, "",""зав"",""ершило"",""ь "",""ок"",""оло "",""1500 "",""г.""]",49
1478,devtest,481,"Технологический детерминизм — это термин, охватывающий широкий спектр практических идей, от технического прогресса или технологического императива до строгой точки зрения, что судьбами людей движет основополагающая логика, связанная с законами науки и их проявлением в технологиях.","[""Т"",""ехн"",""олог"",""ическ"",""ий "",""дет"",""р"",""ин"",""изм "",""— "",""это "",""тер"",""ин"","", "",""охватывающ"",""ий "",""широк"",""ий "",""спек"",""тр "",""прак"",""тическ"",""их "",""идей, "",""от "",""техн"",""ическ"",""ого "",""прог"",""ресса "",""или "",""техн"",""олог"",""ическ"",""ого "",""импер"",""тива "",""до "",""стр"",""г"",""ой "",""то"",""ки "",""зрен"",""ия, "",""что "",""суд"",""бами "",""людей "",""движет "",""основ"",""оп"",""ол"",""г"",""ающ"",""ая "",""лог"",""ика, "",""связан"",""ная "",""с "",""зак"",""он"",""ами "",""науки "",""и их "",""про"",""влен"",""ием "",""в "",""техн"",""олог"",""иях.""]",73
1479,devtest,482,"Большинство воззрений на технологический детерминизм разделяют две общие идеи: что направление развития технологий практически неподвластно культурному или политическому влиянию и что, в свою очередь, ""воздействие"" технологий на общество обусловлено их собственными свойствами, а не обществом.","[""Б"",""ольш"",""ин"",""ств"",""о "",""возз"",""ен"",""ий "",""на "",""техн"",""олог"",""ическ"",""ий "",""дет"",""р"",""ин"",""изм "",""разд"",""ляют "",""две "",""общ"",""ие "",""идеи: "",""что "",""нап"",""рав"",""лен"",""ие "",""разв"",""ития "",""техн"",""олог"",""ий "",""прак"",""тическ"",""и "",""неп"",""од"",""ластн"",""о "",""культу"",""н"",""ому "",""или "",""пол"",""тическ"",""ому "",""влиян"",""ию "",""и что, "",""в "",""сво"","" "",""очер"",""дь, "",""\""возд"",""йств"",""ие\"" "",""техн"",""олог"",""ий "",""на "",""общ"",""еств"",""о "",""обуслов"",""лен"",""о "",""их "",""соб"",""ств"",""ен"",""ными "",""свойств"",""ами, "",""а не "",""общ"",""еств"",""ом.""]",79
1480,devtest,483,"Например, можно было бы сказать, что автомобиль является обязательной причиной развития дорог.","[""Н"",""ап"",""ри"",""ер, "",""можн"",""о "",""было "",""бы "",""ск"",""азать, "",""что "",""авто"","""",""об"",""иль "",""является "",""обязател"",""н"",""ой "",""при"",""ин"",""ой "",""разв"",""ития "",""до"",""ог"","".""]",27
1481,devtest,484,"Однако общенациональная дорожная сеть экономически невыгодна лишь для небольшой группы автомобилей, поэтому разрабатываются новые методы производства, позволяющие снизить стоимость владения автомобилем.","[""Од"",""н"",""ако "",""общ"",""ен"",""ацион"",""альн"",""ая "",""до"",""ожн"",""ая "",""сеть "",""эк"",""он"",""омическ"",""и "",""нев"",""ыгодн"",""а "",""лишь "",""для "",""небольш"",""ой "",""группы "",""авто"","""",""об"",""илей, "",""по"",""тому "",""раз"",""абатываются "",""нов"",""ые "",""мет"",""ды "",""произв"",""одств"",""а, "",""поз"","""",""оляющ"",""ие "",""сн"",""изить "",""стоимо"",""ть "",""владен"",""ия "",""авто"","""",""об"",""илем"","".""]",54
1482,devtest,485,"Массовое владение автомобилями также приводит к увеличению числа ДТП на дорогах, что приводит к изобретению в здравоохранении новых методов лечения полученных травм.","[""М"",""а"","""",""ов"",""ое "",""владен"",""ие "",""авто"","""",""об"",""илями "",""так"",""же "",""при"",""одит "",""к "",""увеличен"",""ию "",""чи"",""ла "",""ДТП "",""на "",""до"",""ог"",""ах, "",""что "",""при"",""одит "",""к "",""изоб"",""ретен"",""ию "",""в "",""зд"",""ав"",""оо"",""ран"",""ен"",""ии "",""нов"",""ых "",""мет"",""дов"","" "",""лечен"",""ия "",""пол"",""чен"",""ных "",""трав"",""м.""]",51
1483,devtest,486,"Романтизм во многом включал в себя культурный детерминизм, почерпнутый у таких писателей, как Гёте, Фихте и Шлегель.","[""Р"","""",""м"",""ан"",""тизм"","" "",""во "",""многом "",""включал "",""в "",""себя "",""культу"",""н"",""ый "",""дет"",""р"",""ин"",""изм, "",""по"",""ер"",""н"",""утый "",""у "",""так"",""их "",""писател"",""й, "",""как"","" "",""Гёте, "",""Фих"",""е "",""и Шлегель.""]",33
1484,devtest,487,"В контексте романтизма, география формировала людей, а с течением времени возникали связанные с ней обычаи и культура, которые, находясь в гармонии с местом проживания данного общества, были лучше, чем произвольно навязанные законы.","[""В"","" "",""кон"",""тек"",""сте "",""ром"",""ан"",""тизма, "",""геог"",""рафия "",""форм"",""иров"",""ала "",""людей, "",""а с "",""течен"",""ием "",""врем"",""ен"",""и "",""возн"",""икали "",""связан"",""ные "",""с "",""ней "",""обычаи "",""и культу"",""а, "",""кото"",""ые, "",""наход"",""сь "",""в "",""гармон"",""ии "",""с "",""местом"","" "",""проживан"",""ия "",""дан"",""ного "",""общ"",""еств"",""а, "",""были "",""лучш"",""е, "",""чем"","" "",""произв"",""ольн"",""о "",""нав"",""язан"",""ные "",""зак"",""он"",""ы.""]",60
1485,devtest,488,"Подобно тому, как Париж называют столицей моды современного мира, так и Константинополь считался столицей моды во времена феодальной Европы.","[""П"",""од"","""",""б"",""н"",""о "",""тому, "",""как"","" "",""Пар"",""ж "",""называют "",""стол"",""ицей "",""моды "",""сов"",""рем"",""ен"",""ного "",""мира, "",""так"","" "",""и Кон"",""стан"",""тин"",""оп"",""оль "",""считался "",""стол"",""ицей "",""моды "",""во "",""врем"",""ен"",""а "",""феод"",""альн"",""ой "",""Европ"",""ы.""]",40
1486,devtest,489,Слава о нем как о центре роскоши пошла около 400 г. н. э. и продолжалась примерно до 1100 г. н. э.,"[""Слав"",""а "",""о нем"","" "",""как"","" "",""о цен"",""тре "",""роск"",""оши "",""по"",""ла "",""ок"",""оло "",""400 "",""г. "",""н. "",""э. "",""и прод"",""олжала"",""ь "",""при"",""ерн"",""о "",""до "",""1100 "",""г. "",""н. "",""э.""]",29
1487,devtest,490,"Его статус снижался на протяжении двенадцатого века главным образом из-за того, что крестоносцы возвращались с такими дарами, как шелк и пряности, ценившимися выше, чем предлагаемые на византийских рынках товары.","[""Ег"",""о "",""ста"",""ус "",""сн"",""ижался "",""на "",""про"",""яжен"",""ии "",""двен"",""адцатог"",""о "",""век"",""а "",""глав"",""н"",""ым "",""образом"","" "",""из-"",""за "",""того, "",""что "",""кре"",""тон"",""осцы "",""возв"",""ращали"",""ь "",""с "",""так"",""ими "",""дарами, "",""как"","" "",""шелк "",""и прян"",""ости, "",""цен"",""ивш"",""имися "",""выш"",""е, "",""чем"","" "",""пред"",""лаг"",""аем"",""ые "",""на "",""визан"",""тийск"",""их "",""рын"",""ках "",""тов"",""ары.""]",58
1488,devtest,491,В этот момент и произошел переход титула Столицы Моды от Константинополя к Парижу.,"[""В"","" "",""это"","" "",""момен"",""т "",""и произо"",""ел "",""пер"",""ход "",""ти"",""ула "",""Стол"",""ицы "",""Мод"","" "",""от "",""Кон"",""стан"",""тин"",""оп"",""оля "",""к "",""Пар"",""ж"","".""]",26
1489,devtest,492,Готический стиль достиг расцвета в период между X–XI вв. и XIV в.,"[""Г"",""о"",""и"",""еск"",""ий "",""сти"",""ь "",""до"",""тиг "",""рас"",""в"",""ета "",""в "",""пер"",""од "",""межд"","" "",""X–"",""XI "",""вв. "",""и XIV "",""в.""]",22
1490,devtest,493,Сначала одежда находилась под сильным влиянием византийской культуры на востоке.,"[""Сн"",""ачала "",""одежда "",""находила"",""ь "",""под "",""сильн"",""ым "",""влиян"",""ием "",""визан"",""тийск"",""ой "",""культу"","""","" "",""на "",""во"",""ток"",""е.""]",20
1491,devtest,494,Однако из-за медленных каналов связи стили на западе могут отставать на 25-30 лет.,"[""Од"",""н"",""ако "",""из-за "",""мед"",""ен"",""ных "",""кан"",""алов"","" "",""связи "",""сти"",""и "",""на "",""зап"",""аде "",""могут "",""отстав"",""ать "",""на "",""25-30 "",""лет.""]",22
1492,devtest,495,"Собственные стили начали развиваться в Западной Европе к концу Средневековья. Одним из самых больших достижений того времени, благодаря крестовым походам, стало использование пуговиц для застегивания одежды.","[""Соб"",""ств"",""ен"",""ные "",""сти"",""и "",""начали "",""разв"",""иваться "",""в "",""Зап"",""адн"",""ой "",""Европ"",""е "",""к "",""кон"",""цу "",""Средн"",""ев"",""еков"",""ья. "",""Одн"",""им "",""из "",""сам"",""ых "",""больш"",""их "",""до"",""тижен"",""ий "",""того "",""врем"",""ен"",""и, "",""благ"",""ода"",""я "",""кре"",""тов"",""ым "",""по"",""одам, "",""стал"","" "",""использов"",""ан"",""ие "",""пуг"",""ов"",""иц "",""для "",""за"",""тегиван"",""ия "",""одежд"","".""]",58
1493,devtest,496,"Натуральное сельское хозяйство — это сельское хозяйство, ведущееся для производства достаточного количества продуктов питания для удовлетворения потребностей только земледельца и его/ее семьи.","[""Н"",""а"",""у"",""альн"",""ое "",""сел"",""ск"",""ое "",""хоз"",""йств"",""о "",""— "",""это "",""сел"",""ск"",""ое "",""хоз"",""йств"",""о, "",""вед"",""щ"",""ееся "",""для "",""произв"",""одств"",""а "",""до"",""тато"",""н"",""ого "",""кол"",""честв"",""а "",""прод"",""уктов"","" "",""питан"",""ия "",""для "",""удов"",""летво"",""ен"",""ия "",""по"",""реб"",""н"",""остей "",""тольк"",""о "",""зем"",""ледельца "",""и его/"",""ее "",""сем"",""ьи.""]",55
1494,devtest,497,"Натуральное сельское хозяйство — это простая, зачастую органическая, система земледелия, использующая семена произрастающих в данной экосистеме растений, вместе с применением севооборота и других относительно простых методов увеличения урожайности.","[""Н"",""а"",""у"",""альн"",""ое "",""сел"",""ск"",""ое "",""хоз"",""йств"",""о "",""— "",""это "",""про"",""тая, "",""за"",""астую "",""орган"",""ическ"",""ая, "",""систем"",""а "",""зем"",""ледели"","", "",""испол"",""з"",""ющ"",""ая "",""сем"",""ен"",""а "",""произ"",""аста"",""щ"",""их "",""в "",""дан"",""ной "",""эк"",""осистем"",""е "",""рас"",""ен"",""ий, "",""вмес"",""те "",""с "",""при"",""ен"",""ен"",""ием "",""сев"",""ооб"",""о"",""о"",""а "",""и друг"",""их "",""отн"",""осительн"",""о "",""про"",""тых "",""мет"",""дов"","" "",""увеличен"",""ия "",""урожайн"",""ости.""]",71
1495,devtest,498,"Исторически сложилось так, что большинство фермеров занимались сельским хозяйством в целях пропитания, и это до сих пор наблюдается во многих развивающихся странах.","[""И"","""",""о"",""ическ"",""и "",""сложило"",""ь "",""так"","", "",""что "",""больш"",""ин"",""ств"",""о "",""фер"",""еров"","" "",""зан"",""имали"",""ь "",""сел"",""ск"",""им "",""хоз"",""йств"",""ом "",""в "",""целя"","" "",""проп"",""итан"",""ия, "",""и это "",""до "",""сих "",""по"","" "",""наб"",""людается "",""во "",""многих "",""разв"",""ивающ"",""ихся "",""стр"",""н"",""ах.""]",47
1496,devtest,499,"Субкультуры объединяют единомышленников, которые чувствуют себя ущемлёнными стандартами общества, и позволяют таким людям определить для себя, кто они.","[""С"",""б"",""к"",""ульту"","""","" "",""объедин"",""яют "",""един"",""омышлен"",""ников"","", "",""кото"",""ые "",""чувств"",""уют "",""себя "",""ущемлён"",""ными "",""стан"",""дартами "",""общ"",""еств"",""а, "",""и поз"","""",""оляют "",""так"",""им "",""людям "",""опред"",""ели"",""ь "",""для "",""себя, "",""кто "",""он"",""и.""]",38
1497,devtest,500,"Meжду субкультурами возможны различия, обусловленные возрастом, национальностью, социальным статусом, местом проживания и/или половой принадлежностью людей, из которых она состоит.","[""M"",""eж"",""д"","" "",""субкульту"",""ами "",""возм"",""ожн"",""ы "",""разли"",""ия, "",""обуслов"",""лен"",""ные "",""воз"",""астом"","", "",""национ"",""альн"",""остью, "",""со"",""иальн"",""ым "",""ста"",""усом"","", "",""местом"","" "",""проживан"",""ия "",""и/"",""или "",""пол"",""в"",""ой "",""при"","""",""адлежн"",""остью "",""людей, "",""из "",""кото"",""ых "",""он"",""а "",""со"",""тоит.""]",47
1498,devtest,501,"Характеристики, которые определяют субкультуру как отдельную, могут быть лингвистическими, эстетическими, религиозными, политическими, сексуальными, географическими или сочетанием факторов.","[""Х"",""а"",""ак"",""тер"",""стик"",""и, "",""кото"",""ые "",""опред"",""ел"","""",""т "",""субкульту"","""","" "",""как"","" "",""отдельн"",""ую, "",""мог"","""",""т "",""быть "",""лин"",""гвистическ"",""ими, "",""эстетическ"",""ими, "",""рел"",""г"",""иоз"",""н"",""ыми, "",""пол"",""тическ"",""ими, "",""сек"",""суальн"",""ыми, "",""геог"",""рафическ"",""ими "",""или "",""со"",""етан"",""ием "",""фак"",""торов"","".""]",49
1499,devtest,502,"Представители определенной субкультуры зачастую заявляют о своей принадлежности через своеобразное и символичное использование стиля, в том числе через моду, манеры и жаргон.","[""П"",""ред"",""став"",""ител"","" "",""опред"",""елен"",""ной "",""субкульту"","""","" "",""за"",""астую "",""за"",""вля"",""т "",""о "",""своей "",""при"","""",""адлежн"",""ости "",""чер"",""з "",""своеоб"",""разн"",""ое "",""и сим"",""воличн"",""ое "",""использов"",""ан"",""ие "",""сти"",""я, "",""в "",""том "",""числе "",""чер"",""з "",""моду, "",""ман"",""ер"","" "",""и жаргон"","".""]",46
1500,devtest,503,"Одним из наиболее распространённых методов, используемых для иллюстрации важности социализации, является иллюстрация нескольких прискорбных случаев, когда дети из-за отсутствия должного внимания, неудачного стечения обстоятельств или умышленного жестокого обращения не контактировали со взрослыми во время своего взросления.","[""Од"",""н"",""им "",""из "",""наиболее "",""расп"",""ро"",""тран"",""ён"",""ных "",""мет"",""дов"","", "",""использ"",""ем"",""ых "",""для "",""илл"",""стра"",""и"",""и "",""важн"",""ости "",""со"",""иализа"",""и"",""и, "",""явл"",""ется "",""илл"",""стра"",""и"",""я "",""неск"",""ольких "",""при"",""к"",""орбн"",""ых "",""случаев"","", "",""когда "",""дет"","" "",""из-"",""за "",""отсутств"",""ия "",""должн"",""ого "",""вн"",""иман"",""ия, "",""неудачн"",""ого "",""сте"",""ен"",""ия "",""обсто"",""тел"",""ств"","" "",""или "",""умышлен"",""ного "",""жесток"",""ого "",""обра"",""ен"",""ия "",""не "",""кон"",""тактиров"",""али "",""со "",""вз"",""о"",""лыми "",""во "",""врем"",""я "",""своего "",""вз"",""о"",""лен"",""ия.""]",86
1501,devtest,504,"Таких детей называют ""одичавшими"" или ""дикими"". Некоторые одичавшие дети изолировались людьми (обычно их собственными родителями). В некоторых случаях подобный отказ от своего ребёнка являлся результатом непринятия родителями его серьёзной интеллектуальной или физической неполноценности.","[""Т"",""ак"",""их "",""дет"",""й "",""называют "",""\""оди"",""авш"",""ими\"" "",""или "",""\""дик"",""ими\"". "",""Нек"",""ото"",""ые "",""одичавш"",""ие "",""дет"","" "",""изол"",""и"",""ов"",""али"",""ь "",""людьм"",""и "",""(обычн"",""о "",""их "",""соб"",""ств"",""ен"",""ными "",""роди"",""елям"",""и). "",""В "",""нек"",""ото"",""ых "",""случаях "",""под"",""б"",""н"",""ый "",""отк"",""аз "",""от "",""своего "",""реб"",""н"",""ка "",""являлся "",""рез"",""льта"",""ом "",""неп"",""ри"","""",""ятия "",""родителям"",""и "",""его "",""сер"",""ёзн"",""ой "",""ин"",""тел"",""ек"",""туальн"",""ой "",""или "",""физическ"",""ой "",""неп"",""ол"","""",""оцен"",""ности.""]",79
1502,devtest,505,"Дети, живущие на улицах, возможно, пережили тяжёлые формы насилия или травмирования до того, как убежать или быть брошенными.","[""Д"",""е"","""","", "",""жив"","""","""",""ие "",""на "",""улицах, "",""возм"",""ожн"",""о, "",""пер"",""жили "",""тяжёл"",""е "",""форм"",""ы "",""насили"","" "",""или "",""трав"",""миров"",""ан"",""ия "",""до "",""того, "",""как"","" "",""убежать "",""или "",""быть "",""бро"",""ен"",""ными.""]",36
1503,devtest,506,"Другие, как утверждается, воспитывались животными; некоторые из них обитали в дикой природе самостоятельно.","[""Д"","""",""уг"",""ие, "",""как"","" "",""утвержд"",""ается, "",""во"",""питывали"",""ь "",""живо"",""н"",""ыми; "",""нек"",""ото"",""ые "",""из "",""них "",""оби"",""али "",""в "",""дик"",""ой "",""при"",""оде "",""сам"",""осто"",""тел"",""н"",""о.""]",31
1504,devtest,507,"Если он полностью воспитан животными вместо людей, одичавший ребенок демонстрирует повадки (в пределах физических ограничений), практически во всем подобные конкретному вырастившему его животному — например, его боязнь или безразличие к людям.","[""Е"",""ли "",""он"","" "",""пол"",""остью "",""во"",""питан"","" "",""живо"",""н"",""ыми "",""вмес"",""то "",""людей, "",""оди"",""авш"",""ий "",""ребен"",""ок "",""дем"",""он"",""стрир"",""ет "",""пов"",""адки "",""(в "",""пред"",""елах "",""физическ"",""их "",""огран"",""ичен"",""ий), "",""прак"",""тическ"",""и "",""во "",""всем"","" "",""под"",""б"",""н"",""ые "",""кон"",""кретн"",""ому "",""вырастив"","""",""ему "",""его "",""живо"",""н"",""ому "",""— "",""нап"",""ример, "",""его "",""бо"",""зн"",""ь "",""или "",""без"",""азл"",""ичие "",""к "",""людям.""]",67
1505,devtest,508,"В то время как обучение на основе проектов должно быть более простым и интересным, скаффолдинг опережает многие технологии.","[""В"","" "",""то "",""врем"",""я "",""как"","" "",""обучен"",""ие "",""на "",""основ"",""е "",""проек"",""тов"","" "",""должн"",""о "",""быть "",""более "",""про"",""тым "",""и ин"",""тер"",""сн"",""ым, "",""ск"",""аффолди"",""н"",""г "",""опер"",""жает "",""мн"",""огие "",""техн"",""олог"",""ии.""]",36
1506,devtest,509,"Скаффолдинг — это не метод обучения, а скорее форма помощи тем, кто проходит через новый опыт обучения, такой как использование новой компьютерной программы или начало нового проекта.","[""Ск"",""аффол"",""д"",""и"",""н"",""г "",""— "",""это "",""не "",""мет"",""д "",""обучен"",""ия, "",""а ск"",""орее "",""форм"",""а "",""пом"",""ощи "",""тем"","", "",""кто "",""про"",""оди"","" "",""чер"",""з "",""нов"",""ый "",""опыт "",""обучен"",""ия, "",""так"",""ой "",""как"","" "",""использов"",""ан"",""ие "",""нов"",""ой "",""ком"",""пьютер"","""",""ой "",""прог"",""раммы "",""или "",""начало "",""нов"",""ого "",""проек"",""та.""]",53
1507,devtest,510,"Скаффолдинг может быть как виртуальным, так и реальным. Другими словами, учитель — это форма скаффолдинга, но также ей является и Скрепыш в Microsoft Officе.","[""Ск"",""аффол"",""д"",""и"",""н"",""г "",""може"","" "",""быть "",""как"","" "",""вир"",""уальн"",""ым, "",""так"","" "",""и реальн"",""ым. "",""Друг"",""ими "",""слов"",""ами, "",""учитель "",""— "",""это "",""форм"",""а "",""ск"",""аффолд"",""и"",""н"",""га, "",""но "",""так"",""же "",""ей "",""является "",""и Ск"",""реп"",""ыш "",""в "",""Microsoft "",""Officе.""]",43
1508,devtest,511,"Виртуальный скаффолдинг, помогающий в обучении, встроен в программное обеспечение и предназначен для того, чтобы напоминать, объяснять и задавать вопросы насчёт процедур, с которыми обучающемуся, возможно, было бы слишком трудно справиться в одиночку.","[""В"",""и"","""",""уальн"",""ый "",""ск"",""аффолд"",""и"",""н"",""г, "",""пом"",""огающ"",""ий "",""в "",""обучен"",""ии, "",""вст"",""оен"","" "",""в "",""прог"",""раммн"",""ое "",""обесп"",""ечен"",""ие "",""и пред"",""н"",""азн"",""ачен"","" "",""для "",""того, "",""чтобы "",""нап"",""ом"",""ин"",""ать, "",""объясн"",""ять "",""и зад"",""вать "",""вопро"",""ы "",""насчёт "",""про"",""едур, "",""с "",""кото"",""ыми "",""обучающ"",""емуся, "",""возм"",""ожн"",""о, "",""было "",""бы "",""сли"",""ком "",""тр"",""дн"",""о "",""справ"",""иться "",""в "",""один"",""очку.""]",67
1509,devtest,512,Дети передаются под опеку по множеству разнообразных причин: от беспризорности до жестокого обращения и даже вымогательств.,"[""Д"",""е"","""","" "",""пер"",""даются "",""под "",""опек"",""у "",""по "",""множе"",""тв"",""у "",""разн"",""ооб"",""разн"",""ых "",""при"",""ин"","": "",""от "",""беспри"",""о"",""н"",""ости "",""до "",""жесток"",""ого "",""обра"",""ен"",""ия "",""и даже "",""вым"",""огательств"","".""]",35
1510,devtest,513,"Дети ни за что не должны расти в обстановке, где не обеспечивается воспитание, забота и образование, но растут.","[""Д"",""е"","""","" "",""ни за "",""что "",""не "",""должн"",""ы "",""рас"",""и "",""в "",""обстан"",""ов"",""ке, "",""где "",""не "",""обесп"",""ечивается "",""во"",""питан"",""ие, "",""заб"",""о"",""а "",""и образов"",""ан"",""ие, "",""но "",""рас"","""",""т.""]",32
1511,devtest,514,Мы считаем систему фостерной опеки безопасной для детей.,"[""М"",""ы счи"",""аем"","" "",""систем"",""у "",""фостер"","""",""ой "",""опек"",""и "",""без"",""п"",""асн"",""ой "",""для "",""дет"",""й.""]",18
1512,devtest,515,"Наша система опеки должна предоставлять безопасное жильё, любящих опекунов, стабильное образование и надёжное здравоохранение.","[""Н"",""а"","""",""а "",""систем"",""а "",""опек"",""и "",""должн"",""а "",""пред"",""о"",""тавлять "",""без"",""п"",""асн"",""ое "",""жильё, "",""люб"",""ящ"",""их "",""опек"",""ун"",""ов"","", "",""стабильн"",""ое "",""образов"",""ан"",""ие "",""и над"",""жн"",""ое "",""зд"",""ав"",""оо"",""ран"",""ен"",""ие.""]",39
1513,devtest,516,"Патронажное воспитание должно обеспечить все нужды, которых не хватало в доме, откуда их ранее забрали.","[""П"",""а"",""р"",""н"",""ажн"",""ое "",""во"",""питан"",""ие "",""должн"",""о "",""обесп"",""ечить "",""все "",""нужд"","", "",""кото"",""ых "",""не "",""хватало "",""в "",""дом"",""е, "",""отк"",""уда "",""их "",""ран"",""ее "",""заб"",""рали.""]",30
1514,devtest,517,"Интернет сочетает в себе элементы как массовых, так и межличностных коммуникаций.","[""Ин"",""тер"","""",""ет "",""со"",""етает "",""в "",""себе "",""элем"",""ен"",""ты "",""как"","" "",""массов"",""ых, "",""так"","" "",""и межли"",""н"",""остн"",""ых "",""ком"",""мун"",""икаци"",""й.""]",25
1515,devtest,518,Отличительные особенности Интернета приводят к дополнительным масштабам с точки зрения подхода использования и удовлетворения.,"[""О"",""ли"",""ител"",""н"",""ые "",""особ"",""ен"",""ности "",""Ин"",""тер"","""",""ета "",""при"",""одят "",""к "",""доп"",""олнительн"",""ым "",""масштаб"",""ам "",""с "",""то"",""ки "",""зрен"",""ия "",""под"",""ода "",""использов"",""ан"",""ия "",""и удов"",""летво"",""ен"",""ия.""]",34
1516,devtest,519,"Так, высказана мысль о том, что ""обучение"" и ""социализация""  являются важными мотивирующими факторами для использования интернета (James et al., 1995)","[""Т"",""ак"","", "",""выск"",""азан"",""а "",""мысль "",""о "",""том, "",""что "",""\""обучен"",""ие\"" "",""и \""со"",""иализа"",""и"",""я\"" "","" "",""явля"",""тся "",""важн"",""ыми "",""мо"",""ивир"",""ющ"",""ими "",""фак"",""торами "",""для "",""использов"",""ан"",""ия "",""ин"",""тер"","""",""ета "",""(Jam es  "",""et "",""al., "",""1995)""]",39
1517,devtest,520,"""Персональное участие"" и ""долгосрочные контакты"" были также названы Эймми и МакКордом (1998) новыми гранями мотивации, когда они изучали, как люди реагируют на веб-сайты.","[""\"""",""Пер"",""он"",""альн"",""ое "",""уча"",""тие\"" "",""и \""долг"",""о"",""ро"",""н"",""ые "",""кон"",""такты\"" "",""были "",""так"",""же "",""назв"",""ан"",""ы "",""Эймми "",""и Мак"",""Ко"",""дом"","" "",""(1998) "",""нов"",""ыми "",""гран"",""ями "",""мо"",""ивации, "",""когда "",""он"",""и "",""из"",""чали, "",""как"","" "",""люди "",""реагир"",""ют "",""на "",""веб-"",""сайты.""]",45
1518,devtest,521,Использование видеозаписи привело к важным открытиям в сфере интерпретации микровыражений  — движений лица длительностью несколько миллисекунд.,"[""И"",""п"",""ол"",""зов"",""ан"",""ие "",""вид"",""оз"",""ап"",""иси "",""при"",""ело "",""к "",""важн"",""ым "",""отк"",""рытиям "",""в "",""сфер"","" "",""ин"",""тер"",""ретации "",""мик"",""ров"",""ыражен"",""ий "","" "",""— "",""движен"",""ий "",""лица "",""длительн"",""остью "",""неск"",""олько "",""милли"",""ек"",""ун"",""д.""]",40
1519,devtest,522,"В частности, утверждается, что можно определить, лжет ли человек, при помощи правильной интерпретации его микровыражений.","[""В"","" "",""частн"",""ости, "",""утвержд"",""ается, "",""что "",""можн"",""о "",""опред"",""ели"",""ь, "",""лже"","" "",""ли "",""челов"",""ек, "",""при "",""пом"",""ощи "",""прав"",""ильн"",""ой "",""ин"",""тер"",""ретаци"",""и "",""его "",""мик"",""ров"",""ыражен"",""ий.""]",32
1520,devtest,523,"В статье ""Речь президента"" Оливер Сакс описал, как люди, которые из-за повреждения мозга неспособны понимать речь, тем не менее могут правильно оценить искренность говорящего.","[""В"","" "",""ста"",""ье "",""\""Реч"","" "",""президен"",""та\"" "",""Олив"",""ер "",""Сак"",""с "",""описал, "",""как"","" "",""люди, "",""кото"",""ые "",""из-"",""за "",""пов"",""режден"",""ия "",""мозг"",""а "",""несп"",""о"",""об"",""ны "",""пон"",""имать "",""реч"","", "",""тем"","" "",""не "",""мен"",""ее "",""могут "",""прав"",""ильн"",""о "",""оцен"",""ить "",""иск"",""рен"",""ность "",""гово"",""ящ"",""его.""]",50
1521,devtest,524,"Согласно его предположению, подобными способностями по толкованию поведения человека могут обладать животные, например, домашние собаки.","[""Сог"",""ла"",""н"",""о "",""его "",""пред"",""пол"",""жен"",""ию, "",""под"",""б"",""н"",""ыми "",""спо"",""об"",""ностями "",""по "",""толков"",""ан"",""ию "",""пов"",""еден"",""ия "",""челов"",""ека "",""могут "",""обладать "",""живо"",""н"",""ые, "",""нап"",""ример, "",""дом"",""ашн"",""ие "",""соб"",""аки.""]",37
1522,devtest,525,"Исследования, которые проводились в двадцатом веке, показали, что существует два вида генетической вариативности: скрытая и выраженная.","[""И"","""",""ледов"",""ан"",""ия, "",""кото"",""ые "",""пров"",""одили"",""ь "",""в "",""двад"",""атом "",""век"",""е, "",""пок"",""азали, "",""что "",""существ"",""ует "",""два "",""вид"","" "",""ген"",""етическ"",""ой "",""вар"",""ативн"",""ости: "",""ск"",""рытая "",""и выражен"",""ная.""]",33
1523,devtest,526,"Мутация вносит новую генетическую вариацию, в то время как отбор убирает её из набора проявляющихся вариаций.","[""М"",""ута"",""и"",""я "",""вн"",""осит "",""нов"",""ую "",""ген"",""етическ"",""ую "",""вар"",""а"",""ию, "",""в "",""то "",""врем"",""я "",""как"","" "",""отбо"","" "",""убирает "",""её "",""из "",""наб"",""ора "",""про"",""вляющ"",""ихся "",""вар"",""аций.""]",32
1524,devtest,527,Сегрегация и рекомбинация с каждым поколением тасуют вариации между двумя пулами.,"[""Сег"",""егаци"",""я "",""и рек"",""омб"",""ин"",""аци"",""я "",""с "",""кажд"",""м "",""пок"",""олен"",""ием "",""тасуют "",""вар"",""а"",""ии "",""межд"","" "",""двумя "",""пулами.""]",22
1525,devtest,528,"В саванне приматам с такой пищеварительной системой, как у человека, трудно удовлетворить свои потребности в аминокислотах за счёт имеющихся растительных ресурсов.","[""В"","" "",""сав"",""ан"",""не "",""при"",""атам "",""с "",""так"",""ой "",""пищев"",""арительн"",""ой "",""систем"",""ой, "",""как"","" "",""у "",""челов"",""ека, "",""тр"",""дн"",""о "",""удов"",""летво"",""ить "",""свои "",""по"",""реб"",""н"",""ости "",""в "",""амин"",""ок"",""исло"",""ах "",""за "",""счёт "",""имеющ"",""ихся "",""рас"",""ительн"",""ых "",""рес"",""р"",""ов"","".""]",47
1526,devtest,529,"Более того, невыполнение этого приведёт к таким серьёзным последствиям, как замедление роста, недоедание и, в конечном счёте, смерть.","[""Б"",""олее "",""того, "",""нев"",""ып"",""олнен"",""ие "",""этого "",""при"",""едёт "",""к "",""так"",""им "",""сер"",""ёзн"",""ым "",""по"",""ледств"",""иям, "",""как"","" "",""зам"",""едлен"",""ие "",""роста, "",""нед"",""едан"",""ие "",""и, "",""в "",""кон"",""ечн"",""ом "",""счёте, "",""смерть.""]",35
1527,devtest,530,"Наиболее доступными растительными ресурсами были бы белки, находящиеся в листьях и бобовых, но они плохо усваиваются такими приматами, как мы, если их не готовить.","[""Н"",""аиболее "",""до"",""тупн"",""ыми "",""рас"",""ител"",""н"",""ыми "",""рес"",""р"",""ам"",""и "",""были "",""бы "",""бел"",""и, "",""наход"",""щ"",""иеся "",""в "",""ли"",""тья"","" "",""и боб"",""овых, "",""но "",""он"",""и "",""пло"",""о "",""усваиваются "",""так"",""ими "",""при"",""атами, "",""как"","" "",""мы, "",""если "",""их "",""не "",""го"",""ов"",""ить.""]",45
1528,devtest,531,"Напротив, еда животного происхождения (муравьи, термиты, яйца) является не только легкоусвояемой, но и представляет собой богатый источник белков,  содержащих все основные аминокислоты.","[""Н"",""ап"",""ро"",""ив, "",""ед"","" "",""живо"",""н"",""ого "",""происхож"",""ден"",""ия "",""(мур"",""в"",""ьи, "",""тер"",""иты, "",""яйца)"","" "",""является "",""не "",""тольк"",""о "",""легк"",""оусво"",""ем"",""ой, "",""но "",""и пред"",""став"",""ляет "",""соб"",""ой "",""бога"",""ый "",""исто"",""н"",""ик "",""бел"",""ов"","", "","" "",""содержащ"",""их "",""все "",""основ"",""н"",""ые "",""амин"",""ок"",""исло"",""ы.""]",52
1529,devtest,532,"Принимая во внимание все вышесказанное, не стоит удивляться тому, что наши предки решили ""белковую проблему"" примерно так же, как ее решают шимпанзе в саванне по сей день.","[""П"",""ри"","""",""имая "",""во "",""вн"",""иман"",""ие "",""все "",""выш"",""еск"",""азан"",""ное, "",""не "",""стоит "",""удивляться "",""тому, "",""что "",""наш"",""и "",""пред"",""к"",""и "",""решили "",""\""бел"",""ов"",""ую "",""проб"",""лем"",""у\"" "",""при"",""ерн"",""о "",""так"","" "",""же, "",""как"","" "",""ее "",""решают "",""шимпан"",""зе "",""в "",""сав"",""ан"",""не "",""по "",""сей "",""ден"",""ь.""]",50
1530,devtest,533,Прерывание сна — это процесс целенаправленного пробуждения во время обычного сна и повторного засыпания через короткое время (10–60 минут).,"[""П"",""ре"","""",""ван"",""ие "",""сна "",""— "",""это "",""про"",""есс "",""целен"",""ап"",""рав"",""лен"",""ного "",""проб"",""ужден"",""ия "",""во "",""врем"",""я "",""обычн"",""ого "",""сна "",""и пов"",""торн"",""ого "",""за"",""ыпан"",""ия "",""чер"",""з "",""коро"",""кое "",""врем"",""я "",""(10–"",""60 "",""мин"",""ут).""]",40
1531,devtest,534,"Это можно легко сделать при помощи относительно тихого будильника, чтобы привести вас в сознание и при этом не разбудить полностью.","[""Э"",""о "",""можн"",""о "",""легк"",""о "",""сделать "",""при "",""пом"",""ощи "",""отн"",""осительн"",""о "",""ти"",""ог"",""о "",""будильн"",""ика, "",""чтоб"",""ы "",""при"",""ести "",""вас "",""в "",""созн"",""ан"",""ие "",""и при "",""этом "",""не "",""разб"",""удить "",""пол"",""остью.""]",34
1532,devtest,535,"Если вы обнаружите, что переустанавливаете будильник во сне, то его можно поставить на другую сторону комнаты, что заставит вас встать с кровати, чтобы выключить его.","[""Е"",""ли "",""вы обн"",""аружите, "",""что "",""пер"",""устан"",""ав"",""лив"",""ает"","" "",""будильн"",""ик "",""во "",""сне, "",""то "",""его "",""можн"",""о "",""по"",""тавить "",""на "",""друг"",""ую "",""сто"",""он"",""у "",""ком"",""наты, "",""что "",""за"",""тавит "",""вас "",""вста"",""ь "",""с "",""кров"",""ати, "",""чтобы "",""вык"",""лючить "",""его.""]",42
1533,devtest,536,"Прочие варианты, которые основаны на биологических ритмах, включают в себя прием жидкости в больших количествах (в частности, воды или чая, известного мочегонного средства) перед сном, что заставляет человека вставать, чтобы помочиться.","[""П"",""ро"",""ие "",""вар"",""ан"",""ты, "",""кото"",""ые "",""основ"",""ан"",""ы "",""на "",""биолог"",""ическ"",""их "",""ритмах, "",""включают "",""в "",""себя "",""при"",""м "",""жидк"",""ости "",""в "",""больш"",""их "",""кол"",""честв"",""ах "",""(в "",""частн"",""ости, "",""вод"","" "",""или "",""чая, "",""известн"",""ого "",""мо"",""егон"",""ного "",""средств"",""а) "",""пер"",""д "",""сном, "",""что "",""за"",""тавляет "",""челов"",""ека "",""вставать, "",""чтоб"",""ы "",""пом"",""очиться.""]",56
1534,devtest,537,Количество внутреннего покоя человека обратно пропорционально количеству напряжения в его теле и душе.,"[""К"",""ол"","""",""еств"",""о "",""вн"",""утрен"",""него "",""пок"",""оя "",""челов"",""ека "",""обратн"",""о "",""проп"",""о"",""цион"",""альн"",""о "",""кол"",""честв"",""у "",""нап"",""ряжен"",""ия "",""в "",""его "",""тел"","" "",""и душе.""]",30
1535,devtest,538,"Чем ниже напряжение, тем более позитивна присутствующая в вас жизненная сила. Каждому человеку потенциально дано обрести абсолютные покой и чувство удовлетворения.","[""Чем"","" "",""ниже "",""нап"",""ряжен"",""ие, "",""тем"","" "",""более "",""поз"",""тивн"",""а "",""при"",""утств"",""ующ"",""ая "",""в "",""вас "",""жизн"",""ен"",""ная "",""сила. "",""Каждом"",""у "",""челов"",""еку "",""по"",""ен"",""циальн"",""о "",""дан"",""о "",""обрести "",""абсолютн"",""ые "",""пок"",""ой "",""и чувств"",""о "",""удов"",""летво"",""ен"",""ия.""]",43
1536,devtest,539,"Каждый может достичь просветления. Единственное, что стоит на пути к этой цели, – это наша собственная напряженность и негативный настрой.","[""К"",""аж"",""д"","""",""й "",""може"","" "",""до"",""тичь "",""про"",""ветл"",""ен"",""ия. "",""Един"",""ств"",""ен"",""ное, "",""что "",""стоит "",""на "",""пути "",""к "",""этой "",""цели, "",""– "",""это "",""наш"",""а "",""соб"",""ств"",""ен"",""ная "",""нап"",""ряжен"",""ность "",""и нега"",""ивн"",""ый "",""настрой.""]",39
1537,devtest,540,"Тибетский буддизм основан на учениях Будды, но был дополнен махаянским путем любви и множеством техник индийской йоги.","[""Т"",""иб"",""етск"",""ий "",""будди"",""зм"","" "",""основ"",""ан"","" "",""на "",""учен"",""иях "",""Будд"","", "",""но "",""был "",""доп"",""олнен"","" "",""махаян"",""ским "",""путем"","" "",""люб"",""ви "",""и множеств"",""ом "",""техн"",""ик "",""ин"",""дийск"",""ой "",""йоги.""]",34
1538,devtest,541,"Принцип тибетского буддизма очень прост. Он состоит из кундалини-йоги, медитации и пути всепоглощающей любви.","[""П"",""ри"","""",""цип "",""тибетск"",""ого "",""будди"",""зма "",""очен"",""ь "",""про"",""т. "",""Он"","" "",""со"",""тоит "",""из "",""кун"",""далин"",""и-"",""йоги, "",""мед"",""таци"",""и "",""и пути "",""всеп"",""ог"",""ло"",""ающ"",""ей "",""люб"",""ви.""]",32
1539,devtest,542,"Энергия кундалини (энергия просветления) в кундалини-йоге пробуждается через позы йоги, дыхательные упражнения, мантры и визуализации.","[""Эн"",""ер"",""ия "",""кун"",""далин"",""и "",""(эн"",""ер"",""ия "",""про"",""ветл"",""ен"",""ия) "",""в "",""кун"",""далин"",""и-"",""йоге "",""проб"",""уждается "",""чер"",""з "",""поз"","" "",""йоги, "",""дыхательн"",""ые "",""упражн"",""ен"",""ия, "",""ман"",""тры "",""и виз"",""ализа"",""и"",""и.""]",36
1540,devtest,543,"Сердцем тибетской медитации считается Йога Божеств. Посредством визуализации разнообразных божеств чистятся энергетические каналы, запускаются чакры и достигается просветлённость сознания.","[""Се"","""","""",""ем"","" "",""тибетск"",""ой "",""мед"",""таци"",""и "",""счи"",""ается "",""Йога "",""Боже"",""тв"","". "",""По"",""редств"",""ом "",""виз"",""ализа"",""и"",""и "",""разн"",""ооб"",""разн"",""ых "",""боже"",""тв"","" "",""чи"",""тя"",""ся "",""эн"",""ер"",""етическ"",""ие "",""кан"",""алы, "",""зап"",""уск"",""аются "",""чак"",""ры "",""и до"",""тигается "",""про"",""ветл"",""ён"",""ность "",""созн"",""ан"",""ия.""]",53
1541,devtest,544,"Германия была общим врагом во Второй мировой войне, что привело к сотрудничеству СССР и США. После завершения войны противоречия относительно системы, процесса и культуры привели к раздору между странами.","[""Г"",""ер"",""ан"",""ия "",""была "",""общ"",""им "",""врагом"","" "",""во "",""Вто"",""ой "",""миров"",""ой "",""войн"",""е, "",""что "",""при"",""ело "",""к "",""со"",""рудн"",""ичеств"",""у "",""СССР "",""и США. "",""По"",""ле "",""зав"",""ершен"",""ия "",""войн"",""ы "",""про"",""иво"",""ечия "",""отн"",""осительн"",""о "",""систем"",""ы, "",""про"",""есса "",""и культу"","""","" "",""при"",""ели "",""к "",""разд"","""",""у "",""межд"","" "",""стр"",""н"",""ами.""]",57
1542,devtest,545,"Через два года после окончания войны бывшие союзники стали врагами, и началась Холодная война.","[""Че"","""",""з "",""два "",""года "",""по"",""ле "",""ок"",""он"",""чан"",""ия "",""войн"",""ы "",""бывшие "",""со"",""зн"",""ики "",""стали "",""врагами, "",""и начала"",""ь "",""Холод"",""н"",""ая "",""войн"",""а.""]",26
1543,devtest,546,"Ей предстояло продлиться следующие 40 лет. В ней воевали по-настоящему, используя опосредованные армии, на полях сражений от Африки до Азии, в Афганистане, на Кубе и во многих других местах мира.","[""Ей "",""пред"",""сто"",""ло "",""прод"",""литься "",""след"",""ющ"",""ие "",""40 "",""лет. "",""В "",""ней "",""воев"",""али "",""по-насто"",""щ"",""ему, "",""испол"",""з"",""я "",""опо"",""редов"",""ан"",""ные "",""арм"",""ии, "",""на "",""пол"",""х "",""сражен"",""ий "",""от "",""Африк"",""и "",""до "",""Азии, "",""в "",""Афган"",""истан"",""е, "",""на "",""Кубе "",""и во "",""многих "",""друг"",""их "",""местах "",""мира.""]",49
1544,devtest,547,"К 17 сентября 1939 года польская оборона уже была прорвана, и единственной надеждой было отступление и реорганизация вдоль румынского плацдарма.","[""К"","" "",""17 "",""сен"",""тября "",""1939 "",""года "",""пол"",""ск"",""ая "",""обо"",""он"",""а "",""уже "",""была "",""про"",""ван"",""а, "",""и един"",""ств"",""ен"",""ной "",""над"",""ждой "",""было "",""отступлен"",""ие "",""и рео"",""ган"",""иза"",""и"",""я "",""вдоль "",""румын"",""ского "",""пла"",""дарм"",""а.""]",38
1545,devtest,548,"Однако эти планы стали неактуальны практически за ночь, когда около 800 000 солдат из советской Красной армии образовали Белорусский и Украинский фронты после захвата восточных регионов Польши в нарушение Рижского мирного соглашения, Советско-Польского пакта о ненападении, и других международных соглашений, двусторонних и многосторонних.","[""Од"",""н"",""ако "",""эти "",""план"",""ы "",""стали "",""неак"",""туальн"",""ы "",""прак"",""тическ"",""и "",""за "",""ночь, "",""когда "",""ок"",""оло "",""800 "",""000 "",""солдат "",""из "",""сов"",""етск"",""ой "",""Кра"",""н"",""ой "",""арм"",""ии "",""образов"",""али "",""Бело"",""усск"",""ий "",""и Украин"",""ский "",""фрон"",""ты "",""по"",""ле "",""за"",""вата "",""во"",""то"",""н"",""ых "",""регион"",""ов"","" "",""Пол"",""ш"",""и "",""в "",""нар"",""шен"",""ие "",""Риж"",""к"",""ого "",""мирн"",""ого "",""согла"",""ен"",""ия, "",""Сов"",""етск"",""о-"",""Пол"",""ск"",""ого "",""пак"",""та "",""о "",""нен"",""ап"",""аден"",""ии, "",""и друг"",""их "",""межд"",""н"",""ародн"",""ых "",""согла"",""ен"",""ий, "",""двусто"",""он"",""них "",""и много"",""то"",""он"",""них.""]",94
1546,devtest,549,"Использование кораблей для транспортировки товаров является, безусловно, самым эффективным способом перевозки большого количества людей и грузов через океаны.","[""И"",""п"",""ол"",""зов"",""ан"",""ие "",""кораб"",""лей "",""для "",""тран"",""спо"",""тиров"",""ки "",""тов"",""аров"","" "",""является, "",""без"",""слов"",""н"",""о, "",""сам"",""ым "",""эффек"",""тивн"",""ым "",""спо"",""об"",""ом "",""пер"",""в"",""озк"",""и "",""больш"",""ого "",""кол"",""честв"",""а "",""людей "",""и гр"",""зов"","" "",""чер"",""з "",""ок"",""еан"",""ы.""]",47
1547,devtest,550,"Работа моряков традиционно заключается в том, чтобы обеспечивать способность страны перемещать свои народ и товары, а также одновременно препятствовать возможности врага перемещать свои народ и товары.","[""Р"","""",""б"",""о"",""а "",""мо"",""яков"","" "",""традицион"",""но "",""зак"",""лючается "",""в "",""том, "",""чтоб"",""ы "",""обесп"",""ечивать "",""спо"",""об"",""ность "",""стр"",""н"",""ы "",""пер"",""м"",""ещать "",""свои "",""нар"",""д "",""и тов"",""ары, "",""а так"",""же "",""одн"",""ов"",""рем"",""ен"",""но "",""преп"",""ятств"",""ов"",""ать "",""возм"",""ожн"",""ости "",""врага "",""пер"",""м"",""ещать "",""свои "",""нар"",""д "",""и тов"",""ары.""]",55
1548,devtest,551,"Одним из наиболее заслуживающих внимания недавних примеров этого была компания в Северной Атлантике в ходе Второй мировой войны. Американцы пытались перевезти людей и материалы через Атлантический океан, чтобы помочь Британии.","[""Од"",""н"",""им "",""из "",""наиболее "",""за"",""луживающ"",""их "",""вн"",""иман"",""ия "",""нед"",""вн"",""их "",""при"",""еров"","" "",""этого "",""была "",""ком"",""пан"",""ия "",""в "",""Сев"",""ерн"",""ой "",""Атлан"",""тик"",""е "",""в "",""ходе "",""Вто"",""ой "",""миров"",""ой "",""войн"",""ы. "",""Америк"",""ан"",""цы "",""пытались "",""пер"",""в"",""ез"",""и "",""людей "",""и матер"",""алы "",""чер"",""з "",""Атлан"",""тическ"",""ий "",""ок"",""еан"","", "",""чтобы "",""пом"",""очь "",""Бри"",""ан"",""ии.""]",62
1549,devtest,552,"В это же время немецкий военно-морской флот, используя в основном свои подводные лодки, пытался остановить это движение.","[""В"","" "",""это "",""же "",""врем"",""я "",""нем"",""ецк"",""ий "",""воен"",""но-"",""мо"",""ск"",""ой "",""фло"","", "",""использ"",""я "",""в "",""основ"",""н"",""ом "",""свои "",""под"",""одн"",""ые "",""лодк"",""и, "",""пытался "",""остан"",""ов"",""ить "",""это "",""движен"",""ие.""]",35
1550,devtest,553,"Если бы антигитлеровская коалиция потерпела неудачу, Германия, скорее всего, смогла бы завоевать Британию так же, как и остальные страны Европы.","[""Е"",""ли "",""бы "",""ан"",""тигитл"",""е"","""",""в"",""ск"",""ая "",""коали"",""ия "",""по"",""ер"",""ела "",""неудачу, "",""Гер"",""ан"",""ия, "",""ск"",""орее "",""всего, "",""смогла "",""бы "",""зав"",""оев"",""ать "",""Бри"",""ан"",""ию "",""так"","" "",""же, "",""как"","" "",""и остальн"",""ые "",""стр"",""н"",""ы "",""Европ"",""ы.""]",42
1551,devtest,554,"Козы, по-видимому, впервые были одомашнены около 10 000 лет назад в иранских горах Загрос.","[""К"",""оз"","", "",""по-видим"",""ому, "",""впер"",""ые "",""были "",""одом"",""ашн"",""ен"",""ы "",""ок"",""оло "",""10 "",""000 "",""лет "",""назад "",""в "",""иран"",""ских "",""го"",""ах "",""Заг"","""",""о"","".""]",27
1552,devtest,555,"Древние культуры и племена начали оставлять их себе, чтобы иметь под рукой молоко, шерсть, мясо и шкуру.","[""Д"","""",""ев"",""н"",""ие "",""культу"","""","" "",""и плем"",""ен"",""а "",""начали "",""оставля"",""ь "",""их "",""себе, "",""чтоб"",""ы "",""иметь "",""под "",""рукой "",""молок"",""о, "",""шер"",""ть, "",""мясо "",""и шк"",""уру.""]",28
1553,devtest,556,"Домашних коз, как правило, держали в стадах, которые бродили по холмам или прочим местам выпаса, за которым зачастую присматривали козопасы, которыми обычно являлись дети или подростки, что похоже на более распространённую деятельность пастуха. Эти методы выпаса используются и по сей день.","[""Д"",""ом"",""ашн"",""их "",""коз, "",""как"","" "",""прав"",""ило, "",""дер"",""али "",""в "",""стадах, "",""кото"",""ые "",""бродили "",""по "",""холмам "",""или "",""про"",""им"","" "",""местам"","" "",""выпаса, "",""за "",""кото"",""ым "",""за"",""астую "",""при"",""матривали "",""козоп"",""асы, "",""кото"",""ыми "",""обычн"",""о "",""являлись "",""дет"","" "",""или "",""под"",""о"",""тки, "",""что "",""по"",""оже "",""на "",""более "",""расп"",""ро"",""тран"",""ён"",""ную "",""деятел"",""н"",""ость "",""пастуха. "",""Эти "",""мет"",""ды "",""выпаса "",""использ"",""ются "",""и по "",""сей "",""ден"",""ь.""]",69
1554,devtest,557,Дороги для повозок были построены в Англии ещё в XVI веке.,"[""Д"",""о"",""ог"",""и "",""для "",""пов"",""озок"","" "",""были "",""по"",""троен"",""ы "",""в "",""Ан"",""глии "",""ещё "",""в "",""XVI "",""век"",""е.""]",20
1555,devtest,558,"Хотя гужевые дороги представляли собой лишь размещенные параллельно бруски дерева, они давали лошадям возможность перевозить по ним более крупные грузы и с более высокой скоростью, чем по слегка более ухабистым дорогам того времени.","[""Х"",""о"",""я "",""гужев"",""ые "",""до"",""ог"",""и "",""пред"",""став"",""ляли "",""соб"",""ой "",""лишь "",""разм"",""ещен"",""ные "",""пар"",""ллел"",""н"",""о "",""бруск"",""и "",""дер"",""в"",""а, "",""он"",""и "",""давали "",""ло"",""адям "",""возм"",""ожн"",""ость "",""пер"",""в"",""озить "",""по "",""ним "",""более "",""крупн"",""ые "",""грузы "",""и с "",""более "",""высок"",""ой "",""ск"",""оростью, "",""чем"","" "",""по "",""слегк"",""а "",""более "",""ухабистым "",""до"",""ог"",""ам "",""того "",""врем"",""ен"",""и.""]",63
1556,devtest,559,"Шпалы начали применяться довольно давно для того, чтобы удерживать рельсы на месте. Однако впоследствии стало ясно, что пути были более эффективны при полосе из железа сверху.","[""Шп"",""ал"","" "",""начали "",""при"",""ен"",""яться "",""дов"",""ольн"",""о "",""давн"",""о "",""для "",""того, "",""чтоб"",""ы "",""удерживать "",""рел"",""сы "",""на "",""месте. "",""Одн"",""ако "",""впо"",""ледств"",""ии "",""стал"","" "",""ясн"",""о, "",""что "",""пути "",""были "",""более "",""эффек"",""тивн"",""ы "",""при "",""пол"",""се "",""из "",""желез"",""а "",""све"","""",""у.""]",46
1557,devtest,560,"Это стало общепринятой практикой, но железо приводило к большему износу деревянных колёс вагонов.","[""Э"",""о "",""стал"","" "",""общ"",""еп"",""ри"","""",""ятой "",""прак"",""тикой, "",""но "",""желез"",""о "",""при"",""одило "",""к "",""больш"",""ему "",""изн"",""осу "",""дерев"",""ян"",""ных "",""колёс "",""вагон"",""ов"","".""]",28
1558,devtest,561,"Со временем деревянные колёса были заменены на железные. В 1767 году появились первые рельсы, сделанные полностью из железа.","[""Со "",""врем"",""ен"",""ем"","" "",""дерев"",""ян"",""ные "",""колёса "",""были "",""зам"",""ен"",""ен"",""ы "",""на "",""желез"",""н"",""ые. "",""В "",""1767 "",""году "",""по"",""вили"",""ь "",""пер"",""ые "",""рел"",""сы, "",""сделан"",""ные "",""пол"",""остью "",""из "",""желез"",""а.""]",35
1559,devtest,562,"Первой известной формой транспорта было передвижение на ногах, люди начали ходить прямо два миллиона лет назад с появлением Хомо Эректус   (что значит человек выпрямленный).","[""П"",""ер"",""ой "",""известн"",""ой "",""форм"",""ой "",""тран"",""спо"",""та "",""было "",""пер"",""дв"",""ижен"",""ие "",""на "",""ногах, "",""люди "",""начали "",""ходи"",""ь "",""прям"",""о "",""два "",""миллион"",""а "",""лет "",""назад "",""с "",""по"",""влен"",""ием "",""Хом"",""о "",""Эрек"",""тус "",""  (что "",""зн"",""ачит "",""челов"",""ек "",""выпрям"",""лен"",""ный).""]",44
1560,devtest,563,Для их предков австралопитеков прямохождение не было столь привычным.,"[""Д"",""ля "",""их "",""пред"",""к"",""ов"","" "",""австралоп"",""итек"",""ов"","" "",""прям"",""о"",""ожден"",""ие "",""не "",""было "",""стол"",""ь "",""при"",""ычн"",""ым.""]",22
1561,devtest,564,"Бипедальные специализации обнаруживаются в останках австралопитеков из эпохи 4,2–3,9 миллионов лет назад, хотя, возможно, сахелантроп ходил на двух ногах уже 7 миллионов лет назад.","[""Б"",""ип"",""едальн"",""ые "",""спе"",""иализа"",""и"",""и "",""обн"",""аруживаются "",""в "",""остан"",""ках "",""австралоп"",""итек"",""ов"","" "",""из "",""эпо"",""и "",""4,2–"",""3,9 "",""миллион"",""ов"","" "",""лет "",""назад, "",""хо"",""я, "",""возм"",""ожн"",""о, "",""сахелан"",""троп"","" "",""ходил "",""на "",""двух "",""ногах "",""уже "",""7 миллион"",""ов"","" "",""лет "",""назад.""]",45
1562,devtest,565,"Мы можем начать жить, больше заботясь об окружающей среде. Мы можем стать членами экологического движения и даже можем быть активистами, чтобы хоть немного облегчить дальнейшие страдания.","[""М"",""ы можем"","" "",""начать "",""жить, "",""больш"",""е "",""заб"",""отясь "",""об ок"",""ружающ"",""ей "",""среде. "",""Мы можем"","" "",""ста"",""ь "",""член"",""ами "",""эк"",""олог"",""ическ"",""ого "",""движен"",""ия "",""и даже "",""можем"","" "",""быть "",""ак"",""тивистам"",""и, "",""чтоб"",""ы "",""хоть "",""нем"",""ного "",""облег"",""ить "",""дальн"",""ейш"",""ие "",""стр"",""дан"",""ия.""]",45
1563,devtest,566,"Как правило, это похоже на лечение симптоматики. Если нам нужно не просто временное решение, то нам нужно найти корень проблем и устранить его.","[""К"",""ак"","" "",""прав"",""ило, "",""это "",""по"",""оже "",""на "",""лечен"",""ие "",""сим"",""птом"",""атик"",""и. "",""Если "",""нам "",""нужн"",""о "",""не "",""про"",""то "",""врем"",""ен"",""ное "",""решен"",""ие, "",""то "",""нам "",""нужн"",""о "",""най"",""и "",""корен"",""ь "",""проб"",""лем"","" "",""и устран"",""ить "",""его.""]",41
1564,devtest,567,"Вполне очевидно, что мир сильно изменился под влиянием научно-технического прогресса человечества, а из-за перенаселения и экстравагантного образа жизни людей проблемы стали масштабнее.","[""В"",""п"",""ол"","""",""е "",""очев"",""идн"",""о, "",""что "",""мир "",""сильн"",""о "",""измен"",""ился "",""под "",""влиян"",""ием "",""научн"",""о-"",""техн"",""ическ"",""ого "",""прог"",""ресса "",""челов"",""ечеств"",""а, "",""а из-"",""за "",""пер"",""н"",""аселен"",""ия "",""и эк"",""страв"",""аган"",""тн"",""ого "",""образа "",""жизн"",""и "",""людей "",""проб"",""лем"",""ы "",""стали "",""масштаб"",""н"",""ее.""]",49
1565,devtest,568,"После принятия Конгрессом 4 июля, рукописный проект, подписанный председателем Конгресса Джоном Хэнкоком и секретарем Чарльзом Томсоном, был отправлен за несколько кварталов в печатную мастерскую Джона Данлапа.","[""П"",""о"",""ле "",""при"","""",""ятия "",""Кон"",""грессом"","" "",""4 июля, "",""рук"",""оп"",""исн"",""ый "",""проек"",""т, "",""под"",""исан"",""ный "",""пред"",""седател"",""м"","" "",""Кон"",""гресса "",""Джон"",""ом "",""Хэн"",""кок"",""ом "",""и сек"",""ретарем"","" "",""Чар"",""ьзом"","" "",""Томсон"",""ом, "",""был "",""отправ"",""лен"","" "",""за "",""неск"",""олько "",""кварталов"","" "",""в "",""печатн"",""ую "",""мастер"",""к"",""ую "",""Джон"",""а "",""Дан"",""лапа.""]",57
1566,devtest,569,"За ночь было изготовлено 150–200 копий, теперь известных как ""листовки Данлэпа"".","[""З"",""а "",""ночь "",""было "",""изготов"",""лен"",""о "",""150–"",""200 "",""копий, "",""теп"",""ер"","" "",""известн"",""ых "",""как"","" "",""\""листов"",""ки "",""Дан"",""лэпа\"".""]",21
1567,devtest,570,Первое публичное чтение этого документа было сделано Джоном Никсоном во дворе Индепенденс-холл 8 июля.,"[""П"",""ер"",""ое "",""публичн"",""ое "",""чтен"",""ие "",""этого "",""док"",""умен"",""та "",""было "",""сделан"",""о "",""Джон"",""ом "",""Никсон"",""ом "",""во "",""дво"",""е "",""Ин"",""деп"",""ен"",""ден"",""с-"",""холл "",""8 июля.""]",28
1568,devtest,571,"6 июля один экземпляр послали Джорджу Вашингтону, который  9 июля приказал зачитать его перед своими войсками в Нью-Йорке. Копия прибыла в Лондон 10 августа.","[""6 "",""июля "",""один"","" "",""эк"",""зем"",""пляр "",""по"",""лали "",""Джо"",""джу "",""Ваш"",""ин"",""гтон"",""у, "",""кото"",""ый "","" "",""9 июля "",""при"","""",""азал "",""за"",""итать "",""его "",""пер"",""д "",""своими "",""войск"",""ами "",""в "",""Нью-"",""Йорке. "",""Копия "",""при"",""ыла "",""в "",""Лон"",""дон"","" "",""10 "",""авг"",""ста.""]",43
1569,devtest,572,"25 листовок Данлэпа, известные на настоящее время, являются старейшими выжившими копиями документа. Оригинальная рукописная копия не дошла до нас.","[""25 "",""листов"",""ок"","" "",""Дан"",""лэпа, "",""известн"",""ые "",""на "",""насто"",""щ"",""ее "",""врем"",""я, "",""явля"",""тся "",""ста"",""ейш"",""ими "",""выжив"","""",""ими "",""копиями "",""док"",""умен"",""та. "",""Оригин"",""альн"",""ая "",""рукоп"",""исн"",""ая "",""копия "",""не "",""до"",""ла "",""до "",""нас.""]",38
1570,devtest,573,"Сегодня многие палеонтологи считают, что одна из групп динозавров выжила и дожила до наших дней. Мы зовем их птицами.","[""Сегодн"",""я "",""мн"",""огие "",""пал"",""он"",""толог"",""и "",""считают, "",""что "",""одн"",""а "",""из "",""групп "",""дин"",""озав"",""ров"","" "",""выжила "",""и дожила "",""до "",""наш"",""их "",""дней. "",""Мы зов"",""ем "",""их "",""пти"",""ами.""]",29
1571,devtest,574,"Часто их не рассматривают, как динозавров, потому что они имеют перья и способны летать.","[""Ча"",""то "",""их "",""не "",""рас"",""матривают, "",""как"","" "",""дин"",""озав"",""ров"","", "",""по"",""ому "",""что "",""он"",""и "",""имеют "",""пер"",""я "",""и спо"",""об"",""ны "",""летать.""]",24
1572,devtest,575,"Но еще можно многое сказать о птицах, которые всё ещё выглядят как динозавры.","[""Н"",""о "",""еще "",""можн"",""о "",""многое "",""ск"",""азать "",""о "",""пти"",""ах, "",""кото"",""ые "",""всё "",""ещё "",""выг"",""ляд"",""т "",""как"","" "",""дин"",""озав"",""ры.""]",23
1573,devtest,576,"У них лапы с чешуёй и когтями, они откладывают яйца и ходят на двух задних лапах как Ти-Рекс.","[""У "",""них "",""лапы "",""с "",""чешуёй "",""и когтями, "",""он"",""и "",""отк"",""ладывают "",""яйца "",""и ход"",""т "",""на "",""двух "",""зад"","""",""их "",""лапах "",""как"","" "",""Ти-"",""Рек"",""с.""]",24
1574,devtest,577,"Почти все компьютеры, которые используются сегодня, основаны на обработке информации, которая закодирована в виде двоичных чисел.","[""П"",""о"",""ти "",""все "",""ком"",""пью"",""ер"","", "",""кото"",""ые "",""испол"",""з"",""ются "",""сегодн"",""я, "",""основ"",""ан"",""ы "",""на "",""обрабо"",""ке "",""ин"",""форм"",""аци"",""и, "",""кото"",""ая "",""зак"",""одиров"",""ан"",""а "",""в "",""вид"","" "",""двоичн"",""ых "",""чисел.""]",37
1575,devtest,578,"Двоичное число может иметь лишь одно из двух значений, то есть 0 или 1. Эти числа называют ""двоичными цифрами"" —  или ""битами"", если использовать компьютерный жаргон.","[""Д"",""в"",""оичн"",""ое "",""чи"",""ло "",""може"","" "",""иметь "",""ли"",""ь "",""одн"",""о "",""из "",""двух "",""зн"",""ачен"",""ий, "",""то "",""есть "",""0 или "",""1. "",""Эти "",""чи"",""ла "",""называют "",""\""двоичн"",""ыми "",""цифрами\"" "",""— "","" или "",""\""би"",""ами\"", "",""если "",""использов"",""ать "",""ком"",""пьютер"","""",""ый "",""жаргон"","".""]",42
1576,devtest,579,"Может быть трудно сразу выявить пероральное отравление. Такие симптомы, как рвота, слишком общие для быстрой постановки диагноза.","[""М"",""оже"","" "",""быть "",""тр"",""дн"",""о "",""сразу "",""выявить "",""пер"","""",""альн"",""ое "",""отр"",""в"",""лен"",""ие. "",""Так"",""ие "",""сим"",""птом"",""ы, "",""как"","" "",""рво"",""а, "",""сли"",""ком "",""общ"",""ие "",""для "",""быстрой "",""по"",""тан"",""ов"",""ки "",""диаг"",""н"",""оза.""]",39
1577,devtest,580,Лучшим признаком внутреннего отравления может быть наличие открытой ёмкости с лекарством или токсичным бытовым химическим веществом.,"[""Л"","""","""",""ш"",""им "",""при"",""н"",""аком "",""вн"",""утрен"",""него "",""отр"",""в"",""лен"",""ия "",""може"","" "",""быть "",""нал"",""чие "",""отк"",""рытой "",""ёмк"",""ости "",""с "",""лек"",""арств"",""ом "",""или "",""ток"",""сичн"",""ым "",""бытов"",""ым "",""хим"",""ическ"",""им "",""веществ"",""ом.""]",39
1578,devtest,581,"Ознакомьтесь с этикеткой, где приводятся особые инструкции по оказанию первой помощи при отравлении этим конкретным ядом.","[""Озн"",""акомьтес"",""ь "",""с "",""этик"",""етк"",""ой, "",""где "",""при"",""одятся "",""особ"",""ые "",""ин"",""струкции "",""по "",""ок"",""азан"",""ию "",""пер"",""ой "",""пом"",""ощи "",""при "",""отр"",""в"",""лен"",""ии "",""этим"","" "",""кон"",""кретн"",""ым "",""ядом"","".""]",34
1579,devtest,582,"Термин ""жук"" используется энтомологами формально для обозначения группы насекомых.","[""Т"",""ер"",""ин"","" "",""\""жук"",""\"" "",""использ"",""ется "",""эн"",""томолог"",""ами "",""форм"",""альн"",""о "",""для "",""обозн"",""ачен"",""ия "",""гр"",""ппы "",""насек"",""омых.""]",22
1580,devtest,583,"Это понятие происходит от известных с древних времен постельных клопов – насекомых, отлично приспособленных к паразитированию на человеке.","[""Э"",""о "",""пон"",""ятие "",""происходи"","" "",""от "",""известн"",""ых "",""с "",""древ"",""н"",""их "",""врем"",""ен"","" "",""по"",""тельн"",""ых "",""клоп"",""ов"","" "",""– "",""насек"",""омых, "",""отличн"",""о "",""при"",""по"",""об"",""лен"",""ных "",""к "",""пар"",""зитиров"",""ан"",""ию "",""на "",""челов"",""еке.""]",40
1581,devtest,584,"И хищнецы, и постельные клопы являются гнездовыми видами, приспособленными для жизни в гнезде или жилище своего хозяина.","[""И "",""хищн"",""ецы, "",""и по"",""тел"",""н"",""ые "",""клоп"",""ы "",""явля"",""тся "",""гн"",""ездов"",""ыми "",""вид"",""м"",""и, "",""при"",""по"",""об"",""лен"",""ными "",""для "",""жизн"",""и "",""в "",""гн"",""езде "",""или "",""жили"",""е "",""своего "",""хозяин"",""а.""]",34
1582,devtest,585,"В США обнаружено приблизительно 400 тысяч случаев рассеянного склероза (РС), что делает рассеянный склероз главным неврологическим заболеванием молодежи и людей среднего возраста.","[""В"","" "",""США "",""обн"",""аружен"",""о "",""при"",""лизительн"",""о "",""400 "",""тысяч "",""случаев"","" "",""рас"",""е"",""н"",""ного "",""ск"",""лероза "",""(РС), "",""что "",""дел"",""ет "",""рас"",""еян"",""ный "",""ск"",""лероз "",""глав"",""н"",""ым "",""нев"",""ролог"",""ическ"",""им "",""заб"",""олев"",""ан"",""ием "",""молод"",""ежи "",""и людей "",""средн"",""его "",""воз"",""аста.""]",46
1583,devtest,586,"Рассеянный склероз – это заболевание, поражающее центральную нервную систему, которая состоит из головного мозга, спинного мозга и зрительного нерва.","[""Р"","""","""","""",""е"",""н"",""ный "",""ск"",""лер"",""з "",""– "",""это "",""заб"",""олев"",""ан"",""ие, "",""по"",""ажающ"",""ее "",""цен"",""тральн"",""ую "",""нер"",""н"",""ую "",""систем"",""у, "",""кото"",""ая "",""со"",""тоит "",""из "",""голов"",""н"",""ого "",""мозг"",""а, "",""спин"",""ного "",""мозг"",""а "",""и зрительн"",""ого "",""нер"",""а.""]",45
1584,devtest,587,"Исследования показали, что от рассеянного склероза страдает в два раза больше женщин, чем мужчин.","[""И"","""",""ледов"",""ан"",""ия "",""пок"",""азали, "",""что "",""от "",""рас"",""еян"",""ного "",""ск"",""лероза "",""стр"",""дает "",""в "",""два "",""раза "",""больш"",""е "",""жен"",""щин"","", "",""чем"","" "",""мужчин"","".""]",28
1585,devtest,588,"Пара может решить, что растить ребенка не соответствует их интересам или интересам их ребенка.","[""П"",""а"","""","" "",""може"","" "",""решить, "",""что "",""рас"",""и"",""ь "",""ребен"",""ка "",""не "",""соответств"",""ует "",""их "",""ин"",""тер"",""сам"","" "",""или "",""ин"",""тер"",""сам"","" "",""их "",""ребен"",""ка.""]",29
1586,devtest,589,Эти пары могут выбрать  создание плана усыновления для своего ребёнка.,"[""Э"",""и "",""пар"","" "",""мог"",""т "",""выб"",""ать "","" "",""создан"",""ие "",""план"",""а "",""усын"",""ов"",""лен"",""ия "",""для "",""своего "",""реб"",""н"",""ка.""]",22
1587,devtest,590,"При усыновлении или удочерении биологические родители отказываются от своих родительских прав для того, чтобы другая пара могла принять ребёнка.","[""П"",""ри "",""усын"",""ов"",""лен"",""ии "",""или "",""удо"",""ер"",""н"",""ии "",""биолог"",""ическ"",""ие "",""родител"","" "",""отк"",""азываются "",""от "",""своих "",""роди"",""ел"",""ск"",""их "",""прав"","" "",""для "",""того, "",""чтоб"",""ы "",""друг"",""ая "",""пар"","" "",""могла "",""при"","""",""ять "",""реб"",""н"",""ка.""]",41
1588,devtest,591,"Главная цель науки — это выяснить, каким образом устроен мир, применив научный метод. Этот метод фактически лежит в основе большинства научных исследований.","[""Г"",""лав"",""н"",""ая "",""цел"","" "",""науки "",""— "",""это "",""выя"",""н"",""ить, "",""как"",""им "",""образом"","" "",""устроен"","" "",""мир, "",""при"",""ен"",""ив "",""научн"",""ый "",""мет"",""д. "",""Это"","" "",""мет"",""д "",""фак"",""тическ"",""и "",""лежит "",""в "",""основ"",""е "",""больш"",""ин"",""ств"",""а "",""научн"",""ых "",""исследов"",""ан"",""ий.""]",46
1589,devtest,592,"Он, однако, не является единственным. Научные исследования также руководствуются экспериментированием (эксперимент — это проверка, используемая, чтобы исключить одну или более возможных гипотез), задаванием вопросов и проведением наблюдений.","[""Он"","", "",""одн"",""ако, "",""не "",""является "",""един"",""ств"",""ен"",""ным. "",""Научн"",""ые "",""исследов"",""ан"",""ия "",""так"",""же "",""руков"",""одств"",""уются "",""эк"",""спер"",""мен"",""тиров"",""ан"",""ием "",""(эк"",""спер"",""мен"",""т "",""— "",""это "",""пров"",""ерка, "",""использ"",""ем"",""ая, "",""чтоб"",""ы "",""иск"",""лючить "",""одн"",""у "",""или "",""более "",""возм"",""ожн"",""ых "",""гип"",""о"",""ез), "",""зад"",""ван"",""ием "",""вопро"",""ов"","" "",""и пров"",""еден"",""ием "",""наб"",""люден"",""ий.""]",63
1590,devtest,593,Натуралисты и философы сосредоточили свое внимание на aнтичных текстах и особенно на Библии на латинском языке.,"[""Н"",""а"",""у"",""али"",""т"","" "",""и фило"",""о"",""ы "",""со"",""редо"",""о"",""или "",""свое "",""вн"",""иман"",""ие "",""на "",""aн"",""тичн"",""ых "",""тек"",""стах "",""и особ"",""ен"",""но "",""на "",""Библии "",""на "",""ла"",""ин"",""ском "",""языке.""]",33
1591,devtest,594,"Во всех научных вопросах, включая психологию, были приняты взгляды Аристотеля.","[""В"",""о все"","" "",""научн"",""ых "",""вопро"",""ах, "",""включа"","" "",""пси"",""ол"",""ог"",""ию, "",""были "",""при"","""",""яты "",""взгляды "",""Ари"",""то"",""еля.""]",21
1592,devtest,595,"По мере того как знание греческого языка ухудшалось, Запад оказался отрезанным от своих философских и научных греческих корней.","[""П"",""о "",""мер"","" "",""того "",""как"","" "",""зн"",""ан"",""ие "",""гре"",""еск"",""ого "",""языка "",""ухудш"",""ало"",""ь, "",""Зап"",""ад "",""ок"",""азался "",""отр"",""зан"",""ным "",""от "",""своих "",""фило"",""о"",""ск"",""их "",""и научн"",""ых "",""гре"",""еск"",""их "",""корн"",""ей.""]",37
1593,devtest,596,Многие из наблюдаемых ритмов в физиологии и поведении часто в значительной степени зависят от присутствия эндогенных циклов и их выработки посредством биологических часов.,"[""М"",""н"",""огие "",""из "",""наб"",""людаем"",""ых "",""ритмов"","" "",""в "",""физиол"",""ог"",""ии "",""и пов"",""еден"",""ии "",""часто "",""в "",""зн"",""ачительн"",""ой "",""степ"",""ен"",""и "",""зав"",""исят "",""от "",""при"",""утств"",""ия "",""эн"",""доген"",""ных "",""цик"",""лов"","" "",""и их "",""вырабо"",""ки "",""по"",""редств"",""ом "",""биолог"",""ическ"",""их "",""часов"","".""]",47
1594,devtest,597,"Периодичные ритмы, не являющиеся просто реакцией на внешние периодичные стимулы, зарегистрированы у большинства живых организмов, включая бактерии, грибы, растения и животных.","[""П"",""ер"",""оди"",""н"",""ые "",""ритмы, "",""не "",""явля"",""щ"",""иеся "",""про"",""то "",""реак"",""цией "",""на "",""вн"",""ешн"",""ие "",""пер"",""одичн"",""ые "",""сти"","""",""улы, "",""за"",""егист"",""иров"",""ан"",""ы "",""у "",""больш"",""ин"",""ств"",""а "",""жив"",""х "",""орган"",""измов, "",""включая "",""бак"",""тер"",""и, "",""гри"",""ы, "",""рас"",""ен"",""ия "",""и живо"",""н"",""ых.""]",50
1595,devtest,598,"Биологические часы являются самоподдерживающимися осцилляторами, которые будут продолжать автономную цикличность в течение периода времени, даже в отсутствие внешних стимулов.","[""Б"",""иол"",""ог"",""ическ"",""ие "",""часы "",""явля"",""тся "",""сам"",""оп"",""од"",""ержива"",""щ"",""имис"","" "",""осцилля"",""о"",""ами, "",""кото"",""ые "",""буд"",""т "",""прод"",""олжать "",""авто"","""",""омн"",""ую "",""цик"",""личн"",""ость "",""в "",""течен"",""ие "",""пер"",""ода "",""врем"",""ен"",""и, "",""даже "",""в "",""отсутств"",""ие "",""вн"",""ешн"",""их "",""сти"","""",""улов"","".""]",50
1596,devtest,599,"Эксперимент  Херши и Чейз был одним из первых предположений, что ДНК является генетическим материалом.","[""Эк"",""спе"","""",""мен"",""т "","" "",""Хер"",""и "",""и Чейз "",""был "",""одн"",""им "",""из "",""пер"",""ых "",""пред"",""положен"",""ий, "",""что "",""ДНК "",""является "",""ген"",""етическ"",""им "",""матер"",""алом"","".""]",27
1597,devtest,600,"Херши с Чейзом имплантировали свою ДНК в бактерию с помощью фагов, т. е. вирусов.","[""Х"",""ер"",""и "",""с "",""Чейзом"","" "",""имплан"",""тиров"",""али "",""сво"","" "",""ДНК "",""в "",""бак"",""тер"",""ю "",""с "",""пом"",""ощью "",""фаг"",""ов"","", "",""т. "",""е. "",""вир"",""сов"","".""]",27
1598,devtest,601,"Они провели два эксперимента, пометив радиоактивным фосфором ДНК фага и радиоактивной серой белок фага.","[""Он"",""и "",""пров"",""ели "",""два "",""эк"",""спер"",""мен"",""та, "",""пом"",""етив "",""рад"",""оак"",""тивн"",""ым "",""фосфором "",""ДНК "",""фага "",""и рад"",""оак"",""тивн"",""ой "",""сер"",""й "",""белок"","" "",""фага.""]",27
1599,devtest,602,"Мутации могут вызвать большое количество разнообразных результатов, в зависимости от вида мутации, важности пораженного отрезка генетического материала и того, являются ли подвергнувшиеся мутации клетки клетками зародышевой линии.","[""М"",""ута"",""и"",""и "",""мог"",""т "",""вызв"",""ать "",""больш"",""ое "",""кол"",""честв"",""о "",""разн"",""ооб"",""разн"",""ых "",""рез"",""льта"",""ов"","", "",""в "",""зав"",""исим"",""о"",""ти "",""от "",""вид"","" "",""мута"",""и"",""и, "",""важн"",""ости "",""по"",""ажен"",""ного "",""отр"",""зк"",""а "",""ген"",""етическ"",""ого "",""матер"",""ала "",""и того, "",""явля"",""тся "",""ли "",""под"",""ергн"",""увш"",""иеся "",""мута"",""и"",""и "",""клетки "",""клетками "",""за"",""одышев"",""ой "",""лин"",""ии.""]",63
1600,devtest,603,"Только мутации в клетках зародышевой линии могут передаваться далее детям, в то время как мутации где-то ещё могут привести к гибели клеток или раку.","[""Т"",""ол"",""ьк"",""о "",""мута"",""и"",""и "",""в "",""клетках "",""за"",""одышев"",""ой "",""лин"",""ии "",""могут "",""пер"",""даваться "",""далее "",""детям, "",""в "",""то "",""врем"",""я "",""как"","" "",""мута"",""и"",""и "",""где-"",""то "",""ещё "",""могут "",""при"",""ести "",""к "",""гибели "",""клеток"","" "",""или "",""рак"",""у.""]",41
1601,devtest,604,"Природный туризм интересен для тех, кто любит ездить на природу, чтобы насладиться ландшафтом, в том числе дикими зверьми и растениями.","[""П"",""ри"",""одн"",""ый "",""тур"",""зм "",""ин"",""тер"",""сен"","" "",""для "",""тех, "",""кто "",""люб"",""ит "",""езд"",""ть "",""на "",""при"",""оду, "",""чтоб"",""ы "",""насладиться "",""лан"",""дшафтом, "",""в "",""том "",""чи"",""ле "",""дик"",""ими "",""звер"",""ми "",""и рас"",""ен"",""иями.""]",36
1602,devtest,605,"Среди примеров активного отдыха на объекте – охота, рыбная ловля, фотографирование, наблюдение за птицами, посещение парков и изучение информации об экосистеме.","[""С"",""еди "",""при"",""еров"","" "",""ак"",""тивн"",""ого "",""отд"",""ха "",""на "",""объек"",""те "",""– "",""охо"",""а, "",""рыбн"",""ая "",""лов"",""ля, "",""фото"","""",""рафиров"",""ан"",""ие, "",""наб"",""люден"",""ие "",""за "",""пти"",""ами, "",""по"",""ещен"",""ие "",""пар"",""ов"","" "",""и из"",""чен"",""ие "",""ин"",""форм"",""аци"",""и "",""об эк"",""осистем"",""е.""]",47
1603,devtest,606,"Примером может служить посещение, фотографирование и изучение орангутангов в Борнео.","[""П"",""ри"",""ером"","" "",""може"","" "",""служить "",""по"",""ещен"",""ие, "",""фото"","""",""рафиров"",""ан"",""ие "",""и из"",""чен"",""ие "",""оран"",""гутан"",""гов"","" "",""в "",""Бо"",""н"",""ео.""]",26
1604,devtest,607,"Каждое утро люди покидают маленькие городки в сельской местности, чтобы поехать на свое место работы, а мимо них проезжают те, чье место работы находится в месте из которого они только что выехали.","[""К"",""аж"",""д"",""ое "",""утро "",""люди "",""пок"",""идают "",""мал"",""н"",""ькие "",""го"",""одк"",""и "",""в "",""сел"",""ск"",""ой "",""местн"",""ости, "",""чтоб"",""ы "",""поехать "",""на "",""свое "",""место "",""рабо"",""ы, "",""а мимо "",""них "",""проезжают "",""те, "",""чье "",""место "",""рабо"",""ы "",""находи"",""ся "",""в "",""месте "",""из "",""кото"",""ого "",""он"",""и "",""тольк"",""о "",""что "",""вые"",""али.""]",50
1605,devtest,608,"В этом активном транспортном движении каждый тем или иным образом связан c системой транспорта, основанной на персональных автомобилях, и поддерживает её.","[""В"","" "",""этом "",""ак"",""тивн"",""ом "",""тран"",""спо"",""тн"",""ом "",""движен"",""ии "",""кажд"",""й "",""тем"","" "",""или "",""ин"",""ым "",""образом"","" "",""связан"","" "",""c систем"",""ой "",""тран"",""спо"",""та, "",""основ"",""ан"",""ной "",""на "",""пер"",""он"",""альн"",""ых "",""авто"","""",""обилях, "",""и под"",""ерживает "",""её.""]",42
1606,devtest,609,"В настоящее время наука указывает, что огромная углеводородная экономика повлияла на одно из стабильных состояний биосферы, которое поддерживало эволюцию человечества на протяжении последних двух миллионов лет.","[""В"","" "",""насто"",""щ"",""ее "",""врем"",""я "",""наука "",""указывает, "",""что "",""огром"",""н"",""ая "",""углев"",""одо"",""одн"",""ая "",""эк"",""он"",""омика "",""пов"",""лияла "",""на "",""одн"",""о "",""из "",""стабильн"",""ых "",""со"",""тоян"",""ий "",""био"",""фер"","", "",""кото"",""ое "",""под"",""ерживало "",""эволюцию "",""челов"",""ечеств"",""а "",""на "",""про"",""яжен"",""ии "",""по"",""ледн"",""их "",""двух "",""миллион"",""ов"","" "",""лет.""]",54
1607,devtest,610,Каждый является членом общества и использует транспортные системы. Практически каждый жалуется на эти систем.,"[""К"",""аж"",""д"","""",""й "",""является "",""член"",""ом "",""общ"",""еств"",""а "",""и испол"",""з"",""ет "",""тран"",""спо"",""тн"",""ые "",""систем"",""ы. "",""Прак"",""тическ"",""и "",""кажд"",""й "",""жалуется "",""на "",""эти "",""систем"","".""]",30
1608,devtest,611,В развитых странах вы редко можете услышать подобные жалобы на качество воды или падающие мосты.,"[""В"","" "",""разв"",""итых "",""стр"",""н"",""ах "",""вы редк"",""о "",""може"",""е "",""услышать "",""под"",""б"",""н"",""ые "",""жалоб"",""ы "",""на "",""качеств"",""о "",""воды "",""или "",""пад"",""ющ"",""ие "",""мо"",""ты.""]",28
1609,devtest,612,"Почему на транспортные системы поступает столько жалоб, почему они ежедневно выходят из строя? Неужели транспортные инженеры просто некомпетентны? Или для этого есть более фундаментальные причины?","[""П"",""о"",""ем"",""у "",""на "",""тран"",""спо"",""тн"",""ые "",""систем"",""ы "",""по"",""тупает "",""стол"",""ьк"",""о "",""жалоб"","", "",""по"",""ему "",""он"",""и "",""ежедн"",""ев"",""н"",""о "",""выходят "",""из "",""стр"","""",""? "",""Неужели "",""тран"",""спо"",""тн"",""ые "",""ин"",""жен"",""ер"","" "",""про"",""то "",""нек"",""ом"",""петен"",""тн"",""ы? "",""Или "",""для "",""этого "",""есть "",""более "",""фун"",""дамен"",""тальн"",""ые "",""при"",""ин"",""ы?""]",59
1610,devtest,613,Изучение движения отдельных водителей и автомобилей между двумя точками и их взаимодействие друг с другом осуществляется в рамках исследования транспортных потоков.,"[""Из"",""чен"",""ие "",""движен"",""ия "",""отдельн"",""ых "",""водител"",""й "",""и авто"","""",""об"",""илей "",""межд"","" "",""двумя "",""то"",""ками "",""и их "",""взаим"",""од"",""ейств"",""ие "",""друг"","" "",""с "",""друг"",""ом "",""осуществ"",""л"",""ется "",""в "",""рамках "",""исследов"",""ан"",""ия "",""тран"",""спо"",""тн"",""ых "",""по"",""ок"",""ов"","".""]",44
1611,devtest,614,"К сожалению, сложно изучать интенсивность движения автотранспорта, потому что нельзя со стопроцентной вероятностью предсказать поведение водителя.","[""К"","" "",""сожален"",""ию, "",""сложн"",""о "",""из"",""чать "",""ин"",""тен"",""сивн"",""ость "",""движен"",""ия "",""авто"",""ран"",""спо"",""та, "",""по"",""ому "",""что "",""нел"",""зя "",""со "",""стоп"",""ро"",""ен"",""тн"",""ой "",""вер"","""",""тн"",""остью "",""пред"",""ск"",""азать "",""пов"",""еден"",""ие "",""водителя.""]",40
1612,devtest,615,"К счастью, поведение водителей часто достаточно систематично; таким образом, транспортные потоки в целом имеют некоторую систематичность и могут быть приближенно описаны математически.","[""К"","" "",""сча"",""тью, "",""пов"",""еден"",""ие "",""водител"",""й "",""часто "",""до"",""тато"",""н"",""о "",""систем"",""атичн"",""о; "",""так"",""им "",""образом"","", "",""тран"",""спо"",""тн"",""ые "",""по"",""ок"",""и "",""в "",""целом "",""имеют "",""нек"",""ото"",""ую "",""систем"",""атичн"",""ость "",""и могут "",""быть "",""при"",""лижен"",""но "",""описан"",""ы "",""матем"",""атическ"",""и.""]",47
1613,devtest,616,"Чтобы лучше представить транспортный поток, были установлены отношения между тремя основными величинами:  (1) поток, (2) плотность и (3) скорость.","[""Ч"",""об"",""ы "",""лучш"",""е "",""пред"",""став"",""ить "",""тран"",""спо"",""тн"",""ый "",""по"",""ок"","", "",""были "",""устан"",""ов"",""лен"",""ы "",""отн"",""ошен"",""ия "",""межд"","" "",""трем"",""я "",""основ"",""н"",""ыми "",""величин"",""ами: "","" "",""(1) "",""по"",""ок"","", "",""(2) "",""пло"",""н"",""ость "",""и (3) "",""ск"",""орость.""]",44
1614,devtest,617,"Эти отношения помогают в планировке, дизайне и эксплуатации железнодорожных объектов.","[""Э"",""и "",""отн"",""ошен"",""ия "",""пом"",""огают "",""в "",""план"",""иров"",""ке, "",""дизайн"",""е "",""и эк"",""сплуата"",""и"",""и "",""желез"",""н"",""одо"",""ожн"",""ых "",""объек"",""тов"","".""]",25
1615,devtest,618,"Насекомые были первыми животными, поднявшимися в воздух. Их способность летать помогала им легче ускользать от врагов, находить еду и партнеров.","[""Н"",""а"",""ек"",""омые "",""были "",""пер"",""ыми "",""живо"",""н"",""ыми, "",""под"","""",""явшимися "",""в "",""возд"",""х. "",""Их "",""спо"",""об"",""ность "",""летать "",""пом"",""огала "",""им "",""лег"",""е "",""уск"",""ольза"",""ь "",""от "",""врагов"","", "",""находи"",""ь "",""еду "",""и пар"",""н"",""еров"","".""]",39
1616,devtest,619,"Большинство насекомых обладают способностью складывать крылья вдоль тела, что дает им преимущество.","[""Б"",""ольш"",""ин"",""ств"",""о "",""насек"",""омых "",""обладают "",""спо"",""об"",""ностью "",""ск"",""ладывать "",""крылья "",""вдоль "",""тел"","", "",""что "",""дает "",""им "",""преимуществ"",""о.""]",22
1617,devtest,620,"Это предоставляет им большее количество укромных мест, в которых можно спрятаться от хищников.","[""Э"",""о "",""пред"",""о"",""тавляет "",""им "",""больш"",""ее "",""кол"",""честв"",""о "",""укром"",""н"",""ых "",""мест, "",""в "",""кото"",""ых "",""можн"",""о "",""спрятаться "",""от "",""хищн"",""иков"","".""]",25
1618,devtest,621,"Стрекозы и поденки являются единственными насекомыми, которые не могут складывать крылья назад.","[""С"","""","""",""к"",""оз"","" "",""и под"",""н"",""ки "",""явля"",""тся "",""един"",""ств"",""ен"",""ными "",""насек"",""омыми, "",""кото"",""ые "",""не "",""могут "",""ск"",""ладывать "",""крылья "",""назад.""]",25
1619,devtest,622,"Тысячи лет назад человек по имени Аристарх сказал, что Солнечная система вращается вокруг Солнца.","[""Т"","""","""",""я"",""и "",""ле"","" "",""назад "",""челов"",""ек "",""по "",""имен"",""и "",""Ари"",""та"",""х "",""ск"",""азал, "",""что "",""Сол"","""",""ечн"",""ая "",""систем"",""а "",""вращается "",""вок"",""руг "",""Сол"","""",""ца.""]",31
1620,devtest,623,"Многие считали, что он прав, но многие верили в противоположное: что Солнечная система вращается вокруг Земли, включая Солнце (и даже другие звезды).","[""М"",""н"",""огие "",""счи"",""али, "",""что "",""он"","" "",""прав"","", "",""но "",""многие "",""вер"",""ли "",""в "",""про"",""ивоп"",""ол"",""жн"",""ое: "",""что "",""Сол"","""",""ечн"",""ая "",""систем"",""а "",""вращается "",""вок"",""руг "",""Зем"",""ли, "",""включая "",""Сол"","""",""це "",""(и даже "",""друг"",""ие "",""звезд"","").""]",41
1621,devtest,624,"Это кажется разумной идеей, потому что мы не чувствуем, что Земля движется, не так ли?","[""Э"",""о "",""кажется "",""раз"",""мн"",""ой "",""идеей, "",""по"",""ому "",""что "",""мы не "",""чувств"",""уем"","", "",""что "",""Зем"",""ля "",""движется, "",""не "",""так"","" "",""ли?""]",22
1622,devtest,625,"Река Амазонка является второй по длине и первой по величине рекой на Земле. Она несёт более чем в 8 раз больше воды, по сравнению со второй по величине рекой.","[""Р"","""",""к"",""а "",""Амазон"",""ка "",""является "",""вто"",""ой "",""по "",""длин"",""е "",""и пер"",""ой "",""по "",""величин"",""е "",""рек"",""ой "",""на "",""Зем"",""ле. "",""Он"",""а "",""нес"",""т "",""более "",""чем"","" "",""в "",""8 раз "",""больш"",""е "",""воды, "",""по "",""срав"",""н"",""ен"",""ию "",""со "",""вто"",""ой "",""по "",""величин"",""е "",""рек"",""ой.""]",47
1623,devtest,626,"Амазонка также является самой широкой рекой на Земле, ширина которой иногда составляет шесть миль.","[""Ам"",""азон"",""ка "",""так"",""же "",""является "",""сам"",""ой "",""широк"",""ой "",""рек"",""ой "",""на "",""Зем"",""ле, "",""ширин"",""а "",""кото"",""ой "",""ин"",""огда "",""со"",""тавляет "",""шесть "",""миль.""]",25
1624,devtest,627,"Целые 20 процентов воды, поступаемой из рек нашей планеты в океаны, текут из Амазонки.","[""Ц"",""л"",""е "",""20 "",""про"",""ен"",""тов"","" "",""воды, "",""по"",""тупаем"",""ой "",""из "",""рек"","" "",""наш"",""ей "",""план"",""еты "",""в "",""ок"",""еан"",""ы, "",""тек"",""ут "",""из "",""Амазон"",""ки.""]",28
1625,devtest,628,Главная река Амазонки имеет длину 6387 км (3980 миль). В неё впадают тысячи небольших рек.,"[""Г"",""лав"",""н"",""ая "",""рек"",""а "",""Амазон"",""ки "",""имеет "",""длин"",""у "",""6387 "",""км "",""(3980 "",""миль). "",""В "",""неё "",""впадают "",""тысячи "",""небольш"",""их "",""рек"","".""]",23
1626,devtest,629,"Несмотря на то, что строительство пирамид из камня продолжалось до конца Древнего царства, размер и техническое совершенство пирамид в Гизе так и не удалось превзойти.","[""Н"",""есмо"",""р"","" "",""на "",""то, "",""что "",""стр"",""ительств"",""о "",""пирамид "",""из "",""камня "",""прод"",""олжало"",""ь "",""до "",""кон"",""ца "",""Древ"",""н"",""его "",""царств"",""а, "",""разм"",""ер "",""и техн"",""ическ"",""ое "",""сов"",""ершен"",""ств"",""о "",""пирамид "",""в "",""Гизе "",""так"","" "",""и не "",""удало"",""ь "",""прев"",""зойти.""]",43
1627,devtest,630,"В новом царстве древних египтян восхищались памятниками, созданными их предшественниками более тысячи лет назад.","[""В"","" "",""нов"",""ом "",""царств"",""е "",""древ"",""н"",""их "",""егип"",""тян"","" "",""во"",""хищали"",""ь "",""памятн"",""иками, "",""создан"",""ными "",""их "",""пред"",""шеств"",""ен"",""никами "",""более "",""тысячи "",""лет "",""назад.""]",28
1628,devtest,631,"Население Ватикана составляет около 800 человек. Это самая маленькая независимая страна в мире, а также страна, имеющая наименьшее население.","[""Н"",""а"",""ел"",""н"",""ие "",""Ватик"",""ан"",""а "",""со"",""тавляет "",""ок"",""оло "",""800 "",""челов"",""ек. "",""Это "",""сам"",""ая "",""мал"",""н"",""ькая "",""нез"",""в"",""исим"",""ая "",""стр"",""н"",""а "",""в "",""мире, "",""а так"",""же "",""стр"",""н"",""а, "",""имеющ"",""ая "",""наимен"",""ьш"",""ее "",""населен"",""ие.""]",42
1629,devtest,632,В Ватикане используют итальянский язык в законодательстве и официальных сообщениях.,"[""В"","" "",""Ватик"",""ан"",""е "",""использ"",""ют "",""итальян"",""ск"",""ий "",""язык "",""в "",""зак"",""он"",""одательств"",""е "",""и официальн"",""ых "",""сообщ"",""ен"",""иях.""]",21
1630,devtest,633,"Итальянский язык также является повседневным языком для большинства людей, работающих в государстве, в то время как латынь зачастую используется в религиозных церемониях.","[""И"",""альян"",""ск"",""ий "",""язык "",""так"",""же "",""является "",""пов"",""седн"",""ев"",""н"",""ым "",""языком "",""для "",""больш"",""ин"",""ств"",""а "",""людей, "",""рабо"",""ающ"",""их "",""в "",""го"",""ударств"",""е, "",""в "",""то "",""врем"",""я "",""как"","" "",""ла"",""ын"",""ь "",""за"",""астую "",""использ"",""ется "",""в "",""рел"",""гиоз"",""н"",""ых "",""цер"",""м"",""он"",""иях.""]",49
1631,devtest,634,Все граждане Ватикана — католики.,"[""В"",""се "",""гражд"",""ан"",""е "",""Ватик"",""ан"",""а "",""— "",""катол"",""ик"",""и.""]",12
1632,devtest,635,"Людям с античных времен были известны основные химические элементы, такие как золото, серебро и медь, поскольку их все можно встретить в природе в чистом виде и относительно легко добывать с помощью примитивных орудий.","[""Л"","""",""д"","""",""м "",""с "",""ан"",""ти"",""н"",""ых "",""врем"",""ен"","" "",""были "",""известн"",""ы "",""основ"",""н"",""ые "",""хим"",""ическ"",""ие "",""элем"",""ен"",""ты, "",""так"",""ие "",""как"","" "",""золо"",""о, "",""сер"",""б"",""ро "",""и медь, "",""по"",""к"",""ольку "",""их "",""все "",""можн"",""о "",""встретить "",""в "",""при"",""оде "",""в "",""чистом"","" "",""вид"","" "",""и отн"",""осительн"",""о "",""легк"",""о "",""доб"",""ывать "",""с "",""пом"",""ощью "",""при"",""итивн"",""ых "",""орудий.""]",65
1633,devtest,636,"Философ Аристотель считал, что всё состоит из смеси одного или нескольких из четырёх элементов. Это были земля, вода, воздух и огонь.","[""Фило"",""о"","" "",""Ари"",""то"",""ель "",""счи"",""ал, "",""что "",""всё "",""со"",""тоит "",""из "",""смеси "",""одн"",""ого "",""или "",""неск"",""ольких "",""из "",""чет"",""р"",""х "",""элем"",""ен"",""тов"","". "",""Это "",""были "",""зем"",""ля, "",""вода, "",""возд"",""х "",""и огон"",""ь.""]",36
1634,devtest,637,"Они были похожи на четыре состояния вещества (в том же порядке): твердое, жидкое, газообразное и плазма, хотя он также предполагал, что они переходят в новое состояние, чтобы получилось то, что мы видим.","[""Он"",""и "",""были "",""по"",""ожи "",""на "",""четыре "",""со"",""тоян"",""ия "",""вещ"",""еств"",""а "",""(в "",""том "",""же "",""по"",""ядк"",""е): "",""твер"",""ое, "",""жид"","""",""ое, "",""газооб"",""разн"",""ое "",""и плазм"",""а, "",""хотя "",""он"","" "",""так"",""же "",""пред"",""полаг"",""ал, "",""что "",""он"",""и "",""пер"",""ходят "",""в "",""нов"",""ое "",""со"",""тоян"",""ие, "",""чтобы "",""пол"",""чило"",""ь "",""то, "",""что "",""мы видим"","".""]",56
1635,devtest,638,"Сплавы по существу представляют собой смесь двух или более металлов. Не забывайте, что в периодической таблице много элементов.","[""Сп"",""лав"",""ы "",""по "",""существ"",""у "",""пред"",""став"",""ля"",""т "",""соб"",""ой "",""смесь "",""двух "",""или "",""более "",""мет"",""ллов"","". "",""Не "",""заб"",""ывай"",""е, "",""что "",""в "",""пер"",""оди"",""еск"",""ой "",""таб"",""лице "",""много "",""элем"",""ен"",""тов"","".""]",36
1636,devtest,639,"Такие элементы, как кальций и калий, считаются металлами. Конечно, также есть такие металлы, как серебро и золото.","[""Т"",""ак"",""ие "",""элем"",""ен"",""ты, "",""как"","" "",""кальций "",""и кал"",""й, "",""считаются "",""мет"",""ллами. "",""Кон"",""ечн"",""о, "",""так"",""же "",""есть "",""так"",""ие "",""мет"",""ллы, "",""как"","" "",""сер"",""б"",""ро "",""и золо"",""о.""]",31
1637,devtest,640,"Можно также сделать такие сплавы, которые содержат небольшое количество таких неметаллических элементов, как углерод.","[""М"",""ожн"",""о "",""так"",""же "",""сделать "",""так"",""ие "",""сплав"",""ы, "",""кото"",""ые "",""содержат "",""небольш"",""ое "",""кол"",""честв"",""о "",""так"",""их "",""нем"",""еталли"",""еск"",""их "",""элем"",""ен"",""тов"","", "",""как"","" "",""углерод.""]",31
1638,devtest,641,"Все во вселенной состоит из материи. Вся материя состоит из мельчайших частиц, называемых атомами.","[""В"",""се "",""во вселен"",""ной "",""со"",""тоит "",""из "",""матер"",""и. "",""Вся "",""матер"",""я "",""со"",""тоит "",""из "",""мел"",""ч"",""ай"","""",""их "",""части"","", "",""наз"",""ваем"",""ых "",""атом"",""ами.""]",27
1639,devtest,642,"Атомы настолько невероятно крошечны, что триллионы их могут поместиться в точке в конце этого предложения.","[""А"",""ом"",""ы "",""нас"",""ол"",""ько "",""нев"",""ер"","""",""тн"",""о "",""кро"",""ечн"",""ы, "",""что "",""три"",""лион"",""ы "",""их "",""могут "",""пом"",""еститься "",""в "",""то"",""ке "",""в "",""кон"",""це "",""этого "",""пред"",""ложен"",""ия.""]",32
1640,devtest,643,"Таким образом, карандаш стал хорошим другом для многих людей, когда появился.","[""Т"",""ак"",""им "",""образом"","", "",""кар"",""н"",""даш "",""стал "",""хорош"",""им "",""друг"",""ом "",""для "",""многих "",""людей, "",""когда "",""по"",""вился.""]",19
1641,devtest,644,"Грустно, что когда появились новые способы письма, карандаш утратил свой прежний статус и им стали меньше пользоваться.","[""Г"",""р"",""стн"",""о, "",""что "",""когда "",""по"",""вили"",""ь "",""нов"",""ые "",""спо"",""об"",""ы "",""письма, "",""кар"",""н"",""даш "",""утратил "",""свой "",""преж"","""",""ий "",""ста"",""ус "",""и им "",""стал"","" "",""мен"",""ьш"",""е "",""пол"",""зов"",""аться.""]",34
1642,devtest,645,"Сейчас люди пишут сообщения на экранах компьютеров, и им никогда не приходится иметь дело с точилкой.","[""Сейч"",""а"","" "",""люди "",""пишут "",""сообщ"",""ен"",""ия "",""на "",""эк"",""ран"",""ах "",""ком"",""пьютер"",""в"","", "",""и им "",""никогда "",""не "",""при"",""оди"",""ся "",""иметь "",""дел"","" "",""с "",""то"",""илкой.""]",28
1643,devtest,646,"Можно только гадать, что станет с клавиатурой, с появлением более новых технологий.","[""М"",""ожн"",""о "",""тольк"",""о "",""гада"",""ь, "",""что "",""стан"",""ет "",""с "",""клав"",""иа"",""урой, "",""с "",""по"",""влен"",""ием "",""более "",""нов"",""ых "",""техн"",""олог"",""ий.""]",24
1644,devtest,647,"Атомная бомба работает на том принципе, что для того, чтобы много протонов и нейтронов находились в одном ядре, необходима энергия.","[""А"",""ом"",""н"",""ая "",""бом"",""ба "",""рабо"",""ает "",""на "",""том "",""при"","""",""ципе, "",""что "",""для "",""того, "",""чтобы "",""много "",""про"",""он"",""ов"","" "",""и ней"",""рон"",""ов"","" "",""находили"",""ь "",""в "",""одн"",""ом "",""ядре, "",""необходим"",""а "",""эн"",""ергия.""]",36
1645,devtest,648,Примерно как катить тяжелую тележку на холм. Тогда повторное расщепление ядра высвобождает часть этой энергии.,"[""П"",""ри"",""ерн"",""о "",""как"","" "",""катить "",""тяжел"","""","" "",""тел"",""жк"",""у "",""на "",""холм. "",""Тогда "",""пов"",""торн"",""ое "",""рас"","""",""еп"",""лен"",""ие "",""ядра "",""высвоб"",""ождает "",""часть "",""этой "",""эн"",""ер"",""ии.""]",32
1646,devtest,649,"Некоторые атомы имеют нестабильное ядро, что означает, что они склонны распадаться при малом воздействие или без него.","[""Н"",""ек"",""ото"",""ые "",""атом"",""ы "",""имеют "",""нес"",""аб"",""ильн"",""ое "",""ядро, "",""что "",""озн"",""ачает, "",""что "",""он"",""и "",""ск"",""лон"",""ны "",""расп"",""адаться "",""при "",""мал"",""м"","" "",""возд"",""йств"",""ие "",""или "",""без "",""него.""]",33
1647,devtest,650,Поверхность Луны состоит из камней и пыли. Внешний слой Луны называется корой.,"[""П"",""ов"",""ер"",""н"",""ость "",""Лун"",""ы "",""со"",""тоит "",""из "",""камней "",""и пыли. "",""Вн"",""ешн"",""ий "",""слой "",""Лун"",""ы "",""называется "",""корой.""]",20
1648,devtest,651,Толщина коры составляет около 70 км под океанами и 100 км – под материками.,"[""Т"",""ол"",""щ"",""ин"",""а "",""коры "",""со"",""тавляет "",""ок"",""оло "",""70 "",""км "",""под "",""ок"",""еан"",""ами "",""и 100 "",""км "",""– "",""под "",""матер"",""ками.""]",22
1649,devtest,652,Она тоньше под лунными морями и толще под нагорьями.,"[""Он"",""а "",""тон"",""ьш"",""е "",""под "",""лун"",""ными "",""мо"",""ями "",""и толщ"",""е "",""под "",""нагорьями.""]",14
1650,devtest,653,"На видимой стороне может быть больше лунных морей, потому что там кора тоньше. Лаве было легче подняться на поверхность.","[""Н"",""а "",""вид"",""м"",""ой "",""сто"",""он"",""е "",""може"","" "",""быть "",""больш"",""е "",""лун"",""ных "",""мо"",""ей, "",""по"",""ому "",""что "",""там "",""кора "",""тон"",""ьш"",""е. "",""Лав"",""е "",""было "",""лег"",""е "",""под"","""",""яться "",""на "",""пов"",""ерхн"",""ость.""]",37
1651,devtest,654,"Теории контента сконцентрированы на поиске того, что заставляет людей действовать или может их заинтересовать.","[""Т"",""ео"",""ии "",""кон"",""тен"",""та "",""ск"",""он"",""цен"",""триров"",""ан"",""ы "",""на "",""поиск"",""е "",""того, "",""что "",""за"",""тавляет "",""людей "",""действ"",""ов"",""ать "",""или "",""може"","" "",""их "",""заин"",""тер"",""сов"",""ать.""]",31
1652,devtest,655,"Эти теории предполагают, что у людей есть определённые потребности и/или желания, которые накапливаются внутри в процессе взросления.","[""Э"",""и "",""тео"",""ии "",""пред"",""пол"",""г"",""ают, "",""что "",""у "",""людей "",""есть "",""опред"",""ел"",""н"",""ные "",""по"",""реб"",""н"",""ости "",""и/"",""или "",""желан"",""ия, "",""кото"",""ые "",""нак"",""ап"",""лив"",""аются "",""вн"",""утри "",""в "",""про"",""ессе "",""вз"",""о"",""лен"",""ия.""]",39
1653,devtest,656,"Эти теории обращаются к тому, что же заставляет конкретных людей хотеть делать то, что они делают, и что их  окружении заставляет делать или не делать определённые вещи.","[""Э"",""и "",""тео"",""ии "",""обр"","""",""аются "",""к "",""тому, "",""что "",""же "",""за"",""тавляет "",""кон"",""кретн"",""ых "",""людей "",""хо"",""еть "",""дел"",""ть "",""то, "",""что "",""он"",""и "",""дел"",""ют, "",""и что "",""их "","" ок"",""ружен"",""ии "",""за"",""тавляет "",""дел"",""ть "",""или "",""не "",""дел"",""ть "",""опред"",""ел"",""н"",""ные "",""вещи.""]",45
1654,devtest,657,"Две популярные теории о контенте — это ""Пирамида потребностей по Маслоу"" и ""Двухфакторная теория мотивации Герцберга"".","[""Д"",""в"",""е "",""поп"",""улярн"",""ые "",""тео"",""ии "",""о "",""кон"",""тен"",""те "",""— "",""это "",""\""Пирамида "",""по"",""реб"",""н"",""остей "",""по "",""Масло"",""\"" "",""и \""Двух"",""ак"",""торн"",""ая "",""тео"",""ия "",""мо"",""ивации "",""Гер"",""бер"",""а\"".""]",33
1655,devtest,658,"Как правило, могут проявляться два типа поведения когда менеджеры начинают руководить людьми, ранее равными им по статусу. Одна крайность спектра – это попытка оставаться ""своим парнем"" (или девушкой).","[""К"",""ак"","" "",""прав"",""ило, "",""мог"",""т "",""про"",""вляться "",""два "",""типа "",""пов"",""еден"",""ия "",""когда "",""мен"",""еджер"","" "",""начин"",""ают "",""руков"",""одить "",""людьм"",""и, "",""ран"",""ее "",""рав"",""н"",""ыми "",""им "",""по "",""ста"",""усу. "",""Одн"",""а "",""кра"",""н"",""ость "",""спек"",""тра "",""– "",""это "",""поп"",""ытка "",""оставаться "",""\""своим "",""пар"","""",""ем\"" "",""(или "",""дев"",""ушкой).""]",52
1656,devtest,659,"Таким управленцам трудно принимать непопулярные решения, дисциплинарные меры, оценивать результаты работы, распределять обязанности и привлекать работников к ответственности.","[""Т"",""ак"",""им "",""управ"",""лен"",""цам "",""тр"",""дн"",""о "",""при"","""",""имать "",""неп"",""оп"",""улярн"",""ые "",""решен"",""ия, "",""дис"",""циплин"",""арн"",""ые "",""мер"","", "",""оцен"",""ивать "",""рез"",""льта"",""ы "",""рабо"",""ы, "",""расп"",""ред"",""еля"",""ь "",""обязан"",""ности "",""и при"",""лек"",""ать "",""рабо"",""н"",""иков"","" "",""к "",""ответств"",""ен"",""ности.""]",48
1657,devtest,660,"На другом конце спектра человек превращается в неузнаваемого индивида, которому кажется, что он должен изменить всё, что делала команда, и присвоить это себе.","[""Н"",""а "",""друг"",""ом "",""кон"",""це "",""спек"",""тра "",""челов"",""ек "",""прев"",""ращается "",""в "",""неузн"",""аваем"",""ого "",""ин"",""дивида, "",""кото"",""ому "",""кажется, "",""что "",""он"","" "",""должен"","" "",""измен"",""ить "",""всё, "",""что "",""дел"",""ла "",""ком"",""ан"",""да, "",""и при"",""воить "",""это "",""себе.""]",39
1658,devtest,661,Ведь руководитель в конечном итоге несет ответственность за успех или провал команды.,"[""В"",""ед"","" "",""руков"",""одител"","" "",""в "",""кон"",""ечн"",""ом "",""итоге "",""несет "",""ответств"",""ен"",""ность "",""за "",""успех "",""или "",""пров"",""ал "",""ком"",""ан"",""ды.""]",23
1659,devtest,662,Такое поведение часто приводит к конфликтам между лидерами и остальными членами команды.,"[""Т"",""ак"",""ое "",""пов"",""еден"",""ие "",""часто "",""при"",""одит "",""к "",""кон"",""флик"",""там"","" "",""межд"","" "",""лидерами "",""и остал"",""н"",""ыми "",""член"",""ами "",""ком"",""ан"",""ды.""]",25
1660,devtest,663,"Виртуальные команды придерживаются тех же стандартов мастерства, что и обычные команды, но имеются небольшие различия.","[""В"",""и"","""",""уальн"",""ые "",""ком"",""ан"",""ды "",""при"",""ерживаются "",""тех "",""же "",""стан"",""дартов"","" "",""мас"",""ер"",""тв"",""а, "",""что "",""и обычн"",""ые "",""ком"",""ан"",""ды, "",""но "",""имеются "",""небольш"",""ие "",""разли"",""ия.""]",31
1661,devtest,664,Виртуальные члены команды часто выполняют функцию точки контакта для своей непосредственной физической группы.,"[""В"",""и"","""",""уальн"",""ые "",""член"",""ы "",""ком"",""ан"",""ды "",""часто "",""выполняют "",""фун"",""кцию "",""то"",""ки "",""кон"",""такта "",""для "",""своей "",""неп"",""о"",""редств"",""ен"",""ной "",""физическ"",""ой "",""группы.""]",28
1662,devtest,665,"Они обычно более автономны, чем сотрудники из традиционных команд, ведь их команды могут встречаться в соответствии с разными часовыми поясами, что не всегда может понять местное руководство.","[""Он"",""и "",""обычн"",""о "",""более "",""авто"","""",""омн"",""ы, "",""чем"","" "",""со"",""рудн"",""ики "",""из "",""традицион"",""ных "",""ком"",""ан"",""д, "",""вед"","" "",""их "",""ком"",""ан"",""ды "",""могут "",""встречаться "",""в "",""соответств"",""ии "",""с "",""разн"",""ыми "",""часов"",""ыми "",""по"",""сам"",""и, "",""что "",""не "",""всегда "",""може"","" "",""пон"",""ять "",""местн"",""ое "",""руков"",""одств"",""о.""]",51
1663,devtest,666,"Наличие настоящей ""невидимой команды"" (Ларсон и ЛаФасто, 1989 г., с. 109) также является уникальным компонентом виртуальной команды.","[""Н"",""ал"","""",""ие "",""нас"",""о"",""щ"",""ей "",""\""нев"",""идим"",""ой "",""ком"",""ан"",""ды\"" "",""(Ла"","""",""он"","" "",""и ЛаФа"",""то, "",""1989 "",""г., "",""с. "",""109) "",""так"",""же "",""является "",""ун"",""икальн"",""ым "",""ком"",""пон"",""ен"",""том "",""вир"",""уальн"",""ой "",""ком"",""ан"",""ды.""]",40
1664,devtest,667,"""Невидимая команда"" — это команда руководителей, перед которой отчитывается каждый участник. Невидимая команда устанавливает нормы для каждого участника.","[""\"""",""Нев"",""идим"",""ая "",""ком"",""ан"",""да\"" "",""— "",""это "",""ком"",""ан"",""да "",""руков"",""одител"",""й, "",""пер"",""д "",""кото"",""ой "",""отчитывается "",""кажд"",""й "",""уча"",""тн"",""ик. "",""Нев"",""идим"",""ая "",""ком"",""ан"",""да "",""устан"",""авлив"",""ает "",""нормы "",""для "",""каждог"",""о "",""уча"",""тн"",""ика.""]",41
1665,devtest,668,Зачем организации проходить через трудоёмкий процесс создания самообучающейся организации? Одной из целей применения концепций самообучающихся организаций на практике являются инновации.,"[""З"",""а"",""ем"","" "",""орган"",""иза"",""и"",""и "",""про"",""оди"",""ь "",""чер"",""з "",""тр"",""до"",""мкий "",""про"",""есс "",""создан"",""ия "",""сам"",""ооб"",""уча"",""щ"",""ейся "",""орган"",""иза"",""и"",""и? "",""Одн"",""ой "",""из "",""целей "",""при"",""ен"",""ен"",""ия "",""кон"",""цепций "",""сам"",""ооб"",""учающ"",""ихся "",""орган"",""иза"",""и"",""й "",""на "",""прак"",""тик"",""е "",""явля"",""тся "",""ин"",""нов"",""ации.""]",56
1666,devtest,669,"Когда все доступные ресурсы эффективно используются во всех функциональных подразделениях организации, то могут проявиться креативность и изобретательность.","[""К"",""ог"",""да "",""все "",""до"",""тупн"",""ые "",""рес"",""р"",""ы "",""эффек"",""тивн"",""о "",""использ"",""ются "",""во "",""все"","" "",""фун"",""кцион"",""альн"",""ых "",""под"",""азд"",""лен"",""иях "",""орган"",""иза"",""и"",""и, "",""то "",""могут "",""про"",""виться "",""креативн"",""ость "",""и изоб"",""ретател"",""н"",""ость.""]",40
1667,devtest,670,"В итоге сплочённая работа организации с целью преодолеть препятствие может привести к новому инновационному процессу, который будет отвечать интересам клиента.","[""В"","" "",""итоге "",""спло"",""ён"",""ная "",""рабо"",""а "",""орган"",""иза"",""и"",""и "",""с "",""целью "",""преод"",""ол"",""е"",""ь "",""преп"",""ятств"",""ие "",""може"","" "",""при"",""ести "",""к "",""нов"",""ому "",""ин"",""нов"",""ацион"",""ному "",""про"",""ессу, "",""кото"",""ый "",""будет "",""отвечать "",""ин"",""тер"",""сам"","" "",""клиен"",""та.""]",44
1668,devtest,671,"Прежде чем организация сможет стать инновационной, руководители должны создать культуру новаторства, обмена знаниями и накопления опыта.","[""П"",""реж"",""е "",""чем"","" "",""орган"",""иза"",""и"",""я "",""сможе"","" "",""ста"",""ь "",""ин"",""нов"",""ацион"",""ной, "",""рук"",""ов"",""одител"","" "",""должн"",""ы "",""создать "",""культу"","""","" "",""нов"",""ато"",""ств"",""а, "",""обм"",""ен"",""а "",""зн"",""ан"",""иями "",""и нак"",""оплен"",""ия "",""опыта.""]",41
1669,devtest,672,"Эйнджел (2006 г.) объясняет подход ""Континуум"" как метод, используемый для помощи организациям в достижении более высокого уровня эффективности.","[""Эйн"",""джел "",""(2006 "",""г.) "",""объясн"",""яет "",""под"",""од "",""\""Кон"",""тин"",""уум\"" "",""как"","" "",""мет"",""д, "",""использ"",""ем"",""ый "",""для "",""пом"",""ощи "",""орган"",""изаци"",""ям "",""в "",""до"",""тижен"",""ии "",""более "",""высок"",""ого "",""уров"",""н"",""я "",""эффек"",""тивн"",""ости.""]",37
1670,devtest,673,"Данные нейробиологии дают физические свидетельства для теоретического подхода к изучению сознания. Таким образом сужается область исследования, и оно становится гораздо более точным.","[""Д"",""ан"",""ные "",""ней"",""об"",""иол"",""ог"",""ии "",""дают "",""физическ"",""ие "",""свидетельств"",""а "",""для "",""тео"",""етическ"",""ого "",""под"",""ода "",""к "",""изучен"",""ию "",""созн"",""ан"",""ия. "",""Так"",""им "",""образом"","" "",""сужается "",""обла"",""ть "",""исследов"",""ан"",""ия, "",""и он"",""о "",""стан"",""ов"",""ится "",""го"",""аздо "",""более "",""то"",""н"",""ым.""]",46
1671,devtest,674,Взаимосвязь между патологией мозга и поведением используется учёными в их исследованиях.,"[""В"",""заим"",""о"",""вяз"","" "",""межд"","" "",""патолог"",""ией "",""мозг"",""а "",""и пов"",""еден"",""ием "",""использ"",""ется "",""учён"",""ыми "",""в "",""их "",""исследов"",""ан"",""иях.""]",23
1672,devtest,675,"Давно известно, что различные виды повреждений, травм, поражений и опухолей мозга влияют на поведение и вызывают изменения некоторых психических функций.","[""Д"",""ав"",""н"",""о "",""известн"",""о, "",""что "",""различн"",""ые "",""вид"","" "",""пов"",""режден"",""ий, "",""трав"",""м, "",""по"",""ажен"",""ий "",""и опухол"",""ей "",""мозг"",""а "",""влияют "",""на "",""пов"",""еден"",""ие "",""и выз"",""вают "",""измен"",""ен"",""ия "",""нек"",""ото"",""ых "",""психическ"",""их "",""фун"",""кций.""]",40
1673,devtest,676,Появление новых технологий позволяет нам увидеть и исследовать невиданные ранее структуры и процессы мозга.,"[""П"",""о"",""влен"",""ие "",""нов"",""ых "",""техн"",""олог"",""ий "",""поз"","""",""оляет "",""нам "",""увидеть "",""и исследов"",""ать "",""нев"",""идан"",""ные "",""ран"",""ее "",""стр"",""ктур"","" "",""и про"",""ессы "",""мозг"",""а.""]",28
1674,devtest,677,"Это предоставляет нам большой объем данных и материалов для создания имитационных моделей, помогающих понять процессы, происходящие в нашем сознании.","[""Э"",""о "",""пред"",""о"",""тавляет "",""нам "",""больш"",""ой "",""объем"","" "",""дан"",""ных "",""и матер"",""алов"","" "",""для "",""создан"",""ия "",""имитаци"",""он"",""ных "",""моделей, "",""пом"",""огающ"",""их "",""пон"",""ять "",""про"",""ессы, "",""происход"",""щ"",""ие "",""в "",""наш"",""ем "",""созн"",""ан"",""ии.""]",38
1675,devtest,678,"Несмотря на то, что ИИ прочно ассоциируется с научной фантастикой, он формирует очень важное направление компьютерных наук, рассматривающее поведение и обучение машин и ""привитие"" им интеллекта.","[""Н"",""есмо"",""р"","" "",""на "",""то, "",""что "",""ИИ "",""про"",""н"",""о "",""ассо"",""иир"",""ется "",""с "",""научн"",""ой "",""фан"",""тастик"",""ой, "",""он"","" "",""форм"",""ир"",""ет "",""очен"",""ь "",""важн"",""ое "",""нап"",""рав"",""лен"",""ие "",""ком"",""пьютер"","""",""ых "",""наук, "",""рас"",""матривающ"",""ее "",""пов"",""еден"",""ие "",""и обучен"",""ие "",""машин"","" "",""и \""при"",""итие\"" "",""им "",""ин"",""тел"",""ек"",""та.""]",55
1676,devtest,679,"Исследования в области ИИ включают в себя создание машин для автоматизации задач, требующих интеллектуального поведения.","[""И"","""",""ледов"",""ан"",""ия "",""в "",""обла"",""ти "",""ИИ "",""включа"",""т "",""в "",""себя "",""создан"",""ие "",""машин"","" "",""для "",""авто"","""",""атиза"",""и"",""и "",""зад"",""ч, "",""треб"",""ующ"",""их "",""ин"",""тел"",""ек"",""туальн"",""ого "",""пов"",""еден"",""ия.""]",36
1677,devtest,680,"Вот некоторые из примеров, которые можно привести: контроль, планирование и создание графика, реакция на диагнозы и вопросы клиента, а также распознавание лица, почерка и голоса.","[""В"",""о"","" "",""нек"",""ото"",""ые "",""из "",""при"",""еров"","", "",""кото"",""ые "",""можн"",""о "",""при"",""ести: "",""кон"",""трол"",""ь, "",""план"",""иров"",""ан"",""ие "",""и создан"",""ие "",""гра"",""ика, "",""реак"",""ция "",""на "",""диаг"",""н"",""озы "",""и вопро"",""ы "",""клиен"",""та, "",""а так"",""же "",""расп"",""оз"",""н"",""аван"",""ие "",""лица, "",""по"",""ер"",""а "",""и голо"",""а.""]",50
1678,devtest,681,"Подобные вопросы выделены в отдельные дисциплины, целью которых является решение задач, с которыми мы сталкиваемся в быту.","[""П"",""од"","""",""б"",""н"",""ые "",""вопро"",""ы "",""выд"",""лен"",""ы "",""в "",""отдельн"",""ые "",""дис"",""циплин"",""ы, "",""целью "",""кото"",""ых "",""является "",""решен"",""ие "",""зад"",""ч, "",""с "",""кото"",""ыми "",""мы стал"",""иваем"",""ся "",""в "",""быту.""]",33
1679,devtest,682,"В настоящее время система ИИ часто используется в областях экономики, медицины, инженерии и военной сферы, будучи встроенной в некоторые программные приложения для домашних компьютеров и видеоигр.","[""В"","" "",""насто"",""щ"",""ее "",""врем"",""я "",""систем"",""а "",""ИИ "",""часто "",""испол"",""з"",""ется "",""в "",""обла"",""тя"","" "",""эк"",""он"",""омики, "",""мед"",""цин"",""ы, "",""ин"",""жен"",""ерии "",""и воен"",""ной "",""сфер"","", "",""буд"",""чи "",""встроен"",""ной "",""в "",""нек"",""ото"",""ые "",""прог"",""раммн"",""ые "",""при"",""ожен"",""ия "",""для "",""дом"",""ашн"",""их "",""ком"",""пьютер"",""в"","" "",""и вид"",""оиг"","".""]",56
1680,devtest,683,"Учебные экскурсии очень важны для любого класса. Очень часто учителям хочется отвезти своих учеников туда, куда нельзя доехать на автобусе.","[""У"",""еб"",""н"",""ые "",""эк"",""ск"",""урсии "",""очен"",""ь "",""важн"",""ы "",""для "",""люб"",""ого "",""класса. "",""Очен"",""ь "",""часто "",""учителям"","" "",""хочется "",""отвез"",""и "",""своих "",""учен"",""иков"","" "",""туда, "",""куда "",""нел"",""зя "",""доехать "",""на "",""авто"","""",""усе.""]",36
1681,devtest,684,"Технология предлагает решение при помощи виртуальных экскурсий. Учащиеся могут осматривать музейные экспонаты, посещать аквариум или наслаждаться прекрасным искусством, сидя со своим классом.","[""Т"",""ехн"",""олог"",""ия "",""пред"",""лаг"",""ает "",""решен"",""ие "",""при "",""пом"",""ощи "",""вир"",""уальн"",""ых "",""эк"",""ск"",""урсий. "",""Уча"","""",""иеся "",""могут "",""осматривать "",""музейн"",""ые "",""эк"",""спон"",""аты, "",""по"",""ещать "",""ак"",""вариум "",""или "",""наслаждаться "",""прек"",""расн"",""ым "",""иск"",""усств"",""ом, "",""сид"","" "",""со "",""своим "",""классом"","".""]",46
1682,devtest,685,Выкладывание экскурсии в виртуальное пространство для всеобщего обозрения — это также отличный способ освежить в памяти экскурсию и поделиться своим полученными знаниями с будущими классами.,"[""В"",""ык"",""лад"",""ван"",""ие "",""эк"",""ск"",""урсии "",""в "",""вир"",""уальн"",""ое "",""про"",""тран"",""ств"",""о "",""для "",""всеоб"",""щ"",""его "",""обоз"",""ен"",""ия "",""— "",""это "",""так"",""же "",""отличн"",""ый "",""спо"",""об"","" "",""освежить "",""в "",""памяти "",""эк"",""ск"",""урсию "",""и под"",""литься "",""своим "",""пол"",""чен"",""ными "",""зн"",""ан"",""иями "",""с "",""буд"",""щ"",""ими "",""классам"",""и.""]",53
1683,devtest,686,"Например, ежегодно учащиеся школы Беннет в Северной Каролине создают сайт о своём посещении столицы штата, и каждый год этот сайт обновляется, но доступ к старым версиям по-прежнему сохраняется — они служат памятным альбомом.","[""Н"",""ап"",""ри"",""ер, "",""ежегодн"",""о "",""уча"","""",""иеся "",""шк"",""олы "",""Бен"",""нет "",""в "",""Сев"",""ерн"",""ой "",""Кар"",""л"",""ин"",""е "",""создают "",""сайт "",""о "",""сво"",""м "",""по"",""ещен"",""ии "",""стол"",""ицы "",""шта"",""а, "",""и кажд"",""й "",""год "",""это"","" "",""сайт "",""обн"",""ов"",""ляется, "",""но "",""до"",""туп "",""к "",""ста"",""ым "",""вер"",""иям "",""по-преж"","""",""ему "",""со"",""ран"",""яется "",""— "",""он"",""и "",""служат "",""памятн"",""ым "",""альбомом.""]",63
1684,devtest,687,"Блоги также могут улучшить навыки письма у учащихся. Хотя учащиеся часто начинают свой блог используя неряшливую грамматику и орфографию, это как правило меняется из-за присутствия аудитории.","[""Б"",""лог"",""и "",""так"",""же "",""могут "",""улучш"",""ить "",""нав"",""ыки "",""пис"",""м"",""а "",""у "",""уча"","""",""ихся. "",""Хо"",""я "",""уча"","""",""иеся "",""часто "",""начин"",""ают "",""свой "",""блог"","" "",""использ"",""я "",""нер"",""шлив"",""ую "",""грамма"",""ик"",""у "",""и орфог"",""рафию, "",""это "",""как"","" "",""прав"",""ило "",""мен"",""яется "",""из-"",""за "",""при"",""утств"",""ия "",""ауди"",""о"",""ии.""]",53
1685,devtest,688,"Поскольку студенты зачастую — самая критичная аудитория, автор блога начинает стремиться к совершенствованию своего письма для того, чтобы избежать критики.","[""П"",""о"",""к"",""ольку "",""студен"",""ты "",""за"",""астую "",""— "",""сам"",""ая "",""кри"",""ичн"",""ая "",""ауди"",""о"",""ия, "",""авто"","" "",""блог"",""а "",""начин"",""ает "",""стр"",""м"",""иться "",""к "",""сов"",""ершен"",""ств"",""ов"",""ан"",""ию "",""своего "",""пис"",""м"",""а "",""для "",""того, "",""чтоб"",""ы "",""изб"",""ежать "",""кри"",""ик"",""и.""]",46
1686,devtest,689,"Еще, ведя блог, ""ученики начинают лучше понимать окружающий мир"". Ученики вдохновляются на то, чтобы быть умными и интересными, привлекая внимание читателей (Тото, 2004).","[""Е"",""е, "",""вед"","" "",""блог"","", "",""\""учен"",""ики "",""начин"",""ают "",""лучш"",""е "",""пон"",""имать "",""ок"",""ружающ"",""ий "",""мир\"". "",""Учен"",""ики "",""вдо"",""н"",""ов"",""ляются "",""на "",""то, "",""чтобы "",""быть "",""умн"",""ыми "",""и ин"",""тер"",""сн"",""ыми, "",""при"",""лек"",""ая "",""вн"",""иман"",""ие "",""читател"",""й "",""(То"",""о, "",""2004).""]",45
1687,devtest,690,"Блоггерство является инструментом, стимулирующим сотрудничество, и оно мотивирует учащихся распространить процесс приобретения знаний далеко за пределы традиционного учебного дня.","[""Б"",""лог"",""г"",""ер"",""тв"",""о "",""является "",""ин"",""струмен"",""том, "",""сти"","""",""улир"",""ющ"",""им "",""со"",""рудн"",""ичеств"",""о, "",""и он"",""о "",""мо"",""ивир"",""ет "",""уча"","""",""ихся "",""расп"",""ро"",""тран"",""ить "",""про"",""есс "",""при"",""б"",""ретен"",""ия "",""зн"",""ан"",""ий "",""далек"",""о "",""за "",""пред"",""елы "",""традицион"",""ного "",""учебн"",""ого "",""дня.""]",50
1688,devtest,691,"Надлежащее использование блогов может дать учащимся возможность стать более аналитичными и критичными. Путём активного отклика на интернет-материалы учащиеся могут определять свою позицию в контексте чужих работ, а также излагать свои собственные взгляды на конкретные вопросы (Оравек, 2002).","[""Н"",""ад"",""ежа"","""",""ее "",""испол"",""зов"",""ан"",""ие "",""блог"",""ов"","" "",""може"","" "",""дать "",""уча"","""",""имся "",""возм"",""ожн"",""ость "",""ста"",""ь "",""более "",""ан"",""али"",""ичн"",""ыми "",""и кри"",""ичн"",""ыми. "",""Путём "",""ак"",""тивн"",""ого "",""отк"",""лик"",""а "",""на "",""ин"",""тер"","""",""ет-"",""матер"",""алы "",""уча"","""",""иеся "",""могут "",""опред"",""ел"","""",""ь "",""сво"","" "",""поз"",""цию "",""в "",""кон"",""тек"",""сте "",""чужих "",""рабо"","", "",""а так"",""же "",""излаг"",""ать "",""свои "",""соб"",""ств"",""ен"",""ные "",""взгляды "",""на "",""кон"",""кретн"",""ые "",""вопро"",""ы "",""(Орав"",""ек"","", "",""2002).""]",84
1689,devtest,692,"Оттава — это прелестная двуязычная столица Канады с огромным количеством художественных галерей и музеев, открывающих прошлое и настоящее Канады.","[""О"",""тав"",""а "",""— "",""это "",""прел"",""стн"",""ая "",""двуязычн"",""ая "",""стол"",""ица "",""Кан"",""ады "",""с "",""огром"",""н"",""ым "",""кол"",""честв"",""ом "",""художеств"",""ен"",""ных "",""гале"",""ей "",""и музеев"","", "",""отк"",""рывающ"",""их "",""про"",""лое "",""и насто"",""щ"",""ее "",""Кан"",""ады.""]",38
1690,devtest,693,"Далее на юг расположен Ниагарский водопад, а север является вотчиной нетронутой природной красоты Мускоки и прилегающих областей.","[""Д"",""ал"",""е "",""на "",""юг "",""расп"",""оложен"","" "",""Ниаг"",""а"",""ск"",""ий "",""водоп"",""ад, "",""а сев"",""ер "",""является "",""во"",""чин"",""ой "",""нет"",""он"",""утой "",""при"",""одн"",""ой "",""кра"",""о"",""ы "",""Муск"",""ок"",""и "",""и при"",""егающ"",""их "",""обла"",""тей.""]",37
1691,devtest,694,Все это и многое другое делает Онтарио чем-то по-настоящему канадским в глазах иностранцев.,"[""В"",""се "",""это "",""и многое "",""друг"",""ое "",""дел"",""ет "",""Он"",""тарио "",""чем"",""-"",""то "",""по-насто"",""щ"",""ему "",""кан"",""адск"",""им "",""в "",""глаза"","" "",""ин"",""остран"",""цев"","".""]",26
1692,devtest,695,"Большие области далее к северу довольно редко заселены, а некоторые из них – практически незаселённая глушь.","[""Б"",""ольш"",""ие "",""обла"",""ти "",""далее "",""к "",""сев"",""ер"","" "",""дов"",""ольн"",""о "",""редк"",""о "",""за"",""елен"",""ы, "",""а нек"",""ото"",""ые "",""из "",""них "",""– "",""прак"",""тическ"",""и "",""нез"","""",""ел"",""н"",""ная "",""глу"",""ь.""]",34
1693,devtest,696,"Удивительное сравнение численности населения: в США больше афроамериканцев, чем граждан в Канаде.","[""Удивител"",""н"",""ое "",""срав"",""н"",""ен"",""ие "",""числен"",""ности "",""населен"",""ия: "",""в "",""США "",""больш"",""е "",""афроам"",""ерик"",""ан"",""цев"","", "",""чем"","" "",""гражд"",""ан"","" "",""в "",""Кан"",""аде.""]",28
1694,devtest,697,Восточно-африканские острова находятся в Индийском океане у восточного побережья Африки.,"[""В"",""о"",""то"",""н"",""о-"",""африк"",""ан"",""ск"",""ие "",""остров"",""а "",""наход"",""тся "",""в "",""Ин"",""дийск"",""ом "",""ок"",""еан"",""е "",""у "",""во"",""то"",""н"",""ого "",""поб"",""ереж"",""я "",""Африк"",""и.""]",30
1695,devtest,698,"Мадагаскар намного больше других и  является самобытным континентом в том, что касается дикой природы.","[""М"",""ад"",""г"",""а"",""к"",""ар "",""намного "",""больш"",""е "",""друг"",""их "",""и  является "",""сам"",""обытн"",""ым "",""кон"",""тин"",""ен"",""том "",""в "",""том, "",""что "",""касается "",""дик"",""ой "",""при"",""оды.""]",27
1696,devtest,699,Почти все более мелкие острова являются независимыми государствами или ассоциированы с Францией и известны как шикарные пляжные курорты.,"[""П"",""о"",""ти "",""все "",""более "",""мел"","""",""ие "",""остров"",""а "",""явля"",""тся "",""нез"",""в"",""исим"",""ыми "",""го"",""удар"",""тв"",""ами "",""или "",""ас"",""о"",""ииров"",""ан"",""ы "",""с "",""Фран"",""цией "",""и известн"",""ы "",""как"","" "",""шик"",""арн"",""ые "",""пл"",""жн"",""ые "",""кур"","""",""ты.""]",42
1697,devtest,700,"Арабы также принесли в этот регион ислам, особенно он укоренился на Коморах и Майотте.","[""А"",""аб"",""ы "",""так"",""же "",""при"","""",""если "",""в "",""это"","" "",""регион"","" "",""ислам, "",""особ"",""ен"",""но "",""он"","" "",""укорен"",""ился "",""на "",""Ком"",""о"",""ах "",""и Майо"",""те.""]",27
1698,devtest,701,"Распространение европейского влияния и колонизация начались в XV веке, когда португальский исследователь Васко де Гама открыл путь через Мыс Доброй Надежды из Европы в Индию.","[""Р"","""","""",""п"",""ро"",""тран"",""ен"",""ие "",""европ"",""ейск"",""ого "",""влиян"",""ия "",""и кол"",""н"",""изаци"",""я "",""начали"",""ь "",""в "",""XV "",""век"",""е, "",""когда "",""по"",""тугальск"",""ий "",""исследов"",""атель "",""Васк"",""о "",""де "",""Гама "",""отк"",""рыл "",""путь "",""чер"",""з "",""Мыс "",""Доб"",""рой "",""Над"",""жд"","" "",""из "",""Европ"",""ы "",""в "",""Ин"",""дию.""]",50
1699,devtest,702,"На севере регион ограничен Сахелем, а на юге и западе — Атлантическим океаном.","[""Н"",""а "",""сев"",""ере "",""регион"","" "",""огран"",""ичен"","" "",""Сахелем"","", "",""а на "",""юге "",""и зап"",""аде "",""— "",""Атлан"",""тическ"",""им "",""ок"",""еан"",""ом.""]",22
1700,devtest,703,"Для женщин: всем туристкам рекомендуется говорить, что они замужем, независимо от их настоящего семейного положения.","[""Д"",""ля "",""жен"",""щин"","": "",""всем"","" "",""тур"",""сткам "",""рек"",""омен"",""дуется "",""гово"",""ить, "",""что "",""он"",""и "",""зам"",""ужем"","", "",""нез"",""в"",""исим"",""о "",""от "",""их "",""насто"",""щ"",""его "",""сем"",""ейн"",""ого "",""пол"",""жен"",""ия.""]",35
1701,devtest,704,Также полезно носить кольцо (только не слишком дорогое на вид).,"[""Т"",""ак"",""же "",""пол"",""зн"",""о "",""носить "",""кольцо "",""(тольк"",""о "",""не "",""сли"",""ком "",""до"",""ог"",""ое "",""на "",""вид).""]",18
1702,devtest,705,"Женщинам следует осознавать, что из-за культурных различий им может показаться, что их домогаются, женщин часто преследуют, берут за руку и так далее.","[""Ж"",""ен"",""щин"",""ам "",""следует "",""осозн"",""авать, "",""что "",""из-"",""за "",""культу"",""н"",""ых "",""различий "",""им "",""може"","" "",""пок"",""азаться, "",""что "",""их "",""дом"",""огаются, "",""жен"",""щин"","" "",""часто "",""пре"",""ледуют, "",""бер"",""т "",""за "",""руку "",""и так"","" "",""далее.""]",36
1703,devtest,706,Твердо отказывайте мужчинам и не бойтесь стоять на своем (такое недопустимо вне зависимости от культурных различий!).,"[""Т"",""в"",""е"","""",""о "",""отк"",""азывай"",""е "",""мужчин"",""ам "",""и не "",""бойтес"",""ь "",""сто"",""ть "",""на "",""своем"","" "",""(так"",""ое "",""нед"",""п"",""устим"",""о "",""вн"",""е "",""зав"",""исим"",""о"",""ти "",""от "",""культу"",""н"",""ых "",""разли"",""ий!)"","".""]",37
1704,devtest,707,"Современный город Касабланка основан рыбаками-берберами в X веке до н. э. Он использовался римлянами, финикийцами и меренидами как стратегический порт, называемый Анфа.","[""Сов"",""рем"",""ен"",""ный "",""го"",""од "",""Касаб"",""лан"",""ка "",""основ"",""ан"","" "",""рыбак"",""ами-"",""бер"",""ер"",""ми "",""в "",""X "",""век"",""е "",""до "",""н. "",""э. "",""Он"","" "",""использов"",""ался "",""римлян"",""ами, "",""фин"",""икийцам"",""и "",""и мер"",""н"",""идам"",""и "",""как"","" "",""стр"",""тегическ"",""ий "",""по"",""т, "",""называем"",""ый "",""Ан"",""фа.""]",48
1705,devtest,708,"Португальцы уничтожили его и заново отстроили под названием Каза-Бранка, но покинули его после землетрясения 1755 года.","[""П"",""о"",""тугаль"",""ы "",""ун"",""ичтожили "",""его "",""и зан"",""ов"",""о "",""отстроили "",""под "",""назв"",""ан"",""ием "",""Каза-"",""Бран"",""ка, "",""но "",""пок"",""ин"",""ули "",""его "",""по"",""ле "",""зем"",""ле"",""рясен"",""ия "",""1755 "",""года.""]",31
1706,devtest,709,"Султан Марокко перестроил город под названием Эд-Дар-эль-Бейда, а испанские торговцы, создавшие тут торговые базы, назвали его Касабланка.","[""С"",""л"",""ан"","" "",""Мар"",""к"",""ко "",""пер"",""строил "",""го"",""од "",""под "",""назв"",""ан"",""ием "",""Эд-"",""Дар-"",""эль-"",""Бейда, "",""а испан"",""ские "",""то"",""гов"",""цы, "",""создавшие "",""тут "",""то"",""гов"",""ые "",""базы, "",""назв"",""али "",""его "",""Касаб"",""лан"",""ка.""]",36
1707,devtest,710,Касабланка – одно из наименее интересных мест для шопинга во всем Марокко.,"[""К"",""а"",""аб"",""лан"",""ка "",""– "",""одн"",""о "",""из "",""наимен"",""ее "",""ин"",""тер"",""сн"",""ых "",""мест "",""для "",""шопин"",""га "",""во "",""всем"","" "",""Мар"",""к"",""ко.""]",25
1708,devtest,711,"Вокруг старой медины легко найти места, где продаются такие традиционные марокканские товары, как тажины, гончарные изделия, кожаные изделия, кальяны и целый ассортимент всяких безделушек, но всё это для туристов.","[""В"",""ок"",""руг"","" "",""ста"",""ой "",""мед"",""н"",""ы "",""легк"",""о "",""най"",""и "",""места, "",""где "",""прод"",""аются "",""так"",""ие "",""традицион"",""ные "",""мар"",""к"",""кан"",""ские "",""тов"",""ары, "",""как"","" "",""тажин"",""ы, "",""гон"",""чарн"",""ые "",""изд"",""лия, "",""кожан"",""ые "",""изд"",""лия, "",""кальян"",""ы "",""и целый "",""ассо"",""тимен"",""т "",""всяк"",""их "",""без"","""",""лушек"","", "",""но "",""всё "",""это "",""для "",""тур"",""стов"","".""]",59
1709,devtest,712,"Гома – это туристический город на самом востоке  Демократической Республики Конго, на границе с Руандой.","[""Г"",""ом"",""а "",""– "",""это "",""тур"",""стическ"",""ий "",""го"",""од "",""на "",""сам"",""ом "",""во"",""ток"",""е "","" "",""Дем"",""ок"",""ратическ"",""ой "",""Республик"",""и "",""Кон"",""го, "",""на "",""гран"",""ице "",""с "",""Руан"",""дой.""]",31
1710,devtest,713,"В 2002 году город Гома был разрушен лавой вулкана Ньирагонго, которая похоронила под собой большую часть городских улиц, особенно центральную часть города.","[""В"","" "",""2002 "",""году "",""го"",""од "",""Гома "",""был "",""раз"",""ушен"","" "",""лавой "",""вулкан"",""а "",""Ньирагон"",""го, "",""кото"",""ая "",""по"",""орон"",""ила "",""под "",""соб"",""ой "",""больш"",""ую "",""часть "",""го"",""одск"",""их "",""улиц, "",""особ"",""ен"",""но "",""цен"",""тральн"",""ую "",""часть "",""го"",""ода.""]",40
1711,devtest,714,"Хоть Гома и является достаточно безопасным местом, следует заранее уточнять информацию насчёт любых поездок за пределы Гомы, чтобы понять, в каком состоянии находятся боевые действия, ведущиеся в провинции Северное Киву.","[""Х"",""о"",""ь "",""Гома "",""и является "",""до"",""та"",""о"",""н"",""о "",""без"",""п"",""асн"",""ым "",""местом"","", "",""след"",""ет "",""за"",""ан"",""ее "",""уто"",""н"",""ять "",""ин"",""форм"",""аци"",""ю "",""насчёт "",""люб"",""ых "",""поездок"","" "",""за "",""пред"",""елы "",""Гомы, "",""чтоб"",""ы "",""пон"",""ять, "",""в "",""как"",""ом "",""со"",""тоян"",""ии "",""находятся "",""боев"",""ые "",""действ"",""ия, "",""вед"",""щ"",""иеся "",""в "",""пров"",""инции "",""Сев"",""ерн"",""ое "",""Кив"","".""]",63
1712,devtest,715,"Этот город также является отправной точкой для восхождения на вулкан Ньирагонго, а также здесь можно посмотреть на горных горилл в дикой природе по одной из самых дешёвых цен в Африке.","[""Э"",""о"","" "",""го"",""од "",""так"",""же "",""является "",""отправ"",""н"",""ой "",""то"",""кой "",""для "",""во"",""хожден"",""ия "",""на "",""вулкан"","" "",""Ньираг"",""он"",""го, "",""а так"",""же "",""здесь "",""можн"",""о "",""по"",""мотреть "",""на "",""го"",""н"",""ых "",""го"",""илл "",""в "",""дик"",""ой "",""при"",""оде "",""по "",""одн"",""ой "",""из "",""сам"",""ых "",""дешёвых "",""цен"","" "",""в "",""Африке.""]",52
1713,devtest,716,Вы можете по Гома на бода-бода (мототакси). Обычная (местная) цена 500 конголезских франков за короткую поездку.,"[""В"",""ы може"",""е "",""по "",""Гома "",""на "",""бода-"",""бода "",""(мо"",""о"",""акси). "",""Обычн"",""ая "",""(местн"",""ая) "",""цен"",""а "",""500 "",""кон"",""голез"",""к"",""их "",""фран"",""ков"","" "",""за "",""коро"",""кую "",""поездк"",""у.""]",30
1714,devtest,717,"В связи со своей относительной недоступностью, ""Тимбукту"" стал метафорой экзотической дальней земли.","[""В"","" "",""связи "",""со "",""своей "",""отн"",""осительн"",""ой "",""нед"","""",""тупн"",""остью, "",""\""Тимбук"",""ту\"""","" "",""стал "",""мет"",""форой "",""эк"",""зо"",""ическ"",""ой "",""дальн"",""ей "",""зем"",""ли.""]",26
1715,devtest,718,"Сегодня Томбукту — это обнищалый город, но его репутация привлекает сюда туристов, и в нем есть аэропорт.","[""Сегодн"",""я "",""Томбук"",""ту "",""— "",""это "",""обн"",""ищалый "",""го"",""од, "",""но "",""его "",""реп"",""утаци"",""я "",""при"",""лек"",""ает "",""сюда "",""тур"",""стов"","", "",""и в "",""нем"","" "",""есть "",""аэроп"",""о"",""т.""]",29
1716,devtest,719,"В 1990 году он был добавлен в список всемирного наследия, находящегося под угрозой из-за опасности со стороны песков пустыни.","[""В"","" "",""1990 "",""году "",""он"","" был "",""доб"",""авлен"","" "",""в "",""список"","" "",""всем"",""ирн"",""ого "",""наследия, "",""находящ"",""его"",""я "",""под "",""угрозой "",""из-"",""за "",""опасн"",""ости "",""со "",""сто"",""он"",""ы "",""песк"",""ов"","" "",""пустын"",""и.""]",34
1717,devtest,720,"При съемке передачи Генри Луиса Гейтса ""Чудеса африканского мира"" на канале PBS одна из важнейших остановок была совершена тут.","[""П"",""ри "",""съем"",""ке "",""пер"",""дачи "",""Ген"",""ри "",""Луиса "",""Гейтса "",""\""Чуд"",""с"",""а "",""африк"",""ан"",""ск"",""ого "",""мира\"" "",""на "",""кан"",""але "",""PBS "",""одн"",""а "",""из "",""важн"",""ейш"",""их "",""остан"",""ов"",""ок"","" "",""была "",""сов"",""ершен"",""а "",""тут.""]",37
1718,devtest,721,"Данный город сильно отличается от других городов страны, так как в нем преобладает арабский колорит, а не африканский.","[""Д"",""ан"",""ный "",""го"",""од "",""сильн"",""о "",""отличается "",""от "",""друг"",""их "",""го"",""одов"","" "",""стр"",""н"",""ы, "",""так"","" "",""как"","" "",""в "",""нем"","" "",""преоб"",""ладает "",""араб"",""к"",""ий "",""кол"","""",""ит, "",""а не "",""африкан"",""ск"",""ий.""]",36
1719,devtest,722,"Национальный парк Крюгера расположен на северо-востоке Южной Африки, вдоль границы с Мозамбиком на востоке, с Зимбабве на севере, его южной границей служит Крокодилова река.","[""Н"",""а"",""ион"",""альн"",""ый "",""пар"","" "",""Крюгера "",""расп"",""оложен"","" "",""на "",""сев"",""еро-"",""во"",""ток"",""е "",""Южн"",""ой "",""Африк"",""и, "",""вдоль "",""гран"",""ицы "",""с "",""Мозам"",""биком "",""на "",""во"",""ток"",""е, "",""с "",""Зимбабве "",""на "",""сев"",""ере, "",""его "",""южн"",""ой "",""гран"",""ицей "",""служит "",""Крок"",""одилов"",""а "",""рек"",""а.""]",47
1720,devtest,723,"Площадь парка — 19 500 км²; в ней выделено 14 разных экозон, каждая из которых является зоной обитания разных диких животных.","[""П"",""ло"",""адь "",""пар"",""а "",""— "",""19 "",""500 "",""км²; "",""в "",""ней "",""выд"",""лен"",""о "",""14 "",""разн"",""ых "",""эк"",""озон"","", "",""каждая "",""из "",""кото"",""ых "",""является "",""зон"",""ой "",""обитан"",""ия "",""разн"",""ых "",""дик"",""их "",""живо"",""н"",""ых.""]",36
1721,devtest,724,Он является одной из главных достопримечательностей Южной Африки и считается ведущим среди южноафриканских национальных парков (SANParks).,"[""Он"","" "",""является "",""одн"",""ой "",""из "",""глав"",""н"",""ых "",""до"",""топ"",""ри"",""ечател"",""н"",""остей "",""Южн"",""ой "",""Африк"",""и "",""и считается "",""вед"",""щ"",""им "",""среди "",""южн"",""оафрикан"",""ск"",""их "",""национ"",""альн"",""ых "",""пар"",""ов"","" "",""(SANParks)"","".""]",36
1722,devtest,725,"Как и во всех южноафриканских национальных парках, в этом парке существует ежедневная плата за его охрану и посещение.","[""К"",""ак"","" "",""и во всех "",""южн"",""оафрикан"",""ск"",""их "",""национ"",""альн"",""ых "",""пар"",""ах, "",""в "",""этом "",""пар"",""е "",""существ"",""ует "",""ежедн"",""ев"",""н"",""ая "",""пла"",""а "",""за "",""его "",""охран"",""у "",""и по"",""ещен"",""ие.""]",32
1723,devtest,726,"Также может быть выгодно купить Wild Card, которая позволяет посещать национальные парки ЮАР либо выборочно, либо все.","[""Т"",""ак"",""же "",""може"","" "",""быть "",""выг"",""одн"",""о "",""купить "",""Wild "",""Card, "",""кото"",""ая "",""поз"","""",""оляет "",""по"",""ещать "",""национ"",""альн"",""ые "",""пар"",""и "",""ЮАР "",""либо "",""выбо"",""очн"",""о, "",""либо "",""все.""]",31
1724,devtest,727,"Территория Гонконга была названа в честь острова Гонконг, места, которое многие туристы считают главным объектом  своего внимания.","[""Т"",""ер"",""ито"",""ия "",""Гон"",""кон"",""га "",""была "",""назв"",""ан"",""а "",""в "",""честь "",""остров"",""а "",""Гон"",""кон"",""г, "",""места, "",""кото"",""ое "",""многие "",""тур"",""сты "",""считают "",""глав"",""н"",""ым "",""объек"",""том "","" "",""своего "",""вн"",""иман"",""ия.""]",35
1725,devtest,728,"Вереницу зданий, образующих линию горизонта Гонконга, сравнивают со сверкающей столбчатой диаграммой, подчеркнутой водой бухты Виктория.","[""В"",""ер"",""н"",""ицу "",""здан"",""ий, "",""образ"",""ющ"",""их "",""лин"",""ию "",""го"",""изон"",""та "",""Гон"",""кон"",""га, "",""срав"",""н"",""ивают "",""со "",""све"","""",""ающ"",""ей "",""стол"",""б"",""чатой "",""диаг"",""рам"",""м"",""ой, "",""под"",""ер"",""н"",""утой "",""водой "",""бухты "",""Вик"",""тория.""]",40
1726,devtest,729,"Чтобыу видеть самые живописные места Гонконга, следует покинуть остров и направиться на побережье полуострова Цзюлун, что находится напротив.","[""Ч"",""об"",""ыу "",""вид"",""ть "",""сам"",""ые "",""живоп"",""исн"",""ые "",""места "",""Гон"",""кон"",""га, "",""следует "",""пок"",""ин"",""уть "",""остров"","" "",""и нап"",""рав"",""иться "",""на "",""поб"",""ереж"",""е "",""пол"",""остров"",""а "",""Цзюлун"","", "",""что "",""находи"",""ся "",""нап"",""ро"",""ив.""]",38
1727,devtest,730,Наибольшая часть городских районов развития  острова Гонконг тесно сосредоточено на отвоёванной у моря земли на северном берегу.,"[""Н"",""аибольш"",""ая "",""част"","" "",""го"",""одск"",""их "",""район"",""ов"","" "",""разв"",""ития "","" "",""остров"",""а "",""Гон"",""кон"",""г "",""тес"",""н"",""о "",""со"",""редо"",""о"",""ен"",""о "",""на "",""отво"",""ван"",""ной "",""у "",""мо"",""я "",""зем"",""ли "",""на "",""сев"",""ерн"",""ом "",""бер"",""гу.""]",42
1728,devtest,731,"Это место, которое британские колонизаторы забрали себе, и если вы ищете доказательства колониального прошлого территории, то это хорошее место для начала.","[""Э"",""о "",""место, "",""кото"",""ое "",""бри"",""ан"",""ские "",""кол"",""н"",""иза"",""о"",""ы "",""заб"",""рали "",""себе, "",""и если "",""вы ищете "",""док"",""азательств"",""а "",""кол"",""н"",""иальн"",""ого "",""про"",""лог"",""о "",""тер"",""ито"",""ии, "",""то "",""это "",""хорош"",""ее "",""место "",""для "",""начала.""]",38
1729,devtest,732,"Сундарбан — это крупнейший пояс прибрежных мангровых зарослей, простирающийся от берега на 80 км (50 миль) вглубь континента в Бангладеше и Индии.","[""С"",""н"",""дарб"",""ан"","" "",""— "",""это "",""крупн"",""ейш"",""ий "",""по"",""с "",""при"",""режн"",""ых "",""ман"",""гров"",""ых "",""за"",""ослей, "",""про"",""тирающ"",""ийся "",""от "",""бер"",""га "",""на "",""80 "",""км "",""(50 "",""миль) "",""вгл"",""б"",""ь "",""кон"",""тин"",""ен"",""та "",""в "",""Бан"",""гладеше "",""и Ин"",""дии.""]",43
1730,devtest,733,Сундарбан был объявлен Объектом всемирного наследия ЮНЕСКО. Часть леса в пределах индийской территории называется Национальный парк Сундарбан.,"[""С"",""н"",""дарб"",""ан"","" "",""был "",""объявлен"","" "",""Объек"",""том "",""всем"",""ирн"",""ого "",""наследия "",""ЮНЕСК"",""О. "",""Ча"",""ть "",""леса "",""в "",""пред"",""ела"","" "",""ин"",""дийск"",""ой "",""тер"",""ито"",""ии "",""называется "",""Национ"",""альн"",""ый "",""пар"","" "",""Сун"",""дарбан"","".""]",38
1731,devtest,734,"Эти леса не просто мангровые болота — к ним также относятся некоторые из последних оставшихся могучих джунглей, которые когда-то покрывали Гангскую равнину.","[""Э"",""и "",""леса "",""не "",""про"",""то "",""ман"",""гров"",""ые "",""боло"",""а "",""— "",""к "",""ним "",""так"",""же "",""отн"",""осятся "",""нек"",""ото"",""ые "",""из "",""по"",""ледн"",""их "",""оставш"",""ихся "",""могучих "",""джун"",""глей, "",""кото"",""ые "",""когда-"",""то "",""пок"",""рывали "",""Ган"",""гск"",""ую "",""рав"",""н"",""ин"",""у.""]",43
1732,devtest,735,"Сундарбан занимает площадь в 3850 кв. км, из которых примерно треть покрыта водой или болотами.","[""С"",""н"",""дарб"",""ан"","" "",""зан"",""имает "",""пло"",""адь "",""в "",""3850 "",""кв. "",""км, "",""из "",""кото"",""ых "",""при"",""ерн"",""о "",""тре"",""ь "",""пок"",""рыта "",""водой "",""или "",""боло"",""ами.""]",27
1733,devtest,736,"С 1966 года Сундарбан является заповедником дикой природы, и, по имеющимся подсчётам, на его территории в настоящее время обитают 400 бенгальских тигров и около 30 000 пятнистых оленей.","[""С "",""1966 "",""года "",""Сун"",""дарбан"","" "",""является "",""зап"",""ов"",""едн"",""иком "",""дик"",""ой "",""при"",""оды, "",""и, "",""по "",""имеющ"",""имся "",""под"",""чётам, "",""на "",""его "",""тер"",""ито"",""ии "",""в "",""насто"",""щ"",""ее "",""врем"",""я "",""оби"",""ают "",""400 "",""бен"",""гальск"",""их "",""тигров"","" "",""и ок"",""оло "",""30 "",""000 "",""пятн"",""истых "",""олен"",""ей.""]",48
1734,devtest,737,"Автобусы отправляются с межрайонной автостанции (за рекой) в течение всего дня, хотя большая часть, особенно направляющиеся на восток и в Джакар/Бумтанг, отбывают с 06:30 до 07:30.","[""Ав"",""то"","""",""усы "",""отправ"",""ля"",""тся "",""с "",""меж"",""айон"",""ной "",""авто"",""тан"",""ции "",""(за "",""рек"",""ой) "",""в "",""течен"",""ие "",""всего "",""дня, "",""хо"",""я "",""больш"",""ая "",""часть, "",""особ"",""ен"",""но "",""нап"",""рав"",""ляющ"",""иеся "",""на "",""во"",""ток"","" "",""и в "",""Джакар/"",""Бумтан"",""г, "",""отбывают "",""с "",""06:30 "",""до "",""07:30.""]",47
1735,devtest,738,"Поскольку межрайонные автобусы часто переполнены, желательно приобрести билет за несколько дней заранее.","[""П"",""о"",""к"",""ольку "",""меж"",""айон"",""ные "",""авто"","""",""усы "",""часто "",""пер"",""п"",""олнен"",""ы, "",""жела"",""ельн"",""о "",""при"",""б"",""рести "",""билет "",""за "",""неск"",""олько "",""дней "",""за"",""ан"",""ее.""]",29
1736,devtest,739,"Большинство районов обслуживается небольшими японскими автобусами Coaster, удобными и надежными.","[""Б"",""ольш"",""ин"",""ств"",""о "",""район"",""ов"","" "",""обслуживается "",""небольш"",""ими "",""япон"",""скими "",""авто"","""",""усам"",""и "",""Coas te"",""r, "",""удоб"",""н"",""ыми "",""и над"",""жн"",""ыми.""]",25
1737,devtest,740,"Маршрутка — это быстрый и удобный способ добраться до таких близлежащих мест, как Паро (150 нгултрумов) и Пунакха (200 нгултрумов).","[""М"",""а"","""",""р"",""тка "",""— "",""это "",""быстр"",""й "",""и удоб"",""н"",""ый "",""спо"",""об"","" "",""доб"",""раться "",""до "",""так"",""их "",""близлежащ"",""их "",""мест, "",""как"","" "",""Пар"","" "",""(150 "",""нгултр"",""мов"","") "",""и Пун"",""акха "",""(200 "",""нгултр"",""мов"","").""]",37
1738,devtest,741,Мост через реку Ояпок представляет из себя вантовый мост. Он простирается через реку Ояпок и соединяет города Ояпоки в Бразилии и Сен-Жорж-де-л'Ояпок во Французской Гвиане.,"[""М"",""о"",""т "",""чер"",""з "",""рек"",""у "",""Ояпок"","" "",""пред"",""став"",""ляет "",""из "",""себя "",""ван"",""тов"",""ый "",""мо"",""т. "",""Он"","" "",""про"",""тирается "",""чер"",""з "",""рек"",""у "",""Ояпок"","" "",""и соедин"",""яет "",""го"",""ода "",""Ояпок"",""и "",""в "",""Бразилии "",""и Сен"",""-"",""Жо"",""ж-"",""де-"",""л'"",""Ояпок"","" "",""во "",""Фран"",""цузск"",""ой "",""Гвиан"",""е.""]",51
1739,devtest,742,"Эти две башни достигают 83 метра в высоту, а сам мост 378 метров в длину и имеет две полосы движения шириной 3,5 метра.","[""Э"",""и "",""две "",""башн"",""и "",""до"",""тигают "",""83 "",""метра "",""в "",""высо"",""у, "",""а сам"","" "",""мо"",""т "",""378 "",""метров"","" "",""в "",""длин"",""у "",""и имеет "",""две "",""пол"",""сы "",""движен"",""ия "",""ширин"",""ой "",""3,5 "",""метра.""]",32
1740,devtest,743,"Высота подмостового габарита составляет 15 метров. Строительство было завершено в августе 2011 года, его не открывали для движения до марта 2017 года.","[""В"",""ы"",""о"",""а "",""под"","""",""остов"",""ого "",""габ"",""арита "",""со"",""тавляет "",""15 "",""метров"","". "",""Стр"",""ительств"",""о "",""было "",""зав"",""ершен"",""о "",""в "",""авг"",""сте "",""2011 "",""года, "",""его "",""не "",""отк"",""рывали "",""для "",""движен"",""ия "",""до "",""мар"",""а "",""2017 "",""года.""]",39
1741,devtest,744,"Согласно плану мост полностью войдёт в эксплуатацию  в сентябре 2017 года, когда бразильские пункты таможенной проверки, как ожидается, будут завершены.","[""Сог"",""ла"",""н"",""о "",""план"",""у "",""мо"",""т "",""пол"",""остью "",""войдёт "",""в "",""эк"",""сплуата"",""и"",""ю "","" "",""в "",""сен"",""тябре "",""2017 "",""года, "",""когда "",""бразильск"",""ие "",""пун"",""кты "",""таможен"",""ной "",""пров"",""ерки, "",""как"","" "",""ожидается, "",""буд"",""т "",""зав"",""ершен"",""ы.""]",39
1742,devtest,745,"Гуарини были наиболее значительной коренной группой, населяющей область, которую сейчас занимает восточный Парагвай, они жили как полукочевые охотники, которые также практиковали натуральное сельское хозяйство.","[""Г"",""уа"",""ин"",""и "",""были "",""наиболее "",""зн"",""ачительн"",""ой "",""корен"",""ной "",""группой, "",""насел"",""ющ"",""ей "",""обла"",""ть, "",""кото"",""ую "",""сейчас "",""зан"",""имает "",""во"",""то"",""н"",""ый "",""Пар"",""гвай, "",""он"",""и "",""жили "",""как"","" "",""пол"",""кочев"",""ые "",""охо"",""н"",""ики, "",""кото"",""ые "",""так"",""же "",""прак"",""тик"",""ов"",""али "",""натуральн"",""ое "",""сельск"",""ое "",""хозяйств"",""о.""]",53
1743,devtest,746,"Область Чако служила домом для разных групп местных племен, например для Гуайкуру и Паягуа, они выживали при помощи охоты, собирательства и рыбалки.","[""Об"",""ла"",""ть "",""Чак"",""о "",""служила "",""дом"",""ом"","" "",""для "",""разн"",""ых "",""групп "",""местн"",""ых "",""плем"",""ен"","", "",""нап"",""ример "",""для "",""Гуайк"",""уру "",""и Паягуа, "",""он"",""и "",""выживали "",""при "",""пом"",""ощи "",""охо"",""ы, "",""соб"",""ирательств"",""а "",""и рыбалки.""]",36
1744,devtest,747,"В XVI веке Парагвай, который до этого называли ""огромной провинцией Ост-Индии"", возник в результате столкновения испанских завоевателей с местными группами коренного населения.","[""В"","" "",""XVI "",""век"",""е "",""Пар"",""гвай, "",""кото"",""ый "",""до "",""этого "",""называли "",""\""огром"",""н"",""ой "",""пров"",""инцией "",""Ост-"",""Ин"",""дии\"", "",""возн"",""ик "",""в "",""рез"",""льта"",""е "",""стол"",""кнов"",""ен"",""ия "",""испан"",""ских "",""зав"",""оев"",""ател"",""й "",""с "",""местн"",""ыми "",""группами "",""корен"",""ного "",""населен"",""ия.""]",44
1745,devtest,748,"Испанцы начали период колонизации, который длился три столетия.","[""И"",""п"",""ан"",""цы "",""начали "",""пер"",""од "",""кол"",""н"",""иза"",""и"",""и, "",""кото"",""ый "",""длился "",""три "",""стол"",""етия.""]",18
1746,devtest,749,С момента основания Асунсьона в 1537 Парагваю в основном удалось сохранить большую часть своего самобытного характера и идентичности.,"[""С "",""момен"",""та "",""основ"",""ан"",""ия "",""Асун"",""сьон"",""а "",""в "",""1537 "",""Пар"",""гваю "",""в "",""основ"",""н"",""ом "",""удало"",""ь "",""со"",""ран"",""ить "",""больш"",""ую "",""часть "",""своего "",""сам"",""обытн"",""ого "",""харак"",""тер"","" "",""и иден"",""тичн"",""ости.""]",35
1747,devtest,750,"Аргентина известна тем, что у неё одна из лучших команд, а также лучшие игроки в мире в таком виде спорта, как поло.","[""А"",""ген"",""тин"",""а "",""известн"",""а "",""тем"","", "",""что "",""у "",""неё "",""одн"",""а "",""из "",""лучш"",""их "",""ком"",""ан"",""д, "",""а так"",""же "",""лучш"",""ие "",""игрок"",""и "",""в "",""мире "",""в "",""так"",""ом "",""вид"","" "",""спо"",""та, "",""как"","" "",""пол"","".""]",38
1748,devtest,751,Крупнейший турнир года проходит в декабре на полях для игры в поло в Лас Каньитас.,"[""К"",""р"",""пн"",""ейш"",""ий "",""тур"","""",""ир "",""года "",""про"",""оди"","" "",""в "",""дек"",""аб"",""ре "",""на "",""пол"",""х "",""для "",""игры "",""в "",""пол"","" "",""в "",""Ла"","" "",""Кан"",""ьитас.""]",29
1749,devtest,752,Менее крупные турниры и матчи здесь также можно посмотреть в другое время года.,"[""М"",""ен"",""ее "",""крупн"",""ые "",""тур"","""",""ир"","" "",""и матчи "",""здесь "",""так"",""же "",""можн"",""о "",""по"",""мотреть "",""в "",""друг"",""ое "",""врем"",""я "",""года.""]",23
1750,devtest,753,"Чтобы узнать новости о матчах поло и о том, где купить на них билеты, загляните на сайт Аргентинской ассоциации поло.","[""Ч"",""об"",""ы "",""узн"",""ать "",""нов"",""ости "",""о "",""матчах "",""пол"","" "",""и о "",""том, "",""где "",""купить "",""на "",""них "",""билеты, "",""заг"",""лян"",""ите "",""на "",""сайт "",""Арген"",""тин"",""ской "",""ассо"",""иа"",""ии "",""пол"","".""]",31
1751,devtest,754,"Официальной валютой Фолклендских островов является фунт Фолкендских островов (FKP), стоимость которого эквивалентна стоимости одного британского фунта стерлингов (GBP).","[""О"",""ициальн"",""ой "",""вал"",""той "",""Фолклен"",""дск"",""их "",""остров"",""ов"","" "",""является "",""фун"",""т "",""Фолкен"",""дск"",""их "",""остров"",""ов"","" "",""(FKP), "",""стоимо"",""ть "",""кото"",""ого "",""эк"",""вивален"",""тн"",""а "",""стоимо"",""ти "",""одн"",""ого "",""бри"",""ан"",""ского "",""фун"",""та "",""сте"","""",""ин"",""гов"","" "",""(GBP).""]",44
1752,devtest,755,"Деньги можно обменять в единственном банке на этих островах, который находится на Порт-Стэнли напротив магазина FIC West.","[""Д"",""ен"",""ьги "",""можн"",""о "",""обм"",""ен"",""ять "",""в "",""един"",""ств"",""ен"",""ном "",""бан"",""ке "",""на "",""этих "",""остров"",""ах, "",""кото"",""ый "",""находи"",""ся "",""на "",""По"",""т-"",""Стэн"",""ли "",""нап"",""ро"",""ив "",""магазин"",""а "",""FIC "",""W es t.""]",35
1753,devtest,756,"Как правило, британские фунты примут повсюду на островах. В Стэнли также часто принимают кредитные карты и доллары США.","[""К"",""ак"","" "",""прав"",""ило, "",""бри"",""ан"",""ские "",""фун"",""ты "",""при"",""ут "",""пов"",""сюду "",""на "",""остров"",""ах. "",""В "",""Стэн"",""ли "",""так"",""же "",""часто "",""при"","""",""имают "",""кредитн"",""ые "",""карты "",""и доллары "",""США.""]",31
1754,devtest,757,"На удалённых островах кредитные карты, возможно, не будут приниматься, хотя британскую и американскую валюту могут принять; заранее проясните с владельцами какой способ оплаты является приемлемым.","[""Н"",""а "",""удалён"",""ных "",""остров"",""ах "",""кредитн"",""ые "",""карты, "",""возм"",""ожн"",""о, "",""не "",""буд"",""т "",""при"","""",""иматься, "",""хо"",""я "",""бри"",""ан"",""скую "",""и американ"",""ск"",""ую "",""вал"",""ту "",""могут "",""при"","""",""ять; "",""за"",""ан"",""ее "",""про"",""сн"",""ите "",""с "",""владельцами "",""как"",""ой "",""спо"",""об"","" "",""оплаты "",""является "",""при"",""млем"",""ым.""]",50
1755,devtest,758,"Валюту Фолклендских островов почти невозможно обменять за их пределами, поэтому обменивайте деньги до того, как покинуть острова.","[""В"",""ал"","""",""у "",""Фолклен"",""дск"",""их "",""остров"",""ов"","" "",""по"",""ти "",""нев"",""озм"",""ожн"",""о "",""обм"",""ен"",""ять "",""за "",""их "",""пред"",""елами, "",""по"",""тому "",""обм"",""ен"",""ивайте "",""ден"",""ьги "",""до "",""того, "",""как"","" "",""пок"",""ин"",""уть "",""остров"",""а.""]",39
1756,devtest,759,"Поскольку Монтевидео находится к югу от экватора, там лето, когда в Северном полушарии зима, и наоборот.","[""П"",""о"",""к"",""ольку "",""Мон"",""тев"",""идео "",""находи"",""ся "",""к "",""югу "",""от "",""эк"",""вато"",""а, "",""там "",""лето, "",""когда "",""в "",""Сев"",""ерн"",""ом "",""пол"",""шарии "",""зима, "",""и наоборот.""]",26
1757,devtest,760,Монтевидео расположен в субтропиках. В летние месяцы температура воздуха выше +30°С является обычным явлением.,"[""М"",""он"",""тев"",""идео "",""расп"",""оложен"","" "",""в "",""суб"",""роп"",""ик"",""ах. "",""В "",""летн"",""ие "",""месяцы "",""тем"",""пер"",""тура "",""возд"",""ха "",""выш"",""е "",""+30°"","" "",""является "",""обычн"",""ым "",""явлен"",""ием.""]",30
1758,devtest,761,"Зима может быть обманчиво холодной: температура редко опускается ниже нуля, но сочетание ветра и влажности воздуха создает ощущение более холодной погоды в сравнении с тем, что показывает термометр.","[""З"",""им"",""а "",""може"","" "",""быть "",""обм"",""ан"",""чиво "",""холод"",""н"",""ой: "",""тем"",""пер"",""тура "",""редк"",""о "",""опуск"",""ается "",""ниже "",""нул"","", "",""но "",""со"",""етан"",""ие "",""вет"",""а "",""и влажн"",""ости "",""возд"",""ха "",""создает "",""ощущен"",""ие "",""более "",""холод"",""н"",""ой "",""пог"",""оды "",""в "",""срав"",""н"",""ен"",""ии "",""с "",""тем"","", "",""что "",""пок"",""азывает "",""тер"",""ометр.""]",54
1759,devtest,762,"Здесь нет особо ""дождливых"" и ""сухих"" сезонов: количество осадков приблизительно одинаково весь год.","[""З"",""дес"",""ь "",""нет "",""особ"",""о "",""\""дождлив"",""ых\"" "",""и \""сух"",""их\"""","" "",""сезон"",""ов"","": "",""кол"",""честв"",""о "",""осадк"",""ов"","" "",""при"",""лизительн"",""о "",""один"",""аков"",""о "",""вес"",""ь "",""год.""]",29
1760,devtest,763,"Хотя многие животные в парке привыкли видеть людей, природа все же является дикой, поэтому не нужно кормить или тревожить животных.","[""Х"",""о"",""я "",""мн"",""огие "",""живо"",""н"",""ые "",""в "",""пар"",""е "",""при"",""ыкли "",""вид"",""ть "",""людей, "",""при"",""ода "",""все "",""же "",""является "",""дик"",""ой, "",""по"",""тому "",""не "",""нужн"",""о "",""кормить "",""или "",""трев"",""ожить "",""живо"",""н"",""ых.""]",35
1761,devtest,764,"Администрация парка предупреждает: не приближайтесь более чем на 100 ярдов/метров к медведям и волкам, а также более чем на 25 ярдов/метров ко всем другим диким животным!","[""Адм"",""ин"",""ист"",""а"",""и"",""я "",""пар"",""а "",""пред"",""упреждает: "",""не "",""при"",""лижайтес"",""ь "",""более "",""чем"","" "",""на "",""100 "",""ярдов"",""/"",""мет"",""ов"","" "",""к "",""медвед"",""м "",""и волкам, "",""а так"",""же "",""более "",""чем"","" "",""на "",""25 "",""ярдов"",""/"",""мет"",""ов"","" "",""ко "",""всем"","" "",""друг"",""им "",""дик"",""им "",""живо"",""н"",""ым!""]",50
1762,devtest,765,"Неважно, насколько смирно они выглядят, — бизоны, лоси, медведи и практически все крупные животные могут напасть.","[""Н"",""ев"",""ажн"",""о, "",""наск"",""олько "",""смирн"",""о "",""он"",""и "",""выг"",""лядят, "",""— "",""бизон"",""ы, "",""ло"",""и, "",""мед"",""еди "",""и прак"",""тическ"",""и "",""все "",""крупн"",""ые "",""живо"",""н"",""ые "",""могут "",""нап"",""асть.""]",31
1763,devtest,766,"Каждый год десятки посетителей получают травмы, потому что не соблюдают нужной дистанции. Эти животные большие, дикие и потенциально опасные, поэтому соблюдайте их личное пространство.","[""К"",""аж"",""д"","""",""й "",""год "",""дес"",""ятки "",""по"",""етител"",""й "",""пол"",""чают "",""трав"",""мы, "",""по"",""ому "",""что "",""не "",""соб"",""людают "",""нужн"",""ой "",""дис"",""тан"",""ции. "",""Эти "",""живо"",""н"",""ые "",""больш"",""ие, "",""дик"",""ие "",""и по"",""ен"",""циальн"",""о "",""опасн"",""ые, "",""по"",""тому "",""соб"",""людайте "",""их "",""личн"",""ое "",""про"",""тран"",""ств"",""о.""]",51
1764,devtest,767,"Кроме того, помните, что запахи привлекают медведей и других диких животных, поэтому избегайте приготовления или ношения с собой пахучей пищи, а также поддерживайте в лагере чистоту.","[""К"",""ром"",""е "",""того, "",""пом"",""ните, "",""что "",""зап"",""ахи "",""при"",""лек"",""ают "",""мед"",""едей "",""и друг"",""их "",""дик"",""их "",""живо"",""н"",""ых, "",""по"",""тому "",""изб"",""егайте "",""при"",""отов"",""лен"",""ия "",""или "",""ношен"",""ия "",""с "",""соб"",""ой "",""пахучей "",""пищи, "",""а так"",""же "",""под"",""ерживайте "",""в "",""лаг"",""ере "",""чи"",""то"",""у.""]",47
1765,devtest,768,Апиа – столица Самоа. Город расположен на острове Уполу и имеет население чуть менее 40 000 жителей.,"[""Ап"",""иа "",""– "",""стол"",""ица "",""Сам"",""оа. "",""Го"",""од "",""расп"",""оложен"","" "",""на "",""остров"",""е "",""Упол"","" "",""и имеет "",""населен"",""ие "",""чуть "",""мен"",""ее "",""40 "",""000 "",""жител"",""й.""]",27
1766,devtest,769,Апиа была основана в 1850-х годах и с 1959 года является официальной столицей Самоа.,"[""Ап"",""иа "",""была "",""основ"",""ан"",""а "",""в "",""1850-"",""х "",""годах "",""и с "",""1959 "",""года "",""является "",""официальн"",""ой "",""стол"",""ицей "",""Сам"",""оа.""]",20
1767,devtest,770,"Бухта была местом печально известного военно-морского противостояния в 1889 году, когда семь кораблей из Германии, США и Британии отказались покидать бухту.","[""Б"",""ух"",""а "",""была "",""местом"","" "",""печальн"",""о "",""известн"",""ого "",""воен"",""но-"",""мо"",""ск"",""ого "",""про"",""иво"",""то"",""н"",""ия "",""в "",""1889 "",""году, "",""когда "",""сем"",""ь "",""кораблей "",""из "",""Гер"",""ан"",""ии, "",""США "",""и Бри"",""ан"",""ии "",""отк"",""азались "",""пок"",""идать "",""бухту.""]",40
1768,devtest,771,"Все корабли затонули, за исключением одного британского крейсера. Погибли около 200 американских и немецких моряков.","[""В"",""се "",""кораб"",""ли "",""за"",""он"",""ули, "",""за "",""иск"",""лючен"",""ием "",""одн"",""ого "",""бри"",""ан"",""ского "",""крейсер"","". "",""Пог"",""ибли "",""ок"",""оло "",""200 "",""американ"",""ских "",""и нем"",""ецк"",""их "",""мо"",""яков"","".""]",31
1769,devtest,772,"Во время борьбы за независимость, организованной движением Мау, мирное собрание в городе привело к убийству верховного вождя Тупуа Тамсесе Леалофи III.","[""В"",""о врем"",""я "",""бо"",""ьбы "",""за "",""нез"",""в"",""исим"",""о"",""ть, "",""орган"",""изов"",""ан"",""ной "",""движен"",""ием "",""Мау, "",""мирн"",""ое "",""соб"",""ран"",""ие "",""в "",""го"",""оде "",""при"",""ело "",""к "",""убийств"",""у "",""вер"",""ов"",""н"",""ого "",""вождя "",""Тупуа "",""Тамсесе "",""Леало"",""и "",""III.""]",41
1770,devtest,773,"Здесь множество пляжей, поскольку Окленд расположен на берегах двух гаваней. Самые популярные пляжи находятся в трех районах.","[""З"",""дес"",""ь "",""мн"",""оже"",""тв"",""о "",""пл"",""жей, "",""по"",""к"",""ольку "",""Ок"",""лен"",""д "",""расп"",""оложен"","" "",""на "",""бер"",""гах "",""двух "",""гаван"",""ей. "",""Сам"",""ые "",""поп"",""улярн"",""ые "",""пляжи "",""наход"",""тся "",""в "",""тре"","" "",""район"",""ах.""]",37
1771,devtest,774,Пляжи Норт-Шора (в районе Норт-Харбора) омываются Тихим океаном и тянутся от Лонг-Бэя на севере до Девонпорта на юге.,"[""П"",""л"",""жи "",""Нор"",""-"",""Шо"",""а "",""(в "",""район"",""е "",""Норт-"",""Харбо"",""а) "",""ом"",""ываются "",""Ти"",""им"","" "",""ок"",""еан"",""ом "",""и тян"",""утся "",""от "",""Лон"",""г-"",""Бэя "",""на "",""сев"",""ере "",""до "",""Дев"",""он"",""по"",""та "",""на "",""юге.""]",37
1772,devtest,775,"Почти все эти пляжи песчаные с безопасным купанием, и многие из них тенистые благодаря таким деревьям, как похутукава.","[""П"",""о"",""ти "",""все "",""эти "",""пл"",""жи "",""пес"",""ан"",""ые "",""с "",""без"",""п"",""асн"",""ым "",""купан"",""ием, "",""и многие "",""из "",""них "",""тен"",""истые "",""благ"",""ода"",""я "",""так"",""им "",""дерев"",""ьям, "",""как"","" "",""по"",""утукав"",""а.""]",34
1773,devtest,776,"В центральном районе Окленда, где в бухте Вайтемата находятся престижные жилые пригороды Мишн-Бэй и Сент-Хелиерс, раскинулись пляжи Тамаки-Драйв.","[""В"","" "",""цен"",""тральн"",""ом "",""район"",""е "",""Ок"",""лен"",""да, "",""где "",""в "",""бухте "",""Вай"",""ем"",""ата "",""находятся "",""пре"",""тижн"",""ые "",""жилые "",""при"",""ороды "",""Мишн"",""-"",""Бэй "",""и Сен"",""т-"",""Хелие"","""","", "",""раск"",""ин"",""улись "",""пл"",""жи "",""Тамак"",""и-"",""Драйв"","".""]",40
1774,devtest,777,"Это иногда переполненные народом семейные пляжи с хорошим выбором магазинов, расположенных вдоль берега. Плавать безопасно.","[""Э"",""о "",""ин"",""огда "",""пер"",""п"",""олнен"",""ные "",""нар"",""дом"","" "",""сем"",""ейн"",""ые "",""пляжи "",""с "",""хорош"",""им "",""выбо"",""ом "",""магазин"",""ов"","", "",""расп"",""оложен"",""ных "",""вдоль "",""бер"",""га. "",""Плав"",""ать "",""без"",""п"",""асн"",""о.""]",35
1775,devtest,778,"Самое популярное местное пиво – это ""Number One"", у него незамысловатый, приятный и освежающий вкус. Еще одно местное пиво называется ""Manta"".","[""Сам"",""ое "",""популярн"",""ое "",""местн"",""ое "",""пиво "",""– "",""это "",""\""Number "",""One\"", "",""у "",""него "",""нез"",""м"",""ыслов"",""атый, "",""при"",""тн"",""ый "",""и освежающ"",""ий "",""вкус. "",""Еще "",""одн"",""о "",""местн"",""ое "",""пиво "",""называется "",""\""Manta\"".""]",31
1776,devtest,779,"Существует множество французских вин, которые можно пить, однако новозеландские и австралийские вина могут лучше транспортироваться.","[""С"","""",""еств"",""ует "",""мн"",""оже"",""тв"",""о "",""фран"",""цуз"",""к"",""их "",""вин"","", "",""кото"",""ые "",""можн"",""о "",""пить, "",""одн"",""ако "",""нов"",""озелан"",""дск"",""ие "",""и австралийск"",""ие "",""вин"",""а "",""могут "",""лучш"",""е "",""тран"",""спо"",""тиров"",""аться.""]",36
1777,devtest,780,"Местная водопроводная вода совершенно безопасна для питья, но если вы все же опасаетесь, не составит труда найти и бутилированную воду.","[""М"",""естн"",""ая "",""водоп"",""ров"",""одн"",""ая "",""вода "",""сов"",""ершен"",""но "",""без"",""п"",""асн"",""а "",""для "",""питья, "",""но "",""если "",""вы все "",""же "",""опасаетес"",""ь, "",""не "",""со"",""тавит "",""тр"",""да "",""най"",""и "",""и бутили"",""ов"",""ан"",""ную "",""воду.""]",35
1778,devtest,781,"Австралийцам непонятна идея ""флэт уайт"". ""Маленький чёрный"" — это эспрессо, капучино они подают с высоким слоем взбитых сливок (не с пенкой), а чай без молока.","[""Ав"",""ст"",""алий"",""ам"","" "",""неп"",""он"",""ятн"",""а "",""идея "",""\""флэ"","" "",""уай"",""\"""","". "",""\""Мал"",""н"",""ький "",""чёр"","""",""ый\"" "",""— "",""это "",""эспрессо, "",""кап"",""учин"",""о "",""он"",""и "",""под"",""ют "",""с "",""высок"",""им "",""слоем"","" "",""взб"",""итых "",""слив"",""ок"","" "",""(не "",""с "",""пен"",""кой), "",""а чай "",""без "",""молок"",""а.""]",49
1779,devtest,782,"Горячий шоколад отвечает стандартам Бельгии. Хотя фруктовые соки стоят дорого, они имеют превосходное качество.","[""Г"",""о"",""ячий "",""шок"",""олад "",""отвечает "",""стан"",""дартам "",""Бел"",""гии. "",""Хо"",""я "",""фр"",""к"",""тов"",""ые "",""сок"",""и "",""сто"",""т "",""до"",""ог"",""о, "",""он"",""и "",""имеют "",""прев"",""осходн"",""ое "",""качеств"",""о.""]",31
1780,devtest,783,"На риф круглый год совершается большое количество поездок, и травмы, вызванные любой из этих причин на рифе, случаются редко.","[""Н"",""а "",""ри"","" "",""круг"",""лый "",""год "",""сов"",""ершается "",""больш"",""ое "",""кол"",""честв"",""о "",""поездок"","", "",""и трав"",""мы, "",""вызв"",""ан"",""ные "",""люб"",""ой "",""из "",""этих "",""при"",""ин"","" "",""на "",""рифе, "",""случаются "",""редк"",""о.""]",33
1781,devtest,784,"Всё же следуйте рекомендациям органов власти, подчиняйтесь всем знакам и обратите пристальное внимание на предупреждения о безопасности.","[""В"",""сё "",""же "",""след"",""йте "",""рек"",""омен"",""дациям "",""орган"",""ов"","" "",""вла"",""ти, "",""под"",""ин"",""яйтес"",""ь "",""всем"","" "",""зн"",""акам "",""и обратите "",""при"",""тальн"",""ое "",""вн"",""иман"",""ие "",""на "",""пред"",""упрежден"",""ия "",""о "",""без"",""п"",""асн"",""ости.""]",37
1782,devtest,785,Кубомедуза встречается вблизи пляжей и речных устий к северу от 1770 с октября по апрель. Иногда их можно встретить вне этого периода.,"[""К"",""уб"",""ом"",""ед"",""за "",""вст"",""ечается "",""вблизи "",""пл"",""жей "",""и речн"",""ых "",""устий "",""к "",""сев"",""ер"","" "",""от "",""1770 "",""с "",""ок"",""тября "",""по "",""ап"",""рель. "",""Ин"",""огда "",""их "",""можн"",""о "",""встретить "",""вн"",""е "",""этого "",""пер"",""ода.""]",36
1783,devtest,786,"Акулы действительно существуют, но редко нападают на людей. Большинство акул боятся людей и уплывают.","[""Ак"",""улы "",""действ"",""ител"",""н"",""о "",""существ"",""уют, "",""но "",""редк"",""о "",""нап"",""адают "",""на "",""людей. "",""Больш"",""ин"",""ств"",""о "",""ак"",""ул "",""бо"",""тся "",""людей "",""и упл"",""вают.""]",26
1784,devtest,787,"Гребнистые крокодилы не ведут активную жизнь в океане, а их основная среда обитания — эстуарии рек к северу от Рокгемптона.","[""Г"",""реб"",""н"",""ист"",""е "",""крок"",""одилы "",""не "",""вед"",""т "",""ак"",""тивн"",""ую "",""жизн"",""ь "",""в "",""ок"",""еан"",""е, "",""а их "",""основ"",""н"",""ая "",""среда "",""обитан"",""ия "",""— "",""эстуарии "",""рек"","" "",""к "",""сев"",""ер"","" "",""от "",""Рок"",""гемптон"",""а.""]",38
1785,devtest,788,"Предварительное бронирование позволяет путешественнику не беспокоиться о том, где переночевать по прибытии в место назначения.","[""П"",""ред"",""в"",""ари"",""ел"",""н"",""ое "",""брон"",""иров"",""ан"",""ие "",""поз"","""",""оляет "",""путешеств"",""ен"",""нику "",""не "",""беспок"",""оиться "",""о "",""том, "",""где "",""пер"",""н"",""очев"",""ать "",""по "",""при"",""ытии "",""в "",""место "",""назн"",""ачен"",""ия.""]",35
1786,devtest,789,"Турагенты часто заключают сделки с конкретными отелями, но вы можете забронировать через турагента и другие формы проживания, например, площадки для кемпингов.","[""Т"","""","""","""",""ген"",""ты "",""часто "",""зак"",""люча"",""т "",""сделки "",""с "",""кон"",""кретн"",""ыми "",""отел"",""ми, "",""но "",""вы може"",""е "",""заб"",""рон"",""иров"",""ать "",""чер"",""з "",""тур"",""ген"",""та "",""и друг"",""ие "",""форм"",""ы "",""проживан"",""ия, "",""нап"",""ример, "",""пло"",""адки "",""для "",""кем"",""пин"",""гов"","".""]",44
1787,devtest,790,"Турагенты обычно продают пакеты предложений, которые включают завтрак, трансфер в/из аэропорта или даже комбинированные пакеты, включающие перелет и проживание в гостинице.","[""Т"","""","""","""",""ген"",""ты "",""обычн"",""о "",""прод"",""ают "",""пак"",""еты "",""пред"",""ложен"",""ий, "",""кото"",""ые "",""включают "",""зав"",""трак, "",""тран"",""сфер "",""в/из "",""аэроп"",""о"",""та "",""или "",""даже "",""ком"",""бин"",""иров"",""ан"",""ные "",""пак"",""еты, "",""включающ"",""ие "",""пер"",""лет "",""и проживан"",""ие "",""в "",""го"",""тин"",""ице.""]",45
1788,devtest,791,"Кроме того, они могут сохранять бронирование, если вам требуется время для обдумывания предложения или получения иных документов для пункта назначения (например, визы).","[""К"",""ром"",""е "",""того, "",""он"",""и "",""могут "",""со"",""ран"",""ять "",""брон"",""иров"",""ан"",""ие, "",""если "",""вам "",""треб"",""уется "",""врем"",""я "",""для "",""обд"",""мыван"",""ия "",""пред"",""ложен"",""ия "",""или "",""пол"",""чен"",""ия "",""ин"",""ых "",""док"",""умен"",""тов"","" "",""для "",""пун"",""кта "",""назн"",""ачен"",""ия "",""(нап"",""ример, "",""виз"","").""]",47
1789,devtest,792,"Любые изменения или запросы нужно сначала оправить турагентство, а не напрямую в гостиницу.","[""Л"","""",""б"",""ые "",""измен"",""ен"",""ия "",""или "",""зап"",""ро"",""ы "",""нужн"",""о "",""сначала "",""оправ"",""ить "",""тур"",""ген"",""тств"",""о, "",""а не "",""нап"",""рям"",""ую "",""в "",""го"",""тин"",""ицу.""]",28
1790,devtest,793,"На некоторых музыкальных фестивалях подавляющее большинство участников ночуют прямо на территории фестиваля, и большинство из них считают это обязательной частью программы.","[""Н"",""а "",""нек"",""ото"",""ых "",""музык"",""альн"",""ых "",""фестивал"","""","" "",""под"",""вляющ"",""ее "",""больш"",""ин"",""ств"",""о "",""уча"",""тн"",""иков"","" "",""ночуют "",""прям"",""о "",""на "",""тер"",""ито"",""ии "",""фестивал"","", "",""и больш"",""ин"",""ств"",""о "",""из "",""них "",""считают "",""это "",""обязательн"",""ой "",""частью "",""прог"",""раммы.""]",44
1791,devtest,794,"Если вы хотите находиться рядом со сценой, вам нужно приехать заранее, чтобы найти место для кемпинга вблизи от музыки.","[""Е"",""ли "",""вы хоти"",""е "",""находи"",""ься "",""рядом"","" "",""со "",""сцен"",""ой, "",""вам "",""нужн"",""о "",""при"",""хать "",""за"",""ан"",""ее, "",""чтобы "",""най"",""и "",""место "",""для "",""кем"",""пин"",""га "",""вблизи "",""от "",""музык"",""и.""]",31
1792,devtest,795,"Помните, что даже если музыка на главных сценах, может уже закончится, на фестивале могут быть участки, на которых будут продолжать играть музыку до поздней ночи.","[""П"",""ом"",""н"",""ите, "",""что "",""даже "",""если "",""музык"",""а "",""на "",""глав"",""н"",""ых "",""сцен"",""ах, "",""може"","" "",""уже "",""зак"",""он"",""чится, "",""на "",""фестивале "",""могут "",""быть "",""уча"",""тки, "",""на "",""кото"",""ых "",""буд"",""т "",""прод"",""олжать "",""играть "",""музык"",""у "",""до "",""поз"",""н"",""ей "",""ночи.""]",42
1793,devtest,796,На некоторых фестивалях есть специальные  зоны кемпингов для семей с малолетними детьми.,"[""Н"",""а "",""нек"",""ото"",""ых "",""фестивал"","""","" "",""есть "",""спе"",""иальн"",""ые "","" "",""зон"",""ы "",""кем"",""пин"",""гов"","" "",""для "",""сем"",""ей "",""с "",""мал"",""л"",""е"",""н"",""ими "",""детьм"",""и.""]",30
1794,devtest,797,"Если вы пересекаете северную часть Балтийского моря зимой, узнайте насчёт расположения каюты, так как прохождение по льду приводит к довольно жуткому шуму, который может мешать спать наиболее чувствительным людям.","[""Е"",""ли "",""вы пер"",""сек"",""ает"","" "",""сев"",""ерн"",""ую "",""часть "",""Балтий"",""к"",""ого "",""мо"",""я "",""зимой, "",""узн"",""айте "",""нас"",""ёт "",""расп"",""оложен"",""ия "",""каюты, "",""так"","" "",""как"","" "",""про"",""ожден"",""ие "",""по "",""льд"","" "",""при"",""одит "",""к "",""дов"",""ольн"",""о "",""жуткому "",""шуму, "",""кото"",""ый "",""може"","" "",""мешать "",""спа"",""ь "",""наиболее "",""чувств"",""ительн"",""ым "",""людям.""]",54
1795,devtest,798,Круизы в Санкт-Петербург включают прогулки по городу. Пассажиры круизов освобождены от визовых требований (уточните условия).,"[""К"",""р"",""из"","" "",""в "",""Сан"",""кт-"",""Петер"","""",""ург "",""включа"",""т "",""прог"",""улки "",""по "",""го"",""оду. "",""Пас"",""ажир"","" "",""круизов"","" "",""освоб"",""ожден"",""ы "",""от "",""визов"",""ых "",""треб"",""ов"",""ан"",""ий "",""(уто"",""н"",""ите "",""услов"",""ия).""]",37
1796,devtest,799,"Обычно казино прилагают все усилия, чтобы посетители проводили как можно больше времени и тратили как можно больше денег в заведении. Окон и часов там нет, а выходы бывает трудно найти.","[""Об"",""ычн"",""о "",""казин"",""о "",""при"",""аг"",""ают "",""все "",""усилия, "",""чтоб"",""ы "",""по"",""етител"","" "",""пров"",""одили "",""как"","" "",""можн"",""о "",""больш"",""е "",""врем"",""ен"",""и "",""и тратили "",""как"","" "",""можн"",""о "",""больш"",""е "",""ден"",""ег "",""в "",""зав"",""еден"",""ии. "",""Ок"",""он"","" "",""и часов"","" "",""там "",""нет, "",""а выходы "",""бывает "",""тр"",""дн"",""о "",""най"",""и.""]",53
1797,devtest,800,"В них обычно предлагается особая еда, напитки и развлечения, чтобы гости оставались в хорошем настроении и не покидали заведения.","[""В"","" "",""них "",""обычн"",""о "",""пред"",""лаг"",""ается "",""особ"",""ая "",""еда, "",""нап"",""итки "",""и разв"",""лечен"",""ия, "",""чтоб"",""ы "",""го"",""ти "",""оставали"",""ь "",""в "",""хо"",""ош"",""ем "",""настроен"",""ии "",""и не "",""пок"",""идали "",""зав"",""еден"",""ия.""]",34
1798,devtest,801,"В некоторых заведениях предлагают бесплатный алкоголь. Однако опьянение туманит рассудок, а все хорошие игроки знают, как важно оставаться трезвым.","[""В"","" "",""нек"",""ото"",""ых "",""зав"",""еден"",""иях "",""пред"",""лаг"",""ают "",""бесплатн"",""ый "",""алк"",""огол"",""ь. "",""Одн"",""ако "",""опьян"",""ен"",""ие "",""туман"",""ит "",""рас"",""удок"","", "",""а все "",""хорош"",""ие "",""игрок"",""и "",""зн"",""ают, "",""как"","" "",""важн"",""о "",""оставаться "",""трезв"",""ым.""]",40
1799,devtest,802,"Все, кто собирается ехать по высокоширотной области или по горным перевалам, должны учитывать возможность снега, льда или морозов.","[""В"",""се, "",""кто "",""соб"",""и"",""ается "",""ехать "",""по "",""высок"",""оширо"",""н"",""ой "",""обла"",""ти "",""или "",""по "",""го"",""н"",""ым "",""пер"",""в"",""алам, "",""должн"",""ы "",""учитывать "",""возм"",""ожн"",""ость "",""сн"",""ега, "",""льда "",""или "",""мо"",""озов"","".""]",35
1800,devtest,803,"На ледяной и снежной дороге трение низкое, и вы не сможете вести машину так же, как на обычном асфальте.","[""Н"",""а "",""лед"",""н"",""ой "",""и снежн"",""ой "",""до"",""ог"",""е "",""трен"",""ие "",""низк"",""ое, "",""и вы не "",""сможете "",""вес"",""ти "",""машин"",""у "",""так"","" "",""же, "",""как"","" "",""на "",""обычн"",""ом "",""асфальте.""]",29
1801,devtest,804,"Во время метели достаточное количество снега для того, чтобы можно было застрять, может выпасть за очень короткий промежуток времени.","[""В"",""о врем"",""я "",""мет"",""л"","" "",""до"",""тато"",""н"",""ое "",""кол"",""честв"",""о "",""снега "",""для "",""того, "",""чтоб"",""ы "",""можн"",""о "",""было "",""за"",""трять, "",""може"","" "",""выпасть "",""за "",""очен"",""ь "",""коро"",""кий "",""пром"",""ежуток"","" "",""врем"",""ен"",""и.""]",37
1802,devtest,805,"Видимость также может быть ограничена вследствие снегопада, метели, конденсата или льда на стёклах транспортного средства.","[""В"",""ид"",""м"",""о"",""ть "",""так"",""же "",""може"","" "",""быть "",""огран"",""ичен"",""а "",""вслед"",""тв"",""ие "",""сн"",""егоп"",""ада, "",""мет"",""л"","", "",""кон"",""ден"",""сата "",""или "",""льда "",""на "",""стёк"",""лах "",""тран"",""спо"",""тн"",""ого "",""средств"",""а.""]",36
1803,devtest,806,"С другой стороны, погодные условия со снегом и льдом являются нормальными во многих странах, и дорожное движение продолжается круглый год почти без перерывов.","[""С "",""друг"",""ой "",""сто"",""он"",""ы, "",""пог"",""одн"",""ые "",""услов"",""ия "",""со "",""снегом "",""и льдом"","" "",""являются "",""нормальн"",""ыми "",""во "",""многих "",""стр"",""н"",""ах, "",""и до"",""ожн"",""ое "",""движен"",""ие "",""прод"",""олжается "",""круг"",""лый "",""год "",""по"",""ти "",""без "",""пер"",""р"",""вов"","".""]",40
1804,devtest,807,"Сафари — это, вероятно, самая большая приманка для туристов в Африке и главное событие для многих путешественников.","[""Са"",""а"",""и "",""— "",""это, "",""вер"","""",""тн"",""о, "",""сам"",""ая "",""больш"",""ая "",""при"",""ан"",""ка "",""для "",""тур"",""стов"","" "",""в "",""Африк"",""е "",""и глав"",""н"",""ое "",""соб"",""ытие "",""для "",""мн"",""огих "",""путешеств"",""ен"",""ников"","".""]",35
1805,devtest,808,"Термин ""сафари"" в повседневном использовании означает наземную поездку с целью посмотреть поразительную дикую природу Африки, особенно в саванне.","[""Т"",""ер"",""ин"","" "",""\""сафари\"""","" "",""в "",""пов"",""седн"",""ев"",""н"",""ом "",""использов"",""ан"",""ии "",""озн"",""ачает "",""назем"",""н"",""ую "",""поездк"",""у "",""с "",""целью "",""по"",""мотреть "",""по"",""азительн"",""ую "",""дик"",""ую "",""при"",""оду "",""Африк"",""и, "",""особ"",""ен"",""но "",""в "",""сав"",""ан"",""не.""]",42
1806,devtest,809,"Некоторые животные, такие как слоны или жирафы, часто приближаются к машинам, так что и с обычным оборудованием можно получить хороший вид.","[""Н"",""ек"",""ото"",""ые "",""живо"",""н"",""ые, "",""так"",""ие "",""как"","" "",""слон"",""ы "",""или "",""жирафы, "",""часто "",""при"",""лижаются "",""к "",""машин"",""ам, "",""так"","" "",""что "",""и с "",""обычн"",""ым "",""обо"",""удов"",""ан"",""ием "",""можн"",""о "",""пол"",""чить "",""хорош"",""ий "",""вид.""]",38
1807,devtest,810,"Львы, гепарды и леопарды иногда бывают осторожными, и вы рассмотрите их лучше через бинокль.","[""Л"","""",""в"",""ы, "",""геп"",""ард"","" "",""и леоп"",""арды "",""ин"",""огда "",""бывают "",""осто"",""ожн"",""ыми, "",""и вы рас"",""мо"",""рите "",""их "",""лучш"",""е "",""чер"",""з "",""бин"",""ок"",""ль.""]",26
1808,devtest,811,"Пешее сафари (которое также называют ""исследование кустов"", ""хайкинг-сафари"" или ""пешая прогулка"") состоит из похода продолжительностью от нескольких часов до нескольких дней.","[""П"",""ешее "",""сафари "",""(кото"",""ое "",""так"",""же "",""называют "",""\""исследов"",""ан"",""ие "",""кустов"",""\"", "",""\""хайк"",""ин"",""г-"",""сафари\"""","" "",""или "",""\""пешая "",""прог"",""улка\"""","") "",""со"",""тоит "",""из "",""по"",""ода "",""прод"",""олжительн"",""остью "",""от "",""неск"",""ольких "",""часов"","" "",""до "",""неск"",""ольких "",""дней.""]",40
1809,devtest,812,Паралимпийские игры пройдут с 24 августа по 5 сентября 2021 года. Некоторые мероприятия будут проходить в разных местах по всей Японии.,"[""П"",""а"","""",""лим"",""п"",""ийск"",""ие "",""игры "",""пройдут "",""с "",""24 "",""авг"",""ста "",""по "",""5 сен"",""тября "",""2021 "",""года. "",""Нек"",""ото"",""ые "",""мер"",""п"",""ри"",""тия "",""буд"",""т "",""про"",""оди"",""ь "",""в "",""разн"",""ых "",""местах "",""по "",""всей "",""Япон"",""ии.""]",38
1810,devtest,813,"Токио станет единственным городом Азии, который дважды принимал летние Олимпийские игры. Впервые они состоялись здесь в 1964 году.","[""Т"",""ок"",""ио "",""стан"",""ет "",""един"",""ств"",""ен"",""ным "",""го"",""одом"","" "",""Азии, "",""кото"",""ый "",""дважд"","" "",""при"","""",""имал "",""летн"",""ие "",""Олим"",""пийск"",""ие "",""игры. "",""Впер"",""ые "",""он"",""и "",""со"",""тоялись "",""здесь "",""в "",""1964 "",""году.""]",36
1811,devtest,814,"Если вы забронировали авиабилеты и проживание на 2020 год до того, как было объявлено о переносе даты, у вас может возникнуть непростая ситуация.","[""Е"",""ли "",""вы заб"",""рон"",""иров"",""али "",""авиаб"",""илеты "",""и проживан"",""ие "",""на "",""2020 "",""год "",""до "",""того, "",""как"","" "",""было "",""объявлен"",""о "",""о "",""пер"",""н"",""осе "",""даты, "",""у "",""вас "",""може"","" "",""возн"",""икнуть "",""неп"",""ро"",""тая "",""ситуаци"",""я.""]",36
1812,devtest,815,"Правила отмены заказов могут отличаться, но по состоянию на конец марта большая часть правил, связанных с коронавирусом, не распространяется на июль 2020 года, когда были запланированы Олимпийские игры.","[""П"",""рав"",""ила "",""отм"",""ен"",""ы "",""зак"",""азов"","" "",""могут "",""отличаться, "",""но "",""по "",""со"",""тоян"",""ию "",""на "",""кон"",""ец "",""мар"",""а "",""больш"",""ая "",""часть "",""прав"",""ил, "",""связан"",""ных "",""с "",""корон"",""авир"",""сом"","", "",""не "",""расп"",""ро"",""тран"",""яется "",""на "",""июль "",""2020 "",""года, "",""когда "",""были "",""зап"",""лан"",""иров"",""ан"",""ы "",""Олим"",""пийск"",""ие "",""игры.""]",53
1813,devtest,816,"Ожидается, что большинство билетов на мероприятия будет стоить от 2 500 до 130 000 иен, со стандартной ценой билета около 7 000 иен.","[""Ож"",""идается, "",""что "",""больш"",""ин"",""ств"",""о "",""биле"",""ов"","" "",""на "",""мер"",""п"",""ри"",""тия "",""будет "",""стоить "",""от "",""2 500 "",""до "",""130 "",""000 "",""иен"","", "",""со "",""стан"",""дартн"",""ой "",""цен"",""ой "",""билета "",""ок"",""оло "",""7 000 "",""иен"","".""]",36
1814,devtest,817,"Глажка влажной одежды помогает ей высохнуть. Многие отели предоставляют напрокат утюг и гладильную доску, даже если они отсутствуют в номере.","[""Г"",""лаж"",""к"",""а "",""влажн"",""ой "",""одежд"","" "",""пом"",""огает "",""ей "",""высо"",""н"",""уть. "",""Мн"",""огие "",""отели "",""пред"",""о"",""тавляют "",""нап"",""рок"",""ат "",""утюг "",""и гладильн"",""ую "",""до"",""к"",""у, "",""даже "",""если "",""он"",""и "",""отсутств"",""уют "",""в "",""номере.""]",37
1815,devtest,818,"Если под рукой нет утюга или вы не в восторге от идеи носить глаженые носки, вы можете попробовать фен, если он есть.","[""Е"",""ли "",""под "",""рукой "",""нет "",""утюга "",""или "",""вы не "",""в "",""во"",""то"",""ге "",""от "",""идеи "",""носить "",""глажен"",""ые "",""носк"",""и, "",""вы може"",""е "",""поп"",""роб"",""овать "",""фен"","", "",""если "",""он"","" "",""есть.""]",30
1816,devtest,819,Не подвергайте ткань воздействию слишком высокой температуры (что может привести к усадке или в очень редких случаях к ожогу).,"[""Н"",""е "",""под"",""ергай"",""е "",""тк"",""ан"",""ь "",""возд"",""йств"",""ию "",""сли"",""ком "",""высок"",""ой "",""тем"",""пер"",""туры "",""(что "",""може"","" "",""при"",""ести "",""к "",""усадк"",""е "",""или "",""в "",""очен"",""ь "",""редк"",""их "",""случаях "",""к "",""ожогу).""]",35
1817,devtest,820,"Существуют разные способы очистки воды, некоторые из них более эффективны против конкретных угроз.","[""С"","""",""еств"",""уют "",""разн"",""ые "",""спо"",""об"",""ы "",""очистки "",""воды, "",""нек"",""ото"",""ые "",""из "",""них "",""более "",""эффек"",""тивн"",""ы "",""про"",""ив "",""кон"",""кретн"",""ых "",""угроз.""]",26
1818,devtest,821,"В некоторых местах достаточно прокипятить воду в течение минуты, в других потребуется несколько минут.","[""В"","" "",""нек"",""ото"",""ых "",""места"","" "",""до"",""тато"",""н"",""о "",""прок"",""ипяти"",""ь "",""воду "",""в "",""течен"",""ие "",""мин"",""уты, "",""в "",""друг"",""их "",""по"",""реб"",""уется "",""неск"",""олько "",""мин"",""ут.""]",30
1819,devtest,822,"Фильтры эффективны по-разному, и в случае сомнений вам стоит подумать о покупке воды в запечатанных бутылках и от заслуживающей доверия компании.","[""Фил"","""","""","""","" "",""эффек"",""тивн"",""ы "",""по-разн"",""ому, "",""и в "",""случае "",""сом"",""нен"",""ий "",""вам "",""стоит "",""под"",""мать "",""о "",""пок"",""упке "",""воды "",""в "",""зап"",""ечатан"",""ных "",""бутылках "",""и от "",""за"",""луживающ"",""ей "",""дов"",""ерия "",""ком"",""пан"",""ии.""]",37
1820,devtest,823,"Путешественники могут встретиться с животными-вредителями, которых они не видели в своих родных краях.","[""П"",""утеш"",""еств"",""ен"",""ники "",""мог"",""т "",""вст"",""етиться "",""с "",""живо"",""н"",""ыми-"",""вредител"",""м"",""и, "",""кото"",""ых "",""он"",""и "",""не "",""вид"",""ли "",""в "",""своих "",""родн"",""ых "",""кра"",""х.""]",29
1821,devtest,824,"Вредители могут портить еду, вызывать раздражение или, что ещё хуже, вызывать аллергические реакции, выделять яд или передавать инфекцию.","[""В"",""реди"",""ел"","" "",""мог"",""т "",""по"",""тить "",""еду, "",""выз"",""вать "",""разд"",""ажен"",""ие "",""или, "",""что "",""ещё "",""хуже, "",""выз"",""вать "",""алл"","""",""гическ"",""ие "",""реак"",""ции, "",""выд"",""лять "",""яд "",""или "",""пер"",""давать "",""ин"",""фекцию.""]",34
1822,devtest,825,"Инфекционные болезни сами по себе или опасные животные, могущие нанести повреждения или привести к смерти человека, как правило, не считаются вредителями.","[""Ин"",""фекцион"",""ные "",""болезн"",""и "",""сам"",""и "",""по "",""себе "",""или "",""опасн"",""ые "",""живо"",""н"",""ые, "",""могущие "",""нан"",""ести "",""пов"",""режден"",""ия "",""или "",""при"",""ести "",""к "",""смерти "",""челов"",""ека, "",""как"","" "",""прав"",""ило, "",""не "",""считаются "",""вредителям"",""и.""]",36
1823,devtest,826,"Шопинг ""дьюти-фри"" – это возможность купить в определенных пунктах товары без налогов и акцизов.","[""Шоп"",""ин"",""г "",""\""дьюти-"",""фри\"" "",""– "",""это "",""возм"",""ожн"",""ость "",""купить "",""в "",""опред"",""елен"",""ных "",""пун"",""ктах "",""тов"",""ары "",""без "",""нал"",""г"",""ов"","" "",""и ак"",""цизов"","".""]",27
1824,devtest,827,"Путешественники, направляющиеся в страны с высоким налогообложением, могут иногда сэкономить значительную сумму, особенно на таких товарах, как спиртные напитки и табак.","[""П"",""утеш"",""еств"",""ен"",""ники, "",""нап"",""рав"",""ляющ"",""иеся "",""в "",""стр"",""н"",""ы "",""с "",""высок"",""им "",""нал"",""г"",""ооб"",""ложен"",""ием, "",""мог"",""т "",""ин"",""огда "",""сэк"",""он"",""омить "",""зн"",""ачительн"",""ую "",""сум"",""му, "",""особ"",""ен"",""но "",""на "",""так"",""их "",""тов"",""арах, "",""как"","" "",""спиртн"",""ые "",""нап"",""итки "",""и таб"",""ак"","".""]",50
1825,devtest,828,"Отрезок между Поинт-Марионом и Фермоном имеет наиболее трудные условия вождения на шоссе Буффало-Питсбург, часто проходя через изолированную глухую и лесную местность.","[""О"",""р"",""зок"","" "",""межд"","" "",""Пои"","""",""т-"",""Мар"",""он"",""ом "",""и Фер"",""он"",""ом "",""имеет "",""наиболее "",""тр"",""дн"",""ые "",""услов"",""ия "",""вожден"",""ия "",""на "",""шо"",""се "",""Буффало-"",""Питсб"",""ург, "",""часто "",""про"",""одя "",""чер"",""з "",""изол"",""и"",""ов"",""ан"",""ную "",""глу"","""",""ую "",""и лесн"",""ую "",""местн"",""ость.""]",47
1826,devtest,829,"Если вы не привыкли ездить по сельским дорогам, будьте начеку: преобладают крутые склоны, узкие переулки и резкие повороты.","[""Е"",""ли "",""вы не "",""при"",""ыкли "",""езд"",""ть "",""по "",""сел"",""ск"",""им "",""до"",""ог"",""ам, "",""буд"",""те "",""начек"",""у: "",""преоб"",""ладают "",""кру"",""ые "",""ск"",""лон"",""ы, "",""узк"",""ие "",""пер"",""улки "",""и резк"",""ие "",""пов"",""ороты.""]",33
1827,devtest,830,"Установленные ограничения скорости заметно ниже, чем на предыдущих и последующих участках — обычно 35-40 миль/ч (56-64 км/ч) — и строгое соблюдение их ещё важнее, чем прочее.","[""У"",""тан"",""ов"",""лен"",""ные "",""огран"",""ичен"",""ия "",""ск"",""орости "",""зам"",""етн"",""о "",""ниже, "",""чем"","" "",""на "",""пред"",""ыд"",""щ"",""их "",""и по"",""ледующ"",""их "",""уча"",""тках "",""— "",""обычн"",""о "",""35-40 "",""миль/"",""ч "",""(56-"",""64 "",""км/ч) "",""— "",""и стр"",""г"",""ое "",""соб"",""люден"",""ие "",""их "",""ещё "",""важн"",""ее, "",""чем"","" "",""про"",""ее.""]",50
1828,devtest,831,"Однако, как ни странно, мобильная телефонная связь здесь намного лучше, чем на многих других участках маршрута, например в Пенсильвании Уайлдс.","[""Од"",""н"",""ако, "",""как"","" "",""ни стр"",""н"",""но, "",""мобильн"",""ая "",""тел"","""",""он"",""ная "",""связь "",""здесь "",""намного "",""лучш"",""е, "",""чем"","" "",""на "",""многих "",""друг"",""их "",""уча"",""тках "",""мар"",""рута, "",""нап"",""ример "",""в "",""Пен"",""сильван"",""ии "",""Уайл"",""д"","".""]",38
1829,devtest,832,"Немецкая кондитерская выпечка довольно хороша. В Баварии она весьма обильна и разнообразна и похожа на выпечку их южного соседа, Австрии.","[""Н"",""ем"",""ецк"",""ая "",""кон"",""дитер"",""к"",""ая "",""выпечка "",""дов"",""ольн"",""о "",""хорош"",""а. "",""В "",""Баварии "",""он"",""а "",""вес"",""ьм"",""а "",""обильн"",""а "",""и разн"",""ооб"",""разн"",""а "",""и по"",""ожа "",""на "",""выпечку "",""их "",""южн"",""ого "",""со"",""еда, "",""Австрии.""]",37
1830,devtest,833,"Фруктовая выпечка распространена, выпечка с яблоками – круглый год, а вишни и сливы появляются летом.","[""Ф"","""",""к"",""тов"",""ая "",""выпечка "",""расп"",""ро"",""тран"",""ен"",""а, "",""выпечка "",""с "",""яблок"",""ами "",""– "",""круг"",""лый "",""год, "",""а виш"",""н"",""и "",""и слив"",""ы "",""по"",""вляются "",""летом.""]",27
1831,devtest,834,"В немецкой выпечке часто используются миндаль, фундук и другие древесные орехи. Зачастую популярные торты отлично сочетаются с чашкой крепкого кофе.","[""В"","" "",""нем"",""ецк"",""ой "",""выпечке "",""часто "",""испол"",""з"",""ются "",""мин"",""даль, "",""фун"",""дук "",""и друг"",""ие "",""древ"",""есн"",""ые "",""орехи. "",""За"",""астую "",""поп"",""улярн"",""ые "",""то"",""ты "",""отли"",""н"",""о "",""со"",""етаются "",""с "",""чашкой "",""креп"",""к"",""ого "",""кофе.""]",38
1832,devtest,835,"Если вы хотите небольшие, но сытные мучные кондитерские изделия, попробуйте то, что, в зависимости от региона, называется оладьями или пончиками с начинкой.","[""Е"",""ли "",""вы хоти"",""е "",""небольш"",""ие, "",""но "",""сытн"",""ые "",""мучн"",""ые "",""кон"",""дитер"",""к"",""ие "",""изд"",""ли"","", "",""поп"",""роб"",""уйте "",""то, "",""что, "",""в "",""зав"",""исим"",""о"",""ти "",""от "",""регион"",""а, "",""называется "",""олад"",""ями "",""или "",""пон"",""чиками "",""с "",""начин"",""кой.""]",40
1833,devtest,836,Карри — это блюдо на основе трав и специй в сочетании с мясом или овощами.,"[""К"",""а"","""","""","" "",""— "",""это "",""блюдо "",""на "",""основ"",""е "",""трав"","" "",""и спе"",""ий "",""в "",""со"",""етан"",""ии "",""с "",""мясом"","" "",""или "",""ово"",""ами.""]",25
1834,devtest,837,"В зависимости от содержания жидкости, карри может быть ""сухим"" или ""мокрым"".","[""В"","" "",""зав"",""исим"",""о"",""ти "",""от "",""содержан"",""ия "",""жид"","""",""ости, "",""кар"","""","" "",""може"","" "",""быть "",""\""сух"",""им"",""\"" "",""или "",""\""мок"",""рым\"".""]",24
1835,devtest,838,Во внутренних районах Пакистана и Северной Индии в карри активно используется йогурт. В Южной Индии и отдельных регионах на побережье субконтинента обычно используют кокосовое молоко.,"[""В"",""о вн"",""утрен"",""них "",""район"",""ах "",""Пак"",""истан"",""а "",""и Сев"",""ерн"",""ой "",""Ин"",""дии "",""в "",""карри "",""ак"",""тивн"",""о "",""использ"",""ется "",""йогу"",""т. "",""В "",""Южн"",""ой "",""Ин"",""дии "",""и отдельн"",""ых "",""регион"",""ах "",""на "",""поб"",""ереж"",""е "",""субкон"",""тин"",""ен"",""та "",""обычн"",""о "",""использ"",""ют "",""кок"",""осов"",""ое "",""молок"",""о.""]",49
1836,devtest,839,"Индонезийская кухня, имея 17 000 островов на выбор,  является общим термином, применяющийся для обозначения огромного разнообразия региональных кухонь, встречающиеся по всей стране.","[""Ин"",""дон"",""езийск"",""ая "",""кухн"",""я, "",""имея "",""17 "",""000 "",""остров"",""ов"","" "",""на "",""выбо"","", "","" "",""является "",""общ"",""им "",""тер"",""ин"",""ом, "",""при"",""ен"",""яющ"",""ийся "",""для "",""обозн"",""ачен"",""ия "",""огром"",""н"",""ого "",""разн"",""ооб"",""разия "",""регион"",""альн"",""ых "",""кухон"",""ь, "",""вст"",""ечающ"",""иеся "",""по "",""всей "",""стр"",""н"",""е.""]",49
1837,devtest,840,Но без уточнений этот термин чаще всего подразумевает еду родом из центральной и восточной частей главного острова Ява.,"[""Н"",""о "",""без "",""уто"",""н"",""ен"",""ий "",""это"","" "",""тер"",""ин"","" "",""чащ"",""е "",""всего "",""под"",""азумев"",""ает "",""еду "",""родом"","" "",""из "",""цен"",""тральн"",""ой "",""и во"",""то"",""н"",""ой "",""частей "",""глав"",""н"",""ого "",""остров"",""а "",""Ява.""]",36
1838,devtest,841,"Яванская кухня, сегодня широко распространенная на всем архипелаге, включает в себя ассортимент незатейливо приправленных блюд. Наибольшее предпочтение яванцы отдают таким вкусовым добавкам, как арахис, чили, сахар (особенно яванский кокосовый сахар) и разные ароматические специи.","[""Яв"",""ан"",""ск"",""ая "",""кухн"",""я, "",""сегодн"",""я "",""широк"",""о "",""расп"",""ро"",""тран"",""ен"",""ная "",""на "",""всем"","" "",""ар"",""ип"",""елаг"",""е, "",""включает "",""в "",""себя "",""ассо"",""тимен"",""т "",""нез"","""",""ейл"",""ив"",""о "",""при"",""рав"",""лен"",""ных "",""блюд. "",""Наибольш"",""ее "",""пред"",""по"",""тен"",""ие "",""яван"",""цы "",""отдают "",""так"",""им "",""вкусов"",""ым "",""доб"",""авкам, "",""как"","" "",""арахис, "",""чили, "",""сахар "",""(особ"",""ен"",""но "",""яван"",""ск"",""ий "",""кок"",""осов"",""ый "",""сахар) "",""и разн"",""ые "",""аром"",""атическ"",""ие "",""спе"",""ии.""]",75
1839,devtest,842,"Стремена – это опоры для ног всадника, свисающие с обоих сторон седла.","[""С"","""","""",""м"",""ен"",""а "",""– "",""это "",""опо"",""ы "",""для "",""ног "",""всадн"",""ика, "",""свисающ"",""ие "",""с "",""обоих "",""сто"",""он"","" "",""седла.""]",22
1840,devtest,843,"Они обеспечивают наезднику лучшую устойчивость, но могут быть проблемы с безопасностью, так как есть вероятность  застревания ноги.","[""Он"",""и "",""обесп"",""ечивают "",""наезд"","""",""ику "",""лучш"",""ую "",""устойч"",""иво"",""ть, "",""но "",""могут "",""быть "",""проб"",""лем"",""ы "",""с "",""без"",""п"",""асн"",""остью, "",""так"","" "",""как"","" "",""есть "",""вер"","""",""тн"",""ость "","" за"",""трев"",""ан"",""ия "",""ноги.""]",37
1841,devtest,844,"Если лошадь сбросила наездника, но его нога застряла в стремени, бегущая лошадь может утащить его за собой. Чтобы свести этот риск к минимуму, можно принять ряд мер предосторожности.","[""Е"",""ли "",""ло"",""адь "",""сбро"",""ила "",""наезд"","""",""ика, "",""но "",""его "",""нога "",""за"",""тряла "",""в "",""стр"",""м"",""ен"",""и, "",""бег"",""щая "",""ло"",""адь "",""може"","" "",""ута"","""",""ить "",""его "",""за "",""соб"",""ой. "",""Чтоб"",""ы "",""све"",""ти "",""это"","" "",""риск"","" "",""к "",""мин"",""имуму, "",""можн"",""о "",""при"","""",""ять "",""ряд "",""мер "",""пред"",""о"",""то"",""ожн"",""ости.""]",55
1842,devtest,845,"Во-первых, большинство наездников носят сапоги для верховой езды с каблуком, имеющие гладкую и довольно тонкую подошву.","[""В"",""о-"",""пер"",""ых, "",""больш"",""ин"",""ств"",""о "",""наезд"","""",""иков"","" "",""носят "",""сап"",""ог"",""и "",""для "",""вер"",""ов"",""ой "",""езд"","" "",""с "",""каблуком, "",""имеющ"",""ие "",""гладк"",""ую "",""и дов"",""ольн"",""о "",""тон"",""кую "",""под"",""шву.""]",35
1843,devtest,846,"Кроме того, отдельные седла, в особенности английские, оснащены предохранительными дугами, благодаря которым кожаное стремя сваливается с седла, если оно оттягивается назад падающим всадником.","[""К"",""ром"",""е "",""того, "",""отд"",""л"",""н"",""ые "",""седла, "",""в "",""особ"",""ен"",""ности "",""ан"",""глийск"",""ие, "",""оснащен"",""ы "",""пред"",""о"",""ран"",""ительн"",""ыми "",""дуг"",""ами, "",""благ"",""ода"",""я "",""кото"",""ым "",""кожан"",""ое "",""стр"",""м"",""я "",""свалив"",""ается "",""с "",""седла, "",""если "",""он"",""о "",""оттягивается "",""назад "",""пад"",""ющ"",""им "",""всадн"",""иком.""]",49
1844,devtest,847,Долина Кочамо – главное направление в Чили для альпинизма. Она известна как Йосмит Южной Америки и имеет большое количество больших гранитных стен и скал.,"[""Д"",""ол"",""ин"",""а "",""Ко"",""амо "",""– "",""глав"",""н"",""ое "",""нап"",""рав"",""лен"",""ие "",""в "",""Чили "",""для "",""альпин"",""изма. "",""Он"",""а "",""известн"",""а "",""как"","" "",""Йосмит "",""Южн"",""ой "",""Америк"",""и "",""и имеет "",""больш"",""ое "",""кол"",""честв"",""о "",""больш"",""их "",""гран"",""итн"",""ых "",""стен"","" "",""и ск"",""ал.""]",45
1845,devtest,848,Наверху можно насладиться потрясающими горными пейзажами. Скалолазы со всего мира непрестанно создают новые маршруты в его огромном потенциале для альпинизма.,"[""Н"",""ав"",""ер"",""у "",""можн"",""о "",""насладиться "",""по"",""рясающ"",""ими "",""го"",""н"",""ыми "",""пейзаж"",""ами. "",""Ск"",""алол"",""аз"","" "",""со "",""всего "",""мира "",""неп"",""рестан"",""но "",""создают "",""нов"",""ые "",""мар"",""руты "",""в "",""его "",""огром"",""н"",""ом "",""по"",""ен"",""циале "",""для "",""альпин"",""изма.""]",41
1846,devtest,849,"Горные зимние виды спорта, включающие в себя катание на лыжах и сноуборде, являются популярными видами спорта, которые подразумевают спуск по заснеженному рельефу на прикрепленных к ногам лыжах или сноуборде.","[""Г"",""о"",""н"",""ые "",""зимн"",""ие "",""вид"","" "",""спо"",""та, "",""включающ"",""ие "",""в "",""себя "",""катан"",""ие "",""на "",""лыжах "",""и сноубо"",""де, "",""явля"",""тся "",""поп"",""улярн"",""ыми "",""вид"",""м"",""и "",""спо"",""та, "",""кото"",""ые "",""под"",""аз"",""мев"",""ают "",""спуск"","" "",""по "",""за"",""н"",""ежен"",""ному "",""рел"",""еф"","" "",""на "",""при"","""",""реп"",""лен"",""ных "",""к "",""ногам "",""лыжах "",""или "",""сноубо"",""де.""]",58
1847,devtest,850,"Горные лыжи — это главное туристическое направление для многих любителей лыж (их еще иногда называют ""лыжными бездельниками""), планирующих отдых целиком вокруг катания в определенном месте.","[""Г"",""о"",""н"",""ые "",""лыжи "",""— "",""это "",""глав"",""н"",""ое "",""тур"",""стическ"",""ое "",""нап"",""рав"",""лен"",""ие "",""для "",""мн"",""огих "",""люб"",""ител"",""й "",""лыж "",""(их "",""еще "",""ин"",""огда "",""называют "",""\""лыжн"",""ыми "",""без"","""",""льн"",""иками\"""",""), "",""план"",""ир"",""ющ"",""их "",""отд"",""х "",""целик"",""ом "",""вок"",""руг "",""катан"",""ия "",""в "",""опред"",""елен"",""ном "",""месте.""]",53
1848,devtest,851,"Идея катания на лыжах очень стара: наскальные рисунки, изображающие лыжников, датируются еще 5000 г. до н. э.!","[""Ид"",""я "",""катан"",""ия "",""на "",""лыжах "",""очен"",""ь "",""ста"",""а: "",""наск"",""альн"",""ые "",""рисун"",""ки, "",""изоб"",""ражающ"",""ие "",""лыжн"",""иков"","", "",""датир"",""ются "",""еще "",""5000 "",""г. "",""до "",""н. "",""э.!""]",29
1849,devtest,852,"Горнолыжный спорт как вид спорта восходит по крайней мере к XVII веку, а в 1861 году норвежцы открыли первый развлекательный лыжный клуб в Австралии.","[""Г"",""о"",""н"",""олыжн"",""ый "",""спо"",""т "",""как"","" "",""вид "",""спо"",""та "",""во"",""ходит "",""по "",""крайн"",""ей "",""мер"","" "",""к "",""XVII "",""век"",""у, "",""а в "",""1861 "",""году "",""норвеж"",""ы "",""отк"",""рыли "",""пер"",""ый "",""разв"",""лек"",""ательн"",""ый "",""лыжн"",""ый "",""клуб "",""в "",""Австралии.""]",41
1850,devtest,853,"Лыжный туризмЭто занятие также называют бэккантри, скитуро или хайкингом на лыжах.","[""Л"","""",""жн"",""ый "",""тур"",""змЭто "",""зан"",""ятие "",""так"",""же "",""называют "",""бэк"",""кан"",""три, "",""ск"",""итуро "",""или "",""хайк"",""ин"",""гом"","" "",""на "",""лыжах.""]",23
1851,devtest,854,"Это связано, но обычно не включает пешее восхождение на вершину и затем спуск по неподготовленным склонам, так как катание по целине требует более жестких лыж и ботинок.","[""Э"",""о "",""связан"",""о, "",""но "",""обычн"",""о "",""не "",""включает "",""пешее "",""во"",""хожден"",""ие "",""на "",""вер"",""ин"",""у "",""и за"",""ем"","" "",""спуск"","" "",""по "",""неп"",""од"",""о"",""ов"",""лен"",""ным "",""ск"",""лон"",""ам, "",""так"","" "",""как"","" "",""катан"",""ие "",""по "",""целин"",""е "",""треб"",""ует "",""более "",""жестк"",""их "",""лыж "",""и бо"",""ин"",""ок"","".""]",51
1852,devtest,855,"Представьте, что лыжный маршрут — это пешеходный маршрут.","[""П"",""ред"",""став"",""ьте, "",""что "",""лыжн"",""ый "",""мар"",""рут "",""— "",""это "",""пешеходн"",""ый "",""мар"",""рут.""]",15
1853,devtest,856,"При хороших условиях вы сможете преодолевать несколько бо́льшие расстояния, чем при передвижении пешком, но такую скорость на беговых лыжах вы сможете развить только в крайне редких случаях, когда у вас нет тяжёлого рюкзака и есть проложенная лыжня.","[""П"",""ри "",""хо"",""ош"",""их "",""услов"",""иях "",""вы сможете "",""преод"",""ол"",""ев"",""ать "",""неск"",""олько "",""бо́льш"",""ие "",""рас"",""то"",""н"",""ия, "",""чем"","" "",""при "",""пер"",""дв"",""ижен"",""ии "",""пешк"",""ом, "",""но "",""так"",""ую "",""ск"",""орость "",""на "",""бегов"",""ых "",""лыжах "",""вы сможете "",""разв"",""ить "",""тольк"",""о "",""в "",""кра"",""н"",""е "",""редк"",""их "",""случаях, "",""когда "",""у "",""вас "",""нет "",""тяжёлог"",""о "",""рюк"",""зак"",""а "",""и есть "",""прол"",""жен"",""ная "",""лыжн"",""я.""]",65
1854,devtest,857,"Европа — относительно маленький континент, но на нём много независимых государств. В обычных обстоятельствах путешествие через множество стран означало бы необходимость подачи прошений для получения визы и многократного прохождения паспортного контроля.","[""Ев"",""роп"",""а "",""— "",""отн"",""осительн"",""о "",""мал"",""н"",""ький "",""кон"",""тин"",""ен"",""т, "",""но "",""на "",""нём "",""много "",""нез"",""в"",""исим"",""ых "",""го"",""ударств"","". "",""В "",""обычн"",""ых "",""обсто"",""тельств"",""ах "",""путешеств"",""ие "",""чер"",""з "",""мн"",""оже"",""тв"",""о "",""стр"",""н"","" "",""озн"",""ачало "",""бы "",""необходим"",""о"",""ть "",""под"",""чи "",""про"",""ен"",""ий "",""для "",""пол"",""чен"",""ия "",""виз"","" "",""и многок"",""ратн"",""ого "",""про"",""ожден"",""ия "",""паспо"",""тн"",""ого "",""кон"",""трол"",""я.""]",71
1855,devtest,858,Но Шенгенская зона в этом плане функционирует как единая страна.,"[""Н"",""о "",""Шен"",""ген"",""ская "",""зон"",""а "",""в "",""этом "",""план"",""е "",""фун"",""кцион"",""ир"",""ет "",""как"","" "",""един"",""ая "",""стр"",""н"",""а.""]",22
1856,devtest,859,"Находясь в этой зоне, вы обычно можете пересекать границу, не проходя снова через пункты паспортного контроля.","[""Н"",""а"",""од"","""",""ь "",""в "",""этой "",""зон"",""е, "",""вы обычн"",""о "",""може"",""е "",""пер"",""сек"",""ать "",""гран"",""ицу, "",""не "",""про"",""одя "",""сн"",""ов"",""а "",""чер"",""з "",""пун"",""кты "",""паспо"",""тн"",""ого "",""кон"",""трол"",""я.""]",34
1857,devtest,860,"Аналогичным образом, если у вас есть шенгенская виза, вам не нужно подавать заявление на получение визы в каждую из стран-участниц Шенгенского соглашения отдельно, что позволит вам сэкономить время и деньги, а также избежать бумажной волокиты.","[""Ан"",""алог"",""ичн"",""ым "",""образом"","", "",""если "",""у "",""вас "",""есть "",""шен"",""ген"",""ская "",""виза, "",""вам "",""не "",""нужн"",""о "",""под"",""вать "",""за"",""влен"",""ие "",""на "",""пол"",""чен"",""ие "",""виз"","" "",""в "",""кажд"",""ю "",""из "",""стр"",""н"",""-"",""участн"",""иц "",""Шен"",""ген"",""ского "",""согла"",""ен"",""ия "",""отдельн"",""о, "",""что "",""поз"","""",""олит "",""вам "",""сэк"",""он"",""омить "",""врем"",""я "",""и ден"",""ьги, "",""а так"",""же "",""изб"",""ежать "",""бумажн"",""ой "",""волок"",""иты.""]",66
1858,devtest,861,"Не существует универсального определения того, какие произведённые изделия являются антиквариатом. Некоторые налоговые органы определяют товары, которым за 100 лет, как антиквариат.","[""Н"",""е "",""существ"",""ует "",""ун"",""ивер"",""альн"",""ого "",""опред"",""елен"",""ия "",""того, "",""как"",""ие "",""произв"",""едён"",""ные "",""изд"",""ли"","" "",""являются "",""ан"",""тик"",""вариа"",""ом. "",""Нек"",""ото"",""ые "",""нал"",""г"",""ов"",""ые "",""орган"",""ы "",""опред"",""ел"",""ют "",""тов"",""ары, "",""кото"",""ым "",""за "",""100 "",""лет, "",""как"","" "",""ан"",""тик"",""вариат.""]",49
1859,devtest,862,"У этого понятия имеются географические разновидности, в которых возрастная граница в таких местах, как Северная Америка, может быть меньше, чем в Европе.","[""У "",""этого "",""пон"",""ятия "",""имеются "",""геог"",""ра"",""ическ"",""ие "",""разн"",""ов"",""идн"",""ости, "",""в "",""кото"",""ых "",""воз"",""астн"",""ая "",""гран"",""ица "",""в "",""так"",""их "",""местах, "",""как"","" "",""Сев"",""ерн"",""ая "",""Америк"",""а, "",""може"","" "",""быть "",""мен"",""ьш"",""е, "",""чем"","" "",""в "",""Европ"",""е.""]",43
1860,devtest,863,"Ремесленные изделия можно определить как антиквариат, несмотря на то, что по возрасту они моложе аналогичных товаров массового производства.","[""Р"","""",""м"",""еслен"",""ные "",""изд"",""ли"","" "",""можн"",""о "",""опред"",""ели"",""ь "",""как"","" "",""ан"",""тик"",""вариат, "",""несмо"",""ря "",""на "",""то, "",""что "",""по "",""воз"",""асту "",""он"",""и "",""моложе "",""ан"",""алог"",""ичн"",""ых "",""тов"",""аров"","" "",""массов"",""ого "",""произв"",""одств"",""а.""]",41
1861,devtest,864,"Оленеводство является важным источником средств к существованию для народа саами, а окружающая этот род деятельности культура также важна для многих других профессий.","[""Олен"",""ев"",""одств"",""о "",""является "",""важн"",""ым "",""исто"",""н"",""иком "",""средств"","" "",""к "",""существ"",""ов"",""ан"",""ию "",""для "",""нар"",""да "",""саам"",""и, "",""а ок"",""ружающ"",""ая "",""это"","" "",""род "",""деятел"",""н"",""ости "",""культу"",""а "",""так"",""же "",""важн"",""а "",""для "",""мн"",""огих "",""друг"",""их "",""про"",""есси"",""й.""]",45
1862,devtest,865,"Хотя такова традиция, не все представители народа саами занимались массовым разведением оленей; они жили рыболовством, охотой и другими подобными промыслами, используя оленей в основном в качестве вьючных животных.","[""Х"",""о"",""я "",""так"",""ов"",""а "",""традиция, "",""не "",""все "",""пред"",""став"",""ител"","" "",""нар"",""да "",""саам"",""и "",""зан"",""имали"",""ь "",""мас"",""ов"",""ым "",""разв"",""еден"",""ием "",""олен"",""ей; "",""он"",""и "",""жили "",""рыболов"",""ств"",""ом, "",""охо"",""ой "",""и друг"",""ими "",""под"",""б"",""н"",""ыми "",""пром"",""ыслами, "",""использ"",""я "",""олен"",""ей "",""в "",""основ"",""н"",""ом "",""в "",""качеств"",""е "",""вьюч"",""н"",""ых "",""живо"",""н"",""ых.""]",61
1863,devtest,866,Сегодня многие саамы заняты в современных профессиях. Туризм является важным источником дохода в саамском регионе Лапландия.,"[""Сегодн"",""я "",""мн"",""огие "",""саам"",""ы "",""зан"",""яты "",""в "",""сов"",""рем"",""ен"",""ных "",""про"",""есси"",""ях. "",""Тур"",""зм "",""является "",""важн"",""ым "",""исто"",""н"",""иком "",""до"",""ода "",""в "",""саам"",""ск"",""ом "",""регион"",""е "",""Лаплан"",""дия.""]",34
1864,devtest,867,"Хотя слово ""Gypsy"" широко используется, особенно среди нецыган, оно часто считается обидным из-за ассоциаций, связанных с негативными стереотипами и неверными представлениями о цыганском народе.","[""Х"",""о"",""я "",""слов"",""о "",""\""Gypsy\"""","" "",""широк"",""о "",""использ"",""ется, "",""особ"",""ен"",""но "",""среди "",""нец"",""ган"","", "",""он"",""о "",""часто "",""считается "",""обидн"",""ым "",""из-"",""за "",""ассо"",""иа"",""ий, "",""связан"",""ных "",""с "",""нега"",""ивн"",""ыми "",""сте"","""",""о"",""ип"",""ами "",""и нев"",""ер"","""",""ыми "",""пред"",""став"",""лен"",""иями "",""о "",""цыган"",""ск"",""ом "",""нар"",""де.""]",54
1865,devtest,868,"Если на страну, которую вы собираетесь посетить, распространяются  рекомендации с предупреждением об опасности их посещения, то это может повлиять на вашу медицинскую страховку во время поездки или на вашу страховку от отмены поездки.","[""Е"",""ли "",""на "",""стр"",""н"",""у, "",""кото"",""ую "",""вы соб"",""ираетес"",""ь "",""по"",""етить, "",""расп"",""ро"",""тран"",""яются "","" "",""рек"",""омен"",""дации "",""с "",""пред"",""упрежден"",""ием "",""об опасн"",""ости "",""их "",""по"",""ещен"",""ия, "",""то "",""это "",""може"","" "",""пов"",""лиять "",""на "",""ваш"",""у "",""мед"",""цин"",""ск"",""ую "",""стр"",""хов"",""ку "",""во "",""врем"",""я "",""поездк"",""и "",""или "",""на "",""ваш"",""у "",""стр"",""хов"",""ку "",""от "",""отм"",""ен"",""ы "",""поездк"",""и.""]",65
1866,devtest,869,"Возможно, вам также следует проконсультироваться с другими правительствами, помимо своего, но их рекомендации направлены на своих граждан.","[""В"",""озм"",""ожн"",""о, "",""вам "",""так"",""же "",""след"",""ет "",""прок"",""он"",""сультиров"",""аться "",""с "",""друг"",""ими "",""прав"",""ительств"",""ами, "",""пом"",""имо "",""своего, "",""но "",""их "",""рек"",""омен"",""дации "",""нап"",""рав"",""лен"",""ы "",""на "",""своих "",""граждан"","".""]",35
1867,devtest,870,"Вот один пример: граждане США на Ближнем Востоке могут столкнуться с ситуациями, с которыми не могут столкунться европейцы или арабы.","[""В"",""о"","" "",""один"","" "",""при"",""ер: "",""граждан"",""е "",""США "",""на "",""Ближн"",""ем "",""Восток"",""е "",""могут "",""стол"",""кнуться "",""с "",""ситуаци"",""ями, "",""с "",""кото"",""ыми "",""не "",""могут "",""стол"",""кун"",""ться "",""европ"",""ейцы "",""или "",""араб"","".""]",34
1868,devtest,871,В информационных сообщениях всего лишь кратко описана политическая ситуация в одной стране.,"[""В"","" "",""ин"",""форм"",""аци"",""он"",""ных "",""сообщ"",""ен"",""иях "",""всего "",""лишь "",""кра"",""ко "",""описан"",""а "",""пол"",""тическ"",""ая "",""ситуаци"",""я "",""в "",""одн"",""ой "",""стр"",""н"",""е.""]",27
1869,devtest,872,"Изложенные мнения часто поверхностны, расплывчаты и чрезмерно упрощены по сравнению с повсеместно доступной более подробной информацией.","[""Изл"",""ож"",""ен"",""ные "",""мн"",""ен"",""ия "",""часто "",""пов"",""ерхн"",""остн"",""ы, "",""расп"",""лывчаты "",""и чрезм"",""ерн"",""о "",""упро"",""ен"",""ы "",""по "",""срав"",""н"",""ен"",""ию "",""с "",""пов"",""сем"",""естн"",""о "",""до"",""тупн"",""ой "",""более "",""под"",""обн"",""ой "",""ин"",""форм"",""аци"",""ей.""]",41
1870,devtest,873,"Неблагоприятные метеоусловия — это общий термин для обозначения любого опасного явления погоды, способного причинить какой-либо ущерб, вызвать серьёзные социальные потрясения или привести к человеческим жертвам.","[""Н"",""еб"",""лаг"",""оп"",""ри"",""тн"",""ые "",""мет"",""о"",""слов"",""ия "",""— "",""это "",""общ"",""ий "",""тер"",""ин"","" "",""для "",""обозн"",""ачен"",""ия "",""люб"",""ого "",""опасн"",""ого "",""явлен"",""ия "",""пог"",""оды, "",""спо"",""об"",""ного "",""при"",""ин"",""ить "",""как"",""ой-"",""либ"",""о "",""ущерб, "",""вызв"",""ать "",""сер"",""ёзн"",""ые "",""со"",""иальн"",""ые "",""по"",""рясен"",""ия "",""или "",""при"",""ести "",""к "",""челов"",""еческ"",""им "",""жер"",""вам.""]",61
1871,devtest,874,"Неблагоприятные метеоусловия условия бывают везде по всему миру, и они бывают различных видов, которые зависят от географии, рельефа местности и атмосферных условий.","[""Н"",""еб"",""лаг"",""оп"",""ри"",""тн"",""ые "",""мет"",""о"",""слов"",""ия "",""услов"",""ия "",""бывают "",""везд"","" "",""по "",""всем"",""у "",""мир"","", "",""и он"",""и "",""бывают "",""различн"",""ых "",""вид"",""в"","", "",""кото"",""ые "",""зав"",""исят "",""от "",""геог"",""рафии, "",""рел"",""ефа "",""местн"",""ости "",""и атмо"",""фер"","""",""ых "",""услов"",""ий.""]",46
1872,devtest,875,"Сильные ветра, град, обильные осадки и лесные пожары являются проявлениями и эффектами суровых погодных явлений, таких как  бури, торнадо, водяные смерчи и ураганы.","[""Сил"",""н"",""ые "",""вет"",""а, "",""град, "",""обильн"",""ые "",""осадк"",""и "",""и лесн"",""ые "",""пож"",""ры "",""явля"",""тся "",""про"",""влен"",""иями "",""и эффек"",""тами "",""суров"",""ых "",""пог"",""одн"",""ых "",""явлен"",""ий, "",""так"",""их "",""как"","" "","" "",""бури, "",""то"",""н"",""адо, "",""водян"",""ые "",""смерчи "",""и ураган"",""ы.""]",42
1873,devtest,876,"К региональным и сезонным опасным явлениям погоды относятся метели, снежные бури, ледяные и пыльные бури.","[""К"","" "",""регион"",""альн"",""ым "",""и сезон"",""ным "",""опасн"",""ым "",""явлен"",""иям "",""пог"",""оды "",""отн"",""осятся "",""мет"",""л"","", "",""сн"",""ежн"",""ые "",""бури, "",""лед"",""н"",""ые "",""и пыльн"",""ые "",""бури.""]",28
1874,devtest,877,"Путешественникам настоятельно рекомендуется принимать во внимание любые риски, связанные с суровой погодой в их районе, поскольку они могут повлиять на любые планы поездки.","[""П"",""утеш"",""еств"",""ен"",""никам "",""насто"",""тел"",""н"",""о "",""рек"",""омен"",""дуется "",""при"","""",""имать "",""во "",""вн"",""иман"",""ие "",""люб"",""ые "",""риск"",""и, "",""связан"",""ные "",""с "",""суров"",""ой "",""пог"",""одой "",""в "",""их "",""район"",""е, "",""по"",""к"",""ольку "",""он"",""и "",""могут "",""пов"",""лиять "",""на "",""люб"",""ые "",""план"",""ы "",""поездк"",""и.""]",49
1875,devtest,878,"Все, кто планирует посетить страну, которая может рассматриваться как зона военных действий, должны пройти профессиональную подготовку.","[""В"",""се, "",""кто "",""план"",""ир"",""ет "",""по"",""етить "",""стр"",""н"",""у, "",""кото"",""ая "",""може"","" "",""рас"",""матриваться "",""как"","" "",""зон"",""а "",""воен"",""ных "",""действ"",""ий, "",""должн"",""ы "",""пройти "",""про"",""есси"",""он"",""альн"",""ую "",""под"",""отов"",""ку.""]",36
1876,devtest,879,"Поиск в интернете по фразе ""курс по безопасности во враждебной среде"", возможно, выдаст адрес местной компании.","[""П"",""оиск"","" "",""в "",""ин"",""тер"","""",""ете "",""по "",""фразе "",""\""кур"","" "",""по "",""без"",""п"",""асн"",""ости "",""во "",""враждеб"",""н"",""ой "",""среде\"", "",""возм"",""ожн"",""о, "",""выд"",""ст "",""ад"",""ес "",""местн"",""ой "",""ком"",""пан"",""ии.""]",34
1877,devtest,880,"В курсе обычно гораздо более подробно рассматриваются все затронутые здесь темы, чаще всего с обучением на практике.","[""В"","" "",""кур"",""е "",""обычн"",""о "",""го"",""аздо "",""более "",""под"",""обн"",""о "",""рас"",""матриваются "",""все "",""за"",""рон"",""утые "",""здесь "",""тем"",""ы, "",""ча"","""",""е "",""всего "",""с "",""обучен"",""ием "",""на "",""прак"",""тик"",""е.""]",32
1878,devtest,881,"Курс обычно длится от 2 до 5 дней и включает в себя проигрывание ситуаций, большой объем информации по оказанию первой помощи и иногда тренировки с оружием.","[""К"",""у"","""","" "",""обычн"",""о "",""длится "",""от "",""2 до "",""5 дней "",""и включает "",""в "",""себя "",""проигрыван"",""ие "",""ситуаци"",""й, "",""больш"",""ой "",""объем"","" "",""ин"",""форм"",""аци"",""и "",""по "",""ок"",""азан"",""ию "",""пер"",""ой "",""пом"",""ощи "",""и ин"",""огда "",""трен"",""иров"",""ки "",""с "",""оружием"","".""]",41
1879,devtest,882,"Книги и журналы, где рассказывается о выживании в диких условиях, встречаются часто, а вот публикаций про зоны боевых действий немного.","[""К"",""н"",""иги "",""и журн"",""алы, "",""где "",""рас"",""к"",""азывается "",""о "",""выживан"",""ии "",""в "",""дик"",""их "",""услов"",""иях, "",""вст"",""ечаются "",""часто, "",""а во"","" "",""публик"",""аци"",""й "",""про "",""зон"",""ы "",""боев"",""ых "",""действ"",""ий "",""нем"",""ного.""]",34
1880,devtest,883,"Люди, планирующие пройти операцию по смене пола за границей, должны убедиться, что у них при себе есть действительные документы для обратного пути.","[""Л"","""",""д"",""и, "",""план"",""ир"",""ющ"",""ие "",""пройти "",""опер"",""ци"",""ю "",""по "",""смен"",""е "",""пол"","" "",""за "",""гран"",""ицей, "",""должн"",""ы "",""убедиться, "",""что "",""у "",""них "",""при "",""себе "",""есть "",""действ"",""ительн"",""ые "",""док"",""умен"",""ты "",""для "",""обратн"",""ого "",""пути.""]",39
1881,devtest,884,"Готовность правительств выдавать паспорта без указания пола (X) или документы, обновленные с учетом желаемого имени и пола, в разных местах разная.","[""Г"",""о"",""ов"",""н"",""ость "",""прав"",""ительств"","" "",""выд"",""вать "",""паспо"",""та "",""без "",""указан"",""ия "",""пол"","" "",""(X) "",""или "",""док"",""умен"",""ты, "",""обн"",""ов"",""лен"",""ные "",""с "",""учетом "",""желаем"",""ого "",""имен"",""и "",""и пол"","", "",""в "",""разн"",""ых "",""местах "",""разн"",""ая.""]",40
1882,devtest,885,Готовность зарубежных правительств выполнять свои обязательства по данным документам столь же весьма различна.,"[""Г"",""о"",""ов"",""н"",""ость "",""за"","""",""бежн"",""ых "",""прав"",""ительств"","" "",""выполнять "",""свои "",""обязател"",""ств"",""а "",""по "",""дан"",""ным "",""док"",""умен"",""там "",""стол"",""ь "",""же "",""вес"",""ьм"",""а "",""разли"",""н"",""а.""]",32
1883,devtest,886,Досмотры на контрольно-пропускных пунктах также стали гораздо более пристальными после событий 11 сентября 2001 года.,"[""Д"",""о"",""мо"",""ры "",""на "",""кон"",""трол"",""ьн"",""о-"",""проп"",""уск"",""ных "",""пун"",""ктах "",""так"",""же "",""стал"","" "",""го"",""аздо "",""более "",""при"",""тальн"",""ыми "",""по"",""ле "",""соб"",""ытий "",""11 "",""сен"",""тября "",""2001 "",""года.""]",33
1884,devtest,887,"Трансгендерам, готовящимся к операции, не следует ожидать, что они смогут пройти через сканеры, и при этом их частная жизнь и достоинство не будут затронуты.","[""Т"","""","""",""н"",""сген"",""дер"",""м, "",""го"",""ов"",""ящимся "",""к "",""опер"",""ци"",""и, "",""не "",""след"",""ет "",""ожидать, "",""что "",""он"",""и "",""смогут "",""пройти "",""чер"",""з "",""ск"",""ан"",""ер"","", "",""и при "",""этом "",""их "",""частн"",""ая "",""жизн"",""ь "",""и до"",""тоин"",""ств"",""о "",""не "",""буд"",""т "",""за"",""рон"",""уты.""]",46
1885,devtest,888,"Отбойное течение — течение, создаваемое волнами, которые разбиваются о берег, или иногда об риф или что-то подобное.","[""О"",""б"",""ойн"",""ое "",""течен"",""ие "",""— "",""течен"",""ие, "",""создаваем"",""ое "",""волн"",""ами, "",""кото"",""ые "",""разб"",""иваются "",""о "",""бер"",""г, "",""или "",""ин"",""огда "",""об риф "",""или "",""что-"",""то "",""под"",""б"",""н"",""ое.""]",31
1886,devtest,889,"Обратный поток сосредоточен в нескольких более глубоких участках, где может образовываться быстрое течение, уходящее на большую глубину, из-за подобной подводной топологии.","[""Об"",""ра"",""н"",""ый "",""по"",""ок"","" "",""со"",""редо"",""о"",""ен"","" "",""в "",""неск"",""ольких "",""более "",""глубок"",""их "",""уча"",""тках, "",""где "",""може"","" "",""образов"",""ываться "",""быстрое "",""течен"",""ие, "",""уходящ"",""ее "",""на "",""больш"",""ую "",""гл"",""б"",""ин"",""у, "",""из-"",""за "",""под"",""б"",""н"",""ой "",""под"",""одн"",""ой "",""топ"",""ол"",""г"",""ии.""]",50
1887,devtest,890,"Большинство смертей происходит в результате утомления при попытке возвратиться вплавь против течения, что может быть невозможным.","[""Б"",""ольш"",""ин"",""ств"",""о "",""смертей "",""происходи"","" "",""в "",""рез"",""льта"",""е "",""утом"",""лен"",""ия "",""при "",""поп"",""ытке "",""возв"",""ратиться "",""вплавь "",""про"",""ив "",""течен"",""ия, "",""что "",""може"","" "",""быть "",""нев"",""озм"",""ожн"",""ым.""]",33
1888,devtest,891,"Как только вы выйдете из течения, плыть обратно будет не труднее, чем обычно.","[""К"",""ак"","" "",""тольк"",""о "",""вы выйдете "",""из "",""течен"",""ия, "",""пл"",""ть "",""обра"",""н"",""о "",""будет "",""не "",""тр"",""дн"",""ее, "",""чем"","" "",""обычн"",""о.""]",23
1889,devtest,892,"Попробуйте отправиться туда, где вас не поймают снова, или, в зависимости от ваших навыков и от того, были ли вы замечены, вам, возможно, стоит дождаться спасения.","[""П"",""оп"",""роб"",""уйте "",""отправ"",""иться "",""туда, "",""где "",""вас "",""не "",""пойм"",""ают "",""снов"",""а, "",""или, "",""в "",""зав"",""исим"",""о"",""ти "",""от "",""ваш"",""их "",""нав"",""ыков"","" "",""и от "",""того, "",""были "",""ли "",""вы зам"",""ечен"",""ы, "",""вам, "",""возм"",""ожн"",""о, "",""стоит "",""дождаться "",""спа"",""ен"",""ия.""]",42
1890,devtest,893,"Шок по возвращении в родную страну наступает раньше, чем культурный шок (здесь более короткий романтичный период), длится дольше и может быть более тяжёлым.","[""Шок"","" "",""по "",""возв"",""ращен"",""ии "",""в "",""родн"",""ую "",""стр"",""н"",""у "",""наступает "",""ран"",""ьш"",""е, "",""чем"","" "",""культу"",""н"",""ый "",""шок"","" "",""(здесь "",""более "",""коро"",""кий "",""ром"",""ан"",""тичн"",""ый "",""пер"",""од), "",""длится "",""дольш"",""е "",""и може"","" "",""быть "",""более "",""тяжёлым.""]",41
1891,devtest,894,"Путешественникам, которые легко привыкают к новой культуре, иногда бывает особенно трудно заново привыкнуть к своей родной культуре.","[""П"",""утеш"",""еств"",""ен"",""никам, "",""кото"",""ые "",""легк"",""о "",""при"",""ыкают "",""к "",""нов"",""ой "",""культу"",""е, "",""ин"",""огда "",""бывает "",""особ"",""ен"",""но "",""тр"",""дн"",""о "",""зан"",""ов"",""о "",""при"",""ыкнуть "",""к "",""своей "",""родн"",""ой "",""культу"",""е.""]",36
1892,devtest,895,"Когда вы возвращаетесь домой после проживания за границей, вы адаптированы к новой культуре и утратили некоторые привычки своей родной культуры.","[""К"",""ог"",""да "",""вы возв"",""ращаетес"",""ь "",""дом"",""ой "",""по"",""ле "",""проживан"",""ия "",""за "",""гран"",""ицей, "",""вы адап"",""тиров"",""ан"",""ы "",""к "",""нов"",""ой "",""культу"",""е "",""и утратили "",""нек"",""ото"",""ые "",""при"",""ычки "",""своей "",""родн"",""ой "",""культу"","""","".""]",36
1893,devtest,896,"Когда вы вначале отправились за границу, люди, скорее всего, относились к вам с терпением и пониманием, зная, что путешественникам нужно адаптироваться в новой стране.","[""К"",""ог"",""да "",""вы вн"",""ачале "",""отправ"",""или"",""ь "",""за "",""гран"",""ицу, "",""люди, "",""ск"",""орее "",""всего, "",""отн"",""осили"",""ь "",""к "",""вам "",""с "",""тер"",""ен"",""ием "",""и пон"",""иман"",""ием, "",""зн"",""ая, "",""что "",""путешеств"",""ен"",""никам "",""нужн"",""о "",""адап"",""тиров"",""аться "",""в "",""нов"",""ой "",""стр"",""н"",""е.""]",44
1894,devtest,897,"Для людей может быть неожиданным, что терпение и понимание необходимо проявлять и к путешественникам, вернувшимся домой.","[""Д"",""ля "",""людей "",""може"","" "",""быть "",""неожидан"",""ным, "",""что "",""тер"",""ен"",""ие "",""и пон"",""иман"",""ие "",""необходим"",""о "",""про"",""влять "",""и к "",""путешеств"",""ен"",""никам, "",""вер"","""",""увш"",""имся "",""дом"",""ой.""]",29
1895,devtest,898,Звуковое и световое шоу на фоне пирамиды является одним из самых интересных мероприятий в этой местности для детей.,"[""З"",""в"",""уков"",""ое "",""и све"",""ов"",""ое "",""шо"","" "",""на "",""фон"",""е "",""пирамид"","" "",""является "",""одн"",""им "",""из "",""сам"",""ых "",""ин"",""тер"",""сн"",""ых "",""мер"",""п"",""ри"",""тий "",""в "",""этой "",""местн"",""ости "",""для "",""дет"",""й.""]",35
1896,devtest,899,"Пирамиды можно увидеть в темноте, и вы также можете увидеть их в тишине перед началом шоу.","[""П"",""и"",""амид"","" "",""можн"",""о "",""увидеть "",""в "",""тем"",""ноте, "",""и вы так"",""же "",""може"",""е "",""увидеть "",""их "",""в "",""ти"",""ин"",""е "",""пер"",""д "",""началом"","" "",""шо"","".""]",26
1897,devtest,900,Обычно всегда слышен шум от туристов и продавцов. История звука и света похожа на книгу с историями.,"[""Об"",""ычн"",""о "",""всегда "",""слышен"","" "",""шум "",""от "",""тур"",""стов"","" "",""и прод"",""авцов"","". "",""Исто"",""ия "",""звук"",""а "",""и све"",""а "",""по"",""ожа "",""на "",""книгу "",""с "",""исто"",""иями.""]",27
1898,devtest,901,Сфинкс выступает в качестве фона и рассказчика длинной истории.,"[""С"",""ин"",""кс "",""выс"",""упает "",""в "",""качеств"",""е "",""фон"",""а "",""и рас"",""к"",""азчика "",""длин"",""ной "",""исто"",""ии.""]",17
1899,devtest,902,"Сцены показывают на пирамидах, и разные пирамиды освещаются.","[""С"",""ен"",""ы "",""пок"",""азывают "",""на "",""пирамидах, "",""и разн"",""ые "",""пирамид"","" "",""освещаются.""]",12
1900,devtest,903,На открытые в 1819 году Южные Шетландские острова претендуют несколько стран. На этих островах расположено больше всего баз и в 2020 году шестнадцать были действующими.,"[""Н"",""а "",""отк"",""рытые "",""в "",""1819 "",""году "",""Южн"",""ые "",""Шетлан"",""дск"",""ие "",""остров"",""а "",""пре"",""ен"",""дуют "",""неск"",""олько "",""стр"",""н"","". "",""На "",""этих "",""остров"",""ах "",""расп"",""оложен"",""о "",""больш"",""е "",""всего "",""баз "",""и в "",""2020 "",""году "",""шестн"",""адцать "",""были "",""действ"",""ующ"",""ими.""]",42
1901,devtest,904,Архипелаг располагается в 120 километрах от полуострова. Крупнейшим остров носит имя Короля Георга с поселением Вилья-лас-Эстрельяс.,"[""А"","""",""ип"",""елаг"","" "",""расп"",""олаг"",""ается "",""в "",""120 "",""килом"",""етра"","" "",""от "",""пол"",""о"",""тров"",""а. "",""Крупн"",""ейш"",""им "",""остров"","" "",""носит "",""имя "",""Ко"",""оля "",""Гео"",""га "",""с "",""по"",""елен"",""ием "",""Вил"",""я-"",""ла"",""-"",""Эстрелья"","".""]",39
1902,devtest,905,"Прочие включают остров Ливингстон и Десепшен, где затопленная кальдера активного до настоящего времени вулкана представляет из себя впечатляющую природную гавань.","[""П"",""ро"",""ие "",""включа"",""т "",""остров"","" "",""Ливин"",""гстон"","" "",""и Дес"",""еп"",""шен"","", "",""где "",""за"",""оп"",""лен"",""ная "",""кальдера "",""ак"",""тивн"",""ого "",""до "",""насто"",""щ"",""его "",""врем"",""ен"",""и "",""вулкан"",""а "",""пред"",""став"",""ляет "",""из "",""себя "",""впечатл"",""я"",""щ"",""ую "",""при"",""одн"",""ую "",""гаван"",""ь.""]",46
1903,devtest,906,"Земля Элсуэрта — область к югу от Антарктического полуострова, омываемая морем Беллинсгаузена.","[""З"",""ем"",""ля "",""Элсуэ"","""",""а "",""— "",""обла"",""ть "",""к "",""югу "",""от "",""Ан"",""тарктическ"",""ого "",""пол"",""остров"",""а, "",""ом"",""ываем"",""ая "",""мо"",""ем"","" "",""Беллин"",""сгаузен"",""а.""]",27
1904,devtest,907,"Горы этого полуострова здесь сливаются с плато, а затем вновь поднимаются и образуют 360-километровую горную систему Элсуэрт, разделённую ледником Миннесота на две части.","[""Г"",""о"",""ы "",""этого "",""пол"",""остров"",""а "",""здесь "",""слив"",""аются "",""с "",""пла"",""о, "",""а за"",""ем"","" "",""вн"",""ов"",""ь "",""под"","""",""имаются "",""и образ"",""ют "",""360-"",""километров"",""ую "",""го"",""н"",""ую "",""систем"",""у "",""Элсуэр"","", "",""разд"",""л"",""н"",""ную "",""ледн"",""иком "",""Мин"",""несо"",""а "",""на "",""две "",""части.""]",46
1905,devtest,908,"В северной части, то есть на хребте Сентинел, находятся самые высокие горы Антарктиды — массив Винсон, самая высшая точка которого достигает 4892 м и называется пик Винсон.","[""В"","" "",""сев"",""ерн"",""ой "",""части, "",""то "",""есть "",""на "",""хребте "",""Сен"",""тин"",""ел, "",""находятся "",""сам"",""ые "",""высок"",""ие "",""го"",""ы "",""Ан"",""тарктид"","" "",""— "",""массив "",""Вин"",""сон"","", "",""сам"",""ая "",""выс"","""",""ая "",""то"",""ка "",""кото"",""ого "",""до"",""тигает "",""4892 "",""м "",""и называется "",""пик"","" "",""Вин"",""сон"","".""]",47
1906,devtest,909,В отдаленных местах вне зоны действия мобильной связи спутниковый телефон может быть вашим единственный вариантом.,"[""В"","" "",""отдален"",""ных "",""места"","" "",""вн"",""е "",""зон"",""ы "",""действ"",""ия "",""мобильн"",""ой "",""связи "",""спутн"",""иков"",""ый "",""тел"","""",""он"","" "",""може"","" "",""быть "",""ваш"",""им "",""един"",""ств"",""ен"",""ный "",""вариан"",""том.""]",33
1907,devtest,910,"Как правило, спутниковый телефон не является заменой мобильному телефону, поскольку вам необходимо находиться на улице в зоне прямой видимости со спутника, чтобы позвонить.","[""К"",""ак"","" "",""прав"",""ило, "",""спутн"",""иков"",""ый "",""тел"","""",""он"","" "",""не "",""является "",""зам"",""ен"",""ой "",""мобильн"",""ому "",""тел"","""",""он"",""у, "",""по"",""к"",""ольку "",""вам "",""необходим"",""о "",""находи"",""ься "",""на "",""улице "",""в "",""зон"",""е "",""прям"",""ой "",""вид"",""м"",""о"",""ти "",""со "",""спутн"",""ика, "",""чтобы "",""поз"","""",""он"",""ить.""]",50
1908,devtest,911,"Сервис часто используется в судоходстве, включая прогулочные и быстроходные судна, где есть потребность в удаленных передаче данных и голосовой связи.","[""Се"","""",""ис "",""часто "",""испол"",""з"",""ется "",""в "",""суд"","""",""од"",""тв"",""е, "",""включа"","" "",""прог"",""уло"",""н"",""ые "",""и быстро"",""одн"",""ые "",""суд"","""",""а, "",""где "",""есть "",""по"",""реб"",""н"",""ость "",""в "",""удален"",""ных "",""пер"",""даче "",""дан"",""ных "",""и голо"",""ов"",""ой "",""связи.""]",42
1909,devtest,912,"Как правило, вы сможете получить дополнительную информацию о подключении этой услуги, обратившись к вашему местному оператору телефонной связи.","[""К"",""ак"","" "",""прав"",""ило, "",""вы сможете "",""пол"",""чить "",""доп"",""олнительн"",""ую "",""ин"",""форм"",""аци"",""ю "",""о "",""под"","""",""лючен"",""ии "",""этой "",""услуг"",""и, "",""обра"",""ивш"",""ись "",""к "",""ваш"",""ему "",""местн"",""ому "",""опер"",""то"",""у "",""тел"","""",""он"",""ной "",""связи.""]",39
1910,devtest,913,"Вариант, становящийся всё более популярным для тех, кто планирует взять академический год, это путешествовать и учиться.","[""В"",""а"",""иан"",""т, "",""стан"",""ов"",""ящийся "",""всё "",""более "",""поп"",""улярн"",""ым "",""для "",""тех, "",""кто "",""план"",""ир"",""ет "",""вз"",""ть "",""ак"",""адем"",""ическ"",""ий "",""год, "",""это "",""путешеств"",""ов"",""ать "",""и учиться.""]",30
1911,devtest,914,"Это особенно популярно среди выпускников школ, позволяя им взять год отдыха перед поступлением в университет, не ставя под угрозу своё образование.","[""Э"",""о "",""особ"",""ен"",""но "",""популярн"",""о "",""среди "",""выпуск"",""ников"","" "",""шк"",""ол, "",""поз"","""",""оляя "",""им "",""вз"",""ть "",""год "",""отд"",""ха "",""пер"",""д "",""по"",""туплен"",""ием "",""в "",""ун"",""ивер"",""итет, "",""не "",""став"",""я "",""под "",""угроз"","" "",""сво"","" "",""образов"",""ан"",""ие.""]",42
1912,devtest,915,Во многих случаях поступление на какой-либо курс за границей во время академического отпуска действительно может повысить ваши шансы на поступление в высшие учебные заведения на родине.,"[""В"",""о многих "",""случа"",""х "",""по"",""туплен"",""ие "",""на "",""как"",""ой-"",""либ"",""о "",""кур"","" "",""за "",""гран"",""ицей "",""во "",""врем"",""я "",""ак"",""адем"",""ическ"",""ого "",""отпуск"",""а "",""действ"",""ительн"",""о "",""може"","" "",""пов"",""ысить "",""ваш"",""и "",""шан"",""сы "",""на "",""по"",""туплен"",""ие "",""в "",""выс"","""",""ие "",""учебн"",""ые "",""зав"",""еден"",""ия "",""на "",""родин"",""е.""]",53
1913,devtest,916,"Как правило, при поступлении на такие образовательные программы взимается плата за обучение.","[""К"",""ак"","" "",""прав"",""ило, "",""при "",""по"",""туплен"",""ии "",""на "",""так"",""ие "",""образов"",""ательн"",""ые "",""прог"",""раммы "",""взим"",""ается "",""пла"",""а "",""за "",""обучен"",""ие.""]",24
1914,devtest,917,"Финляндия — отличное место для лодочного туризма. В ""стране тысячи озёр"" также есть тысячи островов на озёрах и в прибрежных архипелагах.","[""Фин"",""лян"",""дия "",""— "",""отличн"",""ое "",""место "",""для "",""лодо"",""н"",""ого "",""тур"",""зма. "",""В "",""\""стр"",""н"",""е "",""тысячи "",""оз"",""р\"" "",""так"",""же "",""есть "",""тысячи "",""остров"",""ов"","" "",""на "",""оз"",""рах "",""и в "",""при"",""режн"",""ых "",""ар"",""ип"",""елаг"",""ах.""]",38
1915,devtest,918,"Исследуя архипелаги или посещая озера, вы вполне сможете обойтись и без яхты.","[""И"","""",""лед"",""я "",""ар"",""ип"",""елаг"",""и "",""или "",""по"",""ещая "",""озера, "",""вы вполн"",""е "",""сможете "",""обойтись "",""и без "",""яхты.""]",18
1916,devtest,919,"Хотя прибрежные архипелаги и крупнейшие озера действительно могут вместить любую яхту, меньшие лодки или даже каяк оставляют совершенно иные впечатления.","[""Х"",""о"",""я "",""при"",""режн"",""ые "",""ар"",""ип"",""елаг"",""и "",""и крупн"",""ейш"",""ие "",""озера "",""действ"",""ительн"",""о "",""могут "",""вместить "",""люб"",""ую "",""яхту, "",""мен"",""ьш"",""ие "",""лодк"",""и "",""или "",""даже "",""каяк"","" "",""оставляют "",""сов"",""ершен"",""но "",""ин"",""ые "",""впечатл"",""ен"",""ия.""]",40
1917,devtest,920,"Лодочный спорт является национальной формой досуга в Финляндии. В частности, на семь или восемь человек приходится одна лодка.","[""Л"",""од"",""о"",""н"",""ый "",""спо"",""т "",""является "",""национ"",""альн"",""ой "",""форм"",""ой "",""до"",""уг"",""а "",""в "",""Фин"",""лян"",""дии. "",""В "",""частн"",""ости, "",""на "",""сем"",""ь "",""или "",""во"",""ем"",""ь "",""челов"",""ек "",""при"",""оди"",""ся "",""одн"",""а "",""лодк"",""а.""]",39
1918,devtest,921,"Аналогичная ситуация у Норвегии, Швеции и Новой Зеландии, но в других случаях она довольно уникальна (например, в Нидерландах это значение составляет от одного до сорока).","[""Ан"",""алог"",""ичн"",""ая "",""ситуаци"",""я "",""у "",""Норвегии, "",""Шве"",""ии "",""и Нов"",""ой "",""Зелан"",""дии, "",""но "",""в "",""друг"",""их "",""случаях "",""он"",""а "",""дов"",""ольн"",""о "",""ун"",""икальн"",""а "",""(нап"",""ример, "",""в "",""Нид"",""рлан"",""дах "",""это "",""зн"",""ачен"",""ие "",""со"",""тавляет "",""от "",""одн"",""ого "",""до "",""со"",""ок"",""а).""]",46
1919,devtest,922,Большинство отдельных балтийских круизов включают продленную стоянку в российском Санкт-Петербурге.,"[""Б"",""ольш"",""ин"",""ств"",""о "",""отдельн"",""ых "",""балтий"",""к"",""их "",""круизов"","" "",""включают "",""прод"",""лен"",""ную "",""сто"",""н"",""ку "",""в "",""российск"",""ом "",""Сан"",""кт-"",""Петер"","""",""урге.""]",27
1920,devtest,923,"Это означает, что вы можете провести в этом историческом городе несколько полных дней, а ночевать – возвращаться на корабль.","[""Э"",""о "",""озн"",""ачает, "",""что "",""вы може"",""е "",""пров"",""ести "",""в "",""этом "",""исто"",""ическ"",""ом "",""го"",""оде "",""неск"",""олько "",""пол"",""ых "",""дней, "",""а ночев"",""ать "",""– "",""возв"",""ращаться "",""на "",""корабль.""]",28
1921,devtest,924,"Если вы сходите на берег только в порядке экскурсии на корабле, вам не понадобится отдельная виза (с 2009).","[""Е"",""ли "",""вы сходи"",""е "",""на "",""бер"",""г "",""тольк"",""о "",""в "",""по"",""ядке "",""эк"",""ск"",""урсии "",""на "",""корабле, "",""вам "",""не "",""пон"",""адоб"",""ится "",""отдельн"",""ая "",""виза "",""(с "",""2009).""]",27
1922,devtest,925,"В некоторых круизных брошюрах представлен Берлин, Германия. Как вы можете видеть на карте наверху, Берлин находится вдали от моря и визит в город не включён в цену круиза.","[""В"","" "",""нек"",""ото"",""ых "",""круизн"",""ых "",""бро"",""юрах "",""пред"",""став"",""лен"","" "",""Бер"",""ин"","", "",""Гер"",""ан"",""ия. "",""Как"","" "",""вы може"",""е "",""вид"",""ть "",""на "",""карте "",""нав"",""ер"",""у, "",""Бер"",""ин"","" "",""находи"",""ся "",""вдали "",""от "",""мо"",""я "",""и визит "",""в "",""го"",""од "",""не "",""включён"","" "",""в "",""цен"",""у "",""круиза.""]",50
1923,devtest,926,"Путешествие на самолёте может оказаться пугающим для человека любого возраста и социального статуса, особенно если это его первый полет в жизни или если у него в прошлом было какое-либо травмирующее событие.","[""П"",""утеш"",""еств"",""ие "",""на "",""сам"",""олёте "",""може"","" "",""ок"",""азаться "",""пуг"",""а"",""щ"",""им "",""для "",""челов"",""ека "",""люб"",""ого "",""воз"",""аста "",""и со"",""иальн"",""ого "",""ста"",""уса, "",""особ"",""ен"",""но "",""если "",""это "",""его "",""пер"",""ый "",""пол"",""т "",""в "",""жизн"",""и "",""или "",""если "",""у "",""него "",""в "",""про"",""лом "",""было "",""как"",""ое-"",""либо "",""трав"",""мир"",""ющ"",""ее "",""соб"",""ытие.""]",57
1924,devtest,927,"Стыдиться этого не стоит: это ничем не отличается от личной неприязни и страха перед другими вещами, которые есть у очень многих людей.","[""С"","""",""д"","""",""ься "",""этого "",""не "",""стоит: "",""это "",""ничем"","" "",""не "",""отли"",""ается "",""от "",""ли"",""н"",""ой "",""неп"",""ри"",""зн"",""и "",""и стр"",""ха "",""пер"",""д "",""друг"",""ими "",""вещ"",""ами, "",""кото"",""ые "",""есть "",""у "",""очен"",""ь "",""многих "",""людей.""]",38
1925,devtest,928,"Понимание того, как работает самолет и что происходит во время полета, может помочь преодолеть страх, который возникает из-за неизвестности или неспособности контролировать процесс.","[""П"",""он"",""иман"",""ие "",""того, "",""как"","" "",""рабо"",""ает "",""сам"",""олет "",""и что "",""происходи"","" "",""во "",""врем"",""я "",""пол"",""та, "",""може"","" "",""пом"",""очь "",""преод"",""ол"",""е"",""ь "",""стр"",""х, "",""кото"",""ый "",""возн"",""икает "",""из-"",""за "",""неизв"",""естн"",""ости "",""или "",""несп"",""о"",""об"",""ности "",""кон"",""трол"",""иров"",""ать "",""про"",""есс.""]",49
1926,devtest,929,"Службам доставки хорошо платят за быстрое выполнение доставки. Часто скорость доставки коммерческой документации, товара или запасных частей для срочного ремонта очень важна.","[""Сл"",""жб"",""ам "",""до"",""тавки "",""хо"",""ош"",""о "",""пла"",""ят "",""за "",""быстрое "",""выполнен"",""ие "",""до"",""тавки. "",""Ча"",""то "",""ск"",""орость "",""до"",""тавки "",""ком"",""мер"",""еск"",""ой "",""док"",""умен"",""таци"",""и, "",""тов"",""ара "",""или "",""зап"",""асн"",""ых "",""частей "",""для "",""сро"",""н"",""ого "",""рем"",""он"",""та "",""очен"",""ь "",""важн"",""а.""]",48
1927,devtest,930,"На некоторых маршрутах  у более крупных компаний есть свои собственные самолёты, но для других маршрутов и более мелких компаний с этим была проблема.","[""Н"",""а "",""нек"",""ото"",""ых "",""мар"",""рутах "","" "",""у "",""более "",""крупн"",""ых "",""ком"",""пан"",""ий "",""есть "",""свои "",""соб"",""ств"",""ен"",""ные "",""сам"",""олёты, "",""но "",""для "",""друг"",""их "",""мар"",""рутов"","" "",""и более "",""мел"","""",""их "",""ком"",""пан"",""ий "",""с "",""этим"","" "",""была "",""проб"",""лем"",""а.""]",44
1928,devtest,931,"Если бы они отправляли что-либо как авиационный груз, то на некоторых маршрутах разгрузка и прохождение таможни могли бы занимать несколько дней.","[""Е"",""ли "",""бы "",""он"",""и "",""отправ"",""ляли "",""что-"",""либ"",""о "",""как"","" "",""авиа"",""ион"",""ный "",""груз, "",""то "",""на "",""нек"",""ото"",""ых "",""мар"",""рутах "",""разг"","""",""узк"",""а "",""и про"",""ожден"",""ие "",""таможн"",""и "",""могли "",""бы "",""зан"",""имать "",""неск"",""олько "",""дней.""]",39
1929,devtest,932,"Единственный способ быстрее разобраться с ним — это отправить его как зарегистрированный багаж. Регламент авиакомпании не позволяет отправлять багаж без пассажира, поэтому тут нужно ваше участие.","[""Ед"","""",""н"",""ств"",""ен"",""ный "",""спо"",""об"","" "",""быстрее "",""разоб"",""раться "",""с "",""ним "",""— "",""это "",""отправ"",""ить "",""его "",""как"","" "",""за"",""егист"",""иров"",""ан"",""ный "",""багаж. "",""Регламен"",""т "",""авиак"",""омпан"",""ии "",""не "",""поз"","""",""оляет "",""отправ"",""лять "",""багаж "",""без "",""пассажира, "",""по"",""тому "",""тут "",""нужн"",""о "",""ваш"",""е "",""уча"",""тие.""]",50
1930,devtest,933,Самый очевидный способ перелёта в первом или бизнес-классе — это раскошелиться за данную привилегию (или же — вариант получше — заставить вашу компанию заплатить за вас).,"[""Сам"",""ый "",""очев"",""идн"",""ый "",""спо"",""об"","" "",""пер"",""лёта "",""в "",""пер"",""ом "",""или "",""бизн"",""ес-"",""классе "",""— "",""это "",""раск"",""ошели"",""ься "",""за "",""дан"",""ную "",""при"",""илег"",""ию "",""(или "",""же "",""— "",""вариан"",""т "",""пол"",""чш"",""е "",""— "",""за"",""тавить "",""ваш"",""у "",""ком"",""пан"",""ию "",""зап"",""латить "",""за "",""вас).""]",48
1931,devtest,934,Впрочем это совсем недешево — по опыту в грубом приближении вы заплатите  в четыре раза больше обычного эконом-класса за бизнес и в одиннадцать раз больше за первый класс!,"[""В"",""п"",""ро"",""ем"","" "",""это "",""сов"",""сем"","" "",""нед"",""шев"",""о "",""— "",""по "",""опыту "",""в "",""грубом "",""при"",""лижен"",""ии "",""вы зап"",""латите "","" "",""в "",""чет"",""ре "",""раза "",""больш"",""е "",""обычн"",""ого "",""эк"",""он"",""ом-"",""класса "",""за "",""бизн"",""ес "",""и в "",""один"",""надцать "",""раз "",""больш"",""е "",""за "",""пер"",""ый "",""класс!""]",48
1932,devtest,935,"Как правило, нет смысла даже искать скидки на бизнес-класс или первый класс для прямых полетов из A в Б.","[""К"",""ак"","" "",""прав"",""ило, "",""нет "",""смысла "",""даже "",""иск"",""ать "",""ск"",""идк"",""и "",""на "",""бизн"",""ес-"",""класс "",""или "",""пер"",""ый "",""класс "",""для "",""прям"",""ых "",""пол"",""тов"","" "",""из "",""A "",""в "",""Б.""]",31
1933,devtest,936,"Авиакомпании хорошо знают, что существует определённая основная группа пассажиров, которая готова заплатить кругленькую сумму за привилегию быстро и комфортно добраться куда-либо, поэтому они и взимают соответствующую плату.","[""Ав"",""иак"",""омпан"",""ии "",""хорош"",""о "",""зн"",""ают, "",""что "",""существ"",""ует "",""опред"",""ел"",""н"",""ная "",""основ"",""н"",""ая "",""группа "",""пассажиров"","", "",""кото"",""ая "",""го"",""ов"",""а "",""зап"",""латить "",""круг"",""лен"",""ькую "",""сум"",""му "",""за "",""при"",""илег"",""ию "",""быстро "",""и ком"",""фортн"",""о "",""доб"",""раться "",""куда-"",""либ"",""о, "",""по"",""тому "",""он"",""и "",""и взим"",""ают "",""соответств"",""ующ"",""ую "",""пла"",""у.""]",57
1934,devtest,937,"Столицей Молдовы является Кишинёв. Местный язык — румынский, но русский также широко распространён.","[""С"",""ол"","""","""",""ей "",""Молд"",""ов"",""ы "",""является "",""Кишин"",""ёв. "",""Местн"",""ый "",""язык "",""— "",""румын"",""ский, "",""но "",""русск"",""ий "",""так"",""же "",""широк"",""о "",""расп"",""ро"",""тран"",""ён"","".""]",29
1935,devtest,938,"Молдова — многонациональная республика, ставшая жертвой этнического конфликта.","[""М"",""олд"",""ов"",""а "",""— "",""многон"",""ацион"",""альн"",""ая "",""респ"",""ублик"",""а, "",""став"",""ш"",""ая "",""жер"",""в"",""ой "",""этн"",""ическ"",""ого "",""кон"",""флик"",""та.""]",24
1936,devtest,939,"В 1994 году этот конфликт привёл к созданию на востоке Молдовы самопровозглашённой Приднестровской республики, которая имеет собственное правительство и валюту, но не признана ни одним государством-членом ООН.","[""В"","" "",""1994 "",""году "",""это"","" "",""кон"",""флик"",""т "",""при"",""ёл "",""к "",""создан"",""ию "",""на "",""во"",""ток"",""е "",""Молдов"",""ы "",""сам"",""оп"",""ров"",""озг"",""лашён"",""ной "",""При"",""н"",""естров"",""ск"",""ой "",""респ"",""ублик"",""и, "",""кото"",""ая "",""имеет "",""соб"",""ств"",""ен"",""ное "",""прав"",""ительств"",""о "",""и вал"",""ту, "",""но "",""не "",""при"",""н"",""ан"",""а "",""ни одн"",""им "",""го"",""ударств"",""ом-"",""член"",""ом "",""ООН"","".""]",61
1937,devtest,940,"Несмотря на безуспешность политических переговоров, экономические связи между этими двумя частями Молдовы были восстановлены.","[""Н"",""есмо"",""р"","" "",""на "",""без"",""спешн"",""ость "",""пол"",""тическ"",""их "",""пер"",""гов"",""оров"","", "",""эк"",""он"",""омическ"",""ие "",""связи "",""межд"","" "",""этим"",""и "",""двумя "",""частями "",""Молд"",""ов"",""ы "",""были "",""во"",""стан"",""ов"",""лен"",""ы.""]",35
1938,devtest,941,Основной религией в Молдавии является православное христианство.,"[""О"",""нов"",""н"",""ой "",""рел"",""г"",""ией "",""в "",""Молдавии "",""является "",""прав"",""о"",""лав"",""н"",""ое "",""христиан"",""ств"",""о.""]",18
1939,devtest,942,"Измир является третьим по величине городом Турции с населением около 3,7 миллиона человек, крупнейшим после Стамбула портом и отличным транспортным узлом.","[""Изм"",""ир "",""является "",""тре"","""",""им"","" "",""по "",""вели"",""ин"",""е "",""го"",""одом"","" "",""Тур"",""ии "",""с "",""населен"",""ием "",""ок"",""оло "",""3,7 "",""миллион"",""а "",""челов"",""ек, "",""крупн"",""ейш"",""им "",""по"",""ле "",""Стам"",""була "",""по"",""том "",""и отличн"",""ым "",""тран"",""спо"",""тн"",""ым "",""узлом"","".""]",43
1940,devtest,943,"Некогда древний город Смирна сегодня — современный, развитый и оживленный торговый центр, расположившийся вдоль огромного залива и окруженный горами.","[""Н"",""ек"",""огда "",""древ"",""н"",""ий "",""го"",""од "",""Смирн"",""а "",""сегодн"",""я "",""— "",""сов"",""рем"",""ен"",""ный, "",""разв"",""итый "",""и оживлен"",""ный "",""то"",""гов"",""ый "",""цен"",""тр, "",""расп"",""оложив"","""",""ийся "",""вдоль "",""огром"",""н"",""ого "",""зал"",""в"",""а "",""и ок"",""ружен"",""ный "",""го"",""ами.""]",42
1941,devtest,944,"Широкие бульвары, здания со стеклянными фасадами современные торговые центры перемежаются местами  с традиционными крышами с красной черепицей, рынком XVIII века, старыми мечетями и церквями, хотя город и имеет больше атмосферу средиземноморской Европы, чем традиционной Турции.","[""Ши"",""ок"",""ие "",""бульва"","""","", "",""здан"",""ия "",""со "",""стек"",""лян"",""ными "",""фасадами "",""сов"",""рем"",""ен"",""ные "",""то"",""гов"",""ые "",""цен"",""тры "",""пер"",""м"",""ежаются "",""местам"",""и "","" "",""с "",""традицион"",""ными "",""крышами "",""с "",""кра"",""н"",""ой "",""чер"",""п"",""ицей, "",""рын"",""ком "",""XVIII "",""век"",""а, "",""ста"",""ыми "",""мечетями "",""и цер"",""вями, "",""хо"",""я "",""го"",""од "",""и имеет "",""больш"",""е "",""атмо"",""фер"","" "",""средизем"",""н"",""омо"",""ск"",""ой "",""Европ"",""ы, "",""чем"","" "",""традицион"",""ной "",""Турции.""]",71
1942,devtest,945,"Из деревни Халдорсвик открывается вид на близлежащий остров Эстурой, также в ней расположена необычная восьмигранная церковь.","[""Из "",""дерев"",""н"",""и "",""Халд"",""о"",""свик "",""отк"",""рывается "",""вид "",""на "",""близлежащ"",""ий "",""остров"","" "",""Эсту"",""ой, "",""так"",""же "",""в "",""ней "",""расп"",""оложен"",""а "",""необычн"",""ая "",""во"",""ьм"",""иг"",""ан"",""ная "",""цер"",""ов"",""ь.""]",34
1943,devtest,946,На церковном кладбище над некоторыми могилами есть интересные мраморные скульптуры голубей.,"[""Н"",""а "",""цер"",""ов"",""н"",""ом "",""кладб"",""ище "",""над "",""нек"",""ото"",""ыми "",""могилами "",""есть "",""ин"",""тер"",""сн"",""ые "",""мрам"",""о"",""н"",""ые "",""ск"",""ульптуры "",""голуб"",""ей.""]",26
1944,devtest,947,Стоит уделить полчаса и прогуляться по необычной деревне.,"[""С"",""оит "",""уделить "",""пол"",""аса "",""и прог"",""уля"",""ься "",""по "",""необычн"",""ой "",""дерев"",""н"",""е.""]",14
1945,devtest,948,"Сравнительно не далеко, к северу, расположен романтический и очаровательный городок Синтра, воспетый лордом Байроном и получивший после этого известность во всём мире.","[""С"",""ав"",""н"",""ительн"",""о "",""не "",""далек"",""о, "",""к сев"",""ер"","", "",""расп"",""оложен"","" "",""ром"",""ан"",""тическ"",""ий "",""и оча"",""ов"",""ательн"",""ый "",""го"",""одок"","" "",""Син"",""тра, "",""во"",""петый "",""ло"",""дом"","" "",""Байрон"",""ом "",""и пол"",""чив"","""",""ий "",""по"",""ле "",""этого "",""известн"",""ость "",""во "",""всём"","" "",""мире.""]",47
1946,devtest,949,Автобус Scotturb № 403 совершает регулярные рейсы в Синтру и делает остановку на мысе Рока.,"[""Ав"",""то"","""",""ус "",""Scotturb"","" "",""№ "",""403 "",""сов"",""ершает "",""рег"",""ля"",""н"",""ые "",""рейсы "",""в "",""Син"",""тру "",""и дел"",""ет "",""остан"",""ов"",""ку "",""на "",""мысе "",""Рок"",""а.""]",27
1947,devtest,950,Севернее посетите также великий Храм Фатимской Богоматери (усыпальница) — место всемирно известных явлений Девы Марии.,"[""Сев"",""ер"","""",""ее "",""по"",""етите "",""так"",""же "",""велик"",""ий "",""Храм "",""Фатим"",""ск"",""ой "",""Богоматер"","" "",""(усыпал"",""н"",""ица)"","" "",""— "",""место "",""всем"",""ирн"",""о "",""известн"",""ых "",""явлен"",""ий "",""Дев"",""ы "",""Мар"",""и.""]",33
1948,devtest,951,"Просьба помнить, что ты, в принципе, находишься на месте братской могилы, а также месте, которое является неописуемо важным для немалого процента обитателей земного шара.","[""П"",""ро"",""ьба "",""пом"",""нить, "",""что "",""ты, "",""в "",""при"","""",""ципе, "",""находи"",""ься "",""на "",""месте "",""бра"",""ск"",""ой "",""могилы, "",""а так"",""же "",""месте, "",""кото"",""ое "",""является "",""неоп"",""исуем"",""о "",""важн"",""ым "",""для "",""нем"",""алог"",""о "",""про"",""ен"",""та "",""оби"",""ател"",""й "",""зем"",""ного "",""шара.""]",43
1949,devtest,952,"В живых есть ещё много мужчин и женщин, которые пережили своё пребывание здесь, но есть ещё больше людей, чьи близкие были убиты здесь или работали тут до смерти, будь то евреи или люди других национальностей.","[""В"","" "",""жив"",""х "",""есть "",""ещё "",""много "",""мужчин"","" "",""и жен"",""щин"","", "",""кото"",""ые "",""пер"",""жили "",""сво"","" "",""преб"",""ыван"",""ие "",""здесь, "",""но "",""есть "",""ещё "",""больш"",""е "",""людей, "",""чьи "",""близк"",""ие "",""были "",""убиты "",""здесь "",""или "",""рабо"",""али "",""тут "",""до "",""смерти, "",""буд"","" "",""то "",""евреи "",""или "",""люди "",""друг"",""их "",""национ"",""альн"",""остей.""]",51
1950,devtest,953,"Пожалуйста, относитесь к этому месту со всем достоинством, серьёзностью и уважением, которых оно заслуживает. Не шутите про Холокост и нацистов.","[""П"",""ож"","""",""луй"",""та, "",""отн"",""оситес"",""ь "",""к "",""этому "",""месту "",""со "",""всем"","" "",""до"",""тоин"",""ств"",""ом, "",""сер"",""ёзн"",""остью "",""и уважен"",""ием, "",""кото"",""ых "",""он"",""о "",""за"",""луживает. "",""Не "",""шутите "",""про "",""Холок"",""ост "",""и нацистов"","".""]",36
1951,devtest,954,"Не оскверняйте это место, нанося или выцарапывая граффити на объекты вокруг.","[""Н"",""е "",""оск"",""верн"",""яйте "",""это "",""место, "",""нан"",""ося "",""или "",""выцарап"",""ывая "",""гра"",""фити "",""на "",""объек"",""ты "",""вок"",""руг.""]",19
1952,devtest,955,"Официальными языками Барселоны являются каталанский и испанский. Примерно половина населения предпочитает разговаривать на каталанском, большинство понимают его, и практически все знают испанский.","[""О"",""ициальн"",""ыми "",""язык"",""ами "",""Бар"",""елон"",""ы "",""явля"",""тся "",""катал"",""н"",""ский "",""и испан"",""ский. "",""При"",""ерн"",""о "",""пол"",""в"",""ина "",""населен"",""ия "",""пред"",""по"",""итает "",""разг"",""ов"",""аривать "",""на "",""катал"",""н"",""ском, "",""больш"",""ин"",""ств"",""о "",""пон"",""имают "",""его, "",""и прак"",""тическ"",""и "",""все "",""зн"",""ают "",""испан"",""ский.""]",48
1953,devtest,956,"Однако большинство знаков указываются только на каталанском языке, поскольку он по закону является первым официальным языком.","[""Од"",""н"",""ако "",""больш"",""ин"",""ств"",""о "",""зн"",""аков"","" "",""указываются "",""тольк"",""о "",""на "",""катал"",""н"",""ском "",""языке, "",""по"",""к"",""ольку "",""он"","" "",""по "",""зак"",""он"",""у "",""является "",""пер"",""ым "",""официальн"",""ым "",""языком.""]",33
1954,devtest,957,"Тем не менее, испанский язык также широко используется в общественном транспорте и других общественных местах.","[""Т"",""ем"","" "",""не "",""мен"",""ее, "",""испан"",""ск"",""ий "",""язык "",""так"",""же "",""широк"",""о "",""использ"",""ется "",""в "",""общ"",""еств"",""ен"",""ном "",""тран"",""спо"",""те "",""и друг"",""их "",""общ"",""еств"",""ен"",""ных "",""местах.""]",31
1955,devtest,958,"Обычные объявления в метро делаются только на каталонском языке, но незапланированные перебои объявляются автоматизированной системой на самых разных языках, включая испанский, английский, французский, арабский и японский.","[""Об"",""ычн"",""ые "",""объявлен"",""ия "",""в "",""мет"",""о "",""дел"",""ются "",""тольк"",""о "",""на "",""катал"",""н"",""ском "",""языке, "",""но "",""нез"",""п"",""лан"",""иров"",""ан"",""ные "",""пер"",""б"",""ои "",""объявляются "",""авто"","""",""атизиров"",""ан"",""ной "",""систем"",""ой "",""на "",""сам"",""ых "",""разн"",""ых "",""языках, "",""включая "",""испан"",""ский, "",""ан"",""глийск"",""ий, "",""фран"",""цузск"",""ий, "",""ар"",""б"",""к"",""ий "",""и япон"",""ский.""]",56
1956,devtest,959,"Парижане слывут эгоцентричными, грубыми и надменными.","[""П"",""а"","""",""жан"",""е "",""слывут "",""эго"",""ен"",""тричн"",""ыми, "",""гр"",""б"",""ыми "",""и над"",""ен"",""ными.""]",16
1957,devtest,960,"Пускай часто это всего лишь ложный стереотип, всё же лучший способ преуспеть в Париже — это вести себя наилучшим образом, как ""bien élevé"" (хорошо воспитанный) человек. Это значительно облегчит адаптацию в этом городе.","[""П"",""уск"",""ай "",""часто "",""это "",""всего "",""лишь "",""ложн"",""ый "",""сте"","""",""о"",""ип"","", "",""всё "",""же "",""лучш"",""ий "",""спо"",""об"","" "",""пре"",""спеть "",""в "",""Пар"",""же "",""— "",""это "",""вес"",""ти "",""себя "",""наилу"",""ш"",""им "",""образом"","", "",""как"","" "",""\""bi en  "",""élevé\"""","" "",""(хо"",""ош"",""о "",""во"",""питан"",""ный) "",""челов"",""ек. "",""Это "",""зн"",""ачительн"",""о "",""облегчит "",""адап"",""тацию "",""в "",""этом "",""го"",""оде.""]",60
1958,devtest,961,"Неприветливый внешний облик парижан тут же испарится, стоит вам проявить немного элементарной вежливости.","[""Н"",""еп"",""ри"",""етл"",""ив"",""ый "",""вн"",""ешн"",""ий "",""облик"","" "",""пар"",""жан"","" "",""тут "",""же "",""испари"",""ся, "",""стоит "",""вам "",""про"",""вить "",""нем"",""ного "",""элем"",""ен"",""тарн"",""ой "",""вежлив"",""о"",""ти.""]",31
1959,devtest,962,"Национальный парк Плитвицкие озёра сильно зарос лесом, в основном буками, елями и пихтами, и представляет собой смесь альпийской и средиземноморской растительности.","[""Н"",""а"",""ион"",""альн"",""ый "",""пар"","" "",""Пли"",""вицк"",""ие "",""оз"",""ра "",""сильн"",""о "",""за"",""ос "",""лесом"","", "",""в "",""основ"",""н"",""ом "",""бук"",""ами, "",""елями "",""и пихтами, "",""и пред"",""став"",""ляет "",""соб"",""ой "",""смесь "",""альпийск"",""ой "",""и средизем"",""н"",""омо"",""ск"",""ой "",""рас"",""ительн"",""ости.""]",42
1960,devtest,963,"Благодаря совокупности микроклиматов, различным почвам и перепадам высот в нем представлено особенно широкое разнообразие растительных сообществ.","[""Б"",""лаг"",""ода"",""я "",""сов"",""ок"",""упн"",""ости "",""мик"",""рок"",""лиматов"","", "",""разл"",""и"",""н"",""ым "",""по"",""вам "",""и пер"",""п"",""адам "",""высо"","" "",""в "",""нем"","" "",""пред"",""став"",""лен"",""о "",""особ"",""ен"",""но "",""широк"",""ое "",""разн"",""ооб"",""разие "",""рас"",""ительн"",""ых "",""сообщ"",""еств"","".""]",44
1961,devtest,964,Местность изобилует огромным количеством различных видов животных и птиц.,"[""М"",""естн"",""ость "",""изоб"",""илует "",""огром"",""н"",""ым "",""кол"",""честв"",""ом "",""разли"",""н"",""ых "",""вид"",""в"","" "",""живо"",""н"",""ых "",""и пти"","".""]",22
1962,devtest,965,"Здесь можно встретить редких представителей фауны, например, европейского бурого медведя, волка, орла, сову, рысь, дикую кошку и глухаря, а также многих других распространённых видов животных.","[""З"",""дес"",""ь "",""можн"",""о "",""вст"",""етить "",""редк"",""их "",""пред"",""став"",""ител"",""й "",""фа"",""н"",""ы, "",""нап"",""ример, "",""европ"",""ейск"",""ого "",""бур"",""г"",""о "",""мед"",""ед"","", "",""вол"",""а, "",""орла, "",""сов"",""у, "",""рыс"","", "",""дик"",""ую "",""кошку "",""и глу"",""а"","""","", "",""а так"",""же "",""многих "",""друг"",""их "",""расп"",""ро"",""тран"",""ён"",""ных "",""вид"",""в"","" "",""живо"",""н"",""ых.""]",57
1963,devtest,966,При посещении монастырей женщины должны быть одеты в юбки ниже колена и с покрытыми плечами.,"[""П"",""ри "",""по"",""ещен"",""ии "",""мон"",""астырей "",""жен"",""щин"",""ы "",""должн"",""ы "",""быть "",""одеты "",""в "",""юбки "",""ниже "",""кол"",""н"",""а "",""и с "",""пок"",""рытыми "",""пле"",""ами.""]",25
1964,devtest,967,"В большинстве монастырей дают облачение женщинам, которые пришли неподготовленными, но если вы возьмете свое, особенно яркой расцветки, монах или монахиня на входе улыбнутся вам.","[""В"","" "",""больш"",""ин"",""ств"",""е "",""мон"",""астырей "",""дают "",""обла"",""ен"",""ие "",""жен"",""щин"",""ам, "",""кото"",""ые "",""при"",""ли "",""неп"",""од"",""о"",""ов"",""лен"",""ными, "",""но "",""если "",""вы воз"",""м"",""ете "",""свое, "",""особ"",""ен"",""но "",""ярк"",""ой "",""рас"",""в"",""етки, "",""мон"",""ах "",""или "",""мон"",""ахин"",""я "",""на "",""входе "",""улыбн"",""утся "",""вам.""]",50
1965,devtest,968,"Аналогично, мужчины должны носить брюки, которые бы закрывали колени.","[""Ан"",""алог"",""ичн"",""о, "",""мужчин"",""ы "",""должн"",""ы "",""носить "",""брюки, "",""кото"",""ые "",""бы "",""зак"",""рывали "",""кол"",""н"",""и.""]",18
1966,devtest,969,"Их тоже можно взять при входе, однако эту одежду не стирают после каждого использования, поэтому вам может быть некомфортно в этих юбках. Один размер для всех мужчин!","[""И"","" "",""тоже "",""можн"",""о "",""вз"",""ть "",""при "",""входе, "",""одн"",""ако "",""эту "",""одежд"","" "",""не "",""сти"",""ают "",""по"",""ле "",""каждог"",""о "",""использов"",""ан"",""ия, "",""по"",""тому "",""вам "",""може"","" "",""быть "",""нек"",""ом"",""фортн"",""о "",""в "",""этих "",""юбк"",""ах. "",""Один"","" "",""разм"",""ер "",""для "",""всех "",""мужчин"",""!""]",46
1967,devtest,970,"Кухня Майорки, равно как и кухни подобных регионов Средиземноморья, основывается на овощах, хлебе и мясе (в особенности свинине), с повсеместным использованием оливкового масла.","[""К"",""у"",""н"",""я "",""Майо"",""ки, "",""рав"",""н"",""о "",""как"","" "",""и кухн"",""и "",""под"",""б"",""н"",""ых "",""регион"",""ов"","" "",""Средизем"",""н"",""омо"",""ья, "",""основ"",""ывается "",""на "",""ово"",""ах, "",""хлебе "",""и мясе "",""(в "",""особ"",""ен"",""ности "",""свин"",""ин"",""е), "",""с "",""пов"",""сем"",""естн"",""ым "",""использов"",""ан"",""ием "",""олив"",""ков"",""ого "",""масла.""]",50
1968,devtest,971,"Простым и популярным блюдом на обед, особенно в летнее время, является Па-амб-оли: хлеб с оливковым маслом, помидорами и любой имеющейся начинкой, такой как сыр, тунец и т. д.","[""П"",""ро"",""тым "",""и популярн"",""ым "",""блюдом"","" "",""на "",""обед, "",""особ"",""ен"",""но "",""в "",""летн"",""ее "",""врем"",""я, "",""является "",""Па-"",""амб-"",""оли: "",""хлеб "",""с "",""олив"",""ков"",""ым "",""маслом"","", "",""пом"",""идо"",""ами "",""и люб"",""ой "",""имеющ"",""ейся "",""начин"",""кой, "",""так"",""ой "",""как"","" "",""сыр, "",""тун"",""ец "",""и т. "",""д.""]",46
1969,devtest,972,"Все существительные, а также слово Sie, означающее Вы, всегда пишутся с большой буквы даже в середине предложения.","[""В"",""се "",""существ"",""ител"",""н"",""ые, "",""а так"",""же "",""слов"",""о "",""Sie, "",""озн"",""ачающ"",""ее "",""Вы, "",""всегда "",""пишутся "",""с "",""больш"",""ой "",""бук"",""вы "",""даже "",""в "",""сер"",""дин"",""е "",""пред"",""ложен"",""ия.""]",30
1970,devtest,973,Важно различать глаголы и дополнения.,"[""В"",""ажн"",""о "",""различать "",""глаг"",""ол"",""ы "",""и доп"",""олнен"",""ия.""]",10
1971,devtest,974,"Это также вероятно упрощает чтение, в то время, как письмо несколько усложняется тем, что необходимо выяснять, используется ли глагол или прилагательное в субстантивированной форме.","[""Э"",""о "",""так"",""же "",""вер"","""",""тн"",""о "",""упро"",""ает "",""чтен"",""ие, "",""в "",""то "",""врем"",""я, "",""как"","" "",""письмо "",""неск"",""олько "",""усложн"",""яется "",""тем"","", "",""что "",""необходим"",""о "",""выя"",""н"",""ять, "",""использ"",""ется "",""ли "",""глаг"",""ол"","" "",""или "",""при"",""аг"",""ател"",""н"",""ое "",""в "",""суб"",""тан"",""тивиров"",""ан"",""ной "",""форм"",""е.""]",51
1972,devtest,975,"Произношение в итальянском языке относительно простое, так как большая часть слов произносится ровно так, как пишется.","[""П"",""роизн"",""ошен"",""ие "",""в "",""итальян"",""ск"",""ом "",""языке "",""отн"",""осительн"",""о "",""про"",""тое, "",""так"","" "",""как"","" "",""больш"",""ая "",""часть "",""слов"","" "",""произн"",""осится "",""ров"",""н"",""о "",""так"","", "",""как"","" "",""пишется.""]",33
1973,devtest,976,"Следует быть особенно внимательным с буквами c и g, так как их произношение меняется в зависимости от последующей гласной.","[""След"",""ет "",""быть "",""особ"",""ен"",""но "",""вн"",""имательн"",""ым "",""с "",""бук"",""вами "",""c и g, "",""так"","" "",""как"","" "",""их "",""произн"",""ошен"",""ие "",""мен"",""яется "",""в "",""зав"",""исим"",""о"",""ти "",""от "",""по"",""ледующ"",""ей "",""гла"",""н"",""ой.""]",35
1974,devtest,977,"Еще не забудьте, что r и rr произносятся по-разному: caro означает ""дорогой"", а carro – ""повозка"".","[""Е"",""е "",""не "",""заб"",""уд"",""те, "",""что "",""r и rr произн"",""осятся "",""по-разн"",""ому: "",""caro "",""озн"",""ачает "",""\""до"",""ог"",""ой\"", "",""а carro "",""– "",""\""пов"",""озк"",""а\"".""]",22
1975,devtest,978,В персидском языке относительно лёгкая и в основном закономерная грамматика.,"[""В"","" "",""пер"",""идск"",""ом "",""языке "",""отн"",""осительн"",""о "",""лёгк"",""ая "",""и в "",""основ"",""н"",""ом "",""зак"",""он"",""омерн"",""ая "",""грамматик"",""а.""]",21
1976,devtest,979,Поэтому чтение данного учебника персидской грамматики поможет узнать много нового и лучше понимать выражения.,"[""П"",""о"",""тому "",""чтен"",""ие "",""дан"",""ного "",""учебн"",""ика "",""пер"",""идск"",""ой "",""грамма"",""ик"",""и "",""пом"",""оже"","" "",""узн"",""ать "",""мн"",""ого "",""нов"",""ого "",""и лучш"",""е "",""пон"",""имать "",""выражен"",""ия.""]",30
1977,devtest,980,"Очевидно, что если владеешь языком романский подгруппы, тебе будет проще выучить португальский.","[""О"",""ев"",""идн"",""о, "",""что "",""если "",""владеешь "",""языком "",""ром"",""ан"",""ский "",""под"",""рупп"",""ы, "",""тебе "",""будет "",""про"",""е "",""выу"",""ить "",""по"",""тугальск"",""ий.""]",23
1978,devtest,981,"Однако люди, которые знают немного испанский язык, могут поспешно заключить, что португальский язык достаточно схож и его можно не учить отдельно.","[""Од"",""н"",""ако "",""люди, "",""кото"",""ые "",""зн"",""ают "",""нем"",""ного "",""испан"",""ский "",""язык, "",""могут "",""по"",""пешн"",""о "",""зак"",""лючить, "",""что "",""по"",""тугальск"",""ий "",""язык "",""до"",""таточн"",""о "",""схож "",""и его "",""можн"",""о "",""не "",""учить "",""отдельн"",""о.""]",35
1979,devtest,982,"Древние обсерватории, как правило, сегодня считаются устаревшими и служат музеями или образовательными учреждениями.","[""Д"","""",""ев"",""н"",""ие "",""обсер"",""ато"",""ии, "",""как"","" "",""прав"",""ило, "",""сегодн"",""я "",""считаются "",""уста"",""ев"",""шими "",""и служа"","" "",""музе"",""ми "",""или "",""образов"",""ател"",""н"",""ыми "",""учрежден"",""иями.""]",29
1980,devtest,983,"Поскольку световое загрязнение в период их расцвета не было такой проблемой, как сегодня, они обычно расположены в городах или в кампусах, до которых легче добраться, чем до тех, которые построены в наше время.","[""П"",""о"",""к"",""ольку "",""све"",""ов"",""ое "",""заг"","""",""язн"",""ен"",""ие "",""в "",""пер"",""од "",""их "",""рас"",""в"",""ета "",""не "",""было "",""так"",""ой "",""проб"",""лем"",""ой, "",""как"","" "",""сегодн"",""я, "",""он"",""и "",""обычн"",""о "",""расп"",""оложен"",""ы "",""в "",""го"",""одах "",""или "",""в "",""кампусах, "",""до "",""кото"",""ых "",""лег"",""е "",""доб"",""раться, "",""чем"","" "",""до "",""тех, "",""кото"",""ые "",""по"",""троен"",""ы "",""в "",""наш"",""е "",""врем"",""я.""]",64
1981,devtest,984,Большинство современных исследовательских телескопов — это огромные сооружения в удаленных местах с благоприятными атмосферными условиями.,"[""Б"",""ольш"",""ин"",""ств"",""о "",""сов"",""рем"",""ен"",""ных "",""исследов"",""ател"",""ск"",""их "",""тел"","""",""к"",""опов"","" "",""— "",""это "",""огром"",""н"",""ые "",""сооружен"",""ия "",""в "",""удален"",""ных "",""местах "",""с "",""благ"",""оп"",""ри"",""тн"",""ыми "",""атмо"",""фер"","""",""ыми "",""услов"",""иями.""]",41
1982,devtest,985,"Созерцание цветения сакуры, называемое ""ханами"", вошло в японскую культуру еще в VIII веке.","[""Соз"",""ер"",""ан"",""ие "",""цветен"",""ия "",""сак"",""уры, "",""называем"",""ое "",""\""хан"",""ами\"", "",""во"",""ло "",""в "",""япон"",""скую "",""культу"","""","" "",""еще "",""в "",""VIII "",""век"",""е.""]",25
1983,devtest,986,"Эта идея пришла из Китая, где излюбленным цветком был цвет сливы.","[""Э"",""а "",""ид"",""я "",""при"",""ла "",""из "",""Кита"","", "",""где "",""изл"",""б"",""лен"",""ным "",""цветком "",""был "",""цвет "",""слив"",""ы.""]",19
1984,devtest,987,В Японии первые празднования цветения сакуры устраивались императором только для себя и других членов аристократии при императорском дворе.,"[""В"","" "",""Япон"",""ии "",""пер"",""ые "",""праз"",""дн"",""ов"",""ан"",""ия "",""цветен"",""ия "",""сак"",""уры "",""устраив"",""али"",""ь "",""импер"",""то"",""ом "",""тольк"",""о "",""для "",""себя "",""и друг"",""их "",""член"",""ов"","" "",""ари"",""ток"",""ратии "",""при "",""импер"",""то"",""ск"",""ом "",""дво"",""е.""]",40
1985,devtest,988,"Растения выглядят лучше всего в своей естественной среде обитания, поэтому не поддавайтесь искушению взять хотя бы один экземпляр.","[""Р"","""","""","""",""ен"",""ия "",""выг"",""ляд"",""т "",""лучш"",""е "",""всего "",""в "",""своей "",""естеств"",""ен"",""ной "",""среде "",""оби"",""ан"",""ия, "",""по"",""тому "",""не "",""под"",""авайтес"",""ь "",""иск"",""ушен"",""ию "",""вз"",""ть "",""хо"",""я "",""бы "",""один"","" "",""эк"",""зем"",""пляр.""]",40
1986,devtest,989,"При посещении официально организованного сада сбор ""образцов"" также приведёт к тому, что вас выгонят без всяких разговоров.","[""П"",""ри "",""по"",""ещен"",""ии "",""официальн"",""о "",""орган"",""изов"",""ан"",""ного "",""сада "",""сбо"","" "",""\""образ"",""ов"",""\"" "",""так"",""же "",""при"",""едёт "",""к "",""тому, "",""что "",""вас "",""выг"",""он"",""ят "",""без "",""всяк"",""их "",""разг"",""ов"",""оров"","".""]",35
1987,devtest,990,"Сингапур в целом очень безопасное место, где легко ориентироваться, и практически всё можно купить после прибытия.","[""Син"",""гап"",""ур "",""в "",""целом "",""очен"",""ь "",""без"",""п"",""асн"",""ое "",""место, "",""где "",""легк"",""о "",""ориен"",""тиров"",""аться, "",""и прак"",""тическ"",""и "",""всё "",""можн"",""о "",""купить "",""по"",""ле "",""при"",""ыти"","".""]",30
1988,devtest,991,"Но, оказавшись в ""глубоких тропиках"" лишь в нескольких градусах к северу от экватора, вам придется справляться как с жарой (постоянно), так и с сильным солнцем (при безоблачном небе, реже).","[""Н"",""о, "",""ок"",""азав"",""шись "",""в "",""\""гл"",""бок"",""их "",""троп"",""иках\"" "",""лишь "",""в "",""неск"",""ольких "",""град"",""сах "",""к "",""сев"",""ер"","" "",""от "",""эк"",""вато"",""а, "",""вам "",""при"",""ется "",""справ"",""ляться "",""как"","" "",""с "",""жарой "",""(по"",""то"",""н"",""но), "",""так"","" "",""и с "",""сильн"",""ым "",""сол"",""цем"","" "",""(при "",""без"",""б"",""лачн"",""ом "",""небе, "",""реже).""]",53
1989,devtest,992,"Также есть несколько автобусов, идущих на север в Хеброн — легендарное место погребения библейских патриархов Авраама, Исаака и Иакова, а также их жен.","[""Т"",""ак"",""же "",""есть "",""неск"",""олько "",""авто"","""",""усов"","", "",""ид"",""щ"",""их "",""на "",""сев"",""ер "",""в "",""Хеброн"","" "",""— "",""леген"",""дарн"",""ое "",""место "",""пог"",""реб"",""ен"",""ия "",""библей"",""к"",""их "",""патриар"",""ов"","" "",""Авраам"",""а, "",""Исаак"",""а "",""и Иак"",""ов"",""а, "",""а так"",""же "",""их "",""жен"","".""]",46
1990,devtest,993,"Удостоверьтесь, что автобус, в который Вы собираетесь сесть, направляется в Хеврон, а не только в близлежащее еврейское поселение  Кирьят-Арба.","[""Удо"",""тов"",""ер"",""тес"",""ь, "",""что "",""авто"","""",""ус, "",""в "",""кото"",""ый "",""Вы соб"",""и"",""аетес"",""ь "",""сест"","", "",""нап"",""рав"",""ляется "",""в "",""Хеврон"","", "",""а не "",""тольк"",""о "",""в "",""близлежащ"",""ее "",""еврейск"",""ое "",""по"",""елен"",""ие "","" "",""Кир"",""я"",""-"",""Арба.""]",40
1991,devtest,994,Внутренние водные пути могут стать хорошей темой для проведения какого-либо праздника.,"[""В"",""н"",""утрен"",""ние "",""водн"",""ые "",""пути "",""могут "",""ста"",""ь "",""хорош"",""ей "",""тем"",""ой "",""для "",""пров"",""еден"",""ия "",""как"",""ого-"",""либ"",""о "",""праз"",""дн"",""ика.""]",25
1992,devtest,995,"Например, посещение замков в долине Луары, долине Рейна, прогулка на круизе по достопримечательностям Дуная, или путешествие на лодке по каналу Эри.","[""Н"",""ап"",""ри"",""ер, "",""по"",""ещен"",""ие "",""зам"",""ков"","" "",""в "",""долин"",""е "",""Луары, "",""долин"",""е "",""Рейн"",""а, "",""прог"",""улка "",""на "",""круизе "",""по "",""до"",""топ"",""ри"",""ечательн"",""остям "",""Дун"",""ая, "",""или "",""путешеств"",""ие "",""на "",""лодк"",""е "",""по "",""кан"",""алу "",""Эри.""]",40
1993,devtest,996,Они также определяют пути для популярных пешеходных и велосипедных маршрутов.,"[""Он"",""и "",""так"",""же "",""опред"",""еляют "",""пути "",""для "",""поп"",""улярн"",""ых "",""пешеходн"",""ых "",""и вело"",""ип"",""едн"",""ых "",""мар"",""рутов"","".""]",20
1994,devtest,997,"Рождество – это один из наиболее важных праздников в христианстве, и оно отмечается как день рождения Иисуса.","[""Р"","""",""ждеств"",""о "",""– "",""это "",""один"","" "",""из "",""наиболее "",""важн"",""ых "",""праздн"",""иков"","" "",""в "",""христиан"",""ств"",""е, "",""и он"",""о "",""отм"",""ечается "",""как"","" "",""ден"",""ь "",""рожден"",""ия "",""Иисуса.""]",30
1995,devtest,998,"Многие традиции, связанные с этим праздником, были также приняты неверующими в христианских странах и не принадлежащими к христианству по всему миру.","[""М"",""н"",""огие "",""традиции, "",""связан"",""ные "",""с "",""этим"","" "",""праз"",""дн"",""иком, "",""были "",""так"",""же "",""при"","""",""яты "",""нев"",""ер"",""ющ"",""ими "",""в "",""христиан"",""ск"",""их "",""стр"",""н"",""ах "",""и не "",""при"","""",""адлежащ"",""ими "",""к "",""христиан"",""ств"",""у "",""по "",""всем"",""у "",""мир"","".""]",43
1996,devtest,999,"Есть традиция проводить пасхальную ночь, не ложась спать, в каком-то открытом месте, чтобы увидеть восход солнца.","[""Е"",""т"","" "",""традиция "",""пров"",""оди"",""ь "",""пас"",""ал"",""н"",""ую "",""ночь, "",""не "",""ложась "",""спа"",""ь, "",""в "",""как"",""ом-"",""то "",""отк"",""рытом "",""месте, "",""чтобы "",""увидеть "",""во"",""ход "",""сол"",""ца.""]",29
1997,devtest,1000,"Конечно же, эта традиция имеет христианское теологическое объяснение, но это вполне может быть и дохристианский ритуал весны и плодородия.","[""К"",""он"",""ечн"",""о "",""же, "",""эта "",""традиция "",""имеет "",""христиан"",""ск"",""ое "",""тео"",""ог"",""ическ"",""ое "",""объясн"",""ен"",""ие, "",""но "",""это "",""впол"","""",""е "",""може"","" "",""быть "",""и до"",""ристиан"",""ск"",""ий "",""ритуал "",""вес"",""ны "",""и плод"",""о"",""одия.""]",36
1998,devtest,1001,"Более традиционные церкви зачастую проводят пасхальное богослужение в субботу вечером во время пасхальных выходных, при этом прихожане обычно начинают в полночь празднование Воскресения Христа.","[""Б"",""олее "",""традицион"",""ные "",""цер"",""ви "",""за"",""астую "",""пров"",""одят "",""пасхал"",""н"",""ое "",""бого"",""лужен"",""ие "",""в "",""суббо"",""у "",""вечер"",""м "",""во "",""врем"",""я "",""пасхал"",""н"",""ых "",""выходн"",""ых, "",""при "",""этом "",""при"",""ожан"",""е "",""обычн"",""о "",""начин"",""ают "",""в "",""пол"",""очь "",""праздн"",""ов"",""ан"",""ие "",""Во"",""к"",""ресен"",""ия "",""Хри"",""та.""]",51
1999,devtest,1002,"Все животные, которые первоначально прибыли на эти острова, добрались сюда вплавь, прилетели или их прибило течением.","[""В"",""се "",""живо"",""н"",""ые, "",""кото"",""ые "",""пер"",""он"",""ачальн"",""о "",""при"",""ыли "",""на "",""эти "",""остров"",""а, "",""доб"",""рали"",""ь "",""сюда "",""вплав"",""ь, "",""при"",""етел"","" "",""или "",""их "",""при"",""ило "",""течен"",""ием.""]",32
2000,devtest,1003,"Из-за большого расстояния от континента млекопитающие не могли добраться до туда, что делает гигантскую черепаху основным травоядным животным на Галапагосских островах.","[""Из-"",""за "",""больш"",""ого "",""рас"",""то"",""н"",""ия "",""от "",""кон"",""тин"",""ен"",""та "",""млек"",""опитающ"",""ие "",""не "",""могли "",""доб"",""раться "",""до "",""туда, "",""что "",""дел"",""ет "",""гиган"",""тск"",""ую "",""чер"",""п"",""аху "",""основ"",""н"",""ым "",""трав"",""о"",""дн"",""ым "",""живо"",""н"",""ым "",""на "",""Галап"",""аго"",""ск"",""их "",""остров"",""ах.""]",48
2001,devtest,1004,"С момента прибытия человека на Галапагосские острова было завезено много млекопитающих, в том числе коз, лошадей, коров, крыс, кошек и собак.","[""С "",""момен"",""та "",""при"",""ыти"","" "",""челов"",""ека "",""на "",""Галап"",""аго"",""ск"",""ие "",""остров"",""а "",""было "",""зав"",""езен"",""о "",""много "",""млек"",""опитающ"",""их, "",""в "",""том "",""числе "",""коз, "",""ло"",""адей, "",""коров"","", "",""крыс, "",""кошек"","" "",""и соб"",""ак.""]",36
2002,devtest,1005,"Если вы посетите Арктику или Антарктику зимой, вы узнаете, что такое полярная ночь, когда солнце не поднимается над горизонтом.","[""Е"",""ли "",""вы по"",""етите "",""Арк"",""тик"",""у "",""или "",""Ан"",""тарктик"",""у "",""зим"",""ой, "",""вы узн"",""аете, "",""что "",""так"",""ое "",""пол"",""рн"",""ая "",""ночь, "",""когда "",""сол"",""це "",""не "",""под"","""",""имается "",""над "",""го"",""изон"",""том.""]",33
2003,devtest,1006,"Это представляет хорошую возможность увидеть северное сияние, потому что небо будет более или менее тёмным круглые сутки.","[""Э"",""о "",""пред"",""став"",""ляет "",""хо"",""ош"",""ую "",""возм"",""ожн"",""ость "",""увидеть "",""сев"",""ерн"",""ое "",""сиян"",""ие, "",""по"",""ому "",""что "",""небо "",""будет "",""более "",""или "",""мен"",""ее "",""тёмн"",""ым "",""круг"",""лые "",""сутки.""]",31
2004,devtest,1007,"Так как эти районы являются малонаселенными, и, как следствие, световое загрязнение часто не является проблемой, вы также сможете наслаждаться звездами.","[""Т"",""ак"","" "",""как"","" "",""эти "",""район"",""ы "",""являются "",""мал"",""н"",""аселен"",""ными, "",""и, "",""как"","" "",""следств"",""ие, "",""све"",""ов"",""ое "",""заг"","""",""язн"",""ен"",""ие "",""часто "",""не "",""является "",""проб"",""лем"",""ой, "",""вы так"",""же "",""сможете "",""наслаждаться "",""звезд"",""ми.""]",38
2005,devtest,1008,"Японская культура труда иерархичнее и формальнее того, к чему привыкли жители Запада.","[""Яп"",""он"",""ская "",""культу"",""а "",""тр"",""да "",""иер"",""р"",""ичн"",""ее "",""и форм"",""альн"",""ее "",""того, "",""к "",""чем"",""у "",""при"",""ыкли "",""жител"","" "",""Зап"",""ада.""]",24
2006,devtest,1009,"Костюмы являются стандартной деловой одеждой, а коллеги обращаются друг к другу по фамилии или по должности.","[""К"",""о"",""тюм"",""ы "",""явл"","""",""тся "",""стан"",""дартн"",""ой "",""дел"",""в"",""ой "",""одеждой, "",""а кол"",""еги "",""обра"",""аются "",""друг"","" "",""к "",""друг"",""у "",""по "",""фамилии "",""или "",""по "",""должн"",""ости.""]",29
2007,devtest,1010,"Чрезвычайно важна гармония на рабочем месте, а результаты групповой работы ценятся выше индивидуальных достижений.","[""Ч"",""езв"",""ычайн"",""о "",""важн"",""а "",""гармон"",""ия "",""на "",""рабо"",""ем "",""месте, "",""а рез"",""льта"",""ы "",""гр"",""ппов"",""ой "",""рабо"",""ы "",""цен"",""ятся "",""выш"",""е "",""ин"",""дивид"",""альн"",""ых "",""до"",""тижен"",""ий.""]",31
2008,devtest,1011,Обычно работники должны получить разрешение начальника перед принятием любых решений и обязаны беспрекословно выполнять приказы начальника.,"[""Об"",""ычн"",""о "",""рабо"",""н"",""ики "",""должн"",""ы "",""пол"",""чить "",""раз"",""ешен"",""ие "",""начальн"",""ика "",""пер"",""д "",""при"","""",""ятием"","" "",""люб"",""ых "",""решен"",""ий "",""и обязан"",""ы "",""беспрек"",""ослов"",""н"",""о "",""выполнять "",""при"","""",""азы "",""начальн"",""ика.""]",37
